700 4234 1 0        
16 Autodesk AutoCAD 20 ASM 232.0.1.65535 NT 24 Wed Oct  7 09:28:07 2026 
1 9.999999999999999547e-07 1.000000000000000036e-10 
body $1 -1 $-1 $2 $-1 $3 #
ref_vt-eye-attrib $-1 -1 $-1 $-1 $0 $4 $5 #
lump $6 -1 $-1 $-1 $7 $0 #
transform $-1 -1 1 -4.930380657631323784e-32 3.37445951098917907e-32 4.930380657631323784e-32 1 1.836970198721029934e-16 -3.374459510989180165e-32 -1.836970198721029934e-16 1 -2740.618135270426137 -1182.76495445436808 -79.90611972061387291 1 rotate no_reflect no_shear #
eye_refinement $-1 -1 @5 grid  1 @3 tri 1 @4 surf 0 @3 adj 0 @4 grad 0 @9 postcheck 0 @4 stol 0.001000000047497451305 @4 ntol 30 @4 dsil 0 @8 flatness 0 @7 pixarea 0 @4 hmax 0 @6 gridar 0 @5 mgrid 3000 @5 ugrid 0 @5 vgrid 0 @10 end_fields #
vertex_template $-1 -1 3 0 1 8 #
ref_vt-eye-attrib $-1 -1 $-1 $-1 $2 $4 $5 #
shell $8 -1 $-1 $-1 $-1 $9 $-1 $2 #
ref_vt-eye-attrib $-1 -1 $-1 $-1 $7 $4 $5 #
face $10 -1 $-1 $11 $12 $7 $-1 $13 forward single #
material-adesk-attrib $-1 -1 $14 $-1 $9 12 0 #
face $15 -1 $-1 $16 $17 $7 $-1 $18 forward single #
loop $-1 -1 $-1 $-1 $19 $9 #
plane-surface $-1 -1 $-1 2740.639135270426323 1182.74845445437677 79.90611972061365975 -0.001983176934024688878 0.9999980335026906753 -1.836966586324076773e-16 3.374459510989179233e-35 1.836970198721030077e-19 0.001000000000000000021 reverse_v I I I I #
ref_vt-eye-attrib $-1 -1 $20 $10 $9 $21 $22 #
material-adesk-attrib $-1 -1 $23 $-1 $11 12 0 #
face $24 -1 $-1 $25 $26 $7 $-1 $27 forward single #
loop $-1 -1 $-1 $-1 $28 $11 #
cone-surface $-1 -1 $-1 2740.625344444342772 1182.749727104674093 79.90611972061365975 -3.37445951098917907e-32 -1.836970198721029934e-16 -1 -0.0009811224542885090081 -0.000852876737687574462 1.5667091503144875e-19 1 I I -0 -1 0.00129999999999911805 reversed I I I I #
coedge $-1 -1 $-1 $29 $30 $31 $32 reversed $12 $-1 #
color-adesk-attrib $-1 -1 $-1 $14 $9 2 #
eye_refinement $-1 -1 @5 grid  1 @3 tri 1 @4 surf 0 @3 adj 0 @4 grad 0 @9 postcheck 0 @4 stol 0.001000000047497451305 @4 ntol 30 @4 dsil 0 @8 flatness 0 @7 pixarea 0 @4 hmax 0 @6 gridar 0 @5 mgrid 3000 @5 ugrid 0 @5 vgrid 0 @10 end_fields #
vertex_template $-1 -1 3 0 1 8 #
ref_vt-eye-attrib $-1 -1 $33 $15 $11 $21 $22 #
material-adesk-attrib $-1 -1 $34 $-1 $16 12 0 #
face $35 -1 $-1 $36 $37 $7 $-1 $38 forward single #
loop $-1 -1 $-1 $-1 $39 $16 #
plane-surface $-1 -1 $-1 2740.624057095853459 1182.749908029705693 79.90611972061365975 0.9902680687415673644 -0.1391731009600867264 2.556568389272721315e-17 3.374459510989179233e-35 1.836970198721030077e-19 0.001000000000000000021 reverse_v I I I I #
coedge $-1 -1 $-1 $40 $41 $42 $43 reversed $17 $-1 #
coedge $-1 -1 $-1 $30 $19 $41 $44 forward $12 $-1 #
coedge $-1 -1 $-1 $19 $29 $45 $46 forward $12 $-1 #
coedge $-1 -1 $-1 $47 $42 $19 $32 forward $48 $-1 #
edge $49 -1 $-1 $50 -0.5573134004981440404 $51 -0.5481993657166223111 $31 $52 forward @7 unknown #
color-adesk-attrib $-1 -1 $-1 $23 $11 2 #
ref_vt-eye-attrib $-1 -1 $53 $24 $16 $21 $22 #
color-adesk-attrib $-1 -1 $54 $-1 $25 2 #
face $55 -1 $-1 $56 $57 $7 $-1 $58 forward single #
loop $-1 -1 $-1 $-1 $59 $25 #
cone-surface $-1 -1 $-1 2740.639143187449008 1182.744462371396367 79.90611972061365975 -3.37445951098917907e-32 -1.836970198721029934e-16 -1 0.002822834495581730795 0.002822834495579805252 -5.18546284430181384e-19 1 I I -0 1 0.003992090827984936911 reversed I I I I #
coedge $-1 -1 $-1 $60 $61 $62 $63 reversed $26 $-1 #
coedge $-1 -1 $-1 $64 $28 $61 $65 forward $17 $-1 #
coedge $-1 -1 $-1 $28 $64 $29 $44 reversed $17 $-1 #
coedge $-1 -1 $-1 $31 $62 $28 $43 forward $48 $-1 #
edge $66 -1 $-1 $67 -0.855211333751252023 $50 0.855211333476718405 $42 $68 forward @7 unknown #
edge $69 -1 $-1 $50 1183.676809224522231 $70 1192.790826083365118 $41 $71 forward @7 tangent #
coedge $-1 -1 $-1 $72 $73 $30 $46 reversed $74 $-1 #
edge $75 -1 $-1 $70 -0.03821313627838951454 $51 -0.02532395735495324499 $45 $76 forward @7 tangent #
coedge $-1 -1 $-1 $77 $31 $73 $78 forward $48 $-1 #
loop $-1 -1 $-1 $-1 $31 $79 #
color-adesk-attrib $-1 -1 $-1 $-1 $32 256 #
vertex $-1 -1 $-1 $43 $80 #
vertex $-1 -1 $-1 $78 $81 #
straight-curve $-1 -1 $-1 2741.18265674888562 1182.749532355755719 81.08979652983818198 0.9999980335026906753 0.001983176934024688878 9.567575237763770098e-19 I I #
color-adesk-attrib $-1 -1 $-1 $34 $16 2 #
ref_vt-eye-attrib $-1 -1 $82 $35 $25 $21 $22 #
ref_vt-eye-attrib $-1 -1 $83 $-1 $36 $21 $22 #
face $84 -1 $-1 $85 $86 $7 $-1 $58 forward single #
loop $-1 -1 $-1 $-1 $87 $36 #
plane-surface $-1 -1 $-1 2740.643135270426683 1182.73245445437351 79.90611972061365975 1 4.930380657631323784e-32 -3.374459510989180165e-32 3.374459510989179233e-35 1.836970198721030077e-19 0.001000000000000000021 reverse_v I I I I #
coedge $-1 -1 $-1 $88 $89 $90 $91 reversed $37 $-1 #
coedge $-1 -1 $-1 $92 $39 $93 $94 forward $26 $-1 #
coedge $-1 -1 $-1 $39 $92 $40 $65 reversed $26 $-1 #
coedge $-1 -1 $-1 $42 $95 $39 $63 forward $48 $-1 #
edge $96 -1 $-1 $97 0.1730742620312089586 $67 0.1882685565226311086 $62 $98 forward @7 unknown #
coedge $-1 -1 $-1 $41 $40 $99 $100 forward $17 $-1 #
edge $101 -1 $-1 $67 1183.676809224522231 $102 1194.078174572905937 $61 $103 forward @7 tangent #
color-adesk-attrib $-1 -1 $-1 $-1 $43 256 #
vertex $-1 -1 $-1 $63 $104 #
ellipse-curve $-1 -1 $-1 2740.625344444342772 1182.749727104674093 81.08979652983818198 3.374459510989182355e-32 -4.82436794902990709e-16 1 -0.0009811224542885090081 -0.000852876737687574462 1.5667091503144875e-19 1 I I #
color-adesk-attrib $-1 -1 $-1 $-1 $44 2 #
vertex $-1 -1 $-1 $105 $106 #
straight-curve $-1 -1 $-1 2740.625344444342772 1182.74842710467783 79.90611972061365975 3.374459510989179233e-35 1.836970198721030077e-19 0.001000000000000000021 I I #
coedge $-1 -1 $-1 $107 $45 $108 $105 forward $74 $-1 #
coedge $-1 -1 $-1 $45 $107 $47 $78 reversed $74 $-1 #
loop $-1 -1 $-1 $-1 $73 $109 #
color-adesk-attrib $-1 -1 $-1 $-1 $46 2 #
straight-curve $-1 -1 $-1 2740.65236518556685 1182.748480691690929 81.07188980547273616 0.7071060859237308094 0.001402319237169770113 -0.7071060859237308094 I I #
coedge $-1 -1 $-1 $110 $47 $111 $112 forward $48 $-1 #
edge $113 -1 $-1 $51 -0.5374754724221020297 $114 0.1798781460274767596 $47 $115 forward @7 unknown #
face $116 -1 $-1 $117 $48 $7 $-1 $118 reversed single #
point $-1 -1 $-1 2740.625344444342772 1182.74842710467783 81.08979652983818198 #
point $-1 -1 $-1 2740.634458461201575 1182.748445179418468 81.08979652983818198 #
material-adesk-attrib $-1 -1 $-1 $54 $25 12 0 #
material-adesk-attrib $-1 -1 $119 $55 $36 12 0 #
ref_vt-eye-attrib $-1 -1 $120 $-1 $56 $21 $22 #
face $121 -1 $-1 $122 $123 $7 $-1 $58 forward single #
loop $-1 -1 $-1 $-1 $124 $56 #
coedge $-1 -1 $-1 $125 $126 $127 $128 reversed $57 $-1 #
coedge $-1 -1 $-1 $129 $59 $130 $131 forward $37 $-1 #
coedge $-1 -1 $-1 $59 $132 $133 $134 reversed $37 $-1 #
coedge $-1 -1 $-1 $135 $136 $59 $91 forward $137 $-1 #
edge $138 -1 $-1 $139 -1.175873379458252543 $140 -0.02412662054170766623 $90 $141 forward @7 unknown #
coedge $-1 -1 $-1 $61 $60 $142 $143 forward $26 $-1 #
coedge $-1 -1 $-1 $144 $145 $60 $94 reversed $146 $-1 #
edge $147 -1 $-1 $97 1183.676809224522231 $148 1191.963537490164981 $93 $149 forward @7 unknown #
coedge $-1 -1 $-1 $62 $150 $144 $151 forward $48 $-1 #
color-adesk-attrib $-1 -1 $-1 $-1 $63 256 #
vertex $-1 -1 $-1 $151 $152 #
straight-curve $-1 -1 $-1 2740.650259014677886 1182.936344369578137 81.08979652983818198 -0.1391731009600867264 -0.9902680687415673644 -4.777417531784562013e-16 I I #
coedge $-1 -1 $-1 $153 $108 $64 $100 reversed $154 $-1 #
edge $155 -1 $-1 $102 -0.1396263404303960398 $70 1.570796326795071751 $99 $156 forward @7 unknown #
color-adesk-attrib $-1 -1 $-1 $-1 $65 2 #
vertex $-1 -1 $-1 $157 $158 #
straight-curve $-1 -1 $-1 2740.624057095853459 1182.749908029705693 79.90611972061365975 3.374459510989179233e-35 1.836970198721030077e-19 0.001000000000000000021 I I #
point $-1 -1 $-1 2740.624057095853459 1182.749908029705693 81.08979652983818198 #
edge $159 -1 $-1 $70 -292.7908260837739363 $160 442.7908260836375121 $72 $161 forward @7 unknown #
point $-1 -1 $-1 2740.625344444342318 1182.74842710467783 81.0989105466973399 #
coedge $-1 -1 $-1 $73 $72 $162 $163 reversed $74 $-1 #
coedge $-1 -1 $-1 $99 $164 $72 $105 reversed $154 $-1 #
face $165 -1 $-1 $166 $74 $7 $-1 $167 forward single #
coedge $-1 -1 $-1 $150 $77 $168 $169 forward $48 $-1 #
coedge $-1 -1 $-1 $162 $170 $77 $112 reversed $171 $-1 #
edge $172 -1 $-1 $114 -0.1843965200275251293 $173 -0.1752824852464594518 $77 $174 forward @7 unknown #
color-adesk-attrib $-1 -1 $-1 $-1 $78 256 #
vertex $-1 -1 $-1 $112 $175 #
straight-curve $-1 -1 $-1 2741.171933933623677 1182.748445179421424 81.08979652983818198 1 -4.344832100378018053e-19 -3.395420579718162178e-32 I I #
color-adesk-attrib $-1 -1 $-1 $-1 $79 256 #
face $176 -1 $-1 $177 $178 $7 $-1 $179 forward single #
plane-surface $-1 -1 $-1 2741.725732596821217 1182.975315194058112 81.08979652983818198 -3.374459510989182355e-32 4.82436794902990709e-16 -1 -1 1.836970198721028948e-16 1.223667966102201539e-31 reverse_v I I I I #
color-adesk-attrib $-1 -1 $-1 $83 $36 2 #
material-adesk-attrib $-1 -1 $180 $84 $56 12 0 #
ref_vt-eye-attrib $-1 -1 $181 $-1 $85 $21 $22 #
face $182 -1 $-1 $183 $184 $7 $-1 $58 forward single #
loop $-1 -1 $-1 $-1 $185 $85 #
coedge $-1 -1 $-1 $186 $187 $188 $189 forward $86 $-1 #
coedge $-1 -1 $-1 $190 $87 $191 $192 forward $57 $-1 #
coedge $-1 -1 $-1 $87 $190 $193 $194 reversed $57 $-1 #
coedge $-1 -1 $-1 $195 $196 $87 $128 forward $197 $-1 #
edge $198 -1 $-1 $199 0.0005000000091968104243 $200 0.01250000000436557457 $127 $201 forward @7 unknown #
coedge $-1 -1 $-1 $202 $88 $203 $204 reversed $37 $-1 #
coedge $-1 -1 $-1 $205 $206 $88 $131 reversed $207 $-1 #
edge $208 -1 $-1 $139 -0.6741776333328471926 $209 0.001983179546379642763 $130 $210 forward @7 unknown #
coedge $-1 -1 $-1 $89 $211 $212 $213 reversed $37 $-1 #
coedge $-1 -1 $-1 $214 $215 $89 $134 forward $216 $-1 #
edge $217 -1 $-1 $140 -0.6741776333328475257 $218 0.001983179546379642763 $133 $219 forward @7 unknown #
coedge $-1 -1 $-1 $220 $90 $215 $221 forward $137 $-1 #
coedge $-1 -1 $-1 $90 $220 $205 $222 forward $137 $-1 #
loop $-1 -1 $-1 $223 $90 $224 #
color-adesk-attrib $-1 -1 $-1 $-1 $91 256 #
vertex $-1 -1 $-1 $222 $225 #
vertex $-1 -1 $-1 $221 $226 #
straight-curve $-1 -1 $-1 2740.642261890968257 1182.746954454368051 79.90611972061367396 -3.37445951098917907e-32 -1.836970198721029934e-16 -1 I I #
coedge $-1 -1 $-1 $227 $228 $92 $143 reversed $229 $-1 #
edge $230 -1 $-1 $148 2.399797228826442641 $102 2.415137967892138526 $142 $231 forward @7 unknown #
coedge $-1 -1 $-1 $232 $93 $95 $151 reversed $146 $-1 #
coedge $-1 -1 $-1 $93 $232 $227 $233 reversed $146 $-1 #
loop $-1 -1 $-1 $-1 $93 $234 #
color-adesk-attrib $-1 -1 $-1 $-1 $94 2 #
vertex $-1 -1 $-1 $233 $235 #
straight-curve $-1 -1 $-1 2740.6261717329362 1182.764954454367398 79.90611972061365975 3.374459510989179233e-35 1.836970198721030077e-19 0.001000000000000000021 I I #
coedge $-1 -1 $-1 $95 $110 $236 $237 forward $48 $-1 #
edge $238 -1 $-1 $239 0.1868351257071481086 $97 0.9207622006874771614 $144 $240 forward @7 unknown #
point $-1 -1 $-1 2740.6261717329362 1182.764954454367398 81.08979652983818198 #
coedge $-1 -1 $-1 $164 $99 $228 $157 forward $154 $-1 #
loop $-1 -1 $-1 $-1 $164 $166 #
color-adesk-attrib $-1 -1 $-1 $-1 $100 2 #
ellipse-curve $-1 -1 $-1 2740.625344444342318 1182.749727104674093 81.0989105466973399 0.7071067811865475727 -3.411343291698083969e-16 0.7071067811865475727 -0.001299999999999118267 -4.103273988763618897e-19 0.001299999999999118484 0.7071067811865473507 I I #
edge $241 -1 $-1 $102 -294.0781745730873808 $242 444.0781745729509566 $153 $243 forward @7 unknown #
point $-1 -1 $-1 2740.624057095853004 1182.749908029705693 81.10019789518671018 #
color-adesk-attrib $-1 -1 $-1 $-1 $105 2 #
vertex $-1 -1 $-1 $163 $244 #
straight-curve $-1 -1 $-1 2740.918135270426319 1182.74842710467783 81.0989105466973399 0.001000000000000000021 1.549979942681724046e-34 -2.190840101926976184e-19 I I #
coedge $-1 -1 $-1 $170 $111 $107 $163 forward $171 $-1 #
edge $245 -1 $-1 $114 0.2457455432580678556 $160 0.258634722181022958 $107 $246 forward @7 tangent #
coedge $-1 -1 $-1 $108 $153 $247 $248 reversed $154 $-1 #
color-adesk-attrib $-1 -1 $249 $-1 $109 2 #
face $250 -1 $-1 $251 $154 $7 $-1 $252 forward single #
plane-surface $-1 -1 $-1 2740.618135270426137 1182.74842710467783 81.0989105466973399 4.344823556277384231e-19 0.9999980335026906753 0.001983176934025171131 3.384230692319809603e-35 -1.983176934025171169e-06 0.0009999980335026906284 forward_v I I I I #
coedge $-1 -1 $-1 $253 $254 $110 $169 reversed $255 $-1 #
edge $256 -1 $-1 $173 -0.855211333476718405 $257 0.855211333751252023 $110 $258 forward @7 unknown #
coedge $-1 -1 $-1 $111 $162 $253 $259 reversed $171 $-1 #
loop $-1 -1 $-1 $-1 $111 $260 #
color-adesk-attrib $-1 -1 $-1 $-1 $112 256 #
vertex $-1 -1 $-1 $112 $261 #
straight-curve $-1 -1 $-1 2741.53620823706342 1182.748079488493204 81.08979652983818198 0.9999980335026906753 -0.001983176934024688878 -9.567575237764444173e-19 I I #
point $-1 -1 $-1 2741.351812079651154 1182.748445179417786 81.08979652983818198 #
material-adesk-attrib $-1 -1 $262 $-1 $117 12 0 #
face $263 -1 $-1 $264 $265 $7 $-1 $266 forward single #
loop $-1 -1 $-1 $267 $268 $117 #
plane-surface $-1 -1 $-1 2740.880632021014662 1182.644954454379331 80.43117972061364185 1 1.564262941018461677e-31 -2.220446049250313574e-16 2.220446049250313609e-19 -4.82436794902990786e-19 0.001000000000000000021 reverse_v I I I I #
color-adesk-attrib $-1 -1 $-1 $120 $56 2 #
material-adesk-attrib $-1 -1 $269 $121 $85 12 0 #
color-adesk-attrib $-1 -1 $270 $-1 $122 2 #
face $271 -1 $-1 $272 $273 $7 $-1 $58 forward single #
loop $-1 -1 $-1 $-1 $274 $122 #
coedge $-1 -1 $-1 $275 $212 $276 $277 forward $123 $-1 #
coedge $-1 -1 $-1 $278 $124 $279 $280 forward $86 $-1 #
coedge $-1 -1 $-1 $124 $278 $281 $282 reversed $86 $-1 #
coedge $-1 -1 $-1 $283 $284 $124 $189 reversed $285 $-1 #
edge $286 -1 $-1 $287 -0.01600000001781154424 $288 -0.004000000022642780095 $188 $289 forward @7 unknown #
coedge $-1 -1 $-1 $126 $125 $290 $291 forward $57 $-1 #
coedge $-1 -1 $-1 $292 $293 $125 $192 reversed $37 $-1 #
edge $294 -1 $-1 $199 294.4218209155735622 $295 357.4218209156043713 $191 $296 forward @7 tangent #
coedge $-1 -1 $-1 $297 $298 $126 $194 forward $299 $-1 #
edge $300 -1 $-1 $200 294.4218209155735622 $301 357.4218209156043713 $126 $302 forward @7 tangent #
coedge $-1 -1 $-1 $303 $127 $304 $305 forward $197 $-1 #
tcoedge-coedge $-1 -1 $-1 $127 $306 $292 $307 forward $197 $308 0 0.0005000000091968104243 #
loop $-1 -1 $-1 $-1 $309 $310 #
color-adesk-attrib $-1 -1 $-1 $-1 $128 2 #
tvertex-vertex $-1 -1 $-1 $128 $311 1.090949470177292763e-11 #
vertex $-1 -1 $-1 $305 $312 #
straight-curve $-1 -1 $-1 2740.643135270425773 1182.744954454377876 80.20054154152923331 4.930380657631323784e-32 -1 1.836970198721029934e-16 I I #
tcoedge-coedge $-1 -1 $-1 $313 $129 $314 $315 reversed $37 $316 -0.0005000000091968104243 -0 #
coedge $-1 -1 $-1 $317 $318 $129 $204 forward $273 $-1 #
edge $319 -1 $-1 $320 911.5781790844152965 $209 1174.999999999682132 $129 $296 forward @7 tangent #
coedge $-1 -1 $-1 $321 $130 $136 $222 reversed $207 $-1 #
coedge $-1 -1 $-1 $130 $322 $323 $324 reversed $207 $-1 #
loop $-1 -1 $-1 $-1 $205 $325 #
color-adesk-attrib $-1 -1 $-1 $-1 $131 2 #
vertex $-1 -1 $-1 $324 $326 #
ellipse-curve $-1 -1 $-1 2740.639143187448553 1182.744462371396367 81.08511180359120374 -0.7071067811865475727 3.411343291698083969e-16 -0.7071067811865475727 0.003992090827984937779 1.925931504014680245e-18 -0.003992090827984937779 0.7071067811865473507 I I #
tcoedge-coedge $-1 -1 $-1 $132 $327 $328 $329 forward $37 $330 0 0.0005000000091968104243 #
coedge $-1 -1 $-1 $185 $331 $132 $213 forward $123 $-1 #
edge $332 -1 $-1 $218 25.00000000031832315 $333 288.4218209155733348 $132 $296 forward @7 tangent #
coedge $-1 -1 $-1 $334 $133 $335 $336 forward $216 $-1 #
coedge $-1 -1 $-1 $133 $337 $135 $221 reversed $216 $-1 #
loop $-1 -1 $-1 $-1 $215 $338 #
color-adesk-attrib $-1 -1 $-1 $-1 $134 2 #
vertex $-1 -1 $-1 $336 $339 #
ellipse-curve $-1 -1 $-1 2740.639143187448553 1182.744462371396367 79.9271276376361044 0.7071067811865475727 -1.298934084353239805e-16 -0.7071067811865475727 0.003992090827984937779 7.333351881595894455e-19 0.003992090827984937779 0.7071067811865473507 I I #
coedge $-1 -1 $-1 $136 $135 $340 $341 forward $137 $-1 #
edge $342 -1 $-1 $140 0.02412662054166503367 $343 0.7258733794583349663 $135 $344 forward @7 unknown #
edge $345 -1 $-1 $346 -0.7258733794583349663 $139 -0.02412662054166503367 $136 $347 forward @7 unknown #
loop $-1 -1 $-1 $348 $349 $224 #
face $350 -1 $-1 $79 $137 $7 $-1 $351 forward single #
point $-1 -1 $-1 2740.642261890967802 1182.746954454368051 81.08199310007192651 #
point $-1 -1 $-1 2740.642261890967802 1182.746954454368051 79.93024634115538163 #
coedge $-1 -1 $-1 $352 $142 $145 $233 forward $229 $-1 #
coedge $-1 -1 $-1 $142 $352 $153 $157 reversed $229 $-1 #
loop $-1 -1 $-1 $-1 $352 $251 #
color-adesk-attrib $-1 -1 $-1 $-1 $143 2 #
straight-curve $-1 -1 $-1 2740.956970672016723 1185.118711209703179 80.76728431902316174 -0.1378445374916492938 -0.9808148484639834797 0.1378445374916487942 I I #
coedge $-1 -1 $-1 $145 $144 $353 $354 forward $146 $-1 #
edge $355 -1 $-1 $148 -291.963537490573799 $356 441.9635374904373748 $227 $357 forward @7 unknown #
face $358 -1 $-1 $359 $360 $7 $-1 $361 forward single #
point $-1 -1 $-1 2740.62617173293529 1182.764954454367398 81.09808325810421081 #
coedge $-1 -1 $-1 $362 $353 $150 $237 reversed $363 $-1 #
edge $364 -1 $-1 $257 -0.08631071485317945435 $239 -0.07111642036182058701 $150 $365 forward @7 unknown #
color-adesk-attrib $-1 -1 $-1 $-1 $151 256 #
vertex $-1 -1 $-1 $151 $366 #
straight-curve $-1 -1 $-1 2741.546933933623677 1182.76495445436808 81.08979652983819619 -1 -2.775557561562891351e-17 2.035428416920020458e-32 I I #
color-adesk-attrib $-1 -1 $-1 $-1 $157 2 #
vertex $-1 -1 $-1 $248 $367 #
straight-curve $-1 -1 $-1 2740.918135270426319 1182.749908029705693 81.10019789518671018 0.001000000000000000021 1.549979942681724046e-34 -2.190840101926976184e-19 I I #
point $-1 -1 $-1 2741.360926096509502 1182.74842710467783 81.0989105466973399 #
color-adesk-attrib $-1 -1 $-1 $-1 $163 2 #
straight-curve $-1 -1 $-1 2741.178043910425913 1182.748789793120523 80.91602836061059634 0.7071060859185787084 -0.001402319237179987851 0.7071060859288827993 I I #
coedge $-1 -1 $-1 $254 $253 $164 $248 forward $255 $-1 #
edge $368 -1 $-1 $160 -1.570796326795046438 $242 0.1396263404293885679 $164 $369 forward @7 unknown #
fmesh-eye-attrib $-1 -1 $370 $165 $109 #
color-adesk-attrib $-1 -1 $371 $-1 $166 2 #
face $372 -1 $-1 $234 $229 $7 $-1 $373 forward single #
cone-surface $-1 -1 $-1 2740.618135270426137 1182.749727104674093 81.0989105466973399 1 1.549979942681724026e-31 -2.190840101926975875e-16 2.149482417756282429e-19 -0.0008528767376875748957 0.0009811224542885085744 1 I I 0 -1 0.00129999999999911805 forward I I I I #
coedge $-1 -1 $-1 $247 $168 $170 $259 forward $255 $-1 #
coedge $-1 -1 $-1 $168 $247 $362 $374 reversed $255 $-1 #
loop $-1 -1 $-1 $-1 $168 $375 #
color-adesk-attrib $-1 -1 $-1 $-1 $169 256 #
vertex $-1 -1 $-1 $169 $376 #
ellipse-curve $-1 -1 $-1 2741.360926096509502 1182.749727104674093 81.08979652983818198 3.374459510989182355e-32 -4.82436794902990709e-16 1 0.0009811224542885090081 -0.000852876737687574462 1.566709150314487019e-19 1 I I #
edge $377 -1 $-1 $173 1183.676809224522231 $160 1192.790826083537922 $253 $378 forward @7 tangent #
face $379 -1 $-1 $375 $171 $7 $-1 $380 forward single #
point $-1 -1 $-1 2741.360926096509502 1182.74842710467783 81.08979652983818198 #
ref_vt-eye-attrib $-1 -1 $381 $176 $117 $-1 $-1 #
material-adesk-attrib $-1 -1 $382 $-1 $177 12 0 #
face $383 -1 $-1 $384 $385 $7 $-1 $266 forward single #
loop $-1 -1 $-1 $-1 $386 $177 #
plane-surface $-1 -1 $-1 2740.868132021014844 1182.696704454385326 81.08117972061364753 2.220446049250313574e-16 -4.82436794902990709e-16 1 -0.001000000000000000021 -1.564262941018461858e-34 2.220446049250313609e-19 reverse_v I I I I #
loop $-1 -1 $-1 $387 $388 $117 #
coedge $-1 -1 $-1 $268 $268 $389 $390 reversed $178 $-1 #
color-adesk-attrib $-1 -1 $-1 $181 $85 2 #
material-adesk-attrib $-1 -1 $391 $182 $122 12 0 #
ref_vt-eye-attrib $-1 -1 $392 $-1 $183 $21 $22 #
face $393 -1 $-1 $394 $395 $7 $-1 $396 forward single #
loop $-1 -1 $-1 $-1 $318 $183 #
coedge $-1 -1 $-1 $397 $398 $399 $400 forward $184 $-1 #
coedge $-1 -1 $-1 $331 $185 $401 $402 reversed $123 $-1 #
coedge $-1 -1 $-1 $328 $403 $185 $277 reversed $404 $-1 #
edge $405 -1 $-1 $333 0.0005000000091968104243 $406 0.01250000000436557457 $276 $407 forward @7 unknown #
coedge $-1 -1 $-1 $187 $186 $408 $409 forward $86 $-1 #
coedge $-1 -1 $-1 $410 $411 $186 $280 reversed $37 $-1 #
edge $412 -1 $-1 $288 612.4999999997129407 $413 836.5781790843982435 $279 $296 forward @7 tangent #
coedge $-1 -1 $-1 $414 $415 $187 $282 forward $299 $-1 #
edge $416 -1 $-1 $287 612.4999999998124167 $417 836.5781790843982435 $187 $302 forward @7 tangent #
coedge $-1 -1 $-1 $418 $188 $419 $420 reversed $285 $-1 #
coedge $-1 -1 $-1 $188 $421 $422 $423 reversed $285 $-1 #
loop $-1 -1 $-1 $424 $421 $425 #
color-adesk-attrib $-1 -1 $-1 $-1 $189 2 #
vertex $-1 -1 $-1 $189 $426 #
tvertex-vertex $-1 -1 $-1 $423 $427 7.917037687653899892e-06 #
straight-curve $-1 -1 $-1 2740.643135270426228 1182.748454454391322 80.51861972061333006 -4.930380657681583324e-32 1 -8.936414053358286847e-12 I I #
coedge $-1 -1 $-1 $428 $429 $190 $291 reversed $430 $-1 #
edge $431 -1 $-1 $295 0.0005000000091968104243 $301 0.01250000000436557457 $290 $432 forward @7 unknown #
tcoedge-coedge $-1 -1 $-1 $327 $191 $196 $307 reversed $37 $433 -0.0005000000091968104243 -0 #
tcoedge-coedge $-1 -1 $-1 $191 $434 $428 $435 forward $37 $436 0 0.0005000000091968104243 #
color-adesk-attrib $-1 -1 $-1 $-1 $192 2 #
tvertex-vertex $-1 -1 $-1 $291 $437 1.090949470177292763e-11 #
straight-curve $-1 -1 $-1 2740.643135270426683 1182.744454454368679 79.90611972061365975 3.374459510989179233e-35 1.836970198721030077e-19 0.001000000000000000021 I I #
coedge $-1 -1 $-1 $438 $193 $439 $440 reversed $299 $-1 #
coedge $-1 -1 $-1 $193 $401 $441 $442 reversed $299 $-1 #
loop $-1 -1 $-1 $-1 $443 $444 #
color-adesk-attrib $-1 -1 $-1 $-1 $194 2 #
vertex $-1 -1 $-1 $445 $446 #
straight-curve $-1 -1 $-1 2740.643135270426683 1182.73245445437351 79.90611972061365975 3.374459510989179233e-35 1.836970198721030077e-19 0.001000000000000000021 I I #
coedge $-1 -1 $-1 $309 $195 $447 $448 forward $197 $-1 #
coedge $-1 -1 $-1 $441 $449 $195 $305 reversed $450 $-1 #
edge $451 -1 $-1 $200 0.01250000000436557457 $452 0.0699999999997089617 $304 $201 forward @7 unknown #
coedge $-1 -1 $-1 $196 $453 $454 $455 reversed $197 $-1 #
tedge-edge $456 -1 $-1 $457 0 $199 0.0005000000091968104243 $196 $458 forward @7 unknown 3.020604763775298354e-05 #
pcurve $-1 -1 $-1 0 forward { exppc nubs 1 open 2 
	0 1 0.0005000000091968104243 1 
	0.6999999999998181011 0 
	0.6999999999998181011 -0.0005000000091968104243 
	0 
	plane 2741.343135270425591 1182.744954454377876 80.20054154152924752 -1.0785023667786534e-14 1.836970198721029934e-16 1 -1 -2.030480513598797411e-30 -1.0785023667786534e-14 reverse_v I I I I 
	} 0 0 #
coedge $-1 -1 $-1 $459 $303 $460 $461 reversed $197 $-1 #
face $462 -1 $-1 $463 $197 $7 $-1 $464 forward single #
point $-1 -1 $-1 2740.643135270426683 1182.744454454368679 80.20054154152923331 #
point $-1 -1 $-1 2740.643135270426683 1182.73245445437351 80.20054154152923331 #
tcoedge-coedge $-1 -1 $-1 $465 $202 $466 $467 forward $37 $468 0 0.005999999999999783284 #
tcoedge-coedge $-1 -1 $-1 $469 $470 $202 $315 forward $471 $472 0 0.0005000000091968104243 #
tedge-edge $473 -1 $-1 $474 0 $320 0.0005000000091968104243 $314 $475 forward @7 unknown 3.020604763775298354e-05 #
pcurve $-1 -1 $-1 0 forward { exppc nubs 3 open 2 
	-0.0005000000091968104243 3 -0 3 
	228.3460518218086293 0.7873813429434411981 
	228.3460518218086293 0.7456322071642894622 
	228.3460518218086293 0.7038765649889656695 
	228.3460518218086293 0.6627521177060289315 
	1.702723899785960907e-09 
	cone 2740.639143187449008 1182.744462371396367 79.90611972061365975 -3.37445951098917907e-32 -1.836970198721029934e-16 -1 0.002822834495581730795 0.002822834495579805252 -5.18546284430181384e-19 1 I I -0 1 0.003992090827984936911 reversed I I I I 
	} 0 0 #
coedge $-1 -1 $-1 $476 $203 $477 $478 forward $273 $-1 #
coedge $-1 -1 $-1 $203 $476 $469 $479 reversed $273 $-1 #
color-adesk-attrib $-1 -1 $-1 $-1 $204 2 #
tvertex-vertex $-1 -1 $-1 $479 $480 1.090949470177292763e-11 #
coedge $-1 -1 $-1 $481 $205 $482 $483 reversed $207 $-1 #
coedge $-1 -1 $-1 $206 $484 $485 $486 reversed $207 $-1 #
coedge $-1 -1 $-1 $487 $477 $206 $324 forward $488 $-1 #
edge $489 -1 $-1 $209 -275.0000000000909495 $490 -62.50324941174767446 $323 $491 forward @7 unknown #
face $492 -1 $-1 $493 $207 $7 $-1 $494 forward single #
point $-1 -1 $-1 2740.643135270425773 1182.744454454368679 81.08111972061365691 #
tcoedge-coedge $-1 -1 $-1 $211 $292 $495 $496 reversed $37 $497 -0.005999999999999783284 -0 #
tcoedge-coedge $-1 -1 $-1 $498 $276 $211 $329 reversed $404 $499 -0.0005000000091968104243 -0 #
tedge-edge $500 -1 $-1 $501 0 $333 0.0005000000091968104243 $328 $502 forward @7 unknown 3.020604763775298354e-05 #
pcurve $-1 -1 $-1 0 forward { exppc nubs 3 open 2 
	0 3 0.0005000000091968104243 3 
	72.24831130937926105 0.6627521177060003987 
	72.24831130937926105 0.7038765649889370257 
	72.24831130937926105 0.7456322071642607074 
	72.24831130937926105 0.7873813429434124433 
	1.702723883991439283e-09 
	cone 2740.639143187449008 1182.744462371396367 79.90611972061365975 -3.37445951098917907e-32 -1.836970198721029934e-16 -1 0.002822834495581730795 0.002822834495579805252 -5.18546284430181384e-19 1 I I -0 1 0.003992090827984936911 reversed I I I I 
	} 0 0 #
coedge $-1 -1 $-1 $212 $275 $503 $504 reversed $123 $-1 #
color-adesk-attrib $-1 -1 $-1 $-1 $213 2 #
tvertex-vertex $-1 -1 $-1 $277 $505 1.090949470177292763e-11 #
coedge $-1 -1 $-1 $506 $214 $507 $508 reversed $216 $-1 #
coedge $-1 -1 $-1 $503 $509 $214 $336 reversed $510 $-1 #
edge $511 -1 $-1 $218 -275.0000000000909495 $512 -62.50324941174767446 $335 $513 forward @7 unknown #
coedge $-1 -1 $-1 $215 $514 $515 $516 forward $216 $-1 #
face $517 -1 $-1 $518 $216 $7 $-1 $519 forward single #
point $-1 -1 $-1 2740.643135270425773 1182.744454454368679 79.93111972061365122 #
coedge $-1 -1 $-1 $515 $482 $220 $341 reversed $520 $-1 #
edge $521 -1 $-1 $343 0.02412662054170766623 $346 1.175873379458252543 $220 $522 forward @7 unknown #
color-adesk-attrib $-1 -1 $-1 $-1 $221 256 #
vertex $-1 -1 $-1 $341 $523 #
straight-curve $-1 -1 $-1 2740.618135270426137 1182.746954454368051 79.93024634115538163 1 8.954888635034121155e-32 2.190840101926975382e-16 I I #
color-adesk-attrib $-1 -1 $-1 $-1 $222 256 #
vertex $-1 -1 $-1 $341 $524 #
straight-curve $-1 -1 $-1 2740.618135270426137 1182.746954454368051 81.08199310007192651 -1 -1.549979942681724026e-31 2.190840101926975875e-16 I I #
loop $-1 -1 $-1 $525 $526 $224 #
coedge $-1 -1 $-1 $527 $528 $421 $529 forward $223 $-1 #
color-adesk-attrib $-1 -1 $530 $-1 $224 256 #
plane-surface $-1 -1 $-1 2740.618135270426137 1182.746954454368051 78.6871311412473915 2.775557561562891351e-17 -1 0 1 2.775557561562891351e-17 0 forward_v I I I I #
coedge $-1 -1 $-1 $228 $227 $531 $532 reversed $229 $-1 #
coedge $-1 -1 $-1 $236 $531 $232 $354 reversed $363 $-1 #
edge $533 -1 $-1 $239 1183.676809224522231 $356 1191.963537490337785 $232 $534 forward @7 unknown #
color-adesk-attrib $-1 -1 $-1 $-1 $233 2 #
vertex $-1 -1 $-1 $532 $535 #
straight-curve $-1 -1 $-1 2740.918135270426319 1182.764954454367398 81.09808325810421081 0.001000000000000000021 1.549979942681724046e-34 -2.190840101926976184e-19 I I #
color-adesk-attrib $-1 -1 $536 $-1 $234 2 #
face $537 -1 $-1 $538 $539 $7 $-1 $540 forward single #
loop $-1 -1 $-1 $541 $542 $234 #
plane-surface $-1 -1 $-1 2740.618135270426137 1182.764954454367398 81.10611972061366259 -4.930380657631321594e-32 1 4.82436794902990709e-16 3.37445951098918244e-35 -4.82436794902990786e-19 0.001000000000000000021 forward_v I I I I #
coedge $-1 -1 $-1 $531 $236 $254 $374 forward $363 $-1 #
loop $-1 -1 $-1 $-1 $236 $543 #
color-adesk-attrib $-1 -1 $-1 $-1 $237 256 #
straight-curve $-1 -1 $-1 2741.350201315166487 1182.835378774615037 81.08979652983818198 -0.1391731009600867264 0.9902680687415673644 4.777417531784562013e-16 I I #
point $-1 -1 $-1 2741.360098807916529 1182.764954454367398 81.08979652983818198 #
point $-1 -1 $-1 2741.362213444998815 1182.749908029705693 81.10019789518671018 #
color-adesk-attrib $-1 -1 $-1 $-1 $248 2 #
ellipse-curve $-1 -1 $-1 2741.360926096509502 1182.749727104674093 81.0989105466973399 -0.7071067811916995627 -3.411343291673228441e-16 0.7071067811813954718 0.001299999999980174219 -7.355880506220126421e-19 0.001299999999999117833 0.7071067811916997847 I I #
ref_vt-eye-attrib $-1 -1 $544 $249 $109 $-1 $-1 #
fmesh-eye-attrib $-1 -1 $545 $250 $166 #
color-adesk-attrib $-1 -1 $546 $-1 $251 2 #
plane-surface $-1 -1 $-1 2740.618135270426137 1182.764954454367398 81.09808325810421081 -2.169518996656805099e-16 -0.1391731009600862545 -0.9902680687415674754 -0.001000000000000000021 -1.549979942681724046e-34 2.190840101926976184e-19 forward_v I I I I #
edge $547 -1 $-1 $257 1183.676809224522231 $242 1194.078174572851367 $362 $548 forward @7 tangent #
face $549 -1 $-1 $543 $255 $7 $-1 $550 forward single #
point $-1 -1 $-1 2741.362213444998815 1182.749908029705693 81.08979652983818198 #
color-adesk-attrib $-1 -1 $-1 $-1 $259 2 #
straight-curve $-1 -1 $-1 2741.360926096509502 1182.74842710467783 79.90611972061365975 3.374459510989179233e-35 1.836970198721030077e-19 0.001000000000000000021 I I #
ref_vt-eye-attrib $-1 -1 $551 $-1 $260 $552 $553 #
plane-surface $-1 -1 $-1 2741.347135270425952 1182.74845445437677 79.90611972061365975 0.001983176934024688878 0.9999980335026906753 -1.836966586324076773e-16 3.374459510989179233e-35 1.836970198721030077e-19 0.001000000000000000021 forward_v I I I I #
color-adesk-attrib $-1 -1 $-1 $262 $117 2 #
ref_vt-eye-attrib $-1 -1 $554 $263 $177 $-1 $-1 #
material-adesk-attrib $-1 -1 $555 $-1 $264 12 0 #
face $556 -1 $-1 $557 $558 $7 $-1 $559 forward single #
loop $-1 -1 $-1 $-1 $560 $264 #
coedge $-1 -1 $-1 $561 $562 $484 $563 forward $265 $-1 #
loop $-1 -1 $-1 $-1 $564 $117 #
coedge $-1 -1 $-1 $388 $388 $565 $566 reversed $267 $-1 #
coedge $-1 -1 $-1 $389 $389 $268 $390 forward $567 $-1 #
edge $568 -1 $-1 $569 -3.141592653589793116 $569 3.141592653589793116 $268 $570 forward @7 unknown #
ref_vt-eye-attrib $-1 -1 $-1 $270 $122 $21 $22 #
material-adesk-attrib $-1 -1 $571 $271 $183 12 0 #
material-adesk-attrib $-1 -1 $572 $-1 $272 12 0 #
face $573 -1 $-1 $574 $575 $7 $-1 $396 forward single #
loop $-1 -1 $-1 $-1 $576 $272 #
plane-surface $-1 -1 $-1 2740.643135270426683 1182.644954454364779 79.90611972061365975 1 -1.515824502359310271e-14 2.750779842215296635e-30 3.374459510989179233e-35 1.836970198721030077e-19 0.001000000000000000021 reverse_v I I I I #
coedge $-1 -1 $-1 $577 $274 $578 $579 reversed $184 $-1 #
coedge $-1 -1 $-1 $274 $577 $580 $581 forward $184 $-1 #
coedge $-1 -1 $-1 $582 $583 $274 $400 reversed $584 $-1 #
edge $585 -1 $-1 $586 0.0005000000091968104243 $587 0.01250000000436557457 $399 $588 forward @7 unknown #
coedge $-1 -1 $-1 $298 $589 $275 $402 forward $299 $-1 #
edge $590 -1 $-1 $591 25.00000000031832315 $406 288.4218209155733348 $275 $302 forward @7 tangent #
coedge $-1 -1 $-1 $276 $592 $593 $594 reversed $404 $-1 #
loop $-1 -1 $-1 $-1 $595 $596 #
color-adesk-attrib $-1 -1 $-1 $-1 $277 2 #
vertex $-1 -1 $-1 $594 $597 #
straight-curve $-1 -1 $-1 2740.643135270425773 1182.744954454377876 80.19454154152923309 4.930380657631323784e-32 -1 1.836970198721029934e-16 I I #
coedge $-1 -1 $-1 $598 $599 $278 $409 reversed $600 $-1 #
edge $601 -1 $-1 $413 0.0005000000091968104243 $417 0.01250000000436557457 $408 $602 forward @7 unknown #
coedge $-1 -1 $-1 $603 $279 $604 $605 forward $37 $-1 #
tcoedge-coedge $-1 -1 $-1 $279 $606 $598 $607 forward $37 $608 0 0.0005000000091968104243 #
color-adesk-attrib $-1 -1 $-1 $-1 $280 2 #
tvertex-vertex $-1 -1 $-1 $409 $609 1.090949470177292763e-11 #
coedge $-1 -1 $-1 $578 $281 $610 $611 reversed $299 $-1 #
coedge $-1 -1 $-1 $281 $438 $612 $613 reversed $299 $-1 #
color-adesk-attrib $-1 -1 $-1 $-1 $282 2 #
vertex $-1 -1 $-1 $614 $615 #
coedge $-1 -1 $-1 $616 $283 $617 $618 reversed $285 $-1 #
coedge $-1 -1 $-1 $612 $619 $283 $420 forward $620 $-1 #
edge $621 -1 $-1 $622 -0.07350000001315493137 $287 -0.01600000001781154424 $283 $289 forward @7 unknown #
coedge $-1 -1 $-1 $284 $623 $349 $529 reversed $285 $-1 #
coedge $-1 -1 $-1 $624 $604 $284 $423 forward $625 $-1 #
edge $626 -1 $-1 $288 -0.004000000022642780095 $627 -0.00150000002327033144 $284 $289 forward @7 unknown #
loop $-1 -1 $-1 $628 $629 $425 #
face $630 -1 $-1 $631 $285 $7 $-1 $632 forward single #
point $-1 -1 $-1 2740.643135270426683 1182.73245445437351 80.51861972061347217 #
point $-1 -1 $-1 2740.643135270426683 1182.744454454368679 80.51861972061337269 #
tcoedge-coedge $-1 -1 $-1 $633 $290 $293 $435 reversed $430 $634 -0.0005000000091968104243 -0 #
coedge $-1 -1 $-1 $290 $635 $636 $445 reversed $430 $-1 #
loop $-1 -1 $-1 $-1 $637 $638 #
color-adesk-attrib $-1 -1 $-1 $-1 $291 2 #
straight-curve $-1 -1 $-1 2740.643135270425773 1182.744954454377876 80.26354154152926412 4.930380657631323784e-32 -1 1.836970198721029934e-16 I I #
pcurve $-1 -1 $-1 0 forward { exppc nubs 3 open 2 
	-0.0005000000091968104243 3 -0 3 
	73.75128312503527184 0.7873813429434127764 
	73.75128312503527184 0.7456322071642610405 
	73.75128312503527184 0.7038765649889373588 
	73.75128312503527184 0.6627521177060007318 
	1.702723883991439283e-09 
	cone 2740.639143187449008 1182.744462371396367 79.90611972061365975 -3.37445951098917907e-32 -1.836970198721029934e-16 -1 0.002822834495581730795 0.002822834495579805252 -5.18546284430181384e-19 1 I I -0 1 0.003992090827984936911 reversed I I I I 
	} 0 0 #
tcoedge-coedge $-1 -1 $-1 $293 $639 $640 $641 forward $37 $642 0 0.005999999999999783284 #
tedge-edge $643 -1 $-1 $644 0 $295 0.0005000000091968104243 $428 $645 forward @7 unknown 3.020604763775298354e-05 #
pcurve $-1 -1 $-1 0 forward { exppc nubs 3 open 2 
	0 3 0.0005000000091968104243 3 
	89.53248718943049766 0.6627521177060036184 
	89.53248718943049766 0.7038765649889402454 
	89.53248718943049766 0.7456322071642639271 
	89.53248718943049766 0.787381342943415663 
	1.702723899785960907e-09 
	cone 2740.639143187449008 1182.744462371396367 79.90611972061365975 -3.37445951098917907e-32 -1.836970198721029934e-16 -1 0.002822834495581730795 0.002822834495579805252 -5.18546284430181384e-19 1 I I -0 1 0.003992090827984936911 reversed I I I I 
	} 0 0 #
point $-1 -1 $-1 2740.643135270426683 1182.744454454368679 80.26354154152926412 #
coedge $-1 -1 $-1 $415 $297 $646 $647 forward $299 $-1 #
coedge $-1 -1 $-1 $636 $648 $297 $440 forward $649 $-1 #
edge $650 -1 $-1 $651 -0.3634218209155903878 $301 -0.3574218209155901604 $439 $652 forward @5 knife #
coedge $-1 -1 $-1 $593 $304 $298 $442 forward $450 $-1 #
edge $653 -1 $-1 $200 -0.2944218209155735622 $406 -0.2884218209155733348 $441 $654 forward @5 knife #
coedge $-1 -1 $-1 $589 $655 $656 $657 reversed $299 $-1 #
face $658 -1 $-1 $659 $299 $7 $-1 $660 forward single #
edge $661 -1 $-1 $301 0.01250000000436557457 $662 0.0699999999997089617 $636 $432 forward @7 unknown #
point $-1 -1 $-1 2740.643135270426683 1182.73245445437351 80.26354154152926412 #
coedge $-1 -1 $-1 $663 $664 $303 $448 reversed $575 $-1 #
edge $665 -1 $-1 $452 0.0699999999997089617 $666 0.09999999999854480848 $303 $201 forward @7 unknown #
coedge $-1 -1 $-1 $304 $593 $667 $668 forward $450 $-1 #
loop $-1 -1 $-1 $-1 $441 $463 #
color-adesk-attrib $-1 -1 $-1 $-1 $305 2 #
vertex $-1 -1 $-1 $448 $669 #
tcoedge-coedge $-1 -1 $-1 $306 $670 $671 $672 reversed $197 $673 -0.0004920829815091565251 -0 #
coedge $-1 -1 $-1 $674 $495 $306 $455 forward $675 $-1 #
edge $676 -1 $-1 $457 0 $677 0.7000000000000454747 $306 $678 forward @7 unknown #
color-adesk-attrib $-1 -1 $-1 $-1 $307 2 #
tvertex-vertex $-1 -1 $-1 $496 $679 3.020605763775298424e-05 #
straight-curve $-1 -1 $-1 2740.643135270425773 1182.744954454377876 80.20054154152923331 4.930380657631323784e-32 -1 1.836970198721029934e-16 F 0 F 0.0005000000091968104243 #
coedge $-1 -1 $-1 $680 $309 $681 $682 reversed $197 $-1 #
coedge $-1 -1 $-1 $683 $684 $309 $461 forward $685 $-1 #
edge $686 -1 $-1 $687 -0.7000000000000454747 $666 -0 $309 $688 forward @7 unknown #
color-adesk-attrib $-1 -1 $689 $-1 $310 2 #
face $690 -1 $-1 $691 $450 $7 $-1 $692 forward single #
plane-surface $-1 -1 $-1 2741.343135270425591 1182.744954454377876 80.20054154152924752 -1.0785023667786534e-14 1.836970198721029934e-16 1 -1 -2.030480513598797411e-30 -1.0785023667786534e-14 reverse_v I I I I #
tcoedge-coedge $-1 -1 $-1 $580 $313 $582 $693 forward $37 $694 0 0.0005000000091968104243 #
tcoedge-coedge $-1 -1 $-1 $695 $696 $313 $467 reversed $697 $698 -0.005999999999999783284 -0 #
tedge-edge $699 -1 $-1 $474 0 $700 0.005999999999999783284 $466 $701 forward @7 unknown 3.020604763775298354e-05 #
pcurve $-1 -1 $-1 0 forward { exppc nubs 1 open 2 
	0 1 0.005999999999999783284 1 
	228.3460518218086293 0.6627521177060289315 
	226.8430800061526043 0.6627521177060285984 
	5.6808847549265046e-13 
	cone 2740.639143187449008 1182.744462371396367 79.90611972061365975 -3.37445951098917907e-32 -1.836970198721029934e-16 -1 0.002822834495581730795 0.002822834495579805252 -5.18546284430181384e-19 1 I I -0 1 0.003992090827984936911 reversed I I I I 
	} 0 0 #
coedge $-1 -1 $-1 $702 $314 $318 $479 forward $471 $-1 #
coedge $-1 -1 $-1 $314 $703 $695 $704 forward $471 $-1 #
loop $-1 -1 $-1 $-1 $705 $706 #
pcurve $-1 -1 $-1 0 forward { exppc nubs 1 open 2 
	0 1 0.0005000000091968104243 1 
	0 0 
	0 -0.0005000000091968104243 
	0 
	plane 2740.643135270425773 1182.744954454377876 80.81769789969807505 3.374459510989182355e-32 -4.82436794902990709e-16 1 1 4.930380657631323784e-32 -3.374459510989180165e-32 forward_v I I I I 
	} 0 0 #
color-adesk-attrib $-1 -1 $-1 $-1 $315 2 #
tvertex-vertex $-1 -1 $-1 $467 $707 3.020605763775298424e-05 #
straight-curve $-1 -1 $-1 2740.643135270425773 1182.744954454377876 80.81769789969807505 4.930380657631321594e-32 -1 -4.82436794902990709e-16 F 0 F 0.0005000000091968104243 #
coedge $-1 -1 $-1 $318 $317 $708 $709 reversed $273 $-1 #
coedge $-1 -1 $-1 $323 $710 $317 $478 reversed $488 $-1 #
edge $711 -1 $-1 $209 2.450250000001688022 $712 2.462249999996856786 $477 $713 forward @7 unknown #
edge $714 -1 $-1 $320 0.0005000000091968104243 $715 0.01250000000436557457 $469 $716 forward @7 unknown #
point $-1 -1 $-1 2740.643135270426683 1182.744454454368679 80.81769789969807505 #
coedge $-1 -1 $-1 $717 $321 $718 $719 reversed $207 $-1 #
coedge $-1 -1 $-1 $340 $720 $321 $483 forward $520 $-1 #
edge $721 -1 $-1 $722 -0.001983179546365100143 $346 0.6741776333281825906 $321 $723 forward @7 unknown #
coedge $-1 -1 $-1 $322 $724 $386 $563 reversed $207 $-1 #
coedge $-1 -1 $-1 $725 $726 $322 $486 forward $727 $-1 #
edge $728 -1 $-1 $490 -0.7873813429434632916 $729 -0.6117923171449928255 $485 $730 forward @7 unknown #
coedge $-1 -1 $-1 $710 $323 $726 $731 reversed $488 $-1 #
loop $-1 -1 $-1 $-1 $487 $732 #
color-adesk-attrib $-1 -1 $-1 $-1 $324 2 #
vertex $-1 -1 $-1 $731 $733 #
straight-curve $-1 -1 $-1 2740.918135270426319 1182.744454454368679 81.08111972061365691 0.001000000000000000021 1.549979942681724046e-34 -2.190840101926976184e-19 I I #
material-adesk-attrib $-1 -1 $734 $-1 $325 12 0 #
face $735 -1 $-1 $736 $737 $7 $-1 $738 forward single #
cone-surface $-1 -1 $-1 2740.618135270426137 1182.744462371396367 81.08511180359120374 1 1.549979942681724026e-31 -2.190840101926975875e-16 -6.184379014023263351e-19 0.002822834495579806553 -0.002822834495581729494 1 I I 0 1 0.003992090827984936911 forward I I I I #
tcoedge-coedge $-1 -1 $-1 $454 $739 $327 $496 forward $675 $740 0 0.005999999999999783284 #
tedge-edge $741 -1 $-1 $501 0 $457 0.005999999999999783284 $495 $742 forward @7 unknown 3.020604763775298354e-05 #
pcurve $-1 -1 $-1 0 forward { exppc nubs 1 open 2 
	-0.005999999999999783284 1 -0 1 
	73.75128312503527184 0.6627521177060007318 
	72.24831130937926105 0.6627521177060003987 
	7.333990682517986215e-13 
	cone 2740.639143187449008 1182.744462371396367 79.90611972061365975 -3.37445951098917907e-32 -1.836970198721029934e-16 -1 0.002822834495581730795 0.002822834495579805252 -5.18546284430181384e-19 1 I I -0 1 0.003992090827984936911 reversed I I I I 
	} 0 0 #
coedge $-1 -1 $-1 $743 $328 $739 $744 reversed $404 $-1 #
pcurve $-1 -1 $-1 0 forward { exppc nubs 1 open 2 
	-0.0005000000091968104243 1 0 1 
	0 -0.0005000000091968104243 
	0 0 
	0 
	plane 2740.643135270425773 1182.744954454377876 80.19454154152923309 -3.37445951098917907e-32 -1.836970198721029934e-16 -1 1 4.930380657631323784e-32 -3.374459510989180165e-32 reverse_v I I I I 
	} 0 0 #
color-adesk-attrib $-1 -1 $-1 $-1 $329 2 #
tvertex-vertex $-1 -1 $-1 $496 $745 3.020605763775298424e-05 #
straight-curve $-1 -1 $-1 2740.643135270425773 1182.744954454377876 80.19454154152923309 4.930380657631323784e-32 -1 1.836970198721029934e-16 F 0 F 0.0005000000091968104243 #
coedge $-1 -1 $-1 $746 $335 $331 $504 forward $510 $-1 #
edge $747 -1 $-1 $218 2.450250000001688022 $591 2.462249999996856786 $503 $748 forward @7 unknown #
point $-1 -1 $-1 2740.643135270426683 1182.744454454368679 80.19454154152923309 #
coedge $-1 -1 $-1 $749 $334 $750 $751 reversed $216 $-1 #
coedge $-1 -1 $-1 $752 $753 $334 $508 forward $754 $-1 #
edge $755 -1 $-1 $756 0.6117923171449924924 $512 0.7873813429434629585 $507 $757 forward @7 unknown #
coedge $-1 -1 $-1 $335 $746 $752 $758 reversed $510 $-1 #
loop $-1 -1 $-1 $-1 $509 $759 #
color-adesk-attrib $-1 -1 $-1 $-1 $336 2 #
vertex $-1 -1 $-1 $758 $760 #
straight-curve $-1 -1 $-1 2740.918135270426319 1182.744454454368679 79.93111972061365122 0.001000000000000000021 8.954888635034121223e-35 2.190840101926975221e-19 I I #
coedge $-1 -1 $-1 $337 $761 $762 $763 forward $216 $-1 #
coedge $-1 -1 $-1 $764 $340 $337 $516 reversed $520 $-1 #
edge $765 -1 $-1 $766 -0.001983179546365100143 $343 0.6741776333281828126 $337 $767 forward @7 unknown #
color-adesk-attrib $-1 -1 $768 $-1 $338 2 #
face $769 -1 $-1 $770 $771 $7 $-1 $772 forward single #
cone-surface $-1 -1 $-1 2740.618135270426137 1182.744462371396367 79.9271276376361044 -1 -8.954888635034121155e-32 -2.190840101926975382e-16 -6.184379014023261425e-19 0.002822834495579805685 0.002822834495581730361 1 I I -0 1 0.003992090827984936911 reversed I I I I #
loop $-1 -1 $-1 $-1 $340 $773 #
color-adesk-attrib $-1 -1 $-1 $-1 $341 256 #
straight-curve $-1 -1 $-1 2741.344008649884927 1182.746954454368051 79.90611972061367396 3.37445951098917907e-32 1.836970198721029934e-16 1 I I #
point $-1 -1 $-1 2741.344008649884472 1182.746954454368051 79.93024634115538163 #
point $-1 -1 $-1 2741.344008649884472 1182.746954454368051 81.08199310007192651 #
loop $-1 -1 $-1 $774 $775 $224 #
coedge $-1 -1 $-1 $776 $777 $778 $779 forward $348 $-1 #
coedge $-1 -1 $-1 $780 $349 $781 $782 forward $223 $-1 #
coedge $-1 -1 $-1 $349 $780 $624 $783 forward $223 $-1 #
edge $784 -1 $-1 $627 0.05032499999970241333 $785 0.7503249999995205144 $349 $786 forward @7 unknown #
ref_vt-eye-attrib $-1 -1 $-1 $350 $224 $-1 $-1 #
coedge $-1 -1 $-1 $353 $362 $352 $532 forward $363 $-1 #
edge $787 -1 $-1 $242 -0.8381131357085730427 $356 -0.8227723966428777125 $352 $788 forward @7 unknown #
color-adesk-attrib $-1 -1 $-1 $-1 $354 2 #
straight-curve $-1 -1 $-1 2741.360098807916529 1182.764954454367398 79.90611972061365975 3.374459510989179233e-35 1.836970198721030077e-19 0.001000000000000000021 I I #
point $-1 -1 $-1 2741.360098807916529 1182.764954454367398 81.09808325810421081 #
fmesh-eye-attrib $-1 -1 $789 $358 $234 #
color-adesk-attrib $-1 -1 $790 $-1 $359 2 #
face $791 -1 $-1 $792 $793 $7 $-1 $794 forward single #
loop $-1 -1 $-1 $-1 $795 $359 #
plane-surface $-1 -1 $-1 2740.618135270426137 1182.644954454379331 81.10611972061366259 2.190840101926975875e-16 -4.82436794902990709e-16 1 0.001000000000000000021 1.549979942681724046e-34 -2.190840101926976184e-19 forward_v I I I I #
loop $-1 -1 $-1 $146 $796 $234 #
coedge $-1 -1 $-1 $797 $798 $799 $800 forward $360 $-1 #
face $801 -1 $-1 $802 $363 $7 $-1 $803 forward single #
material-adesk-attrib $-1 -1 $-1 $370 $109 12 0 #
ref_vt-eye-attrib $-1 -1 $804 $371 $166 $-1 $-1 #
fmesh-eye-attrib $-1 -1 $805 $372 $251 #
color-adesk-attrib $-1 -1 $-1 $-1 $374 2 #
straight-curve $-1 -1 $-1 2741.362213444998815 1182.749908029705693 79.90611972061365975 3.374459510989179233e-35 1.836970198721030077e-19 0.001000000000000000021 I I #
ref_vt-eye-attrib $-1 -1 $806 $-1 $375 $552 $553 #
cone-surface $-1 -1 $-1 2741.360926096509502 1182.749727104674093 79.90611972061365975 3.37445951098917907e-32 1.836970198721029934e-16 1 0.0009811224542885090081 -0.000852876737687574462 1.566709150314487019e-19 1 I I 0 -1 0.00129999999999911805 forward I I I I #
material-adesk-attrib $-1 -1 $807 $379 $260 12 0 #
eye_refinement $-1 -1 @5 grid  1 @3 tri 1 @4 surf 0 @3 adj 0 @4 grad 0 @9 postcheck 0 @4 stol 0.001000000047497451305 @4 ntol 30 @4 dsil 0 @8 flatness 0 @7 pixarea 0 @4 hmax 0 @6 gridar 0 @5 mgrid 3000 @5 ugrid 0 @5 vgrid 0 @10 end_fields #
vertex_template $-1 -1 3 0 1 8 #
color-adesk-attrib $-1 -1 $-1 $382 $177 2 #
ref_vt-eye-attrib $-1 -1 $808 $383 $264 $-1 $-1 #
material-adesk-attrib $-1 -1 $809 $-1 $384 12 0 #
face $810 -1 $-1 $811 $812 $7 $-1 $813 forward single #
loop $-1 -1 $-1 $814 $815 $384 #
plane-surface $-1 -1 $-1 2741.130638519836339 1182.748454454384046 80.43117972061364185 1 -4.499510266254410666e-12 2.220446049228605354e-16 2.220446049250312646e-19 4.824367949029905934e-19 -0.001000000000000000021 forward_v I I I I #
coedge $-1 -1 $-1 $816 $817 $818 $819 forward $385 $-1 #
coedge $-1 -1 $-1 $820 $386 $821 $822 forward $265 $-1 #
coedge $-1 -1 $-1 $386 $820 $725 $823 forward $265 $-1 #
edge $824 -1 $-1 $729 0.2374967505884342245 $825 0.262496750588525174 $386 $826 forward @7 unknown #
coedge $-1 -1 $-1 $827 $828 $829 $830 forward $387 $-1 #
coedge $-1 -1 $-1 $565 $565 $388 $566 forward $831 $-1 #
edge $832 -1 $-1 $833 -3.141592653589793116 $833 3.141592653589793116 $388 $834 forward @7 unknown #
loop $-1 -1 $-1 $835 $389 $836 #
color-adesk-attrib $-1 -1 $-1 $-1 $390 2 #
vertex $-1 -1 $-1 $390 $837 #
ellipse-curve $-1 -1 $-1 2740.880632021014662 1182.684954437681881 80.86868302238414685 1 1.564262941018461677e-31 -2.220446049250313574e-16 -5.423418723394480651e-34 0.01100000000000005487 5.306804743932924454e-18 1 I I #
color-adesk-attrib $-1 -1 $-1 $392 $183 2 #
ref_vt-eye-attrib $-1 -1 $838 $393 $272 $21 $22 #
color-adesk-attrib $-1 -1 $839 $-1 $394 2 #
face $840 -1 $-1 $841 $842 $7 $-1 $396 forward single #
loop $-1 -1 $-1 $-1 $447 $394 #
coedge $-1 -1 $-1 $843 $844 $592 $845 forward $395 $-1 #
coedge $-1 -1 $-1 $398 $397 $846 $847 reversed $184 $-1 #
coedge $-1 -1 $-1 $848 $414 $397 $579 forward $299 $-1 #
edge $849 -1 $-1 $850 842.57817908438426 $587 905.57817908442928 $397 $302 forward @7 tangent #
coedge $-1 -1 $-1 $851 $465 $398 $581 reversed $37 $-1 #
edge $852 -1 $-1 $853 842.57817908438426 $586 905.57817908442928 $580 $296 forward @7 tangent #
tcoedge-coedge $-1 -1 $-1 $854 $399 $465 $693 reversed $584 $855 -0.0005000000091968104243 -0 #
coedge $-1 -1 $-1 $399 $856 $857 $858 reversed $584 $-1 #
loop $-1 -1 $-1 $-1 $859 $860 #
color-adesk-attrib $-1 -1 $-1 $-1 $400 2 #
tvertex-vertex $-1 -1 $-1 $400 $861 1.090960571729995375e-11 #
vertex $-1 -1 $-1 $858 $862 #
straight-curve $-1 -1 $-1 2740.643135270425773 1182.744954454377876 80.81169789969807482 4.930380657631321594e-32 -1 -4.82436794902990709e-16 I I #
coedge $-1 -1 $-1 $401 $443 $863 $864 reversed $299 $-1 #
color-adesk-attrib $-1 -1 $-1 $-1 $402 2 #
vertex $-1 -1 $-1 $865 $866 #
coedge $-1 -1 $-1 $403 $595 $576 $845 reversed $404 $-1 #
coedge $-1 -1 $-1 $449 $441 $403 $594 forward $450 $-1 #
edge $867 -1 $-1 $406 0.01250000000436557457 $868 0.0699999999997089617 $403 $407 forward @7 unknown #
coedge $-1 -1 $-1 $592 $869 $870 $871 reversed $404 $-1 #
face $872 -1 $-1 $873 $404 $7 $-1 $874 forward single #
point $-1 -1 $-1 2740.643135270426683 1182.73245445437351 80.19454154152923309 #
tcoedge-coedge $-1 -1 $-1 $875 $408 $411 $607 reversed $600 $876 -0.0005000000091968104243 -0 #
coedge $-1 -1 $-1 $408 $877 $878 $614 reversed $600 $-1 #
loop $-1 -1 $-1 $-1 $879 $880 #
color-adesk-attrib $-1 -1 $-1 $-1 $409 2 #
straight-curve $-1 -1 $-1 2740.643135270425773 1182.744954454377876 80.742697899698058 4.930380657631321594e-32 -1 -4.82436794902990709e-16 I I #
coedge $-1 -1 $-1 $639 $410 $881 $882 reversed $37 $-1 #
coedge $-1 -1 $-1 $422 $883 $410 $605 reversed $625 $-1 #
edge $884 -1 $-1 $288 -0.6124999999996987299 $885 -0.5875000000002614797 $604 $886 forward @5 knife #
tcoedge-coedge $-1 -1 $-1 $411 $851 $887 $888 reversed $37 $889 -0.005999999999999783284 -0 #
tedge-edge $890 -1 $-1 $891 0 $413 0.0005000000091968104243 $598 $892 forward @7 unknown 3.020604763775298354e-05 #
pcurve $-1 -1 $-1 0 forward { exppc nubs 3 open 2 
	0 3 0.0005000000091968104243 3 
	209.5589041261049204 0.6627521177060256008 
	209.5589041261049204 0.7038765649889623388 
	209.5589041261049204 0.7456322071642860205 
	209.5589041261049204 0.7873813429434377564 
	1.702723899785960907e-09 
	cone 2740.639143187449008 1182.744462371396367 79.90611972061365975 -3.37445951098917907e-32 -1.836970198721029934e-16 -1 0.002822834495581730795 0.002822834495579805252 -5.18546284430181384e-19 1 I I -0 1 0.003992090827984936911 reversed I I I I 
	} 0 0 #
point $-1 -1 $-1 2740.643135270426683 1182.744454454368679 80.742697899698058 #
coedge $-1 -1 $-1 $878 $893 $414 $611 forward $894 $-1 #
edge $895 -1 $-1 $850 -0.84257817908438426 $417 -0.8365781790843982435 $610 $896 forward @5 knife #
coedge $-1 -1 $-1 $897 $419 $415 $613 forward $620 $-1 #
edge $898 -1 $-1 $287 -0.6124999999997982059 $899 -0.5875000000001620037 $612 $900 forward @5 knife #
edge $901 -1 $-1 $417 0.01250000000436557457 $902 0.0699999999997089617 $599 $602 forward @7 unknown #
point $-1 -1 $-1 2740.643135270426683 1182.73245445437351 80.742697899698058 #
coedge $-1 -1 $-1 $903 $418 $904 $905 forward $285 $-1 #
coedge $-1 -1 $-1 $906 $907 $418 $618 forward $908 $-1 #
edge $909 -1 $-1 $910 -0.1035000000119907781 $622 -0.07350000001315493137 $418 $289 forward @7 unknown #
coedge $-1 -1 $-1 $419 $897 $911 $912 forward $620 $-1 #
loop $-1 -1 $-1 $-1 $612 $913 #
color-adesk-attrib $-1 -1 $-1 $-1 $420 2 #
vertex $-1 -1 $-1 $420 $914 #
coedge $-1 -1 $-1 $421 $915 $916 $917 reversed $285 $-1 #
coedge $-1 -1 $-1 $883 $422 $528 $783 reversed $625 $-1 #
loop $-1 -1 $-1 $-1 $604 $918 #
color-adesk-attrib $-1 -1 $-1 $-1 $423 2 #
vertex $-1 -1 $-1 $529 $919 #
loop $-1 -1 $-1 $-1 $920 $425 #
coedge $-1 -1 $-1 $921 $921 $922 $923 forward $424 $-1 #
material-adesk-attrib $-1 -1 $924 $-1 $425 12 0 #
face $925 -1 $-1 $926 $927 $7 $-1 $928 reversed single #
plane-surface $-1 -1 $-1 2740.567485270426459 1182.748454454384046 80.51861972061333006 5.624099184937906688e-32 8.936414053358286847e-12 1 0.001000000000000000021 4.930380657631324956e-35 -5.624099184981966457e-35 reverse_v I I I I #
coedge $-1 -1 $-1 $929 $428 $930 $931 forward $430 $-1 #
pcurve $-1 -1 $-1 0 forward { exppc nubs 1 open 2 
	-0.0005000000091968104243 1 0 1 
	0.6999999999998181011 -0.0005000000091968104243 
	0.6999999999998181011 0 
	0 
	plane 2741.343135270425591 1182.744954454377876 80.26354154152924991 -1.0785023667786534e-14 -1.836970198721029934e-16 -1 -1 1.931872900446170935e-30 1.0785023667786534e-14 forward_v I I I I 
	} 0 0 #
coedge $-1 -1 $-1 $429 $637 $932 $933 reversed $430 $-1 #
coedge $-1 -1 $-1 $934 $439 $429 $445 forward $649 $-1 #
coedge $-1 -1 $-1 $635 $935 $936 $937 forward $430 $-1 #
face $938 -1 $-1 $939 $430 $7 $-1 $940 forward single #
tcoedge-coedge $-1 -1 $-1 $434 $603 $941 $942 reversed $37 $943 -0.0005000000091968104243 -0 #
tcoedge-coedge $-1 -1 $-1 $944 $930 $434 $641 reversed $945 $946 -0.005999999999999783284 -0 #
tedge-edge $947 -1 $-1 $948 0 $644 0.005999999999999783284 $640 $949 forward @7 unknown 3.020604763775298354e-05 #
pcurve $-1 -1 $-1 0 forward { exppc nubs 1 open 2 
	0 1 0.005999999999999783284 1 
	91.03545900508650845 0.6627521177060039514 
	89.53248718943049766 0.6627521177060036184 
	7.333990682517986215e-13 
	cone 2740.639143187449008 1182.744462371396367 79.90611972061365975 -3.37445951098917907e-32 -1.836970198721029934e-16 -1 0.002822834495581730795 0.002822834495579805252 -5.18546284430181384e-19 1 I I -0 1 0.003992090827984936911 reversed I I I I 
	} 0 0 #
color-adesk-attrib $-1 -1 $-1 $-1 $435 2 #
tvertex-vertex $-1 -1 $-1 $641 $950 3.020605763775298424e-05 #
straight-curve $-1 -1 $-1 2740.643135270425773 1182.744954454377876 80.26354154152926412 4.930380657631323784e-32 -1 1.836970198721029934e-16 F 0 F 0.0005000000091968104243 #
coedge $-1 -1 $-1 $951 $952 $438 $647 reversed $953 $-1 #
edge $954 -1 $-1 $651 363.4218209156045987 $899 587.5000000001762146 $646 $302 forward @7 tangent #
coedge $-1 -1 $-1 $439 $934 $955 $956 reversed $649 $-1 #
loop $-1 -1 $-1 $-1 $439 $957 #
color-adesk-attrib $-1 -1 $-1 $-1 $440 2 #
vertex $-1 -1 $-1 $956 $958 #
straight-curve $-1 -1 $-1 2740.643135270425773 1182.73245445437351 79.90611972061367396 -3.37445951098917907e-32 -1.836970198721029934e-16 -1 I I #
color-adesk-attrib $-1 -1 $-1 $-1 $442 2 #
straight-curve $-1 -1 $-1 2740.643135270425773 1182.73245445437351 79.90611972061365975 -3.37445951098917907e-32 -1.836970198721029934e-16 -1 I I #
coedge $-1 -1 $-1 $443 $708 $959 $960 forward $299 $-1 #
coedge $-1 -1 $-1 $961 $962 $443 $657 forward $963 $-1 #
edge $964 -1 $-1 $965 21.00000000018553692 $966 1178.999999999814918 $443 $967 forward @7 tangent #
ref_vt-eye-attrib $-1 -1 $968 $-1 $444 $21 $22 #
face $969 -1 $-1 $970 $971 $7 $-1 $972 forward single #
cone-surface $-1 -1 $-1 2740.639135270426323 1182.73245445437351 79.90611972061365975 -3.37445951098917907e-32 -1.836970198721029934e-16 -1 0.00282842712474719489 -0.002828427124745266311 5.195736337411262601e-19 1 I I -0 1 0.004000000000000057329 reversed I I I I #
color-adesk-attrib $-1 -1 $-1 $-1 $445 2 #
vertex $-1 -1 $-1 $933 $973 #
coedge $-1 -1 $-1 $932 $447 $974 $975 reversed $575 $-1 #
coedge $-1 -1 $-1 $447 $932 $976 $977 forward $575 $-1 #
color-adesk-attrib $-1 -1 $-1 $-1 $448 2 #
vertex $-1 -1 $-1 $448 $978 #
coedge $-1 -1 $-1 $979 $974 $449 $668 reversed $980 $-1 #
edge $981 -1 $-1 $868 0.1412109104577865537 $452 0.1472109104577867811 $449 $982 forward @7 unknown #
point $-1 -1 $-1 2740.643135270426683 1182.674954454378167 80.20054154152923331 #
coedge $-1 -1 $-1 $453 $680 $983 $984 reversed $197 $-1 #
tcoedge-coedge $-1 -1 $-1 $985 $986 $453 $672 forward $520 $987 0 0.0004920829815091565251 #
tedge-edge $988 -1 $-1 $677 0 $989 0.0004920829815091565251 $453 $990 forward @7 unknown 3.020604901956401402e-05 #
pcurve $-1 -1 $-1 0 forward { exppc nubs 1 open 2 
	-0.0004920829815091565251 1 0 1 
	0 -0.0004920829815091565251 
	0 0 
	0 
	plane 2741.343135270425591 1182.744954454377876 80.20054154152924752 -1.0785023667786534e-14 1.836970198721029934e-16 1 -1 -2.030480513598797411e-30 -1.0785023667786534e-14 reverse_v I I I I 
	} 0 0 #
tcoedge-coedge $-1 -1 $-1 $739 $454 $986 $991 forward $675 $992 0 0.006000000000007331934 #
loop $-1 -1 $-1 $-1 $495 $691 #
color-adesk-attrib $-1 -1 $-1 $-1 $455 2 #
tvertex-vertex $-1 -1 $-1 $455 $993 3.020605901956401472e-05 #
straight-curve $-1 -1 $-1 2740.643135270425773 1182.744954454377876 80.20054154152923331 1 6.394083560218253084e-29 1.0785023667786534e-14 I I #
point $-1 -1 $-1 2740.643135270425773 1182.744954454377876 80.20054154152923331 #
coedge $-1 -1 $-1 $670 $459 $994 $995 reversed $197 $-1 #
coedge $-1 -1 $-1 $996 $997 $459 $682 forward $998 $-1 #
edge $999 -1 $-1 $1000 0.0699999999997089617 $687 0.09999999999854480848 $459 $1001 forward @7 unknown #
coedge $-1 -1 $-1 $870 $460 $1002 $1003 forward $685 $-1 #
coedge $-1 -1 $-1 $460 $870 $1004 $1005 forward $685 $-1 #
loop $-1 -1 $-1 $-1 $870 $1006 #
color-adesk-attrib $-1 -1 $-1 $-1 $461 2 #
vertex $-1 -1 $-1 $682 $1007 #
straight-curve $-1 -1 $-1 2740.643135270425773 1182.644954454379331 80.20054154152923331 -1 -6.394083560218253084e-29 -1.0785023667786534e-14 I I #
fmesh-eye-attrib $-1 -1 $1008 $462 $310 #
color-adesk-attrib $-1 -1 $1009 $-1 $463 2 #
face $1010 -1 $-1 $1006 $675 $7 $-1 $1011 forward single #
plane-surface $-1 -1 $-1 2740.643135270425773 1182.744954454377876 80.20054154152923331 -1 -4.930380657631323784e-32 3.374459510989180165e-32 -3.37445951098917907e-32 -1.836970198721029934e-16 -1 reverse_v I I I I #
tedge-edge $1012 -1 $-1 $700 0 $586 0.0005000000091968104243 $582 $1013 forward @7 unknown 3.020604763775298354e-05 #
pcurve $-1 -1 $-1 0 forward { exppc nubs 3 open 2 
	0 3 0.0005000000091968104243 3 
	226.8430800061526043 0.6627521177060285984 
	226.8430800061526043 0.7038765649889653364 
	226.8430800061526043 0.7456322071642891292 
	226.8430800061526043 0.7873813429434408651 
	1.702723899785960907e-09 
	cone 2740.639143187449008 1182.744462371396367 79.90611972061365975 -3.37445951098917907e-32 -1.836970198721029934e-16 -1 0.002822834495581730795 0.002822834495579805252 -5.18546284430181384e-19 1 I I -0 1 0.003992090827984936911 reversed I I I I 
	} 0 0 #
coedge $-1 -1 $-1 $1014 $466 $470 $704 reversed $697 $-1 #
coedge $-1 -1 $-1 $466 $1014 $854 $1015 reversed $697 $-1 #
loop $-1 -1 $-1 $-1 $466 $1016 #
pcurve $-1 -1 $-1 0 forward { exppc nubs 1 open 2 
	-0.005999999999999783284 1 0 1 
	-0.003000000000000113687 -0.3499999999994543032 
	0.003000000000000113687 -0.3499999999994543032 
	0 
	plane 2740.993135270425228 1182.744954454377876 80.81469789969807493 -9.574432969507089922e-24 1 4.824358705620932337e-16 3.374459510989182355e-32 -4.824358705620932337e-16 1 forward_v I I I I 
	} 0 0 #
color-adesk-attrib $-1 -1 $-1 $-1 $467 2 #
tvertex-vertex $-1 -1 $-1 $467 $1017 3.020605763775298424e-05 #
straight-curve $-1 -1 $-1 2740.643135270425773 1182.744954454377876 80.81769789969807505 -3.374459510989210818e-32 6.222837279465851688e-15 -1 F 0 F 0.005999999999999783284 #
coedge $-1 -1 $-1 $1018 $469 $1019 $1020 forward $471 $-1 #
tcoedge-coedge $-1 -1 $-1 $470 $1021 $1022 $1023 reversed $471 $1024 -0.0005000000091968104243 -0 #
edge $1025 -1 $-1 $1026 0 $474 0.7000000000000454747 $470 $1027 forward @7 unknown #
coedge $-1 -1 $-1 $1028 $1018 $1029 $1030 forward $471 $-1 #
face $1031 -1 $-1 $1032 $471 $7 $-1 $1033 forward single #
point $-1 -1 $-1 2740.643135270425773 1182.744954454377876 80.81769789969807505 #
coedge $-1 -1 $-1 $655 $848 $476 $709 forward $299 $-1 #
edge $1034 -1 $-1 $715 911.5781790844152965 $712 1174.999999999682132 $476 $302 forward @7 tangent #
coedge $-1 -1 $-1 $477 $487 $1035 $1036 reversed $488 $-1 #
color-adesk-attrib $-1 -1 $-1 $-1 $478 2 #
vertex $-1 -1 $-1 $1036 $1037 #
straight-curve $-1 -1 $-1 2740.643135270425773 1185.194704454370367 81.08111972061365691 4.930380657631321594e-32 -1 -4.82436794902990709e-16 I I #
color-adesk-attrib $-1 -1 $-1 $-1 $479 2 #
vertex $-1 -1 $-1 $1020 $1038 #
straight-curve $-1 -1 $-1 2740.643135270425773 1182.744954454377876 80.81769789969807505 4.930380657631321594e-32 -1 -4.82436794902990709e-16 I I #
coedge $-1 -1 $-1 $1039 $481 $1040 $1041 reversed $207 $-1 #
coedge $-1 -1 $-1 $1042 $1043 $481 $719 forward $1044 $-1 #
edge $1045 -1 $-1 $1046 212.5032494100196345 $722 425.0000000001818989 $718 $491 forward @7 unknown #
coedge $-1 -1 $-1 $482 $1022 $1047 $1048 forward $520 $-1 #
color-adesk-attrib $-1 -1 $-1 $-1 $483 2 #
vertex $-1 -1 $-1 $1049 $1050 #
ellipse-curve $-1 -1 $-1 2741.347127353403721 1182.744462371396367 81.08511180359120374 0.7071067811916995627 3.411343291673228441e-16 -0.7071067811813954718 -0.003992090827926762092 1.49225063502047693e-18 -0.003992090827984936044 0.7071067811916997847 I I #
coedge $-1 -1 $-1 $484 $1051 $1052 $1053 reversed $207 $-1 #
coedge $-1 -1 $-1 $1054 $485 $562 $823 reversed $727 $-1 #
coedge $-1 -1 $-1 $485 $1055 $487 $731 forward $727 $-1 #
loop $-1 -1 $-1 $1056 $1057 $1058 #
color-adesk-attrib $-1 -1 $-1 $-1 $486 256 #
vertex $-1 -1 $-1 $563 $1059 #
ellipse-curve $-1 -1 $-1 2740.855632021014571 1182.744462371396367 81.08511180359120374 1 4.499142872214666586e-12 -2.22044604922860782e-16 -6.184379014023263351e-19 0.002822834495579806553 -0.002822834495581729494 1 I I #
edge $1060 -1 $-1 $1061 -0.01400000000330692274 $490 -0.002000000008138158591 $726 $1062 forward @7 unknown #
face $1063 -1 $-1 $1064 $488 $7 $-1 $1065 forward single #
point $-1 -1 $-1 2740.855632021014571 1182.744454454368679 81.08111972061365691 #
ref_vt-eye-attrib $-1 -1 $1066 $492 $325 $-1 $-1 #
material-adesk-attrib $-1 -1 $1067 $-1 $493 12 0 #
face $1068 -1 $-1 $1069 $1044 $7 $-1 $1065 forward single #
loop $-1 -1 $-1 $-1 $1070 $493 #
cone-surface $-1 -1 $-1 2740.618135270426137 1182.73245445437351 81.0851197206136618 1 1.549979942681724026e-31 -2.190840101926975875e-16 -6.196631570274167331e-19 -0.00282842712474526501 -0.002828427124747196191 1 I I 0 1 0.004000000000000057329 forward I I I I #
coedge $-1 -1 $-1 $495 $674 $498 $744 forward $675 $-1 #
pcurve $-1 -1 $-1 0 forward { exppc nubs 1 open 2 
	0 1 0.005999999999999783284 1 
	0.003000000000000113687 -0.3499999999994543032 
	-0.003000000000000113687 -0.3499999999994543032 
	0 
	plane 2740.993135270425228 1182.744954454377876 80.1975415415292332 -9.574432969507089922e-24 1 -1.836960955312054935e-16 -3.37445951098917907e-32 -1.836960955312054935e-16 -1 reverse_v I I I I 
	} 0 0 #
color-adesk-attrib $-1 -1 $-1 $-1 $496 2 #
straight-curve $-1 -1 $-1 2740.643135270425773 1182.744954454377876 80.19454154152923309 3.374459510989150606e-32 5.924097504434963208e-15 1 F 0 F 0.005999999999999783284 #
tcoedge-coedge $-1 -1 $-1 $1071 $498 $1072 $1073 forward $404 $1074 0 0.0005000000091968104243 #
edge $1075 -1 $-1 $1076 0 $501 0.7000000000000454747 $498 $1077 forward @7 unknown #
point $-1 -1 $-1 2740.643135270425773 1182.744954454377876 80.19454154152923309 #
coedge $-1 -1 $-1 $509 $503 $1078 $865 forward $510 $-1 #
color-adesk-attrib $-1 -1 $-1 $-1 $504 2 #
straight-curve $-1 -1 $-1 2740.643135270425773 1185.194704454370367 79.93111972061365122 4.930380657631323784e-32 -1 1.836970198721029934e-16 I I #
coedge $-1 -1 $-1 $1079 $506 $1080 $1081 reversed $216 $-1 #
coedge $-1 -1 $-1 $1082 $1083 $506 $751 forward $1084 $-1 #
edge $1085 -1 $-1 $1086 -0.262496750588525174 $756 -0.2374967505884342245 $750 $1087 forward @7 unknown #
coedge $-1 -1 $-1 $1088 $507 $509 $758 forward $754 $-1 #
coedge $-1 -1 $-1 $507 $1089 $1082 $1090 forward $754 $-1 #
loop $-1 -1 $-1 $-1 $1091 $538 #
color-adesk-attrib $-1 -1 $-1 $-1 $508 256 #
vertex $-1 -1 $-1 $508 $1092 #
ellipse-curve $-1 -1 $-1 2740.855632021014571 1182.744462371396367 79.9271276376361044 1 4.499142872214666586e-12 2.220446049242048037e-16 -6.184379014023261425e-19 0.002822834495579805685 0.002822834495581730361 1 I I #
edge $1093 -1 $-1 $512 0.002000000008138158591 $1094 0.01400000000330692274 $752 $1095 forward @7 unknown #
face $1096 -1 $-1 $1097 $510 $7 $-1 $1098 forward single #
point $-1 -1 $-1 2740.855632021014571 1182.744454454368679 79.93111972061365122 #
coedge $-1 -1 $-1 $514 $1099 $1100 $1101 reversed $216 $-1 #
coedge $-1 -1 $-1 $1102 $1103 $514 $763 reversed $1104 $-1 #
edge $1105 -1 $-1 $1106 212.5032494100196345 $766 425.0000000001818989 $762 $513 forward @7 unknown #
coedge $-1 -1 $-1 $1072 $515 $1107 $1108 forward $520 $-1 #
color-adesk-attrib $-1 -1 $-1 $-1 $516 2 #
vertex $-1 -1 $-1 $1109 $1110 #
ellipse-curve $-1 -1 $-1 2741.347127353403721 1182.744462371396367 79.9271276376361044 -0.7071067811916995627 -1.298934084343776186e-16 -0.7071067811813954718 -0.003992090827926762092 2.996543191653869015e-19 0.003992090827984936044 0.7071067811916997847 I I #
fmesh-eye-attrib $-1 -1 $1111 $517 $338 #
color-adesk-attrib $-1 -1 $1112 $-1 $518 2 #
face $1113 -1 $-1 $1114 $1115 $7 $-1 $1116 forward single #
loop $-1 -1 $-1 $-1 $1117 $518 #
cone-surface $-1 -1 $-1 2740.618135270426137 1182.749727104674093 79.91332889452996824 -1 -8.954888635034121155e-32 -2.190840101926975382e-16 2.149482417756281948e-19 -0.0008528767376875746788 -0.0009811224542885087913 1 I I -0 -1 0.00129999999999911805 reversed I I I I #
face $1118 -1 $-1 $1119 $520 $7 $-1 $1120 forward single #
loop $-1 -1 $-1 $1121 $1122 $224 #
coedge $-1 -1 $-1 $1123 $1124 $1125 $1126 forward $525 $-1 #
coedge $-1 -1 $-1 $1127 $526 $1128 $1129 forward $348 $-1 #
coedge $-1 -1 $-1 $526 $1127 $1130 $1131 forward $348 $-1 #
coedge $-1 -1 $-1 $1132 $1133 $526 $779 reversed $1134 $-1 #
edge $1135 -1 $-1 $1136 -0.2562516247048733931 $1137 -0.2312516247047824436 $526 $1138 forward @7 unknown #
coedge $-1 -1 $-1 $528 $527 $1139 $1140 forward $223 $-1 #
coedge $-1 -1 $-1 $916 $1141 $527 $782 reversed $1142 $-1 #
edge $1143 -1 $-1 $785 249.5155057103173704 $1144 249.5405057103167792 $527 $1145 forward @7 unknown #
edge $1146 -1 $-1 $1147 -0.4155057103167223431 $627 -0.3905057103173419364 $528 $1148 forward @7 unknown #
color-adesk-attrib $-1 -1 $-1 $-1 $529 256 #
vertex $-1 -1 $-1 $529 $1149 #
straight-curve $-1 -1 $-1 2740.592810270426526 1182.746954454368051 80.51861972061334427 1 2.775557561562891351e-17 -2.48091556982404202e-28 I I #
color-adesk-attrib $-1 -1 $-1 $-1 $532 2 #
straight-curve $-1 -1 $-1 2741.246684127441767 1183.57194183790125 80.98466857762804239 -0.1378445374896787312 0.9808148484642549292 -0.1378445374916869304 I I #
ref_vt-eye-attrib $-1 -1 $1150 $536 $234 $1151 $1152 #
fmesh-eye-attrib $-1 -1 $1153 $537 $359 #
material-adesk-attrib $-1 -1 $1154 $-1 $538 12 0 #
face $1155 -1 $-1 $1156 $1084 $7 $-1 $1157 forward single #
loop $-1 -1 $-1 $1158 $1159 $538 #
plane-surface $-1 -1 $-1 2740.855632021014571 1182.748454454384046 80.58105972061366629 -1 -4.499142872214666586e-12 -2.220446049242048037e-16 -2.220446049250312646e-19 1.836970198721030077e-19 0.001000000000000000021 forward_v I I I I #
coedge $-1 -1 $-1 $1160 $1161 $1162 $1163 reversed $539 $-1 #
coedge $-1 -1 $-1 $1164 $1165 $1166 $1167 reversed $541 $-1 #
coedge $-1 -1 $-1 $1168 $542 $1169 $1170 forward $360 $-1 #
coedge $-1 -1 $-1 $542 $1168 $1171 $1172 reversed $360 $-1 #
coedge $-1 -1 $-1 $1173 $1174 $542 $800 reversed $1115 $-1 #
edge $1175 -1 $-1 $1176 -291.963537490573799 $1177 441.9635374904373748 $799 $1178 forward @7 unknown #
ref_vt-eye-attrib $-1 -1 $1179 $-1 $543 $552 $553 #
face $1180 -1 $-1 $1181 $1182 $7 $-1 $1183 forward single #
plane-surface $-1 -1 $-1 2741.362213444998815 1182.749908029705693 79.90611972061365975 -0.9902680687415673644 -0.1391731009600867264 2.556568389272728095e-17 3.374459510989179233e-35 1.836970198721030077e-19 0.001000000000000000021 forward_v I I I I #
material-adesk-attrib $-1 -1 $-1 $545 $166 12 0 #
ref_vt-eye-attrib $-1 -1 $1184 $546 $251 $-1 $-1 #
material-adesk-attrib $-1 -1 $1185 $549 $375 12 0 #
color-adesk-attrib $-1 -1 $-1 $551 $260 2 #
color-adesk-attrib $-1 -1 $-1 $555 $264 2 #
ref_vt-eye-attrib $-1 -1 $1186 $556 $384 $-1 $-1 #
material-adesk-attrib $-1 -1 $1187 $-1 $557 12 0 #
face $1188 -1 $-1 $1189 $1190 $7 $-1 $813 forward single #
loop $-1 -1 $-1 $-1 $1191 $557 #
plane-surface $-1 -1 $-1 2741.118138519836066 1182.696704454385326 81.08117972061364753 -2.220446049250312834e-16 -4.824367949029906104e-16 1 0.001000000000000000021 -3.673940397442060635e-19 2.220446049250311201e-19 forward_v I I I I #
loop $-1 -1 $-1 $1192 $1193 $384 #
coedge $-1 -1 $-1 $815 $815 $1194 $1195 forward $558 $-1 #
coedge $-1 -1 $-1 $1196 $560 $828 $1197 forward $385 $-1 #
coedge $-1 -1 $-1 $560 $1196 $1198 $1199 forward $385 $-1 #
coedge $-1 -1 $-1 $1200 $829 $560 $819 reversed $1201 $-1 #
edge $1202 -1 $-1 $1203 0.1124983752947628091 $1204 0.1374983752943990112 $560 $1205 forward @7 unknown #
coedge $-1 -1 $-1 $562 $561 $1206 $1207 reversed $265 $-1 #
coedge $-1 -1 $-1 $1052 $1208 $561 $822 reversed $387 $-1 #
edge $1209 -1 $-1 $825 -3.302508744809529162 $1210 -1.500000015994373825 $821 $1211 forward @7 unknown #
edge $1212 -1 $-1 $1213 -101.9999999887204467 $729 -100.1974912599052914 $725 $1214 forward @7 unknown #
color-adesk-attrib $-1 -1 $-1 $-1 $563 256 #
vertex $-1 -1 $-1 $822 $1215 #
straight-curve $-1 -1 $-1 2740.618135270426137 1182.745151945639236 81.08117972061364753 1 1.549979942681724026e-31 -2.190840101926975875e-16 I I #
coedge $-1 -1 $-1 $1216 $564 $1217 $1218 forward $387 $-1 #
coedge $-1 -1 $-1 $564 $1219 $816 $1197 reversed $387 $-1 #
coedge $-1 -1 $-1 $818 $1220 $564 $830 reversed $1201 $-1 #
edge $1221 -1 $-1 $1204 -0.2331087565111712445 $1222 -0.2330227334820527685 $564 $1223 forward @7 unknown #
loop $-1 -1 $-1 $1224 $565 $1225 #
color-adesk-attrib $-1 -1 $-1 $-1 $566 2 #
vertex $-1 -1 $-1 $566 $1226 #
ellipse-curve $-1 -1 $-1 2740.880632021014662 1182.694954437683919 80.94368302238414969 1 1.564262941018461677e-31 -2.220446049250313574e-16 -5.423418723394480651e-34 0.01100000000000005487 5.306804743932924454e-18 1 I I #
loop $-1 -1 $-1 $-1 $1227 $836 #
face $1228 -1 $-1 $1229 $567 $7 $-1 $1230 reversed single #
point $-1 -1 $-1 2740.880632021014662 1182.673954437683278 80.86868302238414685 #
color-adesk-attrib $-1 -1 $-1 $572 $272 2 #
ref_vt-eye-attrib $-1 -1 $1231 $573 $394 $21 $22 #
color-adesk-attrib $-1 -1 $1232 $-1 $574 2 #
face $1233 -1 $-1 $1234 $1235 $7 $-1 $396 forward single #
loop $-1 -1 $-1 $-1 $1236 $574 #
coedge $-1 -1 $-1 $1237 $576 $1238 $1239 forward $395 $-1 #
coedge $-1 -1 $-1 $576 $1237 $979 $1240 reversed $395 $-1 #
edge $1241 -1 $-1 $868 0.0699999999997089617 $1242 0.09999999999854480848 $592 $407 forward @7 unknown #
coedge $-1 -1 $-1 $1243 $1244 $577 $847 forward $1245 $-1 #
edge $1246 -1 $-1 $853 0.0005000000091968104243 $850 0.01250000000436557457 $846 $1247 forward @7 unknown #
coedge $-1 -1 $-1 $708 $578 $1248 $1249 reversed $299 $-1 #
color-adesk-attrib $-1 -1 $-1 $-1 $579 2 #
vertex $-1 -1 $-1 $1250 $1251 #
tcoedge-coedge $-1 -1 $-1 $606 $580 $1244 $1252 reversed $37 $1253 -0.0005000000091968104243 -0 #
color-adesk-attrib $-1 -1 $-1 $-1 $581 2 #
tvertex-vertex $-1 -1 $-1 $847 $1254 1.090960571729995375e-11 #
coedge $-1 -1 $-1 $1255 $582 $696 $1015 forward $584 $-1 #
pcurve $-1 -1 $-1 0 forward { exppc nubs 1 open 2 
	-0.0005000000091968104243 1 0 1 
	0.6999999999998181011 -0.0005000000091968104243 
	0.6999999999998181011 0 
	0 
	plane 2741.343135270425591 1182.744954454377876 80.81169789969807482 -1.0785023667786534e-14 4.82436794902990709e-16 -1 -1 -5.252396057816146116e-30 1.0785023667786534e-14 forward_v I I I I 
	} 0 0 #
coedge $-1 -1 $-1 $583 $859 $1236 $1256 reversed $584 $-1 #
coedge $-1 -1 $-1 $1257 $1248 $583 $858 forward $1258 $-1 #
edge $1259 -1 $-1 $587 0.01250000000436557457 $1260 0.0699999999997089617 $857 $588 forward @7 unknown #
coedge $-1 -1 $-1 $856 $1261 $1262 $1263 forward $584 $-1 #
face $1264 -1 $-1 $1016 $584 $7 $-1 $1265 forward single #
point $-1 -1 $-1 2740.643135270426683 1182.744454454368679 80.81169789969808903 #
point $-1 -1 $-1 2740.643135270426683 1182.73245445437351 80.81169789969808903 #
coedge $-1 -1 $-1 $1266 $1078 $589 $864 forward $1267 $-1 #
edge $1268 -1 $-1 $591 -2.168404344970978546e-16 $965 1.570796326794556164 $863 $1269 forward @7 unknown #
edge $1270 -1 $-1 $591 -275.0000000000909495 $1094 -62.50324941174767446 $1078 $1271 forward @7 unknown #
point $-1 -1 $-1 2740.643135270425773 1182.73245445437351 79.93111972061365122 #
color-adesk-attrib $-1 -1 $-1 $-1 $594 2 #
vertex $-1 -1 $-1 $845 $1272 #
coedge $-1 -1 $-1 $595 $1273 $1274 $1275 forward $404 $-1 #
coedge $-1 -1 $-1 $684 $683 $595 $871 forward $685 $-1 #
edge $1276 -1 $-1 $1242 -0.7000000000000454747 $1277 0 $595 $1278 forward @7 unknown #
color-adesk-attrib $-1 -1 $1279 $-1 $596 2 #
face $1280 -1 $-1 $310 $1281 $7 $-1 $1282 forward single #
plane-surface $-1 -1 $-1 2740.643135270425773 1182.744954454377876 80.19454154152923309 -3.37445951098917907e-32 -1.836970198721029934e-16 -1 1 4.930380657631323784e-32 -3.374459510989180165e-32 reverse_v I I I I #
coedge $-1 -1 $-1 $1283 $598 $1284 $1285 reversed $600 $-1 #
pcurve $-1 -1 $-1 0 forward { exppc nubs 1 open 2 
	-0.0005000000091968104243 1 0 1 
	0 -0.0005000000091968104243 
	0 0 
	0 
	plane 2740.643135270425773 1182.744954454377876 80.742697899698058 -3.374459510989182355e-32 4.82436794902990709e-16 -1 1 4.930380657631323784e-32 -3.374459510989180165e-32 reverse_v I I I I 
	} 0 0 #
coedge $-1 -1 $-1 $599 $879 $1286 $1287 reversed $600 $-1 #
coedge $-1 -1 $-1 $1288 $610 $599 $614 forward $894 $-1 #
coedge $-1 -1 $-1 $877 $1289 $1290 $1291 reversed $600 $-1 #
face $1292 -1 $-1 $1293 $1294 $7 $-1 $1295 forward single #
coedge $-1 -1 $-1 $952 $951 $603 $882 forward $953 $-1 #
edge $1296 -1 $-1 $1297 363.4218209156045987 $885 587.5000000002756906 $603 $296 forward @7 tangent #
coedge $-1 -1 $-1 $604 $624 $1298 $1299 reversed $625 $-1 #
color-adesk-attrib $-1 -1 $-1 $-1 $605 2 #
tvertex-vertex $-1 -1 $-1 $1299 $1300 7.917037687653913445e-06 #
straight-curve $-1 -1 $-1 2740.643135270426683 1182.744462371396367 79.90611972061367396 -3.37445951098917907e-32 -1.836970198721029934e-16 -1 I I #
tcoedge-coedge $-1 -1 $-1 $1301 $1284 $606 $888 forward $1302 $1303 0 0.005999999999999783284 #
tedge-edge $1304 -1 $-1 $891 0 $1305 0.005999999999999783284 $887 $1306 forward @7 unknown 3.020604763775298354e-05 #
pcurve $-1 -1 $-1 0 forward { exppc nubs 1 open 2 
	-0.005999999999999783284 1 -0 1 
	211.0618759417609454 0.6627521177060257118 
	209.5589041261049204 0.6627521177060256008 
	5.6808847549265046e-13 
	cone 2740.639143187449008 1182.744462371396367 79.90611972061365975 -3.37445951098917907e-32 -1.836970198721029934e-16 -1 0.002822834495581730795 0.002822834495579805252 -5.18546284430181384e-19 1 I I -0 1 0.003992090827984936911 reversed I I I I 
	} 0 0 #
color-adesk-attrib $-1 -1 $-1 $-1 $607 2 #
tvertex-vertex $-1 -1 $-1 $888 $1307 3.020605763775298424e-05 #
straight-curve $-1 -1 $-1 2740.643135270425773 1182.744954454377876 80.742697899698058 4.930380657631321594e-32 -1 -4.82436794902990709e-16 F 0 F 0.0005000000091968104243 #
coedge $-1 -1 $-1 $610 $1288 $1243 $1250 reversed $894 $-1 #
loop $-1 -1 $-1 $-1 $610 $1308 #
color-adesk-attrib $-1 -1 $-1 $-1 $611 2 #
straight-curve $-1 -1 $-1 2740.643135270425773 1182.73245445437351 79.90611972061365975 -3.37445951098917907e-32 -1.836970198721029934e-16 -1 I I #
coedge $-1 -1 $-1 $619 $612 $1309 $1310 reversed $620 $-1 #
color-adesk-attrib $-1 -1 $-1 $-1 $613 2 #
vertex $-1 -1 $-1 $1311 $1312 #
straight-curve $-1 -1 $-1 2740.643135270426683 1182.73245445437351 79.90611972061367396 -3.37445951098917907e-32 -1.836970198721029934e-16 -1 I I #
color-adesk-attrib $-1 -1 $-1 $-1 $614 2 #
vertex $-1 -1 $-1 $1287 $1313 #
coedge $-1 -1 $-1 $1314 $616 $1315 $1316 reversed $285 $-1 #
coedge $-1 -1 $-1 $1317 $1318 $616 $905 reversed $1319 $-1 #
edge $1320 -1 $-1 $910 -224.349999999958527 $1321 475.6499999996322003 $904 $1322 forward @7 unknown #
coedge $-1 -1 $-1 $1286 $617 $1323 $1324 reversed $908 $-1 #
coedge $-1 -1 $-1 $617 $1286 $1325 $1326 forward $908 $-1 #
loop $-1 -1 $-1 $-1 $617 $1234 #
color-adesk-attrib $-1 -1 $-1 $-1 $618 2 #
vertex $-1 -1 $-1 $905 $1327 #
coedge $-1 -1 $-1 $1328 $1323 $619 $912 reversed $980 $-1 #
edge $1329 -1 $-1 $1330 -1.025000000000503064 $622 -0.9999999999998436806 $619 $1331 forward @7 unknown #
face $1332 -1 $-1 $1333 $620 $7 $-1 $1334 reversed single #
point $-1 -1 $-1 2740.643135270426683 1182.674954454378167 80.51861972061398376 #
coedge $-1 -1 $-1 $623 $1314 $1335 $1336 reversed $285 $-1 #
coedge $-1 -1 $-1 $1337 $781 $623 $917 forward $1142 $-1 #
edge $1338 -1 $-1 $785 0.00150000002327033144 $1339 0.003992082994955126196 $623 $1340 forward @7 unknown #
face $1341 -1 $-1 $1342 $625 $7 $-1 $1334 reversed single #
point $-1 -1 $-1 2740.643135270426228 1182.746954454368051 80.51861972061334427 #
coedge $-1 -1 $-1 $1343 $1343 $1344 $1345 forward $628 $-1 #
coedge $-1 -1 $-1 $629 $629 $1346 $1347 reversed $424 $-1 #
coedge $-1 -1 $-1 $1348 $1349 $629 $923 reversed $1350 $-1 #
edge $1351 -1 $-1 $1352 -2.981598777519529175 $1353 -0.1599938760702640239 $629 $1354 forward @7 unknown #
ref_vt-eye-attrib $-1 -1 $1355 $630 $425 $-1 $-1 #
material-adesk-attrib $-1 -1 $1356 $-1 $631 12 0 #
face $1357 -1 $-1 $1358 $1359 $7 $-1 $1360 reversed single #
loop $-1 -1 $-1 $-1 $1361 $631 #
cone-surface $-1 -1 $-1 2740.843135270426501 1182.698454461256915 70.20609334487605224 -5.624099184937906688e-32 -8.936414053358286847e-12 -1 0.01098476699007005716 5.415908269642847413e-34 -6.177941907606982204e-34 1 I I -0 1 0.01098476699007005716 reversed I I I I #
tcoedge-coedge $-1 -1 $-1 $1362 $633 $1363 $1364 forward $430 $1365 0 0.0004920829815091565251 #
coedge $-1 -1 $-1 $640 $1366 $633 $931 reversed $945 $-1 #
edge $1367 -1 $-1 $644 0 $1368 0.7000000000000454747 $633 $1369 forward @7 unknown #
coedge $-1 -1 $-1 $664 $663 $635 $933 forward $575 $-1 #
edge $1370 -1 $-1 $662 0.0699999999997089617 $1371 0.09999999999854480848 $635 $432 forward @7 unknown #
coedge $-1 -1 $-1 $648 $636 $1372 $1373 forward $649 $-1 #
coedge $-1 -1 $-1 $637 $1374 $1375 $1376 forward $430 $-1 #
coedge $-1 -1 $-1 $1377 $1378 $637 $937 reversed $1379 $-1 #
edge $1380 -1 $-1 $1381 -0.7000000000000454747 $1371 0 $637 $1382 forward @7 unknown #
color-adesk-attrib $-1 -1 $1383 $-1 $638 2 #
face $1384 -1 $-1 $1385 $945 $7 $-1 $1386 forward single #
plane-surface $-1 -1 $-1 2741.343135270425591 1182.744954454377876 80.26354154152924991 -1.0785023667786534e-14 -1.836970198721029934e-16 -1 -1 1.931872900446170935e-30 1.0785023667786534e-14 forward_v I I I I #
tcoedge-coedge $-1 -1 $-1 $1387 $1388 $639 $942 forward $1389 $1390 0 0.0005000000091968104243 #
tedge-edge $1391 -1 $-1 $948 0 $1297 0.0005000000091968104243 $941 $1392 forward @7 unknown 3.020604763775298354e-05 #
pcurve $-1 -1 $-1 0 forward { exppc nubs 3 open 2 
	-0.0005000000091968104243 3 -0 3 
	91.03545900508650845 0.7873813429434159961 
	91.03545900508650845 0.7456322071642642602 
	91.03545900508650845 0.7038765649889405784 
	91.03545900508650845 0.6627521177060039514 
	1.702723899785960907e-09 
	cone 2740.639143187449008 1182.744462371396367 79.90611972061365975 -3.37445951098917907e-32 -1.836970198721029934e-16 -1 0.002822834495581730795 0.002822834495579805252 -5.18546284430181384e-19 1 I I -0 1 0.003992090827984936911 reversed I I I I 
	} 0 0 #
coedge $-1 -1 $-1 $1366 $640 $1388 $1393 reversed $945 $-1 #
loop $-1 -1 $-1 $-1 $640 $939 #
pcurve $-1 -1 $-1 0 forward { exppc nubs 1 open 2 
	-0.005999999999999783284 1 0 1 
	-0.003000000000000113687 -0.3499999999994543032 
	0.003000000000000113687 -0.3499999999994543032 
	0 
	plane 2740.993135270425228 1182.744954454377876 80.26654154152926424 -9.574432969507089922e-24 1 -1.836979442130004933e-16 3.37445951098917907e-32 1.836979442130004933e-16 1 forward_v I I I I 
	} 0 0 #
color-adesk-attrib $-1 -1 $-1 $-1 $641 2 #
tvertex-vertex $-1 -1 $-1 $641 $1394 3.020605763775298424e-05 #
straight-curve $-1 -1 $-1 2740.643135270425773 1182.744954454377876 80.26954154152926435 -3.374459510989207534e-32 5.556703464690757764e-15 -1 F 0 F 0.005999999999999783284 #
point $-1 -1 $-1 2740.643135270425773 1182.744954454377876 80.26354154152926412 #
coedge $-1 -1 $-1 $881 $646 $1387 $1395 reversed $953 $-1 #
coedge $-1 -1 $-1 $646 $881 $1396 $1311 reversed $953 $-1 #
loop $-1 -1 $-1 $-1 $952 $1397 #
color-adesk-attrib $-1 -1 $-1 $-1 $647 2 #
coedge $-1 -1 $-1 $1398 $1387 $648 $956 forward $1389 $-1 #
edge $1399 -1 $-1 $651 0.01250000000436557457 $1400 0.0699999999997089617 $955 $1401 forward @7 unknown #
face $1402 -1 $-1 $1403 $649 $7 $-1 $1404 forward single #
point $-1 -1 $-1 2740.643135270426683 1182.73245445437351 80.26954154152926435 #
coedge $-1 -1 $-1 $1035 $1405 $655 $960 reversed $737 $-1 #
edge $1406 -1 $-1 $712 -2.168404344970978546e-16 $966 1.570796326794556164 $959 $1407 forward @7 unknown #
coedge $-1 -1 $-1 $1408 $656 $1405 $1409 forward $963 $-1 #
coedge $-1 -1 $-1 $656 $1408 $1266 $1410 reversed $963 $-1 #
loop $-1 -1 $-1 $-1 $656 $1411 #
color-adesk-attrib $-1 -1 $-1 $-1 $657 2 #
vertex $-1 -1 $-1 $1410 $1412 #
vertex $-1 -1 $-1 $1409 $1413 #
straight-curve $-1 -1 $-1 2740.639135270426323 1182.728454454379971 79.90611972061365975 3.374459510989179233e-35 1.836970198721030077e-19 0.001000000000000000021 I I #
material-adesk-attrib $-1 -1 $1414 $658 $444 12 0 #
ref_vt-eye-attrib $-1 -1 $1415 $-1 $659 $21 $22 #
face $1416 -1 $-1 $1417 $1418 $7 $-1 $1419 forward single #
loop $-1 -1 $-1 $-1 $1420 $659 #
cone-surface $-1 -1 $-1 2740.624256255099681 1182.726454454379564 79.90611972061365975 -3.37445951098917907e-32 -1.836970198721029934e-16 -1 -0.001414213562373105651 0.001414213562373105651 -2.597868168706498932e-19 1 I I -0 -1 0.002000000000000014787 reversed I I I I #
point $-1 -1 $-1 2740.643135270426683 1182.674954454378167 80.26354154152926412 #
coedge $-1 -1 $-1 $667 $1372 $663 $975 forward $980 $-1 #
edge $1421 -1 $-1 $662 842.5781790843984709 $452 905.57817908442928 $974 $1422 forward @7 unknown #
coedge $-1 -1 $-1 $1423 $1002 $664 $977 reversed $1424 $-1 #
edge $1425 -1 $-1 $1371 842.5781790844029047 $666 905.5781790844337138 $664 $1426 forward @7 unknown #
point $-1 -1 $-1 2740.643135270425773 1182.644954454379331 80.20054154152923331 #
coedge $-1 -1 $-1 $1427 $667 $844 $1240 forward $980 $-1 #
loop $-1 -1 $-1 $-1 $1428 $1429 #
color-adesk-attrib $-1 -1 $-1 $-1 $668 2 #
straight-curve $-1 -1 $-1 2740.643135270425773 1182.674954454379076 80.05333063107144653 3.37445951098917907e-32 1.836970198721029934e-16 1 I I #
coedge $-1 -1 $-1 $1430 $1431 $670 $984 forward $1432 $-1 #
edge $1433 -1 $-1 $989 0.0004920829815091565251 $1434 0.01250000000436557457 $670 $1001 forward @7 unknown #
coedge $-1 -1 $-1 $1363 $671 $1431 $1435 forward $520 $-1 #
tcoedge-coedge $-1 -1 $-1 $671 $1072 $674 $991 reversed $520 $1436 -0.006000000000007332801 -0 #
pcurve $-1 -1 $-1 0 forward { exppc nubs 3 open 2 
	0 3 0.0004920829815091565251 3 
	73.75128312503882455 0.6627521177764648108 
	73.75128312503882455 0.7032253982822692651 
	73.75128312503882455 0.744309924153920055 
	73.75128312503882455 0.7853981633971206522 
	1.617283969365409085e-09 
	cone 2741.347127353404176 1182.744462371396367 79.90611972061365975 3.37445951098917907e-32 1.836970198721029934e-16 1 -0.002822834495581730795 0.002822834495579805252 -5.185462844301811914e-19 1 I I 0 1 0.003992090827984936911 forward I I I I 
	} 0 0 #
color-adesk-attrib $-1 -1 $-1 $-1 $672 2 #
tvertex-vertex $-1 -1 $-1 $984 $1437 7.917037687653952408e-06 #
straight-curve $-1 -1 $-1 2741.343135270425591 1182.744954454377876 80.20054154152924752 4.930380657631323784e-32 -1 1.836970198721029934e-16 F 0 F 0.0004920829815091565251 #
tedge-edge $1438 -1 $-1 $677 0 $1076 0.006000000000007332801 $674 $1439 forward @7 unknown 3.020604901956401402e-05 #
pcurve $-1 -1 $-1 0 forward { exppc nubs 1 open 2 
	0 1 0.006000000000007331934 1 
	-0.003000000000014324542 0.3500000000003637979 
	0.002999999999985902832 0.3500000000003637979 
	0 
	plane 2740.993135270425228 1182.744954454377876 80.1975415415292332 -9.574432969507089922e-24 1 -1.836960955312054935e-16 -3.37445951098917907e-32 -1.836960955312054935e-16 -1 reverse_v I I I I 
	} 0 0 #
point $-1 -1 $-1 2741.343135270425591 1182.744954454377876 80.20054154152924752 #
coedge $-1 -1 $-1 $1440 $1441 $680 $995 forward $1281 $-1 #
edge $1442 -1 $-1 $1434 0.01250000000436557457 $1000 0.0699999999997089617 $680 $1001 forward @7 unknown #
coedge $-1 -1 $-1 $1375 $681 $1443 $1444 forward $998 $-1 #
coedge $-1 -1 $-1 $681 $1375 $1445 $1446 reversed $998 $-1 #
loop $-1 -1 $-1 $-1 $681 $1447 #
color-adesk-attrib $-1 -1 $-1 $-1 $682 2 #
vertex $-1 -1 $-1 $682 $1448 #
straight-curve $-1 -1 $-1 2741.343135270425591 1182.744954454377876 80.20054154152924752 4.930380657631323784e-32 -1 1.836970198721029934e-16 I I #
coedge $-1 -1 $-1 $976 $1238 $683 $1003 reversed $1424 $-1 #
edge $1449 -1 $-1 $666 -0.005999999999999783284 $1242 0 $683 $1450 forward @7 tangent #
coedge $-1 -1 $-1 $1451 $1443 $684 $1005 reversed $1182 $-1 #
edge $1452 -1 $-1 $1277 -0.006000000000007332801 $687 0 $684 $1453 forward @7 tangent #
face $1454 -1 $-1 $1455 $685 $7 $-1 $1456 reversed single #
point $-1 -1 $-1 2741.343135270425591 1182.644954454379331 80.20054154152924752 #
ref_vt-eye-attrib $-1 -1 $-1 $689 $310 $-1 $-1 #
fmesh-eye-attrib $-1 -1 $1457 $690 $463 #
color-adesk-attrib $-1 -1 $1458 $-1 $691 2 #
plane-surface $-1 -1 $-1 2740.993135270425228 1182.744954454377876 80.1975415415292332 -9.574432969507089922e-24 1 -1.836960955312054935e-16 -3.37445951098917907e-32 -1.836960955312054935e-16 -1 reverse_v I I I I #
color-adesk-attrib $-1 -1 $-1 $-1 $693 2 #
straight-curve $-1 -1 $-1 2740.643135270425773 1182.744954454377876 80.81169789969807482 4.930380657631321594e-32 -1 -4.82436794902990709e-16 F 0 F 0.0005000000091968104243 #
tcoedge-coedge $-1 -1 $-1 $696 $695 $1459 $1460 reversed $697 $1461 -0.006000000000007332801 -0 #
edge $1462 -1 $-1 $700 0 $1463 0.7000000000000454747 $854 $1464 forward @7 unknown #
face $1465 -1 $-1 $1466 $697 $7 $-1 $1467 forward single #
point $-1 -1 $-1 2740.643135270425773 1182.744954454377876 80.81169789969807482 #
coedge $-1 -1 $-1 $705 $702 $1468 $1469 forward $471 $-1 #
coedge $-1 -1 $-1 $1248 $1257 $702 $1020 reversed $1258 $-1 #
edge $1470 -1 $-1 $715 0.01250000000436557457 $1471 0.0699999999997089617 $702 $716 forward @7 unknown #
coedge $-1 -1 $-1 $703 $1472 $1473 $1474 reversed $471 $-1 #
tcoedge-coedge $-1 -1 $-1 $720 $1459 $703 $1023 forward $520 $1475 0 0.0005000000091968104243 #
tedge-edge $1476 -1 $-1 $1026 0 $1477 0.0005000000091968104243 $703 $1478 forward @7 unknown 3.020604901956401402e-05 #
pcurve $-1 -1 $-1 0 forward { exppc nubs 1 open 2 
	-0.0005000000091968104243 1 0 1 
	0.6999999999998181011 -0.0005000000091968104243 
	0.6999999999998181011 0 
	0 
	plane 2740.643135270425773 1182.744954454377876 80.81769789969807505 3.374459510989182355e-32 -4.82436794902990709e-16 1 1 4.930380657631323784e-32 -3.374459510989180165e-32 forward_v I I I I 
	} 0 0 #
color-adesk-attrib $-1 -1 $-1 $-1 $704 2 #
tvertex-vertex $-1 -1 $-1 $1460 $1479 3.020605901956401472e-05 #
straight-curve $-1 -1 $-1 2741.343135270425591 1182.744954454377876 80.81769789969807505 -1 -4.930380657631323784e-32 3.374459510989180165e-32 I I #
coedge $-1 -1 $-1 $1472 $705 $1480 $1481 reversed $471 $-1 #
coedge $-1 -1 $-1 $1482 $1483 $705 $1030 reversed $1484 $-1 #
edge $1485 -1 $-1 $1486 -0.7000000000000454747 $1487 0 $705 $1488 forward @7 unknown #
color-adesk-attrib $-1 -1 $1489 $-1 $706 2 #
face $1490 -1 $-1 $860 $1491 $7 $-1 $1492 forward single #
plane-surface $-1 -1 $-1 2740.643135270425773 1182.744954454377876 80.81769789969807505 3.374459510989182355e-32 -4.82436794902990709e-16 1 1 4.930380657631323784e-32 -3.374459510989180165e-32 forward_v I I I I #
color-adesk-attrib $-1 -1 $-1 $-1 $709 2 #
coedge $-1 -1 $-1 $1070 $959 $710 $1036 forward $737 $-1 #
edge $1493 -1 $-1 $712 -275.0000000000909495 $1061 -62.50324941174767446 $1035 $1494 forward @7 unknown #
point $-1 -1 $-1 2740.643135270425773 1182.73245445437351 81.08111972061365691 #
point $-1 -1 $-1 2740.643135270426683 1182.73245445437351 80.81769789969807505 #
coedge $-1 -1 $-1 $1495 $717 $1191 $1496 reversed $207 $-1 #
coedge $-1 -1 $-1 $1497 $1498 $717 $1041 forward $1192 $-1 #
edge $1499 -1 $-1 $1500 0.6117923171449928255 $1046 0.7873813429434632916 $1040 $1501 forward @7 unknown #
coedge $-1 -1 $-1 $1502 $718 $1503 $1049 reversed $1044 $-1 #
coedge $-1 -1 $-1 $718 $1502 $1497 $1504 reversed $1044 $-1 #
loop $-1 -1 $-1 $-1 $1043 $736 #
color-adesk-attrib $-1 -1 $-1 $-1 $719 2 #
vertex $-1 -1 $-1 $1504 $1505 #
coedge $-1 -1 $-1 $1473 $1503 $720 $1048 reversed $1506 $-1 #
edge $1507 -1 $-1 $1477 911.5781790844152965 $722 1175.000000000082309 $720 $1508 forward @7 tangent #
edge $1509 -1 $-1 $1510 -0.8101075349550228566 $722 -0.7981075349598540924 $1042 $1511 forward @7 unknown #
point $-1 -1 $-1 2741.343135270426501 1182.744454454368679 81.08111972061365691 #
coedge $-1 -1 $-1 $724 $1495 $1512 $1513 reversed $207 $-1 #
coedge $-1 -1 $-1 $1514 $821 $724 $1053 forward $387 $-1 #
edge $1515 -1 $-1 $825 0.6117923171449928255 $1516 0.7873813429434632916 $1052 $1517 forward @7 unknown #
coedge $-1 -1 $-1 $1518 $725 $1519 $1520 reversed $727 $-1 #
coedge $-1 -1 $-1 $726 $1198 $1070 $1521 forward $727 $-1 #
loop $-1 -1 $-1 $1522 $1523 $1058 #
coedge $-1 -1 $-1 $1198 $1524 $1200 $1525 forward $727 $-1 #
face $1526 -1 $-1 $1527 $727 $7 $-1 $1528 forward single #
point $-1 -1 $-1 2740.855632021014571 1182.745151945639236 81.08117972061364753 #
color-adesk-attrib $-1 -1 $-1 $-1 $731 256 #
vertex $-1 -1 $-1 $1521 $1529 #
straight-curve $-1 -1 $-1 2740.855632021014571 1182.746454454376817 81.08111972061365691 -4.499142872214666586e-12 1 4.824367949039763907e-16 I I #
material-adesk-attrib $-1 -1 $1530 $-1 $732 12 0 #
face $1531 -1 $-1 $1532 $1201 $7 $-1 $1533 forward single #
plane-surface $-1 -1 $-1 2740.618135270426137 1182.744454454368679 81.08111972061365691 -2.190840101926975875e-16 4.82436794902990709e-16 -1 -0.001000000000000000021 -1.549979942681724046e-34 2.190840101926976184e-19 forward_v I I I I #
color-adesk-attrib $-1 -1 $-1 $734 $325 2 #
ref_vt-eye-attrib $-1 -1 $1534 $735 $493 $-1 $-1 #
color-adesk-attrib $-1 -1 $1535 $-1 $736 2 #
face $1536 -1 $-1 $732 $1537 $7 $-1 $1065 forward single #
coedge $-1 -1 $-1 $1538 $1035 $1055 $1521 reversed $737 $-1 #
coedge $-1 -1 $-1 $1273 $743 $1539 $1540 forward $404 $-1 #
tcoedge-coedge $-1 -1 $-1 $986 $764 $743 $1073 reversed $520 $1541 -0.0005000000091968104243 -0 #
tedge-edge $1542 -1 $-1 $1076 0 $1543 0.0005000000091968104243 $743 $1544 forward @7 unknown 3.020604901956401402e-05 #
pcurve $-1 -1 $-1 0 forward { exppc nubs 1 open 2 
	0 1 0.0005000000091968104243 1 
	0.6999999999998181011 0 
	0.6999999999998181011 -0.0005000000091968104243 
	0 
	plane 2740.643135270425773 1182.744954454377876 80.19454154152923309 -3.37445951098917907e-32 -1.836970198721029934e-16 -1 1 4.930380657631323784e-32 -3.374459510989180165e-32 reverse_v I I I I 
	} 0 0 #
color-adesk-attrib $-1 -1 $-1 $-1 $744 2 #
tvertex-vertex $-1 -1 $-1 $991 $1545 3.020605901956401472e-05 #
straight-curve $-1 -1 $-1 2741.343135270425591 1182.744954454377876 80.19454154152923309 -1 -4.930380657631323784e-32 3.374459510989180165e-32 I I #
coedge $-1 -1 $-1 $863 $1546 $746 $865 reversed $1267 $-1 #
coedge $-1 -1 $-1 $1547 $749 $1548 $1549 forward $216 $-1 #
coedge $-1 -1 $-1 $1550 $1551 $749 $1081 forward $1552 $-1 #
edge $1553 -1 $-1 $1554 -0.7873813429434629585 $1086 -0.6117923171449924924 $1080 $1555 forward @7 unknown #
coedge $-1 -1 $-1 $1556 $750 $753 $1090 reversed $1084 $-1 #
coedge $-1 -1 $-1 $750 $1556 $1550 $1557 reversed $1084 $-1 #
loop $-1 -1 $-1 $-1 $750 $792 #
color-adesk-attrib $-1 -1 $-1 $-1 $751 256 #
vertex $-1 -1 $-1 $1557 $1558 #
straight-curve $-1 -1 $-1 2740.618135270426137 1182.745151945639236 79.9310597206136606 -1 -8.954888635034121155e-32 -2.190840101926975382e-16 I I #
coedge $-1 -1 $-1 $1559 $752 $1546 $1560 forward $754 $-1 #
coedge $-1 -1 $-1 $753 $1561 $1562 $1563 reversed $754 $-1 #
edge $1564 -1 $-1 $1565 -101.9999999887204467 $756 -100.1974912599052914 $753 $1566 forward @7 unknown #
coedge $-1 -1 $-1 $1567 $1559 $1568 $1569 forward $754 $-1 #
point $-1 -1 $-1 2740.855632021014571 1182.745151945639236 79.9310597206136606 #
color-adesk-attrib $-1 -1 $-1 $-1 $758 256 #
vertex $-1 -1 $-1 $1560 $1570 #
straight-curve $-1 -1 $-1 2740.855632021014571 1182.746454454376817 79.93111972061365122 4.499142872214666586e-12 -1 1.836970198730886751e-16 I I #
color-adesk-attrib $-1 -1 $1571 $-1 $759 2 #
face $1572 -1 $-1 $1573 $1574 $7 $-1 $1098 forward single #
plane-surface $-1 -1 $-1 2740.618135270426137 1182.744454454368679 79.93111972061365122 -2.190840101926975382e-16 1.836970198721029934e-16 1 -0.001000000000000000021 -8.954888635034121223e-35 -2.190840101926975221e-19 reverse_v I I I I #
coedge $-1 -1 $-1 $761 $1547 $1575 $1576 reversed $216 $-1 #
coedge $-1 -1 $-1 $1577 $1578 $761 $1101 forward $1579 $-1 #
edge $1580 -1 $-1 $1106 -0.7873813429434629585 $1581 -0.6117923171449924924 $1100 $1582 forward @7 unknown #
coedge $-1 -1 $-1 $1583 $762 $1578 $1584 reversed $1104 $-1 #
coedge $-1 -1 $-1 $762 $1583 $1585 $1109 forward $1104 $-1 #
loop $-1 -1 $-1 $-1 $1102 $1586 #
color-adesk-attrib $-1 -1 $-1 $-1 $763 2 #
vertex $-1 -1 $-1 $1584 $1587 #
coedge $-1 -1 $-1 $1585 $1539 $764 $1108 reversed $1588 $-1 #
edge $1589 -1 $-1 $766 24.99999999991814548 $1543 288.4218209155733348 $764 $1508 forward @7 tangent #
edge $1590 -1 $-1 $1591 -0.8101075349550228566 $766 -0.7981075349598540924 $1103 $1592 forward @7 unknown #
point $-1 -1 $-1 2741.343135270426501 1182.744454454368679 79.93111972061365122 #
ref_vt-eye-attrib $-1 -1 $1593 $768 $338 $1151 $1152 #
fmesh-eye-attrib $-1 -1 $1594 $769 $518 #
color-adesk-attrib $-1 -1 $1595 $-1 $770 2 #
face $1596 -1 $-1 $1597 $1598 $7 $-1 $1599 forward single #
loop $-1 -1 $-1 $-1 $1174 $770 #
plane-surface $-1 -1 $-1 2740.618135270426137 1182.764954454367398 79.91415618312309732 -2.169518996656804606e-16 -0.1391731009600865321 0.9902680687415673644 -0.001000000000000000021 -8.954888635034121223e-35 -2.190840101926975221e-19 reverse_v I I I I #
coedge $-1 -1 $-1 $1600 $1601 $1602 $1603 forward $771 $-1 #
color-adesk-attrib $-1 -1 $1604 $-1 $773 2 #
face $1605 -1 $-1 $1606 $1588 $7 $-1 $1607 forward single #
cone-surface $-1 -1 $-1 2741.347127353404176 1182.744462371396367 79.90611972061365975 3.37445951098917907e-32 1.836970198721029934e-16 1 -0.002822834495581730795 0.002822834495579805252 -5.185462844301811914e-19 1 I I 0 1 0.003992090827984936911 forward I I I I #
loop $-1 -1 $-1 $-1 $1608 $224 #
coedge $-1 -1 $-1 $1519 $1609 $1610 $1611 forward $774 $-1 #
coedge $-1 -1 $-1 $1612 $775 $1613 $1614 forward $525 $-1 #
coedge $-1 -1 $-1 $775 $1612 $1615 $1616 forward $525 $-1 #
coedge $-1 -1 $-1 $1617 $1618 $775 $1126 reversed $1619 $-1 #
edge $1620 -1 $-1 $1621 0.2312516247047824436 $1622 0.2562516247048733931 $775 $1623 forward @7 unknown #
coedge $-1 -1 $-1 $777 $776 $1624 $1625 forward $348 $-1 #
coedge $-1 -1 $-1 $1626 $1627 $776 $1129 reversed $1628 $-1 #
edge $1629 -1 $-1 $1137 1.259524289683128018 $1630 1.52202428968313086 $776 $1631 forward @7 unknown #
coedge $-1 -1 $-1 $1498 $1632 $777 $1131 reversed $1192 $-1 #
edge $1633 -1 $-1 $1634 -1.52202428968313086 $1136 -1.259524289683128018 $777 $1635 forward @7 unknown #
coedge $-1 -1 $-1 $1636 $778 $1632 $1637 reversed $1134 $-1 #
coedge $-1 -1 $-1 $778 $1636 $1626 $1638 reversed $1134 $-1 #
loop $-1 -1 $-1 $-1 $778 $1639 #
color-adesk-attrib $-1 -1 $-1 $-1 $779 256 #
vertex $-1 -1 $-1 $779 $1640 #
vertex $-1 -1 $-1 $779 $1641 #
straight-curve $-1 -1 $-1 2740.874386895131465 1182.746954454368051 80.81867972061364469 -1 -2.775557561562891351e-17 2.035428416920020731e-32 I I #
coedge $-1 -1 $-1 $1642 $1298 $780 $1140 reversed $1643 $-1 #
edge $1644 -1 $-1 $1144 -0.7503249999995205144 $1147 -0.05032499999970241333 $780 $1645 forward @7 unknown #
coedge $-1 -1 $-1 $781 $1337 $1642 $1646 reversed $1142 $-1 #
loop $-1 -1 $-1 $-1 $1337 $1647 #
color-adesk-attrib $-1 -1 $-1 $-1 $782 256 #
vertex $-1 -1 $-1 $782 $1648 #
straight-curve $-1 -1 $-1 2741.343135270426501 1182.746954454368051 330.0341254309307146 -1.12481983699639348e-32 -3.12200220397127881e-49 -1 I I #
color-adesk-attrib $-1 -1 $-1 $-1 $783 256 #
vertex $-1 -1 $-1 $783 $1649 #
straight-curve $-1 -1 $-1 2740.643135270426683 1182.746954454368051 80.90912543093068621 1.12481983699639348e-32 3.12200220397127881e-49 1 I I #
point $-1 -1 $-1 2741.343135270426046 1182.746954454368051 80.51861972061335848 #
material-adesk-attrib $-1 -1 $-1 $789 $234 12 0 #
eye_refinement $-1 -1 @5 grid  1 @3 tri 1 @4 surf 0 @3 adj 0 @4 grad 0 @9 postcheck 0 @4 stol 0.001000000047497451305 @4 ntol 30 @4 dsil 0 @8 flatness 0 @7 pixarea 0 @4 hmax 0 @6 gridar 0 @5 mgrid 3000 @5 ugrid 0 @5 vgrid 0 @10 end_fields #
vertex_template $-1 -1 3 0 1 8 #
ref_vt-eye-attrib $-1 -1 $1650 $790 $359 $-1 $-1 #
ref_vt-eye-attrib $-1 -1 $1651 $791 $538 $4 $5 #
material-adesk-attrib $-1 -1 $1652 $-1 $792 12 0 #
face $1653 -1 $-1 $1654 $1655 $7 $-1 $1157 forward single #
plane-surface $-1 -1 $-1 2740.868132021014844 1182.696704454385326 79.9310597206136606 2.220446049250312834e-16 -1.836970198721029934e-16 -1 -0.001000000000000000021 -9.009273877971997643e-35 -2.220446049250312646e-19 forward_v I I I I #
loop $-1 -1 $-1 $754 $1656 $538 #
coedge $-1 -1 $-1 $1159 $1159 $1657 $1658 forward $793 $-1 #
coedge $-1 -1 $-1 $1659 $795 $1164 $1660 reversed $539 $-1 #
coedge $-1 -1 $-1 $795 $1659 $1661 $1662 forward $539 $-1 #
coedge $-1 -1 $-1 $1663 $1664 $795 $1163 forward $1665 $-1 #
edge $1666 -1 $-1 $1667 0.7278575349700986408 $1668 0.8478575349581660703 $795 $1669 forward @7 unknown #
coedge $-1 -1 $-1 $1670 $796 $1160 $1660 forward $541 $-1 #
coedge $-1 -1 $-1 $796 $1670 $1671 $1672 reversed $541 $-1 #
coedge $-1 -1 $-1 $1673 $1674 $796 $1167 forward $1675 $-1 #
edge $1676 -1 $-1 $1677 1.218988579366249603 $1678 2.418988579366250224 $796 $1679 forward @7 unknown #
coedge $-1 -1 $-1 $798 $797 $1680 $1681 forward $360 $-1 #
coedge $-1 -1 $-1 $1682 $1683 $797 $1170 reversed $1684 $-1 #
edge $1685 -1 $-1 $1177 8.036462509662669618 $1686 16.32319077545218988 $797 $534 forward @7 unknown #
coedge $-1 -1 $-1 $1687 $1688 $798 $1172 forward $1689 $-1 #
edge $1690 -1 $-1 $1176 8.036462509835473611 $1691 16.32319077545218988 $798 $149 forward @7 unknown #
coedge $-1 -1 $-1 $1692 $799 $1688 $1693 forward $1115 $-1 #
coedge $-1 -1 $-1 $799 $1692 $1682 $1694 forward $1115 $-1 #
color-adesk-attrib $-1 -1 $-1 $-1 $800 2 #
vertex $-1 -1 $-1 $800 $1695 #
vertex $-1 -1 $-1 $1694 $1696 #
straight-curve $-1 -1 $-1 2740.918135270426319 1182.764954454367398 79.91415618312309732 0.001000000000000000021 8.954888635034121223e-35 2.190840101926975221e-19 I I #
material-adesk-attrib $-1 -1 $1697 $801 $543 12 0 #
ref_vt-eye-attrib $-1 -1 $1698 $-1 $802 $552 $553 #
face $1699 -1 $-1 $1700 $1701 $7 $-1 $1702 forward single #
loop $-1 -1 $-1 $-1 $1451 $802 #
plane-surface $-1 -1 $-1 2741.368135270426137 1182.644954454379331 79.90611972061365975 4.749745130538941546e-10 -1 1.836970198721029934e-16 -3.374459510989179233e-35 -1.836970198721030077e-19 -0.001000000000000000021 forward_v I I I I #
material-adesk-attrib $-1 -1 $-1 $805 $251 12 0 #
color-adesk-attrib $-1 -1 $-1 $806 $375 2 #
color-adesk-attrib $-1 -1 $-1 $809 $384 2 #
ref_vt-eye-attrib $-1 -1 $1703 $810 $557 $-1 $-1 #
material-adesk-attrib $-1 -1 $1704 $-1 $811 12 0 #
face $1705 -1 $-1 $1706 $1552 $7 $-1 $1707 forward single #
loop $-1 -1 $-1 $-1 $1708 $811 #
coedge $-1 -1 $-1 $1709 $1710 $1039 $1496 forward $812 $-1 #
loop $-1 -1 $-1 $-1 $1711 $384 #
coedge $-1 -1 $-1 $1193 $1193 $1712 $1713 forward $814 $-1 #
coedge $-1 -1 $-1 $1194 $1194 $815 $1195 reversed $1714 $-1 #
edge $1715 -1 $-1 $1716 -3.141592653589793116 $1716 3.141592653589793116 $815 $1717 forward @7 unknown #
coedge $-1 -1 $-1 $817 $816 $1538 $1718 forward $385 $-1 #
edge $1719 -1 $-1 $1204 -73.43835617780314351 $1720 -16.69021736756803875 $828 $1211 forward @7 unknown #
coedge $-1 -1 $-1 $1055 $1057 $817 $1199 reversed $727 $-1 #
edge $1721 -1 $-1 $1722 -86.80978263714678178 $1203 -30.06164382691167702 $1198 $1214 forward @7 unknown #
coedge $-1 -1 $-1 $1723 $818 $1057 $1525 reversed $1201 $-1 #
loop $-1 -1 $-1 $-1 $1200 $1064 #
color-adesk-attrib $-1 -1 $-1 $-1 $819 256 #
vertex $-1 -1 $-1 $1525 $1724 #
vertex $-1 -1 $-1 $1197 $1725 #
straight-curve $-1 -1 $-1 2740.743133645720263 1182.675016098206243 81.08117972061364753 1 -3.041706916766213351e-18 -2.220446049250313574e-16 I I #
coedge $-1 -1 $-1 $1609 $1519 $820 $1207 forward $774 $-1 #
edge $1726 -1 $-1 $1213 0.1124983752943080617 $1210 0.1374983752943990112 $1206 $1727 forward @7 unknown #
coedge $-1 -1 $-1 $821 $1728 $1609 $1729 reversed $387 $-1 #
color-adesk-attrib $-1 -1 $-1 $-1 $822 2 #
vertex $-1 -1 $-1 $1729 $1730 #
straight-curve $-1 -1 $-1 2740.880632021014662 1182.748454454384046 81.08117972061364753 -4.930380657631321748e-35 0.001000000000000000021 4.82436794902990786e-19 I I #
color-adesk-attrib $-1 -1 $-1 $-1 $823 2 #
vertex $-1 -1 $-1 $1520 $1731 #
straight-curve $-1 -1 $-1 2740.855632021015026 1182.644954454379331 81.08117972061364753 4.499142872214666498e-15 -0.001000000000000000021 -4.824367949039897659e-19 I I #
point $-1 -1 $-1 2740.880632021014662 1182.745151945639236 81.08117972061364753 #
coedge $-1 -1 $-1 $1728 $827 $1732 $1733 reversed $387 $-1 #
coedge $-1 -1 $-1 $1734 $1735 $827 $1218 reversed $1736 $-1 #
edge $1737 -1 $-1 $1222 -0.01499999999941792339 $1738 0.01500000001396983862 $827 $1739 forward @7 unknown #
coedge $-1 -1 $-1 $828 $1514 $1740 $1741 forward $387 $-1 #
coedge $-1 -1 $-1 $829 $1742 $1734 $1743 reversed $1201 $-1 #
color-adesk-attrib $-1 -1 $-1 $-1 $830 256 #
vertex $-1 -1 $-1 $1218 $1744 #
straight-curve $-1 -1 $-1 2740.880632021014662 1182.507971097459176 80.91858925321903939 -1.548733588456240197e-16 -0.7165968505308445424 -0.6974876011867698899 I I #
loop $-1 -1 $-1 $-1 $1745 $1225 #
face $1746 -1 $-1 $836 $831 $7 $-1 $1747 reversed single #
point $-1 -1 $-1 2740.880632021014662 1182.683954437685315 80.94368302238414969 #
coedge $-1 -1 $-1 $1227 $1227 $1523 $1748 forward $835 $-1 #
color-adesk-attrib $-1 -1 $1749 $-1 $836 2 #
face $1750 -1 $-1 $1751 $1752 $7 $-1 $1753 forward single #
cone-surface $-1 -1 $-1 2735.880635270425955 1182.684954437681881 80.86868302238414685 -1 -4.930380657631323784e-32 3.374459510989180165e-32 -5.423418723394480651e-34 0.01100000000000005487 5.306804743932924454e-18 1 I I -0 1 0.01100000000000005487 reversed I I I I #
material-adesk-attrib $-1 -1 $-1 $839 $394 12 0 #
ref_vt-eye-attrib $-1 -1 $1754 $840 $574 $21 $22 #
color-adesk-attrib $-1 -1 $1755 $-1 $841 2 #
face $1756 -1 $-1 $1757 $908 $7 $-1 $396 forward single #
loop $-1 -1 $-1 $-1 $1468 $841 #
coedge $-1 -1 $-1 $1758 $1759 $856 $1256 forward $842 $-1 #
coedge $-1 -1 $-1 $844 $843 $1760 $1761 reversed $395 $-1 #
coedge $-1 -1 $-1 $1002 $1762 $843 $1239 reversed $1424 $-1 #
edge $1763 -1 $-1 $1242 911.5781790844339412 $1764 1174.999999999682132 $843 $1426 forward @7 unknown #
edge $1765 -1 $-1 $868 911.5781790844295074 $1766 1174.999999999682132 $979 $1422 forward @7 unknown #
color-adesk-attrib $-1 -1 $-1 $-1 $845 2 #
vertex $-1 -1 $-1 $845 $1767 #
coedge $-1 -1 $-1 $1768 $846 $893 $1250 forward $1245 $-1 #
tcoedge-coedge $-1 -1 $-1 $846 $1769 $851 $1252 forward $1245 $1770 0 0.0005000000091968104243 #
loop $-1 -1 $-1 $-1 $1771 $1772 #
color-adesk-attrib $-1 -1 $-1 $-1 $847 2 #
straight-curve $-1 -1 $-1 2740.643135270425773 1182.744954454377876 80.74869789969805822 4.930380657631321594e-32 -1 -4.82436794902990709e-16 I I #
coedge $-1 -1 $-1 $857 $1019 $848 $1249 forward $1258 $-1 #
edge $1773 -1 $-1 $715 -0.9115781790844152965 $587 -0.90557817908442928 $1248 $1774 forward @5 knife #
edge $1775 -1 $-1 $850 0.01250000000436557457 $1776 0.0699999999997089617 $893 $1247 forward @7 unknown #
point $-1 -1 $-1 2740.643135270426683 1182.73245445437351 80.74869789969804401 #
tedge-edge $1777 -1 $-1 $1305 0 $853 0.0005000000091968104243 $1244 $1778 forward @7 unknown 3.020604763775298354e-05 #
pcurve $-1 -1 $-1 0 forward { exppc nubs 3 open 2 
	-0.0005000000091968104243 3 -0 3 
	211.0618759417609454 0.7873813429434379785 
	211.0618759417609454 0.7456322071642862426 
	211.0618759417609454 0.7038765649889624498 
	211.0618759417609454 0.6627521177060257118 
	1.702723899785960907e-09 
	cone 2740.639143187449008 1182.744462371396367 79.90611972061365975 -3.37445951098917907e-32 -1.836970198721029934e-16 -1 0.002822834495581730795 0.002822834495579805252 -5.18546284430181384e-19 1 I I -0 1 0.003992090827984936911 reversed I I I I 
	} 0 0 #
point $-1 -1 $-1 2740.643135270426683 1182.744454454368679 80.74869789969804401 #
tcoedge-coedge $-1 -1 $-1 $1779 $854 $1780 $1781 forward $584 $1782 0 0.0004920829815091565251 #
edge $1783 -1 $-1 $1260 0.0699999999997089617 $1784 0.09999999999854480848 $856 $588 forward @7 unknown #
coedge $-1 -1 $-1 $1019 $857 $1785 $1786 forward $1258 $-1 #
loop $-1 -1 $-1 $-1 $1248 $1455 #
color-adesk-attrib $-1 -1 $-1 $-1 $858 2 #
vertex $-1 -1 $-1 $1256 $1787 #
coedge $-1 -1 $-1 $859 $1788 $1789 $1790 forward $584 $-1 #
coedge $-1 -1 $-1 $1483 $1482 $859 $1263 reversed $1484 $-1 #
edge $1791 -1 $-1 $1792 -0.7000000000000454747 $1784 -0 $859 $1793 forward @7 unknown #
color-adesk-attrib $-1 -1 $1794 $-1 $860 2 #
plane-surface $-1 -1 $-1 2741.343135270425591 1182.744954454377876 80.81169789969807482 -1.0785023667786534e-14 4.82436794902990709e-16 -1 -1 -5.252396057816146116e-30 1.0785023667786534e-14 forward_v I I I I #
coedge $-1 -1 $-1 $1795 $863 $962 $1410 forward $1267 $-1 #
loop $-1 -1 $-1 $-1 $1796 $1797 #
color-adesk-attrib $-1 -1 $-1 $-1 $864 2 #
ellipse-curve $-1 -1 $-1 2740.639135270425868 1182.73245445437351 79.92711972061366055 0.7071067811865475727 -1.298934084353239805e-16 -0.7071067811865475727 0.004000000000000058197 -1.325736584999808277e-19 0.004000000000000057329 0.7071067811865474617 I I #
color-adesk-attrib $-1 -1 $-1 $-1 $865 2 #
straight-curve $-1 -1 $-1 2740.918135270426319 1182.73245445437351 79.93111972061365122 0.001000000000000000021 8.954888635034121223e-35 2.190840101926975221e-19 I I #
point $-1 -1 $-1 2740.643135270426683 1182.674954454378167 80.19454154152923309 #
coedge $-1 -1 $-1 $869 $1071 $1798 $1799 forward $404 $-1 #
coedge $-1 -1 $-1 $1800 $1801 $869 $1275 reversed $1802 $-1 #
edge $1803 -1 $-1 $1804 0.0699999999997089617 $1277 0.09999999999854480848 $869 $1805 forward @7 unknown #
color-adesk-attrib $-1 -1 $-1 $-1 $871 2 #
vertex $-1 -1 $-1 $1275 $1806 #
straight-curve $-1 -1 $-1 2741.343135270425591 1182.644954454379331 80.19454154152923309 1 4.930380657631323784e-32 -3.374459510989180165e-32 I I #
fmesh-eye-attrib $-1 -1 $1807 $872 $596 #
color-adesk-attrib $-1 -1 $1808 $-1 $873 2 #
loop $-1 -1 $-1 $-1 $1440 $873 #
plane-surface $-1 -1 $-1 2741.343135270425591 1182.744954454377876 80.19454154152923309 1 4.930380657631323784e-32 -3.374459510989180165e-32 3.37445951098917907e-32 1.836970198721029934e-16 1 reverse_v I I I I #
tcoedge-coedge $-1 -1 $-1 $1809 $875 $1810 $1811 forward $600 $1812 0 0.0005000000091968104243 #
coedge $-1 -1 $-1 $887 $1813 $875 $1285 forward $1302 $-1 #
edge $1814 -1 $-1 $1815 0 $891 0.7000000000000454747 $875 $1816 forward @7 unknown #
coedge $-1 -1 $-1 $907 $906 $877 $1287 forward $908 $-1 #
edge $1817 -1 $-1 $902 0.0699999999997089617 $1818 0.09999999999854480848 $877 $602 forward @7 unknown #
coedge $-1 -1 $-1 $893 $878 $1819 $1820 forward $894 $-1 #
coedge $-1 -1 $-1 $879 $1821 $1822 $1823 forward $600 $-1 #
coedge $-1 -1 $-1 $1824 $1825 $879 $1291 forward $1826 $-1 #
edge $1827 -1 $-1 $1818 -0.7000000000000454747 $1828 0 $879 $1829 forward @7 unknown #
color-adesk-attrib $-1 -1 $1830 $-1 $880 2 #
face $1831 -1 $-1 $1772 $1832 $7 $-1 $1833 forward single #
loop $-1 -1 $-1 $600 $1834 $880 #
plane-surface $-1 -1 $-1 2740.643135270425773 1182.744954454377876 80.742697899698058 -3.374459510989182355e-32 4.82436794902990709e-16 -1 1 4.930380657631323784e-32 -3.374459510989180165e-32 reverse_v I I I I #
color-adesk-attrib $-1 -1 $-1 $-1 $882 2 #
tvertex-vertex $-1 -1 $-1 $1395 $1835 1.090949470177292763e-11 #
coedge $-1 -1 $-1 $1139 $1396 $883 $1299 forward $1643 $-1 #
edge $1836 -1 $-1 $885 -0.003992082994955126196 $1147 -0.00150000002327033144 $1298 $1837 forward @7 unknown #
point $-1 -1 $-1 2740.643135270426228 1182.744462371396367 80.49361972061393544 #
coedge $-1 -1 $-1 $1813 $887 $1769 $1838 forward $1302 $-1 #
loop $-1 -1 $-1 $-1 $887 $1839 #
pcurve $-1 -1 $-1 0 forward { exppc nubs 1 open 2 
	0 1 0.005999999999999783284 1 
	0.003000000000000113687 -0.3499999999994543032 
	-0.003000000000000113687 -0.3499999999994543032 
	0 
	plane 2740.993135270425228 1182.744954454377876 80.74569789969805811 -9.574432969507089922e-24 1 4.824377192438881842e-16 -3.374459510989182355e-32 4.824377192438881842e-16 -1 reverse_v I I I I 
	} 0 0 #
color-adesk-attrib $-1 -1 $-1 $-1 $888 2 #
tvertex-vertex $-1 -1 $-1 $888 $1840 3.020605763775298424e-05 #
straight-curve $-1 -1 $-1 2740.643135270425773 1182.744954454377876 80.742697899698058 3.374459510989153891e-32 5.257963689659869284e-15 1 F 0 F 0.005999999999999783284 #
point $-1 -1 $-1 2740.643135270425773 1182.744954454377876 80.742697899698058 #
face $1841 -1 $-1 $1839 $894 $7 $-1 $1842 forward single #
coedge $-1 -1 $-1 $1396 $1843 $897 $1310 forward $1643 $-1 #
edge $1844 -1 $-1 $1330 -0.07350000001315493137 $899 -0.01600000001781154424 $1309 $1837 forward @7 unknown #
edge $1845 -1 $-1 $899 -0.01600000001781154424 $885 -0.003992082994955126196 $1396 $1837 forward @7 unknown #
point $-1 -1 $-1 2740.643135270426683 1182.73245445437351 80.49361972061383597 #
point $-1 -1 $-1 2740.643135270426683 1182.674954454378167 80.742697899698058 #
coedge $-1 -1 $-1 $915 $903 $1846 $1847 reversed $285 $-1 #
coedge $-1 -1 $-1 $1848 $1849 $903 $1316 forward $1850 $-1 #
edge $1851 -1 $-1 $1852 0.07350000001315493137 $1321 0.1035000000119907781 $903 $1340 forward @7 unknown #
coedge $-1 -1 $-1 $1853 $904 $1854 $1855 forward $1319 $-1 #
coedge $-1 -1 $-1 $904 $1853 $1856 $1857 forward $1319 $-1 #
loop $-1 -1 $-1 $-1 $1317 $1858 #
color-adesk-attrib $-1 -1 $-1 $-1 $905 2 #
vertex $-1 -1 $-1 $1316 $1859 #
straight-curve $-1 -1 $-1 2740.867485270426187 1182.644954454379331 80.51861972061425377 0.001000000000000000021 4.930380657631324956e-35 -5.624099184981966457e-35 I I #
coedge $-1 -1 $-1 $911 $1819 $906 $1324 forward $980 $-1 #
edge $1860 -1 $-1 $902 363.4218209156045987 $622 587.4999999996788347 $1323 $1422 forward @7 unknown #
coedge $-1 -1 $-1 $1861 $1854 $907 $1326 reversed $1424 $-1 #
edge $1862 -1 $-1 $1818 363.4218209156090325 $910 587.4999999994132622 $907 $1426 forward @7 unknown #
point $-1 -1 $-1 2740.643135270426683 1182.644954454379331 80.51861972061425377 #
coedge $-1 -1 $-1 $1372 $911 $1863 $1864 forward $980 $-1 #
color-adesk-attrib $-1 -1 $-1 $-1 $912 2 #
vertex $-1 -1 $-1 $1310 $1865 #
straight-curve $-1 -1 $-1 2740.643135270426683 1182.674954454378167 81.51861972061382744 1.124819836996392522e-32 1.836970198721030181e-16 1 I I #
material-adesk-attrib $-1 -1 $1866 $-1 $913 12 0 #
face $1867 -1 $-1 $1868 $1869 $7 $-1 $1870 reversed single #
plane-surface $-1 -1 $-1 2740.643135270426683 1182.74845445437677 83.13111972061398092 1 4.930380657631323784e-32 -1.12481983699639348e-32 1.12481983704045494e-35 -8.93671279313331559e-15 0.001000000000000000021 forward_v I I I I #
coedge $-1 -1 $-1 $1871 $1872 $915 $1336 forward $1873 $-1 #
edge $1874 -1 $-1 $1339 0.003992082994955126196 $1875 0.01600000001781154424 $915 $1340 forward @7 unknown #
coedge $-1 -1 $-1 $1141 $916 $1876 $1877 reversed $1142 $-1 #
color-adesk-attrib $-1 -1 $-1 $-1 $917 2 #
tvertex-vertex $-1 -1 $-1 $1336 $1878 7.917037687653913445e-06 #
straight-curve $-1 -1 $-1 2741.343135270426046 1182.748454454391322 80.51861972061334427 4.930380657681583324e-32 -1 8.936414053358286847e-12 I I #
color-adesk-attrib $-1 -1 $1879 $-1 $918 2 #
face $1880 -1 $-1 $1647 $1881 $7 $-1 $1882 reversed single #
coedge $-1 -1 $-1 $920 $920 $1883 $1884 reversed $628 $-1 #
coedge $-1 -1 $-1 $1885 $1886 $920 $1345 reversed $1869 $-1 #
edge $1887 -1 $-1 $1888 -2.981598777519529175 $1889 -0.1599938760702640239 $920 $1890 forward @7 unknown #
coedge $-1 -1 $-1 $1891 $1892 $921 $1347 forward $1359 $-1 #
edge $1893 -1 $-1 $1352 -2.981598778173437658 $1353 -0.159993875416355652 $921 $1894 forward @7 unknown #
coedge $-1 -1 $-1 $1895 $922 $1892 $1896 forward $1350 $-1 #
coedge $-1 -1 $-1 $922 $1897 $1891 $1898 forward $1350 $-1 #
loop $-1 -1 $-1 $-1 $1895 $1868 #
color-adesk-attrib $-1 -1 $-1 $-1 $923 2 #
vertex $-1 -1 $-1 $1347 $1899 #
vertex $-1 -1 $-1 $923 $1900 #
ellipse-curve $-1 -1 $-1 2740.768135270426683 1182.69495444741915 80.51861972061378481 -5.624099184981968766e-32 3.599721149882553636e-16 -1 0.01098476699007005716 5.415908269642847413e-34 -6.177941907606982204e-34 1 I I #
color-adesk-attrib $-1 -1 $-1 $924 $425 2 #
ref_vt-eye-attrib $-1 -1 $1901 $925 $631 $-1 $-1 #
material-adesk-attrib $-1 -1 $1902 $-1 $926 12 0 #
face $1903 -1 $-1 $1904 $1905 $7 $-1 $1906 reversed single #
loop $-1 -1 $-1 $-1 $1907 $926 #
cone-surface $-1 -1 $-1 2740.768135270426683 1182.698454461256915 70.20609334487605224 -5.624099184937906688e-32 -8.936414053358286847e-12 -1 0.01098476699007005716 5.415908269642847413e-34 -6.177941907606982204e-34 1 I I -0 1 0.01098476699007005716 reversed I I I I #
coedge $-1 -1 $-1 $1908 $1909 $1910 $1911 forward $927 $-1 #
coedge $-1 -1 $-1 $1374 $929 $1912 $1913 forward $430 $-1 #
tcoedge-coedge $-1 -1 $-1 $1914 $985 $929 $1364 reversed $520 $1915 -0.0004920829815091565251 -0 #
tedge-edge $1916 -1 $-1 $1368 0 $1917 0.0004920829815091565251 $929 $1918 forward @7 unknown 3.020604901956401402e-05 #
pcurve $-1 -1 $-1 0 forward { exppc nubs 1 open 2 
	0 1 0.0004920829815091565251 1 
	0 0 
	0 -0.0004920829815091565251 
	0 
	plane 2741.343135270425591 1182.744954454377876 80.26354154152924991 -1.0785023667786534e-14 -1.836970198721029934e-16 -1 -1 1.931872900446170935e-30 1.0785023667786534e-14 forward_v I I I I 
	} 0 0 #
tcoedge-coedge $-1 -1 $-1 $930 $944 $1914 $1919 reversed $945 $1920 -0.006000000000007332801 -0 #
color-adesk-attrib $-1 -1 $-1 $-1 $931 2 #
tvertex-vertex $-1 -1 $-1 $931 $1921 3.020605901956401472e-05 #
straight-curve $-1 -1 $-1 2740.643135270425773 1182.744954454377876 80.26354154152926412 1 5.99784821881375737e-29 -1.0785023667786534e-14 I I #
color-adesk-attrib $-1 -1 $-1 $-1 $933 2 #
vertex $-1 -1 $-1 $933 $1922 #
coedge $-1 -1 $-1 $974 $1328 $934 $1373 reversed $980 $-1 #
edge $1923 -1 $-1 $662 0.1787109104577950802 $1400 0.1847109104577953076 $934 $1924 forward @7 unknown #
coedge $-1 -1 $-1 $935 $1362 $1925 $1926 forward $430 $-1 #
coedge $-1 -1 $-1 $997 $996 $935 $1376 reversed $998 $-1 #
edge $1927 -1 $-1 $1928 0.0699999999997089617 $1381 0.09999999999854480848 $935 $1929 forward @7 unknown #
coedge $-1 -1 $-1 $1930 $936 $1931 $1932 reversed $1379 $-1 #
coedge $-1 -1 $-1 $936 $1930 $1423 $1933 reversed $1379 $-1 #
loop $-1 -1 $-1 $-1 $1930 $1385 #
color-adesk-attrib $-1 -1 $-1 $-1 $937 2 #
vertex $-1 -1 $-1 $1376 $1934 #
straight-curve $-1 -1 $-1 2740.643135270425773 1182.644954454379331 80.26354154152926412 -1 -5.99784821881375737e-29 1.0785023667786534e-14 I I #
fmesh-eye-attrib $-1 -1 $1935 $938 $638 #
color-adesk-attrib $-1 -1 $1936 $-1 $939 2 #
face $1937 -1 $-1 $1938 $1379 $7 $-1 $1939 reversed single #
plane-surface $-1 -1 $-1 2740.993135270425228 1182.744954454377876 80.26654154152926424 -9.574432969507089922e-24 1 -1.836979442130004933e-16 3.37445951098917907e-32 1.836979442130004933e-16 1 forward_v I I I I #
coedge $-1 -1 $-1 $955 $941 $951 $1395 forward $1389 $-1 #
coedge $-1 -1 $-1 $941 $1940 $944 $1393 forward $1389 $-1 #
loop $-1 -1 $-1 $-1 $1941 $1942 #
pcurve $-1 -1 $-1 0 forward { exppc nubs 1 open 2 
	0 1 0.0005000000091968104243 1 
	0 0 
	0 -0.0005000000091968104243 
	0 
	plane 2740.643135270425773 1182.744954454377876 80.26954154152926435 3.37445951098917907e-32 1.836970198721029934e-16 1 1 4.930380657631323784e-32 -3.374459510989180165e-32 forward_v I I I I 
	} 0 0 #
color-adesk-attrib $-1 -1 $-1 $-1 $942 2 #
straight-curve $-1 -1 $-1 2740.643135270425773 1182.744954454377876 80.26954154152926435 4.930380657631323784e-32 -1 1.836970198721029934e-16 F 0 F 0.0005000000091968104243 #
edge $1943 -1 $-1 $1944 0 $948 0.7000000000000454747 $1388 $1945 forward @7 unknown #
point $-1 -1 $-1 2740.643135270425773 1182.744954454377876 80.26954154152926435 #
edge $1946 -1 $-1 $1297 0.0005000000091968104243 $651 0.01250000000436557457 $1387 $1401 forward @7 unknown #
coedge $-1 -1 $-1 $1298 $1309 $952 $1311 forward $1643 $-1 #
face $1947 -1 $-1 $444 $953 $7 $-1 $58 forward single #
coedge $-1 -1 $-1 $1941 $955 $1948 $1949 forward $1389 $-1 #
color-adesk-attrib $-1 -1 $-1 $-1 $956 2 #
vertex $-1 -1 $-1 $1949 $1950 #
straight-curve $-1 -1 $-1 2740.643135270425773 1182.744954454377876 80.26954154152926435 4.930380657631323784e-32 -1 1.836970198721029934e-16 I I #
ref_vt-eye-attrib $-1 -1 $1951 $-1 $957 $-1 $-1 #
face $1952 -1 $-1 $1953 $1954 $7 $-1 $1955 forward single #
plane-surface $-1 -1 $-1 2740.643135270425773 1182.744954454377876 80.26354154152926412 -1 -4.930380657631323784e-32 3.374459510989180165e-32 3.37445951098917907e-32 1.836970198721029934e-16 1 forward_v I I I I #
coedge $-1 -1 $-1 $959 $1956 $961 $1409 reversed $737 $-1 #
color-adesk-attrib $-1 -1 $-1 $-1 $960 2 #
ellipse-curve $-1 -1 $-1 2740.639135270425868 1182.73245445437351 81.0851197206136618 -0.7071067811865475727 3.411343291698083969e-16 -0.7071067811865475727 0.004000000000000058197 1.06238544162358733e-18 -0.004000000000000057329 0.7071067811865474617 I I #
coedge $-1 -1 $-1 $962 $961 $1957 $1958 forward $963 $-1 #
edge $1959 -1 $-1 $966 -278.999999999996362 $1960 429.0000000000873115 $961 $1961 forward @7 tangent #
edge $1962 -1 $-1 $965 -278.999999999996362 $1963 429.0000000000873115 $962 $1964 forward @7 tangent #
face $1965 -1 $-1 $109 $1966 $7 $-1 $1967 forward single #
point $-1 -1 $-1 2740.639135270425868 1182.728454454379971 79.92711972061366055 #
point $-1 -1 $-1 2740.639135270425868 1182.728454454379971 81.08511972061364759 #
color-adesk-attrib $-1 -1 $-1 $968 $444 2 #
material-adesk-attrib $-1 -1 $1968 $969 $659 12 0 #
color-adesk-attrib $-1 -1 $1969 $-1 $970 2 #
face $1970 -1 $-1 $1971 $1972 $7 $-1 $1973 reversed single #
loop $-1 -1 $-1 $1974 $1975 $970 #
plane-surface $-1 -1 $-1 2740.62227841127924 1182.684453399349877 79.90611972061365975 0.9999998608640824349 0.0005275147542348197598 -9.690288829153494984e-20 3.374459510989179233e-35 1.836970198721030077e-19 0.001000000000000000021 reverse_v I I I I #
coedge $-1 -1 $-1 $1976 $1977 $1978 $1979 reversed $971 $-1 #
color-adesk-attrib $-1 -1 $-1 $-1 $975 2 #
straight-curve $-1 -1 $-1 2740.643135270426683 1182.674954454378167 81.10611972061366259 -3.37445951098918244e-35 4.82436794902990786e-19 -0.001000000000000000021 I I #
coedge $-1 -1 $-1 $1980 $976 $1378 $1933 forward $1424 $-1 #
loop $-1 -1 $-1 $-1 $1981 $1971 #
color-adesk-attrib $-1 -1 $-1 $-1 $977 2 #
straight-curve $-1 -1 $-1 2740.643135270426683 1182.644954454364779 81.10611972061366259 -3.37445951098918244e-35 4.82436794902990786e-19 -0.001000000000000000021 I I #
coedge $-1 -1 $-1 $1982 $979 $1983 $1984 reversed $980 $-1 #
coedge $-1 -1 $-1 $1785 $1985 $1986 $1987 forward $980 $-1 #
face $1988 -1 $-1 $1989 $980 $7 $-1 $1990 forward single #
coedge $-1 -1 $-1 $1912 $983 $1991 $1992 reversed $1432 $-1 #
coedge $-1 -1 $-1 $983 $1912 $985 $1435 reversed $1432 $-1 #
loop $-1 -1 $-1 $-1 $983 $1606 #
color-adesk-attrib $-1 -1 $-1 $-1 $984 2 #
vertex $-1 -1 $-1 $995 $1993 #
edge $1994 -1 $-1 $989 294.421820915587773 $1917 357.4218209155901604 $985 $1508 forward @7 tangent #
pcurve $-1 -1 $-1 0 forward { exppc nubs 1 open 2 
	-0.006000000000007332801 1 -0 1 
	72.24831130938281376 0.6627521177764644777 
	73.75128312503882455 0.6627521177764648108 
	3.279860342492059245e-13 
	cone 2741.347127353404176 1182.744462371396367 79.90611972061365975 3.37445951098917907e-32 1.836970198721029934e-16 1 -0.002822834495581730795 0.002822834495579805252 -5.185462844301811914e-19 1 I I 0 1 0.003992090827984936911 forward I I I I 
	} 0 0 #
point $-1 -1 $-1 2741.343135270425591 1182.744462371396367 80.20054154152924752 #
color-adesk-attrib $-1 -1 $-1 $-1 $991 2 #
straight-curve $-1 -1 $-1 2741.343135270425591 1182.744954454377876 80.20054154152924752 -3.374459510989150606e-32 -5.924097504434963208e-15 -1 F 0 F 0.006000000000007332801 #
coedge $-1 -1 $-1 $1798 $994 $1995 $1996 forward $1281 $-1 #
coedge $-1 -1 $-1 $994 $1798 $1997 $1998 forward $1281 $-1 #
color-adesk-attrib $-1 -1 $-1 $-1 $995 2 #
coedge $-1 -1 $-1 $1004 $1931 $996 $1444 reversed $1182 $-1 #
edge $1999 -1 $-1 $687 294.4218209155807813 $1381 357.4218209155831687 $996 $2000 forward @7 unknown #
coedge $-1 -1 $-1 $2001 $1995 $997 $1446 forward $1701 $-1 #
edge $2002 -1 $-1 $1000 294.421820915587773 $1928 357.4218209155901604 $1445 $2003 forward @7 unknown #
face $2004 -1 $-1 $2005 $998 $7 $-1 $2006 forward single #
point $-1 -1 $-1 2741.343135270426501 1182.674954454378167 80.20054154152924752 #
color-adesk-attrib $-1 -1 $-1 $-1 $1003 2 #
straight-curve $-1 -1 $-1 2740.643135270425773 1182.644954454379331 80.19454154152923309 -3.374459510989150606e-32 -5.924097504434963208e-15 -1 I I #
coedge $-1 -1 $-1 $2007 $1004 $1801 $2008 reversed $1182 $-1 #
color-adesk-attrib $-1 -1 $-1 $-1 $1005 2 #
straight-curve $-1 -1 $-1 2741.343135270425591 1182.644954454379331 80.20054154152924752 3.374459510989150606e-32 5.924097504434963208e-15 1 I I #
color-adesk-attrib $-1 -1 $2009 $-1 $1006 2 #
face $2010 -1 $-1 $706 $1258 $7 $-1 $2011 forward single #
plane-surface $-1 -1 $-1 2740.993135270425228 1182.644954454379331 80.1975415415292332 -9.020123650801315942e-23 1 -1.836971672307968027e-16 -3.37445951098917907e-32 -1.836971672307968027e-16 -1 reverse_v I I I I #
ref_vt-eye-attrib $-1 -1 $-1 $1009 $463 $-1 $-1 #
fmesh-eye-attrib $-1 -1 $2012 $1010 $691 #
tcoedge-coedge $-1 -1 $-1 $1022 $1780 $1014 $1460 forward $520 $2013 0 0.006000000000007332801 #
tedge-edge $2014 -1 $-1 $1463 0 $1026 0.006000000000007332801 $1014 $2015 forward @7 unknown 3.020604901956401402e-05 #
pcurve $-1 -1 $-1 0 forward { exppc nubs 1 open 2 
	-0.006000000000007332801 1 0 1 
	0.003000000000014324542 0.3500000000003637979 
	-0.003000000000000113687 0.3500000000003637979 
	0 
	plane 2740.993135270425228 1182.744954454377876 80.81469789969807493 -9.574432969507089922e-24 1 4.824358705620932337e-16 3.374459510989182355e-32 -4.824358705620932337e-16 1 forward_v I I I I 
	} 0 0 #
color-adesk-attrib $-1 -1 $-1 $-1 $1015 2 #
tvertex-vertex $-1 -1 $-1 $1015 $2016 3.020605901956401472e-05 #
straight-curve $-1 -1 $-1 2740.643135270425773 1182.744954454377876 80.81169789969807482 1 6.716275114639989216e-29 -1.0785023667786534e-14 I I #
color-adesk-attrib $-1 -1 $2017 $-1 $1016 2 #
face $2018 -1 $-1 $918 $1484 $7 $-1 $2019 reversed single #
plane-surface $-1 -1 $-1 2740.993135270425228 1182.744954454377876 80.81469789969807493 -9.574432969507089922e-24 1 4.824358705620932337e-16 3.374459510989182355e-32 -4.824358705620932337e-16 1 forward_v I I I I #
coedge $-1 -1 $-1 $1986 $2020 $1018 $1469 reversed $1235 $-1 #
edge $2021 -1 $-1 $1471 0.0699999999997089617 $1486 0.09999999999854480848 $1018 $716 forward @7 unknown #
color-adesk-attrib $-1 -1 $-1 $-1 $1020 2 #
vertex $-1 -1 $-1 $1469 $2022 #
coedge $-1 -1 $-1 $1021 $1028 $2023 $2024 reversed $471 $-1 #
coedge $-1 -1 $-1 $2025 $1047 $1021 $1474 forward $1506 $-1 #
edge $2026 -1 $-1 $1477 0.0005000000091968104243 $2027 0.01250000000436557457 $1021 $2028 forward @7 unknown #
pcurve $-1 -1 $-1 0 forward { exppc nubs 3 open 2 
	0 3 0.0005000000091968104243 3 
	228.3460518218086293 0.6627521177764930105 
	228.3460518218086293 0.7038765650456592082 
	228.3460518218086293 0.7456322071833123566 
	228.3460518218086293 0.7873813429434411981 
	1.702774536269757336e-09 
	cone 2741.347127353404176 1182.744462371396367 79.90611972061365975 3.37445951098917907e-32 1.836970198721029934e-16 1 -0.002822834495581730795 0.002822834495579805252 -5.185462844301811914e-19 1 I I 0 1 0.003992090827984936911 forward I I I I 
	} 0 0 #
color-adesk-attrib $-1 -1 $-1 $-1 $1023 2 #
tvertex-vertex $-1 -1 $-1 $1474 $2029 1.090949470177292763e-11 #
straight-curve $-1 -1 $-1 2741.343135270425591 1182.744954454377876 80.81769789969807505 4.930380657631321594e-32 -1 -4.82436794902990709e-16 F 0 F 0.0005000000091968104243 #
point $-1 -1 $-1 2741.343135270425591 1182.744954454377876 80.81769789969807505 #
coedge $-1 -1 $-1 $2030 $2031 $1028 $1481 forward $2032 $-1 #
edge $2033 -1 $-1 $2034 0.0699999999997089617 $1487 0.09999999999854480848 $1028 $2028 forward @7 unknown #
coedge $-1 -1 $-1 $1262 $1029 $2035 $2036 reversed $1484 $-1 #
coedge $-1 -1 $-1 $1029 $1262 $2037 $2038 reversed $1484 $-1 #
loop $-1 -1 $-1 $-1 $1029 $1466 #
color-adesk-attrib $-1 -1 $-1 $-1 $1030 2 #
vertex $-1 -1 $-1 $1469 $2039 #
vertex $-1 -1 $-1 $1481 $2040 #
straight-curve $-1 -1 $-1 2741.343135270425591 1182.644954454379331 80.81769789969807505 1 4.930380657631323784e-32 -3.374459510989180165e-32 I I #
fmesh-eye-attrib $-1 -1 $2041 $1031 $706 #
color-adesk-attrib $-1 -1 $2042 $-1 $1032 2 #
loop $-1 -1 $-1 $-1 $2043 $1032 #
plane-surface $-1 -1 $-1 2741.343135270425591 1182.744954454377876 80.81769789969807505 1 4.930380657631323784e-32 -3.374459510989180165e-32 -3.374459510989182355e-32 4.82436794902990709e-16 -1 forward_v I I I I #
color-adesk-attrib $-1 -1 $-1 $-1 $1036 2 #
straight-curve $-1 -1 $-1 2740.918135270426319 1182.73245445437351 81.08111972061365691 0.001000000000000000021 1.549979942681724046e-34 -2.190840101926976184e-19 I I #
coedge $-1 -1 $-1 $1051 $1039 $2044 $2045 reversed $207 $-1 #
edge $2046 -1 $-1 $2047 0.487503249410110584 $1500 0.5125032494102015335 $1191 $2048 forward @7 unknown #
coedge $-1 -1 $-1 $2049 $1040 $1043 $1504 forward $1192 $-1 #
coedge $-1 -1 $-1 $1040 $1130 $1709 $2050 forward $1192 $-1 #
color-adesk-attrib $-1 -1 $-1 $-1 $1041 256 #
vertex $-1 -1 $-1 $1041 $2051 #
ellipse-curve $-1 -1 $-1 2741.130638519836339 1182.744462371396367 81.08511180359120374 -1 4.499510266254410666e-12 -2.220446049228605354e-16 -6.184379014023263351e-19 0.002822834495579806553 -0.002822834495581729494 1 I I #
coedge $-1 -1 $-1 $1043 $1042 $2052 $2053 reversed $1044 $-1 #
coedge $-1 -1 $-1 $1047 $2025 $1042 $1049 forward $1506 $-1 #
edge $2054 -1 $-1 $1046 0.002000000006546542863 $2055 0.01400000000171530701 $1497 $2056 forward @7 unknown #
point $-1 -1 $-1 2741.130638519836339 1182.744454454368679 81.08111972061365691 #
loop $-1 -1 $-1 $-1 $1473 $2057 #
color-adesk-attrib $-1 -1 $-1 $-1 $1048 2 #
straight-curve $-1 -1 $-1 2741.343135270426501 1182.744454454368679 79.90611972061365975 3.374459510989179233e-35 1.836970198721030077e-19 0.001000000000000000021 I I #
color-adesk-attrib $-1 -1 $-1 $-1 $1049 2 #
vertex $-1 -1 $-1 $2058 $2059 #
straight-curve $-1 -1 $-1 2741.343135270426501 1183.542561989328533 81.08111972061365691 -4.930380657631321594e-32 1 4.82436794902990709e-16 I I #
coedge $-1 -1 $-1 $2060 $2061 $1051 $1513 forward $1537 $-1 #
edge $2062 -1 $-1 $1516 -37.50324941165672499 $2063 187.5032494099286851 $1512 $491 forward @7 unknown #
coedge $-1 -1 $-1 $1219 $1052 $2061 $2064 forward $387 $-1 #
color-adesk-attrib $-1 -1 $-1 $-1 $1053 256 #
vertex $-1 -1 $-1 $2064 $2065 #
ellipse-curve $-1 -1 $-1 2740.880632021014662 1182.744462371396367 81.08511180359120374 -1 -1.564262941018461677e-31 2.220446049250313574e-16 -6.184379014023263351e-19 0.002822834495579806553 -0.002822834495581729494 1 I I #
coedge $-1 -1 $-1 $2066 $1054 $2067 $2068 reversed $727 $-1 #
coedge $-1 -1 $-1 $1206 $1122 $1054 $1520 forward $774 $-1 #
edge $2069 -1 $-1 $2070 1.259524289683128018 $1213 1.52202428968313086 $1519 $2071 forward @7 unknown #
edge $2072 -1 $-1 $1722 0.6119758423112399148 $1061 0.7853981633971068854 $1055 $2073 forward @7 unknown #
loop $-1 -1 $-1 $-1 $2074 $1058 #
coedge $-1 -1 $-1 $1523 $1523 $1227 $1748 reversed $1056 $-1 #
coedge $-1 -1 $-1 $1057 $2066 $2075 $2076 forward $727 $-1 #
edge $2077 -1 $-1 $2078 0.1959388464650266837 $1203 0.1960248694941451597 $1057 $2079 forward @7 unknown #
material-adesk-attrib $-1 -1 $2080 $-1 $1058 12 0 #
face $2081 -1 $-1 $1225 $2082 $7 $-1 $2083 reversed single #
plane-surface $-1 -1 $-1 2740.855632021014571 1182.748454454384046 80.43117972061364185 -1 -4.499142872214666586e-12 2.22044604922860782e-16 -2.220446049250313609e-19 4.82436794902990786e-19 -0.001000000000000000021 reverse_v I I I I #
point $-1 -1 $-1 2740.855632021014571 1182.73245445437351 81.08111972061365691 #
ref_vt-eye-attrib $-1 -1 $2084 $1063 $732 $-1 $-1 #
color-adesk-attrib $-1 -1 $2085 $-1 $1064 2 #
face $2086 -1 $-1 $2087 $2088 $7 $-1 $2089 forward single #
plane-surface $-1 -1 $-1 2740.618135270426137 1182.681244404775498 81.08724193900772548 -1.569949117057546419e-16 0.6974876011867698899 -0.7165968505308445424 -0.001000000000000000021 -1.549979942681724046e-34 2.190840101926976184e-19 forward_v I I I I #
color-adesk-attrib $-1 -1 $-1 $1067 $493 2 #
ref_vt-eye-attrib $-1 -1 $2090 $1068 $736 $-1 $-1 #
color-adesk-attrib $-1 -1 $2091 $-1 $1069 2 #
loop $-1 -1 $-1 $-1 $2061 $1069 #
coedge $-1 -1 $-1 $1740 $1070 $1196 $1718 reversed $737 $-1 #
coedge $-1 -1 $-1 $1107 $2092 $1071 $1540 reversed $1588 $-1 #
edge $2093 -1 $-1 $1543 0.0005000000091968104243 $2094 0.01250000000436557457 $1071 $1805 forward @7 unknown #
pcurve $-1 -1 $-1 0 forward { exppc nubs 3 open 2 
	-0.0005000000091968104243 3 -0 3 
	72.24831130937926105 0.7873813429434124433 
	72.24831130937926105 0.7456322071832836018 
	72.24831130937926105 0.7038765650456304535 
	72.24831130937926105 0.6627521177764644777 
	1.702774536269757336e-09 
	cone 2741.347127353404176 1182.744462371396367 79.90611972061365975 3.37445951098917907e-32 1.836970198721029934e-16 1 -0.002822834495581730795 0.002822834495579805252 -5.185462844301811914e-19 1 I I 0 1 0.003992090827984936911 forward I I I I 
	} 0 0 #
color-adesk-attrib $-1 -1 $-1 $-1 $1073 2 #
tvertex-vertex $-1 -1 $-1 $1540 $2095 1.090949470177292763e-11 #
straight-curve $-1 -1 $-1 2741.343135270425591 1182.744954454377876 80.19454154152923309 4.930380657631323784e-32 -1 1.836970198721029934e-16 F 0 F 0.0005000000091968104243 #
point $-1 -1 $-1 2741.343135270425591 1182.744954454377876 80.19454154152923309 #
coedge $-1 -1 $-1 $1078 $2096 $1088 $1560 reversed $1267 $-1 #
coedge $-1 -1 $-1 $1099 $1079 $2097 $2098 reversed $216 $-1 #
coedge $-1 -1 $-1 $2099 $2100 $1079 $1549 reversed $1574 $-1 #
edge $2101 -1 $-1 $1554 -37.50324941165672499 $2102 187.5032494099286851 $1548 $513 forward @7 unknown #
coedge $-1 -1 $-1 $2103 $1080 $1083 $1557 forward $1552 $-1 #
coedge $-1 -1 $-1 $1080 $2104 $2099 $2105 forward $1552 $-1 #
loop $-1 -1 $-1 $2106 $2107 $1189 #
color-adesk-attrib $-1 -1 $-1 $-1 $1081 256 #
vertex $-1 -1 $-1 $2105 $2108 #
ellipse-curve $-1 -1 $-1 2740.880632021014662 1182.744462371396367 79.9271276376361044 -1 -9.009273877971997771e-32 -2.220446049250312834e-16 -6.184379014023261425e-19 0.002822834495579805685 0.002822834495581730361 1 I I #
coedge $-1 -1 $-1 $1083 $1082 $2109 $2110 reversed $1084 $-1 #
edge $2111 -1 $-1 $1086 -3.302508744809529162 $2112 -1.500000015994373825 $1550 $2113 forward @7 unknown #
point $-1 -1 $-1 2740.880632021014662 1182.745151945639236 79.9310597206136606 #
coedge $-1 -1 $-1 $1091 $1088 $2114 $2115 forward $754 $-1 #
edge $2116 -1 $-1 $1094 -0.7853981633971073295 $2117 -0.6119758423106270717 $1088 $2118 forward @7 unknown #
coedge $-1 -1 $-1 $1089 $2119 $2120 $2121 forward $754 $-1 #
coedge $-1 -1 $-1 $1608 $2109 $1089 $1563 forward $1121 $-1 #
edge $2122 -1 $-1 $1565 0.2969642896831317103 $2123 0.5594642896831345524 $1562 $2124 forward @7 unknown #
color-adesk-attrib $-1 -1 $-1 $-1 $1090 2 #
vertex $-1 -1 $-1 $1563 $2125 #
straight-curve $-1 -1 $-1 2740.855632021015026 1182.644954454379331 79.9310597206136606 4.499142872214666498e-15 -0.001000000000000000021 1.836970198731020116e-19 I I #
coedge $-1 -1 $-1 $2119 $1091 $2126 $2127 forward $754 $-1 #
coedge $-1 -1 $-1 $2128 $2129 $1091 $1569 reversed $2130 $-1 #
edge $2131 -1 $-1 $2132 -0.1960248694941451597 $2133 -0.1959388464650266837 $1091 $2134 forward @7 unknown #
point $-1 -1 $-1 2740.855632021014571 1182.73245445437351 79.93111972061365122 #
ref_vt-eye-attrib $-1 -1 $2135 $1096 $759 $1151 $1152 #
material-adesk-attrib $-1 -1 $2136 $-1 $1097 12 0 #
face $2137 -1 $-1 $2138 $2130 $7 $-1 $2139 forward single #
loop $-1 -1 $-1 $-1 $2099 $1097 #
coedge $-1 -1 $-1 $2140 $2141 $1099 $1576 forward $2142 $-1 #
edge $2143 -1 $-1 $1581 -0.5125032494102015335 $2144 -0.487503249410110584 $1575 $2145 forward @7 unknown #
coedge $-1 -1 $-1 $1613 $1100 $2141 $2146 reversed $1579 $-1 #
coedge $-1 -1 $-1 $1100 $2147 $1102 $1584 forward $1579 $-1 #
loop $-1 -1 $-1 $2148 $2149 $1751 #
color-adesk-attrib $-1 -1 $-1 $-1 $1101 256 #
vertex $-1 -1 $-1 $1576 $2150 #
ellipse-curve $-1 -1 $-1 2741.130638519836339 1182.744462371396367 79.9271276376361044 -1 4.499510266254410666e-12 2.220446049242048037e-16 -6.184379014023261425e-19 0.002822834495579805685 0.002822834495581730361 1 I I #
coedge $-1 -1 $-1 $1103 $1102 $2151 $2152 forward $1104 $-1 #
edge $2153 -1 $-1 $2154 -0.01400000000171530701 $1106 -0.002000000006546542863 $1578 $2155 forward @7 unknown #
coedge $-1 -1 $-1 $2092 $1107 $1103 $1109 reversed $1588 $-1 #
face $2156 -1 $-1 $759 $1104 $7 $-1 $1098 forward single #
point $-1 -1 $-1 2741.130638519836339 1182.744454454368679 79.93111972061365122 #
loop $-1 -1 $-1 $-1 $1539 $1119 #
color-adesk-attrib $-1 -1 $-1 $-1 $1108 2 #
color-adesk-attrib $-1 -1 $-1 $-1 $1109 2 #
vertex $-1 -1 $-1 $2157 $2158 #
straight-curve $-1 -1 $-1 2741.343135270426501 1183.542561989328533 79.93111972061365122 -4.930380657631323784e-32 1 -1.836970198721029934e-16 I I #
material-adesk-attrib $-1 -1 $-1 $1111 $338 12 0 #
ref_vt-eye-attrib $-1 -1 $2159 $1112 $518 $1151 $1152 #
fmesh-eye-attrib $-1 -1 $2160 $1113 $770 #
color-adesk-attrib $-1 -1 $2161 $-1 $1114 2 #
face $2162 -1 $-1 $2163 $2164 $7 $-1 $2165 forward single #
loop $-1 -1 $-1 $-1 $2166 $1114 #
plane-surface $-1 -1 $-1 2740.618135270426137 1182.644954454379331 79.90611972061365975 2.190840101926975382e-16 -1.836970198721029934e-16 -1 0.001000000000000000021 8.954888635034121223e-35 2.190840101926975221e-19 reverse_v I I I I #
coedge $-1 -1 $-1 $2167 $1117 $1692 $2168 reversed $771 $-1 #
coedge $-1 -1 $-1 $1117 $2167 $2169 $2170 forward $771 $-1 #
coedge $-1 -1 $-1 $2171 $2172 $1117 $1603 reversed $2173 $-1 #
edge $2174 -1 $-1 $2175 -1.570796326795046438 $2176 0.1396263404293885679 $1117 $2177 forward @7 unknown #
material-adesk-attrib $-1 -1 $2178 $1118 $773 12 0 #
material-adesk-attrib $-1 -1 $2179 $-1 $1119 12 0 #
face $2180 -1 $-1 $2181 $1432 $7 $-1 $1607 forward single #
plane-surface $-1 -1 $-1 2741.343135270426501 1182.73245445437351 79.90611972061365975 -1 -4.930380657631323784e-32 3.374459510989180165e-32 3.374459510989179233e-35 1.836970198721030077e-19 0.001000000000000000021 forward_v I I I I #
coedge $-1 -1 $-1 $2182 $1562 $2183 $2184 forward $1121 $-1 #
coedge $-1 -1 $-1 $1122 $1206 $1208 $1729 forward $774 $-1 #
coedge $-1 -1 $-1 $2185 $2067 $1122 $1611 reversed $2082 $-1 #
edge $2186 -1 $-1 $2187 -0.1437483752943080617 $2070 -0.1187483752946718596 $1122 $2188 forward @7 unknown #
coedge $-1 -1 $-1 $1124 $1123 $2189 $2190 forward $525 $-1 #
coedge $-1 -1 $-1 $2191 $1577 $1123 $1614 reversed $1579 $-1 #
edge $2192 -1 $-1 $1622 -0.5594642896831345524 $2193 -0.2969642896831317103 $1123 $2194 forward @7 unknown #
coedge $-1 -1 $-1 $2195 $2196 $1124 $1616 reversed $2197 $-1 #
edge $2198 -1 $-1 $2199 0.2969642896831317103 $1621 0.5594642896831345524 $1124 $2200 forward @7 unknown #
coedge $-1 -1 $-1 $2201 $1125 $2196 $2202 forward $1619 $-1 #
coedge $-1 -1 $-1 $1125 $2201 $2191 $2203 forward $1619 $-1 #
loop $-1 -1 $-1 $-1 $1125 $2204 #
color-adesk-attrib $-1 -1 $-1 $-1 $1126 256 #
vertex $-1 -1 $-1 $1126 $2205 #
vertex $-1 -1 $-1 $1126 $2206 #
straight-curve $-1 -1 $-1 2740.874386895131465 1182.746954454368051 80.19355972061367765 1 2.775557561562891351e-17 -3.884321163531763045e-32 I I #
coedge $-1 -1 $-1 $1710 $1709 $1127 $1625 reversed $812 $-1 #
edge $2207 -1 $-1 $1630 0.2375016247051462415 $1634 0.2625016247052371909 $1127 $2208 forward @7 unknown #
coedge $-1 -1 $-1 $2209 $1128 $1133 $1638 forward $1628 $-1 #
coedge $-1 -1 $-1 $1128 $2044 $1710 $2210 forward $1628 $-1 #
loop $-1 -1 $-1 $2211 $2212 $2213 #
color-adesk-attrib $-1 -1 $-1 $-1 $1129 256 #
vertex $-1 -1 $-1 $1129 $2214 #
straight-curve $-1 -1 $-1 2741.105638519836248 1182.746954454368051 79.55915543093051667 -2.220446049250310862e-16 -6.162975822039148572e-33 1 I I #
coedge $-1 -1 $-1 $1130 $2215 $1132 $1637 forward $1192 $-1 #
color-adesk-attrib $-1 -1 $-1 $-1 $1131 256 #
vertex $-1 -1 $-1 $1131 $2216 #
straight-curve $-1 -1 $-1 2741.130638519836339 1182.746954454368051 79.55915543093051667 2.220446049228605354e-16 6.162975821978903685e-33 -1 I I #
coedge $-1 -1 $-1 $1133 $1132 $2217 $2218 reversed $1134 $-1 #
edge $2219 -1 $-1 $2220 -2.603500000004714821 $1136 -2.501500000015994374 $1632 $2221 forward @7 unknown #
edge $2222 -1 $-1 $1137 2.449750000009998985 $2223 2.551749999998719431 $1626 $2224 forward @7 unknown #
face $2225 -1 $-1 $2226 $1134 $7 $-1 $2227 reversed single #
point $-1 -1 $-1 2741.130638519836339 1182.746954454368051 80.81867972061364469 #
point $-1 -1 $-1 2741.105638519836248 1182.746954454368051 80.81867972061364469 #
coedge $-1 -1 $-1 $2228 $1139 $1141 $1646 forward $1643 $-1 #
loop $-1 -1 $-1 $2229 $1139 $2230 #
color-adesk-attrib $-1 -1 $-1 $-1 $1140 256 #
straight-curve $-1 -1 $-1 2740.592810270426526 1182.746954454368051 80.49361972061397807 -1 -2.775557561562891351e-17 -2.480323594865996231e-28 I I #
edge $2231 -1 $-1 $1144 0.00150000002327033144 $2232 0.003992082994955126196 $1642 $2233 forward @7 unknown #
face $2234 -1 $-1 $2235 $1142 $7 $-1 $2236 reversed single #
point $-1 -1 $-1 2741.343135270426046 1182.746954454368051 80.49361972061394965 #
point $-1 -1 $-1 2740.643135270426228 1182.746954454368051 80.49361972061396386 #
material-adesk-attrib $-1 -1 $-1 $1153 $359 12 0 #
color-adesk-attrib $-1 -1 $-1 $1154 $538 2 #
ref_vt-eye-attrib $-1 -1 $2237 $1155 $792 $4 $5 #
material-adesk-attrib $-1 -1 $2238 $-1 $1156 12 0 #
face $2239 -1 $-1 $2240 $2241 $7 $-1 $2242 forward single #
loop $-1 -1 $-1 $-1 $2243 $1156 #
coedge $-1 -1 $-1 $1656 $1656 $2244 $2245 forward $1158 $-1 #
coedge $-1 -1 $-1 $1657 $1657 $1159 $1658 reversed $2246 $-1 #
edge $2247 -1 $-1 $2248 -3.141592653589793116 $2248 3.141592653589793116 $1159 $2249 forward @7 unknown #
coedge $-1 -1 $-1 $1161 $1160 $1674 $2250 forward $539 $-1 #
edge $2251 -1 $-1 $1677 0 $1667 749.9999999997726263 $1164 $2252 forward @7 unknown #
coedge $-1 -1 $-1 $2253 $2254 $1161 $1662 reversed $2255 $-1 #
edge $2256 -1 $-1 $2257 0 $1668 749.9999999997726263 $1161 $2258 forward @7 unknown #
coedge $-1 -1 $-1 $2259 $1162 $2260 $2261 reversed $1665 $-1 #
coedge $-1 -1 $-1 $1162 $2259 $1670 $2262 reversed $1665 $-1 #
loop $-1 -1 $-1 $-1 $1664 $2263 #
color-adesk-attrib $-1 -1 $-1 $-1 $1163 2 #
vertex $-1 -1 $-1 $2262 $2264 #
vertex $-1 -1 $-1 $1163 $2265 #
straight-curve $-1 -1 $-1 2741.368135270426137 1183.492811989337497 81.10611972061366259 4.930380657631321594e-32 -1 -4.82436794902990709e-16 I I #
coedge $-1 -1 $-1 $1165 $1164 $1664 $2262 forward $541 $-1 #
coedge $-1 -1 $-1 $2166 $2266 $1165 $1672 forward $1598 $-1 #
edge $2267 -1 $-1 $1678 0 $2268 749.9999999997726263 $1165 $2269 forward @7 unknown #
coedge $-1 -1 $-1 $2270 $1166 $2266 $2271 forward $1675 $-1 #
coedge $-1 -1 $-1 $1166 $2270 $1659 $2250 reversed $1675 $-1 #
loop $-1 -1 $-1 $-1 $1166 $2272 #
color-adesk-attrib $-1 -1 $-1 $-1 $1167 2 #
vertex $-1 -1 $-1 $2250 $2273 #
vertex $-1 -1 $-1 $2271 $2274 #
straight-curve $-1 -1 $-1 2740.618135270426137 1182.76495445436808 82.32510829997991664 -6.748919021978361425e-32 2.987397750308876909e-16 -1 I I #
coedge $-1 -1 $-1 $2275 $2276 $1168 $1681 reversed $1881 $-1 #
edge $2277 -1 $-1 $1686 0.1868351257062386139 $1691 0.9207622006888414035 $1168 $2278 forward @7 unknown #
coedge $-1 -1 $-1 $2279 $1169 $1174 $1694 reversed $1684 $-1 #
coedge $-1 -1 $-1 $1169 $2279 $2275 $2280 reversed $1684 $-1 #
loop $-1 -1 $-1 $-1 $1683 $2281 #
color-adesk-attrib $-1 -1 $-1 $-1 $1170 2 #
vertex $-1 -1 $-1 $1681 $2282 #
coedge $-1 -1 $-1 $2283 $1171 $2276 $2284 reversed $1689 $-1 #
coedge $-1 -1 $-1 $1171 $2283 $1173 $1693 reversed $1689 $-1 #
loop $-1 -1 $-1 $-1 $1687 $2285 #
color-adesk-attrib $-1 -1 $-1 $-1 $1172 2 #
vertex $-1 -1 $-1 $1172 $2286 #
coedge $-1 -1 $-1 $1174 $1173 $1600 $2168 forward $1115 $-1 #
edge $2287 -1 $-1 $1176 2.399797228826442641 $2288 2.415137967892138526 $1173 $2289 forward @7 unknown #
edge $2290 -1 $-1 $2176 -0.8381131357085730427 $1177 -0.8227723966428777125 $1174 $2291 forward @7 unknown #
point $-1 -1 $-1 2740.62617173293529 1182.764954454367398 79.91415618312309732 #
point $-1 -1 $-1 2741.360098807916529 1182.764954454367398 79.91415618312309732 #
color-adesk-attrib $-1 -1 $-1 $1179 $543 2 #
material-adesk-attrib $-1 -1 $2292 $1180 $802 12 0 #
material-adesk-attrib $-1 -1 $2293 $-1 $1181 12 0 #
face $2294 -1 $-1 $2295 $2296 $7 $-1 $2297 forward single #
loop $-1 -1 $-1 $-1 $2298 $1181 #
plane-surface $-1 -1 $-1 2741.343135270426501 1182.674954454378167 79.90611972061365975 -0.7165968505308448755 0.6974876011867695569 -1.281263937357514285e-16 3.374459510989179233e-35 1.836970198721030077e-19 0.001000000000000000021 forward_v I I I I #
color-adesk-attrib $-1 -1 $-1 $1187 $557 2 #
ref_vt-eye-attrib $-1 -1 $2299 $1188 $811 $-1 $-1 #
material-adesk-attrib $-1 -1 $2300 $-1 $1189 12 0 #
face $2301 -1 $-1 $2302 $2303 $7 $-1 $2304 reversed single #
plane-surface $-1 -1 $-1 2740.880632021014662 1182.644954454379331 80.58105972061366629 1 9.009273877971997771e-32 2.220446049250312834e-16 2.220446049250312646e-19 -1.836970198721030077e-19 -0.001000000000000000021 forward_v I I I I #
coedge $-1 -1 $-1 $2305 $2306 $2307 $2308 forward $1190 $-1 #
coedge $-1 -1 $-1 $1624 $1191 $1498 $2050 reversed $812 $-1 #
coedge $-1 -1 $-1 $1191 $1624 $1627 $2210 reversed $812 $-1 #
coedge $-1 -1 $-1 $2309 $2310 $2311 $2312 forward $1192 $-1 #
coedge $-1 -1 $-1 $1712 $1712 $1193 $1713 reversed $2313 $-1 #
edge $2314 -1 $-1 $2315 -3.141592653589793116 $2315 3.141592653589793116 $1193 $2316 forward @7 unknown #
loop $-1 -1 $-1 $-1 $1194 $2317 #
color-adesk-attrib $-1 -1 $-1 $-1 $1195 2 #
vertex $-1 -1 $-1 $1195 $2318 #
ellipse-curve $-1 -1 $-1 2741.130638519836339 1182.684954437681881 80.86868302238414685 -1 4.499510266254410666e-12 -2.220446049228605354e-16 4.041334437186285139e-18 0.01100000000000005487 5.306804743932924454e-18 1 I I #
edge $2319 -1 $-1 $1720 -0.262496750588525174 $1722 -0.2374967505884342245 $1196 $2320 forward @7 unknown #
color-adesk-attrib $-1 -1 $-1 $-1 $1197 2 #
vertex $-1 -1 $-1 $1741 $2321 #
color-adesk-attrib $-1 -1 $-1 $-1 $1199 2 #
vertex $-1 -1 $-1 $1199 $2322 #
coedge $-1 -1 $-1 $2323 $1200 $2324 $2325 reversed $1201 $-1 #
point $-1 -1 $-1 2740.855632021015026 1182.675016098206243 81.08117972061364753 #
point $-1 -1 $-1 2740.880632021014662 1182.675016098206243 81.08117972061364753 #
color-adesk-attrib $-1 -1 $-1 $-1 $1207 256 #
straight-curve $-1 -1 $-1 2740.743133645720263 1182.746954454368051 81.08117972061364753 1 2.775557561562891351e-17 -2.220446049250313574e-16 I I #
coedge $-1 -1 $-1 $1208 $1216 $2185 $2326 reversed $387 $-1 #
edge $2327 -1 $-1 $1210 -1.52202428968313086 $2187 -1.259524289683128018 $1609 $2328 forward @7 unknown #
point $-1 -1 $-1 2740.880632021014662 1182.746954454368051 81.08117972061364753 #
point $-1 -1 $-1 2740.855632021014571 1182.746954454368051 81.08117972061364753 #
coedge $-1 -1 $-1 $2329 $2330 $1216 $1733 forward $1752 $-1 #
edge $2331 -1 $-1 $2332 387.50000000000108 $1738 649.9400000000150612 $1216 $2333 forward @7 unknown #
coedge $-1 -1 $-1 $2334 $1217 $1220 $1743 forward $1736 $-1 #
coedge $-1 -1 $-1 $1217 $2334 $2335 $2336 reversed $1736 $-1 #
loop $-1 -1 $-1 $-1 $1217 $2163 #
color-adesk-attrib $-1 -1 $-1 $-1 $1218 256 #
vertex $-1 -1 $-1 $2337 $2338 #
straight-curve $-1 -1 $-1 2740.880632021014662 1182.659954454378749 81.08111972061365691 3.41511033419686631e-30 -1 1.467580822869011151e-14 I I #
coedge $-1 -1 $-1 $2339 $1538 $1219 $1741 reversed $737 $-1 #
edge $2340 -1 $-1 $2341 -0.7853981633971068854 $1720 -0.6119758423112399148 $1219 $2342 forward @7 unknown #
coedge $-1 -1 $-1 $1220 $2307 $2212 $2343 reversed $1201 $-1 #
edge $2344 -1 $-1 $1222 262.496750588525174 $2345 487.503249410110584 $1734 $2346 forward @7 unknown #
point $-1 -1 $-1 2740.880632021014662 1182.674954454378167 81.08111972061365691 #
coedge $-1 -1 $-1 $1745 $1745 $2074 $2347 forward $1224 $-1 #
color-adesk-attrib $-1 -1 $2348 $-1 $1225 2 #
cone-surface $-1 -1 $-1 2735.880635270425955 1182.694954437683919 80.94368302238414969 -1 -4.930380657631323784e-32 3.374459510989180165e-32 -5.423418723394480651e-34 0.01100000000000005487 5.306804743932924454e-18 1 I I -0 1 0.01100000000000005487 reversed I I I I #
edge $2349 -1 $-1 $2350 -3.141592653589793116 $2350 3.141592653589793116 $1523 $2351 forward @7 unknown #
fmesh-eye-attrib $-1 -1 $2352 $1228 $836 #
color-adesk-attrib $-1 -1 $2353 $-1 $1229 2 #
face $2354 -1 $-1 $2204 $1579 $7 $-1 $2355 forward single #
loop $-1 -1 $-1 $-1 $2356 $1229 #
plane-surface $-1 -1 $-1 2740.855632021015026 1182.644954454379331 80.43117972061364185 4.930380657631321594e-32 -1 -4.82436794902990709e-16 -0.001000000000000000021 -1.564262941018461858e-34 2.220446049250313609e-19 reverse_v I I I I #
material-adesk-attrib $-1 -1 $-1 $1232 $574 12 0 #
ref_vt-eye-attrib $-1 -1 $2357 $1233 $841 $21 $22 #
material-adesk-attrib $-1 -1 $2358 $-1 $1234 12 0 #
face $2359 -1 $-1 $2360 $2361 $7 $-1 $396 forward single #
coedge $-1 -1 $-1 $2362 $1236 $2363 $2364 forward $842 $-1 #
coedge $-1 -1 $-1 $1236 $2362 $2365 $2366 reversed $842 $-1 #
coedge $-1 -1 $-1 $2367 $2368 $1237 $1761 forward $2369 $-1 #
edge $2370 -1 $-1 $1766 2.485000000000582077 $1764 2.515000000013969839 $1760 $2371 forward @7 unknown #
coedge $-1 -1 $-1 $1238 $1981 $2372 $2373 reversed $1424 $-1 #
color-adesk-attrib $-1 -1 $-1 $-1 $1239 2 #
vertex $-1 -1 $-1 $2374 $2375 #
color-adesk-attrib $-1 -1 $-1 $-1 $1240 2 #
vertex $-1 -1 $-1 $2376 $2377 #
point $-1 -1 $-1 2740.643135270425773 1182.644954454379331 80.19454154152923309 #
coedge $-1 -1 $-1 $1771 $1243 $2362 $2378 forward $1245 $-1 #
coedge $-1 -1 $-1 $1244 $2379 $1301 $1838 reversed $1245 $-1 #
pcurve $-1 -1 $-1 0 forward { exppc nubs 1 open 2 
	0 1 0.0005000000091968104243 1 
	0.6999999999998181011 0 
	0.6999999999998181011 -0.0005000000091968104243 
	0 
	plane 2741.343135270425591 1182.744954454377876 80.74869789969805822 -1.0785023667786534e-14 -4.82436794902990709e-16 1 -1 5.15378844466351964e-30 -1.0785023667786534e-14 reverse_v I I I I 
	} 0 0 #
coedge $-1 -1 $-1 $2380 $1768 $2381 $2382 reversed $1245 $-1 #
face $2383 -1 $-1 $1308 $1245 $7 $-1 $2384 forward single #
color-adesk-attrib $-1 -1 $-1 $-1 $1249 2 #
straight-curve $-1 -1 $-1 2740.643135270425773 1182.73245445437351 79.90611972061365975 -3.37445951098917907e-32 -1.836970198721029934e-16 -1 I I #
color-adesk-attrib $-1 -1 $-1 $-1 $1250 2 #
vertex $-1 -1 $-1 $2378 $2385 #
color-adesk-attrib $-1 -1 $-1 $-1 $1252 2 #
straight-curve $-1 -1 $-1 2740.643135270425773 1182.744954454377876 80.74869789969805822 4.930380657631321594e-32 -1 -4.82436794902990709e-16 F 0 F 0.0005000000091968104243 #
coedge $-1 -1 $-1 $1788 $1255 $2386 $2387 forward $584 $-1 #
tcoedge-coedge $-1 -1 $-1 $1459 $2388 $1255 $1781 reversed $520 $2389 -0.0004920829815091565251 -0 #
tedge-edge $2390 -1 $-1 $1463 0 $2391 0.0004920829815091565251 $1255 $2392 forward @7 unknown 3.020604901956401402e-05 #
pcurve $-1 -1 $-1 0 forward { exppc nubs 1 open 2 
	0 1 0.0004920829815091565251 1 
	0 0 
	0 -0.0004920829815091565251 
	0 
	plane 2741.343135270425591 1182.744954454377876 80.81169789969807482 -1.0785023667786534e-14 4.82436794902990709e-16 -1 -1 -5.252396057816146116e-30 1.0785023667786534e-14 forward_v I I I I 
	} 0 0 #
color-adesk-attrib $-1 -1 $-1 $-1 $1256 2 #
vertex $-1 -1 $-1 $1256 $2393 #
coedge $-1 -1 $-1 $2365 $1428 $1257 $1786 reversed $980 $-1 #
edge $2394 -1 $-1 $1260 0.4527890895422217454 $1471 0.458789089542207762 $1257 $2395 forward @7 unknown #
point $-1 -1 $-1 2740.643135270426683 1182.674954454378167 80.81169789969808903 #
coedge $-1 -1 $-1 $1261 $1779 $2396 $2397 forward $584 $-1 #
coedge $-1 -1 $-1 $2398 $2399 $1261 $1790 reversed $2400 $-1 #
edge $2401 -1 $-1 $2402 0.0699999999997089617 $1792 0.09999999999854480848 $1261 $2403 forward @7 unknown #
color-adesk-attrib $-1 -1 $-1 $-1 $1263 2 #
vertex $-1 -1 $-1 $1790 $2404 #
straight-curve $-1 -1 $-1 2740.643135270425773 1182.644954454379331 80.81169789969807482 -1 -6.716275114639989216e-29 1.0785023667786534e-14 I I #
fmesh-eye-attrib $-1 -1 $2405 $1264 $860 #
coedge $-1 -1 $-1 $2151 $1266 $2406 $2157 forward $1267 $-1 #
coedge $-1 -1 $-1 $2096 $2407 $2104 $2408 reversed $1267 $-1 #
face $2409 -1 $-1 $1586 $1267 $7 $-1 $2410 forward single #
coedge $-1 -1 $-1 $1441 $1440 $1273 $1799 reversed $1281 $-1 #
edge $2411 -1 $-1 $2094 0.01250000000436557457 $1804 0.0699999999997089617 $1798 $1805 forward @7 unknown #
coedge $-1 -1 $-1 $2412 $1274 $2413 $2414 reversed $1802 $-1 #
coedge $-1 -1 $-1 $1274 $2412 $1451 $2008 forward $1802 $-1 #
loop $-1 -1 $-1 $-1 $1274 $2005 #
color-adesk-attrib $-1 -1 $-1 $-1 $1275 2 #
vertex $-1 -1 $-1 $1275 $2415 #
straight-curve $-1 -1 $-1 2741.343135270425591 1182.744954454377876 80.19454154152923309 4.930380657631323784e-32 -1 1.836970198721029934e-16 I I #
point $-1 -1 $-1 2741.343135270425591 1182.644954454379331 80.19454154152923309 #
ref_vt-eye-attrib $-1 -1 $-1 $1279 $596 $-1 $-1 #
fmesh-eye-attrib $-1 -1 $2416 $1280 $873 #
coedge $-1 -1 $-1 $1821 $1283 $2417 $2418 forward $600 $-1 #
tcoedge-coedge $-1 -1 $-1 $2419 $2420 $1283 $1811 reversed $520 $2421 -0.0005000000091968104243 -0 #
tedge-edge $2422 -1 $-1 $1815 0 $2423 0.0005000000091968104243 $1283 $2424 forward @7 unknown 3.020604901956401402e-05 #
pcurve $-1 -1 $-1 0 forward { exppc nubs 1 open 2 
	0 1 0.0005000000091968104243 1 
	0.6999999999998181011 0 
	0.6999999999998181011 -0.0005000000091968104243 
	0 
	plane 2740.643135270425773 1182.744954454377876 80.742697899698058 -3.374459510989182355e-32 4.82436794902990709e-16 -1 1 4.930380657631323784e-32 -3.374459510989180165e-32 reverse_v I I I I 
	} 0 0 #
tcoedge-coedge $-1 -1 $-1 $1284 $1301 $2419 $2425 forward $1302 $2426 0 0.006000000000007332801 #
color-adesk-attrib $-1 -1 $-1 $-1 $1285 2 #
tvertex-vertex $-1 -1 $-1 $2425 $2427 3.020605901956401472e-05 #
straight-curve $-1 -1 $-1 2741.343135270425591 1182.744954454377876 80.742697899698058 -1 -4.930380657631323784e-32 3.374459510989180165e-32 I I #
color-adesk-attrib $-1 -1 $-1 $-1 $1287 2 #
vertex $-1 -1 $-1 $1287 $2428 #
coedge $-1 -1 $-1 $1323 $2365 $1288 $1820 reversed $980 $-1 #
edge $2429 -1 $-1 $902 0.4152890895421990081 $1776 0.4212890895421850246 $1288 $2430 forward @7 unknown #
coedge $-1 -1 $-1 $1289 $1809 $2431 $2432 forward $600 $-1 #
coedge $-1 -1 $-1 $1849 $1848 $1289 $1823 reversed $1850 $-1 #
edge $2433 -1 $-1 $2434 0.0699999999997089617 $1828 0.09999999999854480848 $1289 $2435 forward @7 unknown #
coedge $-1 -1 $-1 $2381 $1290 $2436 $2437 forward $1826 $-1 #
coedge $-1 -1 $-1 $1290 $2381 $1861 $2438 forward $1826 $-1 #
loop $-1 -1 $-1 $-1 $1290 $2439 #
color-adesk-attrib $-1 -1 $-1 $-1 $1291 2 #
vertex $-1 -1 $-1 $1823 $2440 #
straight-curve $-1 -1 $-1 2741.343135270425591 1182.644954454379331 80.742697899698058 1 4.930380657631323784e-32 -3.374459510989180165e-32 I I #
fmesh-eye-attrib $-1 -1 $2441 $1292 $880 #
color-adesk-attrib $-1 -1 $2442 $-1 $1293 2 #
loop $-1 -1 $-1 $-1 $2443 $1293 #
plane-surface $-1 -1 $-1 2741.343135270425591 1182.744954454377876 80.742697899698058 1 4.930380657631323784e-32 -3.374459510989180165e-32 3.374459510989182355e-32 -4.82436794902990709e-16 1 reverse_v I I I I #
coedge $-1 -1 $-1 $1834 $1834 $2444 $2445 forward $1294 $-1 #
point $-1 -1 $-1 2740.643135270426683 1182.744454454368679 80.26954154152926435 #
color-adesk-attrib $-1 -1 $-1 $-1 $1299 2 #
straight-curve $-1 -1 $-1 2740.643135270426228 1182.748454454391322 80.49361972061397807 -4.930380657621271109e-32 1 8.936712793133316247e-12 I I #
edge $2446 -1 $-1 $1305 0 $2447 0.7000000000000454747 $1769 $2448 forward @7 unknown #
face $2449 -1 $-1 $2439 $1302 $7 $-1 $2450 forward single #
point $-1 -1 $-1 2740.643135270425773 1182.744954454377876 80.74869789969805822 #
color-adesk-attrib $-1 -1 $2451 $-1 $1308 2 #
plane-surface $-1 -1 $-1 2740.643135270425773 1182.744954454377876 80.74869789969805822 -1 -4.930380657631323784e-32 3.374459510989180165e-32 -3.374459510989182355e-32 4.82436794902990709e-16 -1 reverse_v I I I I #
coedge $-1 -1 $-1 $1309 $2452 $2453 $2454 forward $1643 $-1 #
color-adesk-attrib $-1 -1 $-1 $-1 $1310 2 #
color-adesk-attrib $-1 -1 $-1 $-1 $1311 2 #
coedge $-1 -1 $-1 $2455 $2456 $1314 $1847 forward $2457 $-1 #
edge $2458 -1 $-1 $1875 0.01600000001781154424 $1852 0.07350000001315493137 $1314 $1340 forward @7 unknown #
coedge $-1 -1 $-1 $1822 $1315 $2459 $2460 forward $1850 $-1 #
coedge $-1 -1 $-1 $1315 $1822 $2461 $2462 reversed $1850 $-1 #
loop $-1 -1 $-1 $-1 $1315 $2463 #
color-adesk-attrib $-1 -1 $-1 $-1 $1316 2 #
vertex $-1 -1 $-1 $1316 $2464 #
coedge $-1 -1 $-1 $1318 $1317 $2452 $2465 forward $1319 $-1 #
coedge $-1 -1 $-1 $1325 $1980 $1317 $1855 reversed $1424 $-1 #
edge $2466 -1 $-1 $910 1.2937499999988058 $2467 1.318750000000001643 $1317 $2468 forward @7 tangent #
coedge $-1 -1 $-1 $2469 $2459 $1318 $1857 reversed $1182 $-1 #
edge $2470 -1 $-1 $2471 -250.4437500000000227 $1321 -250.4187499999987949 $1318 $2472 forward @7 tangent #
face $2473 -1 $-1 $913 $1319 $7 $-1 $2474 forward single #
point $-1 -1 $-1 2741.343135270426046 1182.644954454379331 80.51861972061425377 #
color-adesk-attrib $-1 -1 $-1 $-1 $1324 2 #
coedge $-1 -1 $-1 $2363 $1325 $1825 $2438 reversed $1424 $-1 #
color-adesk-attrib $-1 -1 $-1 $-1 $1326 2 #
coedge $-1 -1 $-1 $2453 $1948 $1328 $1864 reversed $2361 $-1 #
edge $2475 -1 $-1 $1330 612.5000000003382183 $1400 836.5781790843982435 $1328 $1422 forward @7 unknown #
point $-1 -1 $-1 2740.643135270426683 1182.674954454378167 80.49361972061332438 #
ref_vt-eye-attrib $-1 -1 $2476 $1332 $913 $-1 $-1 #
material-adesk-attrib $-1 -1 $2477 $-1 $1333 12 0 #
face $2478 -1 $-1 $2230 $1350 $7 $-1 $2479 reversed single #
loop $-1 -1 $-1 $-1 $2480 $1333 #
cone-surface $-1 -1 $-1 2740.843135270426501 1182.69495444741915 90.80614609635124168 1.124819836996392932e-32 6.123233995736767268e-17 1 0.01098476699007005716 5.415908269642847413e-34 -1.235588381521396441e-34 1 I I -0 1 0.01098476699007005716 reversed I I I I #
coedge $-1 -1 $-1 $2417 $1335 $2481 $2482 reversed $1873 $-1 #
coedge $-1 -1 $-1 $1335 $2417 $2420 $2483 reversed $1873 $-1 #
loop $-1 -1 $-1 $-1 $1335 $2484 #
color-adesk-attrib $-1 -1 $-1 $-1 $1336 2 #
vertex $-1 -1 $-1 $1847 $2485 #
coedge $-1 -1 $-1 $2420 $2486 $1337 $1877 forward $520 $-1 #
edge $2487 -1 $-1 $2232 0.5875000000002472689 $1339 0.6124999999997129407 $1337 $2488 forward @5 knife #
point $-1 -1 $-1 2741.343135270426046 1182.744462371396367 80.5186197206133869 #
ref_vt-eye-attrib $-1 -1 $2489 $1341 $918 $-1 $-1 #
color-adesk-attrib $-1 -1 $-1 $-1 $1342 256 #
loop $-1 -1 $-1 $-1 $2490 $1342 #
plane-surface $-1 -1 $-1 2741.725732596821217 1182.975315194058112 79.92244291138912615 3.37445951098917907e-32 1.836970198721029934e-16 1 -1 1.836970198721028948e-16 1.094764425253763337e-47 forward_v I I I I #
coedge $-1 -1 $-1 $1909 $1908 $1343 $1884 forward $927 $-1 #
edge $2491 -1 $-1 $1888 -2.981598778173437658 $1889 -0.159993875416355652 $1343 $2492 forward @7 unknown #
coedge $-1 -1 $-1 $2480 $1344 $1908 $2493 forward $1869 $-1 #
coedge $-1 -1 $-1 $1344 $2494 $1909 $2495 forward $1869 $-1 #
color-adesk-attrib $-1 -1 $-1 $-1 $1345 2 #
vertex $-1 -1 $-1 $1884 $2496 #
vertex $-1 -1 $-1 $1345 $2497 #
ellipse-curve $-1 -1 $-1 2740.843135270426501 1182.69495444741915 80.51861972061378481 -5.624099184981968766e-32 3.599721149882553636e-16 -1 0.01098476699007005716 5.415908269642847413e-34 -6.177941907606982204e-34 1 I I #
coedge $-1 -1 $-1 $1907 $1346 $1349 $1898 reversed $1359 $-1 #
coedge $-1 -1 $-1 $1346 $1907 $1348 $1896 reversed $1359 $-1 #
color-adesk-attrib $-1 -1 $-1 $-1 $1347 2 #
ellipse-curve $-1 -1 $-1 2740.768135270426683 1182.698454461344227 80.5186197206137706 5.624099184937906688e-32 8.936414053358286847e-12 1 0.01098476699007005716 5.415908269642847413e-34 -6.177941907606982204e-34 1 I I #
coedge $-1 -1 $-1 $2498 $1348 $2499 $2500 reversed $1350 $-1 #
edge $2501 -1 $-1 $1352 -10.31252637573771835 $2502 -10.31002637573759806 $1892 $2503 forward @7 unknown #
coedge $-1 -1 $-1 $1349 $2498 $2504 $2505 reversed $1350 $-1 #
edge $2506 -1 $-1 $2507 10.31002637573759806 $1353 10.31252637573771835 $1891 $2508 forward @7 unknown #
point $-1 -1 $-1 2740.757290798035228 1182.696704454385326 80.5186197206137706 #
point $-1 -1 $-1 2740.778979742817683 1182.696704454385326 80.5186197206137706 #
color-adesk-attrib $-1 -1 $-1 $1356 $631 2 #
ref_vt-eye-attrib $-1 -1 $2509 $1357 $926 $-1 $-1 #
color-adesk-attrib $-1 -1 $2510 $-1 $1358 2 #
face $2511 -1 $-1 $1858 $2512 $7 $-1 $2513 reversed single #
loop $-1 -1 $-1 $-1 $2514 $1358 #
cone-surface $-1 -1 $-1 2740.843135270426501 1182.698454461256915 90.80614609635125589 -1.124819837040454737e-32 8.936712793133316247e-12 -1 0.01098476699007005716 5.415908269642847413e-34 -1.235588381521396441e-34 1 I I 0 1 0.01098476699007005716 forward I I I I #
coedge $-1 -1 $-1 $1892 $1891 $2515 $2516 forward $1359 $-1 #
coedge $-1 -1 $-1 $1883 $1361 $1885 $2493 reversed $927 $-1 #
coedge $-1 -1 $-1 $1361 $1883 $1886 $2495 reversed $927 $-1 #
coedge $-1 -1 $-1 $2514 $2517 $1361 $1911 reversed $1905 $-1 #
edge $2518 -1 $-1 $2519 0.1599938805355040627 $2520 2.981598773054288998 $1910 $2521 forward @7 tangent #
coedge $-1 -1 $-1 $1431 $1430 $1362 $1913 reversed $1432 $-1 #
edge $2522 -1 $-1 $1917 0.0004920829815091565251 $2523 0.01250000000436557457 $1362 $1929 forward @7 unknown #
tcoedge-coedge $-1 -1 $-1 $2524 $1363 $1366 $1919 forward $520 $2525 0 0.006000000000007332801 #
pcurve $-1 -1 $-1 0 forward { exppc nubs 3 open 2 
	-0.0004920829815091565251 3 -0 3 
	89.53248718942694495 0.7853981633971236498 
	89.53248718942694495 0.7443099241539230526 
	89.53248718942694495 0.7032253982822721516 
	89.53248718942694495 0.6627521177764676974 
	1.617283969365409085e-09 
	cone 2741.347127353404176 1182.744462371396367 79.90611972061365975 3.37445951098917907e-32 1.836970198721029934e-16 1 -0.002822834495581730795 0.002822834495579805252 -5.185462844301811914e-19 1 I I 0 1 0.003992090827984936911 forward I I I I 
	} 0 0 #
color-adesk-attrib $-1 -1 $-1 $-1 $1364 2 #
tvertex-vertex $-1 -1 $-1 $1913 $2526 7.917037687653952408e-06 #
straight-curve $-1 -1 $-1 2741.343135270425591 1182.744954454377876 80.26354154152924991 4.930380657631323784e-32 -1 1.836970198721029934e-16 F 0 F 0.0004920829815091565251 #
tedge-edge $2527 -1 $-1 $1368 0 $1944 0.006000000000007332801 $1366 $2528 forward @7 unknown 3.020604901956401402e-05 #
pcurve $-1 -1 $-1 0 forward { exppc nubs 1 open 2 
	-0.006000000000007332801 1 0 1 
	0.003000000000000113687 0.3500000000003637979 
	-0.003000000000014324542 0.3500000000003637979 
	0 
	plane 2740.993135270425228 1182.744954454377876 80.26654154152926424 -9.574432969507089922e-24 1 -1.836979442130004933e-16 3.37445951098917907e-32 1.836979442130004933e-16 1 forward_v I I I I 
	} 0 0 #
point $-1 -1 $-1 2741.343135270425591 1182.744954454377876 80.26354154152924991 #
point $-1 -1 $-1 2740.643135270425773 1182.644954454379331 80.26354154152926412 #
color-adesk-attrib $-1 -1 $-1 $-1 $1373 2 #
straight-curve $-1 -1 $-1 2740.643135270425773 1182.674954454379076 80.08483063107146904 3.37445951098917907e-32 1.836970198721029934e-16 1 I I #
coedge $-1 -1 $-1 $2529 $2530 $1374 $1926 reversed $2531 $-1 #
edge $2532 -1 $-1 $2523 0.01250000000436557457 $1928 0.0699999999997089617 $1374 $1929 forward @7 unknown #
color-adesk-attrib $-1 -1 $-1 $-1 $1376 2 #
vertex $-1 -1 $-1 $1376 $2533 #
straight-curve $-1 -1 $-1 2741.343135270425591 1182.744954454377876 80.26354154152924991 4.930380657631323784e-32 -1 1.836970198721029934e-16 I I #
coedge $-1 -1 $-1 $1378 $1377 $1941 $2534 reversed $1379 $-1 #
coedge $-1 -1 $-1 $1443 $2469 $1377 $1932 forward $1182 $-1 #
edge $2535 -1 $-1 $2536 -0.006000000000007332801 $1381 0 $1377 $2537 forward @7 tangent #
edge $2538 -1 $-1 $1371 -0.005999999999999783284 $2539 0 $1378 $2540 forward @7 tangent #
point $-1 -1 $-1 2741.343135270425591 1182.644954454379331 80.26354154152924991 #
ref_vt-eye-attrib $-1 -1 $-1 $1383 $638 $-1 $-1 #
fmesh-eye-attrib $-1 -1 $2541 $1384 $939 #
color-adesk-attrib $-1 -1 $2542 $-1 $1385 2 #
face $2543 -1 $-1 $2544 $2545 $7 $-1 $2546 forward single #
plane-surface $-1 -1 $-1 2740.993135270425228 1182.644954454379331 80.26654154152926424 -9.020123650801315942e-23 1 -1.836968725134091841e-16 3.37445951098917907e-32 1.836968725134091841e-16 1 forward_v I I I I #
tcoedge-coedge $-1 -1 $-1 $1388 $2547 $2524 $2548 reversed $1389 $2549 -0.0005000000091968104243 -0 #
coedge $-1 -1 $-1 $2550 $1398 $1930 $2534 forward $1389 $-1 #
face $2551 -1 $-1 $2552 $2553 $7 $-1 $2554 forward single #
color-adesk-attrib $-1 -1 $-1 $-1 $1393 2 #
tvertex-vertex $-1 -1 $-1 $1919 $2555 3.020605901956401472e-05 #
straight-curve $-1 -1 $-1 2741.343135270425591 1182.744954454377876 80.26954154152926435 -1 -4.930380657631323784e-32 3.374459510989180165e-32 I I #
color-adesk-attrib $-1 -1 $-1 $-1 $1395 2 #
ref_vt-eye-attrib $-1 -1 $2556 $-1 $1397 $21 $22 #
coedge $-1 -1 $-1 $1863 $2557 $1398 $1949 reversed $2361 $-1 #
edge $2558 -1 $-1 $1400 0.0699999999997089617 $2539 0.09999999999854480848 $1398 $1401 forward @7 unknown #
point $-1 -1 $-1 2740.643135270426683 1182.674954454378167 80.26954154152926435 #
color-adesk-attrib $-1 -1 $-1 $1402 $957 2 #
color-adesk-attrib $-1 -1 $2559 $-1 $1403 2 #
face $2560 -1 $-1 $2561 $2562 $7 $-1 $2563 reversed single #
loop $-1 -1 $-1 $2564 $2565 $1403 #
cone-surface $-1 -1 $-1 2740.92334135913552 1182.696506485066493 80.35033568019436245 1 -9.671708224926545905e-31 -5.533430154591930574e-15 -3.944304526105058254e-34 0.007999999999999998432 -1.469576158976813854e-18 1 I I 0 1 0.007999999999999998432 forward I I I I #
coedge $-1 -1 $-1 $1405 $2052 $2566 $2058 reversed $737 $-1 #
coedge $-1 -1 $-1 $2566 $2406 $1408 $1958 reversed $2567 $-1 #
edge $2568 -1 $-1 $1960 21.00000000024009239 $1963 1178.999999999760348 $1957 $2569 forward @7 tangent #
color-adesk-attrib $-1 -1 $-1 $-1 $1409 2 #
vertex $-1 -1 $-1 $2058 $2570 #
straight-curve $-1 -1 $-1 2740.918135270426319 1182.728454454379971 81.08511972061364759 0.001000000000000000021 1.549979942681724046e-34 -2.190840101926976184e-19 I I #
color-adesk-attrib $-1 -1 $-1 $-1 $1410 2 #
vertex $-1 -1 $-1 $2157 $2571 #
straight-curve $-1 -1 $-1 2740.918135270426319 1182.728454454379971 79.92711972061366055 0.001000000000000000021 8.954888635034121223e-35 2.190840101926975221e-19 I I #
color-adesk-attrib $-1 -1 $2572 $-1 $1411 2 #
loop $-1 -1 $-1 $963 $2573 $1411 #
plane-surface $-1 -1 $-1 2740.618135270426137 1182.728454454379971 81.08511972061364759 -1.07084531137359214e-28 -1 -4.894904426722138744e-13 -3.374459510991593274e-35 4.894904426722139675e-16 -0.001000000000000000021 forward_v I I I I #
color-adesk-attrib $-1 -1 $-1 $1415 $659 2 #
material-adesk-attrib $-1 -1 $2574 $1416 $970 12 0 #
color-adesk-attrib $-1 -1 $2575 $-1 $1417 2 #
face $2576 -1 $-1 $1429 $1424 $7 $-1 $2577 forward single #
loop $-1 -1 $-1 $2578 $2579 $1417 #
cone-surface $-1 -1 $-1 2736.218135270426501 1182.714254454374895 80.45611972061365691 1 4.930380657631323784e-32 -3.374459510989180165e-32 -5.6699377562760214e-34 0.01149999999999999807 -2.112515728529184227e-18 1 I I 0 1 0.01149999999999999807 forward I I I I #
loop $-1 -1 $-1 $2580 $2581 $970 #
coedge $-1 -1 $-1 $1975 $1975 $2582 $2583 reversed $1418 $-1 #
coedge $-1 -1 $-1 $2584 $1420 $2585 $2586 reversed $971 $-1 #
coedge $-1 -1 $-1 $1420 $2584 $2587 $2588 forward $971 $-1 #
coedge $-1 -1 $-1 $2589 $2590 $1420 $1979 forward $1974 $-1 #
edge $2591 -1 $-1 $2592 4.120984673818384181 $2593 1195.879015326182071 $1420 $2594 forward @7 tangent #
coedge $-1 -1 $-1 $1854 $1423 $2557 $2595 reversed $1424 $-1 #
coedge $-1 -1 $-1 $1762 $2596 $2270 $2597 forward $1424 $-1 #
coedge $-1 -1 $-1 $1985 $1427 $2598 $2599 reversed $980 $-1 #
coedge $-1 -1 $-1 $2129 $2600 $1427 $1984 forward $2130 $-1 #
edge $2601 -1 $-1 $2602 1.440589689247752325 $1766 1.451291399023742379 $1983 $2603 forward @7 unknown #
coedge $-1 -1 $-1 $1428 $1982 $2323 $2604 forward $980 $-1 #
coedge $-1 -1 $-1 $2605 $1468 $1428 $1987 reversed $1235 $-1 #
edge $2606 -1 $-1 $2607 25.00000000031832315 $1471 288.4218209155875456 $1428 $1422 forward @7 unknown #
material-adesk-attrib $-1 -1 $2608 $-1 $1429 12 0 #
face $2609 -1 $-1 $2610 $2611 $7 $-1 $2612 forward single #
plane-surface $-1 -1 $-1 2740.643135270426683 1182.674954454378167 79.90611972061365975 0.7165968505308448755 0.6974876011867695569 -1.281263937357514778e-16 3.374459510989179233e-35 1.836970198721030077e-19 0.001000000000000000021 reverse_v I I I I #
coedge $-1 -1 $-1 $1997 $2613 $1430 $1992 forward $2567 $-1 #
edge $2614 -1 $-1 $2523 842.5781790844126817 $1434 905.5781790844150692 $1430 $2615 forward @7 tangent #
point $-1 -1 $-1 2741.343135270425591 1182.73245445437351 80.20054154152924752 #
color-adesk-attrib $-1 -1 $-1 $-1 $1435 2 #
coedge $-1 -1 $-1 $1445 $2413 $1440 $1996 reversed $1701 $-1 #
edge $2616 -1 $-1 $1000 -0.1502109104578011056 $1804 -0.1442109104577866674 $1440 $2617 forward @7 unknown #
coedge $-1 -1 $-1 $2618 $1991 $1441 $1998 reversed $2567 $-1 #
edge $2619 -1 $-1 $2094 0.2884218209155733348 $1434 0.294421820915587773 $1441 $2620 forward @5 knife #
color-adesk-attrib $-1 -1 $-1 $-1 $1444 2 #
straight-curve $-1 -1 $-1 2741.343135270426501 1182.644954454364779 79.90611972061365975 3.374459510989179233e-35 1.836970198721030077e-19 0.001000000000000000021 I I #
coedge $-1 -1 $-1 $2621 $1445 $2530 $2622 reversed $1701 $-1 #
color-adesk-attrib $-1 -1 $-1 $-1 $1446 2 #
straight-curve $-1 -1 $-1 2741.343135270426501 1182.674954454378167 79.90611972061365975 3.374459510989179233e-35 1.836970198721030077e-19 0.001000000000000000021 I I #
color-adesk-attrib $-1 -1 $2623 $-1 $1447 2 #
face $2624 -1 $-1 $2625 $1802 $7 $-1 $2006 forward single #
plane-surface $-1 -1 $-1 2741.343135270426501 1182.644954454364779 79.90611972061365975 -1 -1.515824502359310271e-14 2.818269032435080392e-30 3.374459510989179233e-35 1.836970198721030077e-19 0.001000000000000000021 forward_v I I I I #
coedge $-1 -1 $-1 $2260 $1451 $2626 $2627 reversed $1182 $-1 #
edge $2628 -1 $-1 $2629 24.99999999991814548 $1277 288.421820915566343 $1801 $2000 forward @7 unknown #
fmesh-eye-attrib $-1 -1 $2630 $1454 $1006 #
ref_vt-eye-attrib $-1 -1 $2631 $-1 $1455 $-1 $-1 #
plane-surface $-1 -1 $-1 2740.643135270425773 1182.744954454377876 80.81169789969807482 -1 -4.930380657631323784e-32 3.374459510989180165e-32 3.374459510989182355e-32 -4.82436794902990709e-16 1 forward_v I I I I #
ref_vt-eye-attrib $-1 -1 $-1 $1458 $691 $-1 $-1 #
pcurve $-1 -1 $-1 0 forward { exppc nubs 1 open 2 
	0 1 0.006000000000007332801 1 
	226.8430800061526043 0.6627521177764926774 
	228.346051821812182 0.6627521177764930105 
	5.6808847549265046e-13 
	cone 2741.347127353404176 1182.744462371396367 79.90611972061365975 3.37445951098917907e-32 1.836970198721029934e-16 1 -0.002822834495581730795 0.002822834495579805252 -5.185462844301811914e-19 1 I I 0 1 0.003992090827984936911 forward I I I I 
	} 0 0 #
color-adesk-attrib $-1 -1 $-1 $-1 $1460 2 #
straight-curve $-1 -1 $-1 2741.343135270425591 1182.744954454377876 80.81169789969807482 3.374459510989210818e-32 -6.222837279465851688e-15 1 F 0 F 0.006000000000007332801 #
point $-1 -1 $-1 2741.343135270425591 1182.744954454377876 80.81169789969807482 #
fmesh-eye-attrib $-1 -1 $2632 $1465 $1016 #
color-adesk-attrib $-1 -1 $2633 $-1 $1466 2 #
plane-surface $-1 -1 $-1 2740.993135270425228 1182.644954454379331 80.81469789969807493 -9.020123650801315942e-23 1 4.824369422616844937e-16 3.374459510989182355e-32 -4.824369422616844937e-16 1 forward_v I I I I #
coedge $-1 -1 $-1 $1468 $2605 $2634 $2635 forward $1235 $-1 #
color-adesk-attrib $-1 -1 $-1 $-1 $1469 2 #
point $-1 -1 $-1 2740.643135270426683 1182.674954454378167 80.81769789969807505 #
coedge $-1 -1 $-1 $2043 $2636 $1472 $2024 forward $1491 $-1 #
edge $2637 -1 $-1 $2027 0.01250000000436557457 $2034 0.0699999999997089617 $2023 $2028 forward @7 unknown #
coedge $-1 -1 $-1 $1503 $1473 $2638 $2639 reversed $1506 $-1 #
color-adesk-attrib $-1 -1 $-1 $-1 $1474 2 #
vertex $-1 -1 $-1 $2024 $2640 #
straight-curve $-1 -1 $-1 2741.343135270425591 1182.744954454377876 80.81769789969807505 4.930380657631321594e-32 -1 -4.82436794902990709e-16 I I #
point $-1 -1 $-1 2741.343135270426501 1182.744454454368679 80.81769789969807505 #
coedge $-1 -1 $-1 $2641 $1480 $2642 $2643 forward $2032 $-1 #
coedge $-1 -1 $-1 $1480 $2641 $2644 $2645 reversed $2032 $-1 #
loop $-1 -1 $-1 $-1 $1480 $2625 #
color-adesk-attrib $-1 -1 $-1 $-1 $1481 2 #
vertex $-1 -1 $-1 $1481 $2646 #
coedge $-1 -1 $-1 $2634 $2363 $1482 $2036 forward $1424 $-1 #
edge $2647 -1 $-1 $1784 -0.005999999999999783284 $1486 0 $1482 $2648 forward @7 tangent #
coedge $-1 -1 $-1 $2649 $2642 $1483 $2038 forward $1182 $-1 #
edge $2650 -1 $-1 $1487 -0.006000000000007332801 $1792 0 $1483 $2651 forward @7 tangent #
point $-1 -1 $-1 2740.643135270425773 1182.644954454379331 80.81769789969807505 #
point $-1 -1 $-1 2741.343135270425591 1182.644954454379331 80.81769789969807505 #
ref_vt-eye-attrib $-1 -1 $-1 $1489 $706 $-1 $-1 #
fmesh-eye-attrib $-1 -1 $2652 $1490 $1032 #
coedge $-1 -1 $-1 $2396 $2023 $2653 $2654 forward $1491 $-1 #
coedge $-1 -1 $-1 $1627 $2655 $1495 $2045 forward $1628 $-1 #
edge $2656 -1 $-1 $2063 -0.7873813429434632916 $2047 -0.6117923171449928255 $2044 $2657 forward @7 unknown #
color-adesk-attrib $-1 -1 $-1 $-1 $1496 256 #
vertex $-1 -1 $-1 $2210 $2658 #
straight-curve $-1 -1 $-1 2740.618135270426137 1182.745151945639236 81.08117972061364753 1 1.549979942681724026e-31 -2.190840101926975875e-16 I I #
coedge $-1 -1 $-1 $2310 $1497 $2659 $2660 forward $1192 $-1 #
edge $2661 -1 $-1 $1634 -101.9999999887204467 $1500 -100.1974912599052914 $1498 $2662 forward @7 unknown #
point $-1 -1 $-1 2741.130638519836339 1182.745151945639236 81.08117972061364753 #
coedge $-1 -1 $-1 $1956 $2659 $1502 $2053 forward $737 $-1 #
edge $2663 -1 $-1 $2055 212.5032494100196345 $1510 425.0000000001818989 $2052 $1494 forward @7 unknown #
color-adesk-attrib $-1 -1 $-1 $-1 $1504 256 #
vertex $-1 -1 $-1 $2660 $2664 #
straight-curve $-1 -1 $-1 2741.130638519836339 1182.746454454375225 81.08111972061365691 -4.499510266254410666e-12 -1 -4.824367949020049287e-16 I I #
face $2665 -1 $-1 $2666 $1506 $7 $-1 $1607 forward single #
edge $2667 -1 $-1 $1960 -1.570796326794564379 $1510 2.168404344970977807e-16 $1956 $2668 forward @7 unknown #
point $-1 -1 $-1 2741.343135270426501 1182.73245445437351 81.08111972061365691 #
coedge $-1 -1 $-1 $2669 $1512 $2655 $2670 reversed $1537 $-1 #
coedge $-1 -1 $-1 $1512 $2669 $1514 $2064 reversed $1537 $-1 #
color-adesk-attrib $-1 -1 $-1 $-1 $1513 2 #
vertex $-1 -1 $-1 $2670 $2671 #
edge $2672 -1 $-1 $1516 -0.04974999999467399903 $2341 -0.03774999999950523488 $1514 $2673 forward @7 unknown #
point $-1 -1 $-1 2740.880632021014662 1182.744454454368679 81.08111972061365691 #
coedge $-1 -1 $-1 $1524 $1518 $2356 $2674 forward $727 $-1 #
coedge $-1 -1 $-1 $1610 $2675 $1518 $2068 forward $2082 $-1 #
edge $2676 -1 $-1 $2677 -2.603500000004714821 $2070 -2.501500000015994374 $1518 $2678 forward @7 unknown #
color-adesk-attrib $-1 -1 $-1 $-1 $1520 256 #
vertex $-1 -1 $-1 $1611 $2679 #
straight-curve $-1 -1 $-1 2740.855632021014571 1182.746954454368051 79.55915543093051667 2.22044604922860782e-16 6.162975821978910528e-33 1 I I #
color-adesk-attrib $-1 -1 $-1 $-1 $1521 256 #
ellipse-curve $-1 -1 $-1 2740.855632021014571 1182.73245445437351 81.0851197206136618 1 4.499142872214666586e-12 -2.22044604922860782e-16 -6.196631570274167331e-19 -0.00282842712474526501 -0.002828427124747196191 1 I I #
coedge $-1 -1 $-1 $2074 $2074 $1745 $2347 reversed $1522 $-1 #
coedge $-1 -1 $-1 $2680 $2324 $1524 $2076 reversed $2681 $-1 #
edge $2682 -1 $-1 $2683 -0.06675000001678199624 $2078 -0.03675000000339423423 $1524 $2684 forward @7 unknown #
color-adesk-attrib $-1 -1 $-1 $-1 $1525 256 #
vertex $-1 -1 $-1 $2076 $2685 #
straight-curve $-1 -1 $-1 2740.855632021015481 1182.534545294101008 80.94445480461723719 -3.223916738958484204e-12 0.7165968505308445424 0.6974876011867698899 I I #
ref_vt-eye-attrib $-1 -1 $2686 $1526 $1058 $-1 $-1 #
material-adesk-attrib $-1 -1 $2687 $-1 $1527 12 0 #
loop $-1 -1 $-1 $-1 $1610 $1527 #
plane-surface $-1 -1 $-1 2740.855632021014571 1187.748454454384046 80.81867972061364469 3.374459510989182355e-32 -4.82436794902990709e-16 1 -0.001000000000000000021 -4.930380657631323886e-35 3.374459510989180302e-35 reverse_v I I I I #
color-adesk-attrib $-1 -1 $-1 $1530 $732 2 #
fmesh-eye-attrib $-1 -1 $2688 $1531 $1064 #
color-adesk-attrib $-1 -1 $2689 $-1 $1532 2 #
face $2690 -1 $-1 $2691 $2692 $7 $-1 $2693 forward single #
loop $-1 -1 $-1 $-1 $2694 $1532 #
cone-surface $-1 -1 $-1 2740.618135270426137 1182.678454454377061 81.09010832640984745 1 1.549979942681724026e-31 -2.190840101926975875e-16 -3.408217209188269657e-19 0.003685091696212435507 -0.001555666799320740493 1 I I 0 1 0.004000000000000335752 forward I I I I #
material-adesk-attrib $-1 -1 $-1 $1535 $736 12 0 #
ref_vt-eye-attrib $-1 -1 $2695 $1536 $1069 $-1 $-1 #
coedge $-1 -1 $-1 $1539 $1585 $2618 $2696 reversed $1588 $-1 #
color-adesk-attrib $-1 -1 $-1 $-1 $1540 2 #
vertex $-1 -1 $-1 $1799 $2697 #
point $-1 -1 $-1 2741.343135270426501 1182.744454454368679 80.19454154152923309 #
coedge $-1 -1 $-1 $1546 $1796 $2698 $2699 reversed $1267 $-1 #
coedge $-1 -1 $-1 $2700 $2195 $1547 $2098 forward $2197 $-1 #
edge $2701 -1 $-1 $2144 0.6117923171449924924 $2102 0.7873813429434629585 $2097 $2702 forward @7 unknown #
coedge $-1 -1 $-1 $2703 $1548 $1551 $2105 reversed $1574 $-1 #
coedge $-1 -1 $-1 $1548 $2703 $2700 $2704 reversed $1574 $-1 #
color-adesk-attrib $-1 -1 $-1 $-1 $1549 2 #
vertex $-1 -1 $-1 $2704 $2705 #
coedge $-1 -1 $-1 $2706 $1550 $2182 $2707 reversed $1552 $-1 #
coedge $-1 -1 $-1 $1551 $2708 $1796 $2408 forward $1552 $-1 #
edge $2709 -1 $-1 $2710 0.03774999999950523488 $1554 0.04974999999467399903 $1551 $2711 forward @7 unknown #
loop $-1 -1 $-1 $2712 $2713 $1189 #
coedge $-1 -1 $-1 $2708 $2714 $2715 $2716 forward $1552 $-1 #
point $-1 -1 $-1 2740.880632021014662 1182.744454454368679 79.93111972061365122 #
coedge $-1 -1 $-1 $1562 $2182 $1556 $2110 forward $1121 $-1 #
edge $2717 -1 $-1 $2112 -0.1374983752943990112 $1565 -0.1124983752943080617 $2109 $2718 forward @7 unknown #
color-adesk-attrib $-1 -1 $-1 $-1 $1557 2 #
vertex $-1 -1 $-1 $2707 $2719 #
straight-curve $-1 -1 $-1 2740.880632021014662 1182.748454454384046 79.9310597206136606 -4.930380657631323886e-35 0.001000000000000000021 -1.836970198721030077e-19 I I #
coedge $-1 -1 $-1 $2698 $2243 $1559 $2115 reversed $1655 $-1 #
edge $2720 -1 $-1 $2117 -86.80978263714678178 $2132 -30.06164382691167702 $1559 $1566 forward @7 unknown #
color-adesk-attrib $-1 -1 $-1 $-1 $1560 256 #
vertex $-1 -1 $-1 $2115 $2721 #
ellipse-curve $-1 -1 $-1 2740.855632021014571 1182.73245445437351 79.92711972061366055 1 4.499142872214666586e-12 2.220446049242048037e-16 -6.196631570274165405e-19 -0.002828427124745265878 0.002828427124747195324 1 I I #
coedge $-1 -1 $-1 $1561 $1567 $2722 $2723 reversed $754 $-1 #
coedge $-1 -1 $-1 $2724 $2183 $1561 $2121 reversed $2303 $-1 #
edge $2725 -1 $-1 $2726 -2.603500000004714821 $2123 -2.501500000015994374 $1561 $2727 forward @7 unknown #
color-adesk-attrib $-1 -1 $-1 $-1 $1563 256 #
vertex $-1 -1 $-1 $2184 $2728 #
straight-curve $-1 -1 $-1 2740.855632021014571 1182.746954454368051 79.63409543093052889 -2.220446049242048037e-16 -6.162975822016214625e-33 1 I I #
point $-1 -1 $-1 2740.855632021014571 1182.746954454368051 79.9310597206136606 #
coedge $-1 -1 $-1 $2368 $2367 $1567 $2127 reversed $2369 $-1 #
edge $2729 -1 $-1 $2133 0.03675000000339423423 $2730 0.06675000001678199624 $1567 $2731 forward @7 unknown #
coedge $-1 -1 $-1 $2715 $1568 $2243 $2732 reversed $2130 $-1 #
coedge $-1 -1 $-1 $1568 $1983 $2368 $2376 forward $2130 $-1 #
loop $-1 -1 $-1 $-1 $2715 $1573 #
color-adesk-attrib $-1 -1 $-1 $-1 $1569 256 #
vertex $-1 -1 $-1 $1569 $2733 #
vertex $-1 -1 $-1 $2127 $2734 #
straight-curve $-1 -1 $-1 2740.855632021015481 1182.534545294101008 80.06778463661007095 3.2239167389584838e-12 -0.7165968505308447645 0.6974876011867696679 I I #
material-adesk-attrib $-1 -1 $-1 $1571 $759 12 0 #
ref_vt-eye-attrib $-1 -1 $2735 $1572 $1097 $1151 $1152 #
color-adesk-attrib $-1 -1 $2736 $-1 $1573 2 #
face $2737 -1 $-1 $2738 $2739 $7 $-1 $2740 forward single #
plane-surface $-1 -1 $-1 2740.618135270426137 1182.681244404775498 79.92499750221958266 -1.569949117057545926e-16 0.6974876011867696679 0.7165968505308447645 -0.001000000000000000021 -8.954888635034121223e-35 -2.190840101926975221e-19 reverse_v I I I I #
coedge $-1 -1 $-1 $2189 $1575 $2195 $2741 forward $2142 $-1 #
coedge $-1 -1 $-1 $1575 $2189 $1577 $2146 forward $2142 $-1 #
loop $-1 -1 $-1 $-1 $1575 $2240 #
color-adesk-attrib $-1 -1 $-1 $-1 $1576 256 #
vertex $-1 -1 $-1 $2741 $2742 #
straight-curve $-1 -1 $-1 2740.618135270426137 1182.745151945639236 79.9310597206136606 -1 -8.954888635034121155e-32 -2.190840101926975382e-16 I I #
edge $2743 -1 $-1 $2193 -101.9999999887204467 $1581 -100.1974912599052914 $1577 $2744 forward @7 unknown #
coedge $-1 -1 $-1 $1578 $2745 $2746 $2747 forward $1579 $-1 #
loop $-1 -1 $-1 $2748 $2749 $1751 #
coedge $-1 -1 $-1 $2745 $2750 $2751 $2752 forward $1579 $-1 #
point $-1 -1 $-1 2741.130638519836339 1182.745151945639236 79.9310597206136606 #
coedge $-1 -1 $-1 $2746 $1795 $1583 $2152 reversed $1267 $-1 #
edge $2753 -1 $-1 $2154 212.5032494100196345 $1591 425.0000000001818989 $2151 $1271 forward @7 unknown #
color-adesk-attrib $-1 -1 $-1 $-1 $1584 256 #
vertex $-1 -1 $-1 $2747 $2754 #
straight-curve $-1 -1 $-1 2741.130638519836339 1182.746454454375225 79.93111972061365122 4.499510266254410666e-12 1 -1.836970198711172131e-16 I I #
color-adesk-attrib $-1 -1 $2755 $-1 $1586 2 #
edge $2756 -1 $-1 $1963 -1.570796326794564379 $1591 2.168404344970977807e-16 $1795 $2757 forward @7 unknown #
point $-1 -1 $-1 2741.343135270426501 1182.73245445437351 79.93111972061365122 #
material-adesk-attrib $-1 -1 $-1 $1594 $518 12 0 #
ref_vt-eye-attrib $-1 -1 $2758 $1595 $770 $1151 $1152 #
fmesh-eye-attrib $-1 -1 $2759 $1596 $1114 #
color-adesk-attrib $-1 -1 $2760 $-1 $1597 2 #
face $2761 -1 $-1 $2762 $1736 $7 $-1 $2165 forward single #
loop $-1 -1 $-1 $-1 $2763 $1597 #
plane-surface $-1 -1 $-1 2740.618135270426137 1182.674954454378167 81.08111972061365691 -2.190840101926975875e-16 -1.467580822869011151e-14 -1 -0.001000000000000000021 -1.549979942681724046e-34 2.190840101926976184e-19 forward_v I I I I #
coedge $-1 -1 $-1 $2764 $1671 $2259 $2765 forward $1598 $-1 #
coedge $-1 -1 $-1 $1601 $1600 $2766 $2767 forward $771 $-1 #
edge $2768 -1 $-1 $2288 -294.0781745730873808 $2176 444.0781745729509566 $1600 $2769 forward @7 unknown #
coedge $-1 -1 $-1 $2770 $2771 $1601 $2170 reversed $2772 $-1 #
edge $2773 -1 $-1 $2774 -292.7908260837739363 $2175 442.7908260836375121 $2169 $2775 forward @7 unknown #
coedge $-1 -1 $-1 $2776 $1602 $2777 $2778 forward $2173 $-1 #
coedge $-1 -1 $-1 $1602 $2776 $2279 $2779 reversed $2173 $-1 #
loop $-1 -1 $-1 $-1 $2776 $2780 #
color-adesk-attrib $-1 -1 $-1 $-1 $1603 2 #
vertex $-1 -1 $-1 $2781 $2782 #
vertex $-1 -1 $-1 $1603 $2783 #
ellipse-curve $-1 -1 $-1 2741.360926096509502 1182.749727104674093 79.91332889452996824 0.7071067811916995627 1.298934084343776186e-16 0.7071067811813954718 0.001299999999980174219 -3.472263430821222238e-19 -0.001299999999999117833 0.7071067811916997847 I I #
ref_vt-eye-attrib $-1 -1 $-1 $1604 $773 $552 $553 #
ref_vt-eye-attrib $-1 -1 $2784 $1605 $1119 $552 $553 #
color-adesk-attrib $-1 -1 $2785 $-1 $1606 2 #
face $2786 -1 $-1 $2057 $2787 $7 $-1 $1607 forward single #
coedge $-1 -1 $-1 $2109 $1608 $2103 $2707 forward $1121 $-1 #
coedge $-1 -1 $-1 $2120 $2788 $1608 $2184 reversed $2303 $-1 #
edge $2789 -1 $-1 $2123 0.1187483752946718596 $2790 0.1437483752943080617 $1608 $2791 forward @7 unknown #
coedge $-1 -1 $-1 $2675 $1610 $1728 $2326 forward $2082 $-1 #
color-adesk-attrib $-1 -1 $-1 $-1 $1611 256 #
vertex $-1 -1 $-1 $1611 $2792 #
straight-curve $-1 -1 $-1 2740.736883645720354 1182.746954454368051 80.81867972061364469 -1 -2.775557561562891351e-17 2.035428416920020731e-32 I I #
coedge $-1 -1 $-1 $2141 $2140 $1612 $2190 reversed $2142 $-1 #
edge $2793 -1 $-1 $2193 -0.2625016247052371909 $2199 -0.2375016247051462415 $1612 $2794 forward @7 unknown #
coedge $-1 -1 $-1 $2795 $1613 $1618 $2203 reversed $1579 $-1 #
color-adesk-attrib $-1 -1 $-1 $-1 $1614 256 #
vertex $-1 -1 $-1 $1614 $2796 #
straight-curve $-1 -1 $-1 2741.130638519836339 1182.746954454368051 79.63409543093052889 -2.220446049242048037e-16 -6.162975822016214625e-33 -1 I I #
coedge $-1 -1 $-1 $2097 $1615 $2140 $2741 reversed $2197 $-1 #
coedge $-1 -1 $-1 $1615 $2797 $1617 $2202 reversed $2197 $-1 #
loop $-1 -1 $-1 $-1 $2798 $1654 #
color-adesk-attrib $-1 -1 $-1 $-1 $1616 256 #
vertex $-1 -1 $-1 $1616 $2799 #
straight-curve $-1 -1 $-1 2741.105638519836248 1182.746954454368051 79.63409543093052889 2.220446049250312834e-16 6.162975822039154046e-33 1 I I #
coedge $-1 -1 $-1 $1618 $1617 $2800 $2801 forward $1619 $-1 #
edge $2802 -1 $-1 $1621 2.449750000009998985 $2803 2.551749999998719431 $2196 $2804 forward @7 unknown #
edge $2805 -1 $-1 $2806 -2.603500000004714821 $1622 -2.501500000015994374 $2191 $2807 forward @7 unknown #
face $2808 -1 $-1 $2809 $1619 $7 $-1 $2810 reversed single #
point $-1 -1 $-1 2741.105638519836248 1182.746954454368051 80.19355972061366344 #
point $-1 -1 $-1 2741.130638519836339 1182.746954454368051 80.19355972061366344 #
color-adesk-attrib $-1 -1 $-1 $-1 $1625 256 #
straight-curve $-1 -1 $-1 2740.868136895131101 1182.746954454368051 81.08117972061364753 1 2.775557561562891351e-17 2.220446049250313081e-16 I I #
coedge $-1 -1 $-1 $2811 $1626 $2812 $2813 forward $1628 $-1 #
edge $2814 -1 $-1 $2047 -3.302508744809529162 $1630 -1.500000015994373825 $1627 $2815 forward @7 unknown #
loop $-1 -1 $-1 $2816 $2817 $2213 #
coedge $-1 -1 $-1 $2818 $2811 $1742 $2343 forward $1628 $-1 #
face $2819 -1 $-1 $1639 $1628 $7 $-1 $2820 forward single #
point $-1 -1 $-1 2741.105638519836248 1182.746954454368051 81.08117972061364753 #
coedge $-1 -1 $-1 $1632 $2309 $2821 $2822 reversed $1192 $-1 #
point $-1 -1 $-1 2741.130638519836339 1182.746954454368051 81.08117972061364753 #
coedge $-1 -1 $-1 $2821 $2812 $1636 $2218 forward $2823 $-1 #
edge $2824 -1 $-1 $2223 -0.02499999999986357579 $2220 -2.273736754432320595e-13 $2217 $2825 forward @7 unknown #
color-adesk-attrib $-1 -1 $-1 $-1 $1637 2 #
vertex $-1 -1 $-1 $2822 $2826 #
straight-curve $-1 -1 $-1 2741.130638519847707 1185.248454454384046 80.81867972061364469 4.499510266254410666e-12 1 4.82436794902990709e-16 I I #
color-adesk-attrib $-1 -1 $-1 $-1 $1638 2 #
vertex $-1 -1 $-1 $2813 $2827 #
straight-curve $-1 -1 $-1 2741.105638519836248 1185.19670445437805 80.81867972061364469 -3.673940397442059375e-16 -1 -4.82436794902990709e-16 I I #
material-adesk-attrib $-1 -1 $2828 $-1 $1639 12 0 #
face $2829 -1 $-1 $2317 $2830 $7 $-1 $2831 reversed single #
plane-surface $-1 -1 $-1 2741.130638519836793 1187.748454454384046 80.81867972061364469 3.374459510989182355e-32 -4.82436794902990709e-16 1 0.001000000000000000021 -3.673940397442059672e-19 -2.109889981105485582e-34 forward_v I I I I #
coedge $-1 -1 $-1 $2832 $1642 $2833 $2834 forward $1643 $-1 #
loop $-1 -1 $-1 $2835 $2836 $2230 #
face $2837 -1 $-1 $2272 $1643 $7 $-1 $2838 forward single #
color-adesk-attrib $-1 -1 $-1 $-1 $1646 2 #
tvertex-vertex $-1 -1 $-1 $2834 $2839 7.917037687653913445e-06 #
straight-curve $-1 -1 $-1 2741.343135270426046 1182.748454454391322 80.49361972061396386 4.930380657621271109e-32 -1 -8.936712793133316247e-12 I I #
ref_vt-eye-attrib $-1 -1 $2840 $-1 $1647 $-1 $-1 #
face $2841 -1 $-1 $2842 $2457 $7 $-1 $2236 reversed single #
plane-surface $-1 -1 $-1 2741.343135270426046 1182.748454449923884 581.3811197206140378 -1 -4.930380657631323784e-32 1.12481983699639348e-32 -1.124819837040454737e-32 8.936712793133316247e-12 -1 forward_v I I I I #
color-adesk-attrib $-1 -1 $-1 $1652 $792 2 #
ref_vt-eye-attrib $-1 -1 $2843 $1653 $1156 $4 $5 #
material-adesk-attrib $-1 -1 $2844 $-1 $1654 12 0 #
face $2845 -1 $-1 $2846 $2142 $7 $-1 $2847 forward single #
loop $-1 -1 $-1 $2848 $2849 $1654 #
plane-surface $-1 -1 $-1 2741.105638519836248 1182.644954454379331 80.58105972061366629 -1 3.673940397442059868e-16 2.220446049250312834e-16 -2.220446049250313609e-19 -1.836970198721029354e-19 -0.001000000000000000021 reverse_v I I I I #
coedge $-1 -1 $-1 $2114 $2850 $2128 $2732 forward $1655 $-1 #
coedge $-1 -1 $-1 $2244 $2244 $1656 $2245 reversed $2851 $-1 #
edge $2852 -1 $-1 $2853 -3.141592653589793116 $2853 3.141592653589793116 $1656 $2854 forward @7 unknown #
loop $-1 -1 $-1 $-1 $1657 $2855 #
color-adesk-attrib $-1 -1 $-1 $-1 $1658 2 #
vertex $-1 -1 $-1 $1658 $2856 #
ellipse-curve $-1 -1 $-1 2740.855632021014571 1182.684954437681881 80.14355641884316128 1 4.499142872214666586e-12 2.220446049242048037e-16 -5.423418723394483217e-34 0.01100000000000005487 -2.020667218593142955e-18 1 I I #
edge $2857 -1 $-1 $1677 0 $2257 119.9999999925494336 $1659 $2858 forward @7 unknown #
color-adesk-attrib $-1 -1 $-1 $-1 $1660 2 #
straight-curve $-1 -1 $-1 2740.618135270426137 1182.764954454367398 81.10611972061366259 0.001000000000000000021 1.549979942681724046e-34 -2.190840101926976184e-19 I I #
coedge $-1 -1 $-1 $2859 $1661 $2596 $2860 reversed $2255 $-1 #
coedge $-1 -1 $-1 $1661 $2861 $2862 $2863 reversed $2255 $-1 #
loop $-1 -1 $-1 $-1 $2864 $2865 #
color-adesk-attrib $-1 -1 $-1 $-1 $1662 2 #
vertex $-1 -1 $-1 $2860 $2866 #
straight-curve $-1 -1 $-1 2740.618135270426137 1182.644954454379331 81.10611972061366259 0.001000000000000000021 1.549979942681724046e-34 -2.190840101926976184e-19 I I #
coedge $-1 -1 $-1 $1664 $1663 $2166 $2765 reversed $1665 $-1 #
coedge $-1 -1 $-1 $2862 $2007 $1663 $2261 forward $1182 $-1 #
edge $2867 -1 $-1 $2868 0 $1668 1200.000000000000455 $2260 $2869 forward @7 unknown #
edge $2870 -1 $-1 $1667 1.218988579366249603 $2268 2.41898857936624978 $1664 $2871 forward @7 unknown #
face $2872 -1 $-1 $-1 $2873 $7 $-1 $2874 forward single #
point $-1 -1 $-1 2741.368135270426137 1182.764954454367398 81.10611972061366259 #
point $-1 -1 $-1 2741.368135270426137 1182.644954454379331 81.10611972061366259 #
coedge $-1 -1 $-1 $1671 $2764 $1673 $2271 reversed $1598 $-1 #
color-adesk-attrib $-1 -1 $-1 $-1 $1672 2 #
vertex $-1 -1 $-1 $1672 $2875 #
straight-curve $-1 -1 $-1 2740.618135270426137 1182.764954454367398 79.90611972061365975 0.001000000000000000021 8.954888635034121223e-35 2.190840101926975221e-19 I I #
coedge $-1 -1 $-1 $1674 $1673 $1981 $2597 reversed $1675 $-1 #
edge $2876 -1 $-1 $1678 0 $2877 119.9999999925494336 $2266 $2878 forward @7 unknown #
face $2879 -1 $-1 $2263 $2880 $7 $-1 $2881 forward single #
point $-1 -1 $-1 2740.618135270426137 1182.764954454367398 81.10611972061366259 #
point $-1 -1 $-1 2740.618135270426137 1182.764954454367398 79.90611972061365975 #
coedge $-1 -1 $-1 $2882 $1680 $1683 $2280 forward $1881 $-1 #
coedge $-1 -1 $-1 $1680 $2883 $1687 $2284 forward $1881 $-1 #
color-adesk-attrib $-1 -1 $-1 $-1 $1681 256 #
straight-curve $-1 -1 $-1 2741.546933933623677 1182.76495445436808 79.92244291138911194 -1 -2.775557561562891351e-17 3.884321163531763045e-32 I I #
coedge $-1 -1 $-1 $1683 $1682 $2172 $2779 forward $1684 $-1 #
edge $2884 -1 $-1 $1686 0.07111642036127167887 $2885 0.08631071485317945435 $2275 $2886 forward @7 unknown #
face $2887 -1 $-1 $1447 $1684 $7 $-1 $803 forward single #
point $-1 -1 $-1 2741.360098807917439 1182.76495445436808 79.92244291138911194 #
coedge $-1 -1 $-1 $1688 $1687 $2888 $2889 reversed $1689 $-1 #
edge $2890 -1 $-1 $2891 -0.1882685565226311086 $1691 -0.1730742620307233193 $2276 $2892 forward @7 unknown #
face $2893 -1 $-1 $2894 $1689 $7 $-1 $27 forward single #
point $-1 -1 $-1 2740.626171732934836 1182.76495445436808 79.92244291138911194 #
color-adesk-attrib $-1 -1 $-1 $-1 $1693 2 #
vertex $-1 -1 $-1 $2168 $2895 #
straight-curve $-1 -1 $-1 2740.956970672016723 1185.118711209703179 80.2449551222041606 -0.1378445374916492938 -0.9808148484639833686 -0.1378445374916491273 I I #
color-adesk-attrib $-1 -1 $-1 $-1 $1694 2 #
straight-curve $-1 -1 $-1 2741.246684127441767 1183.57194183790125 80.02757086359927996 -0.1378445374896787312 0.9808148484642548182 0.1378445374916872634 I I #
color-adesk-attrib $-1 -1 $-1 $1698 $802 2 #
ref_vt-eye-attrib $-1 -1 $2896 $1699 $1181 $552 $553 #
material-adesk-attrib $-1 -1 $2897 $-1 $1700 12 0 #
face $2898 -1 $-1 $2899 $2900 $7 $-1 $2901 forward single #
loop $-1 -1 $-1 $-1 $2902 $1700 #
cone-surface $-1 -1 $-1 2741.352123876222322 1182.678454454377061 79.90611972061365975 3.37445951098917907e-32 1.836970198721029934e-16 1 -0.001555666799320742227 0.003685091696212435073 -6.769403625496573238e-19 1 I I 0 1 0.004000000000000335752 forward I I I I #
coedge $-1 -1 $-1 $2903 $2904 $2905 $2906 forward $1701 $-1 #
color-adesk-attrib $-1 -1 $-1 $1704 $811 2 #
ref_vt-eye-attrib $-1 -1 $2907 $1705 $1189 $4 $5 #
material-adesk-attrib $-1 -1 $2908 $-1 $1706 12 0 #
face $2909 -1 $-1 $2855 $2910 $7 $-1 $2911 reversed single #
loop $-1 -1 $-1 $-1 $2183 $1706 #
plane-surface $-1 -1 $-1 2740.855632021014571 1187.748454454384046 80.19355972061366344 -3.37445951098917907e-32 -1.836970198721029934e-16 -1 -0.001000000000000000021 -4.930380657631323886e-35 3.374459510989180302e-35 forward_v I I I I #
coedge $-1 -1 $-1 $2912 $1708 $2310 $2913 reversed $1190 $-1 #
coedge $-1 -1 $-1 $1708 $2912 $2818 $2914 reversed $1190 $-1 #
coedge $-1 -1 $-1 $1742 $2311 $1708 $2308 reversed $1201 $-1 #
edge $2915 -1 $-1 $2916 0.2375016247051462415 $2917 0.2625016247047824436 $1708 $2918 forward @7 unknown #
coedge $-1 -1 $-1 $2215 $1711 $2763 $2919 forward $1192 $-1 #
coedge $-1 -1 $-1 $1711 $2049 $2305 $2913 forward $1192 $-1 #
coedge $-1 -1 $-1 $2307 $2920 $1711 $2312 reversed $1201 $-1 #
edge $2921 -1 $-1 $2917 -0.1960248694953916071 $2922 -0.1959388464662731311 $1711 $2923 forward @7 unknown #
loop $-1 -1 $-1 $-1 $1712 $2226 #
color-adesk-attrib $-1 -1 $-1 $-1 $1713 2 #
vertex $-1 -1 $-1 $1713 $2924 #
ellipse-curve $-1 -1 $-1 2741.130638519836339 1182.694954437683919 80.94368302238414969 -1 4.499510266254410666e-12 -2.220446049228605354e-16 4.041334437186285139e-18 0.01100000000000005487 5.306804743932924454e-18 1 I I #
face $2925 -1 $-1 $2926 $2927 $7 $-1 $2928 reversed single #
point $-1 -1 $-1 2741.130638519836339 1182.673954437683278 80.86868302238414685 #
color-adesk-attrib $-1 -1 $-1 $-1 $1718 256 #
straight-curve $-1 -1 $-1 2740.618135270426137 1182.731764237016478 81.08117972061364753 -1 -1.549979942681724026e-31 2.190840101926976122e-16 I I #
point $-1 -1 $-1 2740.880632021014662 1182.731764237016478 81.08117972061364753 #
point $-1 -1 $-1 2740.855632021014571 1182.731764237016478 81.08117972061364753 #
coedge $-1 -1 $-1 $2929 $1723 $1985 $2604 reversed $1201 $-1 #
coedge $-1 -1 $-1 $2075 $2930 $1723 $2325 forward $2681 $-1 #
edge $2931 -1 $-1 $2607 24.99999999986357579 $2078 237.4967505888889718 $2324 $2346 forward @7 unknown #
edge $2932 -1 $-1 $2187 2.449750000009998985 $2332 2.551749999998719431 $1728 $2933 forward @7 unknown #
color-adesk-attrib $-1 -1 $-1 $-1 $1729 256 #
straight-curve $-1 -1 $-1 2740.880632021014662 1182.746954454368051 79.55915543093051667 -2.220446049250313574e-16 -6.162975822039156098e-33 -1 I I #
coedge $-1 -1 $-1 $2934 $1732 $2935 $2337 forward $1752 $-1 #
coedge $-1 -1 $-1 $1732 $2356 $2675 $2936 reversed $1752 $-1 #
color-adesk-attrib $-1 -1 $-1 $-1 $1733 2 #
vertex $-1 -1 $-1 $1733 $2937 #
straight-curve $-1 -1 $-1 2740.880632021014662 1182.644954454379331 80.43117972061364185 2.220446049250313609e-19 -4.82436794902990786e-19 0.001000000000000000021 I I #
coedge $-1 -1 $-1 $1735 $1734 $2811 $2938 reversed $1736 $-1 #
coedge $-1 -1 $-1 $2939 $2935 $1735 $2336 forward $2255 $-1 #
edge $2940 -1 $-1 $1738 262.496750588525174 $2941 487.503249410110584 $2335 $2942 forward @7 unknown #
edge $2943 -1 $-1 $1738 649.9400000000150612 $2944 650.0000000000007958 $2329 $2333 forward @7 unknown #
point $-1 -1 $-1 2740.880632021014662 1182.644954454364779 81.08111972061365691 #
coedge $-1 -1 $-1 $2945 $1740 $2669 $2946 forward $737 $-1 #
color-adesk-attrib $-1 -1 $-1 $-1 $1741 256 #
vertex $-1 -1 $-1 $1741 $2947 #
ellipse-curve $-1 -1 $-1 2740.880632021014662 1182.73245445437351 81.0851197206136618 -1 -1.564262941018461677e-31 2.220446049250313574e-16 -6.196631570274167331e-19 -0.00282842712474526501 -0.002828427124747196191 1 I I #
edge $2948 -1 $-1 $2345 0.233022733482062705 $2916 0.2331087565111811533 $2212 $2949 forward @7 unknown #
color-adesk-attrib $-1 -1 $-1 $-1 $1743 2 #
vertex $-1 -1 $-1 $2938 $2950 #
straight-curve $-1 -1 $-1 2740.618135270426137 1182.674954454378167 81.08111972061365691 0.001000000000000000021 1.549979942681724046e-34 -2.190840101926976184e-19 I I #
edge $2951 -1 $-1 $2952 -3.141592653589793116 $2952 3.141592653589793116 $2074 $2953 forward @7 unknown #
fmesh-eye-attrib $-1 -1 $2954 $1746 $1225 #
color-adesk-attrib $-1 -1 $-1 $-1 $1748 2 #
vertex $-1 -1 $-1 $1748 $2955 #
ellipse-curve $-1 -1 $-1 2740.855632021014571 1182.684954437681881 80.86868302238414685 -1 -4.499142872214666586e-12 2.22044604922860782e-16 -5.423418723394480651e-34 0.01100000000000005487 5.306804743932924454e-18 1 I I #
ref_vt-eye-attrib $-1 -1 $2956 $1749 $836 $-1 $-1 #
fmesh-eye-attrib $-1 -1 $2957 $1750 $1229 #
material-adesk-attrib $-1 -1 $2958 $-1 $1751 12 0 #
plane-surface $-1 -1 $-1 2741.130638519836339 1182.748454454384046 80.58105972061366629 1 -4.499510266254410666e-12 -2.220446049242048037e-16 2.220446049250313609e-19 1.836970198721029354e-19 0.001000000000000000021 reverse_v I I I I #
coedge $-1 -1 $-1 $2330 $2959 $2066 $2674 reversed $1752 $-1 #
material-adesk-attrib $-1 -1 $-1 $1755 $841 12 0 #
ref_vt-eye-attrib $-1 -1 $2960 $1756 $1234 $21 $22 #
color-adesk-attrib $-1 -1 $2961 $-1 $1757 2 #
face $2962 -1 $-1 $2285 $2963 $7 $-1 $2964 reversed single #
loop $-1 -1 $-1 $-1 $2453 $1757 #
coedge $-1 -1 $-1 $1759 $1758 $1768 $2378 reversed $842 $-1 #
coedge $-1 -1 $-1 $2035 $1861 $1758 $2364 reversed $1424 $-1 #
edge $2965 -1 $-1 $1784 294.4218209155922068 $2966 357.4218209156088051 $1758 $1426 forward @7 unknown #
coedge $-1 -1 $-1 $1819 $1785 $1759 $2366 forward $980 $-1 #
edge $2967 -1 $-1 $1260 294.4218209155735622 $1776 357.4218209156185821 $2365 $1422 forward @7 unknown #
coedge $-1 -1 $-1 $2126 $1760 $2968 $2374 forward $2369 $-1 #
coedge $-1 -1 $-1 $1760 $2126 $2129 $2376 reversed $2369 $-1 #
loop $-1 -1 $-1 $-1 $2126 $2969 #
color-adesk-attrib $-1 -1 $-1 $-1 $1761 2 #
straight-curve $-1 -1 $-1 2740.643135270425773 1185.159954454378749 79.93111972061369386 -1.515824502359310271e-14 -1 -1.497454800372099999e-14 I I #
coedge $-1 -1 $-1 $2970 $2968 $1762 $2373 forward $2971 $-1 #
edge $2972 -1 $-1 $1764 0.01590990173710772268 $2877 0.05126524079633863751 $2372 $2973 forward @7 tangent #
edge $2974 -1 $-1 $1764 24.99999999986357579 $2730 237.4967505888889718 $2968 $2975 forward @7 unknown #
point $-1 -1 $-1 2740.643135270425773 1182.644954454364779 79.93111972061365122 #
edge $2976 -1 $-1 $1766 24.99999999986357579 $2133 237.4967505888889718 $2368 $2977 forward @7 unknown #
point $-1 -1 $-1 2740.643135270425773 1182.674954454378167 79.93111972061365122 #
edge $2978 -1 $-1 $1776 0.0699999999997089617 $2966 0.09999999999854480848 $1768 $1247 forward @7 unknown #
tcoedge-coedge $-1 -1 $-1 $1769 $2979 $2980 $2981 reversed $1245 $2982 -0.0004920829815091565251 -0 #
coedge $-1 -1 $-1 $2983 $1771 $2984 $2985 reversed $1245 $-1 #
coedge $-1 -1 $-1 $1825 $1824 $1771 $2382 forward $1826 $-1 #
edge $2986 -1 $-1 $2987 -0.7000000000000454747 $2966 0 $1771 $2988 forward @7 unknown #
color-adesk-attrib $-1 -1 $2989 $-1 $1772 2 #
plane-surface $-1 -1 $-1 2741.343135270425591 1182.744954454377876 80.74869789969805822 -1.0785023667786534e-14 -4.82436794902990709e-16 1 -1 5.15378844466351964e-30 -1.0785023667786534e-14 reverse_v I I I I #
point $-1 -1 $-1 2740.643135270426683 1182.674954454378167 80.74869789969804401 #
coedge $-1 -1 $-1 $2990 $2991 $1779 $2387 reversed $2787 $-1 #
edge $2992 -1 $-1 $2391 0.0004920829815091565251 $2993 0.01250000000436557457 $1779 $2403 forward @7 unknown #
coedge $-1 -1 $-1 $1780 $2980 $2990 $2994 forward $520 $-1 #
pcurve $-1 -1 $-1 0 forward { exppc nubs 3 open 2 
	-0.0004920829815091565251 3 -0 3 
	226.8430800061526043 0.7853981633971488518 
	226.8430800061526043 0.7443099241539482547 
	226.8430800061526043 0.7032253982822972427 
	226.8430800061526043 0.6627521177764926774 
	1.617283985994343983e-09 
	cone 2741.347127353404176 1182.744462371396367 79.90611972061365975 3.37445951098917907e-32 1.836970198721029934e-16 1 -0.002822834495581730795 0.002822834495579805252 -5.185462844301811914e-19 1 I I 0 1 0.003992090827984936911 forward I I I I 
	} 0 0 #
color-adesk-attrib $-1 -1 $-1 $-1 $1781 2 #
tvertex-vertex $-1 -1 $-1 $2387 $2995 7.917037687653952408e-06 #
straight-curve $-1 -1 $-1 2741.343135270425591 1182.744954454377876 80.81169789969807482 4.930380657631321594e-32 -1 -4.82436794902990709e-16 F 0 F 0.0004920829815091565251 #
point $-1 -1 $-1 2740.643135270425773 1182.644954454379331 80.81169789969807482 #
color-adesk-attrib $-1 -1 $-1 $-1 $1786 2 #
straight-curve $-1 -1 $-1 2740.643135270425773 1182.674954454379076 80.35890881015586729 3.37445951098917907e-32 1.836970198721029934e-16 1 I I #
coedge $-1 -1 $-1 $2636 $2043 $1788 $2397 reversed $1491 $-1 #
edge $2996 -1 $-1 $2993 0.01250000000436557457 $2402 0.0699999999997089617 $1788 $2403 forward @7 unknown #
coedge $-1 -1 $-1 $2984 $1789 $2997 $2998 reversed $2400 $-1 #
coedge $-1 -1 $-1 $1789 $2984 $2649 $2999 forward $2400 $-1 #
loop $-1 -1 $-1 $-1 $1789 $3000 #
color-adesk-attrib $-1 -1 $-1 $-1 $1790 2 #
vertex $-1 -1 $-1 $1790 $3001 #
straight-curve $-1 -1 $-1 2741.343135270425591 1182.744954454377876 80.81169789969807482 4.930380657631321594e-32 -1 -4.82436794902990709e-16 I I #
point $-1 -1 $-1 2741.343135270425591 1182.644954454379331 80.81169789969807482 #
ref_vt-eye-attrib $-1 -1 $-1 $1794 $860 $-1 $-1 #
coedge $-1 -1 $-1 $1957 $2618 $1795 $2157 reversed $2567 $-1 #
coedge $-1 -1 $-1 $1796 $3002 $2703 $3003 reversed $1267 $-1 #
edge $3004 -1 $-1 $3005 0.6119758423106270717 $2710 0.7853981633971073295 $2104 $3006 forward @7 unknown #
material-adesk-attrib $-1 -1 $3007 $-1 $1797 12 0 #
cone-surface $-1 -1 $-1 2740.618135270426137 1182.73245445437351 79.92711972061366055 -1 -8.954888635034121155e-32 -2.190840101926975382e-16 -6.196631570274165405e-19 -0.002828427124745265878 0.002828427124747195324 1 I I -0 1 0.004000000000000057329 reversed I I I I #
color-adesk-attrib $-1 -1 $-1 $-1 $1799 2 #
coedge $-1 -1 $-1 $1801 $1800 $3008 $3009 reversed $1802 $-1 #
coedge $-1 -1 $-1 $1995 $2903 $1800 $2414 forward $1701 $-1 #
edge $3010 -1 $-1 $3011 24.99999999991814548 $1804 288.4218209155733348 $2413 $2003 forward @7 unknown #
point $-1 -1 $-1 2741.343135270426501 1182.674954454378167 80.19454154152923309 #
ref_vt-eye-attrib $-1 -1 $-1 $1808 $873 $-1 $-1 #
coedge $-1 -1 $-1 $1872 $1871 $1809 $2418 reversed $1873 $-1 #
edge $3012 -1 $-1 $2423 0.0005000000091968104243 $3013 0.01250000000436557457 $1809 $2435 forward @7 unknown #
tcoedge-coedge $-1 -1 $-1 $2980 $1810 $1813 $2425 reversed $520 $3014 -0.006000000000007332801 -0 #
coedge $-1 -1 $-1 $1810 $1876 $1872 $2483 forward $520 $-1 #
pcurve $-1 -1 $-1 0 forward { exppc nubs 3 open 2 
	-0.0005000000091968104243 3 -0 3 
	209.5589041261049204 0.7873813429434377564 
	209.5589041261049204 0.7456322071833089149 
	209.5589041261049204 0.7038765650456557665 
	209.5589041261049204 0.6627521177764896798 
	1.702774536269757336e-09 
	cone 2741.347127353404176 1182.744462371396367 79.90611972061365975 3.37445951098917907e-32 1.836970198721029934e-16 1 -0.002822834495581730795 0.002822834495579805252 -5.185462844301811914e-19 1 I I 0 1 0.003992090827984936911 forward I I I I 
	} 0 0 #
color-adesk-attrib $-1 -1 $-1 $-1 $1811 2 #
tvertex-vertex $-1 -1 $-1 $2418 $3015 1.090949470177292763e-11 #
straight-curve $-1 -1 $-1 2741.343135270425591 1182.744954454377876 80.742697899698058 4.930380657631321594e-32 -1 -4.82436794902990709e-16 F 0 F 0.0005000000091968104243 #
tedge-edge $3016 -1 $-1 $2447 0 $1815 0.006000000000007332801 $1813 $3017 forward @7 unknown 3.020604901956401402e-05 #
pcurve $-1 -1 $-1 0 forward { exppc nubs 1 open 2 
	0 1 0.006000000000007332801 1 
	-0.003000000000000113687 0.3500000000003637979 
	0.003000000000014324542 0.3500000000003637979 
	0 
	plane 2740.993135270425228 1182.744954454377876 80.74569789969805811 -9.574432969507089922e-24 1 4.824377192438881842e-16 -3.374459510989182355e-32 4.824377192438881842e-16 -1 reverse_v I I I I 
	} 0 0 #
point $-1 -1 $-1 2741.343135270425591 1182.744954454377876 80.742697899698058 #
point $-1 -1 $-1 2740.643135270425773 1182.644954454379331 80.742697899698058 #
color-adesk-attrib $-1 -1 $-1 $-1 $1820 2 #
straight-curve $-1 -1 $-1 2740.643135270425773 1182.674954454379076 80.32740881015585899 3.37445951098917907e-32 1.836970198721029934e-16 1 I I #
coedge $-1 -1 $-1 $3018 $2443 $1821 $2432 reversed $1832 $-1 #
edge $3019 -1 $-1 $3013 0.01250000000436557457 $2434 0.0699999999997089617 $2431 $2435 forward @7 unknown #
color-adesk-attrib $-1 -1 $-1 $-1 $1823 2 #
vertex $-1 -1 $-1 $1823 $3020 #
straight-curve $-1 -1 $-1 2741.343135270425591 1182.744954454377876 80.742697899698058 4.930380657631321594e-32 -1 -4.82436794902990709e-16 I I #
coedge $-1 -1 $-1 $2459 $2649 $1824 $2437 reversed $1182 $-1 #
edge $3021 -1 $-1 $1828 -0.006000000000007332801 $2987 0 $1824 $3022 forward @7 tangent #
edge $3023 -1 $-1 $2966 -0.005999999999999783284 $1818 0 $1825 $3024 forward @7 tangent #
face $3025 -1 $-1 $3026 $1826 $7 $-1 $3027 reversed single #
point $-1 -1 $-1 2741.343135270425591 1182.644954454379331 80.742697899698058 #
ref_vt-eye-attrib $-1 -1 $-1 $1830 $880 $-1 $-1 #
fmesh-eye-attrib $-1 -1 $3028 $1831 $1293 #
coedge $-1 -1 $-1 $2431 $3029 $3030 $3031 forward $1832 $-1 #
coedge $-1 -1 $-1 $2444 $2444 $1834 $2445 reversed $3032 $-1 #
edge $3033 -1 $-1 $3034 -3.141592653589793116 $3034 3.141592653589793116 $1834 $3035 forward @7 unknown #
color-adesk-attrib $-1 -1 $-1 $-1 $1838 2 #
tvertex-vertex $-1 -1 $-1 $1838 $3036 3.020605901956401472e-05 #
straight-curve $-1 -1 $-1 2740.643135270425773 1182.744954454377876 80.74869789969805822 1 5.675656664392021239e-29 1.0785023667786534e-14 I I #
color-adesk-attrib $-1 -1 $3037 $-1 $1839 2 #
plane-surface $-1 -1 $-1 2740.993135270425228 1182.744954454377876 80.74569789969805811 -9.574432969507089922e-24 1 4.824377192438881842e-16 -3.374459510989182355e-32 4.824377192438881842e-16 -1 reverse_v I I I I #
fmesh-eye-attrib $-1 -1 $3038 $1841 $1308 #
coedge $-1 -1 $-1 $1843 $3039 $1853 $2465 reversed $1643 $-1 #
coedge $-1 -1 $-1 $2557 $1863 $1843 $2454 reversed $2361 $-1 #
edge $3040 -1 $-1 $2467 -0.1035000000119907781 $1330 -0.07350000001315493137 $1843 $1837 forward @7 unknown #
coedge $-1 -1 $-1 $3041 $1846 $3042 $3043 forward $2457 $-1 #
coedge $-1 -1 $-1 $1846 $3041 $3044 $3045 forward $2457 $-1 #
loop $-1 -1 $-1 $-1 $2455 $2235 #
color-adesk-attrib $-1 -1 $-1 $-1 $1847 2 #
coedge $-1 -1 $-1 $1856 $2436 $1848 $2460 reversed $1182 $-1 #
edge $3046 -1 $-1 $1321 612.5000000005869651 $1828 836.5781790843911949 $1848 $2000 forward @7 unknown #
coedge $-1 -1 $-1 $3030 $3042 $1849 $2462 forward $1701 $-1 #
edge $3047 -1 $-1 $1852 612.5000000003240075 $2434 836.5781790843982435 $2461 $2003 forward @7 unknown #
face $3048 -1 $-1 $773 $1850 $7 $-1 $2006 forward single #
point $-1 -1 $-1 2741.343135270426501 1182.674954454378167 80.51861972061398376 #
edge $3049 -1 $-1 $2467 -224.349999999958527 $2471 475.6499999996322003 $1853 $3050 forward @7 unknown #
color-adesk-attrib $-1 -1 $-1 $-1 $1855 2 #
vertex $-1 -1 $-1 $2465 $3051 #
straight-curve $-1 -1 $-1 2740.643135270426228 1182.644954454372055 81.8123697206130629 -1.124819837040454737e-32 8.936712793133316247e-12 -1 I I #
coedge $-1 -1 $-1 $1931 $1856 $3052 $3053 reversed $1182 $-1 #
color-adesk-attrib $-1 -1 $-1 $-1 $1857 2 #
vertex $-1 -1 $-1 $3054 $3055 #
straight-curve $-1 -1 $-1 2741.343135270426046 1182.644954452145612 330.9373697206130487 1.124819837040454737e-32 -8.936712793133316247e-12 1 I I #
material-adesk-attrib $-1 -1 $3056 $-1 $1858 12 0 #
plane-surface $-1 -1 $-1 2740.567485270426459 1182.644954454379331 80.49361972061305437 4.930380657621271109e-32 -1 -8.936712793133316247e-12 -1.12481983704045494e-35 8.93671279313331559e-15 -0.001000000000000000021 forward_v I I I I #
color-adesk-attrib $-1 -1 $-1 $-1 $1864 2 #
color-adesk-attrib $-1 -1 $-1 $1866 $913 2 #
ref_vt-eye-attrib $-1 -1 $3057 $1867 $1333 $-1 $-1 #
material-adesk-attrib $-1 -1 $3058 $-1 $1868 12 0 #
cone-surface $-1 -1 $-1 2740.768135270426683 1182.69495444741915 90.80614609635124168 1.124819836996392932e-32 6.123233995736767268e-17 1 0.01098476699007005716 5.415908269642847413e-34 -1.235588381521396441e-34 1 I I -0 1 0.01098476699007005716 reversed I I I I #
coedge $-1 -1 $-1 $3059 $1885 $2517 $3060 reversed $1869 $-1 #
coedge $-1 -1 $-1 $3044 $3061 $1871 $2482 forward $2567 $-1 #
edge $3062 -1 $-1 $3013 363.4218209156045987 $1875 587.5000000001762146 $1871 $2615 forward @7 tangent #
edge $3063 -1 $-1 $1339 612.4999999997271516 $2423 836.5781790843982435 $2420 $1508 forward @7 tangent #
face $3064 -1 $-1 $3065 $1873 $7 $-1 $1607 forward single #
point $-1 -1 $-1 2741.343135270426046 1182.73245445437351 80.51861972061348638 #
coedge $-1 -1 $-1 $1876 $2524 $3066 $3067 forward $520 $-1 #
color-adesk-attrib $-1 -1 $-1 $-1 $1877 2 #
straight-curve $-1 -1 $-1 2741.343135270426046 1182.744462371396367 79.90611972061367396 3.37445951098917907e-32 1.836970198721029934e-16 1 I I #
material-adesk-attrib $-1 -1 $-1 $1879 $918 12 0 #
coedge $-1 -1 $-1 $2883 $3068 $3069 $3070 forward $1881 $-1 #
color-adesk-attrib $-1 -1 $-1 $-1 $1884 2 #
ellipse-curve $-1 -1 $-1 2740.843135270426501 1182.698454461344227 80.5186197206137706 5.624099184937906688e-32 8.936414053358286847e-12 1 0.01098476699007005716 5.415908269642847413e-34 -6.177941907606982204e-34 1 I I #
edge $3071 -1 $-1 $1888 -10.31252637573771835 $2520 -10.31002637573759806 $1908 $3072 forward @7 unknown #
coedge $-1 -1 $-1 $1886 $3059 $2514 $3073 reversed $1869 $-1 #
edge $3074 -1 $-1 $2519 10.31002637573759806 $1889 10.31252637573771835 $1909 $3075 forward @7 unknown #
point $-1 -1 $-1 2740.832290798035046 1182.696704454385326 80.5186197206137706 #
point $-1 -1 $-1 2740.853979742817501 1182.696704454385326 80.5186197206137706 #
coedge $-1 -1 $-1 $1897 $1895 $3076 $3077 forward $1350 $-1 #
coedge $-1 -1 $-1 $2515 $3078 $1895 $2500 forward $2512 $-1 #
edge $3079 -1 $-1 $3080 -10.31252637573771835 $2502 -10.29002637573759849 $2499 $3081 forward @7 unknown #
color-adesk-attrib $-1 -1 $-1 $-1 $1896 256 #
vertex $-1 -1 $-1 $2500 $3082 #
straight-curve $-1 -1 $-1 2740.757290798027498 1182.696704454334395 70.20609334487605224 -5.624099184981968766e-32 3.599721149882553636e-16 -1 I I #
coedge $-1 -1 $-1 $3078 $2515 $1897 $2505 forward $2512 $-1 #
edge $3083 -1 $-1 $2507 10.29002637573759849 $3084 10.31252637573771835 $2504 $3085 forward @7 unknown #
color-adesk-attrib $-1 -1 $-1 $-1 $1898 256 #
vertex $-1 -1 $-1 $2505 $3086 #
straight-curve $-1 -1 $-1 2740.778979742825413 1182.696704454334395 70.20609334487605224 5.624099184981968766e-32 -3.599721149882553636e-16 1 I I #
color-adesk-attrib $-1 -1 $-1 $1902 $926 2 #
ref_vt-eye-attrib $-1 -1 $3087 $1903 $1358 $-1 $-1 #
color-adesk-attrib $-1 -1 $3088 $-1 $1904 2 #
loop $-1 -1 $-1 $-1 $2504 $1904 #
cone-surface $-1 -1 $-1 2740.768135270426683 1182.698454461256915 90.80614609635125589 -1.124819837040454737e-32 8.936712793133316247e-12 -1 0.01098476699007005716 5.415908269642847413e-34 -1.235588381521396441e-34 1 I I 0 1 0.01098476699007005716 forward I I I I #
coedge $-1 -1 $-1 $3089 $1910 $2494 $3073 forward $1905 $-1 #
coedge $-1 -1 $-1 $2504 $2499 $1907 $2516 reversed $2512 $-1 #
edge $3090 -1 $-1 $2507 0.1599938805355040627 $2502 2.981598773054288998 $2515 $3091 forward @7 tangent #
coedge $-1 -1 $-1 $1910 $3089 $2480 $3060 forward $1905 $-1 #
color-adesk-attrib $-1 -1 $-1 $-1 $1911 256 #
vertex $-1 -1 $-1 $3073 $3092 #
vertex $-1 -1 $-1 $3060 $3093 #
ellipse-curve $-1 -1 $-1 2740.843135270426501 1182.698454461351503 80.51611972061306233 -2.249639673992785864e-32 -1.224646799147353207e-16 -1 0.01098476699007005716 5.415908269642847413e-34 -1.235588381521396441e-34 1 I I #
color-adesk-attrib $-1 -1 $-1 $-1 $1913 2 #
vertex $-1 -1 $-1 $1926 $3094 #
tcoedge-coedge $-1 -1 $-1 $2486 $1914 $1940 $2548 forward $520 $3095 0 0.0005000000091968104243 #
pcurve $-1 -1 $-1 0 forward { exppc nubs 1 open 2 
	0 1 0.006000000000007332801 1 
	89.53248718942694495 0.6627521177764676974 
	91.03545900508650845 0.6627521177764680305 
	0 
	cone 2741.347127353404176 1182.744462371396367 79.90611972061365975 3.37445951098917907e-32 1.836970198721029934e-16 1 -0.002822834495581730795 0.002822834495579805252 -5.185462844301811914e-19 1 I I 0 1 0.003992090827984936911 forward I I I I 
	} 0 0 #
point $-1 -1 $-1 2741.343135270425591 1182.744462371396367 80.26354154152924991 #
color-adesk-attrib $-1 -1 $-1 $-1 $1919 2 #
straight-curve $-1 -1 $-1 2741.343135270425591 1182.744954454377876 80.26354154152924991 3.374459510989207534e-32 -5.556703464690757764e-15 1 F 0 F 0.006000000000007332801 #
coedge $-1 -1 $-1 $3096 $1925 $2613 $3097 forward $2531 $-1 #
coedge $-1 -1 $-1 $1925 $3096 $2001 $2622 forward $2531 $-1 #
loop $-1 -1 $-1 $-1 $2530 $2552 #
color-adesk-attrib $-1 -1 $-1 $-1 $1926 2 #
point $-1 -1 $-1 2741.343135270426501 1182.674954454378167 80.26354154152924991 #
edge $3098 -1 $-1 $2539 -0.7000000000000454747 $2536 0 $1941 $3099 forward @7 unknown #
color-adesk-attrib $-1 -1 $-1 $-1 $1932 2 #
vertex $-1 -1 $-1 $3100 $3101 #
straight-curve $-1 -1 $-1 2741.343135270425591 1182.644954454379331 80.26354154152924991 -3.374459510989207534e-32 5.556703464690757764e-15 -1 I I #
color-adesk-attrib $-1 -1 $-1 $-1 $1933 2 #
vertex $-1 -1 $-1 $1949 $3102 #
straight-curve $-1 -1 $-1 2740.643135270425773 1182.644954454379331 80.26954154152926435 3.374459510989207534e-32 -5.556703464690757764e-15 1 I I #
ref_vt-eye-attrib $-1 -1 $-1 $1936 $939 $-1 $-1 #
fmesh-eye-attrib $-1 -1 $3103 $1937 $1385 #
color-adesk-attrib $-1 -1 $3104 $-1 $1938 2 #
face $3105 -1 $-1 $3106 $3107 $7 $-1 $3108 forward single #
loop $-1 -1 $-1 $3109 $3110 $1938 #
torus-surface $-1 -1 $-1 2741.036341359134894 1182.696506485066493 80.338335680194362 -4.930380657631323784e-32 1 -1.836970198721029934e-16 0.01199999999999880676 0.007999999999999998432 3.37445951098917907e-32 1.836970198721029934e-16 1 forward_v I I I I #
coedge $-1 -1 $-1 $1940 $3111 $3112 $3113 reversed $1389 $-1 #
tedge-edge $3114 -1 $-1 $1944 0 $3115 0.0005000000091968104243 $1940 $3116 forward @7 unknown 3.020604901956401402e-05 #
pcurve $-1 -1 $-1 0 forward { exppc nubs 1 open 2 
	-0.0005000000091968104243 1 0 1 
	0.6999999999998181011 -0.0005000000091968104243 
	0.6999999999998181011 0 
	0 
	plane 2740.643135270425773 1182.744954454377876 80.26954154152926435 3.37445951098917907e-32 1.836970198721029934e-16 1 1 4.930380657631323784e-32 -3.374459510989180165e-32 forward_v I I I I 
	} 0 0 #
coedge $-1 -1 $-1 $3111 $1941 $3117 $3100 reversed $1389 $-1 #
color-adesk-attrib $-1 -1 $3118 $-1 $1942 2 #
face $3119 -1 $-1 $638 $2531 $7 $-1 $3120 forward single #
loop $-1 -1 $-1 $1389 $3121 $1942 #
plane-surface $-1 -1 $-1 2740.643135270425773 1182.744954454377876 80.26954154152926435 3.37445951098917907e-32 1.836970198721029934e-16 1 1 4.930380657631323784e-32 -3.374459510989180165e-32 forward_v I I I I #
point $-1 -1 $-1 2741.343135270425591 1182.744954454377876 80.26954154152926435 #
material-adesk-attrib $-1 -1 $3122 $1947 $1397 12 0 #
coedge $-1 -1 $-1 $1948 $2453 $1980 $2595 forward $2361 $-1 #
color-adesk-attrib $-1 -1 $-1 $-1 $1949 2 #
fmesh-eye-attrib $-1 -1 $3123 $1952 $1403 #
color-adesk-attrib $-1 -1 $3124 $-1 $1953 2 #
face $3125 -1 $-1 $1942 $3126 $7 $-1 $3127 forward single #
loop $-1 -1 $-1 $-1 $3128 $1953 #
plane-surface $-1 -1 $-1 2740.92334135913552 1182.696506485066493 80.35033568019436245 1 -2.220446049250322942e-16 -5.740400484562862064e-15 -5.740400484562862261e-18 -1.836970198721030077e-19 -0.001000000000000000021 forward_v I I I I #
loop $-1 -1 $-1 $-1 $3129 $1403 #
coedge $-1 -1 $-1 $2565 $2565 $3130 $3131 reversed $1954 $-1 #
coedge $-1 -1 $-1 $2638 $1957 $1956 $2058 forward $2567 $-1 #
loop $-1 -1 $-1 $-1 $2638 $3132 #
color-adesk-attrib $-1 -1 $-1 $-1 $1958 2 #
straight-curve $-1 -1 $-1 2741.347135270425952 1182.728454454379971 81.10611972061366259 -3.37445951098918244e-35 4.82436794902990786e-19 -0.001000000000000000021 I I #
point $-1 -1 $-1 2741.347135270426406 1182.728454454379971 81.08511972061364759 #
point $-1 -1 $-1 2741.347135270426406 1182.728454454379971 79.92711972061366055 #
fmesh-eye-attrib $-1 -1 $3133 $1965 $1411 #
coedge $-1 -1 $-1 $3134 $3135 $3136 $3137 forward $1966 $-1 #
ref_vt-eye-attrib $-1 -1 $-1 $1969 $970 $21 $22 #
fmesh-eye-attrib $-1 -1 $3138 $1970 $1417 #
material-adesk-attrib $-1 -1 $3139 $-1 $1971 12 0 #
plane-surface $-1 -1 $-1 2740.618135270426137 1182.644954454379331 79.90611972061365975 -4.749745130538941546e-10 -1 1.836970198721029934e-16 -3.374459510989179233e-35 -1.836970198721030077e-19 -0.001000000000000000021 reverse_v I I I I #
loop $-1 -1 $-1 $-1 $3140 $1417 #
coedge $-1 -1 $-1 $2579 $2579 $3141 $3142 reversed $1972 $-1 #
loop $-1 -1 $-1 $-1 $3141 $970 #
coedge $-1 -1 $-1 $2590 $2589 $3143 $3144 forward $1974 $-1 #
coedge $-1 -1 $-1 $2582 $2582 $1975 $2583 forward $2963 $-1 #
edge $3145 -1 $-1 $3146 -3.141592653589793116 $3146 3.141592653589793116 $1975 $3147 forward @7 unknown #
coedge $-1 -1 $-1 $1977 $1976 $3135 $3148 forward $971 $-1 #
coedge $-1 -1 $-1 $3149 $3136 $1976 $2586 forward $3150 $-1 #
edge $3151 -1 $-1 $3152 -1.570796326794896558 $2592 1.084202172485496545e-16 $2585 $3153 forward @7 unknown #
coedge $-1 -1 $-1 $3154 $3155 $1977 $2588 reversed $3156 $-1 #
edge $3157 -1 $-1 $3158 -1.570796326794896558 $2593 1.084202172485496545e-16 $2587 $3159 forward @7 unknown #
coedge $-1 -1 $-1 $2581 $1978 $3160 $3161 forward $1974 $-1 #
coedge $-1 -1 $-1 $1978 $2581 $3162 $3163 reversed $1974 $-1 #
color-adesk-attrib $-1 -1 $-1 $-1 $1979 2 #
vertex $-1 -1 $-1 $3164 $3165 #
vertex $-1 -1 $-1 $3166 $3167 #
straight-curve $-1 -1 $-1 2740.622256255100183 1182.726454454379564 79.90611972061365975 3.374459510989179233e-35 1.836970198721030077e-19 0.001000000000000000021 I I #
edge $3168 -1 $-1 $2467 612.5000000006126584 $2539 836.5781790844026773 $2557 $1426 forward @7 unknown #
coedge $-1 -1 $-1 $1981 $2634 $2253 $2860 forward $1424 $-1 #
edge $3169 -1 $-1 $2257 0 $2877 1200.000000000000455 $1981 $3170 forward @7 unknown #
coedge $-1 -1 $-1 $3171 $3172 $1982 $2599 forward $2611 $-1 #
edge $3173 -1 $-1 $3174 18.87778160607922473 $2602 1181.12221839392123 $2598 $3175 forward @7 tangent #
coedge $-1 -1 $-1 $1983 $3176 $3177 $3178 reversed $2130 $-1 #
color-adesk-attrib $-1 -1 $-1 $-1 $1984 2 #
vertex $-1 -1 $-1 $3178 $3179 #
straight-curve $-1 -1 $-1 2739.812882621028166 1183.527953751690802 79.10086707121570271 0.572078529475952724 -0.5877519138422798717 0.572078529475952835 I I #
edge $3180 -1 $-1 $3174 1.440589689247752325 $2607 1.451291399023742379 $2323 $3181 forward @7 unknown #
coedge $-1 -1 $-1 $2020 $1986 $2930 $3182 forward $1235 $-1 #
color-adesk-attrib $-1 -1 $-1 $-1 $1987 2 #
vertex $-1 -1 $-1 $2325 $3183 #
ref_vt-eye-attrib $-1 -1 $3184 $1988 $1429 $21 $22 #
ref_vt-eye-attrib $-1 -1 $3185 $-1 $1989 $21 $22 #
face $3186 -1 $-1 $3187 $3188 $7 $-1 $3189 forward single #
loop $-1 -1 $-1 $-1 $2598 $1989 #
cone-surface $-1 -1 $-1 2740.634146664629952 1182.678454454377061 79.90611972061365975 -3.37445951098917907e-32 -1.836970198721029934e-16 -1 0.001555666799320742227 0.003685091696212435073 -6.769403625496575164e-19 1 I I -0 1 0.004000000000000335752 reversed I I I I #
coedge $-1 -1 $-1 $1991 $3190 $2529 $3097 reversed $2567 $-1 #
color-adesk-attrib $-1 -1 $-1 $-1 $1992 2 #
straight-curve $-1 -1 $-1 2741.343135270426501 1182.73245445437351 81.10611972061366259 -3.37445951098918244e-35 4.82436794902990786e-19 -0.001000000000000000021 I I #
color-adesk-attrib $-1 -1 $-1 $-1 $1996 2 #
straight-curve $-1 -1 $-1 2741.343135270425591 1182.674954454377257 80.05033063107144642 -3.37445951098917907e-32 -1.836970198721029934e-16 -1 I I #
coedge $-1 -1 $-1 $2406 $1997 $2092 $2696 forward $2567 $-1 #
color-adesk-attrib $-1 -1 $-1 $-1 $1998 2 #
straight-curve $-1 -1 $-1 2741.343135270425591 1182.73245445437351 79.90611972061365975 3.37445951098917907e-32 1.836970198721029934e-16 1 I I #
coedge $-1 -1 $-1 $3042 $2001 $3191 $3192 forward $1701 $-1 #
edge $3193 -1 $-1 $3194 -0.1817109104578094048 $1928 -0.1757109104577949665 $2530 $3195 forward @7 unknown #
material-adesk-attrib $-1 -1 $3196 $2004 $1447 12 0 #
color-adesk-attrib $-1 -1 $3197 $-1 $2005 2 #
face $3198 -1 $-1 $3000 $2032 $7 $-1 $2006 forward single #
coedge $-1 -1 $-1 $3199 $2970 $2007 $2627 forward $2971 $-1 #
edge $3200 -1 $-1 $2868 -0.2740038774229891505 $2629 -0.2386485383639186386 $2626 $3201 forward @7 tangent #
color-adesk-attrib $-1 -1 $-1 $-1 $2008 2 #
vertex $-1 -1 $-1 $3009 $3202 #
ref_vt-eye-attrib $-1 -1 $-1 $2009 $1006 $-1 $-1 #
color-adesk-attrib $-1 -1 $-1 $2010 $1455 2 #
ref_vt-eye-attrib $-1 -1 $-1 $2017 $1016 $-1 $-1 #
fmesh-eye-attrib $-1 -1 $3203 $2018 $1466 #
coedge $-1 -1 $-1 $2596 $2035 $2020 $2635 reversed $1424 $-1 #
edge $3204 -1 $-1 $3205 25.00000000031832315 $1486 288.4218209155919794 $2020 $1426 forward @7 unknown #
coedge $-1 -1 $-1 $2023 $2396 $3206 $3207 forward $1491 $-1 #
color-adesk-attrib $-1 -1 $-1 $-1 $2024 2 #
coedge $-1 -1 $-1 $3206 $2566 $2025 $2639 forward $2567 $-1 #
edge $3208 -1 $-1 $1510 24.99999999991813127 $2027 288.4218209155875456 $2025 $2615 forward @7 tangent #
point $-1 -1 $-1 2741.343135270426501 1182.73245445437351 80.81769789969807505 #
coedge $-1 -1 $-1 $2031 $2030 $3209 $3210 forward $2032 $-1 #
coedge $-1 -1 $-1 $2037 $2862 $2030 $2643 reversed $1182 $-1 #
edge $3211 -1 $-1 $1487 911.5781790844082479 $3212 1175.000000000082309 $2030 $2000 forward @7 unknown #
coedge $-1 -1 $-1 $2904 $2653 $2031 $2645 forward $1701 $-1 #
edge $3213 -1 $-1 $2034 911.5781790844152965 $3214 1175.000000000082309 $2644 $2003 forward @7 unknown #
point $-1 -1 $-1 2741.343135270426501 1182.674954454378167 80.81769789969807505 #
color-adesk-attrib $-1 -1 $-1 $-1 $2036 2 #
straight-curve $-1 -1 $-1 2740.643135270425773 1182.644954454379331 80.81769789969807505 3.374459510989210818e-32 -6.222837279465851688e-15 1 I I #
coedge $-1 -1 $-1 $2436 $2037 $2399 $2999 reversed $1182 $-1 #
color-adesk-attrib $-1 -1 $-1 $-1 $2038 2 #
straight-curve $-1 -1 $-1 2741.343135270425591 1182.644954454379331 80.81169789969807482 -3.374459510989210818e-32 6.222837279465851688e-15 -1 I I #
ref_vt-eye-attrib $-1 -1 $-1 $2042 $1032 $-1 $-1 #
coedge $-1 -1 $-1 $2644 $2997 $2043 $2654 reversed $1701 $-1 #
edge $3215 -1 $-1 $2034 -0.4557890895422076483 $2402 -0.4497890895422074209 $2043 $3216 forward @7 unknown #
coedge $-1 -1 $-1 $2044 $3217 $2060 $2670 forward $1628 $-1 #
color-adesk-attrib $-1 -1 $-1 $-1 $2045 256 #
ellipse-curve $-1 -1 $-1 2741.105638519836248 1182.744462371396367 81.08511180359120374 1 -3.673940397442060361e-16 2.220446049250310862e-16 -6.184379014023263351e-19 0.002822834495579806553 -0.002822834495581729494 1 I I #
point $-1 -1 $-1 2741.105638519836248 1182.745151945639236 81.08117972061364753 #
coedge $-1 -1 $-1 $2052 $3218 $2049 $2660 reversed $737 $-1 #
edge $3219 -1 $-1 $2055 -0.7853981633971068854 $3220 -0.6119758423112399148 $2049 $3221 forward @7 unknown #
color-adesk-attrib $-1 -1 $-1 $-1 $2050 2 #
straight-curve $-1 -1 $-1 2741.130638519835884 1182.644954454379331 81.08117972061364753 -4.499510266254410691e-15 -0.001000000000000000021 -4.824367949039897659e-19 I I #
color-adesk-attrib $-1 -1 $-1 $-1 $2053 2 #
point $-1 -1 $-1 2741.130638519836339 1182.73245445437351 81.08111972061365691 #
material-adesk-attrib $-1 -1 $3222 $-1 $2057 12 0 #
face $3223 -1 $-1 $2484 $3224 $7 $-1 $1607 forward single #
color-adesk-attrib $-1 -1 $-1 $-1 $2058 2 #
ellipse-curve $-1 -1 $-1 2741.347135270426406 1182.73245445437351 81.0851197206136618 0.7071067811916995627 3.411343291673228441e-16 -0.7071067811813954718 -0.003999999999941767151 1.062385441623586175e-18 -0.004000000000000056462 0.7071067811916997847 I I #
coedge $-1 -1 $-1 $2061 $2060 $2339 $2946 reversed $1537 $-1 #
edge $3225 -1 $-1 $3226 0.03774999999950523488 $2063 0.04974999999467399903 $2655 $3227 forward @7 unknown #
point $-1 -1 $-1 2741.105638519836248 1182.744454454368679 81.08111972061365691 #
color-adesk-attrib $-1 -1 $-1 $-1 $2064 256 #
straight-curve $-1 -1 $-1 2740.880632021014662 1182.694704454374005 81.08111972061365691 4.930380657631321594e-32 -1 -4.82436794902990709e-16 I I #
edge $3228 -1 $-1 $2677 387.50000000000108 $2683 649.9400000000150612 $2356 $3229 forward @7 unknown #
coedge $-1 -1 $-1 $2067 $2185 $2330 $2936 forward $2082 $-1 #
color-adesk-attrib $-1 -1 $-1 $-1 $2068 2 #
vertex $-1 -1 $-1 $2674 $3230 #
straight-curve $-1 -1 $-1 2740.855632021003657 1185.248454454384046 80.81867972061364469 -4.499142872214666586e-12 1 4.82436794902990709e-16 I I #
point $-1 -1 $-1 2740.855632021015026 1182.746954454368051 80.81867972061364469 #
coedge $-1 -1 $-1 $2930 $2075 $2859 $3231 reversed $2681 $-1 #
loop $-1 -1 $-1 $-1 $2075 $2762 #
color-adesk-attrib $-1 -1 $-1 $-1 $2076 256 #
vertex $-1 -1 $-1 $3232 $3233 #
straight-curve $-1 -1 $-1 2740.855632021014571 1182.711704454381561 81.08111972061365691 -4.499142872214666586e-12 1 -1.467580822868912701e-14 I I #
point $-1 -1 $-1 2740.855632021015026 1182.674954454378167 81.08111972061365691 #
color-adesk-attrib $-1 -1 $-1 $2080 $1058 2 #
ref_vt-eye-attrib $-1 -1 $3234 $2081 $1527 $-1 $-1 #
ref_vt-eye-attrib $-1 -1 $3235 $2085 $1064 $-1 $-1 #
fmesh-eye-attrib $-1 -1 $3236 $2086 $1532 #
color-adesk-attrib $-1 -1 $3237 $-1 $2087 2 #
face $3238 -1 $-1 $3239 $3240 $7 $-1 $3241 forward single #
loop $-1 -1 $-1 $3242 $3243 $2087 #
plane-surface $-1 -1 $-1 2740.618135270426137 1182.682454454377876 81.09997658003902643 -4.930380657631321594e-32 1 4.82436794902990709e-16 3.37445951098918244e-35 -4.82436794902990786e-19 0.001000000000000000021 forward_v I I I I #
coedge $-1 -1 $-1 $3244 $3245 $3246 $3247 reversed $2088 $-1 #
material-adesk-attrib $-1 -1 $-1 $2091 $1069 12 0 #
edge $3248 -1 $-1 $2094 911.5781790844295074 $1591 1175.000000000082309 $2092 $2615 forward @7 tangent #
point $-1 -1 $-1 2741.343135270426501 1182.73245445437351 80.19454154152923309 #
coedge $-1 -1 $-1 $2850 $2114 $2096 $2699 forward $1655 $-1 #
edge $3249 -1 $-1 $2117 0.2374967505884342245 $3005 0.262496750588525174 $2698 $3250 forward @7 unknown #
coedge $-1 -1 $-1 $3251 $2097 $2100 $2704 forward $2197 $-1 #
color-adesk-attrib $-1 -1 $-1 $-1 $2098 256 #
ellipse-curve $-1 -1 $-1 2741.105638519836248 1182.744462371396367 79.9271276376361044 1 -3.673940397442059868e-16 -2.220446049250312834e-16 -6.184379014023261425e-19 0.002822834495579805685 0.002822834495581730361 1 I I #
coedge $-1 -1 $-1 $2100 $2099 $2407 $3003 forward $1574 $-1 #
edge $3252 -1 $-1 $2102 -0.04974999999467399903 $3253 -0.03774999999950523488 $2700 $3254 forward @7 unknown #
point $-1 -1 $-1 2741.105638519836248 1182.744454454368679 79.93111972061365122 #
coedge $-1 -1 $-1 $3255 $2103 $2788 $3256 forward $1552 $-1 #
edge $3257 -1 $-1 $2790 -0.5594642896831345524 $2112 -0.2969642896831317103 $2182 $3258 forward @7 unknown #
coedge $-1 -1 $-1 $2104 $2107 $2850 $3259 forward $1552 $-1 #
color-adesk-attrib $-1 -1 $-1 $-1 $2105 256 #
vertex $-1 -1 $-1 $2408 $3260 #
straight-curve $-1 -1 $-1 2740.880632021014662 1182.694704454374005 79.93111972061365122 -4.930380657631324879e-32 1 -1.836970198721029934e-16 I I #
loop $-1 -1 $-1 $-1 $3261 $1189 #
coedge $-1 -1 $-1 $2713 $2713 $3262 $3263 forward $2106 $-1 #
coedge $-1 -1 $-1 $2107 $3255 $3264 $3265 forward $1552 $-1 #
coedge $-1 -1 $-1 $3266 $2128 $2107 $2716 reversed $2130 $-1 #
edge $3267 -1 $-1 $3268 0.2330227334820527685 $3269 0.2331087565111712445 $2107 $3270 forward @7 unknown #
color-adesk-attrib $-1 -1 $-1 $-1 $2110 256 #
straight-curve $-1 -1 $-1 2740.743133645720263 1182.746954454368051 79.9310597206136606 -1 -2.775557561562891351e-17 -2.220446049250312834e-16 I I #
point $-1 -1 $-1 2740.880632021014662 1182.746954454368051 79.9310597206136606 #
color-adesk-attrib $-1 -1 $-1 $-1 $2115 2 #
point $-1 -1 $-1 2740.855632021014571 1182.731764237016478 79.9310597206136606 #
coedge $-1 -1 $-1 $3271 $3272 $2119 $2723 forward $3273 $-1 #
edge $3274 -1 $-1 $2726 387.50000000000108 $2730 649.9400000000150612 $2722 $3275 forward @7 unknown #
coedge $-1 -1 $-1 $2788 $2120 $3272 $3276 reversed $2303 $-1 #
color-adesk-attrib $-1 -1 $-1 $-1 $2121 2 #
vertex $-1 -1 $-1 $2723 $3277 #
straight-curve $-1 -1 $-1 2740.855632021003657 1185.248454454384046 80.19355972061366344 -4.499142872214666586e-12 1 -1.836970198721029934e-16 I I #
point $-1 -1 $-1 2740.855632021015026 1182.746954454368051 80.19355972061366344 #
color-adesk-attrib $-1 -1 $-1 $-1 $2127 256 #
vertex $-1 -1 $-1 $3278 $3279 #
straight-curve $-1 -1 $-1 2740.855632021014571 1182.711704454381561 79.93111972061365122 4.499142872214666586e-12 -1 -1.497454800372001549e-14 I I #
edge $3280 -1 $-1 $3269 -0.1374983752943990112 $2132 -0.1124983752947628091 $2243 $3281 forward @7 unknown #
point $-1 -1 $-1 2740.855632021015026 1182.675016098206243 79.9310597206136606 #
point $-1 -1 $-1 2740.855632021015026 1182.674954454378167 79.93111972061365122 #
color-adesk-attrib $-1 -1 $-1 $2136 $1097 2 #
fmesh-eye-attrib $-1 -1 $3282 $2137 $1573 #
color-adesk-attrib $-1 -1 $3283 $-1 $2138 2 #
face $3284 -1 $-1 $3285 $3286 $7 $-1 $3287 forward single #
loop $-1 -1 $-1 $-1 $3288 $2138 #
cone-surface $-1 -1 $-1 2740.618135270426137 1182.678454454377061 79.92213111481746068 -1 -8.954888635034121155e-32 -2.190840101926975382e-16 -3.408217209188268694e-19 0.003685091696212435507 0.001555666799320741577 1 I I -0 1 0.004000000000000335752 reversed I I I I #
edge $3289 -1 $-1 $2144 -3.302508744809529162 $2199 -1.500000015994373825 $2195 $3290 forward @7 unknown #
point $-1 -1 $-1 2741.105638519836248 1182.745151945639236 79.9310597206136606 #
color-adesk-attrib $-1 -1 $-1 $-1 $2146 2 #
straight-curve $-1 -1 $-1 2741.130638519835884 1182.644954454379331 79.9310597206136606 -4.499510266254410691e-15 -0.001000000000000000021 1.836970198731020116e-19 I I #
coedge $-1 -1 $-1 $2147 $2149 $3291 $3292 reversed $1579 $-1 #
coedge $-1 -1 $-1 $3293 $2151 $2147 $2747 reversed $1267 $-1 #
edge $3294 -1 $-1 $3295 0.6119758423106270717 $2154 0.7853981633971073295 $2147 $3296 forward @7 unknown #
loop $-1 -1 $-1 $-1 $3297 $1751 #
coedge $-1 -1 $-1 $2749 $2749 $3298 $3299 reversed $2148 $-1 #
coedge $-1 -1 $-1 $2149 $2795 $3300 $3301 forward $1579 $-1 #
coedge $-1 -1 $-1 $3302 $3303 $2149 $2752 reversed $2130 $-1 #
edge $3304 -1 $-1 $3305 0.1959388464662731311 $3306 0.1960248694953916071 $2149 $3307 forward @7 unknown #
color-adesk-attrib $-1 -1 $-1 $-1 $2152 2 #
point $-1 -1 $-1 2741.130638519836339 1182.73245445437351 79.93111972061365122 #
ref_vt-eye-attrib $-1 -1 $3308 $2156 $1586 $1151 $1152 #
color-adesk-attrib $-1 -1 $-1 $-1 $2157 2 #
ellipse-curve $-1 -1 $-1 2741.347135270426406 1182.73245445437351 79.92711972061366055 -0.7071067811916995627 -1.298934084343776186e-16 -0.7071067811813954718 -0.003999999999941767151 -1.325736584999814055e-19 0.004000000000000056462 0.7071067811916997847 I I #
material-adesk-attrib $-1 -1 $-1 $2160 $770 12 0 #
ref_vt-eye-attrib $-1 -1 $3309 $2161 $1114 $1151 $1152 #
ref_vt-eye-attrib $-1 -1 $3310 $2162 $1597 $-1 $-1 #
color-adesk-attrib $-1 -1 $3311 $-1 $2163 2 #
face $3312 -1 $-1 $2865 $2681 $7 $-1 $2165 forward single #
coedge $-1 -1 $-1 $3313 $3314 $2309 $2919 reversed $2164 $-1 #
coedge $-1 -1 $-1 $2266 $2166 $2970 $3315 reversed $1598 $-1 #
edge $3316 -1 $-1 $2268 0.7278575349700986408 $2868 0.8478575349581660703 $2166 $3317 forward @7 unknown #
coedge $-1 -1 $-1 $2888 $3318 $2167 $2767 reversed $3319 $-1 #
edge $3320 -1 $-1 $2288 -0.1396263404303960398 $2774 1.570796326795071751 $2167 $3321 forward @7 unknown #
color-adesk-attrib $-1 -1 $-1 $-1 $2168 2 #
straight-curve $-1 -1 $-1 2740.918135270426319 1182.749908029705693 79.91204154604061216 0.001000000000000000021 8.954888635034121223e-35 2.190840101926975221e-19 I I #
coedge $-1 -1 $-1 $3322 $2169 $3323 $3324 forward $2772 $-1 #
coedge $-1 -1 $-1 $2169 $3322 $3325 $2781 forward $2772 $-1 #
loop $-1 -1 $-1 $-1 $3322 $2842 #
color-adesk-attrib $-1 -1 $-1 $-1 $2170 2 #
vertex $-1 -1 $-1 $2170 $3326 #
straight-curve $-1 -1 $-1 2740.918135270426319 1182.74842710467783 79.91332889452996824 0.001000000000000000021 8.954888635034121223e-35 2.190840101926975221e-19 I I #
coedge $-1 -1 $-1 $2172 $2171 $2882 $3327 reversed $2173 $-1 #
coedge $-1 -1 $-1 $3325 $3328 $2171 $2778 reversed $3329 $-1 #
edge $3330 -1 $-1 $2175 7.209173916462532361 $3331 16.32319077546640074 $2171 $378 forward @7 tangent #
edge $3332 -1 $-1 $2176 5.921825427149087773 $2885 16.32319077546640074 $2279 $548 forward @7 tangent #
face $3333 -1 $-1 $2281 $2173 $7 $-1 $550 forward single #
edge $3334 -1 $-1 $3335 0.2457455432580779031 $2175 0.258634722181022958 $2771 $3336 forward @7 tangent #
point $-1 -1 $-1 2741.360926096509502 1182.74842710467783 79.91332889452996824 #
point $-1 -1 $-1 2741.362213444998815 1182.749908029705693 79.91204154604061216 #
color-adesk-attrib $-1 -1 $-1 $2179 $1119 2 #
ref_vt-eye-attrib $-1 -1 $3337 $2180 $1606 $552 $553 #
color-adesk-attrib $-1 -1 $3338 $-1 $2181 2 #
loop $-1 -1 $-1 $-1 $2386 $2181 #
coedge $-1 -1 $-1 $2183 $2724 $2706 $3256 reversed $2303 $-1 #
color-adesk-attrib $-1 -1 $-1 $-1 $2184 256 #
vertex $-1 -1 $-1 $2184 $3339 #
straight-curve $-1 -1 $-1 2740.736883645720354 1182.746954454368051 80.19355972061367765 1 2.775557561562891351e-17 -3.884321163531763045e-32 I I #
point $-1 -1 $-1 2740.880632021014662 1182.746954454368051 80.81867972061364469 #
color-adesk-attrib $-1 -1 $-1 $-1 $2190 256 #
straight-curve $-1 -1 $-1 2740.868136895131101 1182.746954454368051 79.9310597206136606 -1 -2.775557561562891351e-17 2.220446049250313574e-16 I I #
coedge $-1 -1 $-1 $2750 $2191 $3340 $3341 forward $1579 $-1 #
point $-1 -1 $-1 2741.130638519836339 1182.746954454368051 79.9310597206136606 #
coedge $-1 -1 $-1 $2196 $3342 $3343 $3344 reversed $2197 $-1 #
coedge $-1 -1 $-1 $3342 $3345 $3346 $3347 forward $2197 $-1 #
point $-1 -1 $-1 2741.105638519836248 1182.746954454368051 79.9310597206136606 #
coedge $-1 -1 $-1 $3343 $3340 $2201 $2801 reversed $3348 $-1 #
edge $3349 -1 $-1 $2803 -0.02499999999986357579 $2806 -2.273736754432320595e-13 $2800 $3350 forward @7 unknown #
color-adesk-attrib $-1 -1 $-1 $-1 $2202 2 #
vertex $-1 -1 $-1 $3344 $3351 #
straight-curve $-1 -1 $-1 2741.105638519836248 1185.19670445437805 80.19355972061366344 -3.673940397442059375e-16 -1 1.836970198721029934e-16 I I #
color-adesk-attrib $-1 -1 $-1 $-1 $2203 2 #
vertex $-1 -1 $-1 $3341 $3352 #
straight-curve $-1 -1 $-1 2741.130638519847707 1185.248454454384046 80.19355972061366344 4.499510266254410666e-12 1 -1.836970198721029934e-16 I I #
material-adesk-attrib $-1 -1 $3353 $-1 $2204 12 0 #
face $3354 -1 $-1 $3355 $3356 $7 $-1 $3357 reversed single #
plane-surface $-1 -1 $-1 2741.130638519836793 1187.748454454384046 80.19355972061366344 -3.37445951098917907e-32 -1.836970198721029934e-16 -1 0.001000000000000000021 -3.673940397442059672e-19 3.374459510989180302e-35 reverse_v I I I I #
coedge $-1 -1 $-1 $2212 $2209 $2334 $2938 forward $1628 $-1 #
coedge $-1 -1 $-1 $2217 $3358 $2209 $2813 reversed $2823 $-1 #
edge $3359 -1 $-1 $2223 387.50000000000108 $2941 649.9400000000150612 $2209 $3360 forward @7 unknown #
color-adesk-attrib $-1 -1 $-1 $-1 $2210 2 #
straight-curve $-1 -1 $-1 2741.105638519836248 1182.748454454384046 81.08117972061364753 3.673940397442059672e-19 0.001000000000000000021 4.82436794902990786e-19 I I #
loop $-1 -1 $-1 $-1 $3361 $2213 #
coedge $-1 -1 $-1 $2817 $2817 $3362 $3363 forward $2211 $-1 #
coedge $-1 -1 $-1 $3217 $2212 $2306 $2914 forward $1628 $-1 #
material-adesk-attrib $-1 -1 $3364 $-1 $2213 12 0 #
plane-surface $-1 -1 $-1 2741.105638519836248 1182.644954454379331 80.43117972061364185 -1 3.673940397442060361e-16 -2.220446049250310862e-16 -2.220446049250312646e-19 -4.824367949029905934e-19 0.001000000000000000021 forward_v I I I I #
coedge $-1 -1 $-1 $3365 $2217 $2215 $2822 forward $2823 $-1 #
edge $3366 -1 $-1 $2220 387.50000000000108 $3367 649.9400000000150612 $2821 $3368 forward @7 unknown #
loop $-1 -1 $-1 $-1 $2812 $2926 #
color-adesk-attrib $-1 -1 $-1 $-1 $2218 2 #
straight-curve $-1 -1 $-1 2741.130638519835884 1182.644954454379331 80.81867972061364469 1 -3.673940397442059375e-16 -2.10988998110548561e-31 I I #
point $-1 -1 $-1 2741.130638519835884 1182.644954454379331 80.81867972061364469 #
point $-1 -1 $-1 2741.105638519836248 1182.644954454379331 80.81867972061364469 #
ref_vt-eye-attrib $-1 -1 $3369 $2225 $1639 $-1 $-1 #
color-adesk-attrib $-1 -1 $3370 $-1 $2226 2 #
loop $-1 -1 $-1 $2313 $3371 $2226 #
cone-surface $-1 -1 $-1 2746.1056352704245 1182.694954437683919 80.94368302238414969 -1 3.673940397442059375e-16 2.10988998110548561e-31 4.041334437186285139e-18 0.01100000000000005487 5.306804743932924454e-18 1 I I 0 1 0.01100000000000005487 forward I I I I #
coedge $-1 -1 $-1 $3039 $2228 $3041 $3372 forward $1643 $-1 #
coedge $-1 -1 $-1 $3066 $3373 $2228 $2834 reversed $3224 $-1 #
edge $3374 -1 $-1 $2232 0.003992082994955126196 $3375 0.01600000001781154424 $2228 $2233 forward @7 unknown #
loop $-1 -1 $-1 $-1 $3076 $2230 #
coedge $-1 -1 $-1 $3376 $3376 $3059 $3377 reversed $2229 $-1 #
color-adesk-attrib $-1 -1 $3378 $-1 $2230 2 #
plane-surface $-1 -1 $-1 2740.567485270426459 1182.748454454384046 80.49361972061397807 -1.124819837040454737e-32 8.936712793133316247e-12 -1 0.001000000000000000021 4.930380657631323886e-35 -1.124819836996393612e-35 forward_v I I I I #
point $-1 -1 $-1 2741.343135270426046 1182.744462371396367 80.49361972061392123 #
color-adesk-attrib $-1 -1 $-1 $2234 $1647 2 #
ref_vt-eye-attrib $-1 -1 $3379 $-1 $2235 $-1 $-1 #
face $3380 -1 $-1 $3381 $2772 $7 $-1 $3382 forward single #
color-adesk-attrib $-1 -1 $-1 $2238 $1156 2 #
ref_vt-eye-attrib $-1 -1 $3383 $2239 $1654 $-1 $-1 #
material-adesk-attrib $-1 -1 $3384 $-1 $2240 12 0 #
face $3385 -1 $-1 $224 $3386 $7 $-1 $2847 forward single #
plane-surface $-1 -1 $-1 2741.118138519836066 1182.696704454385326 79.9310597206136606 -2.220446049250313574e-16 -1.836970198721029194e-16 -1 0.001000000000000000021 -3.673940397442060153e-19 -2.220446049250312646e-19 reverse_v I I I I #
loop $-1 -1 $-1 $2197 $3387 $1654 #
coedge $-1 -1 $-1 $2849 $2849 $3388 $3389 reversed $2241 $-1 #
coedge $-1 -1 $-1 $2243 $2698 $2708 $3259 reversed $1655 $-1 #
loop $-1 -1 $-1 $-1 $2244 $2302 #
color-adesk-attrib $-1 -1 $-1 $-1 $2245 2 #
vertex $-1 -1 $-1 $2245 $3390 #
ellipse-curve $-1 -1 $-1 2740.855632021014571 1182.694954437683919 80.06855641884315844 1 4.499142872214666586e-12 2.220446049242048037e-16 -5.423418723394483217e-34 0.01100000000000005487 -2.020667218593142955e-18 1 I I #
face $3391 -1 $-1 $3392 $3393 $7 $-1 $3394 reversed single #
point $-1 -1 $-1 2740.855632021014571 1182.673954437683278 80.14355641884316128 #
color-adesk-attrib $-1 -1 $-1 $-1 $2250 2 #
straight-curve $-1 -1 $-1 2740.618135270426137 1182.764954454367398 81.10611972061366259 4.930380657631320679e-35 -0.000999999999999999804 -4.824367949029905934e-19 I I #
coedge $-1 -1 $-1 $2864 $2253 $2680 $3231 forward $2255 $-1 #
edge $3395 -1 $-1 $3205 0.01590990173710772268 $2257 0.05126524079633863751 $2253 $3396 forward @7 tangent #
coedge $-1 -1 $-1 $2254 $3397 $3314 $3398 forward $2255 $-1 #
coedge $-1 -1 $-1 $2642 $2260 $2254 $2863 forward $1182 $-1 #
edge $3399 -1 $-1 $1668 -0.2740038774229891505 $3212 -0.2386485383639186386 $2254 $3400 forward @7 tangent #
coedge $-1 -1 $-1 $3401 $2859 $2959 $3232 forward $2255 $-1 #
face $3402 -1 $-1 $325 $2255 $7 $-1 $3403 forward single #
point $-1 -1 $-1 2740.618135270426137 1182.644954454379331 81.10611972061366259 #
color-adesk-attrib $-1 -1 $-1 $-1 $2261 2 #
vertex $-1 -1 $-1 $2765 $3404 #
straight-curve $-1 -1 $-1 2741.368135270426137 1182.644954454379331 79.90611972061365975 3.374459510989179233e-35 1.836970198721030077e-19 0.001000000000000000021 I I #
color-adesk-attrib $-1 -1 $-1 $-1 $2262 2 #
straight-curve $-1 -1 $-1 2741.368135270426137 1182.76495445436808 82.32510829997991664 -6.748919021978361425e-32 2.987397750308876909e-16 -1 I I #
material-adesk-attrib $-1 -1 $3405 $-1 $2263 12 0 #
loop $-1 -1 $-1 $3406 $3407 $2263 #
plane-surface $-1 -1 $-1 2741.368135270426137 1182.746954454368051 78.6871311412473915 1 2.775557561562891351e-17 0 -2.775557561562891351e-17 1 0 forward_v I I I I #
point $-1 -1 $-1 2741.368135270426137 1182.764954454367398 79.90611972061365975 #
color-adesk-attrib $-1 -1 $-1 $-1 $2271 2 #
vertex $-1 -1 $-1 $2373 $3408 #
straight-curve $-1 -1 $-1 2740.618135270426137 1182.764954454367398 79.90611972061365975 4.930380657631322817e-35 -0.000999999999999999804 1.836970198721029595e-19 I I #
material-adesk-attrib $-1 -1 $3409 $-1 $2272 12 0 #
loop $-1 -1 $-1 $3410 $3411 $2272 #
plane-surface $-1 -1 $-1 2740.618135270426137 1182.76495445436808 78.6871311412473915 -1 -2.775557561562891351e-17 0 2.775557561562891351e-17 -1 0 forward_v I I I I #
coedge $-1 -1 $-1 $3412 $2275 $2776 $3327 forward $1881 $-1 #
coedge $-1 -1 $-1 $2276 $2490 $3413 $3414 forward $1881 $-1 #
color-adesk-attrib $-1 -1 $-1 $-1 $2280 256 #
vertex $-1 -1 $-1 $3327 $3415 #
straight-curve $-1 -1 $-1 2741.350201315166487 1182.835378774615037 79.92244291138912615 0.1391731009600867264 -0.9902680687415673644 1.819092931023287645e-16 I I #
ref_vt-eye-attrib $-1 -1 $3416 $-1 $2281 $552 $553 #
coedge $-1 -1 $-1 $3413 $2766 $2283 $2889 forward $3319 $-1 #
edge $3417 -1 $-1 $2288 5.921825427094518091 $2891 16.32319077546640074 $2283 $103 forward @7 tangent #
color-adesk-attrib $-1 -1 $-1 $-1 $2284 256 #
vertex $-1 -1 $-1 $2284 $3418 #
straight-curve $-1 -1 $-1 2740.650259014677886 1182.936344369578137 79.92244291138912615 0.1391731009600867264 0.9902680687415673644 -1.819092931023287645e-16 I I #
material-adesk-attrib $-1 -1 $3419 $-1 $2285 12 0 #
face $3420 -1 $-1 $3421 $3319 $7 $-1 $18 forward single #
point $-1 -1 $-1 2740.624057095853004 1182.749908029705693 79.91204154604061216 #
color-adesk-attrib $-1 -1 $-1 $2293 $1181 2 #
ref_vt-eye-attrib $-1 -1 $3422 $2294 $1700 $552 $553 #
material-adesk-attrib $-1 -1 $3423 $-1 $2295 12 0 #
face $3424 -1 $-1 $3425 $3426 $7 $-1 $3427 forward single #
loop $-1 -1 $-1 $-1 $3428 $2295 #
cone-surface $-1 -1 $-1 2741.361992129851387 1182.684454454378283 79.90611972061365975 3.37445951098917907e-32 1.836970198721029934e-16 1 0.001413840503910985614 -0.001414586522453772748 2.598553285259997341e-19 1 I I 0 -1 0.002000000000001782036 forward I I I I #
coedge $-1 -1 $-1 $3429 $3246 $3430 $3431 forward $2296 $-1 #
coedge $-1 -1 $-1 $2413 $2298 $3176 $3432 reversed $1701 $-1 #
coedge $-1 -1 $-1 $2298 $2644 $3433 $3434 forward $1701 $-1 #
coedge $-1 -1 $-1 $3246 $3429 $2298 $2906 reversed $2296 $-1 #
edge $3435 -1 $-1 $3436 18.87778160613378375 $3437 1181.12221839386666 $2905 $3438 forward @7 tangent #
color-adesk-attrib $-1 -1 $-1 $2300 $1189 2 #
ref_vt-eye-attrib $-1 -1 $3439 $2301 $1706 $4 $5 #
color-adesk-attrib $-1 -1 $3440 $-1 $2302 2 #
loop $-1 -1 $-1 $2851 $3441 $2302 #
cone-surface $-1 -1 $-1 2735.880635270425955 1182.694954437683919 80.06855641884315844 1 4.930380657631323784e-32 -3.374459510989180165e-32 -5.423418723394483217e-34 0.01100000000000005487 -2.020667218593142955e-18 1 I I 0 1 0.01100000000000005487 forward I I I I #
coedge $-1 -1 $-1 $2306 $2305 $3218 $3442 forward $1190 $-1 #
edge $3443 -1 $-1 $3220 -86.80978263714678178 $2917 -30.06164382691167702 $2310 $2662 forward @7 unknown #
edge $3444 -1 $-1 $2916 -73.43835617780314351 $3445 -16.69021736756803875 $2818 $2815 forward @7 unknown #
color-adesk-attrib $-1 -1 $-1 $-1 $2308 256 #
vertex $-1 -1 $-1 $2914 $3446 #
vertex $-1 -1 $-1 $2312 $3447 #
straight-curve $-1 -1 $-1 2740.868136895131101 1182.675016098206243 81.08117972061364753 1 4.532143305981880296e-16 2.220446049250315053e-16 I I #
edge $3448 -1 $-1 $2922 0.0367500000018026185 $3367 0.06675000001519038051 $2309 $3449 forward @7 unknown #
coedge $-1 -1 $-1 $2311 $3433 $3313 $3450 reversed $1201 $-1 #
color-adesk-attrib $-1 -1 $-1 $-1 $2312 256 #
vertex $-1 -1 $-1 $2919 $3451 #
straight-curve $-1 -1 $-1 2741.130638519835429 1182.534545294100099 80.94445480461638454 -3.224180012370268462e-12 -0.7165968505308445424 -0.6974876011867698899 I I #
point $-1 -1 $-1 2741.130638519836339 1182.683954437685315 80.94368302238414969 #
color-adesk-attrib $-1 -1 $3452 $-1 $2317 2 #
face $3453 -1 $-1 $425 $2823 $7 $-1 $3454 forward single #
loop $-1 -1 $-1 $1714 $3362 $2317 #
cone-surface $-1 -1 $-1 2746.1056352704245 1182.684954437681881 80.86868302238414685 -1 3.673940397442059375e-16 2.10988998110548561e-31 4.041334437186285139e-18 0.01100000000000005487 5.306804743932924454e-18 1 I I 0 1 0.01100000000000005487 forward I I I I #
coedge $-1 -1 $-1 $3433 $2323 $3244 $3455 forward $1201 $-1 #
coedge $-1 -1 $-1 $2324 $2680 $2605 $3182 reversed $2681 $-1 #
color-adesk-attrib $-1 -1 $-1 $-1 $2325 2 #
color-adesk-attrib $-1 -1 $-1 $-1 $2326 2 #
straight-curve $-1 -1 $-1 2740.880632021014662 1185.19670445437805 80.81867972061364469 4.930380657631321594e-32 -1 -4.82436794902990709e-16 I I #
coedge $-1 -1 $-1 $2959 $2329 $3401 $3456 reversed $1752 $-1 #
coedge $-1 -1 $-1 $2335 $3401 $2329 $2337 reversed $2255 $-1 #
edge $3457 -1 $-1 $2332 -0.02499999999986357579 $2677 -2.273736754432320595e-13 $2330 $3458 forward @7 unknown #
point $-1 -1 $-1 2740.880632021014662 1182.644954454379331 80.81867972061364469 #
edge $3459 -1 $-1 $2941 -0.01500000001396983862 $2345 0.01499999999941792339 $2811 $3460 forward @7 unknown #
coedge $-1 -1 $-1 $3461 $2335 $3358 $3462 forward $2255 $-1 #
color-adesk-attrib $-1 -1 $-1 $-1 $2336 2 #
vertex $-1 -1 $-1 $3462 $3463 #
straight-curve $-1 -1 $-1 2740.618135270426137 1182.644954454364779 81.08111972061365691 0.001000000000000000021 1.549979942681724046e-34 -2.190840101926976184e-19 I I #
color-adesk-attrib $-1 -1 $-1 $-1 $2337 2 #
vertex $-1 -1 $-1 $2337 $3464 #
coedge $-1 -1 $-1 $3218 $2339 $3217 $3465 reversed $737 $-1 #
edge $3466 -1 $-1 $2341 -37.50324941165672499 $3226 187.5032494099286851 $2339 $1494 forward @7 unknown #
point $-1 -1 $-1 2740.880632021014662 1182.73245445437351 81.08111972061365691 #
color-adesk-attrib $-1 -1 $-1 $-1 $2343 256 #
straight-curve $-1 -1 $-1 2741.105638519836248 1182.507971097459176 80.91858925321902518 1.084000529388780184e-16 0.7165968505308445424 0.6974876011867698899 I I #
point $-1 -1 $-1 2741.105638519836248 1182.674954454378167 81.08111972061365691 #
color-adesk-attrib $-1 -1 $-1 $-1 $2347 2 #
vertex $-1 -1 $-1 $2347 $3467 #
ellipse-curve $-1 -1 $-1 2740.855632021014571 1182.694954437683919 80.94368302238414969 -1 -4.499142872214666586e-12 2.22044604922860782e-16 -5.423418723394480651e-34 0.01100000000000005487 5.306804743932924454e-18 1 I I #
ref_vt-eye-attrib $-1 -1 $3468 $2348 $1225 $-1 $-1 #
point $-1 -1 $-1 2740.855632021014571 1182.673954437683278 80.86868302238414685 #
material-adesk-attrib $-1 -1 $-1 $2352 $836 12 0 #
ref_vt-eye-attrib $-1 -1 $3469 $2353 $1229 $-1 $-1 #
ref_vt-eye-attrib $-1 -1 $3470 $2354 $1751 $-1 $-1 #
coedge $-1 -1 $-1 $2356 $2934 $2864 $3232 reversed $1752 $-1 #
color-adesk-attrib $-1 -1 $-1 $2358 $1234 2 #
ref_vt-eye-attrib $-1 -1 $3471 $2359 $1757 $21 $22 #
color-adesk-attrib $-1 -1 $3472 $-1 $2360 2 #
loop $-1 -1 $-1 $3473 $2582 $2360 #
cone-surface $-1 -1 $-1 2736.218135270426501 1182.714254454374895 80.55611972061365122 -1 -4.930380657631323784e-32 3.374459510989180165e-32 -5.669937756276018834e-34 0.01149999999999999807 5.548023141384391921e-18 1 I I -0 1 0.01149999999999999807 reversed I I I I #
color-adesk-attrib $-1 -1 $-1 $-1 $2364 2 #
vertex $-1 -1 $-1 $2378 $3474 #
color-adesk-attrib $-1 -1 $-1 $-1 $2366 2 #
coedge $-1 -1 $-1 $2372 $3475 $2367 $2374 reversed $2971 $-1 #
face $3476 -1 $-1 $3477 $2369 $7 $-1 $3478 forward single #
coedge $-1 -1 $-1 $2626 $2372 $2764 $3315 forward $2971 $-1 #
loop $-1 -1 $-1 $-1 $3479 $3480 #
color-adesk-attrib $-1 -1 $-1 $-1 $2373 2 #
straight-curve $-1 -1 $-1 2740.654385269832346 1182.644954454357503 79.94236972001995412 -0.7071067811865475727 3.358575691777784357e-10 -0.7071067811865475727 I I #
color-adesk-attrib $-1 -1 $-1 $-1 $2374 2 #
straight-curve $-1 -1 $-1 2740.618135270426137 1182.644954454364779 79.93111972061365122 0.001000000000000000021 8.954888635034121223e-35 2.190840101926975221e-19 I I #
color-adesk-attrib $-1 -1 $-1 $-1 $2376 2 #
straight-curve $-1 -1 $-1 2740.618135270426137 1182.674954454378167 79.93111972061365122 0.001000000000000000021 8.954888635034121223e-35 2.190840101926975221e-19 I I #
color-adesk-attrib $-1 -1 $-1 $-1 $2378 2 #
coedge $-1 -1 $-1 $2379 $2983 $3481 $3482 reversed $1245 $-1 #
tcoedge-coedge $-1 -1 $-1 $2388 $2419 $2379 $2981 forward $520 $3483 0 0.0004920829815091565251 #
tedge-edge $3484 -1 $-1 $2447 0 $3485 0.0004920829815091565251 $2379 $3486 forward @7 unknown 3.020604901956401402e-05 #
pcurve $-1 -1 $-1 0 forward { exppc nubs 1 open 2 
	-0.0004920829815091565251 1 0 1 
	0 -0.0004920829815091565251 
	0 0 
	0 
	plane 2741.343135270425591 1182.744954454377876 80.74869789969805822 -1.0785023667786534e-14 -4.82436794902990709e-16 1 -1 5.15378844466351964e-30 -1.0785023667786534e-14 reverse_v I I I I 
	} 0 0 #
coedge $-1 -1 $-1 $2979 $2380 $3029 $3487 reversed $1245 $-1 #
coedge $-1 -1 $-1 $2399 $2398 $2380 $2985 forward $2400 $-1 #
edge $3488 -1 $-1 $3489 0.0699999999997089617 $2987 0.09999999999854480848 $2380 $3490 forward @7 unknown #
color-adesk-attrib $-1 -1 $-1 $-1 $2382 2 #
vertex $-1 -1 $-1 $2985 $3491 #
straight-curve $-1 -1 $-1 2740.643135270425773 1182.644954454379331 80.74869789969805822 -1 -5.675656664392021239e-29 -1.0785023667786534e-14 I I #
fmesh-eye-attrib $-1 -1 $3492 $2383 $1772 #
coedge $-1 -1 $-1 $3481 $2386 $2388 $2994 reversed $2787 $-1 #
coedge $-1 -1 $-1 $2386 $3481 $3493 $3494 reversed $2787 $-1 #
color-adesk-attrib $-1 -1 $-1 $-1 $2387 2 #
vertex $-1 -1 $-1 $2397 $3495 #
edge $3496 -1 $-1 $3485 842.5781790843984709 $2391 905.5781790844150692 $2388 $1508 forward @7 tangent #
point $-1 -1 $-1 2741.343135270425591 1182.744462371396367 80.81169789969807482 #
color-adesk-attrib $-1 -1 $-1 $-1 $2397 2 #
coedge $-1 -1 $-1 $2653 $3030 $2398 $2998 forward $1701 $-1 #
edge $3497 -1 $-1 $3489 842.5781790843984709 $2402 905.5781790844150692 $2997 $2003 forward @7 unknown #
edge $3498 -1 $-1 $2987 842.5781790843914223 $1792 905.5781790844080206 $2399 $2000 forward @7 unknown #
face $3499 -1 $-1 $3500 $2400 $7 $-1 $2006 forward single #
point $-1 -1 $-1 2741.343135270426501 1182.674954454378167 80.81169789969807482 #
coedge $-1 -1 $-1 $2407 $3293 $3251 $3501 reversed $1267 $-1 #
edge $3502 -1 $-1 $2710 -37.50324941165672499 $3253 187.5032494099286851 $2407 $1271 forward @7 unknown #
color-adesk-attrib $-1 -1 $-1 $-1 $2408 256 #
vertex $-1 -1 $-1 $2699 $3503 #
ellipse-curve $-1 -1 $-1 2740.880632021014662 1182.73245445437351 79.92711972061366055 -1 -9.009273877971997771e-32 -2.220446049250312834e-16 -6.196631570274165405e-19 -0.002828427124745265878 0.002828427124747195324 1 I I #
ref_vt-eye-attrib $-1 -1 $3504 $2409 $1797 $1151 $1152 #
coedge $-1 -1 $-1 $3505 $3506 $2412 $3009 forward $3507 $-1 #
edge $3508 -1 $-1 $2629 -0.8628575349721359089 $3011 -0.8328575349660241045 $3008 $3509 forward @7 unknown #
color-adesk-attrib $-1 -1 $-1 $-1 $2414 2 #
vertex $-1 -1 $-1 $3432 $3510 #
color-adesk-attrib $-1 -1 $-1 $-1 $2418 2 #
vertex $-1 -1 $-1 $2432 $3511 #
pcurve $-1 -1 $-1 0 forward { exppc nubs 1 open 2 
	-0.006000000000007332801 1 -0 1 
	209.5589041261013676 0.6627521177764896798 
	211.0618759417609454 0.6627521177764897908 
	5.6808847549265046e-13 
	cone 2741.347127353404176 1182.744462371396367 79.90611972061365975 3.37445951098917907e-32 1.836970198721029934e-16 1 -0.002822834495581730795 0.002822834495579805252 -5.185462844301811914e-19 1 I I 0 1 0.003992090827984936911 forward I I I I 
	} 0 0 #
point $-1 -1 $-1 2741.343135270426501 1182.744454454368679 80.742697899698058 #
color-adesk-attrib $-1 -1 $-1 $-1 $2425 2 #
straight-curve $-1 -1 $-1 2741.343135270425591 1182.744954454377876 80.74869789969805822 -3.374459510989153891e-32 -5.257963689659869284e-15 -1 F 0 F 0.006000000000007332801 #
coedge $-1 -1 $-1 $3029 $2431 $3061 $3512 forward $1832 $-1 #
color-adesk-attrib $-1 -1 $-1 $-1 $2432 2 #
point $-1 -1 $-1 2741.343135270426501 1182.674954454378167 80.742697899698058 #
color-adesk-attrib $-1 -1 $-1 $-1 $2437 2 #
straight-curve $-1 -1 $-1 2741.343135270425591 1182.644954454379331 80.74869789969805822 3.374459510989153891e-32 5.257963689659869284e-15 1 I I #
color-adesk-attrib $-1 -1 $-1 $-1 $2438 2 #
straight-curve $-1 -1 $-1 2740.643135270425773 1182.644954454379331 80.742697899698058 -3.374459510989153891e-32 -5.257963689659869284e-15 -1 I I #
color-adesk-attrib $-1 -1 $3513 $-1 $2439 2 #
face $3514 -1 $-1 $596 $3515 $7 $-1 $3516 forward single #
plane-surface $-1 -1 $-1 2740.993135270425228 1182.644954454379331 80.74569789969805811 -9.020123650801315942e-23 1 4.824366475442969243e-16 -3.374459510989182355e-32 4.824366475442969243e-16 -1 reverse_v I I I I #
ref_vt-eye-attrib $-1 -1 $-1 $2442 $1293 $-1 $-1 #
coedge $-1 -1 $-1 $2443 $3018 $2983 $3487 forward $1832 $-1 #
coedge $-1 -1 $-1 $2997 $2461 $2443 $3031 reversed $1701 $-1 #
edge $3517 -1 $-1 $3489 -0.4242890895421993491 $2434 -0.4182890895421991218 $2443 $3518 forward @7 unknown #
loop $-1 -1 $-1 $-1 $2444 $3519 #
color-adesk-attrib $-1 -1 $-1 $-1 $2445 256 #
vertex $-1 -1 $-1 $2445 $3520 #
ellipse-curve $-1 -1 $-1 2741.04834135913552 1182.696506485066493 80.742697899698058 3.374459510989182355e-32 -4.82436794902990709e-16 1 0.007999999999999998432 3.944304526105058254e-34 -2.699567608791343814e-34 1 I I #
point $-1 -1 $-1 2741.343135270425591 1182.744954454377876 80.74869789969805822 #
fmesh-eye-attrib $-1 -1 $3521 $2449 $1839 #
ref_vt-eye-attrib $-1 -1 $-1 $2451 $1308 $-1 $-1 #
coedge $-1 -1 $-1 $2452 $2832 $3522 $3054 forward $1643 $-1 #
color-adesk-attrib $-1 -1 $-1 $-1 $2454 2 #
coedge $-1 -1 $-1 $2456 $2455 $2832 $3372 reversed $2457 $-1 #
coedge $-1 -1 $-1 $2461 $2621 $2455 $3043 reversed $1701 $-1 #
edge $3523 -1 $-1 $1852 250.1249999999998863 $3524 250.1500000000005457 $2455 $3525 forward @7 unknown #
coedge $-1 -1 $-1 $3190 $2481 $2456 $3045 reversed $2567 $-1 #
edge $3526 -1 $-1 $3375 0.5875000000001477929 $1875 0.6124999999998124167 $2456 $3527 forward @5 knife #
color-adesk-attrib $-1 -1 $-1 $-1 $2460 2 #
color-adesk-attrib $-1 -1 $-1 $-1 $2462 2 #
color-adesk-attrib $-1 -1 $3528 $-1 $2463 2 #
color-adesk-attrib $-1 -1 $-1 $-1 $2465 2 #
straight-curve $-1 -1 $-1 2740.867485270426187 1182.644954454379331 80.49361972061305437 0.001000000000000000021 4.930380657631323886e-35 -1.124819836996393612e-35 I I #
point $-1 -1 $-1 2740.643135270426683 1182.644954454379331 80.49361972061305437 #
coedge $-1 -1 $-1 $3522 $3117 $2469 $3053 forward $3529 $-1 #
edge $3530 -1 $-1 $2536 363.4218209155976069 $2471 587.499999999387569 $3052 $2000 forward @7 unknown #
edge $3531 -1 $-1 $3524 0.07350000001315493137 $2471 0.1035000000119907781 $3039 $2233 forward @7 unknown #
point $-1 -1 $-1 2741.343135270426046 1182.644954454379331 80.49361972061305437 #
ref_vt-eye-attrib $-1 -1 $3532 $2473 $1858 $-1 $-1 #
color-adesk-attrib $-1 -1 $-1 $2477 $1333 2 #
ref_vt-eye-attrib $-1 -1 $3533 $2478 $1868 $-1 $-1 #
coedge $-1 -1 $-1 $2494 $2480 $2836 $3377 forward $1869 $-1 #
edge $3534 -1 $-1 $3535 -10.31252637573771835 $2520 -10.29002637573759849 $2517 $3536 forward @7 unknown #
coedge $-1 -1 $-1 $2481 $3493 $3018 $3512 reversed $2567 $-1 #
color-adesk-attrib $-1 -1 $-1 $-1 $2482 2 #
color-adesk-attrib $-1 -1 $-1 $-1 $2483 2 #
color-adesk-attrib $-1 -1 $3537 $-1 $2484 2 #
face $3538 -1 $-1 $260 $3539 $7 $-1 $3540 reversed single #
coedge $-1 -1 $-1 $3112 $2833 $2486 $3067 reversed $3224 $-1 #
edge $3541 -1 $-1 $3115 363.4218209156045987 $2232 587.5000000002614797 $2486 $1508 forward @7 tangent #
coedge $-1 -1 $-1 $2490 $3412 $3322 $3542 forward $1881 $-1 #
coedge $-1 -1 $-1 $3323 $3543 $2490 $3070 reversed $3544 $-1 #
edge $3545 -1 $-1 $3546 0.5481993657166223111 $3547 0.5573134004981440404 $2490 $3548 forward @7 unknown #
color-adesk-attrib $-1 -1 $-1 $-1 $2493 256 #
straight-curve $-1 -1 $-1 2740.832290798027316 1182.696704454334395 70.20609334487605224 -5.624099184981968766e-32 3.599721149882553636e-16 -1 I I #
edge $3549 -1 $-1 $2519 10.29002637573759849 $3550 10.31252637573771835 $2514 $3551 forward @7 unknown #
color-adesk-attrib $-1 -1 $-1 $-1 $2495 256 #
straight-curve $-1 -1 $-1 2740.853979742825231 1182.696704454334395 70.20609334487605224 5.624099184981968766e-32 -3.599721149882553636e-16 1 I I #
coedge $-1 -1 $-1 $3552 $3552 $2498 $3077 reversed $2835 $-1 #
edge $3553 -1 $-1 $3080 -2.981598777519529175 $3084 -0.1599938760702640239 $3076 $3554 forward @7 unknown #
coedge $-1 -1 $-1 $2499 $2504 $3552 $3555 reversed $2512 $-1 #
color-adesk-attrib $-1 -1 $-1 $-1 $2500 256 #
vertex $-1 -1 $-1 $3555 $3556 #
straight-curve $-1 -1 $-1 2740.757290798027498 1182.696704454334395 90.80614609635125589 1.124819836996392932e-32 6.123233995736767268e-17 1 I I #
point $-1 -1 $-1 2740.757290798027498 1182.696704454334395 80.51611972061365918 #
color-adesk-attrib $-1 -1 $-1 $-1 $2505 256 #
vertex $-1 -1 $-1 $3077 $3557 #
straight-curve $-1 -1 $-1 2740.778979742825413 1182.696704454334395 90.80614609635125589 -1.124819836996392932e-32 -6.123233995736767268e-17 -1 I I #
point $-1 -1 $-1 2740.778979742825413 1182.696704454334395 80.51611972061365918 #
material-adesk-attrib $-1 -1 $-1 $2510 $1358 12 0 #
ref_vt-eye-attrib $-1 -1 $3558 $2511 $1904 $-1 $-1 #
coedge $-1 -1 $-1 $2517 $2514 $3376 $3559 reversed $1905 $-1 #
color-adesk-attrib $-1 -1 $-1 $-1 $2516 256 #
ellipse-curve $-1 -1 $-1 2740.768135270426683 1182.698454461351503 80.51611972061306233 -2.249639673992785864e-32 -1.224646799147353207e-16 -1 0.01098476699007005716 5.415908269642847413e-34 -1.235588381521396441e-34 1 I I #
point $-1 -1 $-1 2740.853979742825231 1182.696704454334395 80.51611972061365918 #
point $-1 -1 $-1 2740.832290798027316 1182.696704454334395 80.51611972061365918 #
point $-1 -1 $-1 2741.343135270425591 1182.73245445437351 80.26354154152924991 #
pcurve $-1 -1 $-1 0 forward { exppc nubs 3 open 2 
	0 3 0.0005000000091968104243 3 
	91.03545900508650845 0.6627521177764680305 
	91.03545900508650845 0.7038765650456340062 
	91.03545900508650845 0.7456322071832871545 
	91.03545900508650845 0.7873813429434159961 
	1.702774536269757336e-09 
	cone 2741.347127353404176 1182.744462371396367 79.90611972061365975 3.37445951098917907e-32 1.836970198721029934e-16 1 -0.002822834495581730795 0.002822834495579805252 -5.185462844301811914e-19 1 I I 0 1 0.003992090827984936911 forward I I I I 
	} 0 0 #
coedge $-1 -1 $-1 $2530 $2529 $3111 $3560 forward $2531 $-1 #
edge $3561 -1 $-1 $2523 0.3574218209156043713 $3562 0.3634218209156188095 $2529 $3563 forward @5 knife #
color-adesk-attrib $-1 -1 $-1 $-1 $2534 2 #
straight-curve $-1 -1 $-1 2741.343135270425591 1182.644954454379331 80.26954154152926435 1 4.930380657631323784e-32 -3.374459510989180165e-32 I I #
edge $3564 -1 $-1 $3194 0.0699999999997089617 $2536 0.09999999999854480848 $2550 $3565 forward @7 unknown #
point $-1 -1 $-1 2741.343135270425591 1182.644954454379331 80.26954154152926435 #
point $-1 -1 $-1 2740.643135270425773 1182.644954454379331 80.26954154152926435 #
ref_vt-eye-attrib $-1 -1 $-1 $2542 $1385 $-1 $-1 #
fmesh-eye-attrib $-1 -1 $3566 $2543 $1938 #
color-adesk-attrib $-1 -1 $3567 $-1 $2544 2 #
face $3568 -1 $-1 $3519 $3569 $7 $-1 $3570 reversed single #
loop $-1 -1 $-1 $3571 $3572 $2544 #
cone-surface $-1 -1 $-1 2740.92334135913552 1182.696506485066493 80.66190376103294568 -1 2.620226502024577953e-30 -5.533430154591930574e-15 -3.944304526105056543e-34 0.007999999999999998432 3.859494359223914733e-18 1 I I -0 1 0.007999999999999998432 reversed I I I I #
loop $-1 -1 $-1 $-1 $3130 $1938 #
coedge $-1 -1 $-1 $3110 $3110 $3573 $3574 forward $2545 $-1 #
coedge $-1 -1 $-1 $2547 $2550 $3096 $3560 reversed $1389 $-1 #
coedge $-1 -1 $-1 $3373 $3066 $2547 $3113 forward $3224 $-1 #
edge $3575 -1 $-1 $3115 0.0005000000091968104243 $3562 0.01250000000436557457 $2547 $3565 forward @7 unknown #
color-adesk-attrib $-1 -1 $-1 $-1 $2548 2 #
tvertex-vertex $-1 -1 $-1 $3113 $3576 1.090949470177292763e-11 #
straight-curve $-1 -1 $-1 2741.343135270425591 1182.744954454377876 80.26954154152926435 4.930380657631323784e-32 -1 1.836970198721029934e-16 F 0 F 0.0005000000091968104243 #
coedge $-1 -1 $-1 $3052 $3191 $2550 $3100 forward $3529 $-1 #
fmesh-eye-attrib $-1 -1 $3577 $2551 $1942 #
color-adesk-attrib $-1 -1 $3578 $-1 $2552 2 #
plane-surface $-1 -1 $-1 2741.343135270425591 1182.744954454377876 80.26954154152926435 1 4.930380657631323784e-32 -3.374459510989180165e-32 -3.37445951098917907e-32 -1.836970198721029934e-16 -1 forward_v I I I I #
coedge $-1 -1 $-1 $3121 $3121 $3579 $3580 forward $2553 $-1 #
color-adesk-attrib $-1 -1 $-1 $2556 $1397 2 #
ref_vt-eye-attrib $-1 -1 $-1 $2559 $1403 $3581 $3582 #
fmesh-eye-attrib $-1 -1 $3583 $2560 $1953 #
ref_vt-eye-attrib $-1 -1 $3584 $-1 $2561 $3585 $3586 #
loop $-1 -1 $-1 $3587 $3573 $2561 #
cone-surface $-1 -1 $-1 2741.04834135913552 1182.696506485066493 80.338335680194362 -3.37445951098917907e-32 -1.836970198721029934e-16 -1 0.007999999999999998432 3.944304526105058254e-34 -2.699567608791343814e-34 1 I I 0 1 0.007999999999999998432 forward I I I I #
coedge $-1 -1 $-1 $3128 $3128 $3129 $3588 reversed $2562 $-1 #
coedge $-1 -1 $-1 $3129 $3129 $3128 $3588 forward $2564 $-1 #
coedge $-1 -1 $-1 $3130 $3130 $2565 $3131 forward $3109 $-1 #
edge $3589 -1 $-1 $3590 -1.274624957706218989e-30 $3590 6.283185307179586232 $3130 $3591 forward @7 tangent #
face $3592 -1 $-1 $3593 $2567 $7 $-1 $3594 forward single #
ref_vt-eye-attrib $-1 -1 $3595 $2572 $1411 $1151 $1152 #
coedge $-1 -1 $-1 $3596 $2573 $3597 $3598 reversed $1966 $-1 #
coedge $-1 -1 $-1 $2573 $3596 $2584 $3148 reversed $1966 $-1 #
coedge $-1 -1 $-1 $2585 $3599 $2573 $3137 reversed $3150 $-1 #
edge $3600 -1 $-1 $3152 -293.8790153264108085 $3601 443.8790153262743843 $3136 $3602 forward @7 tangent #
ref_vt-eye-attrib $-1 -1 $3603 $2575 $1417 $21 $22 #
ref_vt-eye-attrib $-1 -1 $3604 $2576 $1971 $21 $22 #
coedge $-1 -1 $-1 $3140 $3140 $3411 $3605 reversed $2578 $-1 #
coedge $-1 -1 $-1 $3141 $3141 $2579 $3142 forward $2580 $-1 #
edge $3606 -1 $-1 $3607 -3.141592653589793116 $3607 3.141592653589793116 $3141 $3608 forward @7 unknown #
coedge $-1 -1 $-1 $3609 $3610 $2581 $3144 reversed $3188 $-1 #
edge $3611 -1 $-1 $3612 4.143140853102522669 $3613 1195.856859146897932 $2581 $3614 forward @7 tangent #
color-adesk-attrib $-1 -1 $-1 $-1 $2583 2 #
vertex $-1 -1 $-1 $2583 $3615 #
ellipse-curve $-1 -1 $-1 2740.622262690781099 1182.714254454374895 80.55611972061365122 0.9999998608640824349 0.0005275147542348197598 2.54492527297051573e-19 -6.066420517757411618e-06 0.01149999999999999807 5.548023141384391921e-18 0.9999998608640823239 I I #
edge $3616 -1 $-1 $3152 6.120984673771090456 $3158 1193.879015326229364 $3135 $3617 forward @7 tangent #
coedge $-1 -1 $-1 $3599 $2585 $3618 $3164 forward $3150 $-1 #
loop $-1 -1 $-1 $-1 $3599 $3619 #
color-adesk-attrib $-1 -1 $-1 $-1 $2586 2 #
vertex $-1 -1 $-1 $3137 $3620 #
ellipse-curve $-1 -1 $-1 2740.624256255099681 1182.726454454379564 79.91224070528726031 -0.7071067811865475727 1.298934084353239805e-16 0.7071067811865475727 -0.002000000000000015654 -1.505536052471079693e-19 -0.00200000000000001522 0.7071067811865472397 I I #
coedge $-1 -1 $-1 $3621 $2587 $3596 $3622 forward $3156 $-1 #
coedge $-1 -1 $-1 $2587 $3621 $3623 $3166 reversed $3156 $-1 #
loop $-1 -1 $-1 $-1 $3621 $3624 #
color-adesk-attrib $-1 -1 $-1 $-1 $2588 2 #
vertex $-1 -1 $-1 $3622 $3625 #
ellipse-curve $-1 -1 $-1 2740.624256255099681 1182.726454454379564 81.09999873594006203 0.7071067811865475727 -3.411343291698083969e-16 0.7071067811865475727 -0.002000000000000015654 -7.480331553088880038e-19 0.00200000000000001522 0.7071067811865472397 I I #
coedge $-1 -1 $-1 $3623 $3626 $2589 $3161 reversed $3627 $-1 #
edge $3628 -1 $-1 $2593 2.459220925599535423 $3612 2.501221992316933651 $3160 $3629 forward @7 unknown #
coedge $-1 -1 $-1 $3630 $3618 $2590 $3163 forward $3631 $-1 #
edge $3632 -1 $-1 $2592 2.459220925599535423 $3613 2.501221992316933651 $3162 $3633 forward @7 unknown #
edge $3634 -1 $-1 $2592 4.120984673591010505 $3635 745.8790153261816158 $3618 $3636 forward @7 tangent #
point $-1 -1 $-1 2740.622256255099728 1182.726454454379564 79.91024070528725076 #
edge $3637 -1 $-1 $2593 4.120984673591010505 $3638 745.8790153261816158 $3623 $3639 forward @7 tangent #
point $-1 -1 $-1 2740.622256255099728 1182.726454454379564 81.10199873594005737 #
color-adesk-attrib $-1 -1 $-1 $-1 $2595 2 #
color-adesk-attrib $-1 -1 $-1 $-1 $2597 2 #
straight-curve $-1 -1 $-1 2740.618135270426137 1182.644954454379331 81.10611972061366259 -3.37445951098918244e-35 4.82436794902990786e-19 -0.001000000000000000021 I I #
coedge $-1 -1 $-1 $3640 $2598 $3641 $3642 reversed $2611 $-1 #
coedge $-1 -1 $-1 $2598 $3640 $3643 $3644 forward $2611 $-1 #
color-adesk-attrib $-1 -1 $-1 $-1 $2599 2 #
vertex $-1 -1 $-1 $3455 $3645 #
straight-curve $-1 -1 $-1 2740.637013052032216 1182.681244404775498 81.10611972061366259 -3.37445951098918244e-35 4.82436794902990786e-19 -0.001000000000000000021 I I #
coedge $-1 -1 $-1 $2600 $3302 $2903 $3432 forward $2130 $-1 #
coedge $-1 -1 $-1 $3288 $3641 $2600 $3178 forward $2739 $-1 #
edge $3646 -1 $-1 $2602 18.87778160585185105 $3437 731.1222183941481489 $2600 $3647 forward @7 tangent #
point $-1 -1 $-1 2740.637013052031762 1182.681244404775498 79.92499750221958266 #
color-adesk-attrib $-1 -1 $-1 $-1 $2604 2 #
straight-curve $-1 -1 $-1 2739.812882621028166 1183.527953751690802 81.91137237001160543 0.572078529475952724 -0.5877519138422797607 -0.572078529475953057 I I #
edge $3648 -1 $-1 $2607 2.485000000000582077 $3205 2.515000000013969839 $2930 $3649 forward @7 unknown #
point $-1 -1 $-1 2740.643135270425773 1182.674954454378167 81.08111972061365691 #
color-adesk-attrib $-1 -1 $-1 $2608 $1429 2 #
material-adesk-attrib $-1 -1 $3650 $2609 $1989 12 0 #
ref_vt-eye-attrib $-1 -1 $3651 $-1 $2610 $21 $22 #
face $3652 -1 $-1 $2780 $3329 $7 $-1 $380 forward single #
loop $-1 -1 $-1 $-1 $3653 $2610 #
cone-surface $-1 -1 $-1 2740.624278411001342 1182.684454454378283 79.90611972061365975 -3.37445951098917907e-32 -1.836970198721029934e-16 -1 -0.001413840503910985614 -0.001414586522453772748 2.598553285259998304e-19 1 I I -0 -1 0.002000000000001782036 reversed I I I I #
coedge $-1 -1 $-1 $2613 $3044 $3373 $3654 forward $2567 $-1 #
coedge $-1 -1 $-1 $3117 $3522 $2621 $3192 reversed $3529 $-1 #
edge $3655 -1 $-1 $3194 363.4218209156045987 $3524 587.4999999996646238 $2621 $2003 forward @7 unknown #
color-adesk-attrib $-1 -1 $-1 $-1 $2622 2 #
vertex $-1 -1 $-1 $3100 $3656 #
straight-curve $-1 -1 $-1 2741.343135270425591 1182.674954454377257 80.08783063107145495 -3.37445951098917907e-32 -1.836970198721029934e-16 -1 I I #
ref_vt-eye-attrib $-1 -1 $-1 $2623 $1447 $552 $553 #
material-adesk-attrib $-1 -1 $3657 $2624 $2005 12 0 #
ref_vt-eye-attrib $-1 -1 $3658 $-1 $2625 $552 $553 #
coedge $-1 -1 $-1 $3659 $2626 $3506 $3660 reversed $2971 $-1 #
color-adesk-attrib $-1 -1 $-1 $-1 $2627 2 #
straight-curve $-1 -1 $-1 2741.17438527063041 1182.644954454284743 80.09986972041232889 -0.7071067811813954718 -3.358575691802255978e-10 0.7071067811916995627 I I #
point $-1 -1 $-1 2741.343135270426501 1182.644954454364779 79.93111972061365122 #
ref_vt-eye-attrib $-1 -1 $-1 $2633 $1466 $-1 $-1 #
color-adesk-attrib $-1 -1 $-1 $-1 $2635 2 #
vertex $-1 -1 $-1 $3231 $3661 #
coedge $-1 -1 $-1 $3493 $2638 $2636 $3207 reversed $2567 $-1 #
edge $3662 -1 $-1 $2993 0.9055781790844150692 $2027 0.9115781790844152965 $2636 $3663 forward @5 knife #
color-adesk-attrib $-1 -1 $-1 $-1 $2639 2 #
coedge $-1 -1 $-1 $3314 $3313 $2641 $3210 reversed $2164 $-1 #
edge $3664 -1 $-1 $3212 -0.8628575349721359089 $3214 -0.8328575349660241045 $3209 $3665 forward @7 unknown #
color-adesk-attrib $-1 -1 $-1 $-1 $2643 2 #
vertex $-1 -1 $-1 $3210 $3666 #
color-adesk-attrib $-1 -1 $-1 $-1 $2645 2 #
vertex $-1 -1 $-1 $3434 $3667 #
color-adesk-attrib $-1 -1 $-1 $-1 $2654 2 #
straight-curve $-1 -1 $-1 2741.343135270425591 1182.674954454377257 80.3619088101558674 -3.37445951098917907e-32 -1.836970198721029934e-16 -1 I I #
coedge $-1 -1 $-1 $2655 $2818 $2945 $3465 forward $1628 $-1 #
coedge $-1 -1 $-1 $2659 $2945 $2912 $3442 reversed $737 $-1 #
color-adesk-attrib $-1 -1 $-1 $-1 $2660 256 #
vertex $-1 -1 $-1 $2913 $3668 #
ellipse-curve $-1 -1 $-1 2741.130638519836339 1182.73245445437351 81.0851197206136618 -1 4.499510266254410666e-12 -2.220446049228605354e-16 -6.196631570274167331e-19 -0.00282842712474526501 -0.002828427124747196191 1 I I #
ref_vt-eye-attrib $-1 -1 $3669 $2665 $2057 $552 $553 #
material-adesk-attrib $-1 -1 $3670 $-1 $2666 12 0 #
loop $-1 -1 $-1 $-1 $2833 $2666 #
color-adesk-attrib $-1 -1 $-1 $-1 $2670 256 #
vertex $-1 -1 $-1 $3465 $3671 #
straight-curve $-1 -1 $-1 2741.105638519836248 1182.694704454374005 81.08111972061365691 3.673940397442059375e-16 1 4.824367949029906104e-16 I I #
color-adesk-attrib $-1 -1 $-1 $-1 $2674 2 #
straight-curve $-1 -1 $-1 2740.855632021015026 1182.644954454379331 80.43117972061364185 2.220446049250313609e-19 -4.82436794902990786e-19 0.001000000000000000021 I I #
point $-1 -1 $-1 2740.855632021015026 1182.644954454379331 80.81867972061364469 #
edge $3672 -1 $-1 $3205 24.99999999986357579 $2683 237.4967505888889718 $2859 $2942 forward @7 unknown #
edge $3673 -1 $-1 $2683 649.9400000000150612 $3674 650.0000000000007958 $2959 $3229 forward @7 unknown #
point $-1 -1 $-1 2740.855632021015026 1182.644954454364779 81.08111972061365691 #
color-adesk-attrib $-1 -1 $-1 $2687 $1527 2 #
material-adesk-attrib $-1 -1 $-1 $2688 $1064 12 0 #
ref_vt-eye-attrib $-1 -1 $3675 $2689 $1532 $-1 $-1 #
fmesh-eye-attrib $-1 -1 $3676 $2690 $2087 #
color-adesk-attrib $-1 -1 $3677 $-1 $2691 2 #
face $3678 -1 $-1 $3624 $3627 $7 $-1 $3679 forward single #
loop $-1 -1 $-1 $-1 $3680 $2691 #
cone-surface $-1 -1 $-1 2740.618135270426137 1182.684454454378283 81.09997658003902643 1 1.549979942681724026e-31 -2.190840101926975875e-16 3.097498473696831191e-19 -0.001414586522453773398 0.001413840503910984963 1 I I 0 -1 0.002000000000001782036 forward I I I I #
loop $-1 -1 $-1 $-1 $3681 $2087 #
coedge $-1 -1 $-1 $3430 $3682 $3683 $3684 forward $2692 $-1 #
coedge $-1 -1 $-1 $3643 $2694 $2929 $3455 reversed $2088 $-1 #
coedge $-1 -1 $-1 $2694 $3643 $3685 $3686 forward $2088 $-1 #
coedge $-1 -1 $-1 $2902 $2905 $2694 $3247 forward $2296 $-1 #
edge $3687 -1 $-1 $3436 0.7718854712598991474 $3688 1.570796326794896558 $2694 $3689 forward @7 unknown #
color-adesk-attrib $-1 -1 $-1 $-1 $2696 2 #
color-adesk-attrib $-1 -1 $-1 $-1 $2699 256 #
straight-curve $-1 -1 $-1 2740.618135270426137 1182.731764237016478 79.9310597206136606 1 8.954888635034121155e-32 2.190840101926975629e-16 I I #
coedge $-1 -1 $-1 $3345 $2700 $3002 $3501 forward $2197 $-1 #
color-adesk-attrib $-1 -1 $-1 $-1 $2704 256 #
vertex $-1 -1 $-1 $3501 $3690 #
straight-curve $-1 -1 $-1 2741.105638519836248 1182.694704454374005 79.93111972061365122 -3.673940397442059375e-16 -1 1.836970198721029194e-16 I I #
coedge $-1 -1 $-1 $2714 $2706 $3691 $3692 forward $1552 $-1 #
edge $3693 -1 $-1 $2790 2.449750000009998985 $3694 2.551749999998719431 $2706 $3695 forward @7 unknown #
color-adesk-attrib $-1 -1 $-1 $-1 $2707 256 #
straight-curve $-1 -1 $-1 2740.880632021015117 1182.746954454368051 79.63409543093052889 2.220446049250312834e-16 6.162975822039154046e-33 -1 I I #
edge $3696 -1 $-1 $3269 -73.43835617780314351 $3005 -16.69021736756803875 $2708 $2113 forward @7 unknown #
point $-1 -1 $-1 2740.880632021014662 1182.73245445437351 79.93111972061365122 #
coedge $-1 -1 $-1 $3261 $3261 $3441 $3697 forward $2712 $-1 #
coedge $-1 -1 $-1 $3262 $3262 $2713 $3263 reversed $3393 $-1 #
edge $3698 -1 $-1 $3699 -3.141592653589793116 $3699 3.141592653589793116 $2713 $3700 forward @7 unknown #
coedge $-1 -1 $-1 $3701 $3702 $2714 $3265 reversed $3703 $-1 #
edge $3704 -1 $-1 $3705 -0.01500000001396983862 $3268 0.01499999999941792339 $2714 $3706 forward @7 unknown #
coedge $-1 -1 $-1 $3346 $2715 $3702 $3707 forward $2130 $-1 #
color-adesk-attrib $-1 -1 $-1 $-1 $2716 256 #
vertex $-1 -1 $-1 $3265 $3708 #
vertex $-1 -1 $-1 $3259 $3709 #
straight-curve $-1 -1 $-1 2740.880632021014662 1182.507971097459176 80.09365018800826874 1.548733588456239704e-16 0.7165968505308447645 -0.6974876011867696679 I I #
coedge $-1 -1 $-1 $3710 $2722 $3475 $3278 forward $3273 $-1 #
coedge $-1 -1 $-1 $2722 $3691 $2724 $3276 forward $3273 $-1 #
loop $-1 -1 $-1 $-1 $3691 $3392 #
color-adesk-attrib $-1 -1 $-1 $-1 $2723 2 #
straight-curve $-1 -1 $-1 2740.855632021015026 1182.644954454379331 80.58105972061366629 2.220446049250312646e-19 -1.836970198721030077e-19 -0.001000000000000000021 I I #
edge $3711 -1 $-1 $3694 -0.02499999999986357579 $2726 -2.273736754432320595e-13 $3272 $3712 forward @7 unknown #
point $-1 -1 $-1 2740.855632021015026 1182.644954454379331 80.19355972061366344 #
edge $3713 -1 $-1 $2730 649.9400000000150612 $3714 650.0000000000007958 $3271 $3275 forward @7 unknown #
point $-1 -1 $-1 2740.855632021015026 1182.644954454364779 79.93111972061365122 #
color-adesk-attrib $-1 -1 $-1 $-1 $2732 256 #
straight-curve $-1 -1 $-1 2740.743133645720263 1182.675016098206243 79.9310597206136606 -1 3.04170691676628384e-18 -2.220446049250312834e-16 I I #
ref_vt-eye-attrib $-1 -1 $3715 $2736 $1573 $1151 $1152 #
fmesh-eye-attrib $-1 -1 $3716 $2737 $2138 #
color-adesk-attrib $-1 -1 $3717 $-1 $2738 2 #
face $3718 -1 $-1 $3619 $3631 $7 $-1 $3719 forward single #
loop $-1 -1 $-1 $-1 $3720 $2738 #
cone-surface $-1 -1 $-1 2740.618135270426137 1182.684454454378283 79.9122628611882817 -1 -8.954888635034121155e-32 -2.190840101926975382e-16 3.097498473696830228e-19 -0.001414586522453772964 -0.001413840503910985397 1 I I -0 -1 0.002000000000001782036 reversed I I I I #
coedge $-1 -1 $-1 $3683 $3177 $3429 $3721 forward $2739 $-1 #
color-adesk-attrib $-1 -1 $-1 $-1 $2741 2 #
straight-curve $-1 -1 $-1 2741.105638519836248 1182.748454454384046 79.9310597206136606 3.673940397442059672e-19 0.001000000000000000021 -1.836970198721030077e-19 I I #
coedge $-1 -1 $-1 $3722 $3723 $2745 $3292 forward $3386 $-1 #
edge $3724 -1 $-1 $3295 -86.80978263714678178 $3306 -30.06164382691167702 $2745 $2744 forward @7 unknown #
coedge $-1 -1 $-1 $3002 $2746 $3723 $3725 reversed $1267 $-1 #
color-adesk-attrib $-1 -1 $-1 $-1 $2747 256 #
vertex $-1 -1 $-1 $3292 $3726 #
ellipse-curve $-1 -1 $-1 2741.130638519836339 1182.73245445437351 79.92711972061366055 -1 4.499510266254410666e-12 2.220446049242048037e-16 -6.196631570274165405e-19 -0.002828427124745265878 0.002828427124747195324 1 I I #
coedge $-1 -1 $-1 $3297 $3297 $3727 $3728 reversed $2748 $-1 #
coedge $-1 -1 $-1 $3298 $3298 $2749 $3299 forward $3729 $-1 #
edge $3730 -1 $-1 $3731 -3.141592653589793116 $3731 3.141592653589793116 $2749 $3732 forward @7 unknown #
coedge $-1 -1 $-1 $3506 $3505 $2750 $3301 reversed $3507 $-1 #
edge $3733 -1 $-1 $3734 -0.06675000001519038051 $3305 -0.0367500000018026185 $2750 $3735 forward @7 unknown #
coedge $-1 -1 $-1 $3176 $2751 $3505 $3736 forward $2130 $-1 #
coedge $-1 -1 $-1 $2751 $3346 $3722 $3737 reversed $2130 $-1 #
color-adesk-attrib $-1 -1 $-1 $-1 $2752 256 #
vertex $-1 -1 $-1 $3301 $3738 #
vertex $-1 -1 $-1 $2752 $3739 #
straight-curve $-1 -1 $-1 2741.130638519835429 1182.534545294100099 80.0677846366109236 3.224180012370268462e-12 0.7165968505308447645 -0.6974876011867696679 I I #
material-adesk-attrib $-1 -1 $-1 $2755 $1586 12 0 #
material-adesk-attrib $-1 -1 $-1 $2759 $1114 12 0 #
material-adesk-attrib $-1 -1 $-1 $2760 $1597 12 0 #
ref_vt-eye-attrib $-1 -1 $3740 $2761 $2163 $-1 $-1 #
material-adesk-attrib $-1 -1 $3741 $-1 $2762 12 0 #
coedge $-1 -1 $-1 $3209 $2763 $2920 $3450 forward $2164 $-1 #
coedge $-1 -1 $-1 $2763 $3209 $2861 $3398 reversed $2164 $-1 #
edge $3742 -1 $-1 $2877 0 $2868 749.9999999997726263 $2764 $3743 forward @7 unknown #
color-adesk-attrib $-1 -1 $-1 $-1 $2765 2 #
straight-curve $-1 -1 $-1 2741.368135270426137 1183.492811989337497 79.90611972061365975 4.930380657631323784e-32 -1 1.836970198721029934e-16 I I #
coedge $-1 -1 $-1 $2766 $3413 $3543 $3744 reversed $3319 $-1 #
loop $-1 -1 $-1 $-1 $3413 $2894 #
color-adesk-attrib $-1 -1 $-1 $-1 $2767 2 #
ellipse-curve $-1 -1 $-1 2740.625344444342318 1182.749727104674093 79.91332889452996824 -0.7071067811865475727 1.298934084353239805e-16 0.7071067811865475727 -0.001299999999999118267 -2.196569133647115837e-20 -0.001299999999999118484 0.7071067811865473507 I I #
coedge $-1 -1 $-1 $2771 $2770 $3068 $3542 reversed $2772 $-1 #
coedge $-1 -1 $-1 $3543 $3069 $2770 $3324 reversed $3544 $-1 #
edge $3745 -1 $-1 $2774 -0.03821313627838951454 $3546 -0.02532395735496329597 $2770 $3746 forward @7 tangent #
coedge $-1 -1 $-1 $3328 $2777 $2771 $2781 reversed $3329 $-1 #
point $-1 -1 $-1 2740.625344444342318 1182.74842710467783 79.91332889452996824 #
edge $3747 -1 $-1 $2885 -0.855211333751252023 $3331 0.855211333476718405 $2882 $3748 forward @7 unknown #
coedge $-1 -1 $-1 $2777 $3325 $3412 $3749 reversed $3329 $-1 #
loop $-1 -1 $-1 $-1 $3328 $3187 #
color-adesk-attrib $-1 -1 $-1 $-1 $2778 2 #
vertex $-1 -1 $-1 $3749 $3750 #
color-adesk-attrib $-1 -1 $-1 $-1 $2779 2 #
ref_vt-eye-attrib $-1 -1 $3751 $-1 $2780 $552 $553 #
color-adesk-attrib $-1 -1 $-1 $-1 $2781 2 #
vertex $-1 -1 $-1 $3749 $3752 #
straight-curve $-1 -1 $-1 2741.178043910425913 1182.748789793120523 80.09621108061672601 0.7071060859185787084 -0.001402319237179776648 -0.7071060859288827993 I I #
material-adesk-attrib $-1 -1 $-1 $2785 $1606 12 0 #
ref_vt-eye-attrib $-1 -1 $3753 $2786 $2181 $552 $553 #
point $-1 -1 $-1 2740.880632021014662 1182.746954454368051 80.19355972061366344 #
coedge $-1 -1 $-1 $2800 $3754 $2795 $3341 reversed $3348 $-1 #
edge $3755 -1 $-1 $2806 387.50000000000108 $3734 649.9400000000150612 $3340 $3756 forward @7 unknown #
coedge $-1 -1 $-1 $2797 $2798 $3757 $3758 forward $2197 $-1 #
coedge $-1 -1 $-1 $3759 $2800 $2797 $3344 forward $3348 $-1 #
edge $3760 -1 $-1 $2803 387.50000000000108 $3761 649.9400000000150612 $2797 $3762 forward @7 unknown #
coedge $-1 -1 $-1 $2798 $3251 $3763 $3764 reversed $2197 $-1 #
coedge $-1 -1 $-1 $3303 $3266 $2798 $3347 reversed $2130 $-1 #
edge $3765 -1 $-1 $3766 -0.2331087565111712445 $3767 -0.2330227334820527685 $2798 $3768 forward @7 unknown #
loop $-1 -1 $-1 $-1 $3340 $3769 #
color-adesk-attrib $-1 -1 $-1 $-1 $2801 2 #
straight-curve $-1 -1 $-1 2741.130638519835884 1182.644954454379331 80.19355972061366344 1 -3.673940397442059375e-16 3.374459510989180165e-32 I I #
point $-1 -1 $-1 2741.105638519836248 1182.644954454379331 80.19355972061366344 #
point $-1 -1 $-1 2741.130638519835884 1182.644954454379331 80.19355972061366344 #
ref_vt-eye-attrib $-1 -1 $3770 $2808 $2204 $-1 $-1 #
color-adesk-attrib $-1 -1 $3771 $-1 $2809 2 #
face $3772 -1 $-1 $3769 $3773 $7 $-1 $3774 reversed single #
loop $-1 -1 $-1 $3775 $3776 $2809 #
cone-surface $-1 -1 $-1 2746.1056352704245 1182.694954437683919 80.06855641884315844 1 -3.673940397442059375e-16 3.374459510989180165e-32 4.041334437186285139e-18 0.01100000000000005487 -2.020667218593142955e-18 1 I I -0 1 0.01100000000000005487 reversed I I I I #
coedge $-1 -1 $-1 $2812 $3777 $2939 $3462 reversed $2823 $-1 #
color-adesk-attrib $-1 -1 $-1 $-1 $2813 2 #
straight-curve $-1 -1 $-1 2741.105638519836248 1182.644954454379331 80.43117972061364185 -2.220446049250312646e-19 -4.824367949029905934e-19 0.001000000000000000021 I I #
coedge $-1 -1 $-1 $3361 $3361 $3371 $3778 forward $2816 $-1 #
coedge $-1 -1 $-1 $3362 $3362 $2817 $3363 reversed $2927 $-1 #
edge $3779 -1 $-1 $3780 -3.141592653589793116 $3780 3.141592653589793116 $2817 $3781 forward @7 unknown #
ref_vt-eye-attrib $-1 -1 $3782 $2819 $2213 $-1 $-1 #
coedge $-1 -1 $-1 $3777 $2821 $3397 $3783 forward $2823 $-1 #
color-adesk-attrib $-1 -1 $-1 $-1 $2822 2 #
vertex $-1 -1 $-1 $3783 $3784 #
straight-curve $-1 -1 $-1 2741.130638519835884 1182.644954454379331 80.43117972061364185 -2.220446049250312646e-19 -4.824367949029905934e-19 0.001000000000000000021 I I #
color-adesk-attrib $-1 -1 $-1 $2828 $1639 2 #
fmesh-eye-attrib $-1 -1 $3785 $2829 $2226 #
coedge $-1 -1 $-1 $3371 $3371 $3361 $3778 reversed $2830 $-1 #
edge $3786 -1 $-1 $3375 0.01600000001781154424 $3524 0.07350000001315493137 $2832 $2233 forward @7 unknown #
coedge $-1 -1 $-1 $2833 $3112 $3190 $3654 reversed $3224 $-1 #
color-adesk-attrib $-1 -1 $-1 $-1 $2834 2 #
vertex $-1 -1 $-1 $3372 $3787 #
coedge $-1 -1 $-1 $2836 $2836 $3089 $3559 forward $2229 $-1 #
edge $3788 -1 $-1 $3535 -2.981598777519529175 $3550 -0.1599938760702640239 $2836 $3789 forward @7 unknown #
ref_vt-eye-attrib $-1 -1 $3790 $2837 $2230 $-1 $-1 #
color-adesk-attrib $-1 -1 $-1 $2841 $2235 2 #
material-adesk-attrib $-1 -1 $3791 $-1 $2842 12 0 #
face $3792 -1 $-1 $2969 $3507 $7 $-1 $3478 forward single #
plane-surface $-1 -1 $-1 2740.618135270426137 1182.74842710467783 79.91332889452996824 4.344823556277382305e-19 0.9999980335026906753 -0.001983176934024872759 -3.364675057927454244e-35 -1.98317693402487259e-06 -0.0009999980335026906284 reverse_v I I I I #
color-adesk-attrib $-1 -1 $-1 $2844 $1654 2 #
ref_vt-eye-attrib $-1 -1 $3793 $2845 $2240 $-1 $-1 #
material-adesk-attrib $-1 -1 $3794 $-1 $2846 12 0 #
loop $-1 -1 $-1 $-1 $3722 $2846 #
coedge $-1 -1 $-1 $3387 $3387 $3776 $3795 reversed $2848 $-1 #
coedge $-1 -1 $-1 $3388 $3388 $2849 $3389 forward $3773 $-1 #
edge $3796 -1 $-1 $3797 -3.141592653589793116 $3797 3.141592653589793116 $2849 $3798 forward @7 unknown #
point $-1 -1 $-1 2740.855632021014571 1182.683954437685315 80.06855641884315844 #
color-adesk-attrib $-1 -1 $3799 $-1 $2855 2 #
face $3800 -1 $-1 $1058 $3273 $7 $-1 $3801 forward single #
loop $-1 -1 $-1 $2246 $3262 $2855 #
cone-surface $-1 -1 $-1 2735.880635270425955 1182.684954437681881 80.14355641884316128 1 4.930380657631323784e-32 -3.374459510989180165e-32 -5.423418723394483217e-34 0.01100000000000005487 -2.020667218593142955e-18 1 I I 0 1 0.01100000000000005487 forward I I I I #
color-adesk-attrib $-1 -1 $-1 $-1 $2860 2 #
straight-curve $-1 -1 $-1 2740.654385269832346 1182.644954454357503 81.06986972120735402 -0.7071067811865475727 3.358573579368576888e-10 0.7071067811865475727 I I #
coedge $-1 -1 $-1 $2861 $3461 $3365 $3783 reversed $2255 $-1 #
edge $3802 -1 $-1 $3367 512.5032494097467861 $3212 725.0000000001364242 $2861 $2942 forward @7 unknown #
color-adesk-attrib $-1 -1 $-1 $-1 $2863 2 #
straight-curve $-1 -1 $-1 2741.17438527063041 1182.644954454284743 80.91236972081497925 -0.7071067811813954718 -3.35857357939304851e-10 -0.7071067811916995627 I I #
coedge $-1 -1 $-1 $2935 $2864 $2934 $3456 forward $2255 $-1 #
material-adesk-attrib $-1 -1 $3803 $-1 $2865 12 0 #
plane-surface $-1 -1 $-1 2740.618135270426137 1182.644954454364779 81.08111972061365691 1.040593703629774997e-25 -1 4.749740306170992023e-10 -3.374459508647377631e-35 -4.749740306170992427e-13 -0.001000000000000000021 forward_v I I I I #
point $-1 -1 $-1 2741.368135270426137 1182.644954454379331 79.90611972061365975 #
color-adesk-attrib $-1 -1 $3804 $2872 $2263 2 #
loop $-1 -1 $-1 $1665 $3805 $2263 #
coedge $-1 -1 $-1 $3407 $3407 $3806 $3807 forward $2873 $-1 #
point $-1 -1 $-1 2740.618135270426137 1182.644954454379331 79.90611972061365975 #
color-adesk-attrib $-1 -1 $3808 $2879 $2272 2 #
loop $-1 -1 $-1 $1675 $3809 $2272 #
coedge $-1 -1 $-1 $3411 $3411 $3140 $3605 forward $2880 $-1 #
coedge $-1 -1 $-1 $3068 $2882 $3328 $3749 forward $1881 $-1 #
coedge $-1 -1 $-1 $3318 $2888 $2883 $3414 reversed $3319 $-1 #
edge $3810 -1 $-1 $3547 -0.855211333476718405 $2891 0.855211333751252023 $2883 $3811 forward @7 unknown #
point $-1 -1 $-1 2741.362213444998815 1182.749908029705693 79.92244291138912615 #
material-adesk-attrib $-1 -1 $3812 $2887 $2281 12 0 #
color-adesk-attrib $-1 -1 $-1 $-1 $2889 2 #
point $-1 -1 $-1 2740.624057095853459 1182.749908029705693 79.92244291138912615 #
ref_vt-eye-attrib $-1 -1 $3813 $2893 $2285 $21 $22 #
material-adesk-attrib $-1 -1 $3814 $-1 $2894 12 0 #
face $3815 -1 $-1 $1397 $3544 $7 $-1 $13 forward single #
color-adesk-attrib $-1 -1 $-1 $2897 $1700 2 #
ref_vt-eye-attrib $-1 -1 $3816 $2898 $2295 $552 $553 #
material-adesk-attrib $-1 -1 $3817 $-1 $2899 12 0 #
face $3818 -1 $-1 $3132 $3819 $7 $-1 $3820 forward single #
loop $-1 -1 $-1 $3821 $3822 $2899 #
plane-surface $-1 -1 $-1 2741.363992129573489 1182.684453399349877 79.90611972061365975 -0.9999998608640824349 0.0005275147542348197598 -9.690288829146747007e-20 3.374459510989179233e-35 1.836970198721030077e-19 0.001000000000000000021 forward_v I I I I #
coedge $-1 -1 $-1 $3823 $3824 $3825 $3826 forward $2900 $-1 #
coedge $-1 -1 $-1 $2905 $2902 $3288 $3721 reversed $2296 $-1 #
coedge $-1 -1 $-1 $3685 $3243 $2902 $3431 reversed $2692 $-1 #
edge $3827 -1 $-1 $3688 16.0113942036423289 $3828 1183.988605796358115 $3430 $3829 forward @7 tangent #
edge $3830 -1 $-1 $3011 -0.30003676648220301 $3437 -0.2893350567019366548 $3176 $3831 forward @7 unknown #
coedge $-1 -1 $-1 $2920 $2929 $2904 $3434 reversed $1201 $-1 #
edge $3832 -1 $-1 $3214 -0.30003676648220301 $3436 -0.2893350567019366548 $3433 $3833 forward @7 unknown #
color-adesk-attrib $-1 -1 $-1 $-1 $2906 2 #
vertex $-1 -1 $-1 $3247 $3834 #
vertex $-1 -1 $-1 $3721 $3835 #
straight-curve $-1 -1 $-1 2741.349257488820058 1182.681244404775498 81.10611972061366259 -3.37445951098918244e-35 4.82436794902990786e-19 -0.001000000000000000021 I I #
color-adesk-attrib $-1 -1 $-1 $2908 $1706 2 #
fmesh-eye-attrib $-1 -1 $3836 $2909 $2302 #
coedge $-1 -1 $-1 $3441 $3441 $3261 $3697 reversed $2910 $-1 #
edge $3837 -1 $-1 $3220 -0.5125032494102015335 $3445 -0.487503249410110584 $2912 $3838 forward @7 unknown #
color-adesk-attrib $-1 -1 $-1 $-1 $2913 2 #
color-adesk-attrib $-1 -1 $-1 $-1 $2914 2 #
vertex $-1 -1 $-1 $3442 $3839 #
point $-1 -1 $-1 2741.105638519836248 1182.675016098206243 81.08117972061364753 #
point $-1 -1 $-1 2741.130638519835884 1182.675016098206243 81.08117972061364753 #
color-adesk-attrib $-1 -1 $-1 $-1 $2919 256 #
straight-curve $-1 -1 $-1 2741.130638519836339 1182.711704454379969 81.08111972061365691 -4.499510266254410666e-12 -1 1.467580822869109601e-14 I I #
edge $3840 -1 $-1 $2922 512.5032494097467861 $3214 725.0000000001364242 $3313 $2346 forward @7 unknown #
point $-1 -1 $-1 2741.130638519835884 1182.674954454378167 81.08111972061365691 #
fmesh-eye-attrib $-1 -1 $3841 $2925 $2317 #
color-adesk-attrib $-1 -1 $3842 $-1 $2926 2 #
plane-surface $-1 -1 $-1 2741.130638519835884 1182.644954454379331 80.43117972061364185 -3.673940397442059375e-16 -1 -4.82436794902990709e-16 0.001000000000000000021 -3.673940397442060635e-19 2.220446049250311201e-19 forward_v I I I I #
edge $3843 -1 $-1 $3174 18.87778160585185105 $3436 731.1222183941481489 $2929 $3844 forward @7 tangent #
edge $3845 -1 $-1 $3674 -24.99999999963620212 $2944 -1.972152263052529514e-28 $2934 $3846 forward @7 tangent #
color-adesk-attrib $-1 -1 $-1 $-1 $2936 2 #
straight-curve $-1 -1 $-1 2740.855632021014571 1182.644954454379331 80.81867972061364469 -1 -4.930380657631323784e-32 3.374459510989180165e-32 I I #
color-adesk-attrib $-1 -1 $-1 $-1 $2938 256 #
straight-curve $-1 -1 $-1 2741.105638519836248 1182.659954454378749 81.08111972061365691 3.673940397442092902e-16 1 -1.467580822869011151e-14 I I #
coedge $-1 -1 $-1 $3397 $2939 $3777 $3847 reversed $2255 $-1 #
edge $3848 -1 $-1 $2941 649.9400000000150612 $3849 650.0000000000007958 $3358 $3360 forward @7 unknown #
point $-1 -1 $-1 2741.105638519836248 1182.644954454364779 81.08111972061365691 #
point $-1 -1 $-1 2740.880632021014662 1182.644954454379331 81.08117972061364753 #
edge $3850 -1 $-1 $3445 0.6119758423112399148 $3226 0.7853981633971068854 $3217 $3851 forward @7 unknown #
color-adesk-attrib $-1 -1 $-1 $-1 $2946 2 #
point $-1 -1 $-1 2740.855632021014571 1182.683954437685315 80.94368302238414969 #
material-adesk-attrib $-1 -1 $-1 $2954 $1225 12 0 #
material-adesk-attrib $-1 -1 $-1 $2957 $1229 12 0 #
color-adesk-attrib $-1 -1 $-1 $2958 $1751 2 #
material-adesk-attrib $-1 -1 $-1 $2961 $1757 12 0 #
fmesh-eye-attrib $-1 -1 $3852 $2962 $2360 #
loop $-1 -1 $-1 $-1 $3853 $2360 #
point $-1 -1 $-1 2740.643135270425773 1182.644954454379331 80.74869789969805822 #
coedge $-1 -1 $-1 $2968 $3854 $3271 $3278 reversed $2971 $-1 #
color-adesk-attrib $-1 -1 $3855 $-1 $2969 2 #
face $3856 -1 $-1 $3480 $3703 $7 $-1 $3478 forward single #
plane-surface $-1 -1 $-1 2740.618135270426137 1182.674954454378167 79.93111972061365122 -2.190840101926975382e-16 -1.497454800372099999e-14 1 -0.001000000000000000021 -8.954888635034121223e-35 -2.190840101926975221e-19 reverse_v I I I I #
coedge $-1 -1 $-1 $3854 $3857 $3858 $3859 forward $2971 $-1 #
face $3860 -1 $-1 $1797 $2971 $7 $-1 $3861 forward single #
coedge $-1 -1 $-1 $2991 $2990 $2979 $3482 forward $2787 $-1 #
edge $3862 -1 $-1 $3485 0.0004920829815091565251 $3863 0.01250000000436557457 $2979 $3490 forward @7 unknown #
pcurve $-1 -1 $-1 0 forward { exppc nubs 3 open 2 
	0 3 0.0004920829815091565251 3 
	211.0618759417609454 0.6627521177764897908 
	211.0618759417609454 0.7032253982822943561 
	211.0618759417609454 0.7443099241539452571 
	211.0618759417609454 0.7853981633971458542 
	1.617283919478604187e-09 
	cone 2741.347127353404176 1182.744462371396367 79.90611972061365975 3.37445951098917907e-32 1.836970198721029934e-16 1 -0.002822834495581730795 0.002822834495579805252 -5.185462844301811914e-19 1 I I 0 1 0.003992090827984936911 forward I I I I 
	} 0 0 #
color-adesk-attrib $-1 -1 $-1 $-1 $2981 2 #
tvertex-vertex $-1 -1 $-1 $3482 $3864 7.917037687653952408e-06 #
straight-curve $-1 -1 $-1 2741.343135270425591 1182.744954454377876 80.74869789969805822 4.930380657631321594e-32 -1 -4.82436794902990709e-16 F 0 F 0.0004920829815091565251 #
edge $3865 -1 $-1 $3863 0.01250000000436557457 $3489 0.0699999999997089617 $2983 $3490 forward @7 unknown #
color-adesk-attrib $-1 -1 $-1 $-1 $2985 2 #
vertex $-1 -1 $-1 $2985 $3866 #
straight-curve $-1 -1 $-1 2741.343135270425591 1182.744954454377876 80.74869789969805822 4.930380657631321594e-32 -1 -4.82436794902990709e-16 I I #
point $-1 -1 $-1 2741.343135270425591 1182.644954454379331 80.74869789969805822 #
ref_vt-eye-attrib $-1 -1 $-1 $2989 $1772 $-1 $-1 #
coedge $-1 -1 $-1 $3061 $3206 $2991 $3494 forward $2567 $-1 #
edge $3867 -1 $-1 $2993 294.421820915587773 $3863 357.4218209156043713 $2991 $2615 forward @7 tangent #
point $-1 -1 $-1 2741.343135270425591 1182.73245445437351 80.81169789969807482 #
color-adesk-attrib $-1 -1 $-1 $-1 $2994 2 #
color-adesk-attrib $-1 -1 $-1 $-1 $2998 2 #
color-adesk-attrib $-1 -1 $-1 $-1 $2999 2 #
color-adesk-attrib $-1 -1 $3868 $-1 $3000 2 #
face $3869 -1 $-1 $2463 $3529 $7 $-1 $2006 forward single #
edge $3870 -1 $-1 $3253 -0.7853981633971073295 $3871 -0.6119758423106270717 $3251 $3872 forward @7 unknown #
color-adesk-attrib $-1 -1 $-1 $-1 $3003 2 #
point $-1 -1 $-1 2740.880632021014662 1182.731764237016478 79.9310597206136606 #
color-adesk-attrib $-1 -1 $-1 $3007 $1797 2 #
coedge $-1 -1 $-1 $3300 $3008 $3302 $3736 reversed $3507 $-1 #
coedge $-1 -1 $-1 $3008 $3300 $3199 $3660 forward $3507 $-1 #
loop $-1 -1 $-1 $-1 $3300 $3381 #
color-adesk-attrib $-1 -1 $-1 $-1 $3009 2 #
straight-curve $-1 -1 $-1 2741.343135270426501 1183.507811989336915 79.93111972061366544 -1.515824502337221219e-14 1 1.497454800372099684e-14 I I #
point $-1 -1 $-1 2741.343135270426501 1182.674954454370891 79.93111972061365122 #
point $-1 -1 $-1 2741.343135270426501 1182.73245445437351 80.742697899698058 #
edge $3873 -1 $-1 $3013 0.8365781790843982435 $3863 0.8425781790843984709 $3018 $3874 forward @5 knife #
fmesh-eye-attrib $-1 -1 $3875 $3025 $2439 #
color-adesk-attrib $-1 -1 $3876 $-1 $3026 2 #
loop $-1 -1 $-1 $3877 $3878 $3026 #
torus-surface $-1 -1 $-1 2741.036341359134894 1182.696506485066493 80.67390376103294614 -4.930380657631321594e-32 1 4.82436794902990709e-16 0.01199999999999880676 0.007999999999999998432 -3.374459510989182355e-32 4.82436794902990709e-16 -1 reverse_v I I I I #
color-adesk-attrib $-1 -1 $-1 $-1 $3031 2 #
straight-curve $-1 -1 $-1 2741.343135270425591 1182.674954454377257 80.32440881015585887 -3.37445951098917907e-32 -1.836970198721029934e-16 -1 I I #
face $3879 -1 $-1 $880 $3880 $7 $-1 $3881 forward single #
point $-1 -1 $-1 2741.040341359135709 1182.696506485066493 80.742697899698058 #
ref_vt-eye-attrib $-1 -1 $-1 $3037 $1839 $-1 $-1 #
coedge $-1 -1 $-1 $3191 $3052 $3039 $3054 reversed $3529 $-1 #
color-adesk-attrib $-1 -1 $-1 $-1 $3043 2 #
vertex $-1 -1 $-1 $3054 $3882 #
straight-curve $-1 -1 $-1 2741.343135270426046 1182.674954454377712 330.6436197206138559 -1.124819836996392522e-32 -1.836970198721029441e-16 -1 I I #
color-adesk-attrib $-1 -1 $-1 $-1 $3045 2 #
straight-curve $-1 -1 $-1 2741.343135270426046 1182.73245445437351 79.90611972061367396 3.37445951098917907e-32 1.836970198721029934e-16 1 I I #
material-adesk-attrib $-1 -1 $3883 $3048 $2463 12 0 #
loop $-1 -1 $-1 $-1 $3522 $3500 #
color-adesk-attrib $-1 -1 $-1 $-1 $3053 2 #
color-adesk-attrib $-1 -1 $-1 $-1 $3054 2 #
color-adesk-attrib $-1 -1 $-1 $3056 $1858 2 #
color-adesk-attrib $-1 -1 $-1 $3058 $1868 2 #
color-adesk-attrib $-1 -1 $-1 $-1 $3060 256 #
vertex $-1 -1 $-1 $3559 $3884 #
straight-curve $-1 -1 $-1 2740.832290798027316 1182.696704454334395 90.80614609635125589 1.124819836996392932e-32 6.123233995736767268e-17 1 I I #
ref_vt-eye-attrib $-1 -1 $3885 $3064 $2484 $552 $553 #
color-adesk-attrib $-1 -1 $3886 $-1 $3065 2 #
loop $-1 -1 $-1 $3887 $3888 $3065 #
cone-surface $-1 -1 $-1 2736.368135270426137 1182.714254454374895 80.55611972061365122 -1 -4.930380657631323784e-32 3.374459510989180165e-32 -5.669937756276018834e-34 0.01149999999999999807 5.548023141384391921e-18 1 I I -0 1 0.01149999999999999807 reversed I I I I #
color-adesk-attrib $-1 -1 $-1 $-1 $3067 2 #
edge $3889 -1 $-1 $3335 -0.1798781460274767596 $3546 0.5374754724221020297 $3068 $3890 forward @7 unknown #
coedge $-1 -1 $-1 $3069 $3323 $3318 $3744 forward $3544 $-1 #
loop $-1 -1 $-1 $-1 $3069 $3421 #
color-adesk-attrib $-1 -1 $-1 $-1 $3070 256 #
vertex $-1 -1 $-1 $3542 $3891 #
vertex $-1 -1 $-1 $3414 $3892 #
straight-curve $-1 -1 $-1 2741.18265674888562 1182.749532355755719 79.92244291138912615 -0.9999980335026906753 -0.001983176934024688878 3.643036926594633218e-19 I I #
color-adesk-attrib $-1 -1 $-1 $-1 $3073 256 #
vertex $-1 -1 $-1 $3377 $3893 #
straight-curve $-1 -1 $-1 2740.853979742825231 1182.696704454334395 90.80614609635125589 -1.124819836996392932e-32 -6.123233995736767268e-17 -1 I I #
coedge $-1 -1 $-1 $3076 $3076 $3078 $3555 forward $2835 $-1 #
color-adesk-attrib $-1 -1 $-1 $-1 $3077 2 #
ellipse-curve $-1 -1 $-1 2740.768135270426683 1182.69495444741915 80.49361972061352333 -1.124819836996392932e-32 -6.123233995736767268e-17 -1 0.01098476699007005716 5.415908269642847413e-34 -1.235588381521396441e-34 1 I I #
edge $3894 -1 $-1 $3080 -2.981598778173437658 $3084 -0.159993875416355652 $3552 $3895 forward @7 unknown #
point $-1 -1 $-1 2740.757290798035228 1182.696704454385326 80.49361972061353754 #
point $-1 -1 $-1 2740.778979742817683 1182.696704454385326 80.49361972061353754 #
material-adesk-attrib $-1 -1 $-1 $3088 $1904 12 0 #
edge $3896 -1 $-1 $3535 -2.981598778173437658 $3550 -0.159993875416355652 $3376 $3897 forward @7 unknown #
edge $3898 -1 $-1 $3562 0.01250000000436557457 $3194 0.0699999999997089617 $3096 $3565 forward @7 unknown #
color-adesk-attrib $-1 -1 $-1 $-1 $3097 2 #
vertex $-1 -1 $-1 $3560 $3899 #
straight-curve $-1 -1 $-1 2741.343135270425591 1182.73245445437351 79.90611972061364554 3.37445951098917907e-32 1.836970198721029934e-16 1 I I #
color-adesk-attrib $-1 -1 $-1 $-1 $3100 2 #
straight-curve $-1 -1 $-1 2741.343135270425591 1182.744954454377876 80.26954154152926435 4.930380657631323784e-32 -1 1.836970198721029934e-16 I I #
ref_vt-eye-attrib $-1 -1 $-1 $3104 $1938 $3900 $3901 #
fmesh-eye-attrib $-1 -1 $3902 $3105 $2544 #
color-adesk-attrib $-1 -1 $3903 $-1 $3106 2 #
loop $-1 -1 $-1 $-1 $3904 $3106 #
plane-surface $-1 -1 $-1 2740.92334135913552 1182.696506485066493 80.66190376103294568 1 -2.220446049250340691e-16 5.740400484562862064e-15 -5.740400484562862261e-18 -4.82436794902990786e-19 0.001000000000000000021 reverse_v I I I I #
loop $-1 -1 $-1 $-1 $3905 $2544 #
coedge $-1 -1 $-1 $3572 $3572 $3906 $3907 forward $3107 $-1 #
coedge $-1 -1 $-1 $3573 $3573 $3110 $3574 reversed $3126 $-1 #
edge $3908 -1 $-1 $3909 0 $3909 6.283185307179586232 $3110 $3910 forward @7 tangent #
color-adesk-attrib $-1 -1 $-1 $-1 $3113 2 #
point $-1 -1 $-1 2741.343135270426501 1182.744454454368679 80.26954154152926435 #
ref_vt-eye-attrib $-1 -1 $-1 $3118 $1942 $-1 $-1 #
fmesh-eye-attrib $-1 -1 $3911 $3119 $2552 #
coedge $-1 -1 $-1 $3579 $3579 $3121 $3580 reversed $3587 $-1 #
edge $3912 -1 $-1 $3913 -3.141592653589793116 $3913 3.141592653589793116 $3121 $3914 forward @7 unknown #
eye_refinement $-1 -1 @5 grid  1 @3 tri 1 @4 surf 0 @3 adj 0 @4 grad 0 @9 postcheck 0 @4 stol 0.001000000047497451305 @4 ntol 30 @4 dsil 0 @8 flatness 0 @7 pixarea 0 @4 hmax 0 @6 gridar 0 @5 mgrid 3000 @5 ugrid 0 @5 vgrid 0 @10 end_fields #
vertex_template $-1 -1 3 0 1 8 #
ref_vt-eye-attrib $-1 -1 $-1 $3124 $1953 $3581 $3582 #
color-adesk-attrib $-1 -1 $-1 $3125 $2561 2 #
eye_refinement $-1 -1 @5 grid  1 @3 tri 1 @4 surf 0 @3 adj 0 @4 grad 0 @9 postcheck 0 @4 stol 0.001000000047497451305 @4 ntol 30 @4 dsil 0 @8 flatness 0 @7 pixarea 0 @4 hmax 0 @6 gridar 0 @5 mgrid 3000 @5 ugrid 0 @5 vgrid 0 @10 end_fields #
vertex_template $-1 -1 3 0 1 8 #
loop $-1 -1 $-1 $-1 $3579 $2561 #
edge $3915 -1 $-1 $3916 -1.274624957706218989e-30 $3916 6.283185307179586232 $3129 $3917 forward @7 unknown #
color-adesk-attrib $-1 -1 $-1 $-1 $3131 2 #
vertex $-1 -1 $-1 $3131 $3918 #
ellipse-curve $-1 -1 $-1 2741.036341359134894 1182.696506485066493 80.35033568019436245 1 -2.220446049250322942e-16 -5.740400484562862064e-15 1.776356839400249731e-18 0.007999999999999998432 -1.469576158976823676e-18 1 I I #
material-adesk-attrib $-1 -1 $3919 $-1 $3132 12 0 #
face $3920 -1 $-1 $957 $3921 $7 $-1 $3922 reversed single #
cone-surface $-1 -1 $-1 2741.347135270425952 1182.73245445437351 79.90611972061365975 3.37445951098917907e-32 1.836970198721029934e-16 1 -0.00282842712474719489 -0.002828427124745266311 5.195736337411264527e-19 1 I I 0 1 0.004000000000000057329 forward I I I I #
material-adesk-attrib $-1 -1 $-1 $3133 $1411 12 0 #
coedge $-1 -1 $-1 $3135 $3134 $3154 $3622 reversed $1966 $-1 #
coedge $-1 -1 $-1 $3923 $3924 $3134 $3598 forward $3819 $-1 #
edge $3925 -1 $-1 $3926 6.12098467382564948 $3601 1193.879015326174795 $3134 $3927 forward @7 tangent #
coedge $-1 -1 $-1 $3136 $3149 $3923 $3928 forward $3150 $-1 #
color-adesk-attrib $-1 -1 $-1 $-1 $3137 2 #
vertex $-1 -1 $-1 $3598 $3929 #
straight-curve $-1 -1 $-1 2740.918135270426319 1182.728454454379971 79.91224070528726031 0.001000000000000000021 8.954888635034121223e-35 2.190840101926975221e-19 I I #
material-adesk-attrib $-1 -1 $-1 $3138 $1417 12 0 #
color-adesk-attrib $-1 -1 $-1 $3139 $1971 2 #
edge $3930 -1 $-1 $3931 -3.141592653589793116 $3931 3.141592653589793116 $3411 $3932 forward @7 unknown #
color-adesk-attrib $-1 -1 $-1 $-1 $3142 2 #
vertex $-1 -1 $-1 $3142 $3933 #
ellipse-curve $-1 -1 $-1 2740.622262690781099 1182.714254454374895 80.45611972061365691 -0.9999998608640824349 -0.0005275147542348197598 9.690288829153494984e-20 -6.066420517757411618e-06 0.01149999999999999807 -2.112515728529184227e-18 0.9999998608640823239 I I #
coedge $-1 -1 $-1 $3653 $3143 $3934 $3935 forward $3188 $-1 #
coedge $-1 -1 $-1 $3143 $3653 $3936 $3937 reversed $3188 $-1 #
color-adesk-attrib $-1 -1 $-1 $-1 $3144 2 #
vertex $-1 -1 $-1 $3938 $3939 #
vertex $-1 -1 $-1 $3940 $3941 #
straight-curve $-1 -1 $-1 2740.62227841127924 1182.684453399349877 81.10611972061366259 -3.37445951098918244e-35 4.82436794902990786e-19 -0.001000000000000000021 I I #
point $-1 -1 $-1 2740.622268757201709 1182.702754454374372 80.55611972061365122 #
color-adesk-attrib $-1 -1 $-1 $-1 $3148 2 #
straight-curve $-1 -1 $-1 2740.624256255099681 1182.728454454379971 79.90611972061365975 3.374459510989179233e-35 1.836970198721030077e-19 0.001000000000000000021 I I #
coedge $-1 -1 $-1 $3162 $3942 $3149 $3164 reversed $3631 $-1 #
face $3943 -1 $-1 $338 $3150 $7 $-1 $3944 forward single #
point $-1 -1 $-1 2740.624256255099681 1182.728454454379971 79.91224070528726031 #
coedge $-1 -1 $-1 $3155 $3154 $3924 $3945 reversed $3156 $-1 #
edge $3946 -1 $-1 $3158 -293.8790153264108085 $3926 443.8790153262743843 $3154 $3947 forward @7 tangent #
coedge $-1 -1 $-1 $3948 $3160 $3155 $3166 forward $3627 $-1 #
face $3949 -1 $-1 $1411 $3156 $7 $-1 $3950 forward single #
point $-1 -1 $-1 2740.624256255099681 1182.728454454379971 81.09999873594006203 #
coedge $-1 -1 $-1 $3160 $3948 $3951 $3938 reversed $3627 $-1 #
loop $-1 -1 $-1 $-1 $3948 $3239 #
color-adesk-attrib $-1 -1 $-1 $-1 $3161 2 #
straight-curve $-1 -1 $-1 2740.620958979958232 1185.185674695647322 81.10329601108173847 0.0005275146808385907781 -0.9999997217282227124 -0.0005275146808390732481 I I #
coedge $-1 -1 $-1 $3942 $3162 $3952 $3940 forward $3631 $-1 #
loop $-1 -1 $-1 $-1 $3942 $3285 #
color-adesk-attrib $-1 -1 $-1 $-1 $3163 2 #
straight-curve $-1 -1 $-1 2740.620958979958232 1185.185674695647322 79.90894343014556966 0.0005275146808385907781 -0.9999997217282227124 0.000527514680838774442 I I #
color-adesk-attrib $-1 -1 $-1 $-1 $3164 2 #
vertex $-1 -1 $-1 $3928 $3953 #
straight-curve $-1 -1 $-1 2740.618135270426137 1182.726454454379564 79.91024070528725076 0.001000000000000000021 8.954888635034121223e-35 2.190840101926975221e-19 I I #
color-adesk-attrib $-1 -1 $-1 $-1 $3166 2 #
vertex $-1 -1 $-1 $3945 $3954 #
straight-curve $-1 -1 $-1 2740.618135270426137 1182.726454454379564 81.10199873594005737 0.001000000000000000021 1.549979942681724046e-34 -2.190840101926976184e-19 I I #
coedge $-1 -1 $-1 $3172 $3171 $3682 $3955 reversed $2611 $-1 #
coedge $-1 -1 $-1 $3177 $3683 $3171 $3642 forward $2739 $-1 #
edge $3956 -1 $-1 $3957 -1.570796326794896558 $2602 -0.771885471263541012 $3641 $3958 forward @7 unknown #
coedge $-1 -1 $-1 $3245 $3244 $3172 $3644 reversed $2088 $-1 #
edge $3959 -1 $-1 $3960 -1.570796326794896558 $3174 -0.771885471263541012 $3643 $3961 forward @7 unknown #
point $-1 -1 $-1 2740.637013052031762 1182.681244404775498 81.08724193900772548 #
color-adesk-attrib $-1 -1 $-1 $-1 $3178 2 #
straight-curve $-1 -1 $-1 2740.618135270426137 1182.681244404775498 79.92499750221958266 0.001000000000000000021 8.954888635034121223e-35 2.190840101926975221e-19 I I #
color-adesk-attrib $-1 -1 $-1 $-1 $3182 2 #
straight-curve $-1 -1 $-1 2740.643135270425773 1185.159954454378749 81.08111972061361428 -1.515824502359310271e-14 -1 1.467580822869011151e-14 I I #
color-adesk-attrib $-1 -1 $-1 $3185 $1989 2 #
material-adesk-attrib $-1 -1 $3962 $3186 $2610 12 0 #
ref_vt-eye-attrib $-1 -1 $3963 $-1 $3187 $552 $553 #
coedge $-1 -1 $-1 $3610 $3609 $3681 $3964 forward $3188 $-1 #
edge $3965 -1 $-1 $3375 612.4999999998408384 $3562 836.5781790843982435 $3373 $2615 forward @7 tangent #
color-adesk-attrib $-1 -1 $-1 $-1 $3192 2 #
point $-1 -1 $-1 2741.343135270426501 1182.674954454378167 80.26954154152926435 #
ref_vt-eye-attrib $-1 -1 $-1 $3197 $2005 $552 $553 #
material-adesk-attrib $-1 -1 $3966 $3198 $2625 12 0 #
coedge $-1 -1 $-1 $3967 $3199 $3754 $3968 forward $2971 $-1 #
edge $3969 -1 $-1 $3734 512.5032494097467861 $2629 725.0000000001364242 $3199 $2975 forward @7 unknown #
point $-1 -1 $-1 2740.643135270425773 1182.644954454364779 81.08111972061365691 #
color-adesk-attrib $-1 -1 $-1 $-1 $3207 2 #
straight-curve $-1 -1 $-1 2741.343135270425591 1182.73245445437351 79.90611972061365975 3.37445951098917907e-32 1.836970198721029934e-16 1 I I #
color-adesk-attrib $-1 -1 $-1 $-1 $3210 2 #
straight-curve $-1 -1 $-1 2741.343135270426501 1183.507811989336915 81.0811197206136427 -1.515824502337221219e-14 1 -1.467580822869010836e-14 I I #
point $-1 -1 $-1 2741.343135270426501 1182.644954454364779 81.08111972061365691 #
point $-1 -1 $-1 2741.343135270426501 1182.674954454370891 81.08111972061365691 #
point $-1 -1 $-1 2741.130638519836339 1182.731764237016478 81.08117972061364753 #
color-adesk-attrib $-1 -1 $-1 $3222 $2057 2 #
ref_vt-eye-attrib $-1 -1 $3970 $3223 $2666 $552 $553 #
point $-1 -1 $-1 2741.105638519836248 1182.73245445437351 81.08111972061365691 #
color-adesk-attrib $-1 -1 $-1 $-1 $3231 2 #
color-adesk-attrib $-1 -1 $-1 $-1 $3232 2 #
vertex $-1 -1 $-1 $3232 $3971 #
material-adesk-attrib $-1 -1 $-1 $3236 $1532 12 0 #
ref_vt-eye-attrib $-1 -1 $3972 $3237 $2087 $1151 $1152 #
fmesh-eye-attrib $-1 -1 $3973 $3238 $2691 #
color-adesk-attrib $-1 -1 $3974 $-1 $3239 2 #
plane-surface $-1 -1 $-1 2740.618135270426137 1182.726454454379564 81.10199873594005737 -2.190839797102428111e-16 0.0005275147542353022297 -0.9999998608640824349 -0.001000000000000000021 -1.549979942681724046e-34 2.190840101926976184e-19 forward_v I I I I #
coedge $-1 -1 $-1 $3975 $3951 $3824 $3976 reversed $3240 $-1 #
coedge $-1 -1 $-1 $3977 $3978 $3653 $3964 reversed $3242 $-1 #
coedge $-1 -1 $-1 $3243 $3685 $3640 $3955 forward $2692 $-1 #
coedge $-1 -1 $-1 $3641 $3288 $3243 $3684 reversed $2739 $-1 #
edge $3979 -1 $-1 $3957 16.01139420381514356 $3828 733.9886057961848564 $3683 $3980 forward @7 tangent #
coedge $-1 -1 $-1 $3682 $3430 $3245 $3686 reversed $2692 $-1 #
edge $3981 -1 $-1 $3960 16.01139420381514356 $3688 733.9886057961848564 $3245 $3982 forward @7 tangent #
color-adesk-attrib $-1 -1 $-1 $-1 $3247 2 #
vertex $-1 -1 $-1 $3686 $3983 #
ellipse-curve $-1 -1 $-1 2741.352123876222322 1182.678454454377061 81.09010832640984745 0.7071067811916995627 3.411343291673228441e-16 -0.7071067811813954718 -0.003999999999942046441 1.712906745115023265e-18 -0.004000000000000334885 0.7071067811916996737 I I #
point $-1 -1 $-1 2741.105638519836248 1182.73245445437351 79.93111972061365122 #
coedge $-1 -1 $-1 $3272 $3858 $3255 $3692 reversed $3273 $-1 #
edge $3984 -1 $-1 $3694 387.50000000000108 $3705 649.9400000000150612 $3255 $3985 forward @7 unknown #
color-adesk-attrib $-1 -1 $-1 $-1 $3256 2 #
vertex $-1 -1 $-1 $3692 $3986 #
straight-curve $-1 -1 $-1 2740.880632021014662 1185.19670445437805 80.19355972061366344 4.930380657631323784e-32 -1 1.836970198721029934e-16 I I #
color-adesk-attrib $-1 -1 $-1 $-1 $3259 2 #
edge $3987 -1 $-1 $3988 -3.141592653589793116 $3988 3.141592653589793116 $3261 $3989 forward @7 unknown #
color-adesk-attrib $-1 -1 $-1 $-1 $3263 2 #
vertex $-1 -1 $-1 $3263 $3990 #
ellipse-curve $-1 -1 $-1 2740.880632021014662 1182.684954437681881 80.14355641884316128 -1 -9.009273877971997771e-32 -2.220446049250312834e-16 -5.423418723394483217e-34 0.01100000000000005487 -2.020667218593142955e-18 1 I I #
coedge $-1 -1 $-1 $3757 $3264 $3857 $3991 forward $3703 $-1 #
coedge $-1 -1 $-1 $3264 $3757 $3266 $3707 reversed $3703 $-1 #
loop $-1 -1 $-1 $-1 $3264 $3477 #
color-adesk-attrib $-1 -1 $-1 $-1 $3265 256 #
vertex $-1 -1 $-1 $3859 $3992 #
straight-curve $-1 -1 $-1 2740.880632021014662 1182.659954454378749 79.93111972061365122 -3.415110334196864909e-30 1 1.497454800372099999e-14 I I #
edge $3993 -1 $-1 $3268 262.496750588525174 $3767 487.503249410110584 $3702 $2977 forward @7 unknown #
point $-1 -1 $-1 2740.880632021014662 1182.674954454378167 79.93111972061365122 #
point $-1 -1 $-1 2740.880632021014662 1182.675016098206243 79.9310597206136606 #
coedge $-1 -1 $-1 $3858 $3271 $3854 $3994 forward $3273 $-1 #
color-adesk-attrib $-1 -1 $-1 $-1 $3276 2 #
straight-curve $-1 -1 $-1 2740.855632021014571 1182.644954454379331 80.19355972061366344 -1 -4.930380657631323784e-32 3.374459510989180165e-32 I I #
color-adesk-attrib $-1 -1 $-1 $-1 $3278 2 #
vertex $-1 -1 $-1 $3278 $3995 #
material-adesk-attrib $-1 -1 $-1 $3282 $1573 12 0 #
ref_vt-eye-attrib $-1 -1 $3996 $3283 $2138 $1151 $1152 #
fmesh-eye-attrib $-1 -1 $3997 $3284 $2738 #
color-adesk-attrib $-1 -1 $3998 $-1 $3285 2 #
plane-surface $-1 -1 $-1 2740.618135270426137 1182.726454454379564 79.91024070528725076 -2.190839797102427618e-16 0.0005275147542350034236 0.9999998608640824349 -0.001000000000000000021 -8.954888635034121223e-35 -2.190840101926975221e-19 reverse_v I I I I #
coedge $-1 -1 $-1 $3952 $3999 $3823 $4000 forward $3286 $-1 #
edge $4001 -1 $-1 $3437 0.7718854712598991474 $3828 1.570796326794896558 $3288 $4002 forward @7 unknown #
coedge $-1 -1 $-1 $3763 $3291 $3303 $3737 forward $3386 $-1 #
coedge $-1 -1 $-1 $3291 $3763 $3293 $3725 forward $3386 $-1 #
color-adesk-attrib $-1 -1 $-1 $-1 $3292 2 #
edge $4003 -1 $-1 $3871 0.487503249410110584 $3295 0.5125032494102015335 $3723 $4004 forward @7 unknown #
point $-1 -1 $-1 2741.130638519836339 1182.731764237016478 79.9310597206136606 #
coedge $-1 -1 $-1 $3727 $3727 $3297 $3728 forward $3775 $-1 #
edge $4005 -1 $-1 $4006 -3.141592653589793116 $4006 3.141592653589793116 $3297 $4007 forward @7 unknown #
loop $-1 -1 $-1 $-1 $3298 $3355 #
color-adesk-attrib $-1 -1 $-1 $-1 $3299 2 #
vertex $-1 -1 $-1 $3299 $4008 #
ellipse-curve $-1 -1 $-1 2741.130638519836339 1182.684954437681881 80.14355641884316128 1 -4.499510266254410666e-12 -2.220446049242048037e-16 4.041334437186285139e-18 0.01100000000000005487 -2.020667218593142955e-18 1 I I #
color-adesk-attrib $-1 -1 $-1 $-1 $3301 256 #
vertex $-1 -1 $-1 $3968 $4009 #
straight-curve $-1 -1 $-1 2741.130638519836339 1182.711704454379969 79.93111972061365122 4.499510266254410666e-12 1 1.497454800372198449e-14 I I #
edge $4010 -1 $-1 $3305 512.5032494097467861 $3011 725.0000000001364242 $3505 $2977 forward @7 unknown #
edge $4011 -1 $-1 $3306 -0.2625016247047824436 $3766 -0.2375016247051462415 $3722 $4012 forward @7 unknown #
point $-1 -1 $-1 2741.130638519835884 1182.674954454378167 79.93111972061365122 #
point $-1 -1 $-1 2741.130638519835884 1182.675016098206243 79.9310597206136606 #
material-adesk-attrib $-1 -1 $-1 $3311 $2163 12 0 #
ref_vt-eye-attrib $-1 -1 $4013 $3312 $2762 $-1 $-1 #
color-adesk-attrib $-1 -1 $-1 $-1 $3315 2 #
straight-curve $-1 -1 $-1 2740.618135270426137 1182.644954454379331 79.90611972061365975 0.001000000000000000021 8.954888635034121223e-35 2.190840101926975221e-19 I I #
edge $4014 -1 $-1 $2774 7.209173916635336354 $3547 16.32319077546640074 $3318 $71 forward @7 tangent #
color-adesk-attrib $-1 -1 $-1 $-1 $3324 2 #
straight-curve $-1 -1 $-1 2740.65236518556685 1182.748480691690929 79.94034963575458619 0.7071060859237308094 0.00140231923716955891 0.7071060859237308094 I I #
color-adesk-attrib $-1 -1 $-1 $-1 $3327 256 #
ellipse-curve $-1 -1 $-1 2741.360926096509502 1182.749727104674093 79.92244291138912615 -3.37445951098917907e-32 -1.836970198721029934e-16 -1 0.0009811224542885090081 -0.000852876737687574462 1.566709150314487019e-19 1 I I #
edge $4015 -1 $-1 $3331 0.1752824852464594518 $3335 0.1843965200275251293 $3412 $4016 forward @7 unknown #
point $-1 -1 $-1 2741.360926096509502 1182.74842710467783 79.92244291138912615 #
material-adesk-attrib $-1 -1 $4017 $3333 $2780 12 0 #
point $-1 -1 $-1 2741.351812079651154 1182.748445179417786 79.92244291138912615 #
material-adesk-attrib $-1 -1 $-1 $3338 $2181 12 0 #
coedge $-1 -1 $-1 $3340 $4018 $3659 $3968 reversed $3348 $-1 #
color-adesk-attrib $-1 -1 $-1 $-1 $3341 2 #
straight-curve $-1 -1 $-1 2741.130638519835884 1182.644954454379331 80.58105972061366629 -2.220446049250313609e-19 -1.836970198721029114e-19 -0.001000000000000000021 I I #
coedge $-1 -1 $-1 $3702 $3701 $3342 $3758 reversed $3703 $-1 #
edge $4019 -1 $-1 $3767 -0.01499999999941792339 $3761 0.01500000001396983862 $3342 $4020 forward @7 unknown #
coedge $-1 -1 $-1 $4018 $3343 $4021 $4022 forward $3348 $-1 #
color-adesk-attrib $-1 -1 $-1 $-1 $3344 2 #
vertex $-1 -1 $-1 $4022 $4023 #
straight-curve $-1 -1 $-1 2741.105638519836248 1182.644954454379331 80.58105972061366629 -2.220446049250313609e-19 -1.836970198721029114e-19 -0.001000000000000000021 I I #
coedge $-1 -1 $-1 $3723 $3722 $3345 $3764 forward $3386 $-1 #
edge $4024 -1 $-1 $3766 -73.43835617780314351 $3871 -16.69021736756803875 $3345 $3290 forward @7 unknown #
color-adesk-attrib $-1 -1 $-1 $-1 $3347 256 #
vertex $-1 -1 $-1 $3764 $4025 #
vertex $-1 -1 $-1 $3758 $4026 #
straight-curve $-1 -1 $-1 2741.105638519836248 1182.507971097459176 80.09365018800826874 -1.084000529388779937e-16 -0.7165968505308447645 0.6974876011867696679 I I #
face $4027 -1 $-1 $2213 $3348 $7 $-1 $4028 forward single #
color-adesk-attrib $-1 -1 $-1 $3353 $2204 2 #
fmesh-eye-attrib $-1 -1 $4029 $3354 $2809 #
color-adesk-attrib $-1 -1 $4030 $-1 $3355 2 #
loop $-1 -1 $-1 $3729 $3388 $3355 #
cone-surface $-1 -1 $-1 2746.1056352704245 1182.684954437681881 80.14355641884316128 1 -3.673940397442059375e-16 3.374459510989180165e-32 4.041334437186285139e-18 0.01100000000000005487 -2.020667218593142955e-18 1 I I -0 1 0.01100000000000005487 reversed I I I I #
loop $-1 -1 $-1 $-1 $3727 $2809 #
coedge $-1 -1 $-1 $3776 $3776 $3387 $3795 forward $3356 $-1 #
coedge $-1 -1 $-1 $3358 $3365 $3461 $3847 forward $2823 $-1 #
edge $4031 -1 $-1 $4032 -3.141592653589793116 $4032 3.141592653589793116 $3361 $4033 forward @7 unknown #
color-adesk-attrib $-1 -1 $-1 $-1 $3363 2 #
vertex $-1 -1 $-1 $3363 $4034 #
ellipse-curve $-1 -1 $-1 2741.105638519836248 1182.684954437681881 80.86868302238414685 1 -3.673940397442060361e-16 2.220446049250310862e-16 4.041334437186285139e-18 0.01100000000000005487 5.306804743932924454e-18 1 I I #
color-adesk-attrib $-1 -1 $-1 $3364 $2213 2 #
edge $4035 -1 $-1 $3367 649.9400000000150612 $4036 650.0000000000007958 $3365 $3368 forward @7 unknown #
point $-1 -1 $-1 2741.130638519835884 1182.644954454364779 81.08111972061365691 #
ref_vt-eye-attrib $-1 -1 $4037 $3370 $2226 $-1 $-1 #
color-adesk-attrib $-1 -1 $-1 $-1 $3372 2 #
point $-1 -1 $-1 2741.343135270426046 1182.73245445437351 80.49361972061382176 #
color-adesk-attrib $-1 -1 $-1 $-1 $3377 2 #
ellipse-curve $-1 -1 $-1 2740.843135270426501 1182.69495444741915 80.49361972061352333 -1.124819836996392932e-32 -6.123233995736767268e-17 -1 0.01098476699007005716 5.415908269642847413e-34 -1.235588381521396441e-34 1 I I #
material-adesk-attrib $-1 -1 $-1 $3378 $2230 12 0 #
ref_vt-eye-attrib $-1 -1 $4038 $3380 $2842 $1151 $1152 #
color-adesk-attrib $-1 -1 $4039 $-1 $3381 2 #
color-adesk-attrib $-1 -1 $-1 $3384 $2240 2 #
ref_vt-eye-attrib $-1 -1 $4040 $3385 $2846 $-1 $-1 #
edge $4041 -1 $-1 $4042 -3.141592653589793116 $4042 3.141592653589793116 $3387 $4043 forward @7 unknown #
color-adesk-attrib $-1 -1 $-1 $-1 $3389 2 #
vertex $-1 -1 $-1 $3389 $4044 #
ellipse-curve $-1 -1 $-1 2741.105638519836248 1182.684954437681881 80.14355641884316128 -1 3.673940397442059868e-16 2.220446049250312834e-16 4.041334437186285139e-18 0.01100000000000005487 -2.020667218593142955e-18 1 I I #
fmesh-eye-attrib $-1 -1 $4045 $3391 $2855 #
color-adesk-attrib $-1 -1 $4046 $-1 $3392 2 #
plane-surface $-1 -1 $-1 2740.855632021015026 1182.644954454379331 80.58105972061366629 4.930380657631323784e-32 -1 1.836970198721029934e-16 -0.001000000000000000021 -9.009273877971997643e-35 -2.220446049250312646e-19 forward_v I I I I #
color-adesk-attrib $-1 -1 $-1 $-1 $3398 2 #
ref_vt-eye-attrib $-1 -1 $4047 $3402 $2865 $-1 $-1 #
ref_vt-eye-attrib $-1 -1 $-1 $3405 $2263 $552 $553 #
coedge $-1 -1 $-1 $3805 $3805 $4048 $4049 reversed $3406 $-1 #
coedge $-1 -1 $-1 $3806 $3806 $3407 $3807 reversed $4050 $-1 #
edge $4051 -1 $-1 $4052 -3.141592653589793116 $4052 3.141592653589793116 $3407 $4053 forward @7 unknown #
ref_vt-eye-attrib $-1 -1 $-1 $3409 $2272 $21 $22 #
coedge $-1 -1 $-1 $3809 $3809 $3853 $4054 reversed $3410 $-1 #
color-adesk-attrib $-1 -1 $-1 $-1 $3414 256 #
ellipse-curve $-1 -1 $-1 2740.625344444342772 1182.749727104674093 79.92244291138912615 -3.37445951098917907e-32 -1.836970198721029934e-16 -1 -0.0009811224542885090081 -0.000852876737687574462 1.5667091503144875e-19 1 I I #
color-adesk-attrib $-1 -1 $-1 $3416 $2281 2 #
color-adesk-attrib $-1 -1 $-1 $3419 $2285 2 #
ref_vt-eye-attrib $-1 -1 $4055 $3420 $2894 $21 $22 #
material-adesk-attrib $-1 -1 $4056 $-1 $3421 12 0 #
color-adesk-attrib $-1 -1 $-1 $3423 $2295 2 #
ref_vt-eye-attrib $-1 -1 $4057 $3424 $2899 $552 $553 #
material-adesk-attrib $-1 -1 $4058 $-1 $3425 12 0 #
loop $-1 -1 $-1 $-1 $3597 $3425 #
cone-surface $-1 -1 $-1 2741.362014285752593 1182.726454454379564 79.90611972061365975 3.37445951098917907e-32 1.836970198721029934e-16 1 0.001414213562373105651 0.001414213562373105651 -2.597868168706499895e-19 1 I I 0 -1 0.002000000000000014787 forward I I I I #
loop $-1 -1 $-1 $4059 $4060 $2899 #
coedge $-1 -1 $-1 $3822 $3822 $3888 $4061 reversed $3426 $-1 #
coedge $-1 -1 $-1 $4062 $3428 $3720 $4000 reversed $2900 $-1 #
coedge $-1 -1 $-1 $3428 $4062 $3680 $3976 forward $2900 $-1 #
coedge $-1 -1 $-1 $4063 $4064 $3428 $3826 reversed $3821 $-1 #
edge $4065 -1 $-1 $4066 4.143140852929708018 $4067 1195.856859147070736 $3825 $4068 forward @7 tangent #
color-adesk-attrib $-1 -1 $-1 $-1 $3431 2 #
vertex $-1 -1 $-1 $3431 $4069 #
straight-curve $-1 -1 $-1 2741.352123876222322 1182.682454454377876 81.10611972061366259 -3.37445951098918244e-35 4.82436794902990786e-19 -0.001000000000000000021 I I #
color-adesk-attrib $-1 -1 $-1 $-1 $3432 2 #
straight-curve $-1 -1 $-1 2741.514779862581236 1182.851301638096629 79.75947512845597487 0.5720785294703445434 0.5877519138450831848 -0.572078529478680986 I I #
color-adesk-attrib $-1 -1 $-1 $-1 $3434 2 #
straight-curve $-1 -1 $-1 2741.514779862581236 1182.851301638096629 81.25276431277133327 0.5720785294703445434 0.5877519138450830738 0.5720785294786812081 I I #
point $-1 -1 $-1 2741.349257488820513 1182.681244404775498 81.08724193900772548 #
point $-1 -1 $-1 2741.349257488820513 1182.681244404775498 79.92499750221958266 #
ref_vt-eye-attrib $-1 -1 $4070 $3440 $2302 $4 $5 #
color-adesk-attrib $-1 -1 $-1 $-1 $3442 256 #
straight-curve $-1 -1 $-1 2740.618135270426137 1182.731764237016478 81.08117972061364753 -1 -1.549979942681724026e-31 2.190840101926976122e-16 I I #
point $-1 -1 $-1 2741.105638519836248 1182.731764237016478 81.08117972061364753 #
color-adesk-attrib $-1 -1 $-1 $-1 $3450 2 #
ref_vt-eye-attrib $-1 -1 $4071 $3452 $2317 $-1 $-1 #
fmesh-eye-attrib $-1 -1 $4072 $3453 $2926 #
color-adesk-attrib $-1 -1 $-1 $-1 $3455 2 #
straight-curve $-1 -1 $-1 2740.618135270426137 1182.681244404775498 81.08724193900772548 0.001000000000000000021 1.549979942681724046e-34 -2.190840101926976184e-19 I I #
color-adesk-attrib $-1 -1 $-1 $-1 $3456 2 #
straight-curve $-1 -1 $-1 2740.880632021014662 1182.644954454379331 81.08117972061364753 0.001000000000000000021 1.564262941018461858e-34 -2.220446049250313609e-19 I I #
edge $4073 -1 $-1 $4036 -24.99999999963620212 $3849 -1.972152263052529514e-28 $3777 $4074 forward @7 tangent #
color-adesk-attrib $-1 -1 $-1 $-1 $3462 2 #
vertex $-1 -1 $-1 $3462 $4075 #
color-adesk-attrib $-1 -1 $-1 $-1 $3465 256 #
ellipse-curve $-1 -1 $-1 2741.105638519836248 1182.73245445437351 81.0851197206136618 1 -3.673940397442060361e-16 2.220446049250310862e-16 -6.196631570274167331e-19 -0.00282842712474526501 -0.002828427124747196191 1 I I #
ref_vt-eye-attrib $-1 -1 $4076 $3472 $2360 $-1 $-1 #
coedge $-1 -1 $-1 $3853 $3853 $3809 $4054 forward $3473 $-1 #
coedge $-1 -1 $-1 $3475 $3479 $3710 $3994 reversed $2971 $-1 #
ref_vt-eye-attrib $-1 -1 $4077 $3476 $2969 $1151 $1152 #
material-adesk-attrib $-1 -1 $4078 $-1 $3477 12 0 #
coedge $-1 -1 $-1 $3479 $4021 $3701 $3991 reversed $2971 $-1 #
coedge $-1 -1 $-1 $3691 $3710 $3479 $3859 reversed $3273 $-1 #
edge $4079 -1 $-1 $3705 649.9400000000150612 $4080 650.0000000000007958 $3858 $3985 forward @7 unknown #
material-adesk-attrib $-1 -1 $4081 $-1 $3480 12 0 #
plane-surface $-1 -1 $-1 2740.618135270426137 1182.644954454364779 79.93111972061365122 1.040593703629774538e-25 -1 -4.749743293568743319e-10 3.374459513330984576e-35 -4.749743293568743036e-13 0.001000000000000000021 reverse_v I I I I #
color-adesk-attrib $-1 -1 $-1 $-1 $3482 2 #
vertex $-1 -1 $-1 $3487 $4082 #
point $-1 -1 $-1 2741.343135270425591 1182.744462371396367 80.74869789969805822 #
color-adesk-attrib $-1 -1 $-1 $-1 $3487 2 #
point $-1 -1 $-1 2741.343135270426501 1182.674954454378167 80.74869789969805822 #
color-adesk-attrib $-1 -1 $-1 $-1 $3494 2 #
material-adesk-attrib $-1 -1 $4083 $3499 $3000 12 0 #
ref_vt-eye-attrib $-1 -1 $4084 $-1 $3500 $552 $553 #
color-adesk-attrib $-1 -1 $-1 $-1 $3501 256 #
vertex $-1 -1 $-1 $3501 $4085 #
ellipse-curve $-1 -1 $-1 2741.105638519836248 1182.73245445437351 79.92711972061366055 1 -3.673940397442059868e-16 -2.220446049250312834e-16 -6.196631570274165405e-19 -0.002828427124745265878 0.002828427124747195324 1 I I #
color-adesk-attrib $-1 -1 $-1 $-1 $3512 2 #
straight-curve $-1 -1 $-1 2741.343135270425591 1182.73245445437351 79.90611972061365975 3.37445951098917907e-32 1.836970198721029934e-16 1 I I #
ref_vt-eye-attrib $-1 -1 $-1 $3513 $2439 $-1 $-1 #
fmesh-eye-attrib $-1 -1 $4086 $3514 $3026 #
loop $-1 -1 $-1 $-1 $3906 $3026 #
coedge $-1 -1 $-1 $3878 $3878 $4087 $4088 reversed $3515 $-1 #
ref_vt-eye-attrib $-1 -1 $4089 $-1 $3519 $-1 $-1 #
loop $-1 -1 $-1 $3032 $4087 $3519 #
cone-surface $-1 -1 $-1 2741.04834135913552 1182.696506485066493 80.67390376103294614 -3.374459510989182355e-32 4.82436794902990709e-16 -1 0.007999999999999998432 3.944304526105058254e-34 -2.699567608791343814e-34 1 I I -0 1 0.007999999999999998432 reversed I I I I #
point $-1 -1 $-1 2741.343135270426501 1182.674954454378167 80.49361972061332438 #
ref_vt-eye-attrib $-1 -1 $-1 $3528 $2463 $552 $553 #
point $-1 -1 $-1 2740.832290798035046 1182.696704454385326 80.49361972061353754 #
material-adesk-attrib $-1 -1 $-1 $3537 $2484 12 0 #
fmesh-eye-attrib $-1 -1 $4090 $3538 $3065 #
loop $-1 -1 $-1 $-1 $4048 $3065 #
coedge $-1 -1 $-1 $3888 $3888 $3822 $4061 forward $3539 $-1 #
color-adesk-attrib $-1 -1 $-1 $-1 $3542 256 #
straight-curve $-1 -1 $-1 2741.171933933623677 1182.748445179421424 79.92244291138912615 -1 4.344832100378018053e-19 3.366478183902338349e-32 I I #
point $-1 -1 $-1 2740.634458461201575 1182.748445179418468 79.92244291138912615 #
point $-1 -1 $-1 2740.625344444342772 1182.74842710467783 79.92244291138912615 #
point $-1 -1 $-1 2740.853979742817501 1182.696704454385326 80.49361972061353754 #
color-adesk-attrib $-1 -1 $-1 $-1 $3555 2 #
ellipse-curve $-1 -1 $-1 2740.768135270426683 1182.698454461344227 80.49361972061353754 1.124819837040454737e-32 -8.936712793133316247e-12 1 0.01098476699007005716 5.415908269642847413e-34 -1.235588381521396441e-34 1 I I #
color-adesk-attrib $-1 -1 $-1 $-1 $3559 2 #
ellipse-curve $-1 -1 $-1 2740.843135270426501 1182.698454461344227 80.49361972061353754 1.124819837040454737e-32 -8.936712793133316247e-12 1 0.01098476699007005716 5.415908269642847413e-34 -1.235588381521396441e-34 1 I I #
color-adesk-attrib $-1 -1 $-1 $-1 $3560 2 #
point $-1 -1 $-1 2741.343135270426501 1182.73245445437351 80.26954154152926435 #
eye_refinement $-1 -1 @5 grid  1 @3 tri 1 @4 surf 0 @3 adj 0 @4 grad 0 @9 postcheck 0 @4 stol 0.001000000047497451305 @4 ntol 30 @4 dsil 0 @8 flatness 0 @7 pixarea 0 @4 hmax 0 @6 gridar 0 @5 mgrid 3000 @5 ugrid 0 @5 vgrid 0 @10 end_fields #
vertex_template $-1 -1 3 0 1 8 #
ref_vt-eye-attrib $-1 -1 $-1 $3567 $2544 $-1 $-1 #
fmesh-eye-attrib $-1 -1 $4091 $3568 $3106 #
coedge $-1 -1 $-1 $3904 $3904 $3905 $4092 forward $3569 $-1 #
coedge $-1 -1 $-1 $3905 $3905 $3904 $4092 reversed $3571 $-1 #
coedge $-1 -1 $-1 $3906 $3906 $3572 $3907 reversed $3877 $-1 #
edge $4093 -1 $-1 $4094 -1.274624957706218989e-30 $4094 6.283185307179586232 $3906 $4095 forward @7 tangent #
color-adesk-attrib $-1 -1 $-1 $-1 $3574 2 #
vertex $-1 -1 $-1 $3574 $4096 #
ellipse-curve $-1 -1 $-1 2741.04834135913552 1182.696506485066493 80.338335680194362 5.740400484562148934e-15 4.057416247971343261e-16 1 -3.944304526092391487e-34 0.007999999999999998432 -3.245932998377073793e-18 1 I I #
ref_vt-eye-attrib $-1 -1 $-1 $3578 $2552 $-1 $-1 #
color-adesk-attrib $-1 -1 $-1 $-1 $3580 256 #
vertex $-1 -1 $-1 $3580 $4097 #
ellipse-curve $-1 -1 $-1 2741.04834135913552 1182.696506485066493 80.26954154152926435 -3.37445951098917907e-32 -1.836970198721029934e-16 -1 0.007999999999999998432 3.944304526105058254e-34 -2.699567608791343814e-34 1 I I #
color-adesk-attrib $-1 -1 $-1 $-1 $3588 2 #
vertex $-1 -1 $-1 $3588 $4098 #
ellipse-curve $-1 -1 $-1 2740.92334135913552 1182.696506485066493 80.35033568019436245 1 -2.220446049250322942e-16 -5.740400484562862064e-15 1.776356839400249731e-18 0.007999999999999998432 -1.469576158976823676e-18 1 I I #
point $-1 -1 $-1 2741.036341359134894 1182.704506485068123 80.35033568019436245 #
ref_vt-eye-attrib $-1 -1 $4099 $3592 $3132 $552 $553 #
color-adesk-attrib $-1 -1 $4100 $-1 $3593 2 #
loop $-1 -1 $-1 $4050 $4101 $3593 #
cone-surface $-1 -1 $-1 2736.368135270426137 1182.714254454374895 80.45611972061365691 1 4.930380657631323784e-32 -3.374459510989180165e-32 -5.6699377562760214e-34 0.01149999999999999807 -2.112515728529184227e-18 1 I I 0 1 0.01149999999999999807 forward I I I I #
coedge $-1 -1 $-1 $4102 $3597 $3599 $3928 reversed $3819 $-1 #
coedge $-1 -1 $-1 $3597 $4102 $3621 $3945 forward $3819 $-1 #
color-adesk-attrib $-1 -1 $-1 $-1 $3598 2 #
vertex $-1 -1 $-1 $3622 $4103 #
straight-curve $-1 -1 $-1 2741.362014285752593 1182.728454454379971 81.10611972061366259 -3.37445951098918244e-35 4.82436794902990786e-19 -0.001000000000000000021 I I #
edge $4104 -1 $-1 $3635 -1.084202172485496176e-16 $3601 1.570796326794880127 $3599 $4105 forward @7 unknown #
point $-1 -1 $-1 2741.362014285752593 1182.728454454379971 79.91224070528726031 #
color-adesk-attrib $-1 -1 $-1 $-1 $3605 2 #
vertex $-1 -1 $-1 $3605 $4106 #
ellipse-curve $-1 -1 $-1 2740.618135270426137 1182.714254454374895 80.45611972061365691 1 4.930380657631323784e-32 -3.374459510989180165e-32 -5.6699377562760214e-34 0.01149999999999999807 -2.112515728529184227e-18 1 I I #
point $-1 -1 $-1 2740.622268757201709 1182.702754454374372 80.45611972061365691 #
coedge $-1 -1 $-1 $3951 $3975 $3609 $3935 reversed $3240 $-1 #
edge $4107 -1 $-1 $3612 0.0005275142274617653296 $4108 1.570796326794441589 $3934 $4109 forward @7 unknown #
coedge $-1 -1 $-1 $3999 $3952 $3610 $3937 forward $3286 $-1 #
edge $4110 -1 $-1 $3613 0.0005275142274617653296 $4111 1.570796326794441589 $3936 $4112 forward @7 unknown #
edge $4113 -1 $-1 $3612 4.143140852875148994 $4066 745.8568591468974773 $3951 $4114 forward @7 tangent #
point $-1 -1 $-1 2740.622278411278785 1182.684453399349877 81.10197657976075902 #
edge $4115 -1 $-1 $3613 4.143140852875148994 $4067 745.8568591468974773 $3952 $4116 forward @7 tangent #
point $-1 -1 $-1 2740.622278411278785 1182.684453399349877 79.91026286146656332 #
coedge $-1 -1 $-1 $3618 $3630 $4064 $4117 forward $3631 $-1 #
color-adesk-attrib $-1 -1 $4118 $-1 $3619 2 #
cone-surface $-1 -1 $-1 2740.618135270426137 1182.726454454379564 79.91224070528726031 -1 -8.954888635034121155e-32 -2.190840101926975382e-16 3.098315785136005145e-19 0.001414213562373105434 -0.001414213562373105868 1 I I -0 -1 0.002000000000000014787 reversed I I I I #
edge $4119 -1 $-1 $3638 -1.084202172485496176e-16 $3926 1.570796326794880127 $3621 $4120 forward @7 unknown #
color-adesk-attrib $-1 -1 $-1 $-1 $3622 2 #
straight-curve $-1 -1 $-1 2740.918135270426319 1182.728454454379971 81.09999873594006203 0.001000000000000000021 1.549979942681724046e-34 -2.190840101926976184e-19 I I #
coedge $-1 -1 $-1 $3626 $3623 $4063 $4121 reversed $3627 $-1 #
color-adesk-attrib $-1 -1 $4122 $-1 $3624 2 #
cone-surface $-1 -1 $-1 2740.618135270426137 1182.726454454379564 81.09999873594006203 1 1.549979942681724026e-31 -2.190840101926975875e-16 3.098315785136006108e-19 0.001414213562373105 0.001414213562373106301 1 I I 0 -1 0.002000000000000014787 forward I I I I #
coedge $-1 -1 $-1 $3680 $3934 $3626 $3938 forward $3240 $-1 #
coedge $-1 -1 $-1 $3936 $3720 $3630 $3940 reversed $3286 $-1 #
point $-1 -1 $-1 2741.364014285752091 1182.726454454379564 79.91024070528725076 #
point $-1 -1 $-1 2741.364014285752091 1182.726454454379564 81.10199873594005737 #
edge $4123 -1 $-1 $3960 16.01139420404251723 $3957 1183.988605795957938 $3682 $4124 forward @7 tangent #
color-adesk-attrib $-1 -1 $-1 $-1 $3642 2 #
vertex $-1 -1 $-1 $3684 $4125 #
ellipse-curve $-1 -1 $-1 2740.634146664629952 1182.678454454377061 79.92213111481746068 0.7071067811865475727 -1.298934084353239805e-16 -0.7071067811865475727 0.004000000000000335752 5.179476449913731588e-19 0.00400000000000033662 0.7071067811865474617 I I #
color-adesk-attrib $-1 -1 $-1 $-1 $3644 2 #
vertex $-1 -1 $-1 $3686 $4126 #
ellipse-curve $-1 -1 $-1 2740.634146664629952 1182.678454454377061 81.09010832640984745 -0.7071067811865475727 3.411343291698083969e-16 -0.7071067811865475727 0.004000000000000335752 1.712906745115024806e-18 -0.00400000000000033662 0.7071067811865474617 I I #
color-adesk-attrib $-1 -1 $-1 $3651 $2610 2 #
material-adesk-attrib $-1 -1 $4127 $3652 $3187 12 0 #
edge $4128 -1 $-1 $4108 6.143140575204597553 $4111 1193.856859424795857 $3653 $4129 forward @7 tangent #
color-adesk-attrib $-1 -1 $-1 $-1 $3654 2 #
color-adesk-attrib $-1 -1 $-1 $3658 $2625 2 #
coedge $-1 -1 $-1 $4021 $3659 $4018 $4130 forward $2971 $-1 #
edge $4131 -1 $-1 $3734 649.9400000000150612 $4132 650.0000000000007958 $3754 $3756 forward @7 unknown #
color-adesk-attrib $-1 -1 $-1 $-1 $3660 2 #
color-adesk-attrib $-1 -1 $-1 $3670 $2666 2 #
point $-1 -1 $-1 2740.855632021015026 1182.644954454379331 81.08117972061364753 #
material-adesk-attrib $-1 -1 $-1 $3676 $2087 12 0 #
ref_vt-eye-attrib $-1 -1 $4133 $3677 $2691 $-1 $-1 #
fmesh-eye-attrib $-1 -1 $4134 $3678 $3239 #
coedge $-1 -1 $-1 $3934 $3680 $3977 $4135 reversed $3240 $-1 #
edge $4136 -1 $-1 $4137 -1.570796326794441589 $4066 -0.0005275142274580298194 $3680 $4138 forward @7 unknown #
coedge $-1 -1 $-1 $4139 $3681 $3975 $4135 forward $3242 $-1 #
coedge $-1 -1 $-1 $3681 $4139 $3999 $4140 reversed $3242 $-1 #
color-adesk-attrib $-1 -1 $-1 $-1 $3684 2 #
straight-curve $-1 -1 $-1 2740.618135270426137 1182.682454454377876 79.92213111481746068 0.001000000000000000021 8.954888635034121223e-35 2.190840101926975221e-19 I I #
color-adesk-attrib $-1 -1 $-1 $-1 $3686 2 #
straight-curve $-1 -1 $-1 2740.618135270426137 1182.682454454377876 81.09010832640984745 0.001000000000000000021 1.549979942681724046e-34 -2.190840101926976184e-19 I I #
point $-1 -1 $-1 2741.352123876222322 1182.682454454377876 81.09010832640984745 #
color-adesk-attrib $-1 -1 $-1 $-1 $3692 2 #
straight-curve $-1 -1 $-1 2740.880632021014662 1182.644954454379331 80.58105972061366629 2.220446049250312646e-19 -1.836970198721030077e-19 -0.001000000000000000021 I I #
point $-1 -1 $-1 2740.880632021014662 1182.644954454379331 80.19355972061366344 #
color-adesk-attrib $-1 -1 $-1 $-1 $3697 2 #
vertex $-1 -1 $-1 $3697 $4141 #
ellipse-curve $-1 -1 $-1 2740.880632021014662 1182.694954437683919 80.06855641884315844 -1 -9.009273877971997771e-32 -2.220446049250312834e-16 -5.423418723394483217e-34 0.01100000000000005487 -2.020667218593142955e-18 1 I I #
point $-1 -1 $-1 2740.880632021014662 1182.673954437683278 80.14355641884316128 #
edge $4142 -1 $-1 $3705 262.496750588525174 $3761 487.503249410110584 $3857 $2975 forward @7 unknown #
point $-1 -1 $-1 2740.880632021014662 1182.644954454364779 79.93111972061365122 #
color-adesk-attrib $-1 -1 $-1 $-1 $3707 2 #
edge $4143 -1 $-1 $3714 -24.99999999963620212 $4080 -1.972152263052529514e-28 $3710 $4144 forward @7 tangent #
point $-1 -1 $-1 2740.855632021015026 1182.644954454379331 79.9310597206136606 #
material-adesk-attrib $-1 -1 $-1 $3716 $2138 12 0 #
ref_vt-eye-attrib $-1 -1 $4145 $3717 $2738 $1151 $1152 #
fmesh-eye-attrib $-1 -1 $4146 $3718 $3285 #
coedge $-1 -1 $-1 $3720 $3936 $3978 $4140 forward $3286 $-1 #
edge $4147 -1 $-1 $4148 -1.570796326794441589 $4067 -0.0005275142274580298194 $3720 $4149 forward @7 unknown #
color-adesk-attrib $-1 -1 $-1 $-1 $3721 2 #
ellipse-curve $-1 -1 $-1 2741.352123876222322 1182.678454454377061 79.92213111481746068 -0.7071067811916995627 -1.298934084343776186e-16 -0.7071067811813954718 -0.003999999999942046441 5.179476449913723884e-19 0.004000000000000334885 0.7071067811916996737 I I #
color-adesk-attrib $-1 -1 $-1 $-1 $3725 256 #
straight-curve $-1 -1 $-1 2740.618135270426137 1182.731764237016478 79.9310597206136606 1 8.954888635034121155e-32 2.190840101926975629e-16 I I #
color-adesk-attrib $-1 -1 $-1 $-1 $3728 2 #
vertex $-1 -1 $-1 $3728 $4150 #
ellipse-curve $-1 -1 $-1 2741.130638519836339 1182.694954437683919 80.06855641884315844 1 -4.499510266254410666e-12 -2.220446049242048037e-16 4.041334437186285139e-18 0.01100000000000005487 -2.020667218593142955e-18 1 I I #
point $-1 -1 $-1 2741.130638519836339 1182.673954437683278 80.14355641884316128 #
point $-1 -1 $-1 2741.130638519835884 1182.644954454364779 79.93111972061365122 #
color-adesk-attrib $-1 -1 $-1 $-1 $3736 2 #
color-adesk-attrib $-1 -1 $-1 $-1 $3737 256 #
straight-curve $-1 -1 $-1 2740.868136895131101 1182.675016098206243 79.9310597206136606 -1 -4.532143305981881282e-16 2.220446049250314067e-16 I I #
color-adesk-attrib $-1 -1 $-1 $3741 $2762 2 #
color-adesk-attrib $-1 -1 $-1 $-1 $3744 2 #
color-adesk-attrib $-1 -1 $-1 $-1 $3749 256 #
straight-curve $-1 -1 $-1 2741.53620823706342 1182.748079488493204 79.92244291138912615 -0.9999980335026906753 0.001983176934024688878 -3.64303692659395818e-19 I I #
color-adesk-attrib $-1 -1 $-1 $3751 $2780 2 #
coedge $-1 -1 $-1 $3754 $3759 $3967 $4130 reversed $3348 $-1 #
color-adesk-attrib $-1 -1 $-1 $-1 $3758 256 #
straight-curve $-1 -1 $-1 2741.105638519836248 1182.659954454378749 79.93111972061365122 -3.673940397442092902e-16 -1 -1.497454800372099999e-14 I I #
coedge $-1 -1 $-1 $3857 $3967 $3759 $4022 reversed $2971 $-1 #
edge $4151 -1 $-1 $3761 649.9400000000150612 $4152 650.0000000000007958 $3759 $3762 forward @7 unknown #
point $-1 -1 $-1 2741.105638519836248 1182.644954454364779 79.93111972061365122 #
color-adesk-attrib $-1 -1 $-1 $-1 $3764 2 #
point $-1 -1 $-1 2741.105638519836248 1182.675016098206243 79.9310597206136606 #
point $-1 -1 $-1 2741.105638519836248 1182.674954454378167 79.93111972061365122 #
color-adesk-attrib $-1 -1 $4153 $-1 $3769 2 #
plane-surface $-1 -1 $-1 2741.130638519835884 1182.644954454379331 80.58105972061366629 -3.673940397442059375e-16 -1 1.836970198721029934e-16 0.001000000000000000021 -3.673940397442060153e-19 -2.220446049250312646e-19 reverse_v I I I I #
ref_vt-eye-attrib $-1 -1 $4154 $3771 $2809 $-1 $-1 #
fmesh-eye-attrib $-1 -1 $4155 $3772 $3355 #
color-adesk-attrib $-1 -1 $-1 $-1 $3778 2 #
vertex $-1 -1 $-1 $3778 $4156 #
ellipse-curve $-1 -1 $-1 2741.105638519836248 1182.694954437683919 80.94368302238414969 1 -3.673940397442060361e-16 2.220446049250310862e-16 4.041334437186285139e-18 0.01100000000000005487 5.306804743932924454e-18 1 I I #
point $-1 -1 $-1 2741.105638519836248 1182.673954437683278 80.86868302238414685 #
color-adesk-attrib $-1 -1 $-1 $-1 $3783 2 #
vertex $-1 -1 $-1 $3783 $4157 #
material-adesk-attrib $-1 -1 $-1 $3785 $2226 12 0 #
color-adesk-attrib $-1 -1 $-1 $3791 $2842 2 #
ref_vt-eye-attrib $-1 -1 $4158 $3792 $3381 $1151 $1152 #
color-adesk-attrib $-1 -1 $-1 $3794 $2846 2 #
color-adesk-attrib $-1 -1 $-1 $-1 $3795 2 #
vertex $-1 -1 $-1 $3795 $4159 #
ellipse-curve $-1 -1 $-1 2741.105638519836248 1182.694954437683919 80.06855641884315844 -1 3.673940397442059868e-16 2.220446049250312834e-16 4.041334437186285139e-18 0.01100000000000005487 -2.020667218593142955e-18 1 I I #
point $-1 -1 $-1 2741.105638519836248 1182.673954437683278 80.14355641884316128 #
ref_vt-eye-attrib $-1 -1 $4160 $3799 $2855 $4 $5 #
fmesh-eye-attrib $-1 -1 $4161 $3800 $3392 #
color-adesk-attrib $-1 -1 $-1 $3803 $2865 2 #
coedge $-1 -1 $-1 $4048 $4048 $3805 $4049 forward $3887 $-1 #
edge $4162 -1 $-1 $4163 -3.141592653589793116 $4163 3.141592653589793116 $3805 $4164 forward @7 unknown #
loop $-1 -1 $-1 $-1 $3806 $3593 #
color-adesk-attrib $-1 -1 $-1 $-1 $3807 2 #
vertex $-1 -1 $-1 $3807 $4165 #
ellipse-curve $-1 -1 $-1 2741.368135270426137 1182.714254454374895 80.45611972061365691 -1 -4.930380657631323784e-32 3.374459510989180165e-32 -5.6699377562760214e-34 0.01149999999999999807 -2.112515728529184227e-18 1 I I #
edge $4166 -1 $-1 $4167 -3.141592653589793116 $4167 3.141592653589793116 $3809 $4168 forward @7 unknown #
color-adesk-attrib $-1 -1 $-1 $3814 $2894 2 #
ref_vt-eye-attrib $-1 -1 $4169 $3815 $3421 $21 $22 #
color-adesk-attrib $-1 -1 $-1 $3817 $2899 2 #
ref_vt-eye-attrib $-1 -1 $4170 $3818 $3425 $552 $553 #
loop $-1 -1 $-1 $-1 $4171 $2899 #
coedge $-1 -1 $-1 $4064 $4063 $4102 $4172 forward $3821 $-1 #
edge $4173 -1 $-1 $4174 -3.141592653589793116 $4174 3.141592653589793116 $3822 $4175 forward @7 unknown #
coedge $-1 -1 $-1 $3824 $3823 $4139 $4176 reversed $2900 $-1 #
coedge $-1 -1 $-1 $4060 $3825 $3948 $4121 forward $3821 $-1 #
coedge $-1 -1 $-1 $3825 $4060 $3942 $4117 reversed $3821 $-1 #
color-adesk-attrib $-1 -1 $-1 $-1 $3826 2 #
vertex $-1 -1 $-1 $4121 $4177 #
vertex $-1 -1 $-1 $4117 $4178 #
straight-curve $-1 -1 $-1 2741.363992129573489 1182.684453399349877 81.10611972061366259 -3.37445951098918244e-35 4.82436794902990786e-19 -0.001000000000000000021 I I #
point $-1 -1 $-1 2741.352123876222322 1182.682454454377876 79.92213111481746068 #
material-adesk-attrib $-1 -1 $-1 $3836 $2302 12 0 #
material-adesk-attrib $-1 -1 $-1 $3841 $2317 12 0 #
ref_vt-eye-attrib $-1 -1 $4179 $3842 $2926 $-1 $-1 #
color-adesk-attrib $-1 -1 $-1 $-1 $3847 2 #
straight-curve $-1 -1 $-1 2741.105638519836248 1182.644954454379331 81.08117972061364753 -0.001000000000000000021 3.673940397442060635e-19 -2.220446049250311201e-19 I I #
point $-1 -1 $-1 2741.105638519836248 1182.644954454379331 81.08117972061364753 #
material-adesk-attrib $-1 -1 $-1 $3852 $2360 12 0 #
material-adesk-attrib $-1 -1 $-1 $3855 $2969 12 0 #
ref_vt-eye-attrib $-1 -1 $4180 $3856 $3477 $1151 $1152 #
color-adesk-attrib $-1 -1 $-1 $-1 $3859 2 #
vertex $-1 -1 $-1 $3859 $4181 #
ref_vt-eye-attrib $-1 -1 $4182 $3860 $3480 $1151 $1152 #
point $-1 -1 $-1 2741.343135270425591 1182.73245445437351 80.74869789969805822 #
ref_vt-eye-attrib $-1 -1 $-1 $3868 $3000 $552 $553 #
material-adesk-attrib $-1 -1 $4183 $3869 $3500 12 0 #
point $-1 -1 $-1 2741.105638519836248 1182.731764237016478 79.9310597206136606 #
ref_vt-eye-attrib $-1 -1 $-1 $3876 $3026 $-1 $-1 #
coedge $-1 -1 $-1 $4087 $4087 $3878 $4088 forward $3880 $-1 #
edge $4184 -1 $-1 $4185 0 $4185 6.283185307179586232 $3878 $4186 forward @7 tangent #
color-adesk-attrib $-1 -1 $-1 $3879 $3519 2 #
ref_vt-eye-attrib $-1 -1 $4187 $3886 $3065 $-1 $-1 #
ref_vt-eye-attrib $-1 -1 $-1 $3903 $3106 $-1 $-1 #
edge $4188 -1 $-1 $4189 -1.274624957706218989e-30 $4189 6.283185307179586232 $3905 $4190 forward @7 unknown #
color-adesk-attrib $-1 -1 $-1 $-1 $3907 2 #
vertex $-1 -1 $-1 $3907 $4191 #
ellipse-curve $-1 -1 $-1 2741.036341359134894 1182.696506485066493 80.66190376103294568 -1 2.220446049250340691e-16 -5.740400484562862064e-15 1.776356839400249731e-18 0.007999999999999998432 3.859494359223924747e-18 1 I I #
point $-1 -1 $-1 2741.04834135913552 1182.704506485068123 80.338335680194362 #
point $-1 -1 $-1 2741.040341359135709 1182.696506485066493 80.26954154152926435 #
point $-1 -1 $-1 2740.92334135913552 1182.704506485068123 80.35033568019436245 #
color-adesk-attrib $-1 -1 $-1 $3919 $3132 2 #
fmesh-eye-attrib $-1 -1 $4192 $3920 $3593 #
coedge $-1 -1 $-1 $4101 $4101 $4171 $4193 reversed $3921 $-1 #
coedge $-1 -1 $-1 $3924 $3923 $4060 $4172 reversed $3819 $-1 #
point $-1 -1 $-1 2741.362014285752593 1182.728454454379971 81.09999873594006203 #
color-adesk-attrib $-1 -1 $-1 $-1 $3928 2 #
ellipse-curve $-1 -1 $-1 2741.362014285752593 1182.726454454379564 79.91224070528726031 0.7071067811916995627 1.298934084343776186e-16 0.7071067811813954718 0.001999999999970870131 -1.505536052471077285e-19 -0.002000000000000014787 0.7071067811916996737 I I #
point $-1 -1 $-1 2740.618135270426137 1182.702754454374372 80.45611972061365691 #
color-adesk-attrib $-1 -1 $-1 $-1 $3935 2 #
vertex $-1 -1 $-1 $4135 $4194 #
ellipse-curve $-1 -1 $-1 2740.624278411000887 1182.684454454378283 81.09997658003902643 0.7071067811865475727 -3.411343291698083969e-16 0.7071067811865475727 -0.00200000000000178247 -1.181714024303942579e-18 0.00200000000000178247 0.7071067811865472397 I I #
color-adesk-attrib $-1 -1 $-1 $-1 $3937 2 #
vertex $-1 -1 $-1 $4140 $4195 #
ellipse-curve $-1 -1 $-1 2740.624278411000887 1182.684454454378283 79.9122628611882817 -0.7071067811865475727 1.298934084353239805e-16 0.7071067811865475727 -0.00200000000000178247 -5.842344742416344065e-19 -0.00200000000000178247 0.7071067811865472397 I I #
color-adesk-attrib $-1 -1 $-1 $-1 $3938 2 #
straight-curve $-1 -1 $-1 2740.618135270426137 1182.684453399349877 81.10197657976075902 0.001000000000000000021 1.549979942681724046e-34 -2.190840101926976184e-19 I I #
color-adesk-attrib $-1 -1 $-1 $-1 $3940 2 #
straight-curve $-1 -1 $-1 2740.618135270426137 1182.684453399349877 79.91026286146656332 0.001000000000000000021 8.954888635034121223e-35 2.190840101926975221e-19 I I #
edge $4196 -1 $-1 $4067 -0.8489138198931555079 $3635 -0.8069127531757575023 $3942 $4197 forward @7 unknown #
fmesh-eye-attrib $-1 -1 $4198 $3943 $3619 #
color-adesk-attrib $-1 -1 $-1 $-1 $3945 2 #
ellipse-curve $-1 -1 $-1 2741.362014285752593 1182.726454454379564 81.09999873594006203 -0.7071067811916995627 -3.411343291673228441e-16 0.7071067811813954718 0.001999999999970870131 -7.480331553088875223e-19 0.002000000000000014787 0.7071067811916996737 I I #
edge $4199 -1 $-1 $4066 -0.8489138198931555079 $3638 -0.8069127531757575023 $3948 $4200 forward @7 unknown #
fmesh-eye-attrib $-1 -1 $4201 $3949 $3624 #
color-adesk-attrib $-1 -1 $-1 $-1 $3955 2 #
straight-curve $-1 -1 $-1 2740.634146664629952 1182.682454454377876 81.10611972061366259 -3.37445951098918244e-35 4.82436794902990786e-19 -0.001000000000000000021 I I #
point $-1 -1 $-1 2740.634146664629952 1182.682454454377876 79.92213111481746068 #
point $-1 -1 $-1 2740.634146664629952 1182.682454454377876 81.09010832640984745 #
color-adesk-attrib $-1 -1 $-1 $3963 $3187 2 #
color-adesk-attrib $-1 -1 $-1 $-1 $3964 2 #
straight-curve $-1 -1 $-1 2740.624278411001342 1182.682454454377876 81.10611972061366259 -3.37445951098918244e-35 4.82436794902990786e-19 -0.001000000000000000021 I I #
edge $4202 -1 $-1 $4132 -24.99999999963620212 $4152 -1.972152263052529514e-28 $4018 $4203 forward @7 tangent #
color-adesk-attrib $-1 -1 $-1 $-1 $3968 2 #
vertex $-1 -1 $-1 $3968 $4204 #
material-adesk-attrib $-1 -1 $-1 $3973 $2691 12 0 #
ref_vt-eye-attrib $-1 -1 $4205 $3974 $3239 $-1 $-1 #
edge $4206 -1 $-1 $4108 6.143140574522476527 $4137 743.8568594252501498 $3977 $4207 forward @7 tangent #
color-adesk-attrib $-1 -1 $-1 $-1 $3976 2 #
vertex $-1 -1 $-1 $3976 $4208 #
ellipse-curve $-1 -1 $-1 2741.361992129851387 1182.684454454378283 81.09997658003902643 -0.7071067811916995627 -3.411343291673228441e-16 0.7071067811813954718 0.001999999999972637381 -9.648735898068407294e-19 0.002000000000001781603 0.7071067811916996737 I I #
coedge $-1 -1 $-1 $3978 $3977 $4062 $4176 forward $3242 $-1 #
edge $4209 -1 $-1 $4111 6.143140574522476527 $4148 743.8568594252501498 $3978 $4210 forward @7 tangent #
point $-1 -1 $-1 2740.880632021014662 1182.683954437685315 80.06855641884315844 #
color-adesk-attrib $-1 -1 $-1 $-1 $3991 2 #
color-adesk-attrib $-1 -1 $-1 $-1 $3994 2 #
straight-curve $-1 -1 $-1 2740.880632021014662 1182.644954454379331 79.9310597206136606 0.001000000000000000021 9.009273877971997643e-35 2.220446049250312646e-19 I I #
material-adesk-attrib $-1 -1 $-1 $3997 $2738 12 0 #
ref_vt-eye-attrib $-1 -1 $4211 $3998 $3285 $1151 $1152 #
color-adesk-attrib $-1 -1 $-1 $-1 $4000 2 #
vertex $-1 -1 $-1 $4000 $4212 #
ellipse-curve $-1 -1 $-1 2741.361992129851387 1182.684454454378283 79.9122628611882817 0.7071067811916995627 1.298934084343776186e-16 0.7071067811813954718 0.001999999999972637381 -3.673940397445331827e-19 -0.002000000000001781603 0.7071067811916996737 I I #
point $-1 -1 $-1 2741.130638519836339 1182.683954437685315 80.06855641884315844 #
color-adesk-attrib $-1 -1 $-1 $-1 $4022 2 #
vertex $-1 -1 $-1 $4022 $4213 #
fmesh-eye-attrib $-1 -1 $4214 $4027 $3769 #
material-adesk-attrib $-1 -1 $-1 $4029 $2809 12 0 #
ref_vt-eye-attrib $-1 -1 $4215 $4030 $3355 $-1 $-1 #
point $-1 -1 $-1 2741.105638519836248 1182.683954437685315 80.94368302238414969 #
point $-1 -1 $-1 2741.130638519835884 1182.644954454379331 81.08117972061364753 #
material-adesk-attrib $-1 -1 $-1 $4039 $3381 12 0 #
point $-1 -1 $-1 2741.105638519836248 1182.683954437685315 80.06855641884315844 #
material-adesk-attrib $-1 -1 $-1 $4045 $2855 12 0 #
ref_vt-eye-attrib $-1 -1 $4216 $4046 $3392 $4 $5 #
color-adesk-attrib $-1 -1 $-1 $-1 $4049 2 #
vertex $-1 -1 $-1 $4049 $4217 #
ellipse-curve $-1 -1 $-1 2741.368135270426137 1182.714254454374895 80.55611972061365122 1 4.930380657631323784e-32 -3.374459510989180165e-32 -5.669937756276018834e-34 0.01149999999999999807 5.548023141384391921e-18 1 I I #
point $-1 -1 $-1 2741.368135270426137 1182.702754454374372 80.45611972061365691 #
color-adesk-attrib $-1 -1 $-1 $-1 $4054 2 #
vertex $-1 -1 $-1 $4054 $4218 #
ellipse-curve $-1 -1 $-1 2740.618135270426137 1182.714254454374895 80.55611972061365122 -1 -4.930380657631323784e-32 3.374459510989180165e-32 -5.669937756276018834e-34 0.01149999999999999807 5.548023141384391921e-18 1 I I #
color-adesk-attrib $-1 -1 $-1 $4056 $3421 2 #
color-adesk-attrib $-1 -1 $-1 $4058 $3425 2 #
coedge $-1 -1 $-1 $4171 $4171 $4101 $4193 forward $4059 $-1 #
edge $4219 -1 $-1 $3638 4.120984673418198518 $3635 1195.879015326582248 $4102 $4220 forward @7 tangent #
color-adesk-attrib $-1 -1 $-1 $-1 $4061 2 #
vertex $-1 -1 $-1 $4061 $4221 #
ellipse-curve $-1 -1 $-1 2741.36400785007163 1182.714254454374895 80.55611972061365122 -0.9999998608640824349 0.0005275147542348197598 2.544925272971190287e-19 6.066420517757411618e-06 0.01149999999999999807 5.548023141384391921e-18 0.9999998608640823239 I I #
edge $4222 -1 $-1 $4137 6.143140574804405674 $4148 1193.856859425196035 $4062 $4223 forward @7 tangent #
point $-1 -1 $-1 2741.363992129573035 1182.684453399349877 81.10197657976075902 #
point $-1 -1 $-1 2741.363992129573035 1182.684453399349877 79.91026286146656332 #
material-adesk-attrib $-1 -1 $-1 $4072 $2926 12 0 #
color-adesk-attrib $-1 -1 $-1 $4078 $3477 2 #
point $-1 -1 $-1 2740.880632021014662 1182.644954454379331 79.9310597206136606 #
color-adesk-attrib $-1 -1 $-1 $4081 $3480 2 #
color-adesk-attrib $-1 -1 $-1 $4084 $3500 2 #
color-adesk-attrib $-1 -1 $-1 $-1 $4088 2 #
vertex $-1 -1 $-1 $4088 $4224 #
ellipse-curve $-1 -1 $-1 2741.04834135913552 1182.696506485066493 80.67390376103294614 -5.740400484562148934e-15 -7.044813998280220171e-16 1 -3.944304526092388066e-34 0.007999999999999998432 5.635851198624175249e-18 1 I I #
material-adesk-attrib $-1 -1 $-1 $4090 $3065 12 0 #
color-adesk-attrib $-1 -1 $-1 $-1 $4092 2 #
vertex $-1 -1 $-1 $4092 $4225 #
ellipse-curve $-1 -1 $-1 2740.92334135913552 1182.696506485066493 80.66190376103294568 -1 2.220446049250340691e-16 -5.740400484562862064e-15 1.776356839400249731e-18 0.007999999999999998432 3.859494359223924747e-18 1 I I #
point $-1 -1 $-1 2741.036341359134894 1182.704506485068123 80.66190376103294568 #
ref_vt-eye-attrib $-1 -1 $4226 $4100 $3593 $552 $553 #
edge $4227 -1 $-1 $4228 -3.141592653589793116 $4228 3.141592653589793116 $4171 $4229 forward @7 unknown #
point $-1 -1 $-1 2740.624278411000887 1182.682454454377876 81.09997658003902643 #
point $-1 -1 $-1 2740.624278411000887 1182.682454454377876 79.9122628611882817 #
color-adesk-attrib $-1 -1 $-1 $-1 $4117 2 #
straight-curve $-1 -1 $-1 2741.364439944075912 1183.533366983014275 79.9098150469638 0.0005275146808309034594 0.9999997217282227124 -0.0005275146808387742251 I I #
ref_vt-eye-attrib $-1 -1 $4230 $4118 $3619 $1151 $1152 #
color-adesk-attrib $-1 -1 $-1 $-1 $4121 2 #
straight-curve $-1 -1 $-1 2741.364439944075912 1183.533366983014275 81.10242439426352234 0.0005275146808309034594 0.9999997217282227124 0.0005275146808390730312 I I #
ref_vt-eye-attrib $-1 -1 $4231 $4122 $3624 $-1 $-1 #
color-adesk-attrib $-1 -1 $-1 $-1 $4130 2 #
straight-curve $-1 -1 $-1 2741.105638519836248 1182.644954454379331 79.9310597206136606 -0.001000000000000000021 3.673940397442060153e-19 2.220446049250312646e-19 I I #
point $-1 -1 $-1 2741.130638519835884 1182.644954454379331 79.9310597206136606 #
material-adesk-attrib $-1 -1 $-1 $4134 $3239 12 0 #
color-adesk-attrib $-1 -1 $-1 $-1 $4135 2 #
straight-curve $-1 -1 $-1 2740.618135270426137 1182.682454454377876 81.09997658003902643 0.001000000000000000021 1.549979942681724046e-34 -2.190840101926976184e-19 I I #
point $-1 -1 $-1 2741.361992129851387 1182.682454454377876 81.09997658003902643 #
color-adesk-attrib $-1 -1 $-1 $-1 $4140 2 #
straight-curve $-1 -1 $-1 2740.618135270426137 1182.682454454377876 79.9122628611882817 0.001000000000000000021 8.954888635034121223e-35 2.190840101926975221e-19 I I #
material-adesk-attrib $-1 -1 $-1 $4146 $3285 12 0 #
point $-1 -1 $-1 2741.361992129851387 1182.682454454377876 79.9122628611882817 #
point $-1 -1 $-1 2741.105638519836248 1182.644954454379331 79.9310597206136606 #
ref_vt-eye-attrib $-1 -1 $4232 $4153 $3769 $1151 $1152 #
material-adesk-attrib $-1 -1 $-1 $4155 $3355 12 0 #
material-adesk-attrib $-1 -1 $-1 $4161 $3392 12 0 #
point $-1 -1 $-1 2741.368135270426137 1182.702754454374372 80.55611972061365122 #
point $-1 -1 $-1 2740.618135270426137 1182.702754454374372 80.55611972061365122 #
color-adesk-attrib $-1 -1 $-1 $-1 $4172 2 #
straight-curve $-1 -1 $-1 2741.364014285753001 1182.726454454379564 81.10611972061366259 -3.37445951098918244e-35 4.82436794902990786e-19 -0.001000000000000000021 I I #
point $-1 -1 $-1 2741.36400178365102 1182.702754454374372 80.55611972061365122 #
color-adesk-attrib $-1 -1 $-1 $-1 $4176 2 #
straight-curve $-1 -1 $-1 2741.361992129851387 1182.682454454377876 81.10611972061366259 -3.37445951098918244e-35 4.82436794902990786e-19 -0.001000000000000000021 I I #
point $-1 -1 $-1 2741.04834135913552 1182.704506485068123 80.67390376103294614 #
point $-1 -1 $-1 2740.92334135913552 1182.704506485068123 80.66190376103294568 #
material-adesk-attrib $-1 -1 $-1 $4192 $3593 12 0 #
color-adesk-attrib $-1 -1 $-1 $-1 $4193 2 #
vertex $-1 -1 $-1 $4193 $4233 #
ellipse-curve $-1 -1 $-1 2741.36400785007163 1182.714254454374895 80.45611972061365691 0.9999998608640824349 -0.0005275147542348197598 9.690288829146747007e-20 6.066420517757411618e-06 0.01149999999999999807 -2.112515728529184227e-18 0.9999998608640823239 I I #
material-adesk-attrib $-1 -1 $-1 $4198 $3619 12 0 #
material-adesk-attrib $-1 -1 $-1 $4201 $3624 12 0 #
material-adesk-attrib $-1 -1 $-1 $4214 $3769 12 0 #
point $-1 -1 $-1 2741.36400178365102 1182.702754454374372 80.45611972061365691 #
