ISO-10303-21;
HEADER;

/******************************************************************************************
* STEP Physical File produced by: The EXPRESS Data Manager Version 5.02.0110.07 : 20 Jan 2016
* Module:                         EDMstepFileFactory/EDMstandAlone
* Creation date:                  Wed Oct  7 14:47:29 2026
* Host:                           E-ESPGSENG010NB
* Database:                       C:\Users\godoyj\AppData\Local\Temp\ACAIFCTMP/EDM6768\aec_ifc_db
* Database version:               5507
* Database creation date:         Wed Oct  7 14:46:47 2026
* Schema:                         IFC2X3
* Model:                          DataRepository.AecIfc
* Model creation date:            Wed Oct  7 14:47:29 2026
* Header model:                   DataRepository.AecIfc_Header
* Header model creation date:     Wed Oct  7 14:47:29 2026
* EDMuser:                        sdai-user
* EDMgroup:                       sdai-group
* License ID and type:            5649 : Permanent license. Expiry date: 
* EDMstepFileFactory options:     020000
******************************************************************************************/
FILE_DESCRIPTION(('ViewDefinition [CoordinationView_V2.0, FMHandOverAddonView, ConceptDesignBIM_2010]','ExchangeRequirement[Architecture]'),'2;1');
FILE_NAME($,'2026-10-07T14:47:29',('godoyj'),('',''),'The EXPRESS Data Manager Version 5.02.0110.07 : 20 Jan 2016','AutoCAD Architecture 2023 - English Build 8.5.50.0','');
FILE_SCHEMA(('IFC2X3'));
ENDSEC;

DATA;
#1= IFCPROJECT('0PW4TR_Wk3GOyiORh91u5E',#41,'Desing',$,$,'12304211',$,(#7),#20);
#7= IFCGEOMETRICREPRESENTATIONCONTEXT($,'Model',3,1.E-5,#18,$);
#10= IFCCARTESIANPOINT((0.,0.,0.));
#14= IFCDIRECTION((1.,0.,0.));
#16= IFCDIRECTION((0.,0.,1.));
#18= IFCAXIS2PLACEMENT3D(#10,#16,#14);
#20= IFCUNITASSIGNMENT((#22,#23,#24,#25,#29,#30));
#22= IFCSIUNIT(*,.LENGTHUNIT.,.MILLI.,.METRE.);
#23= IFCSIUNIT(*,.AREAUNIT.,.MILLI.,.SQUARE_METRE.);
#24= IFCSIUNIT(*,.VOLUMEUNIT.,.MILLI.,.CUBIC_METRE.);
#25= IFCCONVERSIONBASEDUNIT(#26,.PLANEANGLEUNIT.,'degree',#27);
#26= IFCDIMENSIONALEXPONENTS(0,0,0,0,0,0,0);
#27= IFCMEASUREWITHUNIT(IFCREAL(0.0174532925199433),#28);
#28= IFCSIUNIT(*,.PLANEANGLEUNIT.,$,.RADIAN.);
#29= IFCSIUNIT(*,.TIMEUNIT.,$,.SECOND.);
#30= IFCSIUNIT(*,.MASSUNIT.,$,.GRAM.);
#31= IFCORGANIZATION('','','',$,$);
#35= IFCPERSON('','','',$,$,$,$,$);
#37= IFCPERSONANDORGANIZATION(#35,#31,$);
#40= IFCAPPLICATION(#31,'8.5.50.0','AutoCAD Architecture 2023 - English','6104');
#41= IFCOWNERHISTORY(#37,#40,$,.NOCHANGE.,$,$,$,1791377250);
#42= IFCPROPERTYSET('3UTb8SivT6nfr61cI_BM$h',#41,'ADT_Pset_DISPLAY_SET',$,(#47,#51));
#47= IFCPROPERTYSINGLEVALUE('ACA_DISPLAY_CONFIG_ON_EXPORT',$,IFCLABEL('Standard'),$);
#51= IFCPROPERTYSINGLEVALUE('ACA_DISPLAY_SET_ON_EXPORT',$,IFCLABEL('Modelo'),$);
#52= IFCRELDEFINESBYPROPERTIES('0kHSKJTSDEzx12AloOu_6x',#41,$,$,(#1),#42);
#56= IFCBUILDING('3w2nc0Wq4iZs6woGU1Jbj7',#41,'12304211',$,$,#65,$,$,.ELEMENT.,0.,0.,$);
#61= IFCRELAGGREGATES('2oxMex1l50WAZ0kwcRTwOO',#41,$,$,#1,(#56));
#65= IFCLOCALPLACEMENT($,#70);
#68= IFCCARTESIANPOINT((0.,0.,0.));
#70= IFCAXIS2PLACEMENT3D(#68,$,$);
#76= IFCPROPERTYSET('1p0XVCllHCHBhGTHqiwMzD',#41,'Pset_BuildingCommon',$,(#78,#79,#80,#81,#82,#83,#84,#85,#86,#87,#88));
#78= IFCPROPERTYSINGLEVALUE('BuildingID',$,$,$);
#79= IFCPROPERTYSINGLEVALUE('IsPermanentID',$,IFCBOOLEAN(.F.),$);
#80= IFCPROPERTYSINGLEVALUE('MainFireUse',$,$,$);
#81= IFCPROPERTYSINGLEVALUE('AncillaryFireUse',$,$,$);
#82= IFCPROPERTYSINGLEVALUE('SprinklerProtection',$,IFCBOOLEAN(.F.),$);
#83= IFCPROPERTYSINGLEVALUE('SprinklerProtectionAutomatic',$,IFCBOOLEAN(.F.),$);
#84= IFCPROPERTYSINGLEVALUE('OccupancyType',$,$,$);
#85= IFCPROPERTYSINGLEVALUE('GrossPlannedArea',$,IFCAREAMEASURE(0.),$);
#86= IFCPROPERTYSINGLEVALUE('NumberOfStoreys',$,IFCINTEGER(0),$);
#87= IFCPROPERTYSINGLEVALUE('YearOfConstruction',$,$,$);
#88= IFCPROPERTYSINGLEVALUE('IsLandmarked',$,IFCLOGICAL(.F.),$);
#89= IFCRELDEFINESBYPROPERTIES('13Gf1lTw93nwsrtFzcN1Zk',#41,$,$,(#56),#76);
#93= IFCPROPERTYSET('0z_KxxVR13GxgbH8aQGhj4',#41,'Pset_BuildingUse',$,(#95,#96,#97,#98,#99,#100,#101,#102));
#95= IFCPROPERTYSINGLEVALUE('MarketCategory',$,$,$);
#96= IFCPROPERTYSINGLEVALUE('MarketSubCategory',$,$,$);
#97= IFCPROPERTYSINGLEVALUE('PlanningControlStatus',$,$,$);
#98= IFCPROPERTYSINGLEVALUE('NarrativeText',$,$,$);
#99= IFCPROPERTYSINGLEVALUE('VacancyRateInCategoryNow',$,IFCPOSITIVERATIOMEASURE(0.),$);
#100= IFCPROPERTYBOUNDEDVALUE('RentalRatesInCategoryNow',$,$,$,$);
#101= IFCPROPERTYSINGLEVALUE('VacancyRateInCategoryFuture',$,IFCPOSITIVERATIOMEASURE(0.),$);
#102= IFCPROPERTYBOUNDEDVALUE('RentalRatesInCategoryFuture',$,$,$,$);
#103= IFCRELDEFINESBYPROPERTIES('2Y946i_wn5_hh5$HQdTYEG',#41,$,$,(#56),#93);
#106= IFCPROPERTYSET('3g60CCCMz5AhJZuiR8$rRy',#41,'Pset_BuildingUseAdjacent',$,(#108,#109,#110,#111));
#108= IFCPROPERTYSINGLEVALUE('MarketCategory',$,$,$);
#109= IFCPROPERTYSINGLEVALUE('MarketSubCategory',$,$,$);
#110= IFCPROPERTYSINGLEVALUE('PlanningControlStatus',$,$,$);
#111= IFCPROPERTYSINGLEVALUE('NarrativeText',$,$,$);
#112= IFCRELDEFINESBYPROPERTIES('0XpcamOqbCPROrWYHn5e2b',#41,$,$,(#56),#106);
#115= IFCPROPERTYSET('06eAKQeRjBnewuRndH7Aqf',#41,'Pset_BuildingWaterStorage',$,(#117,#118,#119,#120,#121));
#117= IFCPROPERTYSINGLEVALUE('WaterStorageRatePerPerson',$,IFCVOLUMEMEASURE(0.),$);
#118= IFCPROPERTYSINGLEVALUE('OneDayPotableWater',$,IFCVOLUMEMEASURE(0.),$);
#119= IFCPROPERTYSINGLEVALUE('OneDayEssentialWater',$,IFCVOLUMEMEASURE(0.),$);
#120= IFCPROPERTYSINGLEVALUE('OneDayCoolingTowerMakeupWater',$,IFCVOLUMEMEASURE(0.),$);
#121= IFCPROPERTYSINGLEVALUE('OneDayProcessOrProductionWater',$,IFCVOLUMEMEASURE(0.),$);
#122= IFCRELDEFINESBYPROPERTIES('0RBhGi8XbBFAyai27VICDB',#41,$,$,(#56),#115);
#125= IFCPROPERTYSET('1nOETsgWfDHOV18P_3qMzb',#41,'ePset_BuildingEnergyTarget',$,(#127,#128));
#127= IFCPROPERTYSINGLEVALUE('BuildingEnergyTargetUnits',$,$,$);
#128= IFCPROPERTYSINGLEVALUE('BuildingEnergyTargetValue',$,IFCREAL(0.),$);
#129= IFCRELDEFINESBYPROPERTIES('0iUF7_GEjCsO6c$oTtMzfK',#41,$,$,(#56),#125);
#132= IFCBUILDINGELEMENTPROXY('23ZonXkia7WG00000000Xf',#41,$,$,$,#149,#155,$,$);
#145= IFCRELCONTAINEDINSPATIALSTRUCTURE('2i6tOeTfr0i8C7F6AIVVe5',#41,$,$,(#132,#2640),#56);
#149= IFCLOCALPLACEMENT(#65,#153);
#151= IFCCARTESIANPOINT((0.,0.,0.));
#153= IFCAXIS2PLACEMENT3D(#151,$,$);
#155= IFCPRODUCTDEFINITIONSHAPE($,$,(#157));
#157= IFCSHAPEREPRESENTATION(#2629,'Body','Brep',(#2619));
#163= IFCFACE((#173));
#165= IFCCARTESIANPOINT((0.2918022654466768,-0.01500001669046469,0.61));
#167= IFCCARTESIANPOINT((0.2918022654466768,-1.66837708093226E-8,0.61));
#169= IFCCARTESIANPOINT((0.008197734553050395,-1.66837708093226E-8,0.61));
#171= IFCCARTESIANPOINT((0.008197734553050395,-0.01500001669046469,0.61));
#173= IFCFACEOUTERBOUND(#174,.T.);
#174= IFCPOLYLOOP((#165,#167,#169,#171));
#176= IFCFACE((#182));
#178= IFCCARTESIANPOINT((0.2918022654466768,-1.66837708093226E-8,0.008098494461748963));
#180= IFCCARTESIANPOINT((0.008197734553050395,-1.66837708093226E-8,0.008098494461749026));
#182= IFCFACEOUTERBOUND(#183,.T.);
#183= IFCPOLYLOOP((#169,#167,#178,#180));
#185= IFCFACE((#189));
#187= IFCCARTESIANPOINT((0.2918022654466768,-0.01500001669046469,0.00809849446174896));
#189= IFCFACEOUTERBOUND(#190,.T.);
#190= IFCPOLYLOOP((#187,#178,#167,#165));
#192= IFCFACE((#196));
#194= IFCCARTESIANPOINT((0.008197734553050395,-0.01500001669046469,0.008098494461749022));
#196= IFCFACEOUTERBOUND(#197,.T.);
#197= IFCPOLYLOOP((#178,#187,#194,#180));
#199= IFCFACE((#201));
#201= IFCFACEOUTERBOUND(#202,.T.);
#202= IFCPOLYLOOP((#194,#187,#165,#171));
#204= IFCFACE((#206));
#206= IFCFACEOUTERBOUND(#207,.T.);
#207= IFCPOLYLOOP((#180,#194,#171,#169));
#209= IFCFACE((#219));
#211= IFCCARTESIANPOINT((0.278999999999769,-0.03649999998742715,0.02100000000000312));
#213= IFCCARTESIANPOINT((0.2774692662703728,-0.03619551812153077,0.02253073372946172));
#215= IFCCARTESIANPOINT((0.02253073372935432,-0.03619551812153077,0.02253073372946178));
#217= IFCCARTESIANPOINT((0.02099999999995816,-0.03649999998742715,0.02100000000000318));
#219= IFCFACEOUTERBOUND(#220,.T.);
#220= IFCPOLYLOOP((#211,#213,#215,#217));
#222= IFCFACE((#228));
#224= IFCCARTESIANPOINT((0.02382842712472666,-0.03532842711865669,0.02382842712474716));
#226= IFCCARTESIANPOINT((0.2761715728750005,-0.03532842711865669,0.02382842712474711));
#228= IFCFACEOUTERBOUND(#229,.T.);
#229= IFCPOLYLOOP((#224,#215,#213,#226));
#231= IFCFACE((#237));
#233= IFCCARTESIANPOINT((0.2753044818696253,-0.0340307337246486,0.02469551813004572));
#235= IFCCARTESIANPOINT((0.02469551813010185,-0.0340307337246486,0.02469551813004578));
#237= IFCFACEOUTERBOUND(#238,.T.);
#238= IFCPOLYLOOP((#233,#235,#224,#226));
#240= IFCFACE((#246));
#242= IFCCARTESIANPOINT((0.2750768588782648,-0.03328036128368694,0.02492314112161341));
#244= IFCCARTESIANPOINT((0.02492314112146232,-0.03328036128368694,0.02492314112161347));
#246= IFCFACEOUTERBOUND(#247,.T.);
#247= IFCPOLYLOOP((#233,#242,#244,#235));
#249= IFCFACE((#255));
#251= IFCCARTESIANPOINT((0.02499999999986358,-0.0324999999938882,0.02500000000000046));
#253= IFCCARTESIANPOINT((0.2749999999998636,-0.0324999999938882,0.0250000000000004));
#255= IFCFACEOUTERBOUND(#256,.T.);
#256= IFCPOLYLOOP((#251,#244,#242,#253));
#258= IFCFACE((#272));
#260= IFCCARTESIANPOINT((0.006120984673543717,-0.03649999998742715,0.006120984673597826));
#262= IFCCARTESIANPOINT((0.2938790153261834,-0.03649999998742715,0.006120984673597762));
#264= IFCCARTESIANPOINT((0.2938790153259561,-0.03649999998742715,0.61));
#266= IFCCARTESIANPOINT((0.2789999999995416,-0.03649999998742715,0.61));
#268= IFCCARTESIANPOINT((0.02100000000018554,-0.03649999998742715,0.61));
#270= IFCCARTESIANPOINT((0.00612098467377109,-0.03649999998742715,0.61));
#272= IFCFACEOUTERBOUND(#273,.T.);
#273= IFCPOLYLOOP((#260,#262,#264,#266,#211,#217,#268,#270));
#275= IFCFACE((#285));
#277= IFCCARTESIANPOINT((0.004159414112791637,-0.0381098193465732,0.004159414112791351));
#279= IFCCARTESIANPOINT((0.004120984673591011,-0.0384999999878346,0.004120984673597825));
#281= IFCCARTESIANPOINT((0.2958790153261361,-0.0384999999878346,0.00412098467359776));
#283= IFCCARTESIANPOINT((0.2958405858869355,-0.0381098193465732,0.004159414112791285));
#285= IFCFACEOUTERBOUND(#286,.T.);
#286= IFCPOLYLOOP((#277,#279,#281,#283));
#288= IFCFACE((#294));
#290= IFCCARTESIANPOINT((0.004273225608585562,-0.0377346331224544,0.004273225608575239));
#292= IFCCARTESIANPOINT((0.2957267743911416,-0.0377346331224544,0.004273225608575174));
#294= IFCFACEOUTERBOUND(#295,.T.);
#295= IFCPOLYLOOP((#290,#277,#283,#292));
#297= IFCFACE((#303));
#299= IFCCARTESIANPOINT((0.004706771111159469,-0.03708578642545035,0.004706771111224721));
#301= IFCCARTESIANPOINT((0.2952932288885677,-0.03708578642545035,0.004706771111224656));
#303= IFCFACEOUTERBOUND(#304,.T.);
#304= IFCPOLYLOOP((#299,#290,#292,#301));
#306= IFCFACE((#312));
#308= IFCCARTESIANPOINT((0.2946443821908815,-0.03665224092401331,0.005355617808867576));
#310= IFCCARTESIANPOINT((0.005355617808845636,-0.03665224092401331,0.00535561780886764));
#312= IFCFACEOUTERBOUND(#313,.T.);
#313= IFCPOLYLOOP((#308,#310,#299,#301));
#315= IFCFACE((#317));
#317= IFCFACEOUTERBOUND(#318,.T.);
#318= IFCPOLYLOOP((#308,#262,#260,#310));
#320= IFCFACE((#326));
#322= IFCCARTESIANPOINT((0.004143140852875149,-0.08050105501752114,0.004143140852901964));
#324= IFCCARTESIANPOINT((0.295856859146852,-0.08050105501752114,0.004143140852901899));
#326= IFCFACEOUTERBOUND(#327,.T.);
#327= IFCPOLYLOOP((#279,#322,#324,#281));
#329= IFCFACE((#339));
#331= IFCCARTESIANPOINT((0.00537801739619681,-0.08234785997046856,0.005378017396353948));
#333= IFCCARTESIANPOINT((0.006143140574522477,-0.08249999998952262,0.006143140574629783));
#335= IFCCARTESIANPOINT((0.2938568594252047,-0.08249999998952262,0.006143140574629719));
#337= IFCCARTESIANPOINT((0.2946219826035303,-0.08234785997046856,0.005378017396353883));
#339= IFCFACEOUTERBOUND(#340,.T.);
#340= IFCPOLYLOOP((#331,#333,#335,#337));
#342= IFCFACE((#348));
#344= IFCCARTESIANPOINT((0.2952706999294605,-0.08191458650981076,0.00472930007033182));
#346= IFCCARTESIANPOINT((0.004729300070266618,-0.08191458650981076,0.004729300070331885));
#348= IFCFACEOUTERBOUND(#349,.T.);
#349= IFCPOLYLOOP((#344,#346,#331,#337));
#351= IFCFACE((#357));
#353= IFCCARTESIANPOINT((0.004295684460430493,-0.08126609783357708,0.004295684460644805));
#355= IFCCARTESIANPOINT((0.2957043155392967,-0.08126609783357708,0.00429568446064474));
#357= IFCFACEOUTERBOUND(#358,.T.);
#358= IFCPOLYLOOP((#353,#346,#344,#355));
#360= IFCFACE((#366));
#362= IFCCARTESIANPOINT((0.004181750320185529,-0.08089108600688633,0.004181750320385564));
#364= IFCCARTESIANPOINT((0.2958182496795416,-0.08089108600688633,0.004181750320385499));
#366= IFCFACEOUTERBOUND(#367,.T.);
#367= IFCPOLYLOOP((#362,#353,#355,#364));
#369= IFCFACE((#371));
#371= IFCFACEOUTERBOUND(#372,.T.);
#372= IFCPOLYLOOP((#364,#324,#322,#362));
#374= IFCFACE((#384));
#376= IFCCARTESIANPOINT((0.01756706100513838,-0.08281490829540417,0.01756706100519699));
#378= IFCCARTESIANPOINT((0.01887778160585185,-0.08371004959190032,0.01887778160593324));
#380= IFCCARTESIANPOINT((0.2811222183938753,-0.08371004959190032,0.01887778160593318));
#382= IFCCARTESIANPOINT((0.2824329389945888,-0.08281490829540417,0.01756706100519694));
#384= IFCFACEOUTERBOUND(#385,.T.);
#385= IFCPOLYLOOP((#376,#378,#380,#382));
#387= IFCFACE((#393));
#389= IFCCARTESIANPOINT((0.283988605795912,-0.08249999998952262,0.0160113942038078));
#391= IFCCARTESIANPOINT((0.01601139420381514,-0.08249999998952262,0.01601139420380786));
#393= IFCFACEOUTERBOUND(#394,.T.);
#394= IFCPOLYLOOP((#382,#389,#391,#376));
#396= IFCFACE((#402));
#398= IFCCARTESIANPOINT((0.02499999999986358,-0.08999999998923158,0.02500000000000045));
#400= IFCCARTESIANPOINT((0.2749999999998636,-0.08999999998923158,0.02500000000000039));
#402= IFCFACEOUTERBOUND(#403,.T.);
#403= IFCPOLYLOOP((#378,#398,#400,#380));
#405= IFCFACE((#411));
#407= IFCCARTESIANPOINT((0.2749999999998636,-0.1200000000026193,0.02499999999999993));
#409= IFCCARTESIANPOINT((0.02499999999986358,-0.1200000000026193,0.02499999999999999));
#411= IFCFACEOUTERBOUND(#412,.T.);
#412= IFCPOLYLOOP((#407,#400,#398,#409));
#414= IFCFACE((#420));
#416= IFCCARTESIANPOINT((0.,-0.1199999999880674,-2.204364238331997E-17));
#418= IFCCARTESIANPOINT((0.2999999999997272,-0.1199999999880674,-8.865702385986001E-17));
#420= IFCFACEOUTERBOUND(#421,.T.);
#421= IFCPOLYLOOP((#416,#418,#407,#409));
#423= IFCFACE((#429));
#425= IFCCARTESIANPOINT((0.,0.,0.));
#427= IFCCARTESIANPOINT((0.2999999999997272,0.,-6.661338147654004E-17));
#429= IFCFACEOUTERBOUND(#430,.T.);
#430= IFCPOLYLOOP((#416,#425,#427,#418));
#432= IFCFACE((#446));
#434= IFCCARTESIANPOINT((0.008036462509380726,0.,0.008036462509443029));
#436= IFCCARTESIANPOINT((0.2919635374903464,0.,0.008036462509442965));
#438= IFCCARTESIANPOINT((0.2919635374898917,0.,0.61));
#440= IFCCARTESIANPOINT((0.2999999999994998,0.,0.61));
#442= IFCCARTESIANPOINT((2.273736754432321E-13,0.,0.61));
#444= IFCCARTESIANPOINT((0.008036462509835474,0.,0.61));
#446= IFCFACEOUTERBOUND(#447,.T.);
#447= IFCPOLYLOOP((#434,#436,#438,#440,#427,#425,#442,#444));
#449= IFCFACE((#455));
#451= IFCCARTESIANPOINT((0.005921825426867144,-0.0150464246617048,0.005921825426949452));
#453= IFCCARTESIANPOINT((0.29407817457286,-0.0150464246617048,0.005921825426949388));
#455= IFCFACEOUTERBOUND(#456,.T.);
#456= IFCPOLYLOOP((#434,#451,#453,#436));
#458= IFCFACE((#468));
#460= IFCCARTESIANPOINT((0.006670072700671881,-0.0164102993439883,0.006670072700780229));
#462= IFCCARTESIANPOINT((0.007209173916180589,-0.01652734968956793,0.007209173916313373));
#464= IFCCARTESIANPOINT((0.2927908260835466,-0.01652734968956793,0.00720917391631331));
#466= IFCCARTESIANPOINT((0.2933299272990553,-0.0164102993439883,0.006670072700780165));
#468= IFCFACEOUTERBOUND(#469,.T.);
#469= IFCPOLYLOOP((#460,#462,#464,#466));
#471= IFCFACE((#477));
#473= IFCCARTESIANPOINT((0.2937719485380512,-0.01608022642903961,0.006228051461908491));
#475= IFCCARTESIANPOINT((0.006228051461675932,-0.01608022642903961,0.006228051461908555));
#477= IFCFACEOUTERBOUND(#478,.T.);
#478= IFCPOLYLOOP((#466,#473,#475,#460));
#480= IFCFACE((#486));
#482= IFCCARTESIANPOINT((0.005962708260767613,-0.01559656963945599,0.005962708260910127));
#484= IFCCARTESIANPOINT((0.2940372917389595,-0.01559656963945599,0.005962708260910063));
#486= IFCFACEOUTERBOUND(#487,.T.);
#487= IFCPOLYLOOP((#482,#475,#473,#484));
#489= IFCFACE((#495));
#491= IFCCARTESIANPOINT((0.005912748675427792,-0.0153236907281098,0.005912748675661637));
#493= IFCCARTESIANPOINT((0.2940872513242994,-0.0153236907281098,0.005912748675661572));
#495= IFCFACEOUTERBOUND(#496,.T.);
#496= IFCPOLYLOOP((#491,#482,#484,#493));
#498= IFCFACE((#500));
#500= IFCFACEOUTERBOUND(#501,.T.);
#501= IFCPOLYLOOP((#451,#491,#493,#453));
#503= IFCFACE((#509));
#505= IFCCARTESIANPOINT((0.02099999999995816,-0.01649999999062857,0.02100000000000318));
#507= IFCCARTESIANPOINT((0.278999999999769,-0.01649999999062857,0.02100000000000312));
#509= IFCFACEOUTERBOUND(#510,.T.);
#510= IFCPOLYLOOP((#462,#505,#507,#464));
#512= IFCFACE((#522));
#514= IFCCARTESIANPOINT((0.02492445501547991,-0.01971908922860166,0.02492445501561459));
#516= IFCCARTESIANPOINT((0.02499999999986358,-0.02049999999871943,0.02500000000000046));
#518= IFCCARTESIANPOINT((0.2749999999998636,-0.02049999999871943,0.0250000000000004));
#520= IFCCARTESIANPOINT((0.2750755449842472,-0.01971908922860166,0.02492445501561453));
#522= IFCFACEOUTERBOUND(#523,.T.);
#523= IFCPOLYLOOP((#514,#516,#518,#520));
#525= IFCFACE((#531));
#527= IFCCARTESIANPOINT((0.2753023589236818,-0.01896803389536217,0.02469764107604513));
#529= IFCCARTESIANPOINT((0.02469764107604533,-0.01896803389536217,0.02469764107604518));
#531= IFCFACEOUTERBOUND(#532,.T.);
#532= IFCPOLYLOOP((#520,#527,#529,#514));
#534= IFCFACE((#540));
#536= IFCCARTESIANPOINT((0.02383075151988123,-0.01766924847470364,0.02383075151988475));
#538= IFCCARTESIANPOINT((0.2761692484798459,-0.01766924847470364,0.02383075151988469));
#540= IFCFACEOUTERBOUND(#541,.T.);
#541= IFCPOLYLOOP((#536,#529,#527,#538));
#543= IFCFACE((#549));
#545= IFCCARTESIANPOINT((0.0225319661035428,-0.01680235892126802,0.02253196610367369));
#547= IFCCARTESIANPOINT((0.2774680338961844,-0.01680235892126802,0.02253196610367363));
#549= IFCFACEOUTERBOUND(#550,.T.);
#550= IFCPOLYLOOP((#545,#536,#538,#547));
#552= IFCFACE((#554));
#554= IFCFACEOUTERBOUND(#555,.T.);
#555= IFCPOLYLOOP((#505,#545,#547,#507));
#557= IFCFACE((#559));
#559= IFCFACEOUTERBOUND(#560,.T.);
#560= IFCPOLYLOOP((#253,#518,#516,#251));
#562= IFCFACE((#572));
#564= IFCCARTESIANPOINT((0.1974410362788603,-0.1199999999953434,0.5875000000004804));
#566= IFCCARTESIANPOINT((0.2749999999996362,-0.1199999999953434,0.5043760708957126));
#568= IFCCARTESIANPOINT((0.2749999999996362,-0.1199999999953434,0.5131710376059782));
#570= IFCCARTESIANPOINT((0.2056471991891158,-0.1199999999953434,0.5875000000004804));
#572= IFCFACEOUTERBOUND(#573,.T.);
#573= IFCPOLYLOOP((#564,#566,#568,#570));
#575= IFCFACE((#585));
#577= IFCCARTESIANPOINT((0.02500000000009095,-0.1199999999953434,0.5131710376059782));
#579= IFCCARTESIANPOINT((0.02500000000009095,-0.1199999999953434,0.5043760708957126));
#581= IFCCARTESIANPOINT((0.1025589637210942,-0.1199999999953434,0.5875000000004804));
#583= IFCCARTESIANPOINT((0.09435280081061137,-0.1199999999953434,0.5875000000004804));
#585= IFCFACEOUTERBOUND(#586,.T.);
#586= IFCPOLYLOOP((#577,#579,#581,#583));
#588= IFCFACE((#594));
#590= IFCCARTESIANPOINT((0.02500000000009095,-0.1199999999880674,0.6100000000000001));
#592= IFCCARTESIANPOINT((0.02500000000031832,-0.1199999999880674,0.5875000000003278));
#594= IFCFACEOUTERBOUND(#595,.T.);
#595= IFCPOLYLOOP((#583,#590,#592));
#597= IFCFACE((#603));
#599= IFCCARTESIANPOINT((0.2749999999994088,-0.1199999999880674,0.5875000000003278));
#601= IFCCARTESIANPOINT((0.2749999999996362,-0.1199999999880674,0.6100000000000001));
#603= IFCFACEOUTERBOUND(#604,.T.);
#604= IFCPOLYLOOP((#570,#599,#601));
#606= IFCFACE((#608));
#608= IFCFACEOUTERBOUND(#609,.T.);
#609= IFCPOLYLOOP((#590,#583,#581,#564,#570,#601));
#611= IFCFACE((#621));
#613= IFCCARTESIANPOINT((0.2749999999994088,-0.08999999998923158,0.5875000000001938));
#615= IFCCARTESIANPOINT((0.2749999999994088,-0.0324999999938882,0.5874999999999369));
#617= IFCCARTESIANPOINT((0.2749999999994088,-0.0324999999938882,0.61));
#619= IFCCARTESIANPOINT((0.2749999999994088,-0.08999999998923158,0.6099999999999999));
#621= IFCFACEOUTERBOUND(#622,.T.);
#622= IFCPOLYLOOP((#613,#615,#617,#619));
#624= IFCFACE((#650,#657));
#626= IFCCARTESIANPOINT((0.1400000000001,-0.07454589584085625,0.5874999999998857));
#628= IFCCARTESIANPOINT((0.1436126904084176,-0.0789368622135953,0.5874999999999053));
#630= IFCCARTESIANPOINT((0.1489368552636279,-0.08093320543412119,0.5874999999999142));
#632= IFCCARTESIANPOINT((0.1545458888926987,-0.08000000695028575,0.58749999999991));
#634= IFCCARTESIANPOINT((0.1589368552640735,-0.07638731654151343,0.5874999999998939));
#636= IFCCARTESIANPOINT((0.1609331984845994,-0.07106315168493893,0.5874999999998701));
#638= IFCCARTESIANPOINT((0.1599999999998545,-0.06545411805564072,0.5874999999998451));
#640= IFCCARTESIANPOINT((0.156387309592219,-0.06106315168290166,0.5874999999998254));
#642= IFCCARTESIANPOINT((0.1510631447370088,-0.05906680846237577,0.5874999999998165));
#644= IFCCARTESIANPOINT((0.1454541111079379,-0.06000000694621122,0.5874999999998207));
#646= IFCCARTESIANPOINT((0.1410631447365631,-0.06361269735498354,0.5874999999998368));
#648= IFCCARTESIANPOINT((0.1390668015160372,-0.06893686221155804,0.5874999999998606));
#650= IFCFACEBOUND(#651,.T.);
#651= IFCPOLYLOOP((#626,#628,#630,#632,#634,#636,#638,#640,#642,#644,#646,#648));
#653= IFCCARTESIANPOINT((0.1974410362788603,-0.01649999999062857,0.5875000000004804));
#655= IFCCARTESIANPOINT((0.1025589637210942,-0.01649999999062857,0.5875000000004804));
#657= IFCFACEOUTERBOUND(#658,.T.);
#658= IFCPOLYLOOP((#653,#564,#581,#655));
#660= IFCFACE((#686,#699));
#662= IFCCARTESIANPOINT((0.08049238349508414,-0.07048691828822484,0.5874999999998228));
#664= IFCCARTESIANPOINT((0.07500000000004547,-0.06901523856504355,0.5874999999998163));
#666= IFCCARTESIANPOINT((0.06950761650500681,-0.07048691828822484,0.5874999999998228));
#668= IFCCARTESIANPOINT((0.06548691273201257,-0.07450762205553474,0.5874999999998408));
#670= IFCCARTESIANPOINT((0.06401523300996814,-0.08000000555330189,0.5874999999998654));
#672= IFCCARTESIANPOINT((0.06548691273201257,-0.08549238905106904,0.5874999999998899));
#674= IFCCARTESIANPOINT((0.06950761650500681,-0.08951309281837894,0.5874999999999079));
#676= IFCCARTESIANPOINT((0.07500000000004547,-0.09098477254156023,0.5874999999999144));
#678= IFCCARTESIANPOINT((0.08049238349508414,-0.08951309281837894,0.5874999999999079));
#680= IFCCARTESIANPOINT((0.08451308726807838,-0.08549238905106904,0.5874999999998899));
#682= IFCCARTESIANPOINT((0.08598476699012281,-0.08000000555330189,0.5874999999998654));
#684= IFCCARTESIANPOINT((0.08451308726807838,-0.07450762205553474,0.5874999999998408));
#686= IFCFACEBOUND(#687,.T.);
#687= IFCPOLYLOOP((#662,#664,#666,#668,#670,#672,#674,#676,#678,#680,#682,#684));
#689= IFCCARTESIANPOINT((0.02500000000031832,-0.08999999998923158,0.5875000000001938));
#691= IFCCARTESIANPOINT((0.02500000000031832,-0.0324999999938882,0.5874999999999369));
#693= IFCCARTESIANPOINT((0.02500000000031832,-0.02049999999871943,0.5874999999998832));
#695= IFCCARTESIANPOINT((0.02500000000031832,-0.01649999998335261,0.5874999999998654));
#697= IFCCARTESIANPOINT((0.09435280081061137,-0.01649999999062857,0.5875000000004804));
#699= IFCFACEOUTERBOUND(#700,.T.);
#700= IFCPOLYLOOP((#592,#689,#691,#693,#695,#697,#583));
#702= IFCFACE((#710,#737));
#704= IFCCARTESIANPOINT((0.2056471991891158,-0.01649999999062857,0.5875000000004804));
#706= IFCCARTESIANPOINT((0.2749999999994088,-0.01649999998335261,0.5874999999998654));
#708= IFCCARTESIANPOINT((0.2749999999994088,-0.02049999999871943,0.5874999999998832));
#710= IFCFACEOUTERBOUND(#711,.T.);
#711= IFCPOLYLOOP((#704,#706,#708,#615,#613,#599,#570));
#713= IFCCARTESIANPOINT((0.2154869127316488,-0.08549238905106904,0.5874999999998899));
#715= IFCCARTESIANPOINT((0.219507616504643,-0.08951309281837894,0.5874999999999079));
#717= IFCCARTESIANPOINT((0.2249999999996817,-0.09098477254156023,0.5874999999999144));
#719= IFCCARTESIANPOINT((0.2304923834947203,-0.08951309281837894,0.5874999999999079));
#721= IFCCARTESIANPOINT((0.2345130872677146,-0.08549238905106904,0.5874999999998899));
#723= IFCCARTESIANPOINT((0.235984766989759,-0.08000000555330189,0.5874999999998654));
#725= IFCCARTESIANPOINT((0.2345130872677146,-0.07450762205553474,0.5874999999998408));
#727= IFCCARTESIANPOINT((0.2304923834947203,-0.07048691828822484,0.5874999999998228));
#729= IFCCARTESIANPOINT((0.2249999999996817,-0.06901523856504355,0.5874999999998163));
#731= IFCCARTESIANPOINT((0.219507616504643,-0.07048691828822484,0.5874999999998228));
#733= IFCCARTESIANPOINT((0.2154869127316488,-0.07450762205553474,0.5874999999998408));
#735= IFCCARTESIANPOINT((0.2140152330096043,-0.08000000555330189,0.5874999999998654));
#737= IFCFACEBOUND(#738,.T.);
#738= IFCPOLYLOOP((#713,#715,#717,#719,#721,#723,#725,#727,#729,#731,#733,#735));
#740= IFCFACE((#750));
#742= IFCCARTESIANPOINT((0.2749999999994088,-0.0324999999938882,0.5131710376060581));
#744= IFCCARTESIANPOINT((0.2749999999994088,-0.08999999998923158,0.5131710376060581));
#746= IFCCARTESIANPOINT((0.2749999999994088,-0.08999999998923158,0.5043760708960652));
#748= IFCCARTESIANPOINT((0.2749999999994088,-0.0324999999938882,0.5043760708960652));
#750= IFCFACEOUTERBOUND(#751,.T.);
#751= IFCPOLYLOOP((#742,#744,#746,#748));
#753= IFCFACE((#759));
#755= IFCCARTESIANPOINT((0.2749999999996362,-0.01649999999062857,0.5043760708957126));
#757= IFCCARTESIANPOINT((0.2749999999994088,-0.02049999999871943,0.5043760708960652));
#759= IFCFACEOUTERBOUND(#760,.T.);
#760= IFCPOLYLOOP((#748,#746,#566,#564,#653,#755,#757));
#762= IFCFACE((#768));
#764= IFCCARTESIANPOINT((0.2749999999994088,-0.02049999999871943,0.5131710376060581));
#766= IFCCARTESIANPOINT((0.2749999999996362,-0.01649999999062857,0.5131710376059782));
#768= IFCFACEOUTERBOUND(#769,.T.);
#769= IFCPOLYLOOP((#704,#570,#568,#744,#742,#764,#766));
#771= IFCFACE((#781));
#773= IFCCARTESIANPOINT((0.02500000000031832,-0.0324999999938882,0.5043760708960654));
#775= IFCCARTESIANPOINT((0.02500000000031832,-0.08999999998923158,0.5043760708960654));
#777= IFCCARTESIANPOINT((0.02500000000031832,-0.08999999998923158,0.5131710376060584));
#779= IFCCARTESIANPOINT((0.02500000000031832,-0.0324999999938882,0.5131710376060584));
#781= IFCFACEOUTERBOUND(#782,.T.);
#782= IFCPOLYLOOP((#773,#775,#777,#779));
#784= IFCFACE((#790));
#786= IFCCARTESIANPOINT((0.02500000000031832,-0.02049999999871943,0.5043760708960654));
#788= IFCCARTESIANPOINT((0.02500000000009095,-0.01649999999062857,0.5043760708957126));
#790= IFCFACEOUTERBOUND(#791,.T.);
#791= IFCPOLYLOOP((#773,#786,#788,#655,#581,#579,#775));
#793= IFCFACE((#799));
#795= IFCCARTESIANPOINT((0.02500000000031832,-0.02049999999871943,0.5131710376060584));
#797= IFCCARTESIANPOINT((0.02500000000009095,-0.01649999999062857,0.5131710376059782));
#799= IFCFACEOUTERBOUND(#800,.T.);
#800= IFCPOLYLOOP((#795,#779,#777,#577,#583,#697,#797));
#802= IFCFACE((#804));
#804= IFCFACEOUTERBOUND(#805,.T.);
#805= IFCPOLYLOOP((#757,#755,#766,#764));
#807= IFCFACE((#809));
#809= IFCFACEOUTERBOUND(#810,.T.);
#810= IFCPOLYLOOP((#795,#797,#788,#786));
#812= IFCFACE((#822));
#814= IFCCARTESIANPOINT((0.02500000000031832,-0.0324999999938882,0.2874999999999368));
#816= IFCCARTESIANPOINT((0.02500000000031832,-0.08999999998923158,0.2875000000001937));
#818= IFCCARTESIANPOINT((0.02500000000031832,-0.08999999998923158,0.3125000000000036));
#820= IFCCARTESIANPOINT((0.02500000000031832,-0.0324999999938882,0.3125000000000036));
#822= IFCFACEOUTERBOUND(#823,.T.);
#823= IFCPOLYLOOP((#814,#816,#818,#820));
#825= IFCFACE((#835));
#827= IFCCARTESIANPOINT((0.06548691273201257,-0.07450762205553474,0.2874999999998401));
#829= IFCCARTESIANPOINT((0.06950761650500681,-0.07048691828822484,0.2874999999998221));
#831= IFCCARTESIANPOINT((0.06950761650500681,-0.07048691828822484,0.3125000000000036));
#833= IFCCARTESIANPOINT((0.06548691273201257,-0.07450762205553474,0.3125000000000036));
#835= IFCFACEOUTERBOUND(#836,.T.);
#836= IFCPOLYLOOP((#827,#829,#831,#833));
#838= IFCFACE((#844));
#840= IFCCARTESIANPOINT((0.07500000000004547,-0.06901523856504355,0.3125000000000036));
#842= IFCCARTESIANPOINT((0.07500000000004547,-0.06901523856504355,0.2874999999998156));
#844= IFCFACEOUTERBOUND(#845,.T.);
#845= IFCPOLYLOOP((#840,#831,#829,#842));
#847= IFCFACE((#853));
#849= IFCCARTESIANPOINT((0.08049238349508414,-0.07048691828822484,0.2874999999998221));
#851= IFCCARTESIANPOINT((0.08049238349508414,-0.07048691828822484,0.3125000000000036));
#853= IFCFACEOUTERBOUND(#854,.T.);
#854= IFCPOLYLOOP((#842,#849,#851,#840));
#856= IFCFACE((#862));
#858= IFCCARTESIANPOINT((0.08451308726807838,-0.07450762205553474,0.3125000000000036));
#860= IFCCARTESIANPOINT((0.08451308726807838,-0.07450762205553474,0.2874999999998401));
#862= IFCFACEOUTERBOUND(#863,.T.);
#863= IFCPOLYLOOP((#858,#851,#849,#860));
#865= IFCFACE((#871));
#867= IFCCARTESIANPOINT((0.08598476699012281,-0.08000000555330189,0.2874999999998646));
#869= IFCCARTESIANPOINT((0.08598476699012281,-0.08000000555330189,0.3125000000000036));
#871= IFCFACEOUTERBOUND(#872,.T.);
#872= IFCPOLYLOOP((#860,#867,#869,#858));
#874= IFCFACE((#880));
#876= IFCCARTESIANPOINT((0.08451308726807838,-0.08549238905106904,0.2874999999998892));
#878= IFCCARTESIANPOINT((0.08451308726807838,-0.08549238905106904,0.3125000000000036));
#880= IFCFACEOUTERBOUND(#881,.T.);
#881= IFCPOLYLOOP((#867,#876,#878,#869));
#883= IFCFACE((#889));
#885= IFCCARTESIANPOINT((0.08049238349508414,-0.08951309281837894,0.2874999999999072));
#887= IFCCARTESIANPOINT((0.08049238349508414,-0.08951309281837894,0.3125000000000036));
#889= IFCFACEOUTERBOUND(#890,.T.);
#890= IFCPOLYLOOP((#876,#885,#887,#878));
#892= IFCFACE((#898));
#894= IFCCARTESIANPOINT((0.07500000000004547,-0.09098477254156023,0.3125000000000036));
#896= IFCCARTESIANPOINT((0.07500000000004547,-0.09098477254156023,0.2874999999999137));
#898= IFCFACEOUTERBOUND(#899,.T.);
#899= IFCPOLYLOOP((#894,#887,#885,#896));
#901= IFCFACE((#907));
#903= IFCCARTESIANPOINT((0.06950761650500681,-0.08951309281837894,0.2874999999999072));
#905= IFCCARTESIANPOINT((0.06950761650500681,-0.08951309281837894,0.3125000000000036));
#907= IFCFACEOUTERBOUND(#908,.T.);
#908= IFCPOLYLOOP((#896,#903,#905,#894));
#910= IFCFACE((#916));
#912= IFCCARTESIANPOINT((0.06548691273201257,-0.08549238905106904,0.3125000000000036));
#914= IFCCARTESIANPOINT((0.06548691273201257,-0.08549238905106904,0.2874999999998892));
#916= IFCFACEOUTERBOUND(#917,.T.);
#917= IFCPOLYLOOP((#912,#905,#903,#914));
#919= IFCFACE((#925));
#921= IFCCARTESIANPOINT((0.06401523300996814,-0.08000000555330189,0.3125000000000036));
#923= IFCCARTESIANPOINT((0.06401523300996814,-0.08000000555330189,0.2874999999998646));
#925= IFCFACEOUTERBOUND(#926,.T.);
#926= IFCPOLYLOOP((#921,#912,#914,#923));
#928= IFCFACE((#930));
#930= IFCFACEOUTERBOUND(#931,.T.);
#931= IFCPOLYLOOP((#833,#921,#923,#827));
#933= IFCFACE((#943));
#935= IFCCARTESIANPOINT((0.02500000000031832,-0.01649999998335261,0.3125000000000036));
#937= IFCCARTESIANPOINT((0.2749999999994088,-0.01649999998335261,0.3125000000000035));
#939= IFCCARTESIANPOINT((0.2749999999994088,-0.01649999998335261,0.2874999999998653));
#941= IFCCARTESIANPOINT((0.02500000000031832,-0.01649999998335261,0.2874999999998653));
#943= IFCFACEOUTERBOUND(#944,.T.);
#944= IFCPOLYLOOP((#935,#937,#939,#941));
#946= IFCFACE((#972,#999,#1002,#1017));
#948= IFCCARTESIANPOINT((0.1510631447363266,-0.05906680846237577,0.3125000000000036));
#950= IFCCARTESIANPOINT((0.1563873095917643,-0.06106315168290166,0.3125000000000036));
#952= IFCCARTESIANPOINT((0.1599999999998545,-0.06545411805564072,0.3125000000000036));
#954= IFCCARTESIANPOINT((0.1609331984845994,-0.07106315168493893,0.3125000000000036));
#956= IFCCARTESIANPOINT((0.1589368552643009,-0.07638731654151343,0.3125000000000036));
#958= IFCCARTESIANPOINT((0.1545458888931535,-0.08000000695028575,0.3125000000000036));
#960= IFCCARTESIANPOINT((0.14893685526431,-0.08093320543412119,0.3125000000000036));
#962= IFCCARTESIANPOINT((0.1436126904088724,-0.0789368622135953,0.3125000000000036));
#964= IFCCARTESIANPOINT((0.1400000000003274,-0.07454589584085625,0.3125000000000036));
#966= IFCCARTESIANPOINT((0.1390668015160372,-0.06893686221155804,0.3125000000000036));
#968= IFCCARTESIANPOINT((0.1410631447363357,-0.06361269735498354,0.3125000000000036));
#970= IFCCARTESIANPOINT((0.1454541111074832,-0.06000000694621122,0.3125000000000036));
#972= IFCFACEBOUND(#973,.T.);
#973= IFCPOLYLOOP((#948,#950,#952,#954,#956,#958,#960,#962,#964,#966,#968,#970));
#975= IFCCARTESIANPOINT((0.2154869127316488,-0.08549238905106904,0.3125000000000036));
#977= IFCCARTESIANPOINT((0.2140152330096043,-0.08000000555330189,0.3125000000000036));
#979= IFCCARTESIANPOINT((0.2154869127316488,-0.07450762205553474,0.3125000000000036));
#981= IFCCARTESIANPOINT((0.219507616504643,-0.07048691828822484,0.3125000000000036));
#983= IFCCARTESIANPOINT((0.2249999999996817,-0.06901523856504355,0.3125000000000036));
#985= IFCCARTESIANPOINT((0.2304923834947203,-0.07048691828822484,0.3125000000000036));
#987= IFCCARTESIANPOINT((0.2345130872677146,-0.07450762205553474,0.3125000000000036));
#989= IFCCARTESIANPOINT((0.235984766989759,-0.08000000555330189,0.3125000000000036));
#991= IFCCARTESIANPOINT((0.2345130872677146,-0.08549238905106904,0.3125000000000036));
#993= IFCCARTESIANPOINT((0.2304923834947203,-0.08951309281837894,0.3125000000000036));
#995= IFCCARTESIANPOINT((0.2249999999996817,-0.09098477254156023,0.3125000000000036));
#997= IFCCARTESIANPOINT((0.219507616504643,-0.08951309281837894,0.3125000000000036));
#999= IFCFACEBOUND(#1000,.T.);
#1000= IFCPOLYLOOP((#975,#977,#979,#981,#983,#985,#987,#989,#991,#993,#995,#997));
#1002= IFCFACEBOUND(#1003,.T.);
#1003= IFCPOLYLOOP((#851,#858,#869,#878,#887,#894,#905,#912,#921,#833,#831,#840));
#1005= IFCCARTESIANPOINT((0.02500000000031832,-0.1199999999880674,0.3125000000000036));
#1007= IFCCARTESIANPOINT((0.2749999999994088,-0.1199999999880674,0.3125000000000035));
#1009= IFCCARTESIANPOINT((0.2749999999996362,-0.08999999998923158,0.3125000000000035));
#1011= IFCCARTESIANPOINT((0.2749999999996362,-0.0324999999938882,0.3125000000000035));
#1013= IFCCARTESIANPOINT((0.2749999999996362,-0.02049208297103178,0.3125000000000035));
#1015= IFCCARTESIANPOINT((0.02500000000031832,-0.02049999999871943,0.3125000000000036));
#1017= IFCFACEOUTERBOUND(#1018,.T.);
#1018= IFCPOLYLOOP((#820,#818,#1005,#1007,#1009,#1011,#1013,#937,#935,#1015));
#1020= IFCFACE((#1026));
#1022= IFCCARTESIANPOINT((0.1510631447370088,-0.05906680846237577,0.2874999999998158));
#1024= IFCCARTESIANPOINT((0.156387309592219,-0.06106315168290166,0.2874999999998247));
#1026= IFCFACEOUTERBOUND(#1027,.T.);
#1027= IFCPOLYLOOP((#1022,#1024,#950,#948));
#1029= IFCFACE((#1033));
#1031= IFCCARTESIANPOINT((0.1454541111079379,-0.06000000694621122,0.28749999999982));
#1033= IFCFACEOUTERBOUND(#1034,.T.);
#1034= IFCPOLYLOOP((#970,#1031,#1022,#948));
#1036= IFCFACE((#1040));
#1038= IFCCARTESIANPOINT((0.1410631447365631,-0.06361269735498354,0.2874999999998361));
#1040= IFCFACEOUTERBOUND(#1041,.T.);
#1041= IFCPOLYLOOP((#1038,#1031,#970,#968));
#1043= IFCFACE((#1047));
#1045= IFCCARTESIANPOINT((0.1390668015160372,-0.06893686221155804,0.2874999999998599));
#1047= IFCFACEOUTERBOUND(#1048,.T.);
#1048= IFCPOLYLOOP((#966,#1045,#1038,#968));
#1050= IFCFACE((#1054));
#1052= IFCCARTESIANPOINT((0.1400000000001,-0.07454589584085625,0.287499999999885));
#1054= IFCFACEOUTERBOUND(#1055,.T.);
#1055= IFCPOLYLOOP((#1052,#1045,#966,#964));
#1057= IFCFACE((#1061));
#1059= IFCCARTESIANPOINT((0.1436126904084176,-0.0789368622135953,0.2874999999999046));
#1061= IFCFACEOUTERBOUND(#1062,.T.);
#1062= IFCPOLYLOOP((#1059,#1052,#964,#962));
#1064= IFCFACE((#1068));
#1066= IFCCARTESIANPOINT((0.1489368552636279,-0.08093320543412119,0.2874999999999135));
#1068= IFCFACEOUTERBOUND(#1069,.T.);
#1069= IFCPOLYLOOP((#960,#1066,#1059,#962));
#1071= IFCFACE((#1075));
#1073= IFCCARTESIANPOINT((0.1545458888926987,-0.08000000695028575,0.2874999999999093));
#1075= IFCFACEOUTERBOUND(#1076,.T.);
#1076= IFCPOLYLOOP((#958,#1073,#1066,#960));
#1078= IFCFACE((#1082));
#1080= IFCCARTESIANPOINT((0.1589368552640735,-0.07638731654151343,0.2874999999998932));
#1082= IFCFACEOUTERBOUND(#1083,.T.);
#1083= IFCPOLYLOOP((#1080,#1073,#958,#956));
#1085= IFCFACE((#1089));
#1087= IFCCARTESIANPOINT((0.1609331984845994,-0.07106315168493893,0.2874999999998694));
#1089= IFCFACEOUTERBOUND(#1090,.T.);
#1090= IFCPOLYLOOP((#954,#1087,#1080,#956));
#1092= IFCFACE((#1096));
#1094= IFCCARTESIANPOINT((0.1599999999998545,-0.06545411805564072,0.2874999999998443));
#1096= IFCFACEOUTERBOUND(#1097,.T.);
#1097= IFCPOLYLOOP((#1094,#1087,#954,#952));
#1099= IFCFACE((#1101));
#1101= IFCFACEOUTERBOUND(#1102,.T.);
#1102= IFCPOLYLOOP((#950,#1024,#1094,#952));
#1104= IFCFACE((#1106,#1133,#1148,#1151));
#1106= IFCFACEOUTERBOUND(#1107,.T.);
#1107= IFCPOLYLOOP((#1094,#1024,#1022,#1031,#1038,#1045,#1052,#1059,#1066,#1073,#1080,#1087));
#1109= IFCCARTESIANPOINT((0.2154869127316488,-0.07450762205553474,0.2874999999998401));
#1111= IFCCARTESIANPOINT((0.2140152330096043,-0.08000000555330189,0.2874999999998646));
#1113= IFCCARTESIANPOINT((0.2154869127316488,-0.08549238905106904,0.2874999999998892));
#1115= IFCCARTESIANPOINT((0.219507616504643,-0.08951309281837894,0.2874999999999072));
#1117= IFCCARTESIANPOINT((0.2249999999996817,-0.09098477254156023,0.2874999999999137));
#1119= IFCCARTESIANPOINT((0.2304923834947203,-0.08951309281837894,0.2874999999999072));
#1121= IFCCARTESIANPOINT((0.2345130872677146,-0.08549238905106904,0.2874999999998892));
#1123= IFCCARTESIANPOINT((0.235984766989759,-0.08000000555330189,0.2874999999998646));
#1125= IFCCARTESIANPOINT((0.2345130872677146,-0.07450762205553474,0.2874999999998401));
#1127= IFCCARTESIANPOINT((0.2304923834947203,-0.07048691828822484,0.2874999999998221));
#1129= IFCCARTESIANPOINT((0.2249999999996817,-0.06901523856504355,0.2874999999998156));
#1131= IFCCARTESIANPOINT((0.219507616504643,-0.07048691828822484,0.2874999999998221));
#1133= IFCFACEBOUND(#1134,.T.);
#1134= IFCPOLYLOOP((#1109,#1111,#1113,#1115,#1117,#1119,#1121,#1123,#1125,#1127,#1129,#1131));
#1136= IFCCARTESIANPOINT((0.2749999999996362,-0.08999999998923158,0.2875000000001936));
#1138= IFCCARTESIANPOINT((0.2749999999994088,-0.1199999999880674,0.2875000000003277));
#1140= IFCCARTESIANPOINT((0.02500000000031832,-0.1199999999880674,0.2875000000003278));
#1142= IFCCARTESIANPOINT((0.02500000000031832,-0.02049999999871943,0.2874999999998832));
#1144= IFCCARTESIANPOINT((0.2749999999996362,-0.02049208297103178,0.287499999999883));
#1146= IFCCARTESIANPOINT((0.2749999999996362,-0.0324999999938882,0.2874999999999366));
#1148= IFCFACEBOUND(#1149,.T.);
#1149= IFCPOLYLOOP((#1136,#1138,#1140,#816,#814,#1142,#941,#939,#1144,#1146));
#1151= IFCFACEBOUND(#1152,.T.);
#1152= IFCPOLYLOOP((#876,#867,#860,#849,#842,#829,#827,#923,#914,#903,#896,#885));
#1154= IFCFACE((#1156));
#1156= IFCFACEOUTERBOUND(#1157,.T.);
#1157= IFCPOLYLOOP((#1136,#1146,#1011,#1009));
#1159= IFCFACE((#1161));
#1161= IFCFACEOUTERBOUND(#1162,.T.);
#1162= IFCPOLYLOOP((#993,#991,#1121,#1119));
#1164= IFCFACE((#1166));
#1166= IFCFACEOUTERBOUND(#1167,.T.);
#1167= IFCPOLYLOOP((#995,#993,#1119,#1117));
#1169= IFCFACE((#1171));
#1171= IFCFACEOUTERBOUND(#1172,.T.);
#1172= IFCPOLYLOOP((#1117,#1115,#997,#995));
#1174= IFCFACE((#1176));
#1176= IFCFACEOUTERBOUND(#1177,.T.);
#1177= IFCPOLYLOOP((#975,#997,#1115,#1113));
#1179= IFCFACE((#1181));
#1181= IFCFACEOUTERBOUND(#1182,.T.);
#1182= IFCPOLYLOOP((#1113,#1111,#977,#975));
#1184= IFCFACE((#1186));
#1186= IFCFACEOUTERBOUND(#1187,.T.);
#1187= IFCPOLYLOOP((#979,#977,#1111,#1109));
#1189= IFCFACE((#1191));
#1191= IFCFACEOUTERBOUND(#1192,.T.);
#1192= IFCPOLYLOOP((#981,#979,#1109,#1131));
#1194= IFCFACE((#1196));
#1196= IFCFACEOUTERBOUND(#1197,.T.);
#1197= IFCPOLYLOOP((#983,#981,#1131,#1129));
#1199= IFCFACE((#1201));
#1201= IFCFACEOUTERBOUND(#1202,.T.);
#1202= IFCPOLYLOOP((#985,#983,#1129,#1127));
#1204= IFCFACE((#1206));
#1206= IFCFACEOUTERBOUND(#1207,.T.);
#1207= IFCPOLYLOOP((#1127,#1125,#987,#985));
#1209= IFCFACE((#1211));
#1211= IFCFACEOUTERBOUND(#1212,.T.);
#1212= IFCPOLYLOOP((#989,#987,#1125,#1123));
#1214= IFCFACE((#1216));
#1216= IFCFACEOUTERBOUND(#1217,.T.);
#1217= IFCPOLYLOOP((#1123,#1121,#991,#989));
#1219= IFCFACE((#1221));
#1221= IFCFACEOUTERBOUND(#1222,.T.);
#1222= IFCPOLYLOOP((#1144,#939,#937,#1013));
#1224= IFCFACE((#1226));
#1226= IFCFACEOUTERBOUND(#1227,.T.);
#1227= IFCPOLYLOOP((#941,#1142,#1015,#935));
#1229= IFCFACE((#1233,#1260));
#1231= IFCCARTESIANPOINT((0.2999999999994998,-0.1199999999880674,0.61));
#1233= IFCFACEOUTERBOUND(#1234,.T.);
#1234= IFCPOLYLOOP((#1231,#418,#427,#440));
#1236= IFCCARTESIANPOINT((0.2999999999994998,-0.0449499999958789,0.5599592921435284));
#1238= IFCCARTESIANPOINT((0.2999999999994998,-0.04074070784554351,0.5557500000000073));
#1240= IFCCARTESIANPOINT((0.2999999999994998,-0.03919999999197898,0.5500000000000073));
#1242= IFCCARTESIANPOINT((0.2999999999994998,-0.04074070784554351,0.5442500000000072));
#1244= IFCCARTESIANPOINT((0.2999999999994998,-0.0449499999958789,0.5400407078564862));
#1246= IFCCARTESIANPOINT((0.2999999999994998,-0.05069999999250285,0.5385000000000073));
#1248= IFCCARTESIANPOINT((0.2999999999994998,-0.05644999998912681,0.5400407078564862));
#1250= IFCCARTESIANPOINT((0.2999999999994998,-0.0606592921394622,0.5442500000000072));
#1252= IFCCARTESIANPOINT((0.2999999999994998,-0.06219999999302672,0.5500000000000073));
#1254= IFCCARTESIANPOINT((0.2999999999994998,-0.0606592921394622,0.5557500000000073));
#1256= IFCCARTESIANPOINT((0.2999999999994998,-0.05644999998912681,0.5599592921435284));
#1258= IFCCARTESIANPOINT((0.2999999999994998,-0.05069999999250285,0.5615000000000072));
#1260= IFCFACEBOUND(#1261,.T.);
#1261= IFCPOLYLOOP((#1236,#1238,#1240,#1242,#1244,#1246,#1248,#1250,#1252,#1254,#1256,#1258));
#1263= IFCFACE((#1269));
#1265= IFCCARTESIANPOINT((0.2829359371648934,-0.08264099898951827,0.6100000000000001));
#1267= IFCCARTESIANPOINT((0.2839886057956846,-0.08249999998952262,0.61));
#1269= IFCFACEOUTERBOUND(#1270,.T.);
#1270= IFCPOLYLOOP((#1265,#1267,#389));
#1272= IFCFACE((#1274));
#1274= IFCFACEOUTERBOUND(#1275,.T.);
#1275= IFCPOLYLOOP((#1265,#389,#382));
#1277= IFCFACE((#1281));
#1279= IFCCARTESIANPOINT((0.2819574811439907,-0.08305405561259249,0.6100000000000001));
#1281= IFCFACEOUTERBOUND(#1282,.T.);
#1282= IFCPOLYLOOP((#1279,#1265,#382));
#1284= IFCFACE((#1286));
#1286= IFCFACEOUTERBOUND(#1287,.T.);
#1287= IFCPOLYLOOP((#1279,#382,#380));
#1289= IFCFACE((#1293));
#1291= IFCCARTESIANPOINT((0.2811222183936479,-0.08371004959190032,0.61));
#1293= IFCFACEOUTERBOUND(#1294,.T.);
#1294= IFCPOLYLOOP((#1279,#380,#1291));
#1296= IFCFACE((#1298));
#1298= IFCFACEOUTERBOUND(#1299,.T.);
#1299= IFCPOLYLOOP((#1138,#407,#418));
#1301= IFCFACE((#1305));
#1303= IFCCARTESIANPOINT((2.273736754432321E-13,-0.1199999999880674,0.61));
#1305= IFCFACEOUTERBOUND(#1306,.T.);
#1306= IFCPOLYLOOP((#418,#1231,#1007,#1005,#1303,#416,#1140,#1138));
#1308= IFCFACE((#1310));
#1310= IFCFACEOUTERBOUND(#1311,.T.);
#1311= IFCPOLYLOOP((#1007,#1231,#566));
#1313= IFCFACE((#1315));
#1315= IFCFACEOUTERBOUND(#1316,.T.);
#1316= IFCPOLYLOOP((#568,#566,#1231));
#1318= IFCFACE((#1320));
#1320= IFCFACEOUTERBOUND(#1321,.T.);
#1321= IFCPOLYLOOP((#599,#568,#1231));
#1323= IFCFACE((#1325));
#1325= IFCFACEOUTERBOUND(#1326,.T.);
#1326= IFCPOLYLOOP((#599,#1231,#601));
#1328= IFCFACE((#1330));
#1330= IFCFACEOUTERBOUND(#1331,.T.);
#1331= IFCPOLYLOOP((#1291,#380,#400,#1136,#1009,#746,#744,#613,#619));
#1333= IFCFACE((#1339));
#1335= IFCCARTESIANPOINT((0.2958673259706757,-0.0606592921394622,0.5442500000000072));
#1337= IFCCARTESIANPOINT((0.2958665132243823,-0.06219999999302672,0.5500000000000073));
#1339= IFCFACEOUTERBOUND(#1340,.T.);
#1340= IFCPOLYLOOP((#1335,#1337,#1252,#1250));
#1342= IFCFACE((#1346));
#1344= IFCCARTESIANPOINT((0.2958695464346874,-0.05644999998912681,0.5400407078564862));
#1346= IFCFACEOUTERBOUND(#1347,.T.);
#1347= IFCPOLYLOOP((#1250,#1248,#1344,#1335));
#1349= IFCFACE((#1353));
#1351= IFCCARTESIANPOINT((0.2958725796449926,-0.05069999999250285,0.5385000000000073));
#1353= IFCFACEOUTERBOUND(#1354,.T.);
#1354= IFCPOLYLOOP((#1351,#1344,#1248,#1246));
#1356= IFCFACE((#1360));
#1358= IFCCARTESIANPOINT((0.2958756128552977,-0.0449499999958789,0.5400407078564862));
#1360= IFCFACEOUTERBOUND(#1361,.T.);
#1361= IFCPOLYLOOP((#1246,#1244,#1358,#1351));
#1363= IFCFACE((#1367));
#1365= IFCCARTESIANPOINT((0.2958778333193095,-0.04074070784554351,0.5442500000000072));
#1367= IFCFACEOUTERBOUND(#1368,.T.);
#1368= IFCPOLYLOOP((#1365,#1358,#1244,#1242));
#1370= IFCFACE((#1374));
#1372= IFCCARTESIANPOINT((0.2958786460656029,-0.03919999999197898,0.5500000000000073));
#1374= IFCFACEOUTERBOUND(#1375,.T.);
#1375= IFCPOLYLOOP((#1242,#1240,#1372,#1365));
#1377= IFCFACE((#1381));
#1379= IFCCARTESIANPOINT((0.2958778333193095,-0.04074070784554351,0.5557500000000073));
#1381= IFCFACEOUTERBOUND(#1382,.T.);
#1382= IFCPOLYLOOP((#1238,#1379,#1372,#1240));
#1384= IFCFACE((#1388));
#1386= IFCCARTESIANPOINT((0.2958756128552977,-0.0449499999958789,0.5599592921435284));
#1388= IFCFACEOUTERBOUND(#1389,.T.);
#1389= IFCPOLYLOOP((#1386,#1379,#1238,#1236));
#1391= IFCFACE((#1395));
#1393= IFCCARTESIANPOINT((0.2958725796449926,-0.05069999999250285,0.5615000000000072));
#1395= IFCFACEOUTERBOUND(#1396,.T.);
#1396= IFCPOLYLOOP((#1258,#1393,#1386,#1236));
#1398= IFCFACE((#1402));
#1400= IFCCARTESIANPOINT((0.2958695464346874,-0.05644999998912681,0.5599592921435284));
#1402= IFCFACEOUTERBOUND(#1403,.T.);
#1403= IFCPOLYLOOP((#1256,#1400,#1393,#1258));
#1405= IFCFACE((#1409));
#1407= IFCCARTESIANPOINT((0.2958673259706757,-0.0606592921394622,0.5557500000000073));
#1409= IFCFACEOUTERBOUND(#1410,.T.);
#1410= IFCPOLYLOOP((#1407,#1400,#1256,#1254));
#1412= IFCFACE((#1414));
#1414= IFCFACEOUTERBOUND(#1415,.T.);
#1415= IFCPOLYLOOP((#1337,#1407,#1254,#1252));
#1417= IFCFACE((#1419));
#1419= IFCFACEOUTERBOUND(#1420,.T.);
#1420= IFCPOLYLOOP((#615,#708,#764,#742));
#1422= IFCFACE((#1424));
#1424= IFCFACEOUTERBOUND(#1425,.T.);
#1425= IFCPOLYLOOP((#1011,#748,#757,#1013));
#1427= IFCFACE((#1429));
#1429= IFCFACEOUTERBOUND(#1430,.T.);
#1430= IFCPOLYLOOP((#1146,#1144,#518,#253));
#1432= IFCFACE((#1434));
#1434= IFCFACEOUTERBOUND(#1435,.T.);
#1435= IFCPOLYLOOP((#746,#1009,#1007,#566));
#1437= IFCFACE((#1439));
#1439= IFCFACEOUTERBOUND(#1440,.T.);
#1440= IFCPOLYLOOP((#599,#613,#744,#568));
#1442= IFCFACE((#1444));
#1444= IFCFACEOUTERBOUND(#1445,.T.);
#1445= IFCPOLYLOOP((#400,#407,#1138,#1136));
#1447= IFCFACE((#1449,#1476));
#1449= IFCFACEOUTERBOUND(#1450,.T.);
#1450= IFCPOLYLOOP((#442,#425,#416,#1303));
#1452= IFCCARTESIANPOINT((2.273736754432321E-13,-0.05644999998912681,0.5599592921435284));
#1454= IFCCARTESIANPOINT((2.273736754432321E-13,-0.0606592921394622,0.5557500000000073));
#1456= IFCCARTESIANPOINT((2.273736754432321E-13,-0.06219999999302672,0.5500000000000073));
#1458= IFCCARTESIANPOINT((2.273736754432321E-13,-0.0606592921394622,0.5442500000000072));
#1460= IFCCARTESIANPOINT((2.273736754432321E-13,-0.05644999998912681,0.5400407078564862));
#1462= IFCCARTESIANPOINT((2.273736754432321E-13,-0.05069999999250285,0.5385000000000073));
#1464= IFCCARTESIANPOINT((2.273736754432321E-13,-0.0449499999958789,0.5400407078564862));
#1466= IFCCARTESIANPOINT((2.273736754432321E-13,-0.04074070784554351,0.5442500000000072));
#1468= IFCCARTESIANPOINT((2.273736754432321E-13,-0.03919999999197898,0.5500000000000073));
#1470= IFCCARTESIANPOINT((2.273736754432321E-13,-0.04074070784554351,0.5557500000000073));
#1472= IFCCARTESIANPOINT((2.273736754432321E-13,-0.0449499999958789,0.5599592921435284));
#1474= IFCCARTESIANPOINT((2.273736754432321E-13,-0.05069999999250285,0.5615000000000072));
#1476= IFCFACEBOUND(#1477,.T.);
#1477= IFCPOLYLOOP((#1452,#1454,#1456,#1458,#1460,#1462,#1464,#1466,#1468,#1470,#1472,#1474));
#1479= IFCFACE((#1483));
#1481= IFCCARTESIANPOINT((0.004120984673818384,-0.0384999999878346,0.61));
#1483= IFCFACEOUTERBOUND(#1484,.T.);
#1484= IFCPOLYLOOP((#1481,#279,#277));
#1486= IFCFACE((#1490));
#1488= IFCCARTESIANPOINT((0.004388933866266598,-0.03749999998399289,0.61));
#1490= IFCFACEOUTERBOUND(#1491,.T.);
#1491= IFCPOLYLOOP((#1488,#1481,#277));
#1493= IFCFACE((#1495));
#1495= IFCFACEOUTERBOUND(#1496,.T.);
#1496= IFCPOLYLOOP((#1488,#277,#290));
#1498= IFCFACE((#1500));
#1500= IFCFACEOUTERBOUND(#1501,.T.);
#1501= IFCPOLYLOOP((#1488,#290,#299));
#1503= IFCFACE((#1507));
#1505= IFCCARTESIANPOINT((0.005120984673794737,-0.03676794918283122,0.61));
#1507= IFCFACEOUTERBOUND(#1508,.T.);
#1508= IFCPOLYLOOP((#1505,#1488,#299));
#1510= IFCFACE((#1512));
#1512= IFCFACEOUTERBOUND(#1513,.T.);
#1513= IFCPOLYLOOP((#1505,#299,#310));
#1515= IFCFACE((#1517));
#1517= IFCFACEOUTERBOUND(#1518,.T.);
#1518= IFCPOLYLOOP((#270,#1505,#310));
#1520= IFCFACE((#1522));
#1522= IFCFACEOUTERBOUND(#1523,.T.);
#1523= IFCPOLYLOOP((#270,#310,#260));
#1525= IFCFACE((#1529));
#1527= IFCCARTESIANPOINT((0.004121353934124272,-0.03919999999197898,0.5500000000000073));
#1529= IFCFACEOUTERBOUND(#1530,.T.);
#1530= IFCPOLYLOOP((#1527,#279,#1481));
#1532= IFCFACE((#1558));
#1534= IFCCARTESIANPOINT((0.00412438714442942,-0.0449499999958789,0.5599592921435284));
#1536= IFCCARTESIANPOINT((0.004122166680417649,-0.04074070784554351,0.5557500000000073));
#1538= IFCCARTESIANPOINT((0.004143140853102523,-0.08050105501752114,0.61));
#1540= IFCCARTESIANPOINT((0.004122166680417649,-0.04074070784554351,0.5442500000000072));
#1542= IFCCARTESIANPOINT((0.00412438714442942,-0.0449499999958789,0.5400407078564862));
#1544= IFCCARTESIANPOINT((0.004127420354734568,-0.05069999999250285,0.5385000000000073));
#1546= IFCCARTESIANPOINT((0.004130453565039716,-0.05644999998912681,0.5400407078564862));
#1548= IFCCARTESIANPOINT((0.004132674029051486,-0.0606592921394622,0.5442500000000072));
#1550= IFCCARTESIANPOINT((0.004133486775344863,-0.06219999999302672,0.5500000000000073));
#1552= IFCCARTESIANPOINT((0.004132674029051486,-0.0606592921394622,0.5557500000000073));
#1554= IFCCARTESIANPOINT((0.004130453565039716,-0.05644999998912681,0.5599592921435284));
#1556= IFCCARTESIANPOINT((0.004127420354734568,-0.05069999999250285,0.5615000000000072));
#1558= IFCFACEOUTERBOUND(#1559,.T.);
#1559= IFCPOLYLOOP((#1534,#1536,#1527,#1481,#1538,#322,#279,#1540,#1542,#1544,#1546,#1548,#1550,#1552,#1554,#1556));
#1561= IFCFACE((#1565));
#1563= IFCCARTESIANPOINT((0.006143140575204598,-0.08249999998952262,0.61));
#1565= IFCFACEOUTERBOUND(#1566,.T.);
#1566= IFCPOLYLOOP((#1563,#333,#331));
#1568= IFCFACE((#1572));
#1570= IFCCARTESIANPOINT((0.005143445151134074,-0.08223222661035834,0.61));
#1572= IFCFACEOUTERBOUND(#1573,.T.);
#1573= IFCPOLYLOOP((#1570,#1563,#331));
#1575= IFCFACE((#1577));
#1577= IFCFACEOUTERBOUND(#1578,.T.);
#1578= IFCPOLYLOOP((#1570,#331,#346));
#1580= IFCFACE((#1584));
#1582= IFCCARTESIANPOINT((0.00441144155092843,-0.08150060904881684,0.61));
#1584= IFCFACEOUTERBOUND(#1585,.T.);
#1585= IFCPOLYLOOP((#1582,#1570,#346));
#1587= IFCFACE((#1589));
#1589= IFCFACEOUTERBOUND(#1590,.T.);
#1590= IFCPOLYLOOP((#1582,#346,#353));
#1592= IFCFACE((#1594));
#1594= IFCFACEOUTERBOUND(#1595,.T.);
#1595= IFCPOLYLOOP((#1582,#353,#362));
#1597= IFCFACE((#1599));
#1599= IFCFACEOUTERBOUND(#1600,.T.);
#1600= IFCPOLYLOOP((#1538,#1582,#362));
#1602= IFCFACE((#1604));
#1604= IFCFACEOUTERBOUND(#1605,.T.);
#1605= IFCPOLYLOOP((#1538,#362,#322));
#1607= IFCFACE((#1613));
#1609= IFCCARTESIANPOINT((0.006670072701126628,-0.0164102993439883,0.61));
#1611= IFCCARTESIANPOINT((0.007209173916635336,-0.01652734968956793,0.61));
#1613= IFCFACEOUTERBOUND(#1614,.T.);
#1614= IFCPOLYLOOP((#462,#460,#1609,#1611));
#1616= IFCFACE((#1620));
#1618= IFCCARTESIANPOINT((0.006228051462358053,-0.01608022642903961,0.61));
#1620= IFCFACEOUTERBOUND(#1621,.T.);
#1621= IFCPOLYLOOP((#1618,#1609,#460));
#1623= IFCFACE((#1625));
#1625= IFCFACEOUTERBOUND(#1626,.T.);
#1626= IFCPOLYLOOP((#1618,#460,#475));
#1628= IFCFACE((#1632));
#1630= IFCCARTESIANPOINT((0.00596270826122236,-0.01559656964673195,0.61));
#1632= IFCFACEOUTERBOUND(#1633,.T.);
#1633= IFCPOLYLOOP((#1630,#1618,#475));
#1635= IFCFACE((#1637));
#1637= IFCFACEOUTERBOUND(#1638,.T.);
#1638= IFCPOLYLOOP((#1630,#475,#482));
#1640= IFCFACE((#1642));
#1642= IFCFACEOUTERBOUND(#1643,.T.);
#1643= IFCPOLYLOOP((#1630,#482,#491));
#1645= IFCFACE((#1649));
#1647= IFCCARTESIANPOINT((0.005921825427094518,-0.0150464246617048,0.61));
#1649= IFCFACEOUTERBOUND(#1650,.T.);
#1650= IFCPOLYLOOP((#1647,#1630,#491));
#1652= IFCFACE((#1654));
#1654= IFCFACEOUTERBOUND(#1655,.T.);
#1655= IFCPOLYLOOP((#1647,#491,#451));
#1657= IFCFACE((#1659));
#1659= IFCFACEOUTERBOUND(#1660,.T.);
#1660= IFCPOLYLOOP((#1647,#451,#434,#444));
#1662= IFCFACE((#1664));
#1664= IFCFACEOUTERBOUND(#1665,.T.);
#1665= IFCPOLYLOOP((#416,#409,#1140));
#1667= IFCFACE((#1669));
#1669= IFCFACEOUTERBOUND(#1670,.T.);
#1670= IFCPOLYLOOP((#1303,#1005,#579));
#1672= IFCFACE((#1674));
#1674= IFCFACEOUTERBOUND(#1675,.T.);
#1675= IFCPOLYLOOP((#1303,#579,#577));
#1677= IFCFACE((#1679));
#1679= IFCFACEOUTERBOUND(#1680,.T.);
#1680= IFCPOLYLOOP((#1303,#577,#592));
#1682= IFCFACE((#1684));
#1684= IFCFACEOUTERBOUND(#1685,.T.);
#1685= IFCPOLYLOOP((#1303,#592,#590));
#1687= IFCFACE((#1689));
#1689= IFCFACEOUTERBOUND(#1690,.T.);
#1690= IFCPOLYLOOP((#1454,#1452,#1554,#1552));
#1692= IFCFACE((#1694));
#1694= IFCFACEOUTERBOUND(#1695,.T.);
#1695= IFCPOLYLOOP((#1556,#1554,#1452,#1474));
#1697= IFCFACE((#1699));
#1699= IFCFACEOUTERBOUND(#1700,.T.);
#1700= IFCPOLYLOOP((#1534,#1556,#1474,#1472));
#1702= IFCFACE((#1704));
#1704= IFCFACEOUTERBOUND(#1705,.T.);
#1705= IFCPOLYLOOP((#1536,#1534,#1472,#1470));
#1707= IFCFACE((#1709));
#1709= IFCFACEOUTERBOUND(#1710,.T.);
#1710= IFCPOLYLOOP((#1527,#1536,#1470,#1468));
#1712= IFCFACE((#1714));
#1714= IFCFACEOUTERBOUND(#1715,.T.);
#1715= IFCPOLYLOOP((#1466,#1540,#1527,#1468));
#1717= IFCFACE((#1719));
#1719= IFCFACEOUTERBOUND(#1720,.T.);
#1720= IFCPOLYLOOP((#1542,#1540,#1466,#1464));
#1722= IFCFACE((#1724));
#1724= IFCFACEOUTERBOUND(#1725,.T.);
#1725= IFCPOLYLOOP((#1462,#1544,#1542,#1464));
#1727= IFCFACE((#1729));
#1729= IFCFACEOUTERBOUND(#1730,.T.);
#1730= IFCPOLYLOOP((#1546,#1544,#1462,#1460));
#1732= IFCFACE((#1734));
#1734= IFCFACEOUTERBOUND(#1735,.T.);
#1735= IFCPOLYLOOP((#1548,#1546,#1460,#1458));
#1737= IFCFACE((#1739));
#1739= IFCFACEOUTERBOUND(#1740,.T.);
#1740= IFCPOLYLOOP((#1550,#1548,#1458,#1456));
#1742= IFCFACE((#1744));
#1744= IFCFACEOUTERBOUND(#1745,.T.);
#1745= IFCPOLYLOOP((#1550,#1456,#1454,#1552));
#1747= IFCFACE((#1749));
#1749= IFCFACEOUTERBOUND(#1750,.T.);
#1750= IFCPOLYLOOP((#786,#773,#820,#1015));
#1752= IFCFACE((#1754));
#1754= IFCFACEOUTERBOUND(#1755,.T.);
#1755= IFCPOLYLOOP((#779,#795,#693,#691));
#1757= IFCFACE((#1759));
#1759= IFCFACEOUTERBOUND(#1760,.T.);
#1760= IFCPOLYLOOP((#251,#516,#1142,#814));
#1762= IFCFACE((#1764));
#1764= IFCFACEOUTERBOUND(#1765,.T.);
#1765= IFCPOLYLOOP((#592,#577,#777,#689));
#1767= IFCFACE((#1769));
#1769= IFCFACEOUTERBOUND(#1770,.T.);
#1770= IFCPOLYLOOP((#775,#579,#1005,#818));
#1772= IFCFACE((#1774));
#1774= IFCFACEOUTERBOUND(#1775,.T.);
#1775= IFCPOLYLOOP((#1140,#409,#398,#816));
#1777= IFCFACE((#1783));
#1779= IFCCARTESIANPOINT((0.06950761650500681,-0.07048691828822484,0.6099999999999994));
#1781= IFCCARTESIANPOINT((0.06548691273201257,-0.07450762205553474,0.6099999999999994));
#1783= IFCFACEOUTERBOUND(#1784,.T.);
#1784= IFCPOLYLOOP((#668,#666,#1779,#1781));
#1786= IFCFACE((#1790));
#1788= IFCCARTESIANPOINT((0.07500000000004547,-0.06901523856504355,0.6099999999999994));
#1790= IFCFACEOUTERBOUND(#1791,.T.);
#1791= IFCPOLYLOOP((#1788,#1779,#666,#664));
#1793= IFCFACE((#1797));
#1795= IFCCARTESIANPOINT((0.08049238349508414,-0.07048691828822484,0.6099999999999994));
#1797= IFCFACEOUTERBOUND(#1798,.T.);
#1798= IFCPOLYLOOP((#664,#662,#1795,#1788));
#1800= IFCFACE((#1804));
#1802= IFCCARTESIANPOINT((0.08451308726807838,-0.07450762205553474,0.6099999999999994));
#1804= IFCFACEOUTERBOUND(#1805,.T.);
#1805= IFCPOLYLOOP((#1802,#1795,#662,#684));
#1807= IFCFACE((#1811));
#1809= IFCCARTESIANPOINT((0.08598476699012281,-0.08000000555330189,0.6099999999999994));
#1811= IFCFACEOUTERBOUND(#1812,.T.);
#1812= IFCPOLYLOOP((#1809,#1802,#684,#682));
#1814= IFCFACE((#1818));
#1816= IFCCARTESIANPOINT((0.08451308726807838,-0.08549238905106904,0.6099999999999994));
#1818= IFCFACEOUTERBOUND(#1819,.T.);
#1819= IFCPOLYLOOP((#682,#680,#1816,#1809));
#1821= IFCFACE((#1825));
#1823= IFCCARTESIANPOINT((0.08049238349508414,-0.08951309281837894,0.6099999999999994));
#1825= IFCFACEOUTERBOUND(#1826,.T.);
#1826= IFCPOLYLOOP((#1823,#1816,#680,#678));
#1828= IFCFACE((#1832));
#1830= IFCCARTESIANPOINT((0.07500000000004547,-0.09098477254156023,0.6099999999999994));
#1832= IFCFACEOUTERBOUND(#1833,.T.);
#1833= IFCPOLYLOOP((#1830,#1823,#678,#676));
#1835= IFCFACE((#1839));
#1837= IFCCARTESIANPOINT((0.06950761650500681,-0.08951309281837894,0.6099999999999994));
#1839= IFCFACEOUTERBOUND(#1840,.T.);
#1840= IFCPOLYLOOP((#1837,#1830,#676,#674));
#1842= IFCFACE((#1846));
#1844= IFCCARTESIANPOINT((0.06548691273201257,-0.08549238905106904,0.6099999999999994));
#1846= IFCFACEOUTERBOUND(#1847,.T.);
#1847= IFCPOLYLOOP((#1844,#1837,#674,#672));
#1849= IFCFACE((#1853));
#1851= IFCCARTESIANPOINT((0.06401523300996814,-0.08000000555330189,0.6099999999999994));
#1853= IFCFACEOUTERBOUND(#1854,.T.);
#1854= IFCPOLYLOOP((#672,#670,#1851,#1844));
#1856= IFCFACE((#1858));
#1858= IFCFACEOUTERBOUND(#1859,.T.);
#1859= IFCPOLYLOOP((#1781,#1851,#670,#668));
#1861= IFCFACE((#1867));
#1863= IFCCARTESIANPOINT((0.1595130872683512,-0.07549239044601563,0.6099999999999994));
#1865= IFCCARTESIANPOINT((0.1609847669903957,-0.07000000694824848,0.6099999999999994));
#1867= IFCFACEOUTERBOUND(#1868,.T.);
#1868= IFCPOLYLOOP((#1863,#1865,#636));
#1870= IFCFACE((#1872));
#1872= IFCFACEOUTERBOUND(#1873,.T.);
#1873= IFCPOLYLOOP((#1863,#636,#634));
#1875= IFCFACE((#1879));
#1877= IFCCARTESIANPOINT((0.155492383495357,-0.07951309421332553,0.6099999999999994));
#1879= IFCFACEOUTERBOUND(#1880,.T.);
#1880= IFCPOLYLOOP((#1877,#1863,#634));
#1882= IFCFACE((#1884));
#1884= IFCFACEOUTERBOUND(#1885,.T.);
#1885= IFCPOLYLOOP((#1877,#634,#632));
#1887= IFCFACE((#1891));
#1889= IFCCARTESIANPOINT((0.1500000000003183,-0.08098477393650683,0.6099999999999994));
#1891= IFCFACEOUTERBOUND(#1892,.T.);
#1892= IFCPOLYLOOP((#1889,#1877,#632));
#1894= IFCFACE((#1896));
#1896= IFCFACEOUTERBOUND(#1897,.T.);
#1897= IFCPOLYLOOP((#1889,#632,#630));
#1899= IFCFACE((#1903));
#1901= IFCCARTESIANPOINT((0.1445076165052797,-0.07951309421332553,0.6099999999999994));
#1903= IFCFACEOUTERBOUND(#1904,.T.);
#1904= IFCPOLYLOOP((#1901,#1889,#630));
#1906= IFCFACE((#1908));
#1908= IFCFACEOUTERBOUND(#1909,.T.);
#1909= IFCPOLYLOOP((#1901,#630,#628));
#1911= IFCFACE((#1915));
#1913= IFCCARTESIANPOINT((0.1404869127322854,-0.07549239044601563,0.6099999999999994));
#1915= IFCFACEOUTERBOUND(#1916,.T.);
#1916= IFCPOLYLOOP((#1913,#1901,#628));
#1918= IFCFACE((#1920));
#1920= IFCFACEOUTERBOUND(#1921,.T.);
#1921= IFCPOLYLOOP((#1913,#628,#626));
#1923= IFCFACE((#1927));
#1925= IFCCARTESIANPOINT((0.139015233010241,-0.07000000694824848,0.6099999999999994));
#1927= IFCFACEOUTERBOUND(#1928,.T.);
#1928= IFCPOLYLOOP((#1925,#1913,#626));
#1930= IFCFACE((#1932));
#1932= IFCFACEOUTERBOUND(#1933,.T.);
#1933= IFCPOLYLOOP((#1925,#626,#648));
#1935= IFCFACE((#1939));
#1937= IFCCARTESIANPOINT((0.1404869127322854,-0.06450762345048133,0.6099999999999994));
#1939= IFCFACEOUTERBOUND(#1940,.T.);
#1940= IFCPOLYLOOP((#1937,#1925,#648));
#1942= IFCFACE((#1944));
#1944= IFCFACEOUTERBOUND(#1945,.T.);
#1945= IFCPOLYLOOP((#1937,#648,#646));
#1947= IFCFACE((#1951));
#1949= IFCCARTESIANPOINT((0.1445076165052797,-0.06048691968317144,0.6099999999999994));
#1951= IFCFACEOUTERBOUND(#1952,.T.);
#1952= IFCPOLYLOOP((#1949,#1937,#646));
#1954= IFCFACE((#1956));
#1956= IFCFACEOUTERBOUND(#1957,.T.);
#1957= IFCPOLYLOOP((#1949,#646,#644));
#1959= IFCFACE((#1963));
#1961= IFCCARTESIANPOINT((0.1500000000003183,-0.05901523995999014,0.6099999999999994));
#1963= IFCFACEOUTERBOUND(#1964,.T.);
#1964= IFCPOLYLOOP((#1961,#1949,#644));
#1966= IFCFACE((#1968));
#1968= IFCFACEOUTERBOUND(#1969,.T.);
#1969= IFCPOLYLOOP((#1961,#644,#642));
#1971= IFCFACE((#1975));
#1973= IFCCARTESIANPOINT((0.155492383495357,-0.06048691968317144,0.6099999999999994));
#1975= IFCFACEOUTERBOUND(#1976,.T.);
#1976= IFCPOLYLOOP((#1973,#1961,#642));
#1978= IFCFACE((#1980));
#1980= IFCFACEOUTERBOUND(#1981,.T.);
#1981= IFCPOLYLOOP((#1973,#642,#640));
#1983= IFCFACE((#1987));
#1985= IFCCARTESIANPOINT((0.1595130872683512,-0.06450762345048133,0.6099999999999994));
#1987= IFCFACEOUTERBOUND(#1988,.T.);
#1988= IFCPOLYLOOP((#1985,#1973,#640));
#1990= IFCFACE((#1992));
#1992= IFCFACEOUTERBOUND(#1993,.T.);
#1993= IFCPOLYLOOP((#1985,#640,#638));
#1995= IFCFACE((#1997));
#1997= IFCFACEOUTERBOUND(#1998,.T.);
#1998= IFCPOLYLOOP((#1865,#1985,#638));
#2000= IFCFACE((#2002));
#2002= IFCFACEOUTERBOUND(#2003,.T.);
#2003= IFCPOLYLOOP((#1865,#638,#636));
#2005= IFCFACE((#2011));
#2007= IFCCARTESIANPOINT((0.2304923834947203,-0.08951309281837894,0.6099999999999994));
#2009= IFCCARTESIANPOINT((0.2345130872677146,-0.08549238905106904,0.6099999999999994));
#2011= IFCFACEOUTERBOUND(#2012,.T.);
#2012= IFCPOLYLOOP((#2007,#2009,#721,#719));
#2014= IFCFACE((#2018));
#2016= IFCCARTESIANPOINT((0.2249999999996817,-0.09098477254156023,0.6099999999999994));
#2018= IFCFACEOUTERBOUND(#2019,.T.);
#2019= IFCPOLYLOOP((#2016,#2007,#719,#717));
#2021= IFCFACE((#2025));
#2023= IFCCARTESIANPOINT((0.219507616504643,-0.08951309281837894,0.6099999999999994));
#2025= IFCFACEOUTERBOUND(#2026,.T.);
#2026= IFCPOLYLOOP((#2023,#2016,#717,#715));
#2028= IFCFACE((#2032));
#2030= IFCCARTESIANPOINT((0.2154869127316488,-0.08549238905106904,0.6099999999999994));
#2032= IFCFACEOUTERBOUND(#2033,.T.);
#2033= IFCPOLYLOOP((#2030,#2023,#715,#713));
#2035= IFCFACE((#2039));
#2037= IFCCARTESIANPOINT((0.2140152330096043,-0.08000000555330189,0.6099999999999994));
#2039= IFCFACEOUTERBOUND(#2040,.T.);
#2040= IFCPOLYLOOP((#2037,#2030,#713,#735));
#2042= IFCFACE((#2046));
#2044= IFCCARTESIANPOINT((0.2154869127316488,-0.07450762205553474,0.6099999999999994));
#2046= IFCFACEOUTERBOUND(#2047,.T.);
#2047= IFCPOLYLOOP((#2044,#2037,#735,#733));
#2049= IFCFACE((#2053));
#2051= IFCCARTESIANPOINT((0.219507616504643,-0.07048691828822484,0.6099999999999994));
#2053= IFCFACEOUTERBOUND(#2054,.T.);
#2054= IFCPOLYLOOP((#2051,#2044,#733,#731));
#2056= IFCFACE((#2060));
#2058= IFCCARTESIANPOINT((0.2249999999996817,-0.06901523856504355,0.6099999999999994));
#2060= IFCFACEOUTERBOUND(#2061,.T.);
#2061= IFCPOLYLOOP((#2058,#2051,#731,#729));
#2063= IFCFACE((#2067));
#2065= IFCCARTESIANPOINT((0.2304923834947203,-0.07048691828822484,0.6099999999999994));
#2067= IFCFACEOUTERBOUND(#2068,.T.);
#2068= IFCPOLYLOOP((#2065,#2058,#729,#727));
#2070= IFCFACE((#2074));
#2072= IFCCARTESIANPOINT((0.2345130872677146,-0.07450762205553474,0.6099999999999994));
#2074= IFCFACEOUTERBOUND(#2075,.T.);
#2075= IFCPOLYLOOP((#2072,#2065,#727,#725));
#2077= IFCFACE((#2081));
#2079= IFCCARTESIANPOINT((0.235984766989759,-0.08000000555330189,0.6099999999999994));
#2081= IFCFACEOUTERBOUND(#2082,.T.);
#2082= IFCPOLYLOOP((#2079,#2072,#725,#723));
#2084= IFCFACE((#2086));
#2086= IFCFACEOUTERBOUND(#2087,.T.);
#2087= IFCPOLYLOOP((#723,#721,#2009,#2079));
#2089= IFCFACE((#2091));
#2091= IFCFACEOUTERBOUND(#2092,.T.);
#2092= IFCPOLYLOOP((#1146,#253,#242));
#2094= IFCFACE((#2096));
#2096= IFCFACEOUTERBOUND(#2097,.T.);
#2097= IFCPOLYLOOP((#1146,#242,#1011));
#2099= IFCFACE((#2101));
#2101= IFCFACEOUTERBOUND(#2102,.T.);
#2102= IFCPOLYLOOP((#748,#1011,#242));
#2104= IFCFACE((#2106));
#2106= IFCFACEOUTERBOUND(#2107,.T.);
#2107= IFCPOLYLOOP((#617,#615,#742,#748,#242));
#2109= IFCFACE((#2113));
#2111= IFCCARTESIANPOINT((0.2755358983845326,-0.03449999999429565,0.6100000000000001));
#2113= IFCFACEOUTERBOUND(#2114,.T.);
#2114= IFCPOLYLOOP((#2111,#617,#242));
#2116= IFCFACE((#2118));
#2118= IFCFACEOUTERBOUND(#2119,.T.);
#2119= IFCPOLYLOOP((#2111,#242,#233));
#2121= IFCFACE((#2123));
#2123= IFCFACEOUTERBOUND(#2124,.T.);
#2124= IFCPOLYLOOP((#2111,#233,#226));
#2126= IFCFACE((#2130));
#2128= IFCCARTESIANPOINT((0.2769999999995889,-0.03596410161117092,0.6100000000000001));
#2130= IFCFACEOUTERBOUND(#2131,.T.);
#2131= IFCPOLYLOOP((#2128,#2111,#226));
#2133= IFCFACE((#2135));
#2135= IFCFACEOUTERBOUND(#2136,.T.);
#2136= IFCPOLYLOOP((#2128,#226,#213));
#2138= IFCFACE((#2140));
#2140= IFCFACEOUTERBOUND(#2141,.T.);
#2141= IFCPOLYLOOP((#266,#2128,#213));
#2143= IFCFACE((#2145));
#2145= IFCFACEOUTERBOUND(#2146,.T.);
#2146= IFCPOLYLOOP((#266,#213,#211));
#2148= IFCFACE((#2150));
#2150= IFCFACEOUTERBOUND(#2151,.T.);
#2151= IFCPOLYLOOP((#264,#262,#308));
#2153= IFCFACE((#2157));
#2155= IFCCARTESIANPOINT((0.2948790153259324,-0.03676794918283122,0.6100000000000001));
#2157= IFCFACEOUTERBOUND(#2158,.T.);
#2158= IFCPOLYLOOP((#2155,#264,#308));
#2160= IFCFACE((#2162));
#2162= IFCFACEOUTERBOUND(#2163,.T.);
#2163= IFCPOLYLOOP((#2155,#308,#301));
#2165= IFCFACE((#2169));
#2167= IFCCARTESIANPOINT((0.2956110661334606,-0.03749999998399289,0.6100000000000001));
#2169= IFCFACEOUTERBOUND(#2170,.T.);
#2170= IFCPOLYLOOP((#2167,#2155,#301));
#2172= IFCFACE((#2174));
#2174= IFCFACEOUTERBOUND(#2175,.T.);
#2175= IFCPOLYLOOP((#2167,#301,#292));
#2177= IFCFACE((#2179));
#2179= IFCFACEOUTERBOUND(#2180,.T.);
#2180= IFCPOLYLOOP((#2167,#292,#283));
#2182= IFCFACE((#2186));
#2184= IFCCARTESIANPOINT((0.2958790153259088,-0.0384999999878346,0.61));
#2186= IFCFACEOUTERBOUND(#2187,.T.);
#2187= IFCPOLYLOOP((#2184,#2167,#283));
#2189= IFCFACE((#2191));
#2191= IFCFACEOUTERBOUND(#2192,.T.);
#2192= IFCPOLYLOOP((#2184,#283,#281));
#2194= IFCFACE((#2196));
#2196= IFCFACEOUTERBOUND(#2197,.T.);
#2197= IFCPOLYLOOP((#1372,#2184,#281));
#2199= IFCFACE((#2203));
#2201= IFCCARTESIANPOINT((0.2958568591466246,-0.08050105501752114,0.61));
#2203= IFCFACEOUTERBOUND(#2204,.T.);
#2204= IFCPOLYLOOP((#2184,#1372,#1379,#1386,#1393,#1400,#1407,#1337,#1335,#1344,#1351,#1358,#1365,#281,#324,#2201));
#2206= IFCFACE((#2208));
#2208= IFCFACEOUTERBOUND(#2209,.T.);
#2209= IFCPOLYLOOP((#2201,#324,#364));
#2211= IFCFACE((#2215));
#2213= IFCCARTESIANPOINT((0.2955885584487987,-0.08150060904881684,0.6100000000000001));
#2215= IFCFACEOUTERBOUND(#2216,.T.);
#2216= IFCPOLYLOOP((#2213,#2201,#364));
#2218= IFCFACE((#2220));
#2220= IFCFACEOUTERBOUND(#2221,.T.);
#2221= IFCPOLYLOOP((#2213,#364,#355));
#2223= IFCFACE((#2225));
#2225= IFCFACEOUTERBOUND(#2226,.T.);
#2226= IFCPOLYLOOP((#2213,#355,#344));
#2228= IFCFACE((#2232));
#2230= IFCCARTESIANPOINT((0.2948565548485931,-0.08223222661035834,0.6100000000000001));
#2232= IFCFACEOUTERBOUND(#2233,.T.);
#2233= IFCPOLYLOOP((#2230,#2213,#344));
#2235= IFCFACE((#2237));
#2237= IFCFACEOUTERBOUND(#2238,.T.);
#2238= IFCPOLYLOOP((#2230,#344,#337));
#2240= IFCFACE((#2244));
#2242= IFCCARTESIANPOINT((0.2938568594245226,-0.08249999998952262,0.61));
#2244= IFCFACEOUTERBOUND(#2245,.T.);
#2245= IFCPOLYLOOP((#2242,#2230,#337));
#2247= IFCFACE((#2249));
#2249= IFCFACEOUTERBOUND(#2250,.T.);
#2250= IFCPOLYLOOP((#2242,#337,#335));
#2252= IFCFACE((#2256));
#2254= IFCCARTESIANPOINT((0.01601139420404252,-0.08249999998952262,0.61));
#2256= IFCFACEOUTERBOUND(#2257,.T.);
#2257= IFCPOLYLOOP((#391,#389,#1267,#2242,#335,#333,#1563,#2254));
#2259= IFCFACE((#2263));
#2261= IFCCARTESIANPOINT((0.2940781745726326,-0.0150464246617048,0.61));
#2263= IFCFACEOUTERBOUND(#2264,.T.);
#2264= IFCPOLYLOOP((#436,#453,#2261,#438));
#2266= IFCFACE((#2268));
#2268= IFCFACEOUTERBOUND(#2269,.T.);
#2269= IFCPOLYLOOP((#2261,#453,#493));
#2271= IFCFACE((#2275));
#2273= IFCCARTESIANPOINT((0.2940372917385048,-0.01559656964673195,0.6100000000000001));
#2275= IFCFACEOUTERBOUND(#2276,.T.);
#2276= IFCPOLYLOOP((#2273,#2261,#493));
#2278= IFCFACE((#2280));
#2280= IFCFACEOUTERBOUND(#2281,.T.);
#2281= IFCPOLYLOOP((#2273,#493,#484));
#2283= IFCFACE((#2285));
#2285= IFCFACEOUTERBOUND(#2286,.T.);
#2286= IFCPOLYLOOP((#2273,#484,#473));
#2288= IFCFACE((#2292));
#2290= IFCCARTESIANPOINT((0.2937719485373691,-0.01608022642903961,0.6100000000000001));
#2292= IFCFACEOUTERBOUND(#2293,.T.);
#2293= IFCPOLYLOOP((#2290,#2273,#473));
#2295= IFCFACE((#2297));
#2297= IFCFACEOUTERBOUND(#2298,.T.);
#2298= IFCPOLYLOOP((#2290,#473,#466));
#2300= IFCFACE((#2304));
#2302= IFCCARTESIANPOINT((0.2933299272986005,-0.0164102993439883,0.6100000000000001));
#2304= IFCFACEOUTERBOUND(#2305,.T.);
#2305= IFCPOLYLOOP((#2302,#2290,#466));
#2307= IFCFACE((#2311));
#2309= IFCCARTESIANPOINT((0.2927908260830918,-0.01652734968956793,0.61));
#2311= IFCFACEOUTERBOUND(#2312,.T.);
#2312= IFCPOLYLOOP((#464,#2309,#2302,#466));
#2314= IFCFACE((#2318));
#2316= IFCCARTESIANPOINT((0.2789999999995416,-0.01649999999062857,0.61));
#2318= IFCFACEOUTERBOUND(#2319,.T.);
#2319= IFCPOLYLOOP((#507,#2316,#2309,#464));
#2321= IFCFACE((#2325));
#2323= IFCCARTESIANPOINT((0.2749999999994088,-0.02049208297103178,0.61));
#2325= IFCFACEOUTERBOUND(#2326,.T.);
#2326= IFCPOLYLOOP((#2323,#757,#764,#708));
#2328= IFCFACE((#2330));
#2330= IFCFACEOUTERBOUND(#2331,.T.);
#2331= IFCPOLYLOOP((#1144,#1013,#520));
#2333= IFCFACE((#2335));
#2335= IFCFACEOUTERBOUND(#2336,.T.);
#2336= IFCPOLYLOOP((#1144,#520,#518));
#2338= IFCFACE((#2340));
#2340= IFCFACEOUTERBOUND(#2341,.T.);
#2341= IFCPOLYLOOP((#507,#547,#2316));
#2343= IFCFACE((#2347));
#2345= IFCCARTESIANPOINT((0.27746986342936,-0.01680160375690321,0.6100000000000001));
#2347= IFCFACEOUTERBOUND(#2348,.T.);
#2348= IFCPOLYLOOP((#2345,#2316,#547));
#2350= IFCFACE((#2354));
#2352= IFCCARTESIANPOINT((0.2761720489606887,-0.01766645077441353,0.6100000000000001));
#2354= IFCFACEOUTERBOUND(#2355,.T.);
#2355= IFCPOLYLOOP((#2352,#2345,#547));
#2357= IFCFACE((#2359));
#2359= IFCFACEOUTERBOUND(#2360,.T.);
#2360= IFCPOLYLOOP((#2352,#547,#538));
#2362= IFCFACE((#2366));
#2364= IFCCARTESIANPOINT((0.2753046298510071,-0.01896254753955873,0.6100000000000001));
#2366= IFCFACEOUTERBOUND(#2367,.T.);
#2367= IFCPOLYLOOP((#527,#520,#2364));
#2369= IFCFACE((#2371));
#2371= IFCFACEOUTERBOUND(#2372,.T.);
#2372= IFCPOLYLOOP((#538,#527,#2364));
#2374= IFCFACE((#2376));
#2376= IFCFACEOUTERBOUND(#2377,.T.);
#2377= IFCPOLYLOOP((#538,#2364,#2352));
#2379= IFCFACE((#2381));
#2381= IFCFACEOUTERBOUND(#2382,.T.);
#2382= IFCPOLYLOOP((#1013,#757,#2323));
#2384= IFCFACE((#2386));
#2386= IFCFACEOUTERBOUND(#2387,.T.);
#2387= IFCPOLYLOOP((#520,#1013,#2323));
#2389= IFCFACE((#2391));
#2391= IFCFACEOUTERBOUND(#2392,.T.);
#2392= IFCPOLYLOOP((#520,#2323,#2364));
#2394= IFCFACE((#2398));
#2396= IFCCARTESIANPOINT((0.2749999999996362,-0.01649999998335261,0.61));
#2398= IFCFACEOUTERBOUND(#2399,.T.);
#2399= IFCPOLYLOOP((#2323,#708,#706,#2396));
#2401= IFCFACE((#2405));
#2403= IFCCARTESIANPOINT((0.02500000000009095,-0.01649999998335261,0.61));
#2405= IFCFACEOUTERBOUND(#2406,.T.);
#2406= IFCPOLYLOOP((#695,#2403,#697));
#2408= IFCFACE((#2410));
#2410= IFCFACEOUTERBOUND(#2411,.T.);
#2411= IFCPOLYLOOP((#766,#755,#653,#704));
#2413= IFCFACE((#2415));
#2415= IFCFACEOUTERBOUND(#2416,.T.);
#2416= IFCPOLYLOOP((#704,#2396,#706));
#2418= IFCFACE((#2420));
#2420= IFCFACEOUTERBOUND(#2421,.T.);
#2421= IFCPOLYLOOP((#655,#788,#797,#697));
#2423= IFCFACE((#2425));
#2425= IFCFACEOUTERBOUND(#2426,.T.);
#2426= IFCPOLYLOOP((#2403,#2396,#704,#653,#655,#697));
#2428= IFCFACE((#2432));
#2430= IFCCARTESIANPOINT((0.02500000000031832,-0.02049208297103178,0.61));
#2432= IFCFACEOUTERBOUND(#2433,.T.);
#2433= IFCPOLYLOOP((#695,#693,#2430,#2403));
#2435= IFCFACE((#2437));
#2437= IFCFACEOUTERBOUND(#2438,.T.);
#2438= IFCPOLYLOOP((#795,#786,#1015,#1142,#2430,#693));
#2440= IFCFACE((#2442));
#2442= IFCFACEOUTERBOUND(#2443,.T.);
#2443= IFCPOLYLOOP((#2430,#1142,#516));
#2445= IFCFACE((#2447));
#2447= IFCFACEOUTERBOUND(#2448,.T.);
#2448= IFCPOLYLOOP((#2430,#516,#514));
#2450= IFCFACE((#2454));
#2452= IFCCARTESIANPOINT((0.02469537014872003,-0.01896254753955873,0.61));
#2454= IFCFACEOUTERBOUND(#2455,.T.);
#2455= IFCPOLYLOOP((#2452,#2430,#514));
#2457= IFCFACE((#2459));
#2459= IFCFACEOUTERBOUND(#2460,.T.);
#2460= IFCPOLYLOOP((#2452,#514,#529));
#2462= IFCFACE((#2464));
#2464= IFCFACEOUTERBOUND(#2465,.T.);
#2465= IFCPOLYLOOP((#2452,#529,#536));
#2467= IFCFACE((#2471));
#2469= IFCCARTESIANPOINT((0.02382795103903845,-0.01766645077441353,0.61));
#2471= IFCFACEOUTERBOUND(#2472,.T.);
#2472= IFCPOLYLOOP((#2469,#2452,#536));
#2474= IFCFACE((#2476));
#2476= IFCFACEOUTERBOUND(#2477,.T.);
#2477= IFCPOLYLOOP((#2469,#536,#545));
#2479= IFCFACE((#2483));
#2481= IFCCARTESIANPOINT((0.02253013657036718,-0.01680160375690321,0.61));
#2483= IFCFACEOUTERBOUND(#2484,.T.);
#2484= IFCPOLYLOOP((#2481,#2469,#545));
#2486= IFCFACE((#2490));
#2488= IFCCARTESIANPOINT((0.02100000000018554,-0.01649999999062857,0.61));
#2490= IFCFACEOUTERBOUND(#2491,.T.);
#2491= IFCPOLYLOOP((#2488,#2481,#545));
#2493= IFCFACE((#2495));
#2495= IFCFACEOUTERBOUND(#2496,.T.);
#2496= IFCPOLYLOOP((#2488,#545,#505));
#2498= IFCFACE((#2500));
#2500= IFCFACEOUTERBOUND(#2501,.T.);
#2501= IFCPOLYLOOP((#505,#462,#1611,#2488));
#2503= IFCFACE((#2505));
#2505= IFCFACEOUTERBOUND(#2506,.T.);
#2506= IFCPOLYLOOP((#814,#244,#251));
#2508= IFCFACE((#2510));
#2510= IFCFACEOUTERBOUND(#2511,.T.);
#2511= IFCPOLYLOOP((#268,#217,#215));
#2513= IFCFACE((#2517));
#2515= IFCCARTESIANPOINT((0.02300000000013824,-0.03596410161117092,0.61));
#2517= IFCFACEOUTERBOUND(#2518,.T.);
#2518= IFCPOLYLOOP((#2515,#268,#215));
#2520= IFCFACE((#2522));
#2522= IFCFACEOUTERBOUND(#2523,.T.);
#2523= IFCPOLYLOOP((#2515,#215,#224));
#2525= IFCFACE((#2529));
#2527= IFCCARTESIANPOINT((0.02446410161519452,-0.03449999999429565,0.61));
#2529= IFCFACEOUTERBOUND(#2530,.T.);
#2530= IFCPOLYLOOP((#2527,#2515,#224));
#2532= IFCFACE((#2534));
#2534= IFCFACEOUTERBOUND(#2535,.T.);
#2535= IFCPOLYLOOP((#2527,#224,#235));
#2537= IFCFACE((#2539));
#2539= IFCFACEOUTERBOUND(#2540,.T.);
#2540= IFCPOLYLOOP((#2527,#235,#244));
#2542= IFCFACE((#2546));
#2544= IFCCARTESIANPOINT((0.02500000000031832,-0.0324999999938882,0.61));
#2546= IFCFACEOUTERBOUND(#2547,.T.);
#2547= IFCPOLYLOOP((#2544,#2527,#244));
#2549= IFCFACE((#2551));
#2551= IFCFACEOUTERBOUND(#2552,.T.);
#2552= IFCPOLYLOOP((#2544,#244,#814,#820,#773,#779,#691));
#2554= IFCFACE((#2558));
#2556= IFCCARTESIANPOINT((0.02500000000031832,-0.08999999998923158,0.6099999999999999));
#2558= IFCFACEOUTERBOUND(#2559,.T.);
#2559= IFCPOLYLOOP((#691,#689,#2556,#2544));
#2561= IFCFACE((#2565));
#2563= IFCCARTESIANPOINT((0.01887778160607922,-0.08371004959190032,0.61));
#2565= IFCFACEOUTERBOUND(#2566,.T.);
#2566= IFCPOLYLOOP((#689,#777,#775,#818,#816,#398,#378,#2563,#2556));
#2568= IFCFACE((#2572));
#2570= IFCCARTESIANPOINT((0.01804251885573649,-0.08305405561259249,0.61));
#2572= IFCFACEOUTERBOUND(#2573,.T.);
#2573= IFCPOLYLOOP((#2570,#2563,#378));
#2575= IFCFACE((#2577));
#2577= IFCFACEOUTERBOUND(#2578,.T.);
#2578= IFCPOLYLOOP((#2570,#378,#376));
#2580= IFCFACE((#2584));
#2582= IFCCARTESIANPOINT((0.01706406283483375,-0.08264099898951827,0.61));
#2584= IFCFACEOUTERBOUND(#2585,.T.);
#2585= IFCPOLYLOOP((#2582,#2570,#376));
#2587= IFCFACE((#2589));
#2589= IFCFACEOUTERBOUND(#2590,.T.);
#2590= IFCPOLYLOOP((#2582,#376,#391));
#2592= IFCFACE((#2594));
#2594= IFCFACEOUTERBOUND(#2595,.T.);
#2595= IFCPOLYLOOP((#2582,#391,#2254));
#2597= IFCFACE((#2599,#2602,#2605,#2608,#2611,#2614));
#2599= IFCFACEBOUND(#2600,.T.);
#2600= IFCPOLYLOOP((#1851,#1781,#1779,#1788,#1795,#1802,#1809,#1816,#1823,#1830,#1837,#1844));
#2602= IFCFACEBOUND(#2603,.T.);
#2603= IFCPOLYLOOP((#2563,#2570,#2582,#2254,#1563,#1570,#1582,#1538,#1481,#1488,#1505,#270,#268,#2515,#2527,#2544,#2556));
#2605= IFCFACEBOUND(#2606,.T.);
#2606= IFCPOLYLOOP((#1961,#1973,#1985,#1865,#1863,#1877,#1889,#1901,#1913,#1925,#1937,#1949));
#2608= IFCFACEBOUND(#2609,.T.);
#2609= IFCPOLYLOOP((#2128,#266,#264,#2155,#2167,#2184,#2201,#2213,#2230,#2242,#1267,#1265,#1279,#1291,#619,#617,#2111));
#2611= IFCFACEBOUND(#2612,.T.);
#2612= IFCPOLYLOOP((#2030,#2037,#2044,#2051,#2058,#2065,#2072,#2079,#2009,#2007,#2016,#2023));
#2614= IFCFACEOUTERBOUND(#2615,.T.);
#2615= IFCPOLYLOOP((#1231,#440,#438,#2261,#2273,#2290,#2302,#2309,#2316,#2345,#2352,#2364,#2323,#2396,#2403,#2430,#2452,#2469,#2481,#2488,#1611,#1609,#1618,#1630,#1647,#444,#442,#1303,#590,#601));
#2617= IFCCLOSEDSHELL((#163,#176,#185,#192,#199,#204,#209,#222,#231,#240,#249,#258,#275,#288,#297,#306,#315,#320,#329,#342,#351,#360,#369,#374,#387,#396,#405,#414,#423,#432,#449,#458,#471,#480,#489,#498,#503,#512,#525,#534,#543,#552,#557,#562,#575,#588,#597,#606,#611,#624,#660,#702,#740,#753,#762,#771,#784,#793,#802,#807,#812,#825,#838,#847,#856,#865,#874,#883,#892,#901,#910,#919,#928,#933,#946,#1020,#1029,#1036,#1043,#1050,#1057,#1064,#1071,#1078,#1085,#1092,#1099,#1104,#1154,#1159,#1164,#1169,#1174,#1179,#1184,#1189,#1194,#1199,#1204,#1209,#1214,#1219,#1224,#1229,#1263,#1272,#1277,#1284,#1289,#1296,#1301,#1308,#1313,#1318,#1323,#1328,#1333,#1342,#1349,#1356,#1363,#1370,#1377,#1384,#1391,#1398,#1405,#1412,#1417,#1422,#1427,#1432,#1437,#1442,#1447,#1479,#1486,#1493,#1498,#1503,#1510,#1515,#1520,#1525,#1532,#1561,#1568,#1575,#1580,#1587,#1592,#1597,#1602,#1607,#1616,#1623,#1628,#1635,#1640,#1645,#1652,#1657,#1662,#1667,#1672,#1677,#1682,#1687,#1692,#1697,#1702,#1707,#1712,#1717,#1722,#1727,#1732,#1737,#1742,#1747,#1752,#1757,#1762,#1767,#1772,#1777,#1786,#1793,#1800,#1807,#1814,#1821,#1828,#1835,#1842,#1849,#1856,#1861,#1870,#1875,#1882,#1887,#1894,#1899,#1906,#1911,#1918,#1923,#1930,#1935,#1942,#1947,#1954,#1959,#1966,#1971,#1978,#1983,#1990,#1995,#2000,#2005,#2014,#2021,#2028,#2035,#2042,#2049,#2056,#2063,#2070,#2077,#2084,#2089,#2094,#2099,#2104,#2109,#2116,#2121,#2126,#2133,#2138,#2143,#2148,#2153,#2160,#2165,#2172,#2177,#2182,#2189,#2194,#2199,#2206,#2211,#2218,#2223,#2228,#2235,#2240,#2247,#2252,#2259,#2266,#2271,#2278,#2283,#2288,#2295,#2300,#2307,#2314,#2321,#2328,#2333,#2338,#2343,#2350,#2357,#2362,#2369,#2374,#2379,#2384,#2389,#2394,#2401,#2408,#2413,#2418,#2423,#2428,#2435,#2440,#2445,#2450,#2457,#2462,#2467,#2474,#2479,#2486,#2493,#2498,#2503,#2508,#2513,#2520,#2525,#2532,#2537,#2542,#2549,#2554,#2561,#2568,#2575,#2580,#2587,#2592,#2597));
#2619= IFCFACETEDBREP(#2617);
#2620= IFCPRESENTATIONSTYLEASSIGNMENT((#2622));
#2622= IFCSURFACESTYLE($,.POSITIVE.,(#2624));
#2623= IFCCOLOURRGB($,1.,0.7490196078431373,0.);
#2624= IFCSURFACESTYLESHADING(#2623);
#2626= IFCSTYLEDITEM(#2619,(#2620),$);
#2629= IFCGEOMETRICREPRESENTATIONSUBCONTEXT('Body','Model',*,*,*,*,#7,$,.MODEL_VIEW.,$);
#2632= IFCPRESENTATIONLAYERWITHSTYLE('ATK-60','',(#157,#2649),$,.T.,.F.,.F.,(#2637));
#2636= IFCCOLOURRGB($,1.,0.7490196078431373,0.);
#2637= IFCCURVESTYLE($,$,$,#2636);
#2640= IFCBUILDINGELEMENTPROXY('23ZonXkia7WG00000000ie',#41,$,$,$,#2642,#2647,$,$);
#2642= IFCLOCALPLACEMENT(#65,#2645);
#2643= IFCCARTESIANPOINT((0.,0.,0.));
#2645= IFCAXIS2PLACEMENT3D(#2643,$,$);
#2647= IFCPRODUCTDEFINITIONSHAPE($,$,(#2649));
#2649= IFCSHAPEREPRESENTATION(#2629,'Body','Brep',(#5112));
#2651= IFCFACE((#2661));
#2653= IFCCARTESIANPOINT((0.008197734553050395,-0.01500001669046469,0.5900000000000001));
#2655= IFCCARTESIANPOINT((0.008197734553050395,-1.66837708093226E-8,0.5900000000000001));
#2657= IFCCARTESIANPOINT((0.2918022654466768,-1.66837708093226E-8,0.5900000000000001));
#2659= IFCCARTESIANPOINT((0.2918022654466768,-0.01500001669046469,0.5900000000000001));
#2661= IFCFACEOUTERBOUND(#2662,.T.);
#2662= IFCPOLYLOOP((#2653,#2655,#2657,#2659));
#2664= IFCFACE((#2670));
#2666= IFCCARTESIANPOINT((0.008197734553050395,-1.66837708093226E-8,1.191901505538251));
#2668= IFCCARTESIANPOINT((0.2918022654466768,-1.66837708093226E-8,1.191901505538251));
#2670= IFCFACEOUTERBOUND(#2671,.T.);
#2671= IFCPOLYLOOP((#2666,#2668,#2657,#2655));
#2673= IFCFACE((#2677));
#2675= IFCCARTESIANPOINT((0.2918022654466768,-0.01500001669046469,1.191901505538251));
#2677= IFCFACEOUTERBOUND(#2678,.T.);
#2678= IFCPOLYLOOP((#2659,#2657,#2668,#2675));
#2680= IFCFACE((#2684));
#2682= IFCCARTESIANPOINT((0.008197734553050395,-0.01500001669046469,1.191901505538251));
#2684= IFCFACEOUTERBOUND(#2685,.T.);
#2685= IFCPOLYLOOP((#2666,#2682,#2675,#2668));
#2687= IFCFACE((#2689));
#2689= IFCFACEOUTERBOUND(#2690,.T.);
#2690= IFCPOLYLOOP((#2653,#2659,#2675,#2682));
#2692= IFCFACE((#2694));
#2694= IFCFACEOUTERBOUND(#2695,.T.);
#2695= IFCPOLYLOOP((#2655,#2653,#2682,#2666));
#2697= IFCFACE((#2707));
#2699= IFCCARTESIANPOINT((0.02099999999995816,-0.03649999998742715,1.178999999999997));
#2701= IFCCARTESIANPOINT((0.02253073372935432,-0.03619551812153077,1.177469266270538));
#2703= IFCCARTESIANPOINT((0.2774692662703728,-0.03619551812153077,1.177469266270538));
#2705= IFCCARTESIANPOINT((0.278999999999769,-0.03649999998742715,1.178999999999997));
#2707= IFCFACEOUTERBOUND(#2708,.T.);
#2708= IFCPOLYLOOP((#2699,#2701,#2703,#2705));
#2710= IFCFACE((#2716));
#2712= IFCCARTESIANPOINT((0.02382842712472666,-0.03532842711865669,1.176171572875253));
#2714= IFCCARTESIANPOINT((0.2761715728750005,-0.03532842711865669,1.176171572875253));
#2716= IFCFACEOUTERBOUND(#2717,.T.);
#2717= IFCPOLYLOOP((#2712,#2714,#2703,#2701));
#2719= IFCFACE((#2725));
#2721= IFCCARTESIANPOINT((0.2753044818696253,-0.0340307337246486,1.175304481869954));
#2723= IFCCARTESIANPOINT((0.02469551813010185,-0.0340307337246486,1.175304481869954));
#2725= IFCFACEOUTERBOUND(#2726,.T.);
#2726= IFCPOLYLOOP((#2721,#2714,#2712,#2723));
#2728= IFCFACE((#2734));
#2730= IFCCARTESIANPOINT((0.2750768588782648,-0.03328036128368694,1.175076858878387));
#2732= IFCCARTESIANPOINT((0.02492314112146232,-0.03328036128368694,1.175076858878387));
#2734= IFCFACEOUTERBOUND(#2735,.T.);
#2735= IFCPOLYLOOP((#2730,#2721,#2723,#2732));
#2737= IFCFACE((#2743));
#2739= IFCCARTESIANPOINT((0.02499999999986358,-0.0324999999938882,1.175));
#2741= IFCCARTESIANPOINT((0.2749999999998636,-0.0324999999938882,1.175));
#2743= IFCFACEOUTERBOUND(#2744,.T.);
#2744= IFCPOLYLOOP((#2732,#2739,#2741,#2730));
#2746= IFCFACE((#2760));
#2748= IFCCARTESIANPOINT((0.00612098467377109,-0.03649999998742715,0.5900000000000001));
#2750= IFCCARTESIANPOINT((0.02100000000018554,-0.03649999998742715,0.5900000000000001));
#2752= IFCCARTESIANPOINT((0.2789999999995416,-0.03649999998742715,0.5900000000000001));
#2754= IFCCARTESIANPOINT((0.2938790153259561,-0.03649999998742715,0.5900000000000001));
#2756= IFCCARTESIANPOINT((0.2938790153261834,-0.03649999998742715,1.193879015326402));
#2758= IFCCARTESIANPOINT((0.006120984673543717,-0.03649999998742715,1.193879015326402));
#2760= IFCFACEOUTERBOUND(#2761,.T.);
#2761= IFCPOLYLOOP((#2748,#2750,#2699,#2705,#2752,#2754,#2756,#2758));
#2763= IFCFACE((#2773));
#2765= IFCCARTESIANPOINT((0.2958405858869355,-0.0381098193465732,1.195840585887209));
#2767= IFCCARTESIANPOINT((0.2958790153261361,-0.0384999999878346,1.195879015326403));
#2769= IFCCARTESIANPOINT((0.004120984673591011,-0.0384999999878346,1.195879015326403));
#2771= IFCCARTESIANPOINT((0.004159414112791637,-0.0381098193465732,1.195840585887209));
#2773= IFCFACEOUTERBOUND(#2774,.T.);
#2774= IFCPOLYLOOP((#2765,#2767,#2769,#2771));
#2776= IFCFACE((#2782));
#2778= IFCCARTESIANPOINT((0.2957267743911416,-0.0377346331224544,1.195726774391425));
#2780= IFCCARTESIANPOINT((0.004273225608585562,-0.0377346331224544,1.195726774391425));
#2782= IFCFACEOUTERBOUND(#2783,.T.);
#2783= IFCPOLYLOOP((#2778,#2765,#2771,#2780));
#2785= IFCFACE((#2791));
#2787= IFCCARTESIANPOINT((0.2952932288885677,-0.03708578642545035,1.195293228888775));
#2789= IFCCARTESIANPOINT((0.004706771111159469,-0.03708578642545035,1.195293228888775));
#2791= IFCFACEOUTERBOUND(#2792,.T.);
#2792= IFCPOLYLOOP((#2787,#2778,#2780,#2789));
#2794= IFCFACE((#2800));
#2796= IFCCARTESIANPOINT((0.005355617808845636,-0.03665224092401331,1.194644382191132));
#2798= IFCCARTESIANPOINT((0.2946443821908815,-0.03665224092401331,1.194644382191132));
#2800= IFCFACEOUTERBOUND(#2801,.T.);
#2801= IFCPOLYLOOP((#2796,#2798,#2787,#2789));
#2803= IFCFACE((#2805));
#2805= IFCFACEOUTERBOUND(#2806,.T.);
#2806= IFCPOLYLOOP((#2796,#2758,#2756,#2798));
#2808= IFCFACE((#2814));
#2810= IFCCARTESIANPOINT((0.004143140852875149,-0.08050105501752114,1.195856859147098));
#2812= IFCCARTESIANPOINT((0.295856859146852,-0.08050105501752114,1.195856859147098));
#2814= IFCFACEOUTERBOUND(#2815,.T.);
#2815= IFCPOLYLOOP((#2810,#2769,#2767,#2812));
#2817= IFCFACE((#2827));
#2819= IFCCARTESIANPOINT((0.006143140574522477,-0.08249999998952262,1.19385685942537));
#2821= IFCCARTESIANPOINT((0.00537801739619681,-0.08234785997046856,1.194621982603646));
#2823= IFCCARTESIANPOINT((0.2946219826035303,-0.08234785997046856,1.194621982603646));
#2825= IFCCARTESIANPOINT((0.2938568594252047,-0.08249999998952262,1.19385685942537));
#2827= IFCFACEOUTERBOUND(#2828,.T.);
#2828= IFCPOLYLOOP((#2819,#2821,#2823,#2825));
#2830= IFCFACE((#2836));
#2832= IFCCARTESIANPOINT((0.2952706999294605,-0.08191458650981076,1.195270699929668));
#2834= IFCCARTESIANPOINT((0.004729300070266618,-0.08191458650981076,1.195270699929668));
#2836= IFCFACEOUTERBOUND(#2837,.T.);
#2837= IFCPOLYLOOP((#2832,#2823,#2821,#2834));
#2839= IFCFACE((#2845));
#2841= IFCCARTESIANPOINT((0.2957043155392967,-0.08126609783357708,1.195704315539355));
#2843= IFCCARTESIANPOINT((0.004295684460430493,-0.08126609783357708,1.195704315539355));
#2845= IFCFACEOUTERBOUND(#2846,.T.);
#2846= IFCPOLYLOOP((#2841,#2832,#2834,#2843));
#2848= IFCFACE((#2854));
#2850= IFCCARTESIANPOINT((0.2958182496795416,-0.08089108600688633,1.195818249679614));
#2852= IFCCARTESIANPOINT((0.004181750320185529,-0.08089108600688633,1.195818249679614));
#2854= IFCFACEOUTERBOUND(#2855,.T.);
#2855= IFCPOLYLOOP((#2850,#2841,#2843,#2852));
#2857= IFCFACE((#2859));
#2859= IFCFACEOUTERBOUND(#2860,.T.);
#2860= IFCPOLYLOOP((#2852,#2810,#2812,#2850));
#2862= IFCFACE((#2872));
#2864= IFCCARTESIANPOINT((0.2824329389945888,-0.08281490829540417,1.182432938994803));
#2866= IFCCARTESIANPOINT((0.2811222183938753,-0.08371004959190032,1.181122218394067));
#2868= IFCCARTESIANPOINT((0.01887778160585185,-0.08371004959190032,1.181122218394067));
#2870= IFCCARTESIANPOINT((0.01756706100513838,-0.08281490829540417,1.182432938994803));
#2872= IFCFACEOUTERBOUND(#2873,.T.);
#2873= IFCPOLYLOOP((#2864,#2866,#2868,#2870));
#2875= IFCFACE((#2881));
#2877= IFCCARTESIANPOINT((0.01601139420381514,-0.08249999998952262,1.183988605796192));
#2879= IFCCARTESIANPOINT((0.283988605795912,-0.08249999998952262,1.183988605796192));
#2881= IFCFACEOUTERBOUND(#2882,.T.);
#2882= IFCPOLYLOOP((#2870,#2877,#2879,#2864));
#2884= IFCFACE((#2890));
#2886= IFCCARTESIANPOINT((0.2749999999998636,-0.08999999998923158,1.175));
#2888= IFCCARTESIANPOINT((0.02499999999986358,-0.08999999998923158,1.175));
#2890= IFCFACEOUTERBOUND(#2891,.T.);
#2891= IFCPOLYLOOP((#2866,#2886,#2888,#2868));
#2893= IFCFACE((#2899));
#2895= IFCCARTESIANPOINT((0.02499999999986358,-0.1200000000026193,1.175));
#2897= IFCCARTESIANPOINT((0.2749999999998636,-0.1200000000026193,1.175));
#2899= IFCFACEOUTERBOUND(#2900,.T.);
#2900= IFCPOLYLOOP((#2895,#2888,#2886,#2897));
#2902= IFCFACE((#2908));
#2904= IFCCARTESIANPOINT((0.2999999999997272,-0.1199999999880674,1.2));
#2906= IFCCARTESIANPOINT((0.,-0.1199999999880674,1.2));
#2908= IFCFACEOUTERBOUND(#2909,.T.);
#2909= IFCPOLYLOOP((#2897,#2904,#2906,#2895));
#2911= IFCFACE((#2917));
#2913= IFCCARTESIANPOINT((0.2999999999997272,0.,1.2));
#2915= IFCCARTESIANPOINT((0.,0.,1.2));
#2917= IFCFACEOUTERBOUND(#2918,.T.);
#2918= IFCPOLYLOOP((#2904,#2913,#2915,#2906));
#2920= IFCFACE((#2934));
#2922= IFCCARTESIANPOINT((2.273736754432321E-13,0.,0.5900000000000001));
#2924= IFCCARTESIANPOINT((0.2999999999994998,0.,0.5900000000000001));
#2926= IFCCARTESIANPOINT((0.2919635374898917,0.,0.5900000000000001));
#2928= IFCCARTESIANPOINT((0.2919635374903464,0.,1.191963537490557));
#2930= IFCCARTESIANPOINT((0.008036462509380726,0.,1.191963537490557));
#2932= IFCCARTESIANPOINT((0.008036462509835474,0.,0.5900000000000001));
#2934= IFCFACEOUTERBOUND(#2935,.T.);
#2935= IFCPOLYLOOP((#2922,#2915,#2913,#2924,#2926,#2928,#2930,#2932));
#2937= IFCFACE((#2943));
#2939= IFCCARTESIANPOINT((0.005921825426867144,-0.0150464246617048,1.194078174573051));
#2941= IFCCARTESIANPOINT((0.29407817457286,-0.0150464246617048,1.194078174573051));
#2943= IFCFACEOUTERBOUND(#2944,.T.);
#2944= IFCPOLYLOOP((#2939,#2930,#2928,#2941));
#2946= IFCFACE((#2956));
#2948= IFCCARTESIANPOINT((0.007209173916180589,-0.01652734968956793,1.192790826083687));
#2950= IFCCARTESIANPOINT((0.006670072700671881,-0.0164102993439883,1.19332992729922));
#2952= IFCCARTESIANPOINT((0.2933299272990553,-0.0164102993439883,1.19332992729922));
#2954= IFCCARTESIANPOINT((0.2927908260835466,-0.01652734968956793,1.192790826083687));
#2956= IFCFACEOUTERBOUND(#2957,.T.);
#2957= IFCPOLYLOOP((#2948,#2950,#2952,#2954));
#2959= IFCFACE((#2965));
#2961= IFCCARTESIANPOINT((0.006228051461675932,-0.01608022642903961,1.193771948538092));
#2963= IFCCARTESIANPOINT((0.2937719485380512,-0.01608022642903961,1.193771948538092));
#2965= IFCFACEOUTERBOUND(#2966,.T.);
#2966= IFCPOLYLOOP((#2950,#2961,#2963,#2952));
#2968= IFCFACE((#2974));
#2970= IFCCARTESIANPOINT((0.2940372917389595,-0.01559656963945599,1.19403729173909));
#2972= IFCCARTESIANPOINT((0.005962708260767613,-0.01559656963945599,1.19403729173909));
#2974= IFCFACEOUTERBOUND(#2975,.T.);
#2975= IFCPOLYLOOP((#2970,#2963,#2961,#2972));
#2977= IFCFACE((#2983));
#2979= IFCCARTESIANPOINT((0.005912748675427792,-0.0153236907281098,1.194087251324338));
#2981= IFCCARTESIANPOINT((0.2940872513242994,-0.0153236907281098,1.194087251324338));
#2983= IFCFACEOUTERBOUND(#2984,.T.);
#2984= IFCPOLYLOOP((#2972,#2979,#2981,#2970));
#2986= IFCFACE((#2988));
#2988= IFCFACEOUTERBOUND(#2989,.T.);
#2989= IFCPOLYLOOP((#2941,#2981,#2979,#2939));
#2991= IFCFACE((#2997));
#2993= IFCCARTESIANPOINT((0.278999999999769,-0.01649999999062857,1.178999999999997));
#2995= IFCCARTESIANPOINT((0.02099999999995816,-0.01649999999062857,1.178999999999997));
#2997= IFCFACEOUTERBOUND(#2998,.T.);
#2998= IFCPOLYLOOP((#2948,#2954,#2993,#2995));
#3000= IFCFACE((#3010));
#3002= IFCCARTESIANPOINT((0.2750755449842472,-0.01971908922860166,1.175075544984386));
#3004= IFCCARTESIANPOINT((0.2749999999998636,-0.02049999999871943,1.175));
#3006= IFCCARTESIANPOINT((0.02499999999986358,-0.02049999999871943,1.175));
#3008= IFCCARTESIANPOINT((0.02492445501547991,-0.01971908922860166,1.175075544984386));
#3010= IFCFACEOUTERBOUND(#3011,.T.);
#3011= IFCPOLYLOOP((#3002,#3004,#3006,#3008));
#3013= IFCFACE((#3019));
#3015= IFCCARTESIANPOINT((0.02469764107604533,-0.01896803389536217,1.175302358923955));
#3017= IFCCARTESIANPOINT((0.2753023589236818,-0.01896803389536217,1.175302358923955));
#3019= IFCFACEOUTERBOUND(#3020,.T.);
#3020= IFCPOLYLOOP((#3008,#3015,#3017,#3002));
#3022= IFCFACE((#3028));
#3024= IFCCARTESIANPOINT((0.2761692484798459,-0.01766924847470364,1.176169248480115));
#3026= IFCCARTESIANPOINT((0.02383075151988123,-0.01766924847470364,1.176169248480115));
#3028= IFCFACEOUTERBOUND(#3029,.T.);
#3029= IFCPOLYLOOP((#3024,#3017,#3015,#3026));
#3031= IFCFACE((#3037));
#3033= IFCCARTESIANPOINT((0.0225319661035428,-0.01680235892126802,1.177468033896326));
#3035= IFCCARTESIANPOINT((0.2774680338961844,-0.01680235892126802,1.177468033896326));
#3037= IFCFACEOUTERBOUND(#3038,.T.);
#3038= IFCPOLYLOOP((#3033,#3035,#3024,#3026));
#3040= IFCFACE((#3042));
#3042= IFCFACEOUTERBOUND(#3043,.T.);
#3043= IFCPOLYLOOP((#2993,#3035,#3033,#2995));
#3045= IFCFACE((#3047));
#3047= IFCFACEOUTERBOUND(#3048,.T.);
#3048= IFCPOLYLOOP((#2739,#3006,#3004,#2741));
#3050= IFCFACE((#3058));
#3052= IFCCARTESIANPOINT((0.02500000000031832,-0.1199999999880674,0.6124999999996723));
#3054= IFCCARTESIANPOINT((0.02500000000009095,-0.1199999999880674,0.5899999999999999));
#3056= IFCCARTESIANPOINT((0.09435280081061137,-0.1199999999953434,0.6124999999995195));
#3058= IFCFACEOUTERBOUND(#3059,.T.);
#3059= IFCPOLYLOOP((#3052,#3054,#3056));
#3061= IFCFACE((#3071));
#3063= IFCCARTESIANPOINT((0.2749999999996362,-0.1199999999953434,0.6868289623940218));
#3065= IFCCARTESIANPOINT((0.2749999999996362,-0.1199999999953434,0.6956239291042874));
#3067= IFCCARTESIANPOINT((0.1974410362788603,-0.1199999999953434,0.6124999999995195));
#3069= IFCCARTESIANPOINT((0.2056471991891158,-0.1199999999953434,0.6124999999995195));
#3071= IFCFACEOUTERBOUND(#3072,.T.);
#3072= IFCPOLYLOOP((#3063,#3065,#3067,#3069));
#3074= IFCFACE((#3080));
#3076= IFCCARTESIANPOINT((0.2749999999996362,-0.1199999999880674,0.5899999999999999));
#3078= IFCCARTESIANPOINT((0.2749999999994088,-0.1199999999880674,0.6124999999996723));
#3080= IFCFACEOUTERBOUND(#3081,.T.);
#3081= IFCPOLYLOOP((#3069,#3076,#3078));
#3083= IFCFACE((#3091));
#3085= IFCCARTESIANPOINT((0.02500000000009095,-0.1199999999953434,0.6868289623940218));
#3087= IFCCARTESIANPOINT((0.1025589637210942,-0.1199999999953434,0.6124999999995195));
#3089= IFCCARTESIANPOINT((0.02500000000009095,-0.1199999999953434,0.6956239291042874));
#3091= IFCFACEOUTERBOUND(#3092,.T.);
#3092= IFCPOLYLOOP((#3085,#3056,#3087,#3089));
#3094= IFCFACE((#3096));
#3096= IFCFACEOUTERBOUND(#3097,.T.);
#3097= IFCPOLYLOOP((#3054,#3076,#3069,#3067,#3087,#3056));
#3099= IFCFACE((#3109));
#3101= IFCCARTESIANPOINT((0.2749999999994088,-0.0324999999938882,0.6125000000000631));
#3103= IFCCARTESIANPOINT((0.2749999999994088,-0.08999999998923158,0.6124999999998062));
#3105= IFCCARTESIANPOINT((0.2749999999994088,-0.08999999998923158,0.5900000000000001));
#3107= IFCCARTESIANPOINT((0.2749999999994088,-0.0324999999938882,0.5900000000000001));
#3109= IFCFACEOUTERBOUND(#3110,.T.);
#3110= IFCPOLYLOOP((#3101,#3103,#3105,#3107));
#3112= IFCFACE((#3138,#3145));
#3114= IFCCARTESIANPOINT((0.1454541111079379,-0.06000000694621122,0.6125000000001792));
#3116= IFCCARTESIANPOINT((0.1510631447370088,-0.05906680846237577,0.6125000000001835));
#3118= IFCCARTESIANPOINT((0.156387309592219,-0.06106315168290166,0.6125000000001746));
#3120= IFCCARTESIANPOINT((0.1599999999998545,-0.06545411805564072,0.6125000000001548));
#3122= IFCCARTESIANPOINT((0.1609331984845994,-0.07106315168493893,0.6125000000001299));
#3124= IFCCARTESIANPOINT((0.1589368552640735,-0.07638731654151343,0.612500000000106));
#3126= IFCCARTESIANPOINT((0.1545458888926987,-0.08000000695028575,0.61250000000009));
#3128= IFCCARTESIANPOINT((0.1489368552636279,-0.08093320543412119,0.6125000000000858));
#3130= IFCCARTESIANPOINT((0.1436126904084176,-0.0789368622135953,0.6125000000000946));
#3132= IFCCARTESIANPOINT((0.1400000000001,-0.07454589584085625,0.6125000000001144));
#3134= IFCCARTESIANPOINT((0.1390668015160372,-0.06893686221155804,0.6125000000001393));
#3136= IFCCARTESIANPOINT((0.1410631447365631,-0.06361269735498354,0.6125000000001632));
#3138= IFCFACEBOUND(#3139,.T.);
#3139= IFCPOLYLOOP((#3114,#3116,#3118,#3120,#3122,#3124,#3126,#3128,#3130,#3132,#3134,#3136));
#3141= IFCCARTESIANPOINT((0.1974410362788603,-0.01649999999062857,0.6124999999995195));
#3143= IFCCARTESIANPOINT((0.1025589637210942,-0.01649999999062857,0.6124999999995195));
#3145= IFCFACEOUTERBOUND(#3146,.T.);
#3146= IFCPOLYLOOP((#3067,#3141,#3143,#3087));
#3148= IFCFACE((#3174,#3187));
#3150= IFCCARTESIANPOINT((0.08451308726807838,-0.08549238905106904,0.61250000000011));
#3152= IFCCARTESIANPOINT((0.08049238349508414,-0.08951309281837894,0.6125000000000922));
#3154= IFCCARTESIANPOINT((0.07500000000004547,-0.09098477254156023,0.6125000000000855));
#3156= IFCCARTESIANPOINT((0.06950761650500681,-0.08951309281837894,0.6125000000000922));
#3158= IFCCARTESIANPOINT((0.06548691273201257,-0.08549238905106904,0.61250000000011));
#3160= IFCCARTESIANPOINT((0.06401523300996814,-0.08000000555330189,0.6125000000001346));
#3162= IFCCARTESIANPOINT((0.06548691273201257,-0.07450762205553474,0.6125000000001593));
#3164= IFCCARTESIANPOINT((0.06950761650500681,-0.07048691828822484,0.612500000000177));
#3166= IFCCARTESIANPOINT((0.07500000000004547,-0.06901523856504355,0.6125000000001837));
#3168= IFCCARTESIANPOINT((0.08049238349508414,-0.07048691828822484,0.612500000000177));
#3170= IFCCARTESIANPOINT((0.08451308726807838,-0.07450762205553474,0.6125000000001593));
#3172= IFCCARTESIANPOINT((0.08598476699012281,-0.08000000555330189,0.6125000000001346));
#3174= IFCFACEBOUND(#3175,.T.);
#3175= IFCPOLYLOOP((#3150,#3152,#3154,#3156,#3158,#3160,#3162,#3164,#3166,#3168,#3170,#3172));
#3177= IFCCARTESIANPOINT((0.02500000000031832,-0.01649999998335261,0.6125000000001346));
#3179= IFCCARTESIANPOINT((0.02500000000031832,-0.02049999999871943,0.6125000000001168));
#3181= IFCCARTESIANPOINT((0.02500000000031832,-0.0324999999938882,0.6125000000000631));
#3183= IFCCARTESIANPOINT((0.02500000000031832,-0.08999999998923158,0.6124999999998062));
#3185= IFCCARTESIANPOINT((0.09435280081061137,-0.01649999999062857,0.6124999999995195));
#3187= IFCFACEOUTERBOUND(#3188,.T.);
#3188= IFCPOLYLOOP((#3177,#3179,#3181,#3183,#3052,#3056,#3185));
#3190= IFCFACE((#3198,#3225));
#3192= IFCCARTESIANPOINT((0.2749999999994088,-0.02049999999871943,0.6125000000001168));
#3194= IFCCARTESIANPOINT((0.2749999999994088,-0.01649999998335261,0.6125000000001346));
#3196= IFCCARTESIANPOINT((0.2056471991891158,-0.01649999999062857,0.6124999999995195));
#3198= IFCFACEOUTERBOUND(#3199,.T.);
#3199= IFCPOLYLOOP((#3069,#3078,#3103,#3101,#3192,#3194,#3196));
#3201= IFCCARTESIANPOINT((0.2154869127316488,-0.07450762205553474,0.6125000000001593));
#3203= IFCCARTESIANPOINT((0.219507616504643,-0.07048691828822484,0.612500000000177));
#3205= IFCCARTESIANPOINT((0.2249999999996817,-0.06901523856504355,0.6125000000001837));
#3207= IFCCARTESIANPOINT((0.2304923834947203,-0.07048691828822484,0.612500000000177));
#3209= IFCCARTESIANPOINT((0.2345130872677146,-0.07450762205553474,0.6125000000001593));
#3211= IFCCARTESIANPOINT((0.235984766989759,-0.08000000555330189,0.6125000000001346));
#3213= IFCCARTESIANPOINT((0.2345130872677146,-0.08549238905106904,0.61250000000011));
#3215= IFCCARTESIANPOINT((0.2304923834947203,-0.08951309281837894,0.6125000000000922));
#3217= IFCCARTESIANPOINT((0.2249999999996817,-0.09098477254156023,0.6125000000000855));
#3219= IFCCARTESIANPOINT((0.219507616504643,-0.08951309281837894,0.6125000000000922));
#3221= IFCCARTESIANPOINT((0.2154869127316488,-0.08549238905106904,0.61250000000011));
#3223= IFCCARTESIANPOINT((0.2140152330096043,-0.08000000555330189,0.6125000000001346));
#3225= IFCFACEBOUND(#3226,.T.);
#3226= IFCPOLYLOOP((#3201,#3203,#3205,#3207,#3209,#3211,#3213,#3215,#3217,#3219,#3221,#3223));
#3228= IFCFACE((#3238));
#3230= IFCCARTESIANPOINT((0.2749999999994088,-0.0324999999938882,0.6956239291039348));
#3232= IFCCARTESIANPOINT((0.2749999999994088,-0.08999999998923158,0.6956239291039348));
#3234= IFCCARTESIANPOINT((0.2749999999994088,-0.08999999998923158,0.6868289623939419));
#3236= IFCCARTESIANPOINT((0.2749999999994088,-0.0324999999938882,0.6868289623939419));
#3238= IFCFACEOUTERBOUND(#3239,.T.);
#3239= IFCPOLYLOOP((#3230,#3232,#3234,#3236));
#3241= IFCFACE((#3247));
#3243= IFCCARTESIANPOINT((0.2749999999994088,-0.02049999999871943,0.6956239291039348));
#3245= IFCCARTESIANPOINT((0.2749999999996362,-0.01649999999062857,0.6956239291042874));
#3247= IFCFACEOUTERBOUND(#3248,.T.);
#3248= IFCPOLYLOOP((#3141,#3067,#3065,#3232,#3230,#3243,#3245));
#3250= IFCFACE((#3256));
#3252= IFCCARTESIANPOINT((0.2749999999994088,-0.02049999999871943,0.6868289623939419));
#3254= IFCCARTESIANPOINT((0.2749999999996362,-0.01649999999062857,0.6868289623940218));
#3256= IFCFACEOUTERBOUND(#3257,.T.);
#3257= IFCPOLYLOOP((#3252,#3236,#3234,#3063,#3069,#3196,#3254));
#3259= IFCFACE((#3269));
#3261= IFCCARTESIANPOINT((0.02500000000031832,-0.08999999998923158,0.6956239291039346));
#3263= IFCCARTESIANPOINT((0.02500000000031832,-0.0324999999938882,0.6956239291039346));
#3265= IFCCARTESIANPOINT((0.02500000000031832,-0.0324999999938882,0.6868289623939414));
#3267= IFCCARTESIANPOINT((0.02500000000031832,-0.08999999998923158,0.6868289623939414));
#3269= IFCFACEOUTERBOUND(#3270,.T.);
#3270= IFCPOLYLOOP((#3261,#3263,#3265,#3267));
#3272= IFCFACE((#3278));
#3274= IFCCARTESIANPOINT((0.02500000000009095,-0.01649999999062857,0.6956239291042874));
#3276= IFCCARTESIANPOINT((0.02500000000031832,-0.02049999999871943,0.6956239291039346));
#3278= IFCFACEOUTERBOUND(#3279,.T.);
#3279= IFCPOLYLOOP((#3261,#3089,#3087,#3143,#3274,#3276,#3263));
#3281= IFCFACE((#3287));
#3283= IFCCARTESIANPOINT((0.02500000000031832,-0.02049999999871943,0.6868289623939414));
#3285= IFCCARTESIANPOINT((0.02500000000009095,-0.01649999999062857,0.6868289623940218));
#3287= IFCFACEOUTERBOUND(#3288,.T.);
#3288= IFCPOLYLOOP((#3185,#3056,#3085,#3267,#3265,#3283,#3285));
#3290= IFCFACE((#3292));
#3292= IFCFACEOUTERBOUND(#3293,.T.);
#3293= IFCPOLYLOOP((#3245,#3243,#3252,#3254));
#3295= IFCFACE((#3297));
#3297= IFCFACEOUTERBOUND(#3298,.T.);
#3298= IFCPOLYLOOP((#3285,#3283,#3276,#3274));
#3300= IFCFACE((#3310));
#3302= IFCCARTESIANPOINT((0.02500000000031832,-0.08999999998923158,0.9124999999998065));
#3304= IFCCARTESIANPOINT((0.02500000000031832,-0.0324999999938882,0.9125000000000636));
#3306= IFCCARTESIANPOINT((0.02500000000031832,-0.0324999999938882,0.8874999999999966));
#3308= IFCCARTESIANPOINT((0.02500000000031832,-0.08999999998923158,0.8874999999999966));
#3310= IFCFACEOUTERBOUND(#3311,.T.);
#3311= IFCPOLYLOOP((#3302,#3304,#3306,#3308));
#3313= IFCFACE((#3323));
#3315= IFCCARTESIANPOINT((0.06950761650500681,-0.08951309281837894,0.8874999999999966));
#3317= IFCCARTESIANPOINT((0.06548691273201257,-0.08549238905106904,0.8874999999999966));
#3319= IFCCARTESIANPOINT((0.06548691273201257,-0.08549238905106904,0.9125000000001111));
#3321= IFCCARTESIANPOINT((0.06950761650500681,-0.08951309281837894,0.9125000000000929));
#3323= IFCFACEOUTERBOUND(#3324,.T.);
#3324= IFCPOLYLOOP((#3315,#3317,#3319,#3321));
#3326= IFCFACE((#3332));
#3328= IFCCARTESIANPOINT((0.07500000000004547,-0.09098477254156023,0.8874999999999966));
#3330= IFCCARTESIANPOINT((0.07500000000004547,-0.09098477254156023,0.9125000000000862));
#3332= IFCFACEOUTERBOUND(#3333,.T.);
#3333= IFCPOLYLOOP((#3328,#3315,#3321,#3330));
#3335= IFCFACE((#3341));
#3337= IFCCARTESIANPOINT((0.08049238349508414,-0.08951309281837894,0.8874999999999966));
#3339= IFCCARTESIANPOINT((0.08049238349508414,-0.08951309281837894,0.9125000000000929));
#3341= IFCFACEOUTERBOUND(#3342,.T.);
#3342= IFCPOLYLOOP((#3337,#3328,#3330,#3339));
#3344= IFCFACE((#3350));
#3346= IFCCARTESIANPOINT((0.08451308726807838,-0.08549238905106904,0.9125000000001111));
#3348= IFCCARTESIANPOINT((0.08451308726807838,-0.08549238905106904,0.8874999999999966));
#3350= IFCFACEOUTERBOUND(#3351,.T.);
#3351= IFCPOLYLOOP((#3339,#3346,#3348,#3337));
#3353= IFCFACE((#3359));
#3355= IFCCARTESIANPOINT((0.08598476699012281,-0.08000000555330189,0.8874999999999966));
#3357= IFCCARTESIANPOINT((0.08598476699012281,-0.08000000555330189,0.9125000000001355));
#3359= IFCFACEOUTERBOUND(#3360,.T.);
#3360= IFCPOLYLOOP((#3355,#3348,#3346,#3357));
#3362= IFCFACE((#3368));
#3364= IFCCARTESIANPOINT((0.08451308726807838,-0.07450762205553474,0.8874999999999966));
#3366= IFCCARTESIANPOINT((0.08451308726807838,-0.07450762205553474,0.91250000000016));
#3368= IFCFACEOUTERBOUND(#3369,.T.);
#3369= IFCPOLYLOOP((#3364,#3355,#3357,#3366));
#3371= IFCFACE((#3377));
#3373= IFCCARTESIANPOINT((0.08049238349508414,-0.07048691828822484,0.9125000000001782));
#3375= IFCCARTESIANPOINT((0.08049238349508414,-0.07048691828822484,0.8874999999999966));
#3377= IFCFACEOUTERBOUND(#3378,.T.);
#3378= IFCPOLYLOOP((#3366,#3373,#3375,#3364));
#3380= IFCFACE((#3386));
#3382= IFCCARTESIANPOINT((0.07500000000004547,-0.06901523856504355,0.9125000000001848));
#3384= IFCCARTESIANPOINT((0.07500000000004547,-0.06901523856504355,0.8874999999999966));
#3386= IFCFACEOUTERBOUND(#3387,.T.);
#3387= IFCPOLYLOOP((#3373,#3382,#3384,#3375));
#3389= IFCFACE((#3395));
#3391= IFCCARTESIANPOINT((0.06950761650500681,-0.07048691828822484,0.8874999999999966));
#3393= IFCCARTESIANPOINT((0.06950761650500681,-0.07048691828822484,0.9125000000001782));
#3395= IFCFACEOUTERBOUND(#3396,.T.);
#3396= IFCPOLYLOOP((#3391,#3384,#3382,#3393));
#3398= IFCFACE((#3404));
#3400= IFCCARTESIANPOINT((0.06548691273201257,-0.07450762205553474,0.8874999999999966));
#3402= IFCCARTESIANPOINT((0.06548691273201257,-0.07450762205553474,0.91250000000016));
#3404= IFCFACEOUTERBOUND(#3405,.T.);
#3405= IFCPOLYLOOP((#3400,#3391,#3393,#3402));
#3407= IFCFACE((#3413));
#3409= IFCCARTESIANPOINT((0.06401523300996814,-0.08000000555330189,0.8874999999999966));
#3411= IFCCARTESIANPOINT((0.06401523300996814,-0.08000000555330189,0.9125000000001355));
#3413= IFCFACEOUTERBOUND(#3414,.T.);
#3414= IFCPOLYLOOP((#3409,#3400,#3402,#3411));
#3416= IFCFACE((#3418));
#3418= IFCFACEOUTERBOUND(#3419,.T.);
#3419= IFCPOLYLOOP((#3317,#3409,#3411,#3319));
#3421= IFCFACE((#3431));
#3423= IFCCARTESIANPOINT((0.2749999999994088,-0.01649999998335261,0.8874999999999966));
#3425= IFCCARTESIANPOINT((0.02500000000031832,-0.01649999998335261,0.8874999999999966));
#3427= IFCCARTESIANPOINT((0.02500000000031832,-0.01649999998335261,0.9125000000001351));
#3429= IFCCARTESIANPOINT((0.2749999999994088,-0.01649999998335261,0.9125000000001351));
#3431= IFCFACEOUTERBOUND(#3432,.T.);
#3432= IFCPOLYLOOP((#3423,#3425,#3427,#3429));
#3434= IFCFACE((#3448,#3475,#3478,#3505));
#3436= IFCCARTESIANPOINT((0.2749999999996362,-0.02049208297103178,0.8874999999999966));
#3438= IFCCARTESIANPOINT((0.2749999999996362,-0.0324999999938882,0.8874999999999966));
#3440= IFCCARTESIANPOINT((0.2749999999996362,-0.08999999998923158,0.8874999999999966));
#3442= IFCCARTESIANPOINT((0.2749999999994088,-0.1199999999880674,0.8874999999999966));
#3444= IFCCARTESIANPOINT((0.02500000000031832,-0.1199999999880674,0.8874999999999966));
#3446= IFCCARTESIANPOINT((0.02500000000031832,-0.02049999999871943,0.8874999999999966));
#3448= IFCFACEOUTERBOUND(#3449,.T.);
#3449= IFCPOLYLOOP((#3425,#3423,#3436,#3438,#3440,#3442,#3444,#3308,#3306,#3446));
#3451= IFCCARTESIANPOINT((0.219507616504643,-0.07048691828822484,0.8874999999999966));
#3453= IFCCARTESIANPOINT((0.2154869127316488,-0.07450762205553474,0.8874999999999966));
#3455= IFCCARTESIANPOINT((0.2140152330096043,-0.08000000555330189,0.8874999999999966));
#3457= IFCCARTESIANPOINT((0.2154869127316488,-0.08549238905106904,0.8874999999999966));
#3459= IFCCARTESIANPOINT((0.219507616504643,-0.08951309281837894,0.8874999999999966));
#3461= IFCCARTESIANPOINT((0.2249999999996817,-0.09098477254156023,0.8874999999999966));
#3463= IFCCARTESIANPOINT((0.2304923834947203,-0.08951309281837894,0.8874999999999966));
#3465= IFCCARTESIANPOINT((0.2345130872677146,-0.08549238905106904,0.8874999999999966));
#3467= IFCCARTESIANPOINT((0.235984766989759,-0.08000000555330189,0.8874999999999966));
#3469= IFCCARTESIANPOINT((0.2345130872677146,-0.07450762205553474,0.8874999999999966));
#3471= IFCCARTESIANPOINT((0.2304923834947203,-0.07048691828822484,0.8874999999999966));
#3473= IFCCARTESIANPOINT((0.2249999999996817,-0.06901523856504355,0.8874999999999966));
#3475= IFCFACEBOUND(#3476,.T.);
#3476= IFCPOLYLOOP((#3451,#3453,#3455,#3457,#3459,#3461,#3463,#3465,#3467,#3469,#3471,#3473));
#3478= IFCFACEBOUND(#3479,.T.);
#3479= IFCPOLYLOOP((#3328,#3337,#3348,#3355,#3364,#3375,#3384,#3391,#3400,#3409,#3317,#3315));
#3481= IFCCARTESIANPOINT((0.1454541111074832,-0.06000000694621122,0.8874999999999966));
#3483= IFCCARTESIANPOINT((0.1410631447363357,-0.06361269735498354,0.8874999999999966));
#3485= IFCCARTESIANPOINT((0.1390668015160372,-0.06893686221155804,0.8874999999999966));
#3487= IFCCARTESIANPOINT((0.1400000000003274,-0.07454589584085625,0.8874999999999966));
#3489= IFCCARTESIANPOINT((0.1436126904088724,-0.0789368622135953,0.8874999999999966));
#3491= IFCCARTESIANPOINT((0.14893685526431,-0.08093320543412119,0.8874999999999966));
#3493= IFCCARTESIANPOINT((0.1545458888931535,-0.08000000695028575,0.8874999999999966));
#3495= IFCCARTESIANPOINT((0.1589368552643009,-0.07638731654151343,0.8874999999999966));
#3497= IFCCARTESIANPOINT((0.1609331984845994,-0.07106315168493893,0.8874999999999966));
#3499= IFCCARTESIANPOINT((0.1599999999998545,-0.06545411805564072,0.8874999999999966));
#3501= IFCCARTESIANPOINT((0.1563873095917643,-0.06106315168290166,0.8874999999999966));
#3503= IFCCARTESIANPOINT((0.1510631447363266,-0.05906680846237577,0.8874999999999966));
#3505= IFCFACEBOUND(#3506,.T.);
#3506= IFCPOLYLOOP((#3481,#3483,#3485,#3487,#3489,#3491,#3493,#3495,#3497,#3499,#3501,#3503));
#3508= IFCFACE((#3514));
#3510= IFCCARTESIANPOINT((0.1589368552640735,-0.07638731654151343,0.9125000000001071));
#3512= IFCCARTESIANPOINT((0.1609331984845994,-0.07106315168493893,0.9125000000001307));
#3514= IFCFACEOUTERBOUND(#3515,.T.);
#3515= IFCPOLYLOOP((#3510,#3512,#3497,#3495));
#3517= IFCFACE((#3521));
#3519= IFCCARTESIANPOINT((0.1545458888926987,-0.08000000695028575,0.9125000000000907));
#3521= IFCFACEOUTERBOUND(#3522,.T.);
#3522= IFCPOLYLOOP((#3493,#3519,#3510,#3495));
#3524= IFCFACE((#3528));
#3526= IFCCARTESIANPOINT((0.1489368552636279,-0.08093320543412119,0.9125000000000867));
#3528= IFCFACEOUTERBOUND(#3529,.T.);
#3529= IFCPOLYLOOP((#3526,#3519,#3493,#3491));
#3531= IFCFACE((#3535));
#3533= IFCCARTESIANPOINT((0.1436126904084176,-0.0789368622135953,0.9125000000000956));
#3535= IFCFACEOUTERBOUND(#3536,.T.);
#3536= IFCPOLYLOOP((#3533,#3526,#3491,#3489));
#3538= IFCFACE((#3542));
#3540= IFCCARTESIANPOINT((0.1400000000001,-0.07454589584085625,0.9125000000001151));
#3542= IFCFACEOUTERBOUND(#3543,.T.);
#3543= IFCPOLYLOOP((#3540,#3533,#3489,#3487));
#3545= IFCFACE((#3549));
#3547= IFCCARTESIANPOINT((0.1390668015160372,-0.06893686221155804,0.9125000000001404));
#3549= IFCFACEOUTERBOUND(#3550,.T.);
#3550= IFCPOLYLOOP((#3547,#3540,#3487,#3485));
#3552= IFCFACE((#3556));
#3554= IFCCARTESIANPOINT((0.1410631447365631,-0.06361269735498354,0.912500000000164));
#3556= IFCFACEOUTERBOUND(#3557,.T.);
#3557= IFCPOLYLOOP((#3554,#3547,#3485,#3483));
#3559= IFCFACE((#3563));
#3561= IFCCARTESIANPOINT((0.1454541111079379,-0.06000000694621122,0.9125000000001804));
#3563= IFCFACEOUTERBOUND(#3564,.T.);
#3564= IFCPOLYLOOP((#3561,#3554,#3483,#3481));
#3566= IFCFACE((#3570));
#3568= IFCCARTESIANPOINT((0.1510631447370088,-0.05906680846237577,0.9125000000001844));
#3570= IFCFACEOUTERBOUND(#3571,.T.);
#3571= IFCPOLYLOOP((#3568,#3561,#3481,#3503));
#3573= IFCFACE((#3577));
#3575= IFCCARTESIANPOINT((0.156387309592219,-0.06106315168290166,0.9125000000001755));
#3577= IFCFACEOUTERBOUND(#3578,.T.);
#3578= IFCPOLYLOOP((#3501,#3575,#3568,#3503));
#3580= IFCFACE((#3584));
#3582= IFCCARTESIANPOINT((0.1599999999998545,-0.06545411805564072,0.912500000000156));
#3584= IFCFACEOUTERBOUND(#3585,.T.);
#3585= IFCPOLYLOOP((#3499,#3582,#3575,#3501));
#3587= IFCFACE((#3589));
#3589= IFCFACEOUTERBOUND(#3590,.T.);
#3590= IFCPOLYLOOP((#3497,#3512,#3582,#3499));
#3592= IFCFACE((#3618,#3633,#3636,#3639));
#3594= IFCCARTESIANPOINT((0.219507616504643,-0.07048691828822484,0.9125000000001782));
#3596= IFCCARTESIANPOINT((0.2249999999996817,-0.06901523856504355,0.9125000000001848));
#3598= IFCCARTESIANPOINT((0.2304923834947203,-0.07048691828822484,0.9125000000001782));
#3600= IFCCARTESIANPOINT((0.2345130872677146,-0.07450762205553474,0.91250000000016));
#3602= IFCCARTESIANPOINT((0.235984766989759,-0.08000000555330189,0.9125000000001355));
#3604= IFCCARTESIANPOINT((0.2345130872677146,-0.08549238905106904,0.9125000000001111));
#3606= IFCCARTESIANPOINT((0.2304923834947203,-0.08951309281837894,0.9125000000000929));
#3608= IFCCARTESIANPOINT((0.2249999999996817,-0.09098477254156023,0.9125000000000862));
#3610= IFCCARTESIANPOINT((0.219507616504643,-0.08951309281837894,0.9125000000000929));
#3612= IFCCARTESIANPOINT((0.2154869127316488,-0.08549238905106904,0.9125000000001111));
#3614= IFCCARTESIANPOINT((0.2140152330096043,-0.08000000555330189,0.9125000000001355));
#3616= IFCCARTESIANPOINT((0.2154869127316488,-0.07450762205553474,0.91250000000016));
#3618= IFCFACEBOUND(#3619,.T.);
#3619= IFCPOLYLOOP((#3594,#3596,#3598,#3600,#3602,#3604,#3606,#3608,#3610,#3612,#3614,#3616));
#3621= IFCCARTESIANPOINT((0.2749999999996362,-0.08999999998923158,0.9124999999998065));
#3623= IFCCARTESIANPOINT((0.2749999999996362,-0.0324999999938882,0.9125000000000636));
#3625= IFCCARTESIANPOINT((0.2749999999996362,-0.02049208297103178,0.9125000000001173));
#3627= IFCCARTESIANPOINT((0.02500000000031832,-0.02049999999871943,0.9125000000001169));
#3629= IFCCARTESIANPOINT((0.02500000000031832,-0.1199999999880674,0.9124999999996724));
#3631= IFCCARTESIANPOINT((0.2749999999994088,-0.1199999999880674,0.9124999999996724));
#3633= IFCFACEOUTERBOUND(#3634,.T.);
#3634= IFCPOLYLOOP((#3621,#3623,#3625,#3429,#3427,#3627,#3304,#3302,#3629,#3631));
#3636= IFCFACEBOUND(#3637,.T.);
#3637= IFCPOLYLOOP((#3510,#3519,#3526,#3533,#3540,#3547,#3554,#3561,#3568,#3575,#3582,#3512));
#3639= IFCFACEBOUND(#3640,.T.);
#3640= IFCPOLYLOOP((#3330,#3321,#3319,#3411,#3402,#3393,#3382,#3373,#3366,#3357,#3346,#3339));
#3642= IFCFACE((#3644));
#3644= IFCFACEOUTERBOUND(#3645,.T.);
#3645= IFCPOLYLOOP((#3623,#3621,#3440,#3438));
#3647= IFCFACE((#3649));
#3649= IFCFACEOUTERBOUND(#3650,.T.);
#3650= IFCPOLYLOOP((#3600,#3598,#3471,#3469));
#3652= IFCFACE((#3654));
#3654= IFCFACEOUTERBOUND(#3655,.T.);
#3655= IFCPOLYLOOP((#3598,#3596,#3473,#3471));
#3657= IFCFACE((#3659));
#3659= IFCFACEOUTERBOUND(#3660,.T.);
#3660= IFCPOLYLOOP((#3451,#3473,#3596,#3594));
#3662= IFCFACE((#3664));
#3664= IFCFACEOUTERBOUND(#3665,.T.);
#3665= IFCPOLYLOOP((#3453,#3451,#3594,#3616));
#3667= IFCFACE((#3669));
#3669= IFCFACEOUTERBOUND(#3670,.T.);
#3670= IFCPOLYLOOP((#3616,#3614,#3455,#3453));
#3672= IFCFACE((#3674));
#3674= IFCFACEOUTERBOUND(#3675,.T.);
#3675= IFCPOLYLOOP((#3457,#3455,#3614,#3612));
#3677= IFCFACE((#3679));
#3679= IFCFACEOUTERBOUND(#3680,.T.);
#3680= IFCPOLYLOOP((#3612,#3610,#3459,#3457));
#3682= IFCFACE((#3684));
#3684= IFCFACEOUTERBOUND(#3685,.T.);
#3685= IFCPOLYLOOP((#3610,#3608,#3461,#3459));
#3687= IFCFACE((#3689));
#3689= IFCFACEOUTERBOUND(#3690,.T.);
#3690= IFCPOLYLOOP((#3463,#3461,#3608,#3606));
#3692= IFCFACE((#3694));
#3694= IFCFACEOUTERBOUND(#3695,.T.);
#3695= IFCPOLYLOOP((#3606,#3604,#3465,#3463));
#3697= IFCFACE((#3699));
#3699= IFCFACEOUTERBOUND(#3700,.T.);
#3700= IFCPOLYLOOP((#3467,#3465,#3604,#3602));
#3702= IFCFACE((#3704));
#3704= IFCFACEOUTERBOUND(#3705,.T.);
#3705= IFCPOLYLOOP((#3602,#3600,#3469,#3467));
#3707= IFCFACE((#3709));
#3709= IFCFACEOUTERBOUND(#3710,.T.);
#3710= IFCPOLYLOOP((#3429,#3625,#3436,#3423));
#3712= IFCFACE((#3714));
#3714= IFCFACEOUTERBOUND(#3715,.T.);
#3715= IFCPOLYLOOP((#3425,#3446,#3627,#3427));
#3717= IFCFACE((#3743,#3748));
#3719= IFCCARTESIANPOINT((0.2999999999994998,-0.05644999998912681,0.6400407078564716));
#3721= IFCCARTESIANPOINT((0.2999999999994998,-0.0606592921394622,0.6442499999999927));
#3723= IFCCARTESIANPOINT((0.2999999999994998,-0.06219999999302672,0.6499999999999926));
#3725= IFCCARTESIANPOINT((0.2999999999994998,-0.0606592921394622,0.6557499999999925));
#3727= IFCCARTESIANPOINT((0.2999999999994998,-0.05644999998912681,0.6599592921435136));
#3729= IFCCARTESIANPOINT((0.2999999999994998,-0.05069999999250285,0.6614999999999926));
#3731= IFCCARTESIANPOINT((0.2999999999994998,-0.0449499999958789,0.6599592921435136));
#3733= IFCCARTESIANPOINT((0.2999999999994998,-0.04074070784554351,0.6557499999999925));
#3735= IFCCARTESIANPOINT((0.2999999999994998,-0.03919999999197898,0.6499999999999926));
#3737= IFCCARTESIANPOINT((0.2999999999994998,-0.04074070784554351,0.6442499999999927));
#3739= IFCCARTESIANPOINT((0.2999999999994998,-0.0449499999958789,0.6400407078564716));
#3741= IFCCARTESIANPOINT((0.2999999999994998,-0.05069999999250285,0.6384999999999925));
#3743= IFCFACEBOUND(#3744,.T.);
#3744= IFCPOLYLOOP((#3719,#3721,#3723,#3725,#3727,#3729,#3731,#3733,#3735,#3737,#3739,#3741));
#3746= IFCCARTESIANPOINT((0.2999999999994998,-0.1199999999880674,0.5900000000000001));
#3748= IFCFACEOUTERBOUND(#3749,.T.);
#3749= IFCPOLYLOOP((#2913,#2904,#3746,#2924));
#3751= IFCFACE((#3757));
#3753= IFCCARTESIANPOINT((0.2819574811439907,-0.08305405561259249,0.5899999999999999));
#3755= IFCCARTESIANPOINT((0.2811222183936479,-0.08371004959190032,0.5900000000000001));
#3757= IFCFACEOUTERBOUND(#3758,.T.);
#3758= IFCPOLYLOOP((#3753,#3755,#2866));
#3760= IFCFACE((#3762));
#3762= IFCFACEOUTERBOUND(#3763,.T.);
#3763= IFCPOLYLOOP((#3753,#2866,#2864));
#3765= IFCFACE((#3769));
#3767= IFCCARTESIANPOINT((0.2829359371648934,-0.08264099898951827,0.5899999999999999));
#3769= IFCFACEOUTERBOUND(#3770,.T.);
#3770= IFCPOLYLOOP((#3767,#3753,#2864));
#3772= IFCFACE((#3774));
#3774= IFCFACEOUTERBOUND(#3775,.T.);
#3775= IFCPOLYLOOP((#3767,#2864,#2879));
#3777= IFCFACE((#3781));
#3779= IFCCARTESIANPOINT((0.2839886057956846,-0.08249999998952262,0.5900000000000001));
#3781= IFCFACEOUTERBOUND(#3782,.T.);
#3782= IFCPOLYLOOP((#3767,#2879,#3779));
#3784= IFCFACE((#3786));
#3786= IFCFACEOUTERBOUND(#3787,.T.);
#3787= IFCPOLYLOOP((#2904,#2897,#3631));
#3789= IFCFACE((#3791));
#3791= IFCFACEOUTERBOUND(#3792,.T.);
#3792= IFCPOLYLOOP((#3746,#3442,#3065));
#3794= IFCFACE((#3796));
#3796= IFCFACEOUTERBOUND(#3797,.T.);
#3797= IFCPOLYLOOP((#3746,#3065,#3063));
#3799= IFCFACE((#3801));
#3801= IFCFACEOUTERBOUND(#3802,.T.);
#3802= IFCPOLYLOOP((#3746,#3063,#3078));
#3804= IFCFACE((#3806));
#3806= IFCFACEOUTERBOUND(#3807,.T.);
#3807= IFCPOLYLOOP((#3746,#3078,#3076));
#3809= IFCFACE((#3811));
#3811= IFCFACEOUTERBOUND(#3812,.T.);
#3812= IFCPOLYLOOP((#3234,#3232,#3440,#3621,#2886,#2866,#3755,#3105,#3103));
#3814= IFCFACE((#3820));
#3816= IFCCARTESIANPOINT((0.2958695464346874,-0.05644999998912681,0.6400407078564716));
#3818= IFCCARTESIANPOINT((0.2958673259706757,-0.0606592921394622,0.6442499999999927));
#3820= IFCFACEOUTERBOUND(#3821,.T.);
#3821= IFCPOLYLOOP((#3816,#3818,#3721,#3719));
#3823= IFCFACE((#3827));
#3825= IFCCARTESIANPOINT((0.2958725796449926,-0.05069999999250285,0.6384999999999925));
#3827= IFCFACEOUTERBOUND(#3828,.T.);
#3828= IFCPOLYLOOP((#3825,#3816,#3719,#3741));
#3830= IFCFACE((#3834));
#3832= IFCCARTESIANPOINT((0.2958756128552977,-0.0449499999958789,0.6400407078564716));
#3834= IFCFACEOUTERBOUND(#3835,.T.);
#3835= IFCPOLYLOOP((#3832,#3825,#3741,#3739));
#3837= IFCFACE((#3841));
#3839= IFCCARTESIANPOINT((0.2958778333193095,-0.04074070784554351,0.6442499999999927));
#3841= IFCFACEOUTERBOUND(#3842,.T.);
#3842= IFCPOLYLOOP((#3839,#3832,#3739,#3737));
#3844= IFCFACE((#3848));
#3846= IFCCARTESIANPOINT((0.2958786460656029,-0.03919999999197898,0.6499999999999926));
#3848= IFCFACEOUTERBOUND(#3849,.T.);
#3849= IFCPOLYLOOP((#3846,#3839,#3737,#3735));
#3851= IFCFACE((#3855));
#3853= IFCCARTESIANPOINT((0.2958778333193095,-0.04074070784554351,0.6557499999999925));
#3855= IFCFACEOUTERBOUND(#3856,.T.);
#3856= IFCPOLYLOOP((#3853,#3846,#3735,#3733));
#3858= IFCFACE((#3862));
#3860= IFCCARTESIANPOINT((0.2958756128552977,-0.0449499999958789,0.6599592921435136));
#3862= IFCFACEOUTERBOUND(#3863,.T.);
#3863= IFCPOLYLOOP((#3731,#3860,#3853,#3733));
#3865= IFCFACE((#3869));
#3867= IFCCARTESIANPOINT((0.2958725796449926,-0.05069999999250285,0.6614999999999926));
#3869= IFCFACEOUTERBOUND(#3870,.T.);
#3870= IFCPOLYLOOP((#3867,#3860,#3731,#3729));
#3872= IFCFACE((#3876));
#3874= IFCCARTESIANPOINT((0.2958695464346874,-0.05644999998912681,0.6599592921435136));
#3876= IFCFACEOUTERBOUND(#3877,.T.);
#3877= IFCPOLYLOOP((#3874,#3867,#3729,#3727));
#3879= IFCFACE((#3883));
#3881= IFCCARTESIANPOINT((0.2958673259706757,-0.0606592921394622,0.6557499999999925));
#3883= IFCFACEOUTERBOUND(#3884,.T.);
#3884= IFCPOLYLOOP((#3881,#3874,#3727,#3725));
#3886= IFCFACE((#3890));
#3888= IFCCARTESIANPOINT((0.2958665132243823,-0.06219999999302672,0.6499999999999926));
#3890= IFCFACEOUTERBOUND(#3891,.T.);
#3891= IFCPOLYLOOP((#3723,#3888,#3881,#3725));
#3893= IFCFACE((#3895));
#3895= IFCFACEOUTERBOUND(#3896,.T.);
#3896= IFCPOLYLOOP((#3888,#3723,#3721,#3818));
#3898= IFCFACE((#3900));
#3900= IFCFACEOUTERBOUND(#3901,.T.);
#3901= IFCPOLYLOOP((#3236,#3252,#3192,#3101));
#3903= IFCFACE((#3905));
#3905= IFCFACEOUTERBOUND(#3906,.T.);
#3906= IFCPOLYLOOP((#3243,#3230,#3438,#3436));
#3908= IFCFACE((#3910));
#3910= IFCFACEOUTERBOUND(#3911,.T.);
#3911= IFCPOLYLOOP((#3623,#2741,#3004,#3625));
#3913= IFCFACE((#3915));
#3915= IFCFACEOUTERBOUND(#3916,.T.);
#3916= IFCPOLYLOOP((#3442,#3440,#3232,#3065));
#3918= IFCFACE((#3920));
#3920= IFCFACEOUTERBOUND(#3921,.T.);
#3921= IFCPOLYLOOP((#3078,#3063,#3234,#3103));
#3923= IFCFACE((#3925));
#3925= IFCFACEOUTERBOUND(#3926,.T.);
#3926= IFCPOLYLOOP((#3631,#2897,#2886,#3621));
#3928= IFCFACE((#3932,#3959));
#3930= IFCCARTESIANPOINT((2.273736754432321E-13,-0.1199999999880674,0.5900000000000001));
#3932= IFCFACEOUTERBOUND(#3933,.T.);
#3933= IFCPOLYLOOP((#3930,#2906,#2915,#2922));
#3935= IFCCARTESIANPOINT((2.273736754432321E-13,-0.0449499999958789,0.6400407078564716));
#3937= IFCCARTESIANPOINT((2.273736754432321E-13,-0.04074070784554351,0.6442499999999927));
#3939= IFCCARTESIANPOINT((2.273736754432321E-13,-0.03919999999197898,0.6499999999999926));
#3941= IFCCARTESIANPOINT((2.273736754432321E-13,-0.04074070784554351,0.6557499999999925));
#3943= IFCCARTESIANPOINT((2.273736754432321E-13,-0.0449499999958789,0.6599592921435136));
#3945= IFCCARTESIANPOINT((2.273736754432321E-13,-0.05069999999250285,0.6614999999999926));
#3947= IFCCARTESIANPOINT((2.273736754432321E-13,-0.05644999998912681,0.6599592921435136));
#3949= IFCCARTESIANPOINT((2.273736754432321E-13,-0.0606592921394622,0.6557499999999925));
#3951= IFCCARTESIANPOINT((2.273736754432321E-13,-0.06219999999302672,0.6499999999999926));
#3953= IFCCARTESIANPOINT((2.273736754432321E-13,-0.0606592921394622,0.6442499999999927));
#3955= IFCCARTESIANPOINT((2.273736754432321E-13,-0.05644999998912681,0.6400407078564716));
#3957= IFCCARTESIANPOINT((2.273736754432321E-13,-0.05069999999250285,0.6384999999999925));
#3959= IFCFACEBOUND(#3960,.T.);
#3960= IFCPOLYLOOP((#3935,#3937,#3939,#3941,#3943,#3945,#3947,#3949,#3951,#3953,#3955,#3957));
#3962= IFCFACE((#3964));
#3964= IFCFACEOUTERBOUND(#3965,.T.);
#3965= IFCPOLYLOOP((#2748,#2758,#2796));
#3967= IFCFACE((#3971));
#3969= IFCCARTESIANPOINT((0.005120984673794737,-0.03676794918283122,0.5900000000000001));
#3971= IFCFACEOUTERBOUND(#3972,.T.);
#3972= IFCPOLYLOOP((#3969,#2748,#2796));
#3974= IFCFACE((#3976));
#3976= IFCFACEOUTERBOUND(#3977,.T.);
#3977= IFCPOLYLOOP((#3969,#2796,#2789));
#3979= IFCFACE((#3983));
#3981= IFCCARTESIANPOINT((0.004388933866266598,-0.03749999998399289,0.5900000000000001));
#3983= IFCFACEOUTERBOUND(#3984,.T.);
#3984= IFCPOLYLOOP((#3981,#3969,#2789));
#3986= IFCFACE((#3988));
#3988= IFCFACEOUTERBOUND(#3989,.T.);
#3989= IFCPOLYLOOP((#3981,#2789,#2780));
#3991= IFCFACE((#3993));
#3993= IFCFACEOUTERBOUND(#3994,.T.);
#3994= IFCPOLYLOOP((#3981,#2780,#2771));
#3996= IFCFACE((#4000));
#3998= IFCCARTESIANPOINT((0.004120984673818384,-0.0384999999878346,0.5900000000000001));
#4000= IFCFACEOUTERBOUND(#4001,.T.);
#4001= IFCPOLYLOOP((#3998,#3981,#2771));
#4003= IFCFACE((#4005));
#4005= IFCFACEOUTERBOUND(#4006,.T.);
#4006= IFCPOLYLOOP((#3998,#2771,#2769));
#4008= IFCFACE((#4012));
#4010= IFCCARTESIANPOINT((0.004121353934124272,-0.03919999999197898,0.6499999999999926));
#4012= IFCFACEOUTERBOUND(#4013,.T.);
#4013= IFCPOLYLOOP((#4010,#3998,#2769));
#4015= IFCFACE((#4041));
#4017= IFCCARTESIANPOINT((0.004132674029051486,-0.0606592921394622,0.6442499999999927));
#4019= IFCCARTESIANPOINT((0.004133486775344863,-0.06219999999302672,0.6499999999999926));
#4021= IFCCARTESIANPOINT((0.004132674029051486,-0.0606592921394622,0.6557499999999925));
#4023= IFCCARTESIANPOINT((0.004130453565039716,-0.05644999998912681,0.6599592921435136));
#4025= IFCCARTESIANPOINT((0.004127420354734568,-0.05069999999250285,0.6614999999999926));
#4027= IFCCARTESIANPOINT((0.00412438714442942,-0.0449499999958789,0.6599592921435136));
#4029= IFCCARTESIANPOINT((0.004122166680417649,-0.04074070784554351,0.6557499999999925));
#4031= IFCCARTESIANPOINT((0.004143140853102523,-0.08050105501752114,0.5900000000000001));
#4033= IFCCARTESIANPOINT((0.004122166680417649,-0.04074070784554351,0.6442499999999927));
#4035= IFCCARTESIANPOINT((0.00412438714442942,-0.0449499999958789,0.6400407078564716));
#4037= IFCCARTESIANPOINT((0.004127420354734568,-0.05069999999250285,0.6384999999999925));
#4039= IFCCARTESIANPOINT((0.004130453565039716,-0.05644999998912681,0.6400407078564716));
#4041= IFCFACEOUTERBOUND(#4042,.T.);
#4042= IFCPOLYLOOP((#4017,#4019,#4021,#4023,#4025,#4027,#4029,#4010,#2769,#2810,#4031,#3998,#4033,#4035,#4037,#4039));
#4044= IFCFACE((#4046));
#4046= IFCFACEOUTERBOUND(#4047,.T.);
#4047= IFCPOLYLOOP((#4031,#2810,#2852));
#4049= IFCFACE((#4053));
#4051= IFCCARTESIANPOINT((0.00441144155092843,-0.08150060904881684,0.5900000000000001));
#4053= IFCFACEOUTERBOUND(#4054,.T.);
#4054= IFCPOLYLOOP((#4051,#4031,#2852));
#4056= IFCFACE((#4058));
#4058= IFCFACEOUTERBOUND(#4059,.T.);
#4059= IFCPOLYLOOP((#4051,#2852,#2843));
#4061= IFCFACE((#4063));
#4063= IFCFACEOUTERBOUND(#4064,.T.);
#4064= IFCPOLYLOOP((#4051,#2843,#2834));
#4066= IFCFACE((#4070));
#4068= IFCCARTESIANPOINT((0.005143445151134074,-0.08223222661035834,0.5900000000000001));
#4070= IFCFACEOUTERBOUND(#4071,.T.);
#4071= IFCPOLYLOOP((#4068,#4051,#2834));
#4073= IFCFACE((#4075));
#4075= IFCFACEOUTERBOUND(#4076,.T.);
#4076= IFCPOLYLOOP((#4068,#2834,#2821));
#4078= IFCFACE((#4082));
#4080= IFCCARTESIANPOINT((0.006143140575204598,-0.08249999998952262,0.5900000000000001));
#4082= IFCFACEOUTERBOUND(#4083,.T.);
#4083= IFCPOLYLOOP((#4080,#4068,#2821));
#4085= IFCFACE((#4087));
#4087= IFCFACEOUTERBOUND(#4088,.T.);
#4088= IFCPOLYLOOP((#4080,#2821,#2819));
#4090= IFCFACE((#4094));
#4092= IFCCARTESIANPOINT((0.005921825427094518,-0.0150464246617048,0.5900000000000001));
#4094= IFCFACEOUTERBOUND(#4095,.T.);
#4095= IFCPOLYLOOP((#4092,#2939,#2979));
#4097= IFCFACE((#4101));
#4099= IFCCARTESIANPOINT((0.00596270826122236,-0.01559656964673195,0.5900000000000001));
#4101= IFCFACEOUTERBOUND(#4102,.T.);
#4102= IFCPOLYLOOP((#4099,#4092,#2979));
#4104= IFCFACE((#4106));
#4106= IFCFACEOUTERBOUND(#4107,.T.);
#4107= IFCPOLYLOOP((#4099,#2979,#2972));
#4109= IFCFACE((#4111));
#4111= IFCFACEOUTERBOUND(#4112,.T.);
#4112= IFCPOLYLOOP((#4099,#2972,#2961));
#4114= IFCFACE((#4118));
#4116= IFCCARTESIANPOINT((0.006228051462358053,-0.01608022642903961,0.5900000000000001));
#4118= IFCFACEOUTERBOUND(#4119,.T.);
#4119= IFCPOLYLOOP((#4116,#4099,#2961));
#4121= IFCFACE((#4123));
#4123= IFCFACEOUTERBOUND(#4124,.T.);
#4124= IFCPOLYLOOP((#4116,#2961,#2950));
#4126= IFCFACE((#4130));
#4128= IFCCARTESIANPOINT((0.006670072701126628,-0.0164102993439883,0.5900000000000001));
#4130= IFCFACEOUTERBOUND(#4131,.T.);
#4131= IFCPOLYLOOP((#4128,#4116,#2950));
#4133= IFCFACE((#4137));
#4135= IFCCARTESIANPOINT((0.007209173916635336,-0.01652734968956793,0.5900000000000001));
#4137= IFCFACEOUTERBOUND(#4138,.T.);
#4138= IFCPOLYLOOP((#4128,#2950,#2948,#4135));
#4140= IFCFACE((#4142));
#4142= IFCFACEOUTERBOUND(#4143,.T.);
#4143= IFCPOLYLOOP((#4092,#2932,#2930,#2939));
#4145= IFCFACE((#4147));
#4147= IFCFACEOUTERBOUND(#4148,.T.);
#4148= IFCPOLYLOOP((#3629,#2895,#2906));
#4150= IFCFACE((#4152));
#4152= IFCFACEOUTERBOUND(#4153,.T.);
#4153= IFCPOLYLOOP((#3444,#3442,#3746,#2904,#3631,#3629,#2906,#3930));
#4155= IFCFACE((#4157));
#4157= IFCFACEOUTERBOUND(#4158,.T.);
#4158= IFCPOLYLOOP((#3444,#3930,#3089));
#4160= IFCFACE((#4162));
#4162= IFCFACEOUTERBOUND(#4163,.T.);
#4163= IFCPOLYLOOP((#3085,#3089,#3930));
#4165= IFCFACE((#4167));
#4167= IFCFACEOUTERBOUND(#4168,.T.);
#4168= IFCPOLYLOOP((#3052,#3085,#3930));
#4170= IFCFACE((#4172));
#4172= IFCFACEOUTERBOUND(#4173,.T.);
#4173= IFCPOLYLOOP((#3052,#3930,#3054));
#4175= IFCFACE((#4177));
#4177= IFCFACEOUTERBOUND(#4178,.T.);
#4178= IFCPOLYLOOP((#3949,#3947,#4023,#4021));
#4180= IFCFACE((#4182));
#4182= IFCFACEOUTERBOUND(#4183,.T.);
#4183= IFCPOLYLOOP((#4025,#4023,#3947,#3945));
#4185= IFCFACE((#4187));
#4187= IFCFACEOUTERBOUND(#4188,.T.);
#4188= IFCPOLYLOOP((#3945,#3943,#4027,#4025));
#4190= IFCFACE((#4192));
#4192= IFCFACEOUTERBOUND(#4193,.T.);
#4193= IFCPOLYLOOP((#3943,#3941,#4029,#4027));
#4195= IFCFACE((#4197));
#4197= IFCFACEOUTERBOUND(#4198,.T.);
#4198= IFCPOLYLOOP((#3941,#3939,#4010,#4029));
#4200= IFCFACE((#4202));
#4202= IFCFACEOUTERBOUND(#4203,.T.);
#4203= IFCPOLYLOOP((#3937,#4033,#4010,#3939));
#4205= IFCFACE((#4207));
#4207= IFCFACEOUTERBOUND(#4208,.T.);
#4208= IFCPOLYLOOP((#4035,#4033,#3937,#3935));
#4210= IFCFACE((#4212));
#4212= IFCFACEOUTERBOUND(#4213,.T.);
#4213= IFCPOLYLOOP((#3957,#4037,#4035,#3935));
#4215= IFCFACE((#4217));
#4217= IFCFACEOUTERBOUND(#4218,.T.);
#4218= IFCPOLYLOOP((#3955,#4039,#4037,#3957));
#4220= IFCFACE((#4222));
#4222= IFCFACEOUTERBOUND(#4223,.T.);
#4223= IFCPOLYLOOP((#3953,#4017,#4039,#3955));
#4225= IFCFACE((#4227));
#4227= IFCFACEOUTERBOUND(#4228,.T.);
#4228= IFCPOLYLOOP((#4019,#4017,#3953,#3951));
#4230= IFCFACE((#4232));
#4232= IFCFACEOUTERBOUND(#4233,.T.);
#4233= IFCPOLYLOOP((#4019,#3951,#3949,#4021));
#4235= IFCFACE((#4237));
#4237= IFCFACEOUTERBOUND(#4238,.T.);
#4238= IFCPOLYLOOP((#3446,#3306,#3263,#3276));
#4240= IFCFACE((#4242));
#4242= IFCFACEOUTERBOUND(#4243,.T.);
#4243= IFCPOLYLOOP((#3283,#3265,#3181,#3179));
#4245= IFCFACE((#4247));
#4247= IFCFACEOUTERBOUND(#4248,.T.);
#4248= IFCPOLYLOOP((#3304,#3627,#3006,#2739));
#4250= IFCFACE((#4252));
#4252= IFCFACEOUTERBOUND(#4253,.T.);
#4253= IFCPOLYLOOP((#3267,#3085,#3052,#3183));
#4255= IFCFACE((#4257));
#4257= IFCFACEOUTERBOUND(#4258,.T.);
#4258= IFCPOLYLOOP((#3261,#3308,#3444,#3089));
#4260= IFCFACE((#4262));
#4262= IFCFACEOUTERBOUND(#4263,.T.);
#4263= IFCPOLYLOOP((#2888,#2895,#3629,#3302));
#4265= IFCFACE((#4271));
#4267= IFCCARTESIANPOINT((0.06950761650500681,-0.08951309281837894,0.5900000000000005));
#4269= IFCCARTESIANPOINT((0.06548691273201257,-0.08549238905106904,0.5900000000000005));
#4271= IFCFACEOUTERBOUND(#4272,.T.);
#4272= IFCPOLYLOOP((#3158,#3156,#4267,#4269));
#4274= IFCFACE((#4278));
#4276= IFCCARTESIANPOINT((0.07500000000004547,-0.09098477254156023,0.5900000000000005));
#4278= IFCFACEOUTERBOUND(#4279,.T.);
#4279= IFCPOLYLOOP((#4276,#4267,#3156,#3154));
#4281= IFCFACE((#4285));
#4283= IFCCARTESIANPOINT((0.08049238349508414,-0.08951309281837894,0.5900000000000005));
#4285= IFCFACEOUTERBOUND(#4286,.T.);
#4286= IFCPOLYLOOP((#3154,#3152,#4283,#4276));
#4288= IFCFACE((#4292));
#4290= IFCCARTESIANPOINT((0.08451308726807838,-0.08549238905106904,0.5900000000000005));
#4292= IFCFACEOUTERBOUND(#4293,.T.);
#4293= IFCPOLYLOOP((#4290,#4283,#3152,#3150));
#4295= IFCFACE((#4299));
#4297= IFCCARTESIANPOINT((0.08598476699012281,-0.08000000555330189,0.5900000000000005));
#4299= IFCFACEOUTERBOUND(#4300,.T.);
#4300= IFCPOLYLOOP((#3150,#3172,#4297,#4290));
#4302= IFCFACE((#4306));
#4304= IFCCARTESIANPOINT((0.08451308726807838,-0.07450762205553474,0.5900000000000005));
#4306= IFCFACEOUTERBOUND(#4307,.T.);
#4307= IFCPOLYLOOP((#3172,#3170,#4304,#4297));
#4309= IFCFACE((#4313));
#4311= IFCCARTESIANPOINT((0.08049238349508414,-0.07048691828822484,0.5900000000000005));
#4313= IFCFACEOUTERBOUND(#4314,.T.);
#4314= IFCPOLYLOOP((#3170,#3168,#4311,#4304));
#4316= IFCFACE((#4320));
#4318= IFCCARTESIANPOINT((0.07500000000004547,-0.06901523856504355,0.5900000000000005));
#4320= IFCFACEOUTERBOUND(#4321,.T.);
#4321= IFCPOLYLOOP((#4318,#4311,#3168,#3166));
#4323= IFCFACE((#4327));
#4325= IFCCARTESIANPOINT((0.06950761650500681,-0.07048691828822484,0.5900000000000005));
#4327= IFCFACEOUTERBOUND(#4328,.T.);
#4328= IFCPOLYLOOP((#4325,#4318,#3166,#3164));
#4330= IFCFACE((#4334));
#4332= IFCCARTESIANPOINT((0.06548691273201257,-0.07450762205553474,0.5900000000000005));
#4334= IFCFACEOUTERBOUND(#4335,.T.);
#4335= IFCPOLYLOOP((#3164,#3162,#4332,#4325));
#4337= IFCFACE((#4341));
#4339= IFCCARTESIANPOINT((0.06401523300996814,-0.08000000555330189,0.5900000000000005));
#4341= IFCFACEOUTERBOUND(#4342,.T.);
#4342= IFCPOLYLOOP((#3162,#3160,#4339,#4332));
#4344= IFCFACE((#4346));
#4346= IFCFACEOUTERBOUND(#4347,.T.);
#4347= IFCPOLYLOOP((#4269,#4339,#3160,#3158));
#4349= IFCFACE((#4355));
#4351= IFCCARTESIANPOINT((0.155492383495357,-0.06048691968317144,0.5900000000000005));
#4353= IFCCARTESIANPOINT((0.1595130872683512,-0.06450762345048133,0.5900000000000005));
#4355= IFCFACEOUTERBOUND(#4356,.T.);
#4356= IFCPOLYLOOP((#4351,#4353,#3118));
#4358= IFCFACE((#4360));
#4360= IFCFACEOUTERBOUND(#4361,.T.);
#4361= IFCPOLYLOOP((#4351,#3118,#3116));
#4363= IFCFACE((#4367));
#4365= IFCCARTESIANPOINT((0.1500000000003183,-0.05901523995999014,0.5900000000000005));
#4367= IFCFACEOUTERBOUND(#4368,.T.);
#4368= IFCPOLYLOOP((#4365,#4351,#3116));
#4370= IFCFACE((#4372));
#4372= IFCFACEOUTERBOUND(#4373,.T.);
#4373= IFCPOLYLOOP((#4365,#3116,#3114));
#4375= IFCFACE((#4379));
#4377= IFCCARTESIANPOINT((0.1445076165052797,-0.06048691968317144,0.5900000000000005));
#4379= IFCFACEOUTERBOUND(#4380,.T.);
#4380= IFCPOLYLOOP((#4377,#4365,#3114));
#4382= IFCFACE((#4384));
#4384= IFCFACEOUTERBOUND(#4385,.T.);
#4385= IFCPOLYLOOP((#4377,#3114,#3136));
#4387= IFCFACE((#4391));
#4389= IFCCARTESIANPOINT((0.1404869127322854,-0.06450762345048133,0.5900000000000005));
#4391= IFCFACEOUTERBOUND(#4392,.T.);
#4392= IFCPOLYLOOP((#4389,#4377,#3136));
#4394= IFCFACE((#4396));
#4396= IFCFACEOUTERBOUND(#4397,.T.);
#4397= IFCPOLYLOOP((#4389,#3136,#3134));
#4399= IFCFACE((#4403));
#4401= IFCCARTESIANPOINT((0.139015233010241,-0.07000000694824848,0.5900000000000005));
#4403= IFCFACEOUTERBOUND(#4404,.T.);
#4404= IFCPOLYLOOP((#4401,#4389,#3134));
#4406= IFCFACE((#4408));
#4408= IFCFACEOUTERBOUND(#4409,.T.);
#4409= IFCPOLYLOOP((#4401,#3134,#3132));
#4411= IFCFACE((#4415));
#4413= IFCCARTESIANPOINT((0.1404869127322854,-0.07549239044601563,0.5900000000000005));
#4415= IFCFACEOUTERBOUND(#4416,.T.);
#4416= IFCPOLYLOOP((#4413,#4401,#3132));
#4418= IFCFACE((#4420));
#4420= IFCFACEOUTERBOUND(#4421,.T.);
#4421= IFCPOLYLOOP((#4413,#3132,#3130));
#4423= IFCFACE((#4427));
#4425= IFCCARTESIANPOINT((0.1445076165052797,-0.07951309421332553,0.5900000000000005));
#4427= IFCFACEOUTERBOUND(#4428,.T.);
#4428= IFCPOLYLOOP((#4425,#4413,#3130));
#4430= IFCFACE((#4432));
#4432= IFCFACEOUTERBOUND(#4433,.T.);
#4433= IFCPOLYLOOP((#4425,#3130,#3128));
#4435= IFCFACE((#4439));
#4437= IFCCARTESIANPOINT((0.1500000000003183,-0.08098477393650683,0.5900000000000005));
#4439= IFCFACEOUTERBOUND(#4440,.T.);
#4440= IFCPOLYLOOP((#4437,#4425,#3128));
#4442= IFCFACE((#4444));
#4444= IFCFACEOUTERBOUND(#4445,.T.);
#4445= IFCPOLYLOOP((#4437,#3128,#3126));
#4447= IFCFACE((#4451));
#4449= IFCCARTESIANPOINT((0.155492383495357,-0.07951309421332553,0.5900000000000005));
#4451= IFCFACEOUTERBOUND(#4452,.T.);
#4452= IFCPOLYLOOP((#4449,#4437,#3126));
#4454= IFCFACE((#4456));
#4456= IFCFACEOUTERBOUND(#4457,.T.);
#4457= IFCPOLYLOOP((#4449,#3126,#3124));
#4459= IFCFACE((#4463));
#4461= IFCCARTESIANPOINT((0.1595130872683512,-0.07549239044601563,0.5900000000000005));
#4463= IFCFACEOUTERBOUND(#4464,.T.);
#4464= IFCPOLYLOOP((#4461,#4449,#3124));
#4466= IFCFACE((#4468));
#4468= IFCFACEOUTERBOUND(#4469,.T.);
#4469= IFCPOLYLOOP((#4461,#3124,#3122));
#4471= IFCFACE((#4475));
#4473= IFCCARTESIANPOINT((0.1609847669903957,-0.07000000694824848,0.5900000000000005));
#4475= IFCFACEOUTERBOUND(#4476,.T.);
#4476= IFCPOLYLOOP((#4473,#4461,#3122));
#4478= IFCFACE((#4480));
#4480= IFCFACEOUTERBOUND(#4481,.T.);
#4481= IFCPOLYLOOP((#4473,#3122,#3120));
#4483= IFCFACE((#4485));
#4485= IFCFACEOUTERBOUND(#4486,.T.);
#4486= IFCPOLYLOOP((#4353,#4473,#3120));
#4488= IFCFACE((#4490));
#4490= IFCFACEOUTERBOUND(#4491,.T.);
#4491= IFCPOLYLOOP((#4353,#3120,#3118));
#4493= IFCFACE((#4499));
#4495= IFCCARTESIANPOINT((0.2304923834947203,-0.07048691828822484,0.5900000000000005));
#4497= IFCCARTESIANPOINT((0.2345130872677146,-0.07450762205553474,0.5900000000000005));
#4499= IFCFACEOUTERBOUND(#4500,.T.);
#4500= IFCPOLYLOOP((#3209,#3207,#4495,#4497));
#4502= IFCFACE((#4506));
#4504= IFCCARTESIANPOINT((0.2249999999996817,-0.06901523856504355,0.5900000000000005));
#4506= IFCFACEOUTERBOUND(#4507,.T.);
#4507= IFCPOLYLOOP((#4504,#4495,#3207,#3205));
#4509= IFCFACE((#4513));
#4511= IFCCARTESIANPOINT((0.219507616504643,-0.07048691828822484,0.5900000000000005));
#4513= IFCFACEOUTERBOUND(#4514,.T.);
#4514= IFCPOLYLOOP((#3205,#3203,#4511,#4504));
#4516= IFCFACE((#4520));
#4518= IFCCARTESIANPOINT((0.2154869127316488,-0.07450762205553474,0.5900000000000005));
#4520= IFCFACEOUTERBOUND(#4521,.T.);
#4521= IFCPOLYLOOP((#3203,#3201,#4518,#4511));
#4523= IFCFACE((#4527));
#4525= IFCCARTESIANPOINT((0.2140152330096043,-0.08000000555330189,0.5900000000000005));
#4527= IFCFACEOUTERBOUND(#4528,.T.);
#4528= IFCPOLYLOOP((#4525,#4518,#3201,#3223));
#4530= IFCFACE((#4534));
#4532= IFCCARTESIANPOINT((0.2154869127316488,-0.08549238905106904,0.5900000000000005));
#4534= IFCFACEOUTERBOUND(#4535,.T.);
#4535= IFCPOLYLOOP((#3223,#3221,#4532,#4525));
#4537= IFCFACE((#4541));
#4539= IFCCARTESIANPOINT((0.219507616504643,-0.08951309281837894,0.5900000000000005));
#4541= IFCFACEOUTERBOUND(#4542,.T.);
#4542= IFCPOLYLOOP((#3221,#3219,#4539,#4532));
#4544= IFCFACE((#4548));
#4546= IFCCARTESIANPOINT((0.2249999999996817,-0.09098477254156023,0.5900000000000005));
#4548= IFCFACEOUTERBOUND(#4549,.T.);
#4549= IFCPOLYLOOP((#3219,#3217,#4546,#4539));
#4551= IFCFACE((#4555));
#4553= IFCCARTESIANPOINT((0.2304923834947203,-0.08951309281837894,0.5900000000000005));
#4555= IFCFACEOUTERBOUND(#4556,.T.);
#4556= IFCPOLYLOOP((#4553,#4546,#3217,#3215));
#4558= IFCFACE((#4562));
#4560= IFCCARTESIANPOINT((0.2345130872677146,-0.08549238905106904,0.5900000000000005));
#4562= IFCFACEOUTERBOUND(#4563,.T.);
#4563= IFCPOLYLOOP((#4560,#4553,#3215,#3213));
#4565= IFCFACE((#4569));
#4567= IFCCARTESIANPOINT((0.235984766989759,-0.08000000555330189,0.5900000000000005));
#4569= IFCFACEOUTERBOUND(#4570,.T.);
#4570= IFCPOLYLOOP((#3213,#3211,#4567,#4560));
#4572= IFCFACE((#4574));
#4574= IFCFACEOUTERBOUND(#4575,.T.);
#4575= IFCPOLYLOOP((#4497,#4567,#3211,#3209));
#4577= IFCFACE((#4579));
#4579= IFCFACEOUTERBOUND(#4580,.T.);
#4580= IFCPOLYLOOP((#3438,#3230,#2730));
#4582= IFCFACE((#4584));
#4584= IFCFACEOUTERBOUND(#4585,.T.);
#4585= IFCPOLYLOOP((#3623,#3438,#2730));
#4587= IFCFACE((#4589));
#4589= IFCFACEOUTERBOUND(#4590,.T.);
#4590= IFCPOLYLOOP((#3623,#2730,#2741));
#4592= IFCFACE((#4594));
#4594= IFCFACEOUTERBOUND(#4595,.T.);
#4595= IFCPOLYLOOP((#2752,#2705,#2703));
#4597= IFCFACE((#4601));
#4599= IFCCARTESIANPOINT((0.2769999999995889,-0.03596410161117092,0.5899999999999999));
#4601= IFCFACEOUTERBOUND(#4602,.T.);
#4602= IFCPOLYLOOP((#4599,#2752,#2703));
#4604= IFCFACE((#4606));
#4606= IFCFACEOUTERBOUND(#4607,.T.);
#4607= IFCPOLYLOOP((#4599,#2703,#2714));
#4609= IFCFACE((#4613));
#4611= IFCCARTESIANPOINT((0.2755358983845326,-0.03449999999429565,0.5899999999999999));
#4613= IFCFACEOUTERBOUND(#4614,.T.);
#4614= IFCPOLYLOOP((#4611,#4599,#2714));
#4616= IFCFACE((#4618));
#4618= IFCFACEOUTERBOUND(#4619,.T.);
#4619= IFCPOLYLOOP((#4611,#2714,#2721));
#4621= IFCFACE((#4623));
#4623= IFCFACEOUTERBOUND(#4624,.T.);
#4624= IFCPOLYLOOP((#4611,#2721,#2730));
#4626= IFCFACE((#4628));
#4628= IFCFACEOUTERBOUND(#4629,.T.);
#4629= IFCPOLYLOOP((#3107,#4611,#2730));
#4631= IFCFACE((#4633));
#4633= IFCFACEOUTERBOUND(#4634,.T.);
#4634= IFCPOLYLOOP((#3107,#2730,#3230,#3236,#3101));
#4636= IFCFACE((#4640));
#4638= IFCCARTESIANPOINT((0.2958790153259088,-0.0384999999878346,0.5900000000000001));
#4640= IFCFACEOUTERBOUND(#4641,.T.);
#4641= IFCPOLYLOOP((#4638,#2767,#2765));
#4643= IFCFACE((#4647));
#4645= IFCCARTESIANPOINT((0.2956110661334606,-0.03749999998399289,0.5899999999999999));
#4647= IFCFACEOUTERBOUND(#4648,.T.);
#4648= IFCPOLYLOOP((#4645,#4638,#2765));
#4650= IFCFACE((#4652));
#4652= IFCFACEOUTERBOUND(#4653,.T.);
#4653= IFCPOLYLOOP((#4645,#2765,#2778));
#4655= IFCFACE((#4657));
#4657= IFCFACEOUTERBOUND(#4658,.T.);
#4658= IFCPOLYLOOP((#4645,#2778,#2787));
#4660= IFCFACE((#4664));
#4662= IFCCARTESIANPOINT((0.2948790153259324,-0.03676794918283122,0.5899999999999999));
#4664= IFCFACEOUTERBOUND(#4665,.T.);
#4665= IFCPOLYLOOP((#4662,#4645,#2787));
#4667= IFCFACE((#4669));
#4669= IFCFACEOUTERBOUND(#4670,.T.);
#4670= IFCPOLYLOOP((#4662,#2787,#2798));
#4672= IFCFACE((#4674));
#4674= IFCFACEOUTERBOUND(#4675,.T.);
#4675= IFCPOLYLOOP((#2754,#4662,#2798));
#4677= IFCFACE((#4679));
#4679= IFCFACEOUTERBOUND(#4680,.T.);
#4680= IFCPOLYLOOP((#2754,#2798,#2756));
#4682= IFCFACE((#4684));
#4684= IFCFACEOUTERBOUND(#4685,.T.);
#4685= IFCPOLYLOOP((#3846,#2767,#4638));
#4687= IFCFACE((#4691));
#4689= IFCCARTESIANPOINT((0.2958568591466246,-0.08050105501752114,0.5900000000000001));
#4691= IFCFACEOUTERBOUND(#4692,.T.);
#4692= IFCPOLYLOOP((#3818,#3816,#3825,#3832,#3839,#3846,#4638,#4689,#2812,#2767,#3853,#3860,#3867,#3874,#3881,#3888));
#4694= IFCFACE((#4698));
#4696= IFCCARTESIANPOINT((0.2938568594245226,-0.08249999998952262,0.5900000000000001));
#4698= IFCFACEOUTERBOUND(#4699,.T.);
#4699= IFCPOLYLOOP((#4696,#2825,#2823));
#4701= IFCFACE((#4705));
#4703= IFCCARTESIANPOINT((0.2948565548485931,-0.08223222661035834,0.5899999999999999));
#4705= IFCFACEOUTERBOUND(#4706,.T.);
#4706= IFCPOLYLOOP((#4703,#4696,#2823));
#4708= IFCFACE((#4710));
#4710= IFCFACEOUTERBOUND(#4711,.T.);
#4711= IFCPOLYLOOP((#4703,#2823,#2832));
#4713= IFCFACE((#4717));
#4715= IFCCARTESIANPOINT((0.2955885584487987,-0.08150060904881684,0.5899999999999999));
#4717= IFCFACEOUTERBOUND(#4718,.T.);
#4718= IFCPOLYLOOP((#4715,#4703,#2832));
#4720= IFCFACE((#4722));
#4722= IFCFACEOUTERBOUND(#4723,.T.);
#4723= IFCPOLYLOOP((#4715,#2832,#2841));
#4725= IFCFACE((#4727));
#4727= IFCFACEOUTERBOUND(#4728,.T.);
#4728= IFCPOLYLOOP((#4715,#2841,#2850));
#4730= IFCFACE((#4732));
#4732= IFCFACEOUTERBOUND(#4733,.T.);
#4733= IFCPOLYLOOP((#4689,#4715,#2850));
#4735= IFCFACE((#4737));
#4737= IFCFACEOUTERBOUND(#4738,.T.);
#4738= IFCPOLYLOOP((#4689,#2850,#2812));
#4740= IFCFACE((#4744));
#4742= IFCCARTESIANPOINT((0.01601139420404252,-0.08249999998952262,0.5900000000000001));
#4744= IFCFACEOUTERBOUND(#4745,.T.);
#4745= IFCPOLYLOOP((#4080,#2819,#2825,#4696,#3779,#2879,#2877,#4742));
#4747= IFCFACE((#4751));
#4749= IFCCARTESIANPOINT((0.2940781745726326,-0.0150464246617048,0.5900000000000001));
#4751= IFCFACEOUTERBOUND(#4752,.T.);
#4752= IFCPOLYLOOP((#4749,#2941,#2928,#2926));
#4754= IFCFACE((#4760));
#4756= IFCCARTESIANPOINT((0.2933299272986005,-0.0164102993439883,0.5899999999999999));
#4758= IFCCARTESIANPOINT((0.2927908260830918,-0.01652734968956793,0.5900000000000001));
#4760= IFCFACEOUTERBOUND(#4761,.T.);
#4761= IFCPOLYLOOP((#2954,#2952,#4756,#4758));
#4763= IFCFACE((#4767));
#4765= IFCCARTESIANPOINT((0.2937719485373691,-0.01608022642903961,0.5899999999999999));
#4767= IFCFACEOUTERBOUND(#4768,.T.);
#4768= IFCPOLYLOOP((#4765,#4756,#2952));
#4770= IFCFACE((#4772));
#4772= IFCFACEOUTERBOUND(#4773,.T.);
#4773= IFCPOLYLOOP((#4765,#2952,#2963));
#4775= IFCFACE((#4779));
#4777= IFCCARTESIANPOINT((0.2940372917385048,-0.01559656964673195,0.5899999999999999));
#4779= IFCFACEOUTERBOUND(#4780,.T.);
#4780= IFCPOLYLOOP((#4777,#4765,#2963));
#4782= IFCFACE((#4784));
#4784= IFCFACEOUTERBOUND(#4785,.T.);
#4785= IFCPOLYLOOP((#4777,#2963,#2970));
#4787= IFCFACE((#4789));
#4789= IFCFACEOUTERBOUND(#4790,.T.);
#4790= IFCPOLYLOOP((#4777,#2970,#2981));
#4792= IFCFACE((#4794));
#4794= IFCFACEOUTERBOUND(#4795,.T.);
#4795= IFCPOLYLOOP((#4749,#4777,#2981));
#4797= IFCFACE((#4799));
#4799= IFCFACEOUTERBOUND(#4800,.T.);
#4800= IFCPOLYLOOP((#4749,#2981,#2941));
#4802= IFCFACE((#4806));
#4804= IFCCARTESIANPOINT((0.2789999999995416,-0.01649999999062857,0.5900000000000001));
#4806= IFCFACEOUTERBOUND(#4807,.T.);
#4807= IFCPOLYLOOP((#2993,#2954,#4758,#4804));
#4809= IFCFACE((#4811));
#4811= IFCFACEOUTERBOUND(#4812,.T.);
#4812= IFCPOLYLOOP((#3004,#3002,#3625));
#4814= IFCFACE((#4818));
#4816= IFCCARTESIANPOINT((0.2749999999994088,-0.02049208297103178,0.5900000000000001));
#4818= IFCFACEOUTERBOUND(#4819,.T.);
#4819= IFCPOLYLOOP((#3252,#3243,#4816,#3192));
#4821= IFCFACE((#4823));
#4823= IFCFACEOUTERBOUND(#4824,.T.);
#4824= IFCPOLYLOOP((#4816,#3243,#3436));
#4826= IFCFACE((#4830));
#4828= IFCCARTESIANPOINT((0.2753046298510071,-0.01896254753955873,0.5899999999999999));
#4830= IFCFACEOUTERBOUND(#4831,.T.);
#4831= IFCPOLYLOOP((#4816,#3436,#4828));
#4833= IFCFACE((#4835));
#4835= IFCFACEOUTERBOUND(#4836,.T.);
#4836= IFCPOLYLOOP((#3436,#3625,#3002));
#4838= IFCFACE((#4840));
#4840= IFCFACEOUTERBOUND(#4841,.T.);
#4841= IFCPOLYLOOP((#4828,#3436,#3002));
#4843= IFCFACE((#4845));
#4845= IFCFACEOUTERBOUND(#4846,.T.);
#4846= IFCPOLYLOOP((#4828,#3002,#3017));
#4848= IFCFACE((#4850));
#4850= IFCFACEOUTERBOUND(#4851,.T.);
#4851= IFCPOLYLOOP((#4828,#3017,#3024));
#4853= IFCFACE((#4857));
#4855= IFCCARTESIANPOINT((0.2761720489606887,-0.01766645077441353,0.5899999999999999));
#4857= IFCFACEOUTERBOUND(#4858,.T.);
#4858= IFCPOLYLOOP((#4855,#4828,#3024));
#4860= IFCFACE((#4862));
#4862= IFCFACEOUTERBOUND(#4863,.T.);
#4863= IFCPOLYLOOP((#4855,#3024,#3035));
#4865= IFCFACE((#4869));
#4867= IFCCARTESIANPOINT((0.27746986342936,-0.01680160375690321,0.5899999999999999));
#4869= IFCFACEOUTERBOUND(#4870,.T.);
#4870= IFCPOLYLOOP((#4867,#4855,#3035));
#4872= IFCFACE((#4874));
#4874= IFCFACEOUTERBOUND(#4875,.T.);
#4875= IFCPOLYLOOP((#4804,#4867,#3035));
#4877= IFCFACE((#4879));
#4879= IFCFACEOUTERBOUND(#4880,.T.);
#4880= IFCPOLYLOOP((#4804,#3035,#2993));
#4882= IFCFACE((#4886));
#4884= IFCCARTESIANPOINT((0.2749999999996362,-0.01649999998335261,0.5900000000000001));
#4886= IFCFACEOUTERBOUND(#4887,.T.);
#4887= IFCPOLYLOOP((#4816,#4884,#3194,#3192));
#4889= IFCFACE((#4891));
#4891= IFCFACEOUTERBOUND(#4892,.T.);
#4892= IFCPOLYLOOP((#3141,#3245,#3254,#3196));
#4894= IFCFACE((#4896));
#4896= IFCFACEOUTERBOUND(#4897,.T.);
#4897= IFCPOLYLOOP((#3143,#3185,#3285,#3274));
#4899= IFCFACE((#4903));
#4901= IFCCARTESIANPOINT((0.02500000000009095,-0.01649999998335261,0.5900000000000001));
#4903= IFCFACEOUTERBOUND(#4904,.T.);
#4904= IFCPOLYLOOP((#3185,#4901,#3177));
#4906= IFCFACE((#4908));
#4908= IFCFACEOUTERBOUND(#4909,.T.);
#4909= IFCPOLYLOOP((#3196,#3194,#4884));
#4911= IFCFACE((#4913));
#4913= IFCFACEOUTERBOUND(#4914,.T.);
#4914= IFCPOLYLOOP((#4884,#4901,#3185,#3143,#3141,#3196));
#4916= IFCFACE((#4920));
#4918= IFCCARTESIANPOINT((0.02500000000031832,-0.02049208297103178,0.5900000000000001));
#4920= IFCFACEOUTERBOUND(#4921,.T.);
#4921= IFCPOLYLOOP((#4918,#3179,#3177,#4901));
#4923= IFCFACE((#4925));
#4925= IFCFACEOUTERBOUND(#4926,.T.);
#4926= IFCPOLYLOOP((#3627,#3446,#3276,#3283,#3008));
#4928= IFCFACE((#4930));
#4930= IFCFACEOUTERBOUND(#4931,.T.);
#4931= IFCPOLYLOOP((#3627,#3008,#3006));
#4933= IFCFACE((#4937));
#4935= IFCCARTESIANPOINT((0.02100000000018554,-0.01649999999062857,0.5900000000000001));
#4937= IFCFACEOUTERBOUND(#4938,.T.);
#4938= IFCPOLYLOOP((#2995,#3033,#4935));
#4940= IFCFACE((#4944));
#4942= IFCCARTESIANPOINT((0.02253013657036718,-0.01680160375690321,0.5900000000000001));
#4944= IFCFACEOUTERBOUND(#4945,.T.);
#4945= IFCPOLYLOOP((#4942,#4935,#3033));
#4947= IFCFACE((#4951));
#4949= IFCCARTESIANPOINT((0.02382795103903845,-0.01766645077441353,0.5900000000000001));
#4951= IFCFACEOUTERBOUND(#4952,.T.);
#4952= IFCPOLYLOOP((#4949,#4942,#3033));
#4954= IFCFACE((#4956));
#4956= IFCFACEOUTERBOUND(#4957,.T.);
#4957= IFCPOLYLOOP((#4949,#3033,#3026));
#4959= IFCFACE((#4963));
#4961= IFCCARTESIANPOINT((0.02469537014872003,-0.01896254753955873,0.5900000000000001));
#4963= IFCFACEOUTERBOUND(#4964,.T.);
#4964= IFCPOLYLOOP((#3015,#3008,#4961));
#4966= IFCFACE((#4968));
#4968= IFCFACEOUTERBOUND(#4969,.T.);
#4969= IFCPOLYLOOP((#3026,#3015,#4961));
#4971= IFCFACE((#4973));
#4973= IFCFACEOUTERBOUND(#4974,.T.);
#4974= IFCPOLYLOOP((#3026,#4961,#4949));
#4976= IFCFACE((#4978));
#4978= IFCFACEOUTERBOUND(#4979,.T.);
#4979= IFCPOLYLOOP((#3283,#3179,#4918));
#4981= IFCFACE((#4983));
#4983= IFCFACEOUTERBOUND(#4984,.T.);
#4984= IFCPOLYLOOP((#3008,#3283,#4918));
#4986= IFCFACE((#4988));
#4988= IFCFACEOUTERBOUND(#4989,.T.);
#4989= IFCPOLYLOOP((#3008,#4918,#4961));
#4991= IFCFACE((#4993));
#4993= IFCFACEOUTERBOUND(#4994,.T.);
#4994= IFCPOLYLOOP((#4135,#2948,#2995,#4935));
#4996= IFCFACE((#4998));
#4998= IFCFACEOUTERBOUND(#4999,.T.);
#4999= IFCPOLYLOOP((#3304,#2739,#2732));
#5001= IFCFACE((#5005));
#5003= IFCCARTESIANPOINT((0.02500000000031832,-0.0324999999938882,0.5900000000000001));
#5005= IFCFACEOUTERBOUND(#5006,.T.);
#5006= IFCPOLYLOOP((#5003,#3181,#3265,#3263,#3306,#3304,#2732));
#5008= IFCFACE((#5012));
#5010= IFCCARTESIANPOINT((0.02446410161519452,-0.03449999999429565,0.5900000000000001));
#5012= IFCFACEOUTERBOUND(#5013,.T.);
#5013= IFCPOLYLOOP((#5010,#5003,#2732));
#5015= IFCFACE((#5017));
#5017= IFCFACEOUTERBOUND(#5018,.T.);
#5018= IFCPOLYLOOP((#5010,#2732,#2723));
#5020= IFCFACE((#5022));
#5022= IFCFACEOUTERBOUND(#5023,.T.);
#5023= IFCPOLYLOOP((#5010,#2723,#2712));
#5025= IFCFACE((#5029));
#5027= IFCCARTESIANPOINT((0.02300000000013824,-0.03596410161117092,0.5900000000000001));
#5029= IFCFACEOUTERBOUND(#5030,.T.);
#5030= IFCPOLYLOOP((#5027,#5010,#2712));
#5032= IFCFACE((#5034));
#5034= IFCFACEOUTERBOUND(#5035,.T.);
#5035= IFCPOLYLOOP((#5027,#2712,#2701));
#5037= IFCFACE((#5039));
#5039= IFCFACEOUTERBOUND(#5040,.T.);
#5040= IFCPOLYLOOP((#2750,#5027,#2701));
#5042= IFCFACE((#5044));
#5044= IFCFACEOUTERBOUND(#5045,.T.);
#5045= IFCPOLYLOOP((#2750,#2701,#2699));
#5047= IFCFACE((#5051));
#5049= IFCCARTESIANPOINT((0.02500000000031832,-0.08999999998923158,0.5900000000000001));
#5051= IFCFACEOUTERBOUND(#5052,.T.);
#5052= IFCPOLYLOOP((#3183,#3181,#5003,#5049));
#5054= IFCFACE((#5058));
#5056= IFCCARTESIANPOINT((0.01887778160607922,-0.08371004959190032,0.5900000000000001));
#5058= IFCFACEOUTERBOUND(#5059,.T.);
#5059= IFCPOLYLOOP((#3183,#5049,#5056,#2868,#2888,#3302,#3308,#3261,#3267));
#5061= IFCFACE((#5065));
#5063= IFCCARTESIANPOINT((0.01706406283483375,-0.08264099898951827,0.5900000000000001));
#5065= IFCFACEOUTERBOUND(#5066,.T.);
#5066= IFCPOLYLOOP((#5063,#4742,#2877));
#5068= IFCFACE((#5070));
#5070= IFCFACEOUTERBOUND(#5071,.T.);
#5071= IFCPOLYLOOP((#5063,#2877,#2870));
#5073= IFCFACE((#5077));
#5075= IFCCARTESIANPOINT((0.01804251885573649,-0.08305405561259249,0.5900000000000001));
#5077= IFCFACEOUTERBOUND(#5078,.T.);
#5078= IFCPOLYLOOP((#5075,#5063,#2870));
#5080= IFCFACE((#5082));
#5082= IFCFACEOUTERBOUND(#5083,.T.);
#5083= IFCPOLYLOOP((#5075,#2870,#2868));
#5085= IFCFACE((#5087));
#5087= IFCFACEOUTERBOUND(#5088,.T.);
#5088= IFCPOLYLOOP((#5075,#2868,#5056));
#5090= IFCFACE((#5092,#5095,#5098,#5101,#5104,#5107));
#5092= IFCFACEBOUND(#5093,.T.);
#5093= IFCPOLYLOOP((#4339,#4269,#4267,#4276,#4283,#4290,#4297,#4304,#4311,#4318,#4325,#4332));
#5095= IFCFACEOUTERBOUND(#5096,.T.);
#5096= IFCPOLYLOOP((#3930,#2922,#2932,#4092,#4099,#4116,#4128,#4135,#4935,#4942,#4949,#4961,#4918,#4901,#4884,#4816,#4828,#4855,#4867,#4804,#4758,#4756,#4765,#4777,#4749,#2926,#2924,#3746,#3076,#3054));
#5098= IFCFACEBOUND(#5099,.T.);
#5099= IFCPOLYLOOP((#4546,#4553,#4560,#4567,#4497,#4495,#4504,#4511,#4518,#4525,#4532,#4539));
#5101= IFCFACEBOUND(#5102,.T.);
#5102= IFCPOLYLOOP((#4449,#4461,#4473,#4353,#4351,#4365,#4377,#4389,#4401,#4413,#4425,#4437));
#5104= IFCFACEBOUND(#5105,.T.);
#5105= IFCPOLYLOOP((#3105,#3755,#3753,#3767,#3779,#4696,#4703,#4715,#4689,#4638,#4645,#4662,#2754,#2752,#4599,#4611,#3107));
#5107= IFCFACEBOUND(#5108,.T.);
#5108= IFCPOLYLOOP((#5003,#5010,#5027,#2750,#2748,#3969,#3981,#3998,#4031,#4051,#4068,#4080,#4742,#5063,#5075,#5056,#5049));
#5110= IFCCLOSEDSHELL((#2651,#2664,#2673,#2680,#2687,#2692,#2697,#2710,#2719,#2728,#2737,#2746,#2763,#2776,#2785,#2794,#2803,#2808,#2817,#2830,#2839,#2848,#2857,#2862,#2875,#2884,#2893,#2902,#2911,#2920,#2937,#2946,#2959,#2968,#2977,#2986,#2991,#3000,#3013,#3022,#3031,#3040,#3045,#3050,#3061,#3074,#3083,#3094,#3099,#3112,#3148,#3190,#3228,#3241,#3250,#3259,#3272,#3281,#3290,#3295,#3300,#3313,#3326,#3335,#3344,#3353,#3362,#3371,#3380,#3389,#3398,#3407,#3416,#3421,#3434,#3508,#3517,#3524,#3531,#3538,#3545,#3552,#3559,#3566,#3573,#3580,#3587,#3592,#3642,#3647,#3652,#3657,#3662,#3667,#3672,#3677,#3682,#3687,#3692,#3697,#3702,#3707,#3712,#3717,#3751,#3760,#3765,#3772,#3777,#3784,#3789,#3794,#3799,#3804,#3809,#3814,#3823,#3830,#3837,#3844,#3851,#3858,#3865,#3872,#3879,#3886,#3893,#3898,#3903,#3908,#3913,#3918,#3923,#3928,#3962,#3967,#3974,#3979,#3986,#3991,#3996,#4003,#4008,#4015,#4044,#4049,#4056,#4061,#4066,#4073,#4078,#4085,#4090,#4097,#4104,#4109,#4114,#4121,#4126,#4133,#4140,#4145,#4150,#4155,#4160,#4165,#4170,#4175,#4180,#4185,#4190,#4195,#4200,#4205,#4210,#4215,#4220,#4225,#4230,#4235,#4240,#4245,#4250,#4255,#4260,#4265,#4274,#4281,#4288,#4295,#4302,#4309,#4316,#4323,#4330,#4337,#4344,#4349,#4358,#4363,#4370,#4375,#4382,#4387,#4394,#4399,#4406,#4411,#4418,#4423,#4430,#4435,#4442,#4447,#4454,#4459,#4466,#4471,#4478,#4483,#4488,#4493,#4502,#4509,#4516,#4523,#4530,#4537,#4544,#4551,#4558,#4565,#4572,#4577,#4582,#4587,#4592,#4597,#4604,#4609,#4616,#4621,#4626,#4631,#4636,#4643,#4650,#4655,#4660,#4667,#4672,#4677,#4682,#4687,#4694,#4701,#4708,#4713,#4720,#4725,#4730,#4735,#4740,#4747,#4754,#4763,#4770,#4775,#4782,#4787,#4792,#4797,#4802,#4809,#4814,#4821,#4826,#4833,#4838,#4843,#4848,#4853,#4860,#4865,#4872,#4877,#4882,#4889,#4894,#4899,#4906,#4911,#4916,#4923,#4928,#4933,#4940,#4947,#4954,#4959,#4966,#4971,#4976,#4981,#4986,#4991,#4996,#5001,#5008,#5015,#5020,#5025,#5032,#5037,#5042,#5047,#5054,#5061,#5068,#5073,#5080,#5085,#5090));
#5112= IFCFACETEDBREP(#5110);
#5113= IFCPRESENTATIONSTYLEASSIGNMENT((#5115));
#5115= IFCSURFACESTYLE($,.POSITIVE.,(#5117));
#5116= IFCCOLOURRGB($,1.,0.7490196078431373,0.);
#5117= IFCSURFACESTYLESHADING(#5116);
#5119= IFCSTYLEDITEM(#5112,(#5113),$);
ENDSEC;

END-ISO-10303-21;
