ISO-10303-21;
HEADER;

/******************************************************************************************
* STEP Physical File produced by: The EXPRESS Data Manager Version 5.02.0110.07 : 20 Jan 2016
* Module:                         EDMstepFileFactory/EDMstandAlone
* Creation date:                  Wed Oct  7 14:50:36 2026
* Host:                           E-ESPGSENG010NB
* Database:                       C:\Users\godoyj\AppData\Local\Temp\ACAIFCTMP/EDM6768\aec_ifc_db
* Database version:               5507
* Database creation date:         Wed Oct  7 14:46:47 2026
* Schema:                         IFC2X3
* Model:                          DataRepository.AecIfc
* Model creation date:            Wed Oct  7 14:50:35 2026
* Header model:                   DataRepository.AecIfc_Header
* Header model creation date:     Wed Oct  7 14:50:35 2026
* EDMuser:                        sdai-user
* EDMgroup:                       sdai-group
* License ID and type:            5649 : Permanent license. Expiry date: 
* EDMstepFileFactory options:     020000
******************************************************************************************/
FILE_DESCRIPTION(('ViewDefinition [CoordinationView_V2.0, FMHandOverAddonView, ConceptDesignBIM_2010]','ExchangeRequirement[Architecture]'),'2;1');
FILE_NAME($,'2026-10-07T14:50:36',('godoyj'),('',''),'The EXPRESS Data Manager Version 5.02.0110.07 : 20 Jan 2016','AutoCAD Architecture 2023 - English Build 8.5.50.0','');
FILE_SCHEMA(('IFC2X3'));
ENDSEC;

DATA;
#1= IFCPROJECT('0PW4TR_Wk3GOyiORh91u5E',#41,'Desing',$,$,'24454243',$,(#7),#20);
#7= IFCGEOMETRICREPRESENTATIONCONTEXT($,'Model',3,1.E-5,#18,$);
#10= IFCCARTESIANPOINT((0.,0.,0.));
#14= IFCDIRECTION((1.,0.,0.));
#16= IFCDIRECTION((0.,0.,1.));
#18= IFCAXIS2PLACEMENT3D(#10,#16,#14);
#20= IFCUNITASSIGNMENT((#22,#23,#24,#25,#29,#30));
#22= IFCSIUNIT(*,.LENGTHUNIT.,.MILLI.,.METRE.);
#23= IFCSIUNIT(*,.AREAUNIT.,.MILLI.,.SQUARE_METRE.);
#24= IFCSIUNIT(*,.VOLUMEUNIT.,.MILLI.,.CUBIC_METRE.);
#25= IFCCONVERSIONBASEDUNIT(#26,.PLANEANGLEUNIT.,'degree',#27);
#26= IFCDIMENSIONALEXPONENTS(0,0,0,0,0,0,0);
#27= IFCMEASUREWITHUNIT(IFCREAL(0.0174532925199433),#28);
#28= IFCSIUNIT(*,.PLANEANGLEUNIT.,$,.RADIAN.);
#29= IFCSIUNIT(*,.TIMEUNIT.,$,.SECOND.);
#30= IFCSIUNIT(*,.MASSUNIT.,$,.GRAM.);
#31= IFCORGANIZATION('','','',$,$);
#35= IFCPERSON('','','',$,$,$,$,$);
#37= IFCPERSONANDORGANIZATION(#35,#31,$);
#40= IFCAPPLICATION(#31,'8.5.50.0','AutoCAD Architecture 2023 - English','6104');
#41= IFCOWNERHISTORY(#37,#40,$,.NOCHANGE.,$,$,$,1791377436);
#42= IFCPROPERTYSET('2w$JC0FJz8w9$5OGTulpCM',#41,'ADT_Pset_DISPLAY_SET',$,(#47,#51));
#47= IFCPROPERTYSINGLEVALUE('ACA_DISPLAY_CONFIG_ON_EXPORT',$,IFCLABEL('Standard'),$);
#51= IFCPROPERTYSINGLEVALUE('ACA_DISPLAY_SET_ON_EXPORT',$,IFCLABEL('Modelo'),$);
#52= IFCRELDEFINESBYPROPERTIES('0zxQNERB12VhcKND_ONi1W',#41,$,$,(#1),#42);
#56= IFCBUILDING('3w2nc0Wq4iZs6woGU1Jbj7',#41,'24454243',$,$,#65,$,$,.ELEMENT.,0.,0.,$);
#61= IFCRELAGGREGATES('1x6LhQ3Ur2_xidrJI2gLmT',#41,$,$,#1,(#56));
#65= IFCLOCALPLACEMENT($,#70);
#68= IFCCARTESIANPOINT((0.,0.,0.));
#70= IFCAXIS2PLACEMENT3D(#68,$,$);
#76= IFCPROPERTYSET('11pFkliOTCYhpJuQSd2bUo',#41,'Pset_BuildingCommon',$,(#78,#79,#80,#81,#82,#83,#84,#85,#86,#87,#88));
#78= IFCPROPERTYSINGLEVALUE('BuildingID',$,$,$);
#79= IFCPROPERTYSINGLEVALUE('IsPermanentID',$,IFCBOOLEAN(.F.),$);
#80= IFCPROPERTYSINGLEVALUE('MainFireUse',$,$,$);
#81= IFCPROPERTYSINGLEVALUE('AncillaryFireUse',$,$,$);
#82= IFCPROPERTYSINGLEVALUE('SprinklerProtection',$,IFCBOOLEAN(.F.),$);
#83= IFCPROPERTYSINGLEVALUE('SprinklerProtectionAutomatic',$,IFCBOOLEAN(.F.),$);
#84= IFCPROPERTYSINGLEVALUE('OccupancyType',$,$,$);
#85= IFCPROPERTYSINGLEVALUE('GrossPlannedArea',$,IFCAREAMEASURE(0.),$);
#86= IFCPROPERTYSINGLEVALUE('NumberOfStoreys',$,IFCINTEGER(0),$);
#87= IFCPROPERTYSINGLEVALUE('YearOfConstruction',$,$,$);
#88= IFCPROPERTYSINGLEVALUE('IsLandmarked',$,IFCLOGICAL(.F.),$);
#89= IFCRELDEFINESBYPROPERTIES('28qLcEWOzFM8ASUw$R6cgX',#41,$,$,(#56),#76);
#93= IFCPROPERTYSET('3IROZ9QwP5ou9avlFY7H9i',#41,'Pset_BuildingUse',$,(#95,#96,#97,#98,#99,#100,#101,#102));
#95= IFCPROPERTYSINGLEVALUE('MarketCategory',$,$,$);
#96= IFCPROPERTYSINGLEVALUE('MarketSubCategory',$,$,$);
#97= IFCPROPERTYSINGLEVALUE('PlanningControlStatus',$,$,$);
#98= IFCPROPERTYSINGLEVALUE('NarrativeText',$,$,$);
#99= IFCPROPERTYSINGLEVALUE('VacancyRateInCategoryNow',$,IFCPOSITIVERATIOMEASURE(0.),$);
#100= IFCPROPERTYBOUNDEDVALUE('RentalRatesInCategoryNow',$,$,$,$);
#101= IFCPROPERTYSINGLEVALUE('VacancyRateInCategoryFuture',$,IFCPOSITIVERATIOMEASURE(0.),$);
#102= IFCPROPERTYBOUNDEDVALUE('RentalRatesInCategoryFuture',$,$,$,$);
#103= IFCRELDEFINESBYPROPERTIES('0E$x9xq$PCywZpaCeIdy8L',#41,$,$,(#56),#93);
#106= IFCPROPERTYSET('3jOY_mhZT5pPQJhUyhmBuY',#41,'Pset_BuildingUseAdjacent',$,(#108,#109,#110,#111));
#108= IFCPROPERTYSINGLEVALUE('MarketCategory',$,$,$);
#109= IFCPROPERTYSINGLEVALUE('MarketSubCategory',$,$,$);
#110= IFCPROPERTYSINGLEVALUE('PlanningControlStatus',$,$,$);
#111= IFCPROPERTYSINGLEVALUE('NarrativeText',$,$,$);
#112= IFCRELDEFINESBYPROPERTIES('3El2zgRQf9FBkHhP_lup8X',#41,$,$,(#56),#106);
#115= IFCPROPERTYSET('0_gKh8VN15Zvzs4uBv2TKc',#41,'Pset_BuildingWaterStorage',$,(#117,#118,#119,#120,#121));
#117= IFCPROPERTYSINGLEVALUE('WaterStorageRatePerPerson',$,IFCVOLUMEMEASURE(0.),$);
#118= IFCPROPERTYSINGLEVALUE('OneDayPotableWater',$,IFCVOLUMEMEASURE(0.),$);
#119= IFCPROPERTYSINGLEVALUE('OneDayEssentialWater',$,IFCVOLUMEMEASURE(0.),$);
#120= IFCPROPERTYSINGLEVALUE('OneDayCoolingTowerMakeupWater',$,IFCVOLUMEMEASURE(0.),$);
#121= IFCPROPERTYSINGLEVALUE('OneDayProcessOrProductionWater',$,IFCVOLUMEMEASURE(0.),$);
#122= IFCRELDEFINESBYPROPERTIES('2TfNQc1Dv9zQMLD5qLXaQj',#41,$,$,(#56),#115);
#125= IFCPROPERTYSET('0GVhXHF4v7vQQj9J_K4OfU',#41,'ePset_BuildingEnergyTarget',$,(#127,#128));
#127= IFCPROPERTYSINGLEVALUE('BuildingEnergyTargetUnits',$,$,$);
#128= IFCPROPERTYSINGLEVALUE('BuildingEnergyTargetValue',$,IFCREAL(0.),$);
#129= IFCRELDEFINESBYPROPERTIES('1HzOB5POjACPXGJiu49qfP',#41,$,$,(#56),#125);
#132= IFCBUILDINGELEMENTPROXY('23ZonXkia7WG00000000Xf',#41,$,$,$,#149,#155,$,$);
#145= IFCRELCONTAINEDINSPATIALSTRUCTURE('033fwsmkH0lA7eB_vIjP68',#41,$,$,(#132,#3813),#56);
#149= IFCLOCALPLACEMENT(#65,#153);
#151= IFCCARTESIANPOINT((0.,0.,0.));
#153= IFCAXIS2PLACEMENT3D(#151,$,$);
#155= IFCPRODUCTDEFINITIONSHAPE($,$,(#157));
#157= IFCSHAPEREPRESENTATION(#3802,'Body','Brep',(#3792));
#163= IFCFACE((#173));
#165= IFCCARTESIANPOINT((0.008197734553050395,-1.66837708093226E-8,1.21));
#167= IFCCARTESIANPOINT((0.008197734553050395,-0.01500001669046469,1.21));
#169= IFCCARTESIANPOINT((0.4418022654472225,-0.01500001669046469,1.21));
#171= IFCCARTESIANPOINT((0.4418022654472225,-1.66837708093226E-8,1.21));
#173= IFCFACEOUTERBOUND(#174,.T.);
#174= IFCPOLYLOOP((#165,#167,#169,#171));
#176= IFCFACE((#182));
#178= IFCCARTESIANPOINT((0.4418022654472225,-1.66837708093226E-8,0.00809849446174893));
#180= IFCCARTESIANPOINT((0.008197734553050395,-1.66837708093226E-8,0.008098494461749026));
#182= IFCFACEOUTERBOUND(#183,.T.);
#183= IFCPOLYLOOP((#178,#180,#165,#171));
#185= IFCFACE((#189));
#187= IFCCARTESIANPOINT((0.4418022654472225,-0.01500001669046469,0.008098494461748927));
#189= IFCFACEOUTERBOUND(#190,.T.);
#190= IFCPOLYLOOP((#187,#178,#171,#169));
#192= IFCFACE((#196));
#194= IFCCARTESIANPOINT((0.008197734553050395,-0.01500001669046469,0.008098494461749022));
#196= IFCFACEOUTERBOUND(#197,.T.);
#197= IFCPOLYLOOP((#178,#187,#194,#180));
#199= IFCFACE((#201));
#201= IFCFACEOUTERBOUND(#202,.T.);
#202= IFCPOLYLOOP((#194,#187,#169,#167));
#204= IFCFACE((#206));
#206= IFCFACEOUTERBOUND(#207,.T.);
#207= IFCPOLYLOOP((#180,#194,#167,#165));
#209= IFCFACE((#219));
#211= IFCCARTESIANPOINT((0.4290000000003147,-0.03649999998742715,0.02100000000000308));
#213= IFCCARTESIANPOINT((0.4274692662709185,-0.03619551812153077,0.02253073372946168));
#215= IFCCARTESIANPOINT((0.02253073372935432,-0.03619551812153077,0.02253073372946178));
#217= IFCCARTESIANPOINT((0.02099999999995816,-0.03649999998742715,0.02100000000000318));
#219= IFCFACEOUTERBOUND(#220,.T.);
#220= IFCPOLYLOOP((#211,#213,#215,#217));
#222= IFCFACE((#228));
#224= IFCCARTESIANPOINT((0.4261715728755462,-0.03532842711865669,0.02382842712474707));
#226= IFCCARTESIANPOINT((0.02382842712472666,-0.03532842711865669,0.02382842712474716));
#228= IFCFACEOUTERBOUND(#229,.T.);
#229= IFCPOLYLOOP((#224,#226,#215,#213));
#231= IFCFACE((#237));
#233= IFCCARTESIANPOINT((0.425304481870171,-0.0340307337246486,0.02469551813004569));
#235= IFCCARTESIANPOINT((0.02469551813010185,-0.0340307337246486,0.02469551813004578));
#237= IFCFACEOUTERBOUND(#238,.T.);
#238= IFCPOLYLOOP((#233,#235,#226,#224));
#240= IFCFACE((#246));
#242= IFCCARTESIANPOINT((0.4250768588788105,-0.03328036128368694,0.02492314112161337));
#244= IFCCARTESIANPOINT((0.02492314112146232,-0.03328036128368694,0.02492314112161347));
#246= IFCFACEOUTERBOUND(#247,.T.);
#247= IFCPOLYLOOP((#233,#242,#244,#235));
#249= IFCFACE((#255));
#251= IFCCARTESIANPOINT((0.02499999999986358,-0.0324999999938882,0.02500000000000046));
#253= IFCCARTESIANPOINT((0.4250000000004093,-0.0324999999938882,0.02500000000000037));
#255= IFCFACEOUTERBOUND(#256,.T.);
#256= IFCPOLYLOOP((#251,#244,#242,#253));
#258= IFCFACE((#272));
#260= IFCCARTESIANPOINT((0.00612098467377109,-0.03649999998742715,1.21));
#262= IFCCARTESIANPOINT((0.006120984673543717,-0.03649999998742715,0.006120984673597826));
#264= IFCCARTESIANPOINT((0.4438790153267291,-0.03649999998742715,0.006120984673597729));
#266= IFCCARTESIANPOINT((0.4438790153265018,-0.03649999998742715,1.21));
#268= IFCCARTESIANPOINT((0.4290000000000873,-0.03649999998742715,1.21));
#270= IFCCARTESIANPOINT((0.02100000000018554,-0.03649999998742715,1.21));
#272= IFCFACEOUTERBOUND(#273,.T.);
#273= IFCPOLYLOOP((#260,#262,#264,#266,#268,#211,#217,#270));
#275= IFCFACE((#285));
#277= IFCCARTESIANPOINT((0.4458790153266818,-0.0384999999878346,0.004120984673597727));
#279= IFCCARTESIANPOINT((0.4458405858874812,-0.0381098193465732,0.004159414112791252));
#281= IFCCARTESIANPOINT((0.004159414112791637,-0.0381098193465732,0.004159414112791351));
#283= IFCCARTESIANPOINT((0.004120984673591011,-0.0384999999878346,0.004120984673597825));
#285= IFCFACEOUTERBOUND(#286,.T.);
#286= IFCPOLYLOOP((#277,#279,#281,#283));
#288= IFCFACE((#294));
#290= IFCCARTESIANPOINT((0.004273225608585562,-0.0377346331224544,0.004273225608575239));
#292= IFCCARTESIANPOINT((0.4457267743916873,-0.0377346331224544,0.004273225608575141));
#294= IFCFACEOUTERBOUND(#295,.T.);
#295= IFCPOLYLOOP((#290,#281,#279,#292));
#297= IFCFACE((#303));
#299= IFCCARTESIANPOINT((0.004706771111159469,-0.03708578642545035,0.004706771111224721));
#301= IFCCARTESIANPOINT((0.4452932288891134,-0.03708578642545035,0.004706771111224623));
#303= IFCFACEOUTERBOUND(#304,.T.);
#304= IFCPOLYLOOP((#299,#290,#292,#301));
#306= IFCFACE((#312));
#308= IFCCARTESIANPOINT((0.005355617808845636,-0.03665224092401331,0.00535561780886764));
#310= IFCCARTESIANPOINT((0.4446443821914272,-0.03665224092401331,0.005355617808867543));
#312= IFCFACEOUTERBOUND(#313,.T.);
#313= IFCPOLYLOOP((#308,#299,#301,#310));
#315= IFCFACE((#317));
#317= IFCFACEOUTERBOUND(#318,.T.);
#318= IFCPOLYLOOP((#310,#264,#262,#308));
#320= IFCFACE((#326));
#322= IFCCARTESIANPOINT((0.004143140852875149,-0.08050105501752114,0.004143140852901964));
#324= IFCCARTESIANPOINT((0.4458568591473977,-0.08050105501752114,0.004143140852901866));
#326= IFCFACEOUTERBOUND(#327,.T.);
#327= IFCPOLYLOOP((#283,#322,#324,#277));
#329= IFCFACE((#339));
#331= IFCCARTESIANPOINT((0.00537801739619681,-0.08234785997046856,0.005378017396353948));
#333= IFCCARTESIANPOINT((0.006143140574522477,-0.08249999998952262,0.006143140574629783));
#335= IFCCARTESIANPOINT((0.4438568594257504,-0.08249999998952262,0.006143140574629686));
#337= IFCCARTESIANPOINT((0.444621982604076,-0.08234785997046856,0.00537801739635385));
#339= IFCFACEOUTERBOUND(#340,.T.);
#340= IFCPOLYLOOP((#331,#333,#335,#337));
#342= IFCFACE((#348));
#344= IFCCARTESIANPOINT((0.4452706999300062,-0.08191458650981076,0.004729300070331787));
#346= IFCCARTESIANPOINT((0.004729300070266618,-0.08191458650981076,0.004729300070331885));
#348= IFCFACEOUTERBOUND(#349,.T.);
#349= IFCPOLYLOOP((#344,#346,#331,#337));
#351= IFCFACE((#357));
#353= IFCCARTESIANPOINT((0.4457043155398424,-0.08126609783357708,0.004295684460644707));
#355= IFCCARTESIANPOINT((0.004295684460430493,-0.08126609783357708,0.004295684460644805));
#357= IFCFACEOUTERBOUND(#358,.T.);
#358= IFCPOLYLOOP((#353,#355,#346,#344));
#360= IFCFACE((#366));
#362= IFCCARTESIANPOINT((0.4458182496800873,-0.08089108600688633,0.004181750320385466));
#364= IFCCARTESIANPOINT((0.004181750320185529,-0.08089108600688633,0.004181750320385564));
#366= IFCFACEOUTERBOUND(#367,.T.);
#367= IFCPOLYLOOP((#353,#362,#364,#355));
#369= IFCFACE((#371));
#371= IFCFACEOUTERBOUND(#372,.T.);
#372= IFCPOLYLOOP((#362,#324,#322,#364));
#374= IFCFACE((#384));
#376= IFCCARTESIANPOINT((0.01756706100513838,-0.08281490829540417,0.01756706100519699));
#378= IFCCARTESIANPOINT((0.01887778160585185,-0.08371004959190032,0.01887778160593324));
#380= IFCCARTESIANPOINT((0.431122218394421,-0.08371004959190032,0.01887778160593315));
#382= IFCCARTESIANPOINT((0.4324329389951345,-0.08281490829540417,0.0175670610051969));
#384= IFCFACEOUTERBOUND(#385,.T.);
#385= IFCPOLYLOOP((#376,#378,#380,#382));
#387= IFCFACE((#393));
#389= IFCCARTESIANPOINT((0.01601139420381514,-0.08249999998952262,0.01601139420380786));
#391= IFCCARTESIANPOINT((0.4339886057964577,-0.08249999998952262,0.01601139420380776));
#393= IFCFACEOUTERBOUND(#394,.T.);
#394= IFCPOLYLOOP((#389,#376,#382,#391));
#396= IFCFACE((#402));
#398= IFCCARTESIANPOINT((0.02499999999986358,-0.08999999998923158,0.02500000000000045));
#400= IFCCARTESIANPOINT((0.4250000000004093,-0.08999999998923158,0.02500000000000036));
#402= IFCFACEOUTERBOUND(#403,.T.);
#403= IFCPOLYLOOP((#378,#398,#400,#380));
#405= IFCFACE((#411));
#407= IFCCARTESIANPOINT((0.4250000000004093,-0.1200000000026193,0.0249999999999999));
#409= IFCCARTESIANPOINT((0.02499999999986358,-0.1200000000026193,0.02499999999999999));
#411= IFCFACEOUTERBOUND(#412,.T.);
#412= IFCPOLYLOOP((#407,#400,#398,#409));
#414= IFCFACE((#420));
#416= IFCCARTESIANPOINT((0.,-0.1199999999880674,-2.204364238331997E-17));
#418= IFCCARTESIANPOINT((0.4500000000002728,-0.1199999999880674,-1.219637146005534E-16));
#420= IFCFACEOUTERBOUND(#421,.T.);
#421= IFCPOLYLOOP((#416,#418,#407,#409));
#423= IFCFACE((#429));
#425= IFCCARTESIANPOINT((0.,0.,0.));
#427= IFCCARTESIANPOINT((0.4500000000002728,0.,-9.992007221723344E-17));
#429= IFCFACEOUTERBOUND(#430,.T.);
#430= IFCPOLYLOOP((#416,#425,#427,#418));
#432= IFCFACE((#446));
#434= IFCCARTESIANPOINT((0.4419635374908921,0.,0.008036462509442932));
#436= IFCCARTESIANPOINT((0.4419635374904374,0.,1.21));
#438= IFCCARTESIANPOINT((0.4500000000000455,0.,1.21));
#440= IFCCARTESIANPOINT((2.273736754432321E-13,0.,1.21));
#442= IFCCARTESIANPOINT((0.008036462509835474,0.,1.21));
#444= IFCCARTESIANPOINT((0.008036462509380726,0.,0.008036462509443029));
#446= IFCFACEOUTERBOUND(#447,.T.);
#447= IFCPOLYLOOP((#434,#436,#438,#427,#425,#440,#442,#444));
#449= IFCFACE((#455));
#451= IFCCARTESIANPOINT((0.005921825426867144,-0.0150464246617048,0.005921825426949452));
#453= IFCCARTESIANPOINT((0.4440781745734057,-0.0150464246617048,0.005921825426949355));
#455= IFCFACEOUTERBOUND(#456,.T.);
#456= IFCPOLYLOOP((#444,#451,#453,#434));
#458= IFCFACE((#468));
#460= IFCCARTESIANPOINT((0.4427908260840923,-0.01652734968956793,0.007209173916313277));
#462= IFCCARTESIANPOINT((0.443329927299601,-0.0164102993439883,0.006670072700780132));
#464= IFCCARTESIANPOINT((0.006670072700671881,-0.0164102993439883,0.006670072700780229));
#466= IFCCARTESIANPOINT((0.007209173916180589,-0.01652734968956793,0.007209173916313373));
#468= IFCFACEOUTERBOUND(#469,.T.);
#469= IFCPOLYLOOP((#460,#462,#464,#466));
#471= IFCFACE((#477));
#473= IFCCARTESIANPOINT((0.006228051461675932,-0.01608022642903961,0.006228051461908555));
#475= IFCCARTESIANPOINT((0.4437719485385969,-0.01608022642903961,0.006228051461908458));
#477= IFCFACEOUTERBOUND(#478,.T.);
#478= IFCPOLYLOOP((#473,#464,#462,#475));
#480= IFCFACE((#486));
#482= IFCCARTESIANPOINT((0.005962708260767613,-0.01559656963945599,0.005962708260910127));
#484= IFCCARTESIANPOINT((0.4440372917395052,-0.01559656963945599,0.00596270826091003));
#486= IFCFACEOUTERBOUND(#487,.T.);
#487= IFCPOLYLOOP((#482,#473,#475,#484));
#489= IFCFACE((#495));
#491= IFCCARTESIANPOINT((0.4440872513248451,-0.0153236907281098,0.00591274867566154));
#493= IFCCARTESIANPOINT((0.005912748675427792,-0.0153236907281098,0.005912748675661637));
#495= IFCFACEOUTERBOUND(#496,.T.);
#496= IFCPOLYLOOP((#484,#491,#493,#482));
#498= IFCFACE((#500));
#500= IFCFACEOUTERBOUND(#501,.T.);
#501= IFCPOLYLOOP((#491,#453,#451,#493));
#503= IFCFACE((#509));
#505= IFCCARTESIANPOINT((0.4290000000003147,-0.01649999999062857,0.02100000000000309));
#507= IFCCARTESIANPOINT((0.02099999999995816,-0.01649999999062857,0.02100000000000318));
#509= IFCFACEOUTERBOUND(#510,.T.);
#510= IFCPOLYLOOP((#505,#460,#466,#507));
#512= IFCFACE((#522));
#514= IFCCARTESIANPOINT((0.02492445501547991,-0.01971908922860166,0.02492445501561459));
#516= IFCCARTESIANPOINT((0.02499999999986358,-0.02049999999871943,0.02500000000000046));
#518= IFCCARTESIANPOINT((0.4250000000004093,-0.02049999999871943,0.02500000000000037));
#520= IFCCARTESIANPOINT((0.4250755449847929,-0.01971908922860166,0.0249244550156145));
#522= IFCFACEOUTERBOUND(#523,.T.);
#523= IFCPOLYLOOP((#514,#516,#518,#520));
#525= IFCFACE((#531));
#527= IFCCARTESIANPOINT((0.4253023589242275,-0.01896803389536217,0.02469764107604509));
#529= IFCCARTESIANPOINT((0.02469764107604533,-0.01896803389536217,0.02469764107604518));
#531= IFCFACEOUTERBOUND(#532,.T.);
#532= IFCPOLYLOOP((#520,#527,#529,#514));
#534= IFCFACE((#540));
#536= IFCCARTESIANPOINT((0.02383075151988123,-0.01766924847470364,0.02383075151988475));
#538= IFCCARTESIANPOINT((0.4261692484803916,-0.01766924847470364,0.02383075151988466));
#540= IFCFACEOUTERBOUND(#541,.T.);
#541= IFCPOLYLOOP((#536,#529,#527,#538));
#543= IFCFACE((#549));
#545= IFCCARTESIANPOINT((0.42746803389673,-0.01680235892126802,0.0225319661036736));
#547= IFCCARTESIANPOINT((0.0225319661035428,-0.01680235892126802,0.02253196610367369));
#549= IFCFACEOUTERBOUND(#550,.T.);
#550= IFCPOLYLOOP((#545,#547,#536,#538));
#552= IFCFACE((#554));
#554= IFCFACEOUTERBOUND(#555,.T.);
#555= IFCPOLYLOOP((#545,#505,#507,#547));
#557= IFCFACE((#559));
#559= IFCFACEOUTERBOUND(#560,.T.);
#560= IFCPOLYLOOP((#516,#251,#253,#518));
#562= IFCFACE((#584));
#564= IFCCARTESIANPOINT((0.4250000000001819,-0.08999999998923158,1.187500000000336));
#566= IFCCARTESIANPOINT((0.4249999999999545,-0.1199999999880674,1.18750000000047));
#568= IFCCARTESIANPOINT((0.02500000000031832,-0.1199999999880674,1.18750000000047));
#570= IFCCARTESIANPOINT((0.02500000000031832,-0.08999999998923158,1.187500000000336));
#572= IFCCARTESIANPOINT((0.02500000000031832,-0.0324999999938882,1.187500000000079));
#574= IFCCARTESIANPOINT((0.02500000000031832,-0.02049999999871943,1.187500000000025));
#576= IFCCARTESIANPOINT((0.02500000000031832,-0.01649999998335261,1.187500000000008));
#578= IFCCARTESIANPOINT((0.4249999999999545,-0.01649999998335261,1.187500000000008));
#580= IFCCARTESIANPOINT((0.4250000000001819,-0.02049208297103178,1.187500000000025));
#582= IFCCARTESIANPOINT((0.4250000000001819,-0.0324999999938882,1.187500000000079));
#584= IFCFACEOUTERBOUND(#585,.T.);
#585= IFCPOLYLOOP((#564,#566,#568,#570,#572,#574,#576,#578,#580,#582));
#587= IFCFACE((#593));
#589= IFCCARTESIANPOINT((0.4249999999999545,-0.0324999999938882,1.21));
#591= IFCCARTESIANPOINT((0.4249999999999545,-0.08999999998923158,1.21));
#593= IFCFACEOUTERBOUND(#594,.T.);
#594= IFCPOLYLOOP((#564,#582,#589,#591));
#596= IFCFACE((#606));
#598= IFCCARTESIANPOINT((0.02500000000031832,-0.08999999998923158,0.6125000000000036));
#600= IFCCARTESIANPOINT((0.02500000000031832,-0.0324999999938882,0.6125000000000036));
#602= IFCCARTESIANPOINT((0.02500000000031832,-0.0324999999938882,0.5874999999999369));
#604= IFCCARTESIANPOINT((0.02500000000031832,-0.08999999998923158,0.5875000000001938));
#606= IFCFACEOUTERBOUND(#607,.T.);
#607= IFCPOLYLOOP((#598,#600,#602,#604));
#609= IFCFACE((#619));
#611= IFCCARTESIANPOINT((0.06950761650500681,-0.07048691828822484,0.6125000000000043));
#613= IFCCARTESIANPOINT((0.06548691273201257,-0.07450762205553474,0.6125000000000043));
#615= IFCCARTESIANPOINT((0.06548691273201257,-0.07450762205553474,0.5874999999998408));
#617= IFCCARTESIANPOINT((0.06950761650500681,-0.07048691828822484,0.5874999999998228));
#619= IFCFACEOUTERBOUND(#620,.T.);
#620= IFCPOLYLOOP((#611,#613,#615,#617));
#622= IFCFACE((#628));
#624= IFCCARTESIANPOINT((0.07500000000004547,-0.06901523856504355,0.6125000000000043));
#626= IFCCARTESIANPOINT((0.07500000000004547,-0.06901523856504355,0.5874999999998163));
#628= IFCFACEOUTERBOUND(#629,.T.);
#629= IFCPOLYLOOP((#624,#611,#617,#626));
#631= IFCFACE((#637));
#633= IFCCARTESIANPOINT((0.08049238349508414,-0.07048691828822484,0.5874999999998228));
#635= IFCCARTESIANPOINT((0.08049238349508414,-0.07048691828822484,0.6125000000000043));
#637= IFCFACEOUTERBOUND(#638,.T.);
#638= IFCPOLYLOOP((#626,#633,#635,#624));
#640= IFCFACE((#646));
#642= IFCCARTESIANPOINT((0.08451308726807838,-0.07450762205553474,0.6125000000000043));
#644= IFCCARTESIANPOINT((0.08451308726807838,-0.07450762205553474,0.5874999999998408));
#646= IFCFACEOUTERBOUND(#647,.T.);
#647= IFCPOLYLOOP((#642,#635,#633,#644));
#649= IFCFACE((#655));
#651= IFCCARTESIANPOINT((0.08598476699012281,-0.08000000555330189,0.5874999999998654));
#653= IFCCARTESIANPOINT((0.08598476699012281,-0.08000000555330189,0.6125000000000043));
#655= IFCFACEOUTERBOUND(#656,.T.);
#656= IFCPOLYLOOP((#644,#651,#653,#642));
#658= IFCFACE((#664));
#660= IFCCARTESIANPOINT((0.08451308726807838,-0.08549238905106904,0.6125000000000043));
#662= IFCCARTESIANPOINT((0.08451308726807838,-0.08549238905106904,0.5874999999998899));
#664= IFCFACEOUTERBOUND(#665,.T.);
#665= IFCPOLYLOOP((#660,#653,#651,#662));
#667= IFCFACE((#673));
#669= IFCCARTESIANPOINT((0.08049238349508414,-0.08951309281837894,0.5874999999999079));
#671= IFCCARTESIANPOINT((0.08049238349508414,-0.08951309281837894,0.6125000000000043));
#673= IFCFACEOUTERBOUND(#674,.T.);
#674= IFCPOLYLOOP((#662,#669,#671,#660));
#676= IFCFACE((#682));
#678= IFCCARTESIANPOINT((0.07500000000004547,-0.09098477254156023,0.5874999999999144));
#680= IFCCARTESIANPOINT((0.07500000000004547,-0.09098477254156023,0.6125000000000043));
#682= IFCFACEOUTERBOUND(#683,.T.);
#683= IFCPOLYLOOP((#669,#678,#680,#671));
#685= IFCFACE((#691));
#687= IFCCARTESIANPOINT((0.06950761650500681,-0.08951309281837894,0.6125000000000043));
#689= IFCCARTESIANPOINT((0.06950761650500681,-0.08951309281837894,0.5874999999999079));
#691= IFCFACEOUTERBOUND(#692,.T.);
#692= IFCPOLYLOOP((#687,#680,#678,#689));
#694= IFCFACE((#700));
#696= IFCCARTESIANPOINT((0.06548691273201257,-0.08549238905106904,0.6125000000000043));
#698= IFCCARTESIANPOINT((0.06548691273201257,-0.08549238905106904,0.5874999999998899));
#700= IFCFACEOUTERBOUND(#701,.T.);
#701= IFCPOLYLOOP((#696,#687,#689,#698));
#703= IFCFACE((#709));
#705= IFCCARTESIANPOINT((0.06401523300996814,-0.08000000555330189,0.5874999999998654));
#707= IFCCARTESIANPOINT((0.06401523300996814,-0.08000000555330189,0.6125000000000043));
#709= IFCFACEOUTERBOUND(#710,.T.);
#710= IFCPOLYLOOP((#698,#705,#707,#696));
#712= IFCFACE((#714));
#714= IFCFACEOUTERBOUND(#715,.T.);
#715= IFCPOLYLOOP((#613,#707,#705,#615));
#717= IFCFACE((#727));
#719= IFCCARTESIANPOINT((0.1445076165052797,-0.06048691968317144,0.6125000000000043));
#721= IFCCARTESIANPOINT((0.1404869127322854,-0.06450762345048133,0.6125000000000043));
#723= IFCCARTESIANPOINT((0.1404869127322854,-0.06450762345048133,0.5874999999998408));
#725= IFCCARTESIANPOINT((0.1445076165052797,-0.06048691968317144,0.5874999999998228));
#727= IFCFACEOUTERBOUND(#728,.T.);
#728= IFCPOLYLOOP((#719,#721,#723,#725));
#730= IFCFACE((#736));
#732= IFCCARTESIANPOINT((0.1500000000003183,-0.05901523995999014,0.6125000000000043));
#734= IFCCARTESIANPOINT((0.1500000000003183,-0.05901523995999014,0.5874999999998163));
#736= IFCFACEOUTERBOUND(#737,.T.);
#737= IFCPOLYLOOP((#732,#719,#725,#734));
#739= IFCFACE((#745));
#741= IFCCARTESIANPOINT((0.155492383495357,-0.06048691968317144,0.5874999999998228));
#743= IFCCARTESIANPOINT((0.155492383495357,-0.06048691968317144,0.6125000000000043));
#745= IFCFACEOUTERBOUND(#746,.T.);
#746= IFCPOLYLOOP((#734,#741,#743,#732));
#748= IFCFACE((#754));
#750= IFCCARTESIANPOINT((0.1595130872683512,-0.06450762345048133,0.6125000000000043));
#752= IFCCARTESIANPOINT((0.1595130872683512,-0.06450762345048133,0.5874999999998408));
#754= IFCFACEOUTERBOUND(#755,.T.);
#755= IFCPOLYLOOP((#750,#743,#741,#752));
#757= IFCFACE((#763));
#759= IFCCARTESIANPOINT((0.1609847669903957,-0.07000000694824848,0.5874999999998654));
#761= IFCCARTESIANPOINT((0.1609847669903957,-0.07000000694824848,0.6125000000000043));
#763= IFCFACEOUTERBOUND(#764,.T.);
#764= IFCPOLYLOOP((#752,#759,#761,#750));
#766= IFCFACE((#772));
#768= IFCCARTESIANPOINT((0.1595130872683512,-0.07549239044601563,0.6125000000000043));
#770= IFCCARTESIANPOINT((0.1595130872683512,-0.07549239044601563,0.5874999999998899));
#772= IFCFACEOUTERBOUND(#773,.T.);
#773= IFCPOLYLOOP((#768,#761,#759,#770));
#775= IFCFACE((#781));
#777= IFCCARTESIANPOINT((0.155492383495357,-0.07951309421332553,0.5874999999999079));
#779= IFCCARTESIANPOINT((0.155492383495357,-0.07951309421332553,0.6125000000000043));
#781= IFCFACEOUTERBOUND(#782,.T.);
#782= IFCPOLYLOOP((#770,#777,#779,#768));
#784= IFCFACE((#790));
#786= IFCCARTESIANPOINT((0.1500000000003183,-0.08098477393650683,0.6125000000000043));
#788= IFCCARTESIANPOINT((0.1500000000003183,-0.08098477393650683,0.5874999999999144));
#790= IFCFACEOUTERBOUND(#791,.T.);
#791= IFCPOLYLOOP((#786,#779,#777,#788));
#793= IFCFACE((#799));
#795= IFCCARTESIANPOINT((0.1445076165052797,-0.07951309421332553,0.5874999999999079));
#797= IFCCARTESIANPOINT((0.1445076165052797,-0.07951309421332553,0.6125000000000043));
#799= IFCFACEOUTERBOUND(#800,.T.);
#800= IFCPOLYLOOP((#788,#795,#797,#786));
#802= IFCFACE((#808));
#804= IFCCARTESIANPOINT((0.1404869127322854,-0.07549239044601563,0.6125000000000043));
#806= IFCCARTESIANPOINT((0.1404869127322854,-0.07549239044601563,0.5874999999998899));
#808= IFCFACEOUTERBOUND(#809,.T.);
#809= IFCPOLYLOOP((#804,#797,#795,#806));
#811= IFCFACE((#817));
#813= IFCCARTESIANPOINT((0.139015233010241,-0.07000000694824848,0.6125000000000043));
#815= IFCCARTESIANPOINT((0.139015233010241,-0.07000000694824848,0.5874999999998654));
#817= IFCFACEOUTERBOUND(#818,.T.);
#818= IFCPOLYLOOP((#813,#804,#806,#815));
#820= IFCFACE((#822));
#822= IFCFACEOUTERBOUND(#823,.T.);
#823= IFCPOLYLOOP((#815,#723,#721,#813));
#825= IFCFACE((#835));
#827= IFCCARTESIANPOINT((0.4249999999997272,-0.01649999999062857,0.513171037605978));
#829= IFCCARTESIANPOINT((0.4249999999997272,-0.01649999999062857,0.5043760708957125));
#831= IFCCARTESIANPOINT((0.3474410362787239,-0.01649999999062857,0.5875000000004803));
#833= IFCCARTESIANPOINT((0.3556471991892067,-0.01649999999062857,0.5875000000004803));
#835= IFCFACEOUTERBOUND(#836,.T.);
#836= IFCPOLYLOOP((#827,#829,#831,#833));
#838= IFCFACE((#844));
#840= IFCCARTESIANPOINT((0.4249999999999545,-0.01649999998335261,0.6125000000000035));
#842= IFCCARTESIANPOINT((0.4249999999999545,-0.01649999998335261,0.5874999999998652));
#844= IFCFACEOUTERBOUND(#845,.T.);
#845= IFCPOLYLOOP((#840,#842,#833));
#847= IFCFACE((#855));
#849= IFCCARTESIANPOINT((0.1025589637210942,-0.01649999999062857,0.5875000000004804));
#851= IFCCARTESIANPOINT((0.09435280081061137,-0.01649999999062857,0.5875000000004804));
#853= IFCCARTESIANPOINT((0.02500000000031832,-0.01649999998335261,0.6125000000000036));
#855= IFCFACEOUTERBOUND(#856,.T.);
#856= IFCPOLYLOOP((#849,#851,#853,#840,#833,#831));
#858= IFCFACE((#864));
#860= IFCCARTESIANPOINT((0.02500000000009095,-0.01649999999062857,0.5043760708957126));
#862= IFCCARTESIANPOINT((0.02500000000009095,-0.01649999999062857,0.5131710376059782));
#864= IFCFACEOUTERBOUND(#865,.T.);
#865= IFCPOLYLOOP((#849,#860,#862,#851));
#867= IFCFACE((#871));
#869= IFCCARTESIANPOINT((0.02500000000031832,-0.01649999998335261,0.5874999999998654));
#871= IFCFACEOUTERBOUND(#872,.T.);
#872= IFCPOLYLOOP((#853,#851,#869));
#874= IFCFACE((#888,#891,#918,#945,#972,#975));
#876= IFCCARTESIANPOINT((0.02500000000031832,-0.02049999999871943,0.6125000000000036));
#878= IFCCARTESIANPOINT((0.02500000000031832,-0.1199999999880674,0.6125000000000036));
#880= IFCCARTESIANPOINT((0.4249999999999545,-0.1199999999880674,0.6125000000000035));
#882= IFCCARTESIANPOINT((0.4250000000001819,-0.08999999998923158,0.6125000000000034));
#884= IFCCARTESIANPOINT((0.4250000000001819,-0.0324999999938882,0.6125000000000034));
#886= IFCCARTESIANPOINT((0.4250000000001819,-0.02049208297103178,0.6125000000000034));
#888= IFCFACEOUTERBOUND(#889,.T.);
#889= IFCPOLYLOOP((#840,#853,#876,#600,#598,#878,#880,#882,#884,#886));
#891= IFCFACEBOUND(#892,.T.);
#892= IFCPOLYLOOP((#624,#635,#642,#653,#660,#671,#680,#687,#696,#707,#613,#611));
#894= IFCCARTESIANPOINT((0.3054923834949932,-0.06048691968317144,0.6125000000000042));
#896= IFCCARTESIANPOINT((0.3095130872679874,-0.06450762345048133,0.6125000000000042));
#898= IFCCARTESIANPOINT((0.3109847669900319,-0.07000000694824848,0.6125000000000042));
#900= IFCCARTESIANPOINT((0.3095130872679874,-0.07549239044601563,0.6125000000000042));
#902= IFCCARTESIANPOINT((0.3054923834949932,-0.07951309421332553,0.6125000000000042));
#904= IFCCARTESIANPOINT((0.2999999999999545,-0.08098477393650683,0.6125000000000042));
#906= IFCCARTESIANPOINT((0.2945076165049159,-0.07951309421332553,0.6125000000000042));
#908= IFCCARTESIANPOINT((0.2904869127319216,-0.07549239044601563,0.6125000000000042));
#910= IFCCARTESIANPOINT((0.2890152330098772,-0.07000000694824848,0.6125000000000042));
#912= IFCCARTESIANPOINT((0.2904869127319216,-0.06450762345048133,0.6125000000000042));
#914= IFCCARTESIANPOINT((0.2945076165049159,-0.06048691968317144,0.6125000000000042));
#916= IFCCARTESIANPOINT((0.2999999999999545,-0.05901523995999014,0.6125000000000042));
#918= IFCFACEBOUND(#919,.T.);
#919= IFCPOLYLOOP((#894,#896,#898,#900,#902,#904,#906,#908,#910,#912,#914,#916));
#921= IFCCARTESIANPOINT((0.380492383495266,-0.07048691828822484,0.6125000000000042));
#923= IFCCARTESIANPOINT((0.3845130872682603,-0.07450762205553474,0.6125000000000042));
#925= IFCCARTESIANPOINT((0.3859847669903047,-0.08000000555330189,0.6125000000000042));
#927= IFCCARTESIANPOINT((0.3845130872682603,-0.08549238905106904,0.6125000000000042));
#929= IFCCARTESIANPOINT((0.380492383495266,-0.08951309281837894,0.6125000000000042));
#931= IFCCARTESIANPOINT((0.3750000000002274,-0.09098477254156023,0.6125000000000042));
#933= IFCCARTESIANPOINT((0.3695076165051887,-0.08951309281837894,0.6125000000000042));
#935= IFCCARTESIANPOINT((0.3654869127321945,-0.08549238905106904,0.6125000000000042));
#937= IFCCARTESIANPOINT((0.36401523301015,-0.08000000555330189,0.6125000000000042));
#939= IFCCARTESIANPOINT((0.3654869127321945,-0.07450762205553474,0.6125000000000042));
#941= IFCCARTESIANPOINT((0.3695076165051887,-0.07048691828822484,0.6125000000000042));
#943= IFCCARTESIANPOINT((0.3750000000002274,-0.06901523856504355,0.6125000000000042));
#945= IFCFACEBOUND(#946,.T.);
#946= IFCPOLYLOOP((#921,#923,#925,#927,#929,#931,#933,#935,#937,#939,#941,#943));
#948= IFCCARTESIANPOINT((0.2313873095918098,-0.06106315168290166,0.6125000000000043));
#950= IFCCARTESIANPOINT((0.2350000000001273,-0.06545411805564072,0.6125000000000042));
#952= IFCCARTESIANPOINT((0.2359331984844175,-0.07106315168493893,0.6125000000000043));
#954= IFCCARTESIANPOINT((0.2339368552638916,-0.07638731654151343,0.6125000000000043));
#956= IFCCARTESIANPOINT((0.2295458888927442,-0.08000000695028575,0.6125000000000043));
#958= IFCCARTESIANPOINT((0.2239368552639007,-0.08093320543412119,0.6125000000000043));
#960= IFCCARTESIANPOINT((0.2186126904084631,-0.0789368622135953,0.6125000000000043));
#962= IFCCARTESIANPOINT((0.2150000000001455,-0.07454589584085625,0.6125000000000043));
#964= IFCCARTESIANPOINT((0.2140668015158553,-0.06893686221155804,0.6125000000000043));
#966= IFCCARTESIANPOINT((0.2160631447363812,-0.06361269735498354,0.6125000000000043));
#968= IFCCARTESIANPOINT((0.2204541111075287,-0.06000000694621122,0.6125000000000043));
#970= IFCCARTESIANPOINT((0.2260631447363721,-0.05906680846237577,0.6125000000000043));
#972= IFCFACEBOUND(#973,.T.);
#973= IFCPOLYLOOP((#948,#950,#952,#954,#956,#958,#960,#962,#964,#966,#968,#970));
#975= IFCFACEBOUND(#976,.T.);
#976= IFCPOLYLOOP((#743,#750,#761,#768,#779,#786,#797,#804,#813,#721,#719,#732));
#978= IFCFACE((#988));
#980= IFCCARTESIANPOINT((0.3474410362787239,-0.1199999999953434,0.5875000000004803));
#982= IFCCARTESIANPOINT((0.4249999999997272,-0.1199999999953434,0.5043760708957125));
#984= IFCCARTESIANPOINT((0.4249999999997272,-0.1199999999953434,0.513171037605978));
#986= IFCCARTESIANPOINT((0.3556471991892067,-0.1199999999953434,0.5875000000004803));
#988= IFCFACEOUTERBOUND(#989,.T.);
#989= IFCPOLYLOOP((#980,#982,#984,#986));
#991= IFCFACE((#1001));
#993= IFCCARTESIANPOINT((0.1025589637210942,-0.1199999999953434,0.5875000000004804));
#995= IFCCARTESIANPOINT((0.09435280081061137,-0.1199999999953434,0.5875000000004804));
#997= IFCCARTESIANPOINT((0.02500000000009095,-0.1199999999953434,0.5131710376059782));
#999= IFCCARTESIANPOINT((0.02500000000009095,-0.1199999999953434,0.5043760708957126));
#1001= IFCFACEOUTERBOUND(#1002,.T.);
#1002= IFCPOLYLOOP((#993,#995,#997,#999));
#1004= IFCFACE((#1008));
#1006= IFCCARTESIANPOINT((0.02500000000031832,-0.1199999999880674,0.5875000000003278));
#1008= IFCFACEOUTERBOUND(#1009,.T.);
#1009= IFCPOLYLOOP((#995,#878,#1006));
#1011= IFCFACE((#1015));
#1013= IFCCARTESIANPOINT((0.4249999999999545,-0.1199999999880674,0.5875000000003276));
#1015= IFCFACEOUTERBOUND(#1016,.T.);
#1016= IFCPOLYLOOP((#986,#1013,#880));
#1018= IFCFACE((#1020));
#1020= IFCFACEOUTERBOUND(#1021,.T.);
#1021= IFCPOLYLOOP((#880,#878,#995,#993,#980,#986));
#1023= IFCFACE((#1029));
#1025= IFCCARTESIANPOINT((0.2260631447363721,-0.05906680846237577,0.5874999999998165));
#1027= IFCCARTESIANPOINT((0.2313873095918098,-0.06106315168290166,0.5874999999998254));
#1029= IFCFACEOUTERBOUND(#1030,.T.);
#1030= IFCPOLYLOOP((#1025,#1027,#948,#970));
#1032= IFCFACE((#1036));
#1034= IFCCARTESIANPOINT((0.2204541111075287,-0.06000000694621122,0.5874999999998207));
#1036= IFCFACEOUTERBOUND(#1037,.T.);
#1037= IFCPOLYLOOP((#1034,#1025,#970,#968));
#1039= IFCFACE((#1043));
#1041= IFCCARTESIANPOINT((0.2160631447363812,-0.06361269735498354,0.5874999999998368));
#1043= IFCFACEOUTERBOUND(#1044,.T.);
#1044= IFCPOLYLOOP((#1041,#1034,#968,#966));
#1046= IFCFACE((#1050));
#1048= IFCCARTESIANPOINT((0.2140668015158553,-0.06893686221155804,0.5874999999998606));
#1050= IFCFACEOUTERBOUND(#1051,.T.);
#1051= IFCPOLYLOOP((#1048,#1041,#966,#964));
#1053= IFCFACE((#1057));
#1055= IFCCARTESIANPOINT((0.2150000000001455,-0.07454589584085625,0.5874999999998857));
#1057= IFCFACEOUTERBOUND(#1058,.T.);
#1058= IFCPOLYLOOP((#962,#1055,#1048,#964));
#1060= IFCFACE((#1064));
#1062= IFCCARTESIANPOINT((0.2186126904084631,-0.0789368622135953,0.5874999999999053));
#1064= IFCFACEOUTERBOUND(#1065,.T.);
#1065= IFCPOLYLOOP((#960,#1062,#1055,#962));
#1067= IFCFACE((#1071));
#1069= IFCCARTESIANPOINT((0.2239368552639007,-0.08093320543412119,0.5874999999999142));
#1071= IFCFACEOUTERBOUND(#1072,.T.);
#1072= IFCPOLYLOOP((#958,#1069,#1062,#960));
#1074= IFCFACE((#1078));
#1076= IFCCARTESIANPOINT((0.2295458888927442,-0.08000000695028575,0.58749999999991));
#1078= IFCFACEOUTERBOUND(#1079,.T.);
#1079= IFCPOLYLOOP((#956,#1076,#1069,#958));
#1081= IFCFACE((#1085));
#1083= IFCCARTESIANPOINT((0.2339368552638916,-0.07638731654151343,0.5874999999998939));
#1085= IFCFACEOUTERBOUND(#1086,.T.);
#1086= IFCPOLYLOOP((#1083,#1076,#956,#954));
#1088= IFCFACE((#1092));
#1090= IFCCARTESIANPOINT((0.2359331984844175,-0.07106315168493893,0.5874999999998701));
#1092= IFCFACEOUTERBOUND(#1093,.T.);
#1093= IFCPOLYLOOP((#1090,#1083,#954,#952));
#1095= IFCFACE((#1099));
#1097= IFCCARTESIANPOINT((0.2350000000001273,-0.06545411805564072,0.5874999999998451));
#1099= IFCFACEOUTERBOUND(#1100,.T.);
#1100= IFCPOLYLOOP((#1097,#1090,#952,#950));
#1102= IFCFACE((#1104));
#1104= IFCFACEOUTERBOUND(#1105,.T.);
#1105= IFCPOLYLOOP((#948,#1027,#1097,#950));
#1107= IFCFACE((#1113));
#1109= IFCCARTESIANPOINT((0.4249999999999545,-0.08999999998923158,0.5875000000001938));
#1111= IFCCARTESIANPOINT((0.4249999999999545,-0.0324999999938882,0.5874999999999369));
#1113= IFCFACEOUTERBOUND(#1114,.T.);
#1114= IFCPOLYLOOP((#1109,#1111,#884,#882));
#1116= IFCFACE((#1122));
#1118= IFCCARTESIANPOINT((0.3845130872682603,-0.08549238905106904,0.5874999999998898));
#1120= IFCCARTESIANPOINT((0.380492383495266,-0.08951309281837894,0.5874999999999078));
#1122= IFCFACEOUTERBOUND(#1123,.T.);
#1123= IFCPOLYLOOP((#929,#927,#1118,#1120));
#1125= IFCFACE((#1129));
#1127= IFCCARTESIANPOINT((0.3750000000002274,-0.09098477254156023,0.5874999999999143));
#1129= IFCFACEOUTERBOUND(#1130,.T.);
#1130= IFCPOLYLOOP((#1120,#1127,#931,#929));
#1132= IFCFACE((#1136));
#1134= IFCCARTESIANPOINT((0.3695076165051887,-0.08951309281837894,0.5874999999999078));
#1136= IFCFACEOUTERBOUND(#1137,.T.);
#1137= IFCPOLYLOOP((#1127,#1134,#933,#931));
#1139= IFCFACE((#1143));
#1141= IFCCARTESIANPOINT((0.3654869127321945,-0.08549238905106904,0.5874999999998898));
#1143= IFCFACEOUTERBOUND(#1144,.T.);
#1144= IFCPOLYLOOP((#1134,#1141,#935,#933));
#1146= IFCFACE((#1150));
#1148= IFCCARTESIANPOINT((0.36401523301015,-0.08000000555330189,0.5874999999998652));
#1150= IFCFACEOUTERBOUND(#1151,.T.);
#1151= IFCPOLYLOOP((#1141,#1148,#937,#935));
#1153= IFCFACE((#1157));
#1155= IFCCARTESIANPOINT((0.3654869127321945,-0.07450762205553474,0.5874999999998407));
#1157= IFCFACEOUTERBOUND(#1158,.T.);
#1158= IFCPOLYLOOP((#939,#937,#1148,#1155));
#1160= IFCFACE((#1164));
#1162= IFCCARTESIANPOINT((0.3695076165051887,-0.07048691828822484,0.5874999999998227));
#1164= IFCFACEOUTERBOUND(#1165,.T.);
#1165= IFCPOLYLOOP((#941,#939,#1155,#1162));
#1167= IFCFACE((#1171));
#1169= IFCCARTESIANPOINT((0.3750000000002274,-0.06901523856504355,0.5874999999998162));
#1171= IFCFACEOUTERBOUND(#1172,.T.);
#1172= IFCPOLYLOOP((#1162,#1169,#943,#941));
#1174= IFCFACE((#1178));
#1176= IFCCARTESIANPOINT((0.380492383495266,-0.07048691828822484,0.5874999999998227));
#1178= IFCFACEOUTERBOUND(#1179,.T.);
#1179= IFCPOLYLOOP((#1169,#1176,#921,#943));
#1181= IFCFACE((#1185));
#1183= IFCCARTESIANPOINT((0.3845130872682603,-0.07450762205553474,0.5874999999998407));
#1185= IFCFACEOUTERBOUND(#1186,.T.);
#1186= IFCPOLYLOOP((#923,#921,#1176,#1183));
#1188= IFCFACE((#1192));
#1190= IFCCARTESIANPOINT((0.3859847669903047,-0.08000000555330189,0.5874999999998652));
#1192= IFCFACEOUTERBOUND(#1193,.T.);
#1193= IFCPOLYLOOP((#1183,#1190,#925,#923));
#1195= IFCFACE((#1197));
#1197= IFCFACEOUTERBOUND(#1198,.T.);
#1198= IFCPOLYLOOP((#927,#925,#1190,#1118));
#1200= IFCFACE((#1206));
#1202= IFCCARTESIANPOINT((0.3095130872679874,-0.07549239044601563,0.5874999999998898));
#1204= IFCCARTESIANPOINT((0.3054923834949932,-0.07951309421332553,0.5874999999999078));
#1206= IFCFACEOUTERBOUND(#1207,.T.);
#1207= IFCPOLYLOOP((#902,#900,#1202,#1204));
#1209= IFCFACE((#1213));
#1211= IFCCARTESIANPOINT((0.2999999999999545,-0.08098477393650683,0.5874999999999143));
#1213= IFCFACEOUTERBOUND(#1214,.T.);
#1214= IFCPOLYLOOP((#1204,#1211,#904,#902));
#1216= IFCFACE((#1220));
#1218= IFCCARTESIANPOINT((0.2945076165049159,-0.07951309421332553,0.5874999999999078));
#1220= IFCFACEOUTERBOUND(#1221,.T.);
#1221= IFCPOLYLOOP((#1211,#1218,#906,#904));
#1223= IFCFACE((#1227));
#1225= IFCCARTESIANPOINT((0.2904869127319216,-0.07549239044601563,0.5874999999998898));
#1227= IFCFACEOUTERBOUND(#1228,.T.);
#1228= IFCPOLYLOOP((#1218,#1225,#908,#906));
#1230= IFCFACE((#1234));
#1232= IFCCARTESIANPOINT((0.2890152330098772,-0.07000000694824848,0.5874999999998652));
#1234= IFCFACEOUTERBOUND(#1235,.T.);
#1235= IFCPOLYLOOP((#1225,#1232,#910,#908));
#1237= IFCFACE((#1241));
#1239= IFCCARTESIANPOINT((0.2904869127319216,-0.06450762345048133,0.5874999999998407));
#1241= IFCFACEOUTERBOUND(#1242,.T.);
#1242= IFCPOLYLOOP((#1232,#1239,#912,#910));
#1244= IFCFACE((#1248));
#1246= IFCCARTESIANPOINT((0.2945076165049159,-0.06048691968317144,0.5874999999998227));
#1248= IFCFACEOUTERBOUND(#1249,.T.);
#1249= IFCPOLYLOOP((#1239,#1246,#914,#912));
#1251= IFCFACE((#1255));
#1253= IFCCARTESIANPOINT((0.2999999999999545,-0.05901523995999014,0.5874999999998162));
#1255= IFCFACEOUTERBOUND(#1256,.T.);
#1256= IFCPOLYLOOP((#1246,#1253,#916,#914));
#1258= IFCFACE((#1262));
#1260= IFCCARTESIANPOINT((0.3054923834949932,-0.06048691968317144,0.5874999999998227));
#1262= IFCFACEOUTERBOUND(#1263,.T.);
#1263= IFCPOLYLOOP((#894,#916,#1253,#1260));
#1265= IFCFACE((#1269));
#1267= IFCCARTESIANPOINT((0.3095130872679874,-0.06450762345048133,0.5874999999998407));
#1269= IFCFACEOUTERBOUND(#1270,.T.);
#1270= IFCPOLYLOOP((#1260,#1267,#896,#894));
#1272= IFCFACE((#1276));
#1274= IFCCARTESIANPOINT((0.3109847669900319,-0.07000000694824848,0.5874999999998652));
#1276= IFCFACEOUTERBOUND(#1277,.T.);
#1277= IFCPOLYLOOP((#898,#896,#1267,#1274));
#1279= IFCFACE((#1281));
#1281= IFCFACEOUTERBOUND(#1282,.T.);
#1282= IFCPOLYLOOP((#1274,#1202,#900,#898));
#1284= IFCFACE((#1286,#1289,#1292,#1295));
#1286= IFCFACEOUTERBOUND(#1287,.T.);
#1287= IFCPOLYLOOP((#849,#831,#980,#993));
#1289= IFCFACEBOUND(#1290,.T.);
#1290= IFCPOLYLOOP((#1041,#1048,#1055,#1062,#1069,#1076,#1083,#1090,#1097,#1027,#1025,#1034));
#1292= IFCFACEBOUND(#1293,.T.);
#1293= IFCPOLYLOOP((#1253,#1246,#1239,#1232,#1225,#1218,#1211,#1204,#1202,#1274,#1267,#1260));
#1295= IFCFACEBOUND(#1296,.T.);
#1296= IFCPOLYLOOP((#806,#795,#788,#777,#770,#759,#752,#741,#734,#725,#723,#815));
#1298= IFCFACE((#1300,#1305));
#1300= IFCFACEBOUND(#1301,.T.);
#1301= IFCPOLYLOOP((#644,#633,#626,#617,#615,#705,#698,#689,#678,#669,#662,#651));
#1303= IFCCARTESIANPOINT((0.02500000000031832,-0.02049999999871943,0.5874999999998832));
#1305= IFCFACEOUTERBOUND(#1306,.T.);
#1306= IFCPOLYLOOP((#1006,#604,#602,#1303,#869,#851,#995));
#1308= IFCFACE((#1310,#1315));
#1310= IFCFACEBOUND(#1311,.T.);
#1311= IFCPOLYLOOP((#1134,#1127,#1120,#1118,#1190,#1183,#1176,#1169,#1162,#1155,#1148,#1141));
#1313= IFCCARTESIANPOINT((0.4249999999999545,-0.02049999999871943,0.5874999999998832));
#1315= IFCFACEOUTERBOUND(#1316,.T.);
#1316= IFCPOLYLOOP((#842,#1313,#1111,#1109,#1013,#986,#833));
#1318= IFCFACE((#1328));
#1320= IFCCARTESIANPOINT((0.4249999999999545,-0.08999999998923158,0.5043760708955777));
#1322= IFCCARTESIANPOINT((0.4249999999999545,-0.0324999999938882,0.5043760708955777));
#1324= IFCCARTESIANPOINT((0.4249999999999545,-0.0324999999938882,0.5131710376055706));
#1326= IFCCARTESIANPOINT((0.4249999999999545,-0.08999999998923158,0.5131710376055706));
#1328= IFCFACEOUTERBOUND(#1329,.T.);
#1329= IFCPOLYLOOP((#1320,#1322,#1324,#1326));
#1331= IFCFACE((#1335));
#1333= IFCCARTESIANPOINT((0.4249999999999545,-0.02049999999871943,0.5043760708955777));
#1335= IFCFACEOUTERBOUND(#1336,.T.);
#1336= IFCPOLYLOOP((#1333,#1322,#1320,#982,#980,#831,#829));
#1338= IFCFACE((#1342));
#1340= IFCCARTESIANPOINT((0.4249999999999545,-0.02049999999871943,0.5131710376055706));
#1342= IFCFACEOUTERBOUND(#1343,.T.);
#1343= IFCPOLYLOOP((#833,#986,#984,#1326,#1324,#1340,#827));
#1345= IFCFACE((#1355));
#1347= IFCCARTESIANPOINT((0.02500000000031832,-0.0324999999938882,0.5043760708960654));
#1349= IFCCARTESIANPOINT((0.02500000000031832,-0.08999999998923158,0.5043760708960654));
#1351= IFCCARTESIANPOINT((0.02500000000031832,-0.08999999998923158,0.5131710376060584));
#1353= IFCCARTESIANPOINT((0.02500000000031832,-0.0324999999938882,0.5131710376060584));
#1355= IFCFACEOUTERBOUND(#1356,.T.);
#1356= IFCPOLYLOOP((#1347,#1349,#1351,#1353));
#1358= IFCFACE((#1362));
#1360= IFCCARTESIANPOINT((0.02500000000031832,-0.02049999999871943,0.5043760708960654));
#1362= IFCFACEOUTERBOUND(#1363,.T.);
#1363= IFCPOLYLOOP((#849,#993,#999,#1349,#1347,#1360,#860));
#1365= IFCFACE((#1369));
#1367= IFCCARTESIANPOINT((0.02500000000031832,-0.02049999999871943,0.5131710376060584));
#1369= IFCFACEOUTERBOUND(#1370,.T.);
#1370= IFCPOLYLOOP((#1367,#1353,#1351,#997,#995,#851,#862));
#1372= IFCFACE((#1374));
#1374= IFCFACEOUTERBOUND(#1375,.T.);
#1375= IFCPOLYLOOP((#842,#840,#886,#1313));
#1377= IFCFACE((#1379));
#1379= IFCFACEOUTERBOUND(#1380,.T.);
#1380= IFCPOLYLOOP((#1333,#829,#827,#1340));
#1382= IFCFACE((#1384));
#1384= IFCFACEOUTERBOUND(#1385,.T.);
#1385= IFCPOLYLOOP((#876,#853,#869,#1303));
#1387= IFCFACE((#1389));
#1389= IFCFACEOUTERBOUND(#1390,.T.);
#1390= IFCPOLYLOOP((#1367,#862,#860,#1360));
#1392= IFCFACE((#1402));
#1394= IFCCARTESIANPOINT((0.02500000000031832,-0.0324999999938882,0.8874999999999368));
#1396= IFCCARTESIANPOINT((0.02500000000031832,-0.08999999998923158,0.8875000000001937));
#1398= IFCCARTESIANPOINT((0.02500000000031832,-0.08999999998923158,0.9125000000000035));
#1400= IFCCARTESIANPOINT((0.02500000000031832,-0.0324999999938882,0.9125000000000035));
#1402= IFCFACEOUTERBOUND(#1403,.T.);
#1403= IFCPOLYLOOP((#1394,#1396,#1398,#1400));
#1405= IFCFACE((#1415));
#1407= IFCCARTESIANPOINT((0.06548691273201257,-0.07450762205553474,0.8874999999998415));
#1409= IFCCARTESIANPOINT((0.06950761650500681,-0.07048691828822484,0.8874999999998235));
#1411= IFCCARTESIANPOINT((0.06950761650500681,-0.07048691828822484,0.9125000000000032));
#1413= IFCCARTESIANPOINT((0.06548691273201257,-0.07450762205553474,0.9125000000000032));
#1415= IFCFACEOUTERBOUND(#1416,.T.);
#1416= IFCPOLYLOOP((#1407,#1409,#1411,#1413));
#1418= IFCFACE((#1424));
#1420= IFCCARTESIANPOINT((0.07500000000004547,-0.06901523856504355,0.887499999999817));
#1422= IFCCARTESIANPOINT((0.07500000000004547,-0.06901523856504355,0.9125000000000032));
#1424= IFCFACEOUTERBOUND(#1425,.T.);
#1425= IFCPOLYLOOP((#1409,#1420,#1422,#1411));
#1427= IFCFACE((#1433));
#1429= IFCCARTESIANPOINT((0.08049238349508414,-0.07048691828822484,0.9125000000000032));
#1431= IFCCARTESIANPOINT((0.08049238349508414,-0.07048691828822484,0.8874999999998235));
#1433= IFCFACEOUTERBOUND(#1434,.T.);
#1434= IFCPOLYLOOP((#1429,#1422,#1420,#1431));
#1436= IFCFACE((#1442));
#1438= IFCCARTESIANPOINT((0.08451308726807838,-0.07450762205553474,0.9125000000000032));
#1440= IFCCARTESIANPOINT((0.08451308726807838,-0.07450762205553474,0.8874999999998415));
#1442= IFCFACEOUTERBOUND(#1443,.T.);
#1443= IFCPOLYLOOP((#1438,#1429,#1431,#1440));
#1445= IFCFACE((#1451));
#1447= IFCCARTESIANPOINT((0.08598476699012281,-0.08000000555330189,0.8874999999998661));
#1449= IFCCARTESIANPOINT((0.08598476699012281,-0.08000000555330189,0.9125000000000032));
#1451= IFCFACEOUTERBOUND(#1452,.T.);
#1452= IFCPOLYLOOP((#1440,#1447,#1449,#1438));
#1454= IFCFACE((#1460));
#1456= IFCCARTESIANPOINT((0.08451308726807838,-0.08549238905106904,0.8874999999998906));
#1458= IFCCARTESIANPOINT((0.08451308726807838,-0.08549238905106904,0.9125000000000032));
#1460= IFCFACEOUTERBOUND(#1461,.T.);
#1461= IFCPOLYLOOP((#1447,#1456,#1458,#1449));
#1463= IFCFACE((#1469));
#1465= IFCCARTESIANPOINT((0.08049238349508414,-0.08951309281837894,0.8874999999999086));
#1467= IFCCARTESIANPOINT((0.08049238349508414,-0.08951309281837894,0.9125000000000032));
#1469= IFCFACEOUTERBOUND(#1470,.T.);
#1470= IFCPOLYLOOP((#1456,#1465,#1467,#1458));
#1472= IFCFACE((#1478));
#1474= IFCCARTESIANPOINT((0.07500000000004547,-0.09098477254156023,0.9125000000000032));
#1476= IFCCARTESIANPOINT((0.07500000000004547,-0.09098477254156023,0.8874999999999151));
#1478= IFCFACEOUTERBOUND(#1479,.T.);
#1479= IFCPOLYLOOP((#1474,#1467,#1465,#1476));
#1481= IFCFACE((#1487));
#1483= IFCCARTESIANPOINT((0.06950761650500681,-0.08951309281837894,0.9125000000000032));
#1485= IFCCARTESIANPOINT((0.06950761650500681,-0.08951309281837894,0.8874999999999086));
#1487= IFCFACEOUTERBOUND(#1488,.T.);
#1488= IFCPOLYLOOP((#1483,#1474,#1476,#1485));
#1490= IFCFACE((#1496));
#1492= IFCCARTESIANPOINT((0.06548691273201257,-0.08549238905106904,0.9125000000000032));
#1494= IFCCARTESIANPOINT((0.06548691273201257,-0.08549238905106904,0.8874999999998906));
#1496= IFCFACEOUTERBOUND(#1497,.T.);
#1497= IFCPOLYLOOP((#1492,#1483,#1485,#1494));
#1499= IFCFACE((#1505));
#1501= IFCCARTESIANPOINT((0.06401523300996814,-0.08000000555330189,0.8874999999998661));
#1503= IFCCARTESIANPOINT((0.06401523300996814,-0.08000000555330189,0.9125000000000032));
#1505= IFCFACEOUTERBOUND(#1506,.T.);
#1506= IFCPOLYLOOP((#1494,#1501,#1503,#1492));
#1508= IFCFACE((#1510));
#1510= IFCFACEOUTERBOUND(#1511,.T.);
#1511= IFCPOLYLOOP((#1501,#1407,#1413,#1503));
#1513= IFCFACE((#1523));
#1515= IFCCARTESIANPOINT((0.1445076165052797,-0.06048691968317144,0.9125000000000032));
#1517= IFCCARTESIANPOINT((0.1404869127322854,-0.06450762345048133,0.9125000000000032));
#1519= IFCCARTESIANPOINT((0.1404869127322854,-0.06450762345048133,0.8874999999998415));
#1521= IFCCARTESIANPOINT((0.1445076165052797,-0.06048691968317144,0.8874999999998235));
#1523= IFCFACEOUTERBOUND(#1524,.T.);
#1524= IFCPOLYLOOP((#1515,#1517,#1519,#1521));
#1526= IFCFACE((#1532));
#1528= IFCCARTESIANPOINT((0.1500000000003183,-0.05901523995999014,0.887499999999817));
#1530= IFCCARTESIANPOINT((0.1500000000003183,-0.05901523995999014,0.9125000000000032));
#1532= IFCFACEOUTERBOUND(#1533,.T.);
#1533= IFCPOLYLOOP((#1521,#1528,#1530,#1515));
#1535= IFCFACE((#1541));
#1537= IFCCARTESIANPOINT((0.155492383495357,-0.06048691968317144,0.8874999999998235));
#1539= IFCCARTESIANPOINT((0.155492383495357,-0.06048691968317144,0.9125000000000032));
#1541= IFCFACEOUTERBOUND(#1542,.T.);
#1542= IFCPOLYLOOP((#1528,#1537,#1539,#1530));
#1544= IFCFACE((#1550));
#1546= IFCCARTESIANPOINT((0.1595130872683512,-0.06450762345048133,0.8874999999998415));
#1548= IFCCARTESIANPOINT((0.1595130872683512,-0.06450762345048133,0.9125000000000032));
#1550= IFCFACEOUTERBOUND(#1551,.T.);
#1551= IFCPOLYLOOP((#1537,#1546,#1548,#1539));
#1553= IFCFACE((#1559));
#1555= IFCCARTESIANPOINT((0.1609847669903957,-0.07000000694824848,0.8874999999998661));
#1557= IFCCARTESIANPOINT((0.1609847669903957,-0.07000000694824848,0.9125000000000032));
#1559= IFCFACEOUTERBOUND(#1560,.T.);
#1560= IFCPOLYLOOP((#1546,#1555,#1557,#1548));
#1562= IFCFACE((#1568));
#1564= IFCCARTESIANPOINT((0.1595130872683512,-0.07549239044601563,0.9125000000000032));
#1566= IFCCARTESIANPOINT((0.1595130872683512,-0.07549239044601563,0.8874999999998906));
#1568= IFCFACEOUTERBOUND(#1569,.T.);
#1569= IFCPOLYLOOP((#1564,#1557,#1555,#1566));
#1571= IFCFACE((#1577));
#1573= IFCCARTESIANPOINT((0.155492383495357,-0.07951309421332553,0.9125000000000032));
#1575= IFCCARTESIANPOINT((0.155492383495357,-0.07951309421332553,0.8874999999999086));
#1577= IFCFACEOUTERBOUND(#1578,.T.);
#1578= IFCPOLYLOOP((#1573,#1564,#1566,#1575));
#1580= IFCFACE((#1586));
#1582= IFCCARTESIANPOINT((0.1500000000003183,-0.08098477393650683,0.9125000000000032));
#1584= IFCCARTESIANPOINT((0.1500000000003183,-0.08098477393650683,0.8874999999999151));
#1586= IFCFACEOUTERBOUND(#1587,.T.);
#1587= IFCPOLYLOOP((#1582,#1573,#1575,#1584));
#1589= IFCFACE((#1595));
#1591= IFCCARTESIANPOINT((0.1445076165052797,-0.07951309421332553,0.8874999999999086));
#1593= IFCCARTESIANPOINT((0.1445076165052797,-0.07951309421332553,0.9125000000000032));
#1595= IFCFACEOUTERBOUND(#1596,.T.);
#1596= IFCPOLYLOOP((#1584,#1591,#1593,#1582));
#1598= IFCFACE((#1604));
#1600= IFCCARTESIANPOINT((0.1404869127322854,-0.07549239044601563,0.8874999999998906));
#1602= IFCCARTESIANPOINT((0.1404869127322854,-0.07549239044601563,0.9125000000000032));
#1604= IFCFACEOUTERBOUND(#1605,.T.);
#1605= IFCPOLYLOOP((#1591,#1600,#1602,#1593));
#1607= IFCFACE((#1613));
#1609= IFCCARTESIANPOINT((0.139015233010241,-0.07000000694824848,0.9125000000000032));
#1611= IFCCARTESIANPOINT((0.139015233010241,-0.07000000694824848,0.8874999999998661));
#1613= IFCFACEOUTERBOUND(#1614,.T.);
#1614= IFCPOLYLOOP((#1609,#1602,#1600,#1611));
#1616= IFCFACE((#1618));
#1618= IFCFACEOUTERBOUND(#1619,.T.);
#1619= IFCPOLYLOOP((#1517,#1609,#1611,#1519));
#1621= IFCFACE((#1631));
#1623= IFCCARTESIANPOINT((0.02500000000031832,-0.01649999998335261,0.9125000000000035));
#1625= IFCCARTESIANPOINT((0.4249999999999545,-0.01649999998335261,0.9125000000000034));
#1627= IFCCARTESIANPOINT((0.4249999999999545,-0.01649999998335261,0.8874999999998652));
#1629= IFCCARTESIANPOINT((0.02500000000031832,-0.01649999998335261,0.8874999999998653));
#1631= IFCFACEOUTERBOUND(#1632,.T.);
#1632= IFCPOLYLOOP((#1623,#1625,#1627,#1629));
#1634= IFCFACE((#1648,#1651,#1678,#1705,#1732,#1735));
#1636= IFCCARTESIANPOINT((0.02500000000031832,-0.02049999999871943,0.9125000000000035));
#1638= IFCCARTESIANPOINT((0.02500000000031832,-0.1199999999880674,0.9125000000000035));
#1640= IFCCARTESIANPOINT((0.4249999999999545,-0.1199999999880674,0.9125000000000034));
#1642= IFCCARTESIANPOINT((0.4250000000001819,-0.08999999998923158,0.9125000000000035));
#1644= IFCCARTESIANPOINT((0.4250000000001819,-0.0324999999938882,0.9125000000000035));
#1646= IFCCARTESIANPOINT((0.4250000000001819,-0.02049208297103178,0.9125000000000035));
#1648= IFCFACEOUTERBOUND(#1649,.T.);
#1649= IFCPOLYLOOP((#1623,#1636,#1400,#1398,#1638,#1640,#1642,#1644,#1646,#1625));
#1651= IFCFACEBOUND(#1652,.T.);
#1652= IFCPOLYLOOP((#1422,#1429,#1438,#1449,#1458,#1467,#1474,#1483,#1492,#1503,#1413,#1411));
#1654= IFCCARTESIANPOINT((0.3054923834949932,-0.06048691968317144,0.9125000000000031));
#1656= IFCCARTESIANPOINT((0.3095130872679874,-0.06450762345048133,0.9125000000000031));
#1658= IFCCARTESIANPOINT((0.3109847669900319,-0.07000000694824848,0.9125000000000031));
#1660= IFCCARTESIANPOINT((0.3095130872679874,-0.07549239044601563,0.9125000000000031));
#1662= IFCCARTESIANPOINT((0.3054923834949932,-0.07951309421332553,0.9125000000000031));
#1664= IFCCARTESIANPOINT((0.2999999999999545,-0.08098477393650683,0.9125000000000031));
#1666= IFCCARTESIANPOINT((0.2945076165049159,-0.07951309421332553,0.9125000000000031));
#1668= IFCCARTESIANPOINT((0.2904869127319216,-0.07549239044601563,0.9125000000000031));
#1670= IFCCARTESIANPOINT((0.2890152330098772,-0.07000000694824848,0.9125000000000031));
#1672= IFCCARTESIANPOINT((0.2904869127319216,-0.06450762345048133,0.9125000000000031));
#1674= IFCCARTESIANPOINT((0.2945076165049159,-0.06048691968317144,0.9125000000000031));
#1676= IFCCARTESIANPOINT((0.2999999999999545,-0.05901523995999014,0.9125000000000031));
#1678= IFCFACEBOUND(#1679,.T.);
#1679= IFCPOLYLOOP((#1654,#1656,#1658,#1660,#1662,#1664,#1666,#1668,#1670,#1672,#1674,#1676));
#1681= IFCCARTESIANPOINT((0.3859847669903047,-0.08000000555330189,0.9125000000000031));
#1683= IFCCARTESIANPOINT((0.3845130872682603,-0.08549238905106904,0.9125000000000031));
#1685= IFCCARTESIANPOINT((0.380492383495266,-0.08951309281837894,0.9125000000000031));
#1687= IFCCARTESIANPOINT((0.3750000000002274,-0.09098477254156023,0.9125000000000031));
#1689= IFCCARTESIANPOINT((0.3695076165051887,-0.08951309281837894,0.9125000000000031));
#1691= IFCCARTESIANPOINT((0.3654869127321945,-0.08549238905106904,0.9125000000000031));
#1693= IFCCARTESIANPOINT((0.36401523301015,-0.08000000555330189,0.9125000000000031));
#1695= IFCCARTESIANPOINT((0.3654869127321945,-0.07450762205553474,0.9125000000000031));
#1697= IFCCARTESIANPOINT((0.3695076165051887,-0.07048691828822484,0.9125000000000031));
#1699= IFCCARTESIANPOINT((0.3750000000002274,-0.06901523856504355,0.9125000000000031));
#1701= IFCCARTESIANPOINT((0.380492383495266,-0.07048691828822484,0.9125000000000031));
#1703= IFCCARTESIANPOINT((0.3845130872682603,-0.07450762205553474,0.9125000000000031));
#1705= IFCFACEBOUND(#1706,.T.);
#1706= IFCPOLYLOOP((#1681,#1683,#1685,#1687,#1689,#1691,#1693,#1695,#1697,#1699,#1701,#1703));
#1708= IFCCARTESIANPOINT((0.2313873095918098,-0.06106315168290166,0.9125000000000032));
#1710= IFCCARTESIANPOINT((0.2350000000001273,-0.06545411805564072,0.9125000000000031));
#1712= IFCCARTESIANPOINT((0.2359331984844175,-0.07106315168493893,0.9125000000000032));
#1714= IFCCARTESIANPOINT((0.2339368552638916,-0.07638731654151343,0.9125000000000032));
#1716= IFCCARTESIANPOINT((0.2295458888927442,-0.08000000695028575,0.9125000000000032));
#1718= IFCCARTESIANPOINT((0.2239368552639007,-0.08093320543412119,0.9125000000000032));
#1720= IFCCARTESIANPOINT((0.2186126904084631,-0.0789368622135953,0.9125000000000032));
#1722= IFCCARTESIANPOINT((0.2150000000001455,-0.07454589584085625,0.9125000000000032));
#1724= IFCCARTESIANPOINT((0.2140668015158553,-0.06893686221155804,0.9125000000000032));
#1726= IFCCARTESIANPOINT((0.2160631447363812,-0.06361269735498354,0.9125000000000032));
#1728= IFCCARTESIANPOINT((0.2204541111075287,-0.06000000694621122,0.9125000000000032));
#1730= IFCCARTESIANPOINT((0.2260631447363721,-0.05906680846237577,0.9125000000000032));
#1732= IFCFACEBOUND(#1733,.T.);
#1733= IFCPOLYLOOP((#1708,#1710,#1712,#1714,#1716,#1718,#1720,#1722,#1724,#1726,#1728,#1730));
#1735= IFCFACEBOUND(#1736,.T.);
#1736= IFCPOLYLOOP((#1539,#1548,#1557,#1564,#1573,#1582,#1593,#1602,#1609,#1517,#1515,#1530));
#1738= IFCFACE((#1744));
#1740= IFCCARTESIANPOINT((0.2260631447363721,-0.05906680846237577,0.8874999999998172));
#1742= IFCCARTESIANPOINT((0.2313873095918098,-0.06106315168290166,0.8874999999998261));
#1744= IFCFACEOUTERBOUND(#1745,.T.);
#1745= IFCPOLYLOOP((#1740,#1742,#1708,#1730));
#1747= IFCFACE((#1751));
#1749= IFCCARTESIANPOINT((0.2204541111075287,-0.06000000694621122,0.8874999999998214));
#1751= IFCFACEOUTERBOUND(#1752,.T.);
#1752= IFCPOLYLOOP((#1728,#1749,#1740,#1730));
#1754= IFCFACE((#1758));
#1756= IFCCARTESIANPOINT((0.2160631447363812,-0.06361269735498354,0.8874999999998375));
#1758= IFCFACEOUTERBOUND(#1759,.T.);
#1759= IFCPOLYLOOP((#1726,#1756,#1749,#1728));
#1761= IFCFACE((#1765));
#1763= IFCCARTESIANPOINT((0.2140668015158553,-0.06893686221155804,0.8874999999998613));
#1765= IFCFACEOUTERBOUND(#1766,.T.);
#1766= IFCPOLYLOOP((#1724,#1763,#1756,#1726));
#1768= IFCFACE((#1772));
#1770= IFCCARTESIANPOINT((0.2150000000001455,-0.07454589584085625,0.8874999999998864));
#1772= IFCFACEOUTERBOUND(#1773,.T.);
#1773= IFCPOLYLOOP((#1722,#1770,#1763,#1724));
#1775= IFCFACE((#1779));
#1777= IFCCARTESIANPOINT((0.2186126904084631,-0.0789368622135953,0.887499999999906));
#1779= IFCFACEOUTERBOUND(#1780,.T.);
#1780= IFCPOLYLOOP((#1777,#1770,#1722,#1720));
#1782= IFCFACE((#1786));
#1784= IFCCARTESIANPOINT((0.2239368552639007,-0.08093320543412119,0.8874999999999149));
#1786= IFCFACEOUTERBOUND(#1787,.T.);
#1787= IFCPOLYLOOP((#1718,#1784,#1777,#1720));
#1789= IFCFACE((#1793));
#1791= IFCCARTESIANPOINT((0.2295458888927442,-0.08000000695028575,0.8874999999999107));
#1793= IFCFACEOUTERBOUND(#1794,.T.);
#1794= IFCPOLYLOOP((#1716,#1791,#1784,#1718));
#1796= IFCFACE((#1800));
#1798= IFCCARTESIANPOINT((0.2339368552638916,-0.07638731654151343,0.8874999999998946));
#1800= IFCFACEOUTERBOUND(#1801,.T.);
#1801= IFCPOLYLOOP((#1798,#1791,#1716,#1714));
#1803= IFCFACE((#1807));
#1805= IFCCARTESIANPOINT((0.2359331984844175,-0.07106315168493893,0.8874999999998708));
#1807= IFCFACEOUTERBOUND(#1808,.T.);
#1808= IFCPOLYLOOP((#1712,#1805,#1798,#1714));
#1810= IFCFACE((#1814));
#1812= IFCCARTESIANPOINT((0.2350000000001273,-0.06545411805564072,0.8874999999998456));
#1814= IFCFACEOUTERBOUND(#1815,.T.);
#1815= IFCPOLYLOOP((#1812,#1805,#1712,#1710));
#1817= IFCFACE((#1819));
#1819= IFCFACEOUTERBOUND(#1820,.T.);
#1820= IFCPOLYLOOP((#1708,#1742,#1812,#1710));
#1822= IFCFACE((#1824,#1827,#1830,#1857,#1872,#1899));
#1824= IFCFACEBOUND(#1825,.T.);
#1825= IFCPOLYLOOP((#1812,#1742,#1740,#1749,#1756,#1763,#1770,#1777,#1784,#1791,#1798,#1805));
#1827= IFCFACEBOUND(#1828,.T.);
#1828= IFCPOLYLOOP((#1521,#1519,#1611,#1600,#1591,#1584,#1575,#1566,#1555,#1546,#1537,#1528));
#1830= IFCFACEBOUND(#1831,.T.);
#1831= IFCPOLYLOOP((#1465,#1456,#1447,#1440,#1431,#1420,#1409,#1407,#1501,#1494,#1485,#1476));
#1833= IFCCARTESIANPOINT((0.2904869127319216,-0.07549239044601563,0.8874999999998905));
#1835= IFCCARTESIANPOINT((0.2945076165049159,-0.07951309421332553,0.8874999999999085));
#1837= IFCCARTESIANPOINT((0.2999999999999545,-0.08098477393650683,0.887499999999915));
#1839= IFCCARTESIANPOINT((0.3054923834949932,-0.07951309421332553,0.8874999999999085));
#1841= IFCCARTESIANPOINT((0.3095130872679874,-0.07549239044601563,0.8874999999998905));
#1843= IFCCARTESIANPOINT((0.3109847669900319,-0.07000000694824848,0.887499999999866));
#1845= IFCCARTESIANPOINT((0.3095130872679874,-0.06450762345048133,0.8874999999998414));
#1847= IFCCARTESIANPOINT((0.3054923834949932,-0.06048691968317144,0.8874999999998234));
#1849= IFCCARTESIANPOINT((0.2999999999999545,-0.05901523995999014,0.8874999999998169));
#1851= IFCCARTESIANPOINT((0.2945076165049159,-0.06048691968317144,0.8874999999998234));
#1853= IFCCARTESIANPOINT((0.2904869127319216,-0.06450762345048133,0.8874999999998414));
#1855= IFCCARTESIANPOINT((0.2890152330098772,-0.07000000694824848,0.887499999999866));
#1857= IFCFACEBOUND(#1858,.T.);
#1858= IFCPOLYLOOP((#1833,#1835,#1837,#1839,#1841,#1843,#1845,#1847,#1849,#1851,#1853,#1855));
#1860= IFCCARTESIANPOINT((0.02500000000031832,-0.1199999999880674,0.8875000000003277));
#1862= IFCCARTESIANPOINT((0.02500000000031832,-0.02049999999871943,0.8874999999998832));
#1864= IFCCARTESIANPOINT((0.4250000000001819,-0.02049208297103178,0.8874999999998828));
#1866= IFCCARTESIANPOINT((0.4250000000001819,-0.0324999999938882,0.8874999999999365));
#1868= IFCCARTESIANPOINT((0.4250000000001819,-0.08999999998923158,0.8875000000001934));
#1870= IFCCARTESIANPOINT((0.4249999999999545,-0.1199999999880674,0.8875000000003276));
#1872= IFCFACEOUTERBOUND(#1873,.T.);
#1873= IFCPOLYLOOP((#1860,#1396,#1394,#1862,#1629,#1627,#1864,#1866,#1868,#1870));
#1875= IFCCARTESIANPOINT((0.3654869127321945,-0.07450762205553474,0.8874999999998414));
#1877= IFCCARTESIANPOINT((0.36401523301015,-0.08000000555330189,0.887499999999866));
#1879= IFCCARTESIANPOINT((0.3654869127321945,-0.08549238905106904,0.8874999999998905));
#1881= IFCCARTESIANPOINT((0.3695076165051887,-0.08951309281837894,0.8874999999999085));
#1883= IFCCARTESIANPOINT((0.3750000000002274,-0.09098477254156023,0.887499999999915));
#1885= IFCCARTESIANPOINT((0.380492383495266,-0.08951309281837894,0.8874999999999085));
#1887= IFCCARTESIANPOINT((0.3845130872682603,-0.08549238905106904,0.8874999999998905));
#1889= IFCCARTESIANPOINT((0.3859847669903047,-0.08000000555330189,0.887499999999866));
#1891= IFCCARTESIANPOINT((0.3845130872682603,-0.07450762205553474,0.8874999999998414));
#1893= IFCCARTESIANPOINT((0.380492383495266,-0.07048691828822484,0.8874999999998234));
#1895= IFCCARTESIANPOINT((0.3750000000002274,-0.06901523856504355,0.8874999999998169));
#1897= IFCCARTESIANPOINT((0.3695076165051887,-0.07048691828822484,0.8874999999998234));
#1899= IFCFACEBOUND(#1900,.T.);
#1900= IFCPOLYLOOP((#1875,#1877,#1879,#1881,#1883,#1885,#1887,#1889,#1891,#1893,#1895,#1897));
#1902= IFCFACE((#1904));
#1904= IFCFACEOUTERBOUND(#1905,.T.);
#1905= IFCPOLYLOOP((#1644,#1642,#1868,#1866));
#1907= IFCFACE((#1909));
#1909= IFCFACEOUTERBOUND(#1910,.T.);
#1910= IFCPOLYLOOP((#1887,#1885,#1685,#1683));
#1912= IFCFACE((#1914));
#1914= IFCFACEOUTERBOUND(#1915,.T.);
#1915= IFCPOLYLOOP((#1687,#1685,#1885,#1883));
#1917= IFCFACE((#1919));
#1919= IFCFACEOUTERBOUND(#1920,.T.);
#1920= IFCPOLYLOOP((#1883,#1881,#1689,#1687));
#1922= IFCFACE((#1924));
#1924= IFCFACEOUTERBOUND(#1925,.T.);
#1925= IFCPOLYLOOP((#1881,#1879,#1691,#1689));
#1927= IFCFACE((#1929));
#1929= IFCFACEOUTERBOUND(#1930,.T.);
#1930= IFCPOLYLOOP((#1693,#1691,#1879,#1877));
#1932= IFCFACE((#1934));
#1934= IFCFACEOUTERBOUND(#1935,.T.);
#1935= IFCPOLYLOOP((#1877,#1875,#1695,#1693));
#1937= IFCFACE((#1939));
#1939= IFCFACEOUTERBOUND(#1940,.T.);
#1940= IFCPOLYLOOP((#1875,#1897,#1697,#1695));
#1942= IFCFACE((#1944));
#1944= IFCFACEOUTERBOUND(#1945,.T.);
#1945= IFCPOLYLOOP((#1699,#1697,#1897,#1895));
#1947= IFCFACE((#1949));
#1949= IFCFACEOUTERBOUND(#1950,.T.);
#1950= IFCPOLYLOOP((#1701,#1699,#1895,#1893));
#1952= IFCFACE((#1954));
#1954= IFCFACEOUTERBOUND(#1955,.T.);
#1955= IFCPOLYLOOP((#1893,#1891,#1703,#1701));
#1957= IFCFACE((#1959));
#1959= IFCFACEOUTERBOUND(#1960,.T.);
#1960= IFCPOLYLOOP((#1681,#1703,#1891,#1889));
#1962= IFCFACE((#1964));
#1964= IFCFACEOUTERBOUND(#1965,.T.);
#1965= IFCPOLYLOOP((#1683,#1681,#1889,#1887));
#1967= IFCFACE((#1969));
#1969= IFCFACEOUTERBOUND(#1970,.T.);
#1970= IFCPOLYLOOP((#1662,#1660,#1841,#1839));
#1972= IFCFACE((#1974));
#1974= IFCFACEOUTERBOUND(#1975,.T.);
#1975= IFCPOLYLOOP((#1839,#1837,#1664,#1662));
#1977= IFCFACE((#1979));
#1979= IFCFACEOUTERBOUND(#1980,.T.);
#1980= IFCPOLYLOOP((#1666,#1664,#1837,#1835));
#1982= IFCFACE((#1984));
#1984= IFCFACEOUTERBOUND(#1985,.T.);
#1985= IFCPOLYLOOP((#1835,#1833,#1668,#1666));
#1987= IFCFACE((#1989));
#1989= IFCFACEOUTERBOUND(#1990,.T.);
#1990= IFCPOLYLOOP((#1833,#1855,#1670,#1668));
#1992= IFCFACE((#1994));
#1994= IFCFACEOUTERBOUND(#1995,.T.);
#1995= IFCPOLYLOOP((#1672,#1670,#1855,#1853));
#1997= IFCFACE((#1999));
#1999= IFCFACEOUTERBOUND(#2000,.T.);
#2000= IFCPOLYLOOP((#1853,#1851,#1674,#1672));
#2002= IFCFACE((#2004));
#2004= IFCFACEOUTERBOUND(#2005,.T.);
#2005= IFCPOLYLOOP((#1676,#1674,#1851,#1849));
#2007= IFCFACE((#2009));
#2009= IFCFACEOUTERBOUND(#2010,.T.);
#2010= IFCPOLYLOOP((#1849,#1847,#1654,#1676));
#2012= IFCFACE((#2014));
#2014= IFCFACEOUTERBOUND(#2015,.T.);
#2015= IFCPOLYLOOP((#1847,#1845,#1656,#1654));
#2017= IFCFACE((#2019));
#2019= IFCFACEOUTERBOUND(#2020,.T.);
#2020= IFCPOLYLOOP((#1845,#1843,#1658,#1656));
#2022= IFCFACE((#2024));
#2024= IFCFACEOUTERBOUND(#2025,.T.);
#2025= IFCPOLYLOOP((#1660,#1658,#1843,#1841));
#2027= IFCFACE((#2029));
#2029= IFCFACEOUTERBOUND(#2030,.T.);
#2030= IFCPOLYLOOP((#1625,#1646,#1864,#1627));
#2032= IFCFACE((#2034));
#2034= IFCFACEOUTERBOUND(#2035,.T.);
#2035= IFCPOLYLOOP((#1629,#1862,#1636,#1623));
#2037= IFCFACE((#2047));
#2039= IFCCARTESIANPOINT((0.02500000000031832,-0.0324999999938882,0.2874999999999368));
#2041= IFCCARTESIANPOINT((0.02500000000031832,-0.08999999998923158,0.2875000000001937));
#2043= IFCCARTESIANPOINT((0.02500000000031832,-0.08999999998923158,0.3125000000000036));
#2045= IFCCARTESIANPOINT((0.02500000000031832,-0.0324999999938882,0.3125000000000036));
#2047= IFCFACEOUTERBOUND(#2048,.T.);
#2048= IFCPOLYLOOP((#2039,#2041,#2043,#2045));
#2050= IFCFACE((#2060));
#2052= IFCCARTESIANPOINT((0.06548691273201257,-0.07450762205553474,0.2874999999998401));
#2054= IFCCARTESIANPOINT((0.06950761650500681,-0.07048691828822484,0.2874999999998221));
#2056= IFCCARTESIANPOINT((0.06950761650500681,-0.07048691828822484,0.3125000000000036));
#2058= IFCCARTESIANPOINT((0.06548691273201257,-0.07450762205553474,0.3125000000000036));
#2060= IFCFACEOUTERBOUND(#2061,.T.);
#2061= IFCPOLYLOOP((#2052,#2054,#2056,#2058));
#2063= IFCFACE((#2069));
#2065= IFCCARTESIANPOINT((0.07500000000004547,-0.06901523856504355,0.3125000000000036));
#2067= IFCCARTESIANPOINT((0.07500000000004547,-0.06901523856504355,0.2874999999998156));
#2069= IFCFACEOUTERBOUND(#2070,.T.);
#2070= IFCPOLYLOOP((#2065,#2056,#2054,#2067));
#2072= IFCFACE((#2078));
#2074= IFCCARTESIANPOINT((0.08049238349508414,-0.07048691828822484,0.3125000000000036));
#2076= IFCCARTESIANPOINT((0.08049238349508414,-0.07048691828822484,0.2874999999998221));
#2078= IFCFACEOUTERBOUND(#2079,.T.);
#2079= IFCPOLYLOOP((#2074,#2065,#2067,#2076));
#2081= IFCFACE((#2087));
#2083= IFCCARTESIANPOINT((0.08451308726807838,-0.07450762205553474,0.3125000000000036));
#2085= IFCCARTESIANPOINT((0.08451308726807838,-0.07450762205553474,0.2874999999998401));
#2087= IFCFACEOUTERBOUND(#2088,.T.);
#2088= IFCPOLYLOOP((#2083,#2074,#2076,#2085));
#2090= IFCFACE((#2096));
#2092= IFCCARTESIANPOINT((0.08598476699012281,-0.08000000555330189,0.2874999999998646));
#2094= IFCCARTESIANPOINT((0.08598476699012281,-0.08000000555330189,0.3125000000000036));
#2096= IFCFACEOUTERBOUND(#2097,.T.);
#2097= IFCPOLYLOOP((#2085,#2092,#2094,#2083));
#2099= IFCFACE((#2105));
#2101= IFCCARTESIANPOINT((0.08451308726807838,-0.08549238905106904,0.2874999999998892));
#2103= IFCCARTESIANPOINT((0.08451308726807838,-0.08549238905106904,0.3125000000000036));
#2105= IFCFACEOUTERBOUND(#2106,.T.);
#2106= IFCPOLYLOOP((#2092,#2101,#2103,#2094));
#2108= IFCFACE((#2114));
#2110= IFCCARTESIANPOINT((0.08049238349508414,-0.08951309281837894,0.3125000000000036));
#2112= IFCCARTESIANPOINT((0.08049238349508414,-0.08951309281837894,0.2874999999999072));
#2114= IFCFACEOUTERBOUND(#2115,.T.);
#2115= IFCPOLYLOOP((#2110,#2103,#2101,#2112));
#2117= IFCFACE((#2123));
#2119= IFCCARTESIANPOINT((0.07500000000004547,-0.09098477254156023,0.2874999999999137));
#2121= IFCCARTESIANPOINT((0.07500000000004547,-0.09098477254156023,0.3125000000000036));
#2123= IFCFACEOUTERBOUND(#2124,.T.);
#2124= IFCPOLYLOOP((#2112,#2119,#2121,#2110));
#2126= IFCFACE((#2132));
#2128= IFCCARTESIANPOINT((0.06950761650500681,-0.08951309281837894,0.2874999999999072));
#2130= IFCCARTESIANPOINT((0.06950761650500681,-0.08951309281837894,0.3125000000000036));
#2132= IFCFACEOUTERBOUND(#2133,.T.);
#2133= IFCPOLYLOOP((#2119,#2128,#2130,#2121));
#2135= IFCFACE((#2141));
#2137= IFCCARTESIANPOINT((0.06548691273201257,-0.08549238905106904,0.2874999999998892));
#2139= IFCCARTESIANPOINT((0.06548691273201257,-0.08549238905106904,0.3125000000000036));
#2141= IFCFACEOUTERBOUND(#2142,.T.);
#2142= IFCPOLYLOOP((#2128,#2137,#2139,#2130));
#2144= IFCFACE((#2150));
#2146= IFCCARTESIANPOINT((0.06401523300996814,-0.08000000555330189,0.3125000000000036));
#2148= IFCCARTESIANPOINT((0.06401523300996814,-0.08000000555330189,0.2874999999998646));
#2150= IFCFACEOUTERBOUND(#2151,.T.);
#2151= IFCPOLYLOOP((#2146,#2139,#2137,#2148));
#2153= IFCFACE((#2155));
#2155= IFCFACEOUTERBOUND(#2156,.T.);
#2156= IFCPOLYLOOP((#2058,#2146,#2148,#2052));
#2158= IFCFACE((#2168));
#2160= IFCCARTESIANPOINT((0.1404869127322854,-0.06450762345048133,0.2874999999998401));
#2162= IFCCARTESIANPOINT((0.1445076165052797,-0.06048691968317144,0.2874999999998221));
#2164= IFCCARTESIANPOINT((0.1445076165052797,-0.06048691968317144,0.3125000000000036));
#2166= IFCCARTESIANPOINT((0.1404869127322854,-0.06450762345048133,0.3125000000000036));
#2168= IFCFACEOUTERBOUND(#2169,.T.);
#2169= IFCPOLYLOOP((#2160,#2162,#2164,#2166));
#2171= IFCFACE((#2177));
#2173= IFCCARTESIANPOINT((0.1500000000003183,-0.05901523995999014,0.2874999999998156));
#2175= IFCCARTESIANPOINT((0.1500000000003183,-0.05901523995999014,0.3125000000000036));
#2177= IFCFACEOUTERBOUND(#2178,.T.);
#2178= IFCPOLYLOOP((#2162,#2173,#2175,#2164));
#2180= IFCFACE((#2186));
#2182= IFCCARTESIANPOINT((0.155492383495357,-0.06048691968317144,0.3125000000000036));
#2184= IFCCARTESIANPOINT((0.155492383495357,-0.06048691968317144,0.2874999999998221));
#2186= IFCFACEOUTERBOUND(#2187,.T.);
#2187= IFCPOLYLOOP((#2182,#2175,#2173,#2184));
#2189= IFCFACE((#2195));
#2191= IFCCARTESIANPOINT((0.1595130872683512,-0.06450762345048133,0.3125000000000036));
#2193= IFCCARTESIANPOINT((0.1595130872683512,-0.06450762345048133,0.2874999999998401));
#2195= IFCFACEOUTERBOUND(#2196,.T.);
#2196= IFCPOLYLOOP((#2191,#2182,#2184,#2193));
#2198= IFCFACE((#2204));
#2200= IFCCARTESIANPOINT((0.1609847669903957,-0.07000000694824848,0.3125000000000036));
#2202= IFCCARTESIANPOINT((0.1609847669903957,-0.07000000694824848,0.2874999999998646));
#2204= IFCFACEOUTERBOUND(#2205,.T.);
#2205= IFCPOLYLOOP((#2200,#2191,#2193,#2202));
#2207= IFCFACE((#2213));
#2209= IFCCARTESIANPOINT((0.1595130872683512,-0.07549239044601563,0.3125000000000036));
#2211= IFCCARTESIANPOINT((0.1595130872683512,-0.07549239044601563,0.2874999999998892));
#2213= IFCFACEOUTERBOUND(#2214,.T.);
#2214= IFCPOLYLOOP((#2209,#2200,#2202,#2211));
#2216= IFCFACE((#2222));
#2218= IFCCARTESIANPOINT((0.155492383495357,-0.07951309421332553,0.2874999999999072));
#2220= IFCCARTESIANPOINT((0.155492383495357,-0.07951309421332553,0.3125000000000036));
#2222= IFCFACEOUTERBOUND(#2223,.T.);
#2223= IFCPOLYLOOP((#2211,#2218,#2220,#2209));
#2225= IFCFACE((#2231));
#2227= IFCCARTESIANPOINT((0.1500000000003183,-0.08098477393650683,0.3125000000000036));
#2229= IFCCARTESIANPOINT((0.1500000000003183,-0.08098477393650683,0.2874999999999137));
#2231= IFCFACEOUTERBOUND(#2232,.T.);
#2232= IFCPOLYLOOP((#2227,#2220,#2218,#2229));
#2234= IFCFACE((#2240));
#2236= IFCCARTESIANPOINT((0.1445076165052797,-0.07951309421332553,0.2874999999999072));
#2238= IFCCARTESIANPOINT((0.1445076165052797,-0.07951309421332553,0.3125000000000036));
#2240= IFCFACEOUTERBOUND(#2241,.T.);
#2241= IFCPOLYLOOP((#2229,#2236,#2238,#2227));
#2243= IFCFACE((#2249));
#2245= IFCCARTESIANPOINT((0.1404869127322854,-0.07549239044601563,0.2874999999998892));
#2247= IFCCARTESIANPOINT((0.1404869127322854,-0.07549239044601563,0.3125000000000036));
#2249= IFCFACEOUTERBOUND(#2250,.T.);
#2250= IFCPOLYLOOP((#2236,#2245,#2247,#2238));
#2252= IFCFACE((#2258));
#2254= IFCCARTESIANPOINT((0.139015233010241,-0.07000000694824848,0.2874999999998646));
#2256= IFCCARTESIANPOINT((0.139015233010241,-0.07000000694824848,0.3125000000000036));
#2258= IFCFACEOUTERBOUND(#2259,.T.);
#2259= IFCPOLYLOOP((#2245,#2254,#2256,#2247));
#2261= IFCFACE((#2263));
#2263= IFCFACEOUTERBOUND(#2264,.T.);
#2264= IFCPOLYLOOP((#2254,#2160,#2166,#2256));
#2266= IFCFACE((#2276));
#2268= IFCCARTESIANPOINT((0.02500000000031832,-0.01649999998335261,0.3125000000000036));
#2270= IFCCARTESIANPOINT((0.4249999999999545,-0.01649999998335261,0.3125000000000034));
#2272= IFCCARTESIANPOINT((0.4249999999999545,-0.01649999998335261,0.2874999999998652));
#2274= IFCCARTESIANPOINT((0.02500000000031832,-0.01649999998335261,0.2874999999998653));
#2276= IFCFACEOUTERBOUND(#2277,.T.);
#2277= IFCPOLYLOOP((#2268,#2270,#2272,#2274));
#2279= IFCFACE((#2293,#2296,#2323,#2350,#2377,#2380));
#2281= IFCCARTESIANPOINT((0.02500000000031832,-0.02049999999871943,0.3125000000000036));
#2283= IFCCARTESIANPOINT((0.02500000000031832,-0.1199999999880674,0.3125000000000036));
#2285= IFCCARTESIANPOINT((0.4249999999999545,-0.1199999999880674,0.3125000000000034));
#2287= IFCCARTESIANPOINT((0.4250000000001819,-0.08999999998923158,0.3125000000000034));
#2289= IFCCARTESIANPOINT((0.4250000000001819,-0.0324999999938882,0.3125000000000034));
#2291= IFCCARTESIANPOINT((0.4250000000001819,-0.02049208297103178,0.3125000000000034));
#2293= IFCFACEOUTERBOUND(#2294,.T.);
#2294= IFCPOLYLOOP((#2268,#2281,#2045,#2043,#2283,#2285,#2287,#2289,#2291,#2270));
#2296= IFCFACEBOUND(#2297,.T.);
#2297= IFCPOLYLOOP((#2065,#2074,#2083,#2094,#2103,#2110,#2121,#2130,#2139,#2146,#2058,#2056));
#2299= IFCCARTESIANPOINT((0.3054923834949932,-0.06048691968317144,0.3125000000000035));
#2301= IFCCARTESIANPOINT((0.3095130872679874,-0.06450762345048133,0.3125000000000035));
#2303= IFCCARTESIANPOINT((0.3109847669900319,-0.07000000694824848,0.3125000000000035));
#2305= IFCCARTESIANPOINT((0.3095130872679874,-0.07549239044601563,0.3125000000000035));
#2307= IFCCARTESIANPOINT((0.3054923834949932,-0.07951309421332553,0.3125000000000035));
#2309= IFCCARTESIANPOINT((0.2999999999999545,-0.08098477393650683,0.3125000000000035));
#2311= IFCCARTESIANPOINT((0.2945076165049159,-0.07951309421332553,0.3125000000000035));
#2313= IFCCARTESIANPOINT((0.2904869127319216,-0.07549239044601563,0.3125000000000035));
#2315= IFCCARTESIANPOINT((0.2890152330098772,-0.07000000694824848,0.3125000000000035));
#2317= IFCCARTESIANPOINT((0.2904869127319216,-0.06450762345048133,0.3125000000000035));
#2319= IFCCARTESIANPOINT((0.2945076165049159,-0.06048691968317144,0.3125000000000035));
#2321= IFCCARTESIANPOINT((0.2999999999999545,-0.05901523995999014,0.3125000000000035));
#2323= IFCFACEBOUND(#2324,.T.);
#2324= IFCPOLYLOOP((#2299,#2301,#2303,#2305,#2307,#2309,#2311,#2313,#2315,#2317,#2319,#2321));
#2326= IFCCARTESIANPOINT((0.3845130872682603,-0.07450762205553474,0.3125000000000035));
#2328= IFCCARTESIANPOINT((0.3859847669903047,-0.08000000555330189,0.3125000000000035));
#2330= IFCCARTESIANPOINT((0.3845130872682603,-0.08549238905106904,0.3125000000000035));
#2332= IFCCARTESIANPOINT((0.380492383495266,-0.08951309281837894,0.3125000000000035));
#2334= IFCCARTESIANPOINT((0.3750000000002274,-0.09098477254156023,0.3125000000000035));
#2336= IFCCARTESIANPOINT((0.3695076165051887,-0.08951309281837894,0.3125000000000035));
#2338= IFCCARTESIANPOINT((0.3654869127321945,-0.08549238905106904,0.3125000000000035));
#2340= IFCCARTESIANPOINT((0.36401523301015,-0.08000000555330189,0.3125000000000035));
#2342= IFCCARTESIANPOINT((0.3654869127321945,-0.07450762205553474,0.3125000000000035));
#2344= IFCCARTESIANPOINT((0.3695076165051887,-0.07048691828822484,0.3125000000000035));
#2346= IFCCARTESIANPOINT((0.3750000000002274,-0.06901523856504355,0.3125000000000035));
#2348= IFCCARTESIANPOINT((0.380492383495266,-0.07048691828822484,0.3125000000000035));
#2350= IFCFACEBOUND(#2351,.T.);
#2351= IFCPOLYLOOP((#2326,#2328,#2330,#2332,#2334,#2336,#2338,#2340,#2342,#2344,#2346,#2348));
#2353= IFCCARTESIANPOINT((0.2313873095918098,-0.06106315168290166,0.3125000000000036));
#2355= IFCCARTESIANPOINT((0.2350000000001273,-0.06545411805564072,0.3125000000000036));
#2357= IFCCARTESIANPOINT((0.2359331984844175,-0.07106315168493893,0.3125000000000036));
#2359= IFCCARTESIANPOINT((0.2339368552638916,-0.07638731654151343,0.3125000000000036));
#2361= IFCCARTESIANPOINT((0.2295458888927442,-0.08000000695028575,0.3125000000000036));
#2363= IFCCARTESIANPOINT((0.2239368552639007,-0.08093320543412119,0.3125000000000036));
#2365= IFCCARTESIANPOINT((0.2186126904084631,-0.0789368622135953,0.3125000000000036));
#2367= IFCCARTESIANPOINT((0.2150000000001455,-0.07454589584085625,0.3125000000000036));
#2369= IFCCARTESIANPOINT((0.2140668015158553,-0.06893686221155804,0.3125000000000036));
#2371= IFCCARTESIANPOINT((0.2160631447363812,-0.06361269735498354,0.3125000000000036));
#2373= IFCCARTESIANPOINT((0.2204541111075287,-0.06000000694621122,0.3125000000000036));
#2375= IFCCARTESIANPOINT((0.2260631447363721,-0.05906680846237577,0.3125000000000036));
#2377= IFCFACEBOUND(#2378,.T.);
#2378= IFCPOLYLOOP((#2353,#2355,#2357,#2359,#2361,#2363,#2365,#2367,#2369,#2371,#2373,#2375));
#2380= IFCFACEBOUND(#2381,.T.);
#2381= IFCPOLYLOOP((#2182,#2191,#2200,#2209,#2220,#2227,#2238,#2247,#2256,#2166,#2164,#2175));
#2383= IFCFACE((#2389));
#2385= IFCCARTESIANPOINT((0.2260631447363721,-0.05906680846237577,0.2874999999998158));
#2387= IFCCARTESIANPOINT((0.2313873095918098,-0.06106315168290166,0.2874999999998247));
#2389= IFCFACEOUTERBOUND(#2390,.T.);
#2390= IFCPOLYLOOP((#2385,#2387,#2353,#2375));
#2392= IFCFACE((#2396));
#2394= IFCCARTESIANPOINT((0.2204541111075287,-0.06000000694621122,0.28749999999982));
#2396= IFCFACEOUTERBOUND(#2397,.T.);
#2397= IFCPOLYLOOP((#2373,#2394,#2385,#2375));
#2399= IFCFACE((#2403));
#2401= IFCCARTESIANPOINT((0.2160631447363812,-0.06361269735498354,0.2874999999998361));
#2403= IFCFACEOUTERBOUND(#2404,.T.);
#2404= IFCPOLYLOOP((#2371,#2401,#2394,#2373));
#2406= IFCFACE((#2410));
#2408= IFCCARTESIANPOINT((0.2140668015158553,-0.06893686221155804,0.2874999999998599));
#2410= IFCFACEOUTERBOUND(#2411,.T.);
#2411= IFCPOLYLOOP((#2369,#2408,#2401,#2371));
#2413= IFCFACE((#2417));
#2415= IFCCARTESIANPOINT((0.2150000000001455,-0.07454589584085625,0.287499999999885));
#2417= IFCFACEOUTERBOUND(#2418,.T.);
#2418= IFCPOLYLOOP((#2415,#2408,#2369,#2367));
#2420= IFCFACE((#2424));
#2422= IFCCARTESIANPOINT((0.2186126904084631,-0.0789368622135953,0.2874999999999046));
#2424= IFCFACEOUTERBOUND(#2425,.T.);
#2425= IFCPOLYLOOP((#2422,#2415,#2367,#2365));
#2427= IFCFACE((#2431));
#2429= IFCCARTESIANPOINT((0.2239368552639007,-0.08093320543412119,0.2874999999999135));
#2431= IFCFACEOUTERBOUND(#2432,.T.);
#2432= IFCPOLYLOOP((#2363,#2429,#2422,#2365));
#2434= IFCFACE((#2438));
#2436= IFCCARTESIANPOINT((0.2295458888927442,-0.08000000695028575,0.2874999999999093));
#2438= IFCFACEOUTERBOUND(#2439,.T.);
#2439= IFCPOLYLOOP((#2436,#2429,#2363,#2361));
#2441= IFCFACE((#2445));
#2443= IFCCARTESIANPOINT((0.2339368552638916,-0.07638731654151343,0.2874999999998932));
#2445= IFCFACEOUTERBOUND(#2446,.T.);
#2446= IFCPOLYLOOP((#2359,#2443,#2436,#2361));
#2448= IFCFACE((#2452));
#2450= IFCCARTESIANPOINT((0.2359331984844175,-0.07106315168493893,0.2874999999998694));
#2452= IFCFACEOUTERBOUND(#2453,.T.);
#2453= IFCPOLYLOOP((#2450,#2443,#2359,#2357));
#2455= IFCFACE((#2459));
#2457= IFCCARTESIANPOINT((0.2350000000001273,-0.06545411805564072,0.2874999999998443));
#2459= IFCFACEOUTERBOUND(#2460,.T.);
#2460= IFCPOLYLOOP((#2355,#2457,#2450,#2357));
#2462= IFCFACE((#2464));
#2464= IFCFACEOUTERBOUND(#2465,.T.);
#2465= IFCPOLYLOOP((#2353,#2387,#2457,#2355));
#2467= IFCFACE((#2493,#2520,#2523,#2526,#2541,#2544));
#2469= IFCCARTESIANPOINT((0.2890152330098772,-0.07000000694824848,0.2874999999998646));
#2471= IFCCARTESIANPOINT((0.2904869127319216,-0.07549239044601563,0.2874999999998891));
#2473= IFCCARTESIANPOINT((0.2945076165049159,-0.07951309421332553,0.2874999999999071));
#2475= IFCCARTESIANPOINT((0.2999999999999545,-0.08098477393650683,0.2874999999999137));
#2477= IFCCARTESIANPOINT((0.3054923834949932,-0.07951309421332553,0.2874999999999071));
#2479= IFCCARTESIANPOINT((0.3095130872679874,-0.07549239044601563,0.2874999999998891));
#2481= IFCCARTESIANPOINT((0.3109847669900319,-0.07000000694824848,0.2874999999998646));
#2483= IFCCARTESIANPOINT((0.3095130872679874,-0.06450762345048133,0.2874999999998401));
#2485= IFCCARTESIANPOINT((0.3054923834949932,-0.06048691968317144,0.2874999999998221));
#2487= IFCCARTESIANPOINT((0.2999999999999545,-0.05901523995999014,0.2874999999998155));
#2489= IFCCARTESIANPOINT((0.2945076165049159,-0.06048691968317144,0.2874999999998221));
#2491= IFCCARTESIANPOINT((0.2904869127319216,-0.06450762345048133,0.2874999999998401));
#2493= IFCFACEBOUND(#2494,.T.);
#2494= IFCPOLYLOOP((#2469,#2471,#2473,#2475,#2477,#2479,#2481,#2483,#2485,#2487,#2489,#2491));
#2496= IFCCARTESIANPOINT((0.3654869127321945,-0.08549238905106904,0.2874999999998891));
#2498= IFCCARTESIANPOINT((0.3695076165051887,-0.08951309281837894,0.2874999999999071));
#2500= IFCCARTESIANPOINT((0.3750000000002274,-0.09098477254156023,0.2874999999999137));
#2502= IFCCARTESIANPOINT((0.380492383495266,-0.08951309281837894,0.2874999999999071));
#2504= IFCCARTESIANPOINT((0.3845130872682603,-0.08549238905106904,0.2874999999998891));
#2506= IFCCARTESIANPOINT((0.3859847669903047,-0.08000000555330189,0.2874999999998646));
#2508= IFCCARTESIANPOINT((0.3845130872682603,-0.07450762205553474,0.2874999999998401));
#2510= IFCCARTESIANPOINT((0.380492383495266,-0.07048691828822484,0.2874999999998221));
#2512= IFCCARTESIANPOINT((0.3750000000002274,-0.06901523856504355,0.2874999999998155));
#2514= IFCCARTESIANPOINT((0.3695076165051887,-0.07048691828822484,0.2874999999998221));
#2516= IFCCARTESIANPOINT((0.3654869127321945,-0.07450762205553474,0.2874999999998401));
#2518= IFCCARTESIANPOINT((0.36401523301015,-0.08000000555330189,0.2874999999998646));
#2520= IFCFACEBOUND(#2521,.T.);
#2521= IFCPOLYLOOP((#2496,#2498,#2500,#2502,#2504,#2506,#2508,#2510,#2512,#2514,#2516,#2518));
#2523= IFCFACEBOUND(#2524,.T.);
#2524= IFCPOLYLOOP((#2385,#2394,#2401,#2408,#2415,#2422,#2429,#2436,#2443,#2450,#2457,#2387));
#2526= IFCFACEBOUND(#2527,.T.);
#2527= IFCPOLYLOOP((#2160,#2254,#2245,#2236,#2229,#2218,#2211,#2202,#2193,#2184,#2173,#2162));
#2529= IFCCARTESIANPOINT((0.02500000000031832,-0.1199999999880674,0.2875000000003278));
#2531= IFCCARTESIANPOINT((0.02500000000031832,-0.02049999999871943,0.2874999999998832));
#2533= IFCCARTESIANPOINT((0.4250000000001819,-0.02049208297103178,0.287499999999883));
#2535= IFCCARTESIANPOINT((0.4250000000001819,-0.0324999999938882,0.2874999999999366));
#2537= IFCCARTESIANPOINT((0.4250000000001819,-0.08999999998923158,0.2875000000001935));
#2539= IFCCARTESIANPOINT((0.4249999999999545,-0.1199999999880674,0.2875000000003277));
#2541= IFCFACEOUTERBOUND(#2542,.T.);
#2542= IFCPOLYLOOP((#2529,#2041,#2039,#2531,#2274,#2272,#2533,#2535,#2537,#2539));
#2544= IFCFACEBOUND(#2545,.T.);
#2545= IFCPOLYLOOP((#2112,#2101,#2092,#2085,#2076,#2067,#2054,#2052,#2148,#2137,#2128,#2119));
#2547= IFCFACE((#2549));
#2549= IFCFACEOUTERBOUND(#2550,.T.);
#2550= IFCPOLYLOOP((#2289,#2287,#2537,#2535));
#2552= IFCFACE((#2554));
#2554= IFCFACEOUTERBOUND(#2555,.T.);
#2555= IFCPOLYLOOP((#2332,#2330,#2504,#2502));
#2557= IFCFACE((#2559));
#2559= IFCFACEOUTERBOUND(#2560,.T.);
#2560= IFCPOLYLOOP((#2334,#2332,#2502,#2500));
#2562= IFCFACE((#2564));
#2564= IFCFACEOUTERBOUND(#2565,.T.);
#2565= IFCPOLYLOOP((#2336,#2334,#2500,#2498));
#2567= IFCFACE((#2569));
#2569= IFCFACEOUTERBOUND(#2570,.T.);
#2570= IFCPOLYLOOP((#2338,#2336,#2498,#2496));
#2572= IFCFACE((#2574));
#2574= IFCFACEOUTERBOUND(#2575,.T.);
#2575= IFCPOLYLOOP((#2340,#2338,#2496,#2518));
#2577= IFCFACE((#2579));
#2579= IFCFACEOUTERBOUND(#2580,.T.);
#2580= IFCPOLYLOOP((#2518,#2516,#2342,#2340));
#2582= IFCFACE((#2584));
#2584= IFCFACEOUTERBOUND(#2585,.T.);
#2585= IFCPOLYLOOP((#2516,#2514,#2344,#2342));
#2587= IFCFACE((#2589));
#2589= IFCFACEOUTERBOUND(#2590,.T.);
#2590= IFCPOLYLOOP((#2514,#2512,#2346,#2344));
#2592= IFCFACE((#2594));
#2594= IFCFACEOUTERBOUND(#2595,.T.);
#2595= IFCPOLYLOOP((#2512,#2510,#2348,#2346));
#2597= IFCFACE((#2599));
#2599= IFCFACEOUTERBOUND(#2600,.T.);
#2600= IFCPOLYLOOP((#2510,#2508,#2326,#2348));
#2602= IFCFACE((#2604));
#2604= IFCFACEOUTERBOUND(#2605,.T.);
#2605= IFCPOLYLOOP((#2508,#2506,#2328,#2326));
#2607= IFCFACE((#2609));
#2609= IFCFACEOUTERBOUND(#2610,.T.);
#2610= IFCPOLYLOOP((#2330,#2328,#2506,#2504));
#2612= IFCFACE((#2614));
#2614= IFCFACEOUTERBOUND(#2615,.T.);
#2615= IFCPOLYLOOP((#2307,#2305,#2479,#2477));
#2617= IFCFACE((#2619));
#2619= IFCFACEOUTERBOUND(#2620,.T.);
#2620= IFCPOLYLOOP((#2309,#2307,#2477,#2475));
#2622= IFCFACE((#2624));
#2624= IFCFACEOUTERBOUND(#2625,.T.);
#2625= IFCPOLYLOOP((#2311,#2309,#2475,#2473));
#2627= IFCFACE((#2629));
#2629= IFCFACEOUTERBOUND(#2630,.T.);
#2630= IFCPOLYLOOP((#2313,#2311,#2473,#2471));
#2632= IFCFACE((#2634));
#2634= IFCFACEOUTERBOUND(#2635,.T.);
#2635= IFCPOLYLOOP((#2315,#2313,#2471,#2469));
#2637= IFCFACE((#2639));
#2639= IFCFACEOUTERBOUND(#2640,.T.);
#2640= IFCPOLYLOOP((#2469,#2491,#2317,#2315));
#2642= IFCFACE((#2644));
#2644= IFCFACEOUTERBOUND(#2645,.T.);
#2645= IFCPOLYLOOP((#2319,#2317,#2491,#2489));
#2647= IFCFACE((#2649));
#2649= IFCFACEOUTERBOUND(#2650,.T.);
#2650= IFCPOLYLOOP((#2489,#2487,#2321,#2319));
#2652= IFCFACE((#2654));
#2654= IFCFACEOUTERBOUND(#2655,.T.);
#2655= IFCPOLYLOOP((#2299,#2321,#2487,#2485));
#2657= IFCFACE((#2659));
#2659= IFCFACEOUTERBOUND(#2660,.T.);
#2660= IFCPOLYLOOP((#2485,#2483,#2301,#2299));
#2662= IFCFACE((#2664));
#2664= IFCFACEOUTERBOUND(#2665,.T.);
#2665= IFCPOLYLOOP((#2483,#2481,#2303,#2301));
#2667= IFCFACE((#2669));
#2669= IFCFACEOUTERBOUND(#2670,.T.);
#2670= IFCPOLYLOOP((#2481,#2479,#2305,#2303));
#2672= IFCFACE((#2674));
#2674= IFCFACEOUTERBOUND(#2675,.T.);
#2675= IFCPOLYLOOP((#2533,#2272,#2270,#2291));
#2677= IFCFACE((#2679));
#2679= IFCFACEOUTERBOUND(#2680,.T.);
#2680= IFCPOLYLOOP((#2274,#2531,#2281,#2268));
#2682= IFCFACE((#2686,#2713));
#2684= IFCCARTESIANPOINT((0.4500000000000455,-0.1199999999880674,1.21));
#2686= IFCFACEOUTERBOUND(#2687,.T.);
#2687= IFCPOLYLOOP((#2684,#418,#427,#438));
#2689= IFCCARTESIANPOINT((0.4500000000000455,-0.05069999999250285,0.5615000000000071));
#2691= IFCCARTESIANPOINT((0.4500000000000455,-0.0449499999958789,0.5599592921435282));
#2693= IFCCARTESIANPOINT((0.4500000000000455,-0.04074070784554351,0.5557500000000072));
#2695= IFCCARTESIANPOINT((0.4500000000000455,-0.03919999999197898,0.5500000000000071));
#2697= IFCCARTESIANPOINT((0.4500000000000455,-0.04074070784554351,0.5442500000000071));
#2699= IFCCARTESIANPOINT((0.4500000000000455,-0.0449499999958789,0.5400407078564861));
#2701= IFCCARTESIANPOINT((0.4500000000000455,-0.05069999999250285,0.5385000000000072));
#2703= IFCCARTESIANPOINT((0.4500000000000455,-0.05644999998912681,0.5400407078564861));
#2705= IFCCARTESIANPOINT((0.4500000000000455,-0.0606592921394622,0.5442500000000071));
#2707= IFCCARTESIANPOINT((0.4500000000000455,-0.06219999999302672,0.5500000000000071));
#2709= IFCCARTESIANPOINT((0.4500000000000455,-0.0606592921394622,0.5557500000000072));
#2711= IFCCARTESIANPOINT((0.4500000000000455,-0.05644999998912681,0.5599592921435282));
#2713= IFCFACEBOUND(#2714,.T.);
#2714= IFCPOLYLOOP((#2689,#2691,#2693,#2695,#2697,#2699,#2701,#2703,#2705,#2707,#2709,#2711));
#2716= IFCFACE((#2722));
#2718= IFCCARTESIANPOINT((0.4329359371654391,-0.08264099898951827,1.21));
#2720= IFCCARTESIANPOINT((0.4339886057962303,-0.08249999998952262,1.21));
#2722= IFCFACEOUTERBOUND(#2723,.T.);
#2723= IFCPOLYLOOP((#2718,#2720,#391));
#2725= IFCFACE((#2727));
#2727= IFCFACEOUTERBOUND(#2728,.T.);
#2728= IFCPOLYLOOP((#2718,#391,#382));
#2730= IFCFACE((#2734));
#2732= IFCCARTESIANPOINT((0.4319574811445364,-0.08305405561259249,1.21));
#2734= IFCFACEOUTERBOUND(#2735,.T.);
#2735= IFCPOLYLOOP((#2732,#2718,#382));
#2737= IFCFACE((#2739));
#2739= IFCFACEOUTERBOUND(#2740,.T.);
#2740= IFCPOLYLOOP((#2732,#382,#380));
#2742= IFCFACE((#2746));
#2744= IFCCARTESIANPOINT((0.4311222183941936,-0.08371004959190032,1.21));
#2746= IFCFACEOUTERBOUND(#2747,.T.);
#2747= IFCPOLYLOOP((#2732,#380,#2744));
#2749= IFCFACE((#2751));
#2751= IFCFACEOUTERBOUND(#2752,.T.);
#2752= IFCPOLYLOOP((#407,#418,#2539));
#2754= IFCFACE((#2756));
#2756= IFCFACEOUTERBOUND(#2757,.T.);
#2757= IFCPOLYLOOP((#982,#2285,#418));
#2759= IFCFACE((#2761));
#2761= IFCFACEOUTERBOUND(#2762,.T.);
#2762= IFCPOLYLOOP((#982,#418,#984));
#2764= IFCFACE((#2766));
#2766= IFCFACEOUTERBOUND(#2767,.T.);
#2767= IFCPOLYLOOP((#1013,#984,#418));
#2769= IFCFACE((#2771));
#2771= IFCFACEOUTERBOUND(#2772,.T.);
#2772= IFCPOLYLOOP((#380,#400,#2537,#2287,#1320,#1326,#1109));
#2774= IFCFACE((#2776));
#2776= IFCFACEOUTERBOUND(#2777,.T.);
#2777= IFCPOLYLOOP((#380,#1109,#882));
#2779= IFCFACE((#2781));
#2781= IFCFACEOUTERBOUND(#2782,.T.);
#2782= IFCPOLYLOOP((#2744,#380,#882,#1868,#1642,#564,#591));
#2784= IFCFACE((#2790));
#2786= IFCCARTESIANPOINT((0.4458695464352331,-0.05644999998912681,0.5400407078564861));
#2788= IFCCARTESIANPOINT((0.4458673259712214,-0.0606592921394622,0.5442500000000071));
#2790= IFCFACEOUTERBOUND(#2791,.T.);
#2791= IFCPOLYLOOP((#2786,#2788,#2705,#2703));
#2793= IFCFACE((#2797));
#2795= IFCCARTESIANPOINT((0.4458725796455383,-0.05069999999250285,0.5385000000000072));
#2797= IFCFACEOUTERBOUND(#2798,.T.);
#2798= IFCPOLYLOOP((#2703,#2701,#2795,#2786));
#2800= IFCFACE((#2804));
#2802= IFCCARTESIANPOINT((0.4458756128558434,-0.0449499999958789,0.5400407078564861));
#2804= IFCFACEOUTERBOUND(#2805,.T.);
#2805= IFCPOLYLOOP((#2701,#2699,#2802,#2795));
#2807= IFCFACE((#2811));
#2809= IFCCARTESIANPOINT((0.4458778333198552,-0.04074070784554351,0.5442500000000071));
#2811= IFCFACEOUTERBOUND(#2812,.T.);
#2812= IFCPOLYLOOP((#2699,#2697,#2809,#2802));
#2814= IFCFACE((#2818));
#2816= IFCCARTESIANPOINT((0.4458786460661486,-0.03919999999197898,0.5500000000000071));
#2818= IFCFACEOUTERBOUND(#2819,.T.);
#2819= IFCPOLYLOOP((#2697,#2695,#2816,#2809));
#2821= IFCFACE((#2825));
#2823= IFCCARTESIANPOINT((0.4458778333198552,-0.04074070784554351,0.5557500000000072));
#2825= IFCFACEOUTERBOUND(#2826,.T.);
#2826= IFCPOLYLOOP((#2823,#2816,#2695,#2693));
#2828= IFCFACE((#2832));
#2830= IFCCARTESIANPOINT((0.4458756128558434,-0.0449499999958789,0.5599592921435282));
#2832= IFCFACEOUTERBOUND(#2833,.T.);
#2833= IFCPOLYLOOP((#2830,#2823,#2693,#2691));
#2835= IFCFACE((#2839));
#2837= IFCCARTESIANPOINT((0.4458725796455383,-0.05069999999250285,0.5615000000000071));
#2839= IFCFACEOUTERBOUND(#2840,.T.);
#2840= IFCPOLYLOOP((#2689,#2837,#2830,#2691));
#2842= IFCFACE((#2846));
#2844= IFCCARTESIANPOINT((0.4458695464352331,-0.05644999998912681,0.5599592921435282));
#2846= IFCFACEOUTERBOUND(#2847,.T.);
#2847= IFCPOLYLOOP((#2711,#2844,#2837,#2689));
#2849= IFCFACE((#2853));
#2851= IFCCARTESIANPOINT((0.4458673259712214,-0.0606592921394622,0.5557500000000072));
#2853= IFCFACEOUTERBOUND(#2854,.T.);
#2854= IFCPOLYLOOP((#2709,#2851,#2844,#2711));
#2856= IFCFACE((#2860));
#2858= IFCCARTESIANPOINT((0.445866513224928,-0.06219999999302672,0.5500000000000071));
#2860= IFCFACEOUTERBOUND(#2861,.T.);
#2861= IFCPOLYLOOP((#2858,#2851,#2709,#2707));
#2863= IFCFACE((#2865));
#2865= IFCFACEOUTERBOUND(#2866,.T.);
#2866= IFCPOLYLOOP((#2858,#2707,#2705,#2788));
#2868= IFCFACE((#2870));
#2870= IFCFACEOUTERBOUND(#2871,.T.);
#2871= IFCPOLYLOOP((#1646,#1644,#582,#580));
#2873= IFCFACE((#2875));
#2875= IFCFACEOUTERBOUND(#2876,.T.);
#2876= IFCPOLYLOOP((#1340,#1324,#1111,#1313));
#2878= IFCFACE((#2880));
#2880= IFCFACEOUTERBOUND(#2881,.T.);
#2881= IFCPOLYLOOP((#2289,#1322,#1333,#2291));
#2883= IFCFACE((#2885));
#2885= IFCFACEOUTERBOUND(#2886,.T.);
#2886= IFCPOLYLOOP((#886,#884,#1866,#1864));
#2888= IFCFACE((#2890));
#2890= IFCFACEOUTERBOUND(#2891,.T.);
#2891= IFCPOLYLOOP((#518,#253,#2535,#2533));
#2893= IFCFACE((#2895));
#2895= IFCFACEOUTERBOUND(#2896,.T.);
#2896= IFCPOLYLOOP((#566,#564,#1642,#1640));
#2898= IFCFACE((#2900));
#2900= IFCFACEOUTERBOUND(#2901,.T.);
#2901= IFCPOLYLOOP((#2285,#982,#1320,#2287));
#2903= IFCFACE((#2905));
#2905= IFCFACEOUTERBOUND(#2906,.T.);
#2906= IFCPOLYLOOP((#1326,#984,#1013,#1109));
#2908= IFCFACE((#2910));
#2910= IFCFACEOUTERBOUND(#2911,.T.);
#2911= IFCPOLYLOOP((#882,#880,#1870,#1868));
#2913= IFCFACE((#2915));
#2915= IFCFACEOUTERBOUND(#2916,.T.);
#2916= IFCPOLYLOOP((#2539,#2537,#400,#407));
#2918= IFCFACE((#2944,#2949));
#2920= IFCCARTESIANPOINT((2.273736754432321E-13,-0.0606592921394622,0.5557500000000073));
#2922= IFCCARTESIANPOINT((2.273736754432321E-13,-0.06219999999302672,0.5500000000000073));
#2924= IFCCARTESIANPOINT((2.273736754432321E-13,-0.0606592921394622,0.5442500000000072));
#2926= IFCCARTESIANPOINT((2.273736754432321E-13,-0.05644999998912681,0.5400407078564862));
#2928= IFCCARTESIANPOINT((2.273736754432321E-13,-0.05069999999250285,0.5385000000000073));
#2930= IFCCARTESIANPOINT((2.273736754432321E-13,-0.0449499999958789,0.5400407078564862));
#2932= IFCCARTESIANPOINT((2.273736754432321E-13,-0.04074070784554351,0.5442500000000072));
#2934= IFCCARTESIANPOINT((2.273736754432321E-13,-0.03919999999197898,0.5500000000000073));
#2936= IFCCARTESIANPOINT((2.273736754432321E-13,-0.04074070784554351,0.5557500000000073));
#2938= IFCCARTESIANPOINT((2.273736754432321E-13,-0.0449499999958789,0.5599592921435284));
#2940= IFCCARTESIANPOINT((2.273736754432321E-13,-0.05069999999250285,0.5615000000000072));
#2942= IFCCARTESIANPOINT((2.273736754432321E-13,-0.05644999998912681,0.5599592921435284));
#2944= IFCFACEBOUND(#2945,.T.);
#2945= IFCPOLYLOOP((#2920,#2922,#2924,#2926,#2928,#2930,#2932,#2934,#2936,#2938,#2940,#2942));
#2947= IFCCARTESIANPOINT((2.273736754432321E-13,-0.1199999999880674,1.21));
#2949= IFCFACEOUTERBOUND(#2950,.T.);
#2950= IFCPOLYLOOP((#425,#416,#2947,#440));
#2952= IFCFACE((#2956));
#2954= IFCCARTESIANPOINT((0.004120984673818384,-0.0384999999878346,1.21));
#2956= IFCFACEOUTERBOUND(#2957,.T.);
#2957= IFCPOLYLOOP((#2954,#283,#281));
#2959= IFCFACE((#2963));
#2961= IFCCARTESIANPOINT((0.004388933866266598,-0.03749999998399289,1.21));
#2963= IFCFACEOUTERBOUND(#2964,.T.);
#2964= IFCPOLYLOOP((#2961,#2954,#281));
#2966= IFCFACE((#2968));
#2968= IFCFACEOUTERBOUND(#2969,.T.);
#2969= IFCPOLYLOOP((#2961,#281,#290));
#2971= IFCFACE((#2973));
#2973= IFCFACEOUTERBOUND(#2974,.T.);
#2974= IFCPOLYLOOP((#2961,#290,#299));
#2976= IFCFACE((#2980));
#2978= IFCCARTESIANPOINT((0.005120984673794737,-0.03676794918283122,1.21));
#2980= IFCFACEOUTERBOUND(#2981,.T.);
#2981= IFCPOLYLOOP((#2978,#2961,#299));
#2983= IFCFACE((#2985));
#2985= IFCFACEOUTERBOUND(#2986,.T.);
#2986= IFCPOLYLOOP((#2978,#299,#308));
#2988= IFCFACE((#2990));
#2990= IFCFACEOUTERBOUND(#2991,.T.);
#2991= IFCPOLYLOOP((#260,#2978,#308));
#2993= IFCFACE((#2995));
#2995= IFCFACEOUTERBOUND(#2996,.T.);
#2996= IFCPOLYLOOP((#260,#308,#262));
#2998= IFCFACE((#3002,#3029));
#3000= IFCCARTESIANPOINT((0.004143140853102523,-0.08050105501752114,1.21));
#3002= IFCFACEBOUND(#3003,.T.);
#3003= IFCPOLYLOOP((#3000,#322,#283,#2954));
#3005= IFCCARTESIANPOINT((0.00412438714442942,-0.0449499999958789,0.5599592921435284));
#3007= IFCCARTESIANPOINT((0.004122166680417649,-0.04074070784554351,0.5557500000000073));
#3009= IFCCARTESIANPOINT((0.004121353934124272,-0.03919999999197898,0.5500000000000073));
#3011= IFCCARTESIANPOINT((0.004122166680417649,-0.04074070784554351,0.5442500000000072));
#3013= IFCCARTESIANPOINT((0.00412438714442942,-0.0449499999958789,0.5400407078564862));
#3015= IFCCARTESIANPOINT((0.004127420354734568,-0.05069999999250285,0.5385000000000073));
#3017= IFCCARTESIANPOINT((0.004130453565039716,-0.05644999998912681,0.5400407078564862));
#3019= IFCCARTESIANPOINT((0.004132674029051486,-0.0606592921394622,0.5442500000000072));
#3021= IFCCARTESIANPOINT((0.004133486775344863,-0.06219999999302672,0.5500000000000073));
#3023= IFCCARTESIANPOINT((0.004132674029051486,-0.0606592921394622,0.5557500000000073));
#3025= IFCCARTESIANPOINT((0.004130453565039716,-0.05644999998912681,0.5599592921435284));
#3027= IFCCARTESIANPOINT((0.004127420354734568,-0.05069999999250285,0.5615000000000072));
#3029= IFCFACEOUTERBOUND(#3030,.T.);
#3030= IFCPOLYLOOP((#3005,#3007,#3009,#3011,#3013,#3015,#3017,#3019,#3021,#3023,#3025,#3027));
#3032= IFCFACE((#3036));
#3034= IFCCARTESIANPOINT((0.006143140575204598,-0.08249999998952262,1.21));
#3036= IFCFACEOUTERBOUND(#3037,.T.);
#3037= IFCPOLYLOOP((#3034,#333,#331));
#3039= IFCFACE((#3043));
#3041= IFCCARTESIANPOINT((0.005143445151134074,-0.08223222661035834,1.21));
#3043= IFCFACEOUTERBOUND(#3044,.T.);
#3044= IFCPOLYLOOP((#3041,#3034,#331));
#3046= IFCFACE((#3048));
#3048= IFCFACEOUTERBOUND(#3049,.T.);
#3049= IFCPOLYLOOP((#3041,#331,#346));
#3051= IFCFACE((#3055));
#3053= IFCCARTESIANPOINT((0.00441144155092843,-0.08150060904881684,1.21));
#3055= IFCFACEOUTERBOUND(#3056,.T.);
#3056= IFCPOLYLOOP((#3053,#3041,#346));
#3058= IFCFACE((#3060));
#3060= IFCFACEOUTERBOUND(#3061,.T.);
#3061= IFCPOLYLOOP((#3053,#346,#355));
#3063= IFCFACE((#3065));
#3065= IFCFACEOUTERBOUND(#3066,.T.);
#3066= IFCPOLYLOOP((#3053,#355,#364));
#3068= IFCFACE((#3070));
#3070= IFCFACEOUTERBOUND(#3071,.T.);
#3071= IFCPOLYLOOP((#3000,#3053,#364));
#3073= IFCFACE((#3075));
#3075= IFCFACEOUTERBOUND(#3076,.T.);
#3076= IFCPOLYLOOP((#3000,#364,#322));
#3078= IFCFACE((#3084));
#3080= IFCCARTESIANPOINT((0.006670072701126628,-0.0164102993439883,1.21));
#3082= IFCCARTESIANPOINT((0.007209173916635336,-0.01652734968956793,1.21));
#3084= IFCFACEOUTERBOUND(#3085,.T.);
#3085= IFCPOLYLOOP((#466,#464,#3080,#3082));
#3087= IFCFACE((#3091));
#3089= IFCCARTESIANPOINT((0.006228051462358053,-0.01608022642903961,1.21));
#3091= IFCFACEOUTERBOUND(#3092,.T.);
#3092= IFCPOLYLOOP((#3089,#3080,#464));
#3094= IFCFACE((#3096));
#3096= IFCFACEOUTERBOUND(#3097,.T.);
#3097= IFCPOLYLOOP((#3089,#464,#473));
#3099= IFCFACE((#3103));
#3101= IFCCARTESIANPOINT((0.00596270826122236,-0.01559656964673195,1.21));
#3103= IFCFACEOUTERBOUND(#3104,.T.);
#3104= IFCPOLYLOOP((#3101,#3089,#473));
#3106= IFCFACE((#3108));
#3108= IFCFACEOUTERBOUND(#3109,.T.);
#3109= IFCPOLYLOOP((#3101,#473,#482));
#3111= IFCFACE((#3113));
#3113= IFCFACEOUTERBOUND(#3114,.T.);
#3114= IFCPOLYLOOP((#3101,#482,#493));
#3116= IFCFACE((#3120));
#3118= IFCCARTESIANPOINT((0.005921825427094518,-0.0150464246617048,1.21));
#3120= IFCFACEOUTERBOUND(#3121,.T.);
#3121= IFCPOLYLOOP((#3118,#3101,#493));
#3123= IFCFACE((#3125));
#3125= IFCFACEOUTERBOUND(#3126,.T.);
#3126= IFCPOLYLOOP((#3118,#493,#451));
#3128= IFCFACE((#3130));
#3130= IFCFACEOUTERBOUND(#3131,.T.);
#3131= IFCPOLYLOOP((#3118,#451,#444,#442));
#3133= IFCFACE((#3135));
#3135= IFCFACEOUTERBOUND(#3136,.T.);
#3136= IFCPOLYLOOP((#416,#409,#2529));
#3138= IFCFACE((#3140));
#3140= IFCFACEOUTERBOUND(#3141,.T.);
#3141= IFCPOLYLOOP((#416,#2529,#2539,#418,#2285,#2283));
#3143= IFCFACE((#3145));
#3145= IFCFACEOUTERBOUND(#3146,.T.);
#3146= IFCPOLYLOOP((#416,#2283,#999));
#3148= IFCFACE((#3150));
#3150= IFCFACEOUTERBOUND(#3151,.T.);
#3151= IFCPOLYLOOP((#416,#999,#997));
#3153= IFCFACE((#3155));
#3155= IFCFACEOUTERBOUND(#3156,.T.);
#3156= IFCPOLYLOOP((#416,#997,#1006));
#3158= IFCFACE((#3162,#3165));
#3160= IFCCARTESIANPOINT((0.02500000000009095,-0.1199999999880674,1.21));
#3162= IFCFACEOUTERBOUND(#3163,.T.);
#3163= IFCPOLYLOOP((#2947,#416,#1006,#878,#1860,#1870,#880,#1013,#418,#2684,#3160));
#3165= IFCFACEBOUND(#3166,.T.);
#3166= IFCPOLYLOOP((#566,#1640,#1638,#568));
#3168= IFCFACE((#3170));
#3170= IFCFACEOUTERBOUND(#3171,.T.);
#3171= IFCPOLYLOOP((#3025,#3023,#2920,#2942));
#3173= IFCFACE((#3175));
#3175= IFCFACEOUTERBOUND(#3176,.T.);
#3176= IFCPOLYLOOP((#3027,#3025,#2942,#2940));
#3178= IFCFACE((#3180));
#3180= IFCFACEOUTERBOUND(#3181,.T.);
#3181= IFCPOLYLOOP((#2940,#2938,#3005,#3027));
#3183= IFCFACE((#3185));
#3185= IFCFACEOUTERBOUND(#3186,.T.);
#3186= IFCPOLYLOOP((#2938,#2936,#3007,#3005));
#3188= IFCFACE((#3190));
#3190= IFCFACEOUTERBOUND(#3191,.T.);
#3191= IFCPOLYLOOP((#2936,#2934,#3009,#3007));
#3193= IFCFACE((#3195));
#3195= IFCFACEOUTERBOUND(#3196,.T.);
#3196= IFCPOLYLOOP((#2932,#3011,#3009,#2934));
#3198= IFCFACE((#3200));
#3200= IFCFACEOUTERBOUND(#3201,.T.);
#3201= IFCPOLYLOOP((#2930,#3013,#3011,#2932));
#3203= IFCFACE((#3205));
#3205= IFCFACEOUTERBOUND(#3206,.T.);
#3206= IFCPOLYLOOP((#3015,#3013,#2930,#2928));
#3208= IFCFACE((#3210));
#3210= IFCFACEOUTERBOUND(#3211,.T.);
#3211= IFCPOLYLOOP((#2926,#3017,#3015,#2928));
#3213= IFCFACE((#3215));
#3215= IFCFACEOUTERBOUND(#3216,.T.);
#3216= IFCPOLYLOOP((#2924,#3019,#3017,#2926));
#3218= IFCFACE((#3220));
#3220= IFCFACEOUTERBOUND(#3221,.T.);
#3221= IFCPOLYLOOP((#3021,#3019,#2924,#2922));
#3223= IFCFACE((#3225));
#3225= IFCFACEOUTERBOUND(#3226,.T.);
#3226= IFCPOLYLOOP((#3021,#2922,#2920,#3023));
#3228= IFCFACE((#3230));
#3230= IFCFACEOUTERBOUND(#3231,.T.);
#3231= IFCPOLYLOOP((#574,#572,#1400,#1636));
#3233= IFCFACE((#3235));
#3235= IFCFACEOUTERBOUND(#3236,.T.);
#3236= IFCPOLYLOOP((#1360,#1347,#2045,#2281));
#3238= IFCFACE((#3240));
#3240= IFCFACEOUTERBOUND(#3241,.T.);
#3241= IFCPOLYLOOP((#1303,#602,#1353,#1367));
#3243= IFCFACE((#3245));
#3245= IFCFACEOUTERBOUND(#3246,.T.);
#3246= IFCPOLYLOOP((#600,#876,#1862,#1394));
#3248= IFCFACE((#3250));
#3250= IFCFACEOUTERBOUND(#3251,.T.);
#3251= IFCPOLYLOOP((#2531,#2039,#251,#516));
#3253= IFCFACE((#3255));
#3255= IFCFACEOUTERBOUND(#3256,.T.);
#3256= IFCPOLYLOOP((#570,#568,#1638,#1398));
#3258= IFCFACE((#3260));
#3260= IFCFACEOUTERBOUND(#3261,.T.);
#3261= IFCPOLYLOOP((#1351,#604,#1006,#997));
#3263= IFCFACE((#3265));
#3265= IFCFACEOUTERBOUND(#3266,.T.);
#3266= IFCPOLYLOOP((#2283,#2043,#1349,#999));
#3268= IFCFACE((#3270));
#3270= IFCFACEOUTERBOUND(#3271,.T.);
#3271= IFCPOLYLOOP((#1396,#1860,#878,#598));
#3273= IFCFACE((#3275));
#3275= IFCFACEOUTERBOUND(#3276,.T.);
#3276= IFCPOLYLOOP((#2529,#409,#398,#2041));
#3278= IFCFACE((#3280));
#3280= IFCFACEOUTERBOUND(#3281,.T.);
#3281= IFCPOLYLOOP((#2535,#253,#242));
#3283= IFCFACE((#3285));
#3285= IFCFACEOUTERBOUND(#3286,.T.);
#3286= IFCPOLYLOOP((#2289,#2535,#242));
#3288= IFCFACE((#3290));
#3290= IFCFACEOUTERBOUND(#3291,.T.);
#3291= IFCPOLYLOOP((#2289,#242,#1322));
#3293= IFCFACE((#3295));
#3295= IFCFACEOUTERBOUND(#3296,.T.);
#3296= IFCPOLYLOOP((#1111,#1324,#1322,#242));
#3298= IFCFACE((#3300));
#3300= IFCFACEOUTERBOUND(#3301,.T.);
#3301= IFCPOLYLOOP((#1111,#242,#884));
#3303= IFCFACE((#3305));
#3305= IFCFACEOUTERBOUND(#3306,.T.);
#3306= IFCPOLYLOOP((#242,#582,#1644,#1866,#884));
#3308= IFCFACE((#3310));
#3310= IFCFACEOUTERBOUND(#3311,.T.);
#3311= IFCPOLYLOOP((#589,#582,#242));
#3313= IFCFACE((#3317));
#3315= IFCCARTESIANPOINT((0.4255358983850783,-0.03449999999429565,1.21));
#3317= IFCFACEOUTERBOUND(#3318,.T.);
#3318= IFCPOLYLOOP((#3315,#589,#242));
#3320= IFCFACE((#3322));
#3322= IFCFACEOUTERBOUND(#3323,.T.);
#3323= IFCPOLYLOOP((#3315,#242,#233));
#3325= IFCFACE((#3327));
#3327= IFCFACEOUTERBOUND(#3328,.T.);
#3328= IFCPOLYLOOP((#3315,#233,#224));
#3330= IFCFACE((#3334));
#3332= IFCCARTESIANPOINT((0.4270000000001346,-0.03596410161117092,1.21));
#3334= IFCFACEOUTERBOUND(#3335,.T.);
#3335= IFCPOLYLOOP((#3332,#3315,#224));
#3337= IFCFACE((#3339));
#3339= IFCFACEOUTERBOUND(#3340,.T.);
#3340= IFCPOLYLOOP((#3332,#224,#213));
#3342= IFCFACE((#3344));
#3344= IFCFACEOUTERBOUND(#3345,.T.);
#3345= IFCPOLYLOOP((#268,#3332,#213));
#3347= IFCFACE((#3349));
#3349= IFCFACEOUTERBOUND(#3350,.T.);
#3350= IFCPOLYLOOP((#268,#213,#211));
#3352= IFCFACE((#3354));
#3354= IFCFACEOUTERBOUND(#3355,.T.);
#3355= IFCPOLYLOOP((#266,#264,#310));
#3357= IFCFACE((#3361));
#3359= IFCCARTESIANPOINT((0.4448790153264781,-0.03676794918283122,1.21));
#3361= IFCFACEOUTERBOUND(#3362,.T.);
#3362= IFCPOLYLOOP((#3359,#266,#310));
#3364= IFCFACE((#3366));
#3366= IFCFACEOUTERBOUND(#3367,.T.);
#3367= IFCPOLYLOOP((#3359,#310,#301));
#3369= IFCFACE((#3373));
#3371= IFCCARTESIANPOINT((0.4456110661340063,-0.03749999998399289,1.21));
#3373= IFCFACEOUTERBOUND(#3374,.T.);
#3374= IFCPOLYLOOP((#3371,#3359,#301));
#3376= IFCFACE((#3378));
#3378= IFCFACEOUTERBOUND(#3379,.T.);
#3379= IFCPOLYLOOP((#3371,#301,#292));
#3381= IFCFACE((#3383));
#3383= IFCFACEOUTERBOUND(#3384,.T.);
#3384= IFCPOLYLOOP((#3371,#292,#279));
#3386= IFCFACE((#3390));
#3388= IFCCARTESIANPOINT((0.4458790153264545,-0.0384999999878346,1.21));
#3390= IFCFACEOUTERBOUND(#3391,.T.);
#3391= IFCPOLYLOOP((#3388,#3371,#279));
#3393= IFCFACE((#3395));
#3395= IFCFACEOUTERBOUND(#3396,.T.);
#3396= IFCPOLYLOOP((#3388,#279,#277));
#3398= IFCFACE((#3400,#3405));
#3400= IFCFACEBOUND(#3401,.T.);
#3401= IFCPOLYLOOP((#2858,#2788,#2786,#2795,#2802,#2809,#2816,#2823,#2830,#2837,#2844,#2851));
#3403= IFCCARTESIANPOINT((0.4458568591471703,-0.08050105501752114,1.21));
#3405= IFCFACEOUTERBOUND(#3406,.T.);
#3406= IFCPOLYLOOP((#277,#324,#3403,#3388));
#3408= IFCFACE((#3410));
#3410= IFCFACEOUTERBOUND(#3411,.T.);
#3411= IFCPOLYLOOP((#3403,#324,#362));
#3413= IFCFACE((#3417));
#3415= IFCCARTESIANPOINT((0.4455885584493444,-0.08150060904881684,1.21));
#3417= IFCFACEOUTERBOUND(#3418,.T.);
#3418= IFCPOLYLOOP((#3415,#3403,#362));
#3420= IFCFACE((#3422));
#3422= IFCFACEOUTERBOUND(#3423,.T.);
#3423= IFCPOLYLOOP((#3415,#362,#353));
#3425= IFCFACE((#3427));
#3427= IFCFACEOUTERBOUND(#3428,.T.);
#3428= IFCPOLYLOOP((#3415,#353,#344));
#3430= IFCFACE((#3434));
#3432= IFCCARTESIANPOINT((0.4448565548491388,-0.08223222661035834,1.21));
#3434= IFCFACEOUTERBOUND(#3435,.T.);
#3435= IFCPOLYLOOP((#3432,#3415,#344));
#3437= IFCFACE((#3439));
#3439= IFCFACEOUTERBOUND(#3440,.T.);
#3440= IFCPOLYLOOP((#3432,#344,#337));
#3442= IFCFACE((#3446));
#3444= IFCCARTESIANPOINT((0.4438568594250683,-0.08249999998952262,1.21));
#3446= IFCFACEOUTERBOUND(#3447,.T.);
#3447= IFCPOLYLOOP((#3444,#3432,#337));
#3449= IFCFACE((#3451));
#3451= IFCFACEOUTERBOUND(#3452,.T.);
#3452= IFCPOLYLOOP((#3444,#337,#335));
#3454= IFCFACE((#3458));
#3456= IFCCARTESIANPOINT((0.01601139420404252,-0.08249999998952262,1.21));
#3458= IFCFACEOUTERBOUND(#3459,.T.);
#3459= IFCPOLYLOOP((#389,#391,#2720,#3444,#335,#333,#3034,#3456));
#3461= IFCFACE((#3465));
#3463= IFCCARTESIANPOINT((0.4440781745731783,-0.0150464246617048,1.21));
#3465= IFCFACEOUTERBOUND(#3466,.T.);
#3466= IFCPOLYLOOP((#3463,#436,#434,#453));
#3468= IFCFACE((#3470));
#3470= IFCFACEOUTERBOUND(#3471,.T.);
#3471= IFCPOLYLOOP((#3463,#453,#491));
#3473= IFCFACE((#3477));
#3475= IFCCARTESIANPOINT((0.4440372917390505,-0.01559656964673195,1.21));
#3477= IFCFACEOUTERBOUND(#3478,.T.);
#3478= IFCPOLYLOOP((#3475,#3463,#491));
#3480= IFCFACE((#3482));
#3482= IFCFACEOUTERBOUND(#3483,.T.);
#3483= IFCPOLYLOOP((#3475,#491,#484));
#3485= IFCFACE((#3487));
#3487= IFCFACEOUTERBOUND(#3488,.T.);
#3488= IFCPOLYLOOP((#3475,#484,#475));
#3490= IFCFACE((#3494));
#3492= IFCCARTESIANPOINT((0.4437719485379148,-0.01608022642903961,1.21));
#3494= IFCFACEOUTERBOUND(#3495,.T.);
#3495= IFCPOLYLOOP((#3492,#3475,#475));
#3497= IFCFACE((#3499));
#3499= IFCFACEOUTERBOUND(#3500,.T.);
#3500= IFCPOLYLOOP((#3492,#475,#462));
#3502= IFCFACE((#3506));
#3504= IFCCARTESIANPOINT((0.4433299272991462,-0.0164102993439883,1.21));
#3506= IFCFACEOUTERBOUND(#3507,.T.);
#3507= IFCPOLYLOOP((#3504,#3492,#462));
#3509= IFCFACE((#3513));
#3511= IFCCARTESIANPOINT((0.4427908260836375,-0.01652734968956793,1.21));
#3513= IFCFACEOUTERBOUND(#3514,.T.);
#3514= IFCPOLYLOOP((#460,#3511,#3504,#462));
#3516= IFCFACE((#3520));
#3518= IFCCARTESIANPOINT((0.4290000000000873,-0.01649999999062857,1.21));
#3520= IFCFACEOUTERBOUND(#3521,.T.);
#3521= IFCPOLYLOOP((#3511,#460,#505,#3518));
#3523= IFCFACE((#3525));
#3525= IFCFACEOUTERBOUND(#3526,.T.);
#3526= IFCPOLYLOOP((#1340,#1313,#886,#2291,#1333));
#3528= IFCFACE((#3530));
#3530= IFCFACEOUTERBOUND(#3531,.T.);
#3531= IFCPOLYLOOP((#886,#1864,#1646,#580,#520,#2533,#2291));
#3533= IFCFACE((#3535));
#3535= IFCFACEOUTERBOUND(#3536,.T.);
#3536= IFCPOLYLOOP((#2533,#520,#518));
#3538= IFCFACE((#3542));
#3540= IFCCARTESIANPOINT((0.4274698634299057,-0.01680160375690321,1.21));
#3542= IFCFACEOUTERBOUND(#3543,.T.);
#3543= IFCPOLYLOOP((#3540,#3518,#505));
#3545= IFCFACE((#3547));
#3547= IFCFACEOUTERBOUND(#3548,.T.);
#3548= IFCPOLYLOOP((#3540,#505,#545));
#3550= IFCFACE((#3554));
#3552= IFCCARTESIANPOINT((0.4261720489612344,-0.01766645077441353,1.21));
#3554= IFCFACEOUTERBOUND(#3555,.T.);
#3555= IFCPOLYLOOP((#3552,#3540,#545));
#3557= IFCFACE((#3559));
#3559= IFCFACEOUTERBOUND(#3560,.T.);
#3560= IFCPOLYLOOP((#3552,#545,#538));
#3562= IFCFACE((#3566));
#3564= IFCCARTESIANPOINT((0.4253046298515528,-0.01896254753955873,1.21));
#3566= IFCFACEOUTERBOUND(#3567,.T.);
#3567= IFCPOLYLOOP((#3564,#3552,#538));
#3569= IFCFACE((#3571));
#3571= IFCFACEOUTERBOUND(#3572,.T.);
#3572= IFCPOLYLOOP((#3564,#538,#527));
#3574= IFCFACE((#3576));
#3576= IFCFACEOUTERBOUND(#3577,.T.);
#3577= IFCPOLYLOOP((#3564,#527,#520));
#3579= IFCFACE((#3583));
#3581= IFCCARTESIANPOINT((0.4249999999999545,-0.02049208297103178,1.21));
#3583= IFCFACEOUTERBOUND(#3584,.T.);
#3584= IFCPOLYLOOP((#3581,#3564,#520));
#3586= IFCFACE((#3588));
#3588= IFCFACEOUTERBOUND(#3589,.T.);
#3589= IFCPOLYLOOP((#3581,#520,#580));
#3591= IFCFACE((#3595));
#3593= IFCCARTESIANPOINT((0.4250000000001819,-0.01649999998335261,1.21));
#3595= IFCFACEOUTERBOUND(#3596,.T.);
#3596= IFCPOLYLOOP((#580,#578,#3593));
#3598= IFCFACE((#3600));
#3600= IFCFACEOUTERBOUND(#3601,.T.);
#3601= IFCPOLYLOOP((#580,#3593,#3581));
#3603= IFCFACE((#3607));
#3605= IFCCARTESIANPOINT((0.02500000000009095,-0.01649999998335261,1.21));
#3607= IFCFACEOUTERBOUND(#3608,.T.);
#3608= IFCPOLYLOOP((#578,#576,#3605,#3593));
#3610= IFCFACE((#3614));
#3612= IFCCARTESIANPOINT((0.02500000000031832,-0.02049208297103178,1.21));
#3614= IFCFACEOUTERBOUND(#3615,.T.);
#3615= IFCPOLYLOOP((#3612,#3605,#576,#574));
#3617= IFCFACE((#3619));
#3619= IFCFACEOUTERBOUND(#3620,.T.);
#3620= IFCPOLYLOOP((#3612,#574,#1636,#1862,#876,#1303,#1367,#1360,#2281,#2531));
#3622= IFCFACE((#3624));
#3624= IFCFACEOUTERBOUND(#3625,.T.);
#3625= IFCPOLYLOOP((#3612,#2531,#516));
#3627= IFCFACE((#3629));
#3629= IFCFACEOUTERBOUND(#3630,.T.);
#3630= IFCPOLYLOOP((#3612,#516,#514));
#3632= IFCFACE((#3636));
#3634= IFCCARTESIANPOINT((0.02469537014872003,-0.01896254753955873,1.21));
#3636= IFCFACEOUTERBOUND(#3637,.T.);
#3637= IFCPOLYLOOP((#3634,#3612,#514));
#3639= IFCFACE((#3641));
#3641= IFCFACEOUTERBOUND(#3642,.T.);
#3642= IFCPOLYLOOP((#3634,#514,#529));
#3644= IFCFACE((#3646));
#3646= IFCFACEOUTERBOUND(#3647,.T.);
#3647= IFCPOLYLOOP((#3634,#529,#536));
#3649= IFCFACE((#3653));
#3651= IFCCARTESIANPOINT((0.02382795103903845,-0.01766645077441353,1.21));
#3653= IFCFACEOUTERBOUND(#3654,.T.);
#3654= IFCPOLYLOOP((#3651,#3634,#536));
#3656= IFCFACE((#3658));
#3658= IFCFACEOUTERBOUND(#3659,.T.);
#3659= IFCPOLYLOOP((#3651,#536,#547));
#3661= IFCFACE((#3665));
#3663= IFCCARTESIANPOINT((0.02253013657036718,-0.01680160375690321,1.21));
#3665= IFCFACEOUTERBOUND(#3666,.T.);
#3666= IFCPOLYLOOP((#3663,#3651,#547));
#3668= IFCFACE((#3670));
#3670= IFCFACEOUTERBOUND(#3671,.T.);
#3671= IFCPOLYLOOP((#3663,#547,#507));
#3673= IFCFACE((#3677));
#3675= IFCCARTESIANPOINT((0.02100000000018554,-0.01649999999062857,1.21));
#3677= IFCFACEOUTERBOUND(#3678,.T.);
#3678= IFCPOLYLOOP((#3663,#507,#3675));
#3680= IFCFACE((#3682));
#3682= IFCFACEOUTERBOUND(#3683,.T.);
#3683= IFCPOLYLOOP((#507,#466,#3082,#3675));
#3685= IFCFACE((#3687));
#3687= IFCFACEOUTERBOUND(#3688,.T.);
#3688= IFCPOLYLOOP((#2039,#244,#251));
#3690= IFCFACE((#3692));
#3692= IFCFACEOUTERBOUND(#3693,.T.);
#3693= IFCPOLYLOOP((#270,#217,#215));
#3695= IFCFACE((#3699));
#3697= IFCCARTESIANPOINT((0.02300000000013824,-0.03596410161117092,1.21));
#3699= IFCFACEOUTERBOUND(#3700,.T.);
#3700= IFCPOLYLOOP((#3697,#270,#215));
#3702= IFCFACE((#3704));
#3704= IFCFACEOUTERBOUND(#3705,.T.);
#3705= IFCPOLYLOOP((#3697,#215,#226));
#3707= IFCFACE((#3711));
#3709= IFCCARTESIANPOINT((0.02446410161519452,-0.03449999999429565,1.21));
#3711= IFCFACEOUTERBOUND(#3712,.T.);
#3712= IFCPOLYLOOP((#3709,#3697,#226));
#3714= IFCFACE((#3716));
#3716= IFCFACEOUTERBOUND(#3717,.T.);
#3717= IFCPOLYLOOP((#3709,#226,#235));
#3719= IFCFACE((#3721));
#3721= IFCFACEOUTERBOUND(#3722,.T.);
#3722= IFCPOLYLOOP((#3709,#235,#244));
#3724= IFCFACE((#3728));
#3726= IFCCARTESIANPOINT((0.02500000000031832,-0.0324999999938882,1.21));
#3728= IFCFACEOUTERBOUND(#3729,.T.);
#3729= IFCPOLYLOOP((#3726,#3709,#244));
#3731= IFCFACE((#3733));
#3733= IFCFACEOUTERBOUND(#3734,.T.);
#3734= IFCPOLYLOOP((#3726,#244,#2039,#2045,#1347,#1353,#602,#600,#1394,#1400,#572));
#3736= IFCFACE((#3740));
#3738= IFCCARTESIANPOINT((0.02500000000031832,-0.08999999998923158,1.21));
#3740= IFCFACEOUTERBOUND(#3741,.T.);
#3741= IFCPOLYLOOP((#3738,#3726,#572,#570));
#3743= IFCFACE((#3747));
#3745= IFCCARTESIANPOINT((0.01887778160607922,-0.08371004959190032,1.21));
#3747= IFCFACEOUTERBOUND(#3748,.T.);
#3748= IFCPOLYLOOP((#570,#1398,#1396,#598,#604,#1351,#1349,#2043,#2041,#398,#378,#3745,#3738));
#3750= IFCFACE((#3754));
#3752= IFCCARTESIANPOINT((0.01804251885573649,-0.08305405561259249,1.21));
#3754= IFCFACEOUTERBOUND(#3755,.T.);
#3755= IFCPOLYLOOP((#3752,#3745,#378));
#3757= IFCFACE((#3759));
#3759= IFCFACEOUTERBOUND(#3760,.T.);
#3760= IFCPOLYLOOP((#3752,#378,#376));
#3762= IFCFACE((#3766));
#3764= IFCCARTESIANPOINT((0.01706406283483375,-0.08264099898951827,1.21));
#3766= IFCFACEOUTERBOUND(#3767,.T.);
#3767= IFCPOLYLOOP((#3764,#3752,#376));
#3769= IFCFACE((#3771));
#3771= IFCFACEOUTERBOUND(#3772,.T.);
#3772= IFCPOLYLOOP((#3764,#376,#389));
#3774= IFCFACE((#3776));
#3776= IFCFACEOUTERBOUND(#3777,.T.);
#3777= IFCPOLYLOOP((#3764,#389,#3456));
#3779= IFCFACE((#3781,#3784,#3787));
#3781= IFCFACEBOUND(#3782,.T.);
#3782= IFCPOLYLOOP((#3315,#3332,#268,#266,#3359,#3371,#3388,#3403,#3415,#3432,#3444,#2720,#2718,#2732,#2744,#591,#589));
#3784= IFCFACEOUTERBOUND(#3785,.T.);
#3785= IFCPOLYLOOP((#436,#3463,#3475,#3492,#3504,#3511,#3518,#3540,#3552,#3564,#3581,#3593,#3605,#3612,#3634,#3651,#3663,#3675,#3082,#3080,#3089,#3101,#3118,#442,#440,#2947,#3160,#2684,#438));
#3787= IFCFACEBOUND(#3788,.T.);
#3788= IFCPOLYLOOP((#3745,#3752,#3764,#3456,#3034,#3041,#3053,#3000,#2954,#2961,#2978,#260,#270,#3697,#3709,#3726,#3738));
#3790= IFCCLOSEDSHELL((#163,#176,#185,#192,#199,#204,#209,#222,#231,#240,#249,#258,#275,#288,#297,#306,#315,#320,#329,#342,#351,#360,#369,#374,#387,#396,#405,#414,#423,#432,#449,#458,#471,#480,#489,#498,#503,#512,#525,#534,#543,#552,#557,#562,#587,#596,#609,#622,#631,#640,#649,#658,#667,#676,#685,#694,#703,#712,#717,#730,#739,#748,#757,#766,#775,#784,#793,#802,#811,#820,#825,#838,#847,#858,#867,#874,#978,#991,#1004,#1011,#1018,#1023,#1032,#1039,#1046,#1053,#1060,#1067,#1074,#1081,#1088,#1095,#1102,#1107,#1116,#1125,#1132,#1139,#1146,#1153,#1160,#1167,#1174,#1181,#1188,#1195,#1200,#1209,#1216,#1223,#1230,#1237,#1244,#1251,#1258,#1265,#1272,#1279,#1284,#1298,#1308,#1318,#1331,#1338,#1345,#1358,#1365,#1372,#1377,#1382,#1387,#1392,#1405,#1418,#1427,#1436,#1445,#1454,#1463,#1472,#1481,#1490,#1499,#1508,#1513,#1526,#1535,#1544,#1553,#1562,#1571,#1580,#1589,#1598,#1607,#1616,#1621,#1634,#1738,#1747,#1754,#1761,#1768,#1775,#1782,#1789,#1796,#1803,#1810,#1817,#1822,#1902,#1907,#1912,#1917,#1922,#1927,#1932,#1937,#1942,#1947,#1952,#1957,#1962,#1967,#1972,#1977,#1982,#1987,#1992,#1997,#2002,#2007,#2012,#2017,#2022,#2027,#2032,#2037,#2050,#2063,#2072,#2081,#2090,#2099,#2108,#2117,#2126,#2135,#2144,#2153,#2158,#2171,#2180,#2189,#2198,#2207,#2216,#2225,#2234,#2243,#2252,#2261,#2266,#2279,#2383,#2392,#2399,#2406,#2413,#2420,#2427,#2434,#2441,#2448,#2455,#2462,#2467,#2547,#2552,#2557,#2562,#2567,#2572,#2577,#2582,#2587,#2592,#2597,#2602,#2607,#2612,#2617,#2622,#2627,#2632,#2637,#2642,#2647,#2652,#2657,#2662,#2667,#2672,#2677,#2682,#2716,#2725,#2730,#2737,#2742,#2749,#2754,#2759,#2764,#2769,#2774,#2779,#2784,#2793,#2800,#2807,#2814,#2821,#2828,#2835,#2842,#2849,#2856,#2863,#2868,#2873,#2878,#2883,#2888,#2893,#2898,#2903,#2908,#2913,#2918,#2952,#2959,#2966,#2971,#2976,#2983,#2988,#2993,#2998,#3032,#3039,#3046,#3051,#3058,#3063,#3068,#3073,#3078,#3087,#3094,#3099,#3106,#3111,#3116,#3123,#3128,#3133,#3138,#3143,#3148,#3153,#3158,#3168,#3173,#3178,#3183,#3188,#3193,#3198,#3203,#3208,#3213,#3218,#3223,#3228,#3233,#3238,#3243,#3248,#3253,#3258,#3263,#3268,#3273,#3278,#3283,#3288,#3293,#3298,#3303,#3308,#3313,#3320,#3325,#3330,#3337,#3342,#3347,#3352,#3357,#3364,#3369,#3376,#3381,#3386,#3393,#3398,#3408,#3413,#3420,#3425,#3430,#3437,#3442,#3449,#3454,#3461,#3468,#3473,#3480,#3485,#3490,#3497,#3502,#3509,#3516,#3523,#3528,#3533,#3538,#3545,#3550,#3557,#3562,#3569,#3574,#3579,#3586,#3591,#3598,#3603,#3610,#3617,#3622,#3627,#3632,#3639,#3644,#3649,#3656,#3661,#3668,#3673,#3680,#3685,#3690,#3695,#3702,#3707,#3714,#3719,#3724,#3731,#3736,#3743,#3750,#3757,#3762,#3769,#3774,#3779));
#3792= IFCFACETEDBREP(#3790);
#3793= IFCPRESENTATIONSTYLEASSIGNMENT((#3795));
#3795= IFCSURFACESTYLE($,.POSITIVE.,(#3797));
#3796= IFCCOLOURRGB($,1.,0.7490196078431373,0.);
#3797= IFCSURFACESTYLESHADING(#3796);
#3799= IFCSTYLEDITEM(#3792,(#3793),$);
#3802= IFCGEOMETRICREPRESENTATIONSUBCONTEXT('Body','Model',*,*,*,*,#7,$,.MODEL_VIEW.,$);
#3805= IFCPRESENTATIONLAYERWITHSTYLE('ATK-60','',(#157,#3822),$,.T.,.F.,.F.,(#3810));
#3809= IFCCOLOURRGB($,1.,0.7490196078431373,0.);
#3810= IFCCURVESTYLE($,$,$,#3809);
#3813= IFCBUILDINGELEMENTPROXY('23ZonXkia7WG00000000ie',#41,$,$,$,#3815,#3820,$,$);
#3815= IFCLOCALPLACEMENT(#65,#3818);
#3816= IFCCARTESIANPOINT((0.,0.,0.));
#3818= IFCAXIS2PLACEMENT3D(#3816,$,$);
#3820= IFCPRODUCTDEFINITIONSHAPE($,$,(#3822));
#3822= IFCSHAPEREPRESENTATION(#3802,'Body','Brep',(#7461));
#3824= IFCFACE((#3834));
#3826= IFCCARTESIANPOINT((0.008197734553050395,-0.01500001669046469,1.19));
#3828= IFCCARTESIANPOINT((0.008197734553050395,-1.66837708093226E-8,1.19));
#3830= IFCCARTESIANPOINT((0.4418022654472225,-1.66837708093226E-8,1.19));
#3832= IFCCARTESIANPOINT((0.4418022654472225,-0.01500001669046469,1.19));
#3834= IFCFACEOUTERBOUND(#3835,.T.);
#3835= IFCPOLYLOOP((#3826,#3828,#3830,#3832));
#3837= IFCFACE((#3843));
#3839= IFCCARTESIANPOINT((0.008197734553050395,-1.66837708093226E-8,2.391901505538251));
#3841= IFCCARTESIANPOINT((0.4418022654472225,-1.66837708093226E-8,2.391901505538251));
#3843= IFCFACEOUTERBOUND(#3844,.T.);
#3844= IFCPOLYLOOP((#3830,#3828,#3839,#3841));
#3846= IFCFACE((#3850));
#3848= IFCCARTESIANPOINT((0.4418022654472225,-0.01500001669046469,2.391901505538251));
#3850= IFCFACEOUTERBOUND(#3851,.T.);
#3851= IFCPOLYLOOP((#3841,#3848,#3832,#3830));
#3853= IFCFACE((#3857));
#3855= IFCCARTESIANPOINT((0.008197734553050395,-0.01500001669046469,2.391901505538251));
#3857= IFCFACEOUTERBOUND(#3858,.T.);
#3858= IFCPOLYLOOP((#3848,#3841,#3839,#3855));
#3860= IFCFACE((#3862));
#3862= IFCFACEOUTERBOUND(#3863,.T.);
#3863= IFCPOLYLOOP((#3848,#3855,#3826,#3832));
#3865= IFCFACE((#3867));
#3867= IFCFACEOUTERBOUND(#3868,.T.);
#3868= IFCPOLYLOOP((#3855,#3839,#3828,#3826));
#3870= IFCFACE((#3880));
#3872= IFCCARTESIANPOINT((0.4274692662709185,-0.03619551812153077,2.377469266270539));
#3874= IFCCARTESIANPOINT((0.4290000000003147,-0.03649999998742715,2.378999999999997));
#3876= IFCCARTESIANPOINT((0.02099999999995816,-0.03649999998742715,2.378999999999997));
#3878= IFCCARTESIANPOINT((0.02253073372935432,-0.03619551812153077,2.377469266270539));
#3880= IFCFACEOUTERBOUND(#3881,.T.);
#3881= IFCPOLYLOOP((#3872,#3874,#3876,#3878));
#3883= IFCFACE((#3889));
#3885= IFCCARTESIANPOINT((0.02382842712472666,-0.03532842711865669,2.376171572875253));
#3887= IFCCARTESIANPOINT((0.4261715728755462,-0.03532842711865669,2.376171572875253));
#3889= IFCFACEOUTERBOUND(#3890,.T.);
#3890= IFCPOLYLOOP((#3885,#3887,#3872,#3878));
#3892= IFCFACE((#3898));
#3894= IFCCARTESIANPOINT((0.02469551813010185,-0.0340307337246486,2.375304481869954));
#3896= IFCCARTESIANPOINT((0.425304481870171,-0.0340307337246486,2.375304481869954));
#3898= IFCFACEOUTERBOUND(#3899,.T.);
#3899= IFCPOLYLOOP((#3894,#3896,#3887,#3885));
#3901= IFCFACE((#3907));
#3903= IFCCARTESIANPOINT((0.4250768588788105,-0.03328036128368694,2.375076858878386));
#3905= IFCCARTESIANPOINT((0.02492314112146232,-0.03328036128368694,2.375076858878386));
#3907= IFCFACEOUTERBOUND(#3908,.T.);
#3908= IFCPOLYLOOP((#3903,#3896,#3894,#3905));
#3910= IFCFACE((#3916));
#3912= IFCCARTESIANPOINT((0.4250000000004093,-0.0324999999938882,2.375));
#3914= IFCCARTESIANPOINT((0.02499999999986358,-0.0324999999938882,2.374999999999999));
#3916= IFCFACEOUTERBOUND(#3917,.T.);
#3917= IFCPOLYLOOP((#3912,#3903,#3905,#3914));
#3919= IFCFACE((#3933));
#3921= IFCCARTESIANPOINT((0.4290000000000873,-0.03649999998742715,1.19));
#3923= IFCCARTESIANPOINT((0.4438790153265018,-0.03649999998742715,1.19));
#3925= IFCCARTESIANPOINT((0.4438790153267291,-0.03649999998742715,2.393879015326402));
#3927= IFCCARTESIANPOINT((0.006120984673543717,-0.03649999998742715,2.393879015326402));
#3929= IFCCARTESIANPOINT((0.00612098467377109,-0.03649999998742715,1.19));
#3931= IFCCARTESIANPOINT((0.02100000000018554,-0.03649999998742715,1.19));
#3933= IFCFACEOUTERBOUND(#3934,.T.);
#3934= IFCPOLYLOOP((#3876,#3874,#3921,#3923,#3925,#3927,#3929,#3931));
#3936= IFCFACE((#3946));
#3938= IFCCARTESIANPOINT((0.4458405858874812,-0.0381098193465732,2.395840585887209));
#3940= IFCCARTESIANPOINT((0.4458790153266818,-0.0384999999878346,2.395879015326402));
#3942= IFCCARTESIANPOINT((0.004120984673591011,-0.0384999999878346,2.395879015326402));
#3944= IFCCARTESIANPOINT((0.004159414112791637,-0.0381098193465732,2.395840585887209));
#3946= IFCFACEOUTERBOUND(#3947,.T.);
#3947= IFCPOLYLOOP((#3938,#3940,#3942,#3944));
#3949= IFCFACE((#3955));
#3951= IFCCARTESIANPOINT((0.4457267743916873,-0.0377346331224544,2.395726774391425));
#3953= IFCCARTESIANPOINT((0.004273225608585562,-0.0377346331224544,2.395726774391425));
#3955= IFCFACEOUTERBOUND(#3956,.T.);
#3956= IFCPOLYLOOP((#3951,#3938,#3944,#3953));
#3958= IFCFACE((#3964));
#3960= IFCCARTESIANPOINT((0.4452932288891134,-0.03708578642545035,2.395293228888775));
#3962= IFCCARTESIANPOINT((0.004706771111159469,-0.03708578642545035,2.395293228888775));
#3964= IFCFACEOUTERBOUND(#3965,.T.);
#3965= IFCPOLYLOOP((#3960,#3951,#3953,#3962));
#3967= IFCFACE((#3973));
#3969= IFCCARTESIANPOINT((0.4446443821914272,-0.03665224092401331,2.394644382191133));
#3971= IFCCARTESIANPOINT((0.005355617808845636,-0.03665224092401331,2.394644382191133));
#3973= IFCFACEOUTERBOUND(#3974,.T.);
#3974= IFCPOLYLOOP((#3969,#3960,#3962,#3971));
#3976= IFCFACE((#3978));
#3978= IFCFACEOUTERBOUND(#3979,.T.);
#3979= IFCPOLYLOOP((#3971,#3927,#3925,#3969));
#3981= IFCFACE((#3987));
#3983= IFCCARTESIANPOINT((0.004143140852875149,-0.08050105501752114,2.395856859147098));
#3985= IFCCARTESIANPOINT((0.4458568591473977,-0.08050105501752114,2.395856859147098));
#3987= IFCFACEOUTERBOUND(#3988,.T.);
#3988= IFCPOLYLOOP((#3983,#3942,#3940,#3985));
#3990= IFCFACE((#4000));
#3992= IFCCARTESIANPOINT((0.006143140574522477,-0.08249999998952262,2.39385685942537));
#3994= IFCCARTESIANPOINT((0.00537801739619681,-0.08234785997046856,2.394621982603646));
#3996= IFCCARTESIANPOINT((0.444621982604076,-0.08234785997046856,2.394621982603646));
#3998= IFCCARTESIANPOINT((0.4438568594257504,-0.08249999998952262,2.39385685942537));
#4000= IFCFACEOUTERBOUND(#4001,.T.);
#4001= IFCPOLYLOOP((#3992,#3994,#3996,#3998));
#4003= IFCFACE((#4009));
#4005= IFCCARTESIANPOINT((0.004729300070266618,-0.08191458650981076,2.395270699929668));
#4007= IFCCARTESIANPOINT((0.4452706999300062,-0.08191458650981076,2.395270699929668));
#4009= IFCFACEOUTERBOUND(#4010,.T.);
#4010= IFCPOLYLOOP((#4005,#4007,#3996,#3994));
#4012= IFCFACE((#4018));
#4014= IFCCARTESIANPOINT((0.004295684460430493,-0.08126609783357708,2.395704315539356));
#4016= IFCCARTESIANPOINT((0.4457043155398424,-0.08126609783357708,2.395704315539356));
#4018= IFCFACEOUTERBOUND(#4019,.T.);
#4019= IFCPOLYLOOP((#4014,#4016,#4007,#4005));
#4021= IFCFACE((#4027));
#4023= IFCCARTESIANPOINT((0.004181750320185529,-0.08089108600688633,2.395818249679615));
#4025= IFCCARTESIANPOINT((0.4458182496800873,-0.08089108600688633,2.395818249679615));
#4027= IFCFACEOUTERBOUND(#4028,.T.);
#4028= IFCPOLYLOOP((#4014,#4023,#4025,#4016));
#4030= IFCFACE((#4032));
#4032= IFCFACEOUTERBOUND(#4033,.T.);
#4033= IFCPOLYLOOP((#4023,#3983,#3985,#4025));
#4035= IFCFACE((#4045));
#4037= IFCCARTESIANPOINT((0.4324329389951345,-0.08281490829540417,2.382432938994803));
#4039= IFCCARTESIANPOINT((0.431122218394421,-0.08371004959190032,2.381122218394067));
#4041= IFCCARTESIANPOINT((0.01887778160585185,-0.08371004959190032,2.381122218394067));
#4043= IFCCARTESIANPOINT((0.01756706100513838,-0.08281490829540417,2.382432938994803));
#4045= IFCFACEOUTERBOUND(#4046,.T.);
#4046= IFCPOLYLOOP((#4037,#4039,#4041,#4043));
#4048= IFCFACE((#4054));
#4050= IFCCARTESIANPOINT((0.4339886057964577,-0.08249999998952262,2.383988605796192));
#4052= IFCCARTESIANPOINT((0.01601139420381514,-0.08249999998952262,2.383988605796192));
#4054= IFCFACEOUTERBOUND(#4055,.T.);
#4055= IFCPOLYLOOP((#4050,#4037,#4043,#4052));
#4057= IFCFACE((#4063));
#4059= IFCCARTESIANPOINT((0.4250000000004093,-0.08999999998923158,2.374999999999999));
#4061= IFCCARTESIANPOINT((0.02499999999986358,-0.08999999998923158,2.374999999999999));
#4063= IFCFACEOUTERBOUND(#4064,.T.);
#4064= IFCPOLYLOOP((#4039,#4059,#4061,#4041));
#4066= IFCFACE((#4072));
#4068= IFCCARTESIANPOINT((0.02499999999986358,-0.1200000000026193,2.375));
#4070= IFCCARTESIANPOINT((0.4250000000004093,-0.1200000000026193,2.375));
#4072= IFCFACEOUTERBOUND(#4073,.T.);
#4073= IFCPOLYLOOP((#4068,#4061,#4059,#4070));
#4075= IFCFACE((#4081));
#4077= IFCCARTESIANPOINT((0.4500000000002728,-0.1199999999880674,2.4));
#4079= IFCCARTESIANPOINT((0.,-0.1199999999880674,2.399999999999999));
#4081= IFCFACEOUTERBOUND(#4082,.T.);
#4082= IFCPOLYLOOP((#4070,#4077,#4079,#4068));
#4084= IFCFACE((#4090));
#4086= IFCCARTESIANPOINT((0.,0.,2.4));
#4088= IFCCARTESIANPOINT((0.4500000000002728,0.,2.4));
#4090= IFCFACEOUTERBOUND(#4091,.T.);
#4091= IFCPOLYLOOP((#4086,#4079,#4077,#4088));
#4093= IFCFACE((#4107));
#4095= IFCCARTESIANPOINT((2.273736754432321E-13,0.,1.19));
#4097= IFCCARTESIANPOINT((0.4500000000000455,0.,1.19));
#4099= IFCCARTESIANPOINT((0.4419635374904374,0.,1.19));
#4101= IFCCARTESIANPOINT((0.4419635374908921,0.,2.391963537490557));
#4103= IFCCARTESIANPOINT((0.008036462509380726,0.,2.391963537490557));
#4105= IFCCARTESIANPOINT((0.008036462509835474,0.,1.19));
#4107= IFCFACEOUTERBOUND(#4108,.T.);
#4108= IFCPOLYLOOP((#4095,#4086,#4088,#4097,#4099,#4101,#4103,#4105));
#4110= IFCFACE((#4116));
#4112= IFCCARTESIANPOINT((0.005921825426867144,-0.0150464246617048,2.394078174573051));
#4114= IFCCARTESIANPOINT((0.4440781745734057,-0.0150464246617048,2.394078174573051));
#4116= IFCFACEOUTERBOUND(#4117,.T.);
#4117= IFCPOLYLOOP((#4112,#4103,#4101,#4114));
#4119= IFCFACE((#4129));
#4121= IFCCARTESIANPOINT((0.007209173916180589,-0.01652734968956793,2.392790826083687));
#4123= IFCCARTESIANPOINT((0.006670072700671881,-0.0164102993439883,2.39332992729922));
#4125= IFCCARTESIANPOINT((0.443329927299601,-0.0164102993439883,2.39332992729922));
#4127= IFCCARTESIANPOINT((0.4427908260840923,-0.01652734968956793,2.392790826083687));
#4129= IFCFACEOUTERBOUND(#4130,.T.);
#4130= IFCPOLYLOOP((#4121,#4123,#4125,#4127));
#4132= IFCFACE((#4138));
#4134= IFCCARTESIANPOINT((0.006228051461675932,-0.01608022642903961,2.393771948538092));
#4136= IFCCARTESIANPOINT((0.4437719485385969,-0.01608022642903961,2.393771948538092));
#4138= IFCFACEOUTERBOUND(#4139,.T.);
#4139= IFCPOLYLOOP((#4123,#4134,#4136,#4125));
#4141= IFCFACE((#4147));
#4143= IFCCARTESIANPOINT((0.4440372917395052,-0.01559656963945599,2.394037291739091));
#4145= IFCCARTESIANPOINT((0.005962708260767613,-0.01559656963945599,2.394037291739091));
#4147= IFCFACEOUTERBOUND(#4148,.T.);
#4148= IFCPOLYLOOP((#4143,#4136,#4134,#4145));
#4150= IFCFACE((#4156));
#4152= IFCCARTESIANPOINT((0.4440872513248451,-0.0153236907281098,2.394087251324339));
#4154= IFCCARTESIANPOINT((0.005912748675427792,-0.0153236907281098,2.394087251324339));
#4156= IFCFACEOUTERBOUND(#4157,.T.);
#4157= IFCPOLYLOOP((#4152,#4143,#4145,#4154));
#4159= IFCFACE((#4161));
#4161= IFCFACEOUTERBOUND(#4162,.T.);
#4162= IFCPOLYLOOP((#4114,#4152,#4154,#4112));
#4164= IFCFACE((#4170));
#4166= IFCCARTESIANPOINT((0.4290000000003147,-0.01649999999062857,2.378999999999997));
#4168= IFCCARTESIANPOINT((0.02099999999995816,-0.01649999999062857,2.378999999999997));
#4170= IFCFACEOUTERBOUND(#4171,.T.);
#4171= IFCPOLYLOOP((#4166,#4168,#4121,#4127));
#4173= IFCFACE((#4183));
#4175= IFCCARTESIANPOINT((0.02499999999986358,-0.02049999999871943,2.374999999999999));
#4177= IFCCARTESIANPOINT((0.02492445501547991,-0.01971908922860166,2.375075544984385));
#4179= IFCCARTESIANPOINT((0.4250755449847929,-0.01971908922860166,2.375075544984385));
#4181= IFCCARTESIANPOINT((0.4250000000004093,-0.02049999999871943,2.375));
#4183= IFCFACEOUTERBOUND(#4184,.T.);
#4184= IFCPOLYLOOP((#4175,#4177,#4179,#4181));
#4186= IFCFACE((#4192));
#4188= IFCCARTESIANPOINT((0.02469764107604533,-0.01896803389536217,2.375302358923955));
#4190= IFCCARTESIANPOINT((0.4253023589242275,-0.01896803389536217,2.375302358923955));
#4192= IFCFACEOUTERBOUND(#4193,.T.);
#4193= IFCPOLYLOOP((#4177,#4188,#4190,#4179));
#4195= IFCFACE((#4201));
#4197= IFCCARTESIANPOINT((0.4261692484803916,-0.01766924847470364,2.376169248480115));
#4199= IFCCARTESIANPOINT((0.02383075151988123,-0.01766924847470364,2.376169248480115));
#4201= IFCFACEOUTERBOUND(#4202,.T.);
#4202= IFCPOLYLOOP((#4197,#4190,#4188,#4199));
#4204= IFCFACE((#4210));
#4206= IFCCARTESIANPOINT((0.42746803389673,-0.01680235892126802,2.377468033896326));
#4208= IFCCARTESIANPOINT((0.0225319661035428,-0.01680235892126802,2.377468033896326));
#4210= IFCFACEOUTERBOUND(#4211,.T.);
#4211= IFCPOLYLOOP((#4206,#4197,#4199,#4208));
#4213= IFCFACE((#4215));
#4215= IFCFACEOUTERBOUND(#4216,.T.);
#4216= IFCPOLYLOOP((#4208,#4168,#4166,#4206));
#4218= IFCFACE((#4220));
#4220= IFCFACEOUTERBOUND(#4221,.T.);
#4221= IFCPOLYLOOP((#3914,#4175,#4181,#3912));
#4223= IFCFACE((#4245));
#4225= IFCCARTESIANPOINT((0.4250000000001819,-0.08999999998923158,1.212499999999664));
#4227= IFCCARTESIANPOINT((0.4250000000001819,-0.0324999999938882,1.212499999999921));
#4229= IFCCARTESIANPOINT((0.4250000000001819,-0.02049208297103178,1.212499999999975));
#4231= IFCCARTESIANPOINT((0.4249999999999545,-0.01649999998335261,1.212499999999992));
#4233= IFCCARTESIANPOINT((0.02500000000031832,-0.01649999998335261,1.212499999999992));
#4235= IFCCARTESIANPOINT((0.02500000000031832,-0.02049999999871943,1.212499999999975));
#4237= IFCCARTESIANPOINT((0.02500000000031832,-0.0324999999938882,1.212499999999921));
#4239= IFCCARTESIANPOINT((0.02500000000031832,-0.08999999998923158,1.212499999999664));
#4241= IFCCARTESIANPOINT((0.02500000000031832,-0.1199999999880674,1.21249999999953));
#4243= IFCCARTESIANPOINT((0.4249999999999545,-0.1199999999880674,1.21249999999953));
#4245= IFCFACEOUTERBOUND(#4246,.T.);
#4246= IFCPOLYLOOP((#4225,#4227,#4229,#4231,#4233,#4235,#4237,#4239,#4241,#4243));
#4248= IFCFACE((#4254));
#4250= IFCCARTESIANPOINT((0.4249999999999545,-0.08999999998923158,1.19));
#4252= IFCCARTESIANPOINT((0.4249999999999545,-0.0324999999938882,1.19));
#4254= IFCFACEOUTERBOUND(#4255,.T.);
#4255= IFCPOLYLOOP((#4227,#4225,#4250,#4252));
#4257= IFCFACE((#4267));
#4259= IFCCARTESIANPOINT((0.02500000000031832,-0.08999999998923158,1.812499999999806));
#4261= IFCCARTESIANPOINT((0.02500000000031832,-0.0324999999938882,1.812500000000063));
#4263= IFCCARTESIANPOINT((0.02500000000031832,-0.0324999999938882,1.787499999999996));
#4265= IFCCARTESIANPOINT((0.02500000000031832,-0.08999999998923158,1.787499999999996));
#4267= IFCFACEOUTERBOUND(#4268,.T.);
#4268= IFCPOLYLOOP((#4259,#4261,#4263,#4265));
#4270= IFCFACE((#4280));
#4272= IFCCARTESIANPOINT((0.06950761650500681,-0.08951309281837894,1.787499999999996));
#4274= IFCCARTESIANPOINT((0.06548691273201257,-0.08549238905106904,1.787499999999996));
#4276= IFCCARTESIANPOINT((0.06548691273201257,-0.08549238905106904,1.81250000000011));
#4278= IFCCARTESIANPOINT((0.06950761650500681,-0.08951309281837894,1.812500000000092));
#4280= IFCFACEOUTERBOUND(#4281,.T.);
#4281= IFCPOLYLOOP((#4272,#4274,#4276,#4278));
#4283= IFCFACE((#4289));
#4285= IFCCARTESIANPOINT((0.07500000000004547,-0.09098477254156023,1.812500000000086));
#4287= IFCCARTESIANPOINT((0.07500000000004547,-0.09098477254156023,1.787499999999996));
#4289= IFCFACEOUTERBOUND(#4290,.T.);
#4290= IFCPOLYLOOP((#4278,#4285,#4287,#4272));
#4292= IFCFACE((#4298));
#4294= IFCCARTESIANPOINT((0.08049238349508414,-0.08951309281837894,1.812500000000092));
#4296= IFCCARTESIANPOINT((0.08049238349508414,-0.08951309281837894,1.787499999999996));
#4298= IFCFACEOUTERBOUND(#4299,.T.);
#4299= IFCPOLYLOOP((#4285,#4294,#4296,#4287));
#4301= IFCFACE((#4307));
#4303= IFCCARTESIANPOINT((0.08451308726807838,-0.08549238905106904,1.81250000000011));
#4305= IFCCARTESIANPOINT((0.08451308726807838,-0.08549238905106904,1.787499999999996));
#4307= IFCFACEOUTERBOUND(#4308,.T.);
#4308= IFCPOLYLOOP((#4294,#4303,#4305,#4296));
#4310= IFCFACE((#4316));
#4312= IFCCARTESIANPOINT((0.08598476699012281,-0.08000000555330189,1.812500000000135));
#4314= IFCCARTESIANPOINT((0.08598476699012281,-0.08000000555330189,1.787499999999996));
#4316= IFCFACEOUTERBOUND(#4317,.T.);
#4317= IFCPOLYLOOP((#4303,#4312,#4314,#4305));
#4319= IFCFACE((#4325));
#4321= IFCCARTESIANPOINT((0.08451308726807838,-0.07450762205553474,1.787499999999996));
#4323= IFCCARTESIANPOINT((0.08451308726807838,-0.07450762205553474,1.81250000000016));
#4325= IFCFACEOUTERBOUND(#4326,.T.);
#4326= IFCPOLYLOOP((#4321,#4314,#4312,#4323));
#4328= IFCFACE((#4334));
#4330= IFCCARTESIANPOINT((0.08049238349508414,-0.07048691828822484,1.812500000000178));
#4332= IFCCARTESIANPOINT((0.08049238349508414,-0.07048691828822484,1.787499999999996));
#4334= IFCFACEOUTERBOUND(#4335,.T.);
#4335= IFCPOLYLOOP((#4323,#4330,#4332,#4321));
#4337= IFCFACE((#4343));
#4339= IFCCARTESIANPOINT((0.07500000000004547,-0.06901523856504355,1.812500000000184));
#4341= IFCCARTESIANPOINT((0.07500000000004547,-0.06901523856504355,1.787499999999996));
#4343= IFCFACEOUTERBOUND(#4344,.T.);
#4344= IFCPOLYLOOP((#4330,#4339,#4341,#4332));
#4346= IFCFACE((#4352));
#4348= IFCCARTESIANPOINT((0.06950761650500681,-0.07048691828822484,1.812500000000178));
#4350= IFCCARTESIANPOINT((0.06950761650500681,-0.07048691828822484,1.787499999999996));
#4352= IFCFACEOUTERBOUND(#4353,.T.);
#4353= IFCPOLYLOOP((#4339,#4348,#4350,#4341));
#4355= IFCFACE((#4361));
#4357= IFCCARTESIANPOINT((0.06548691273201257,-0.07450762205553474,1.81250000000016));
#4359= IFCCARTESIANPOINT((0.06548691273201257,-0.07450762205553474,1.787499999999996));
#4361= IFCFACEOUTERBOUND(#4362,.T.);
#4362= IFCPOLYLOOP((#4348,#4357,#4359,#4350));
#4364= IFCFACE((#4370));
#4366= IFCCARTESIANPOINT((0.06401523300996814,-0.08000000555330189,1.787499999999996));
#4368= IFCCARTESIANPOINT((0.06401523300996814,-0.08000000555330189,1.812500000000135));
#4370= IFCFACEOUTERBOUND(#4371,.T.);
#4371= IFCPOLYLOOP((#4366,#4359,#4357,#4368));
#4373= IFCFACE((#4375));
#4375= IFCFACEOUTERBOUND(#4376,.T.);
#4376= IFCPOLYLOOP((#4368,#4276,#4274,#4366));
#4378= IFCFACE((#4388));
#4380= IFCCARTESIANPOINT((0.1404869127322854,-0.07549239044601563,1.81250000000011));
#4382= IFCCARTESIANPOINT((0.1445076165052797,-0.07951309421332553,1.812500000000092));
#4384= IFCCARTESIANPOINT((0.1445076165052797,-0.07951309421332553,1.787499999999996));
#4386= IFCCARTESIANPOINT((0.1404869127322854,-0.07549239044601563,1.787499999999996));
#4388= IFCFACEOUTERBOUND(#4389,.T.);
#4389= IFCPOLYLOOP((#4380,#4382,#4384,#4386));
#4391= IFCFACE((#4397));
#4393= IFCCARTESIANPOINT((0.1500000000003183,-0.08098477393650683,1.787499999999996));
#4395= IFCCARTESIANPOINT((0.1500000000003183,-0.08098477393650683,1.812500000000086));
#4397= IFCFACEOUTERBOUND(#4398,.T.);
#4398= IFCPOLYLOOP((#4393,#4384,#4382,#4395));
#4400= IFCFACE((#4406));
#4402= IFCCARTESIANPOINT((0.155492383495357,-0.07951309421332553,1.787499999999996));
#4404= IFCCARTESIANPOINT((0.155492383495357,-0.07951309421332553,1.812500000000092));
#4406= IFCFACEOUTERBOUND(#4407,.T.);
#4407= IFCPOLYLOOP((#4402,#4393,#4395,#4404));
#4409= IFCFACE((#4415));
#4411= IFCCARTESIANPOINT((0.1595130872683512,-0.07549239044601563,1.787499999999996));
#4413= IFCCARTESIANPOINT((0.1595130872683512,-0.07549239044601563,1.81250000000011));
#4415= IFCFACEOUTERBOUND(#4416,.T.);
#4416= IFCPOLYLOOP((#4411,#4402,#4404,#4413));
#4418= IFCFACE((#4424));
#4420= IFCCARTESIANPOINT((0.1609847669903957,-0.07000000694824848,1.787499999999996));
#4422= IFCCARTESIANPOINT((0.1609847669903957,-0.07000000694824848,1.812500000000135));
#4424= IFCFACEOUTERBOUND(#4425,.T.);
#4425= IFCPOLYLOOP((#4420,#4411,#4413,#4422));
#4427= IFCFACE((#4433));
#4429= IFCCARTESIANPOINT((0.1595130872683512,-0.06450762345048133,1.787499999999996));
#4431= IFCCARTESIANPOINT((0.1595130872683512,-0.06450762345048133,1.81250000000016));
#4433= IFCFACEOUTERBOUND(#4434,.T.);
#4434= IFCPOLYLOOP((#4429,#4420,#4422,#4431));
#4436= IFCFACE((#4442));
#4438= IFCCARTESIANPOINT((0.155492383495357,-0.06048691968317144,1.812500000000178));
#4440= IFCCARTESIANPOINT((0.155492383495357,-0.06048691968317144,1.787499999999996));
#4442= IFCFACEOUTERBOUND(#4443,.T.);
#4443= IFCPOLYLOOP((#4431,#4438,#4440,#4429));
#4445= IFCFACE((#4451));
#4447= IFCCARTESIANPOINT((0.1500000000003183,-0.05901523995999014,1.787499999999996));
#4449= IFCCARTESIANPOINT((0.1500000000003183,-0.05901523995999014,1.812500000000184));
#4451= IFCFACEOUTERBOUND(#4452,.T.);
#4452= IFCPOLYLOOP((#4447,#4440,#4438,#4449));
#4454= IFCFACE((#4460));
#4456= IFCCARTESIANPOINT((0.1445076165052797,-0.06048691968317144,1.812500000000178));
#4458= IFCCARTESIANPOINT((0.1445076165052797,-0.06048691968317144,1.787499999999996));
#4460= IFCFACEOUTERBOUND(#4461,.T.);
#4461= IFCPOLYLOOP((#4449,#4456,#4458,#4447));
#4463= IFCFACE((#4469));
#4465= IFCCARTESIANPOINT((0.1404869127322854,-0.06450762345048133,1.787499999999996));
#4467= IFCCARTESIANPOINT((0.1404869127322854,-0.06450762345048133,1.81250000000016));
#4469= IFCFACEOUTERBOUND(#4470,.T.);
#4470= IFCPOLYLOOP((#4465,#4458,#4456,#4467));
#4472= IFCFACE((#4478));
#4474= IFCCARTESIANPOINT((0.139015233010241,-0.07000000694824848,1.787499999999996));
#4476= IFCCARTESIANPOINT((0.139015233010241,-0.07000000694824848,1.812500000000135));
#4478= IFCFACEOUTERBOUND(#4479,.T.);
#4479= IFCPOLYLOOP((#4474,#4465,#4467,#4476));
#4481= IFCFACE((#4483));
#4483= IFCFACEOUTERBOUND(#4484,.T.);
#4484= IFCPOLYLOOP((#4386,#4474,#4476,#4380));
#4486= IFCFACE((#4494));
#4488= IFCCARTESIANPOINT((0.3556471991892067,-0.01649999999062857,1.812499999999519));
#4490= IFCCARTESIANPOINT((0.4249999999999545,-0.01649999998335261,1.812500000000135));
#4492= IFCCARTESIANPOINT((0.4249999999999545,-0.01649999998335261,1.787499999999996));
#4494= IFCFACEOUTERBOUND(#4495,.T.);
#4495= IFCPOLYLOOP((#4488,#4490,#4492));
#4497= IFCFACE((#4505));
#4499= IFCCARTESIANPOINT((0.4249999999997272,-0.01649999999062857,1.886828962394022));
#4501= IFCCARTESIANPOINT((0.3474410362787239,-0.01649999999062857,1.812499999999519));
#4503= IFCCARTESIANPOINT((0.4249999999997272,-0.01649999999062857,1.895623929104287));
#4505= IFCFACEOUTERBOUND(#4506,.T.);
#4506= IFCPOLYLOOP((#4499,#4488,#4501,#4503));
#4508= IFCFACE((#4518));
#4510= IFCCARTESIANPOINT((0.1025589637210942,-0.01649999999062857,1.812499999999519));
#4512= IFCCARTESIANPOINT((0.09435280081061137,-0.01649999999062857,1.812499999999519));
#4514= IFCCARTESIANPOINT((0.02500000000009095,-0.01649999999062857,1.886828962394022));
#4516= IFCCARTESIANPOINT((0.02500000000009095,-0.01649999999062857,1.895623929104287));
#4518= IFCFACEOUTERBOUND(#4519,.T.);
#4519= IFCPOLYLOOP((#4510,#4512,#4514,#4516));
#4521= IFCFACE((#4525));
#4523= IFCCARTESIANPOINT((0.02500000000031832,-0.01649999998335261,1.787499999999996));
#4525= IFCFACEOUTERBOUND(#4526,.T.);
#4526= IFCPOLYLOOP((#4512,#4510,#4501,#4488,#4492,#4523));
#4528= IFCFACE((#4532));
#4530= IFCCARTESIANPOINT((0.02500000000031832,-0.01649999998335261,1.812500000000135));
#4532= IFCFACEOUTERBOUND(#4533,.T.);
#4533= IFCPOLYLOOP((#4512,#4523,#4530));
#4535= IFCFACE((#4537,#4564,#4591,#4606,#4633,#4636));
#4537= IFCFACEBOUND(#4538,.T.);
#4538= IFCPOLYLOOP((#4458,#4465,#4474,#4386,#4384,#4393,#4402,#4411,#4420,#4429,#4440,#4447));
#4540= IFCCARTESIANPOINT((0.2204541111075287,-0.06000000694621122,1.787499999999996));
#4542= IFCCARTESIANPOINT((0.2160631447363812,-0.06361269735498354,1.787499999999996));
#4544= IFCCARTESIANPOINT((0.2140668015158553,-0.06893686221155804,1.787499999999996));
#4546= IFCCARTESIANPOINT((0.2150000000001455,-0.07454589584085625,1.787499999999996));
#4548= IFCCARTESIANPOINT((0.2186126904084631,-0.0789368622135953,1.787499999999996));
#4550= IFCCARTESIANPOINT((0.2239368552639007,-0.08093320543412119,1.787499999999996));
#4552= IFCCARTESIANPOINT((0.2295458888927442,-0.08000000695028575,1.787499999999996));
#4554= IFCCARTESIANPOINT((0.2339368552638916,-0.07638731654151343,1.787499999999996));
#4556= IFCCARTESIANPOINT((0.2359331984844175,-0.07106315168493893,1.787499999999996));
#4558= IFCCARTESIANPOINT((0.2350000000001273,-0.06545411805564072,1.787499999999996));
#4560= IFCCARTESIANPOINT((0.2313873095918098,-0.06106315168290166,1.787499999999996));
#4562= IFCCARTESIANPOINT((0.2260631447363721,-0.05906680846237577,1.787499999999996));
#4564= IFCFACEBOUND(#4565,.T.);
#4565= IFCPOLYLOOP((#4540,#4542,#4544,#4546,#4548,#4550,#4552,#4554,#4556,#4558,#4560,#4562));
#4567= IFCCARTESIANPOINT((0.2945076165049159,-0.06048691968317144,1.787499999999996));
#4569= IFCCARTESIANPOINT((0.2904869127319216,-0.06450762345048133,1.787499999999996));
#4571= IFCCARTESIANPOINT((0.2890152330098772,-0.07000000694824848,1.787499999999996));
#4573= IFCCARTESIANPOINT((0.2904869127319216,-0.07549239044601563,1.787499999999996));
#4575= IFCCARTESIANPOINT((0.2945076165049159,-0.07951309421332553,1.787499999999996));
#4577= IFCCARTESIANPOINT((0.2999999999999545,-0.08098477393650683,1.787499999999996));
#4579= IFCCARTESIANPOINT((0.3054923834949932,-0.07951309421332553,1.787499999999996));
#4581= IFCCARTESIANPOINT((0.3095130872679874,-0.07549239044601563,1.787499999999996));
#4583= IFCCARTESIANPOINT((0.3109847669900319,-0.07000000694824848,1.787499999999996));
#4585= IFCCARTESIANPOINT((0.3095130872679874,-0.06450762345048133,1.787499999999996));
#4587= IFCCARTESIANPOINT((0.3054923834949932,-0.06048691968317144,1.787499999999996));
#4589= IFCCARTESIANPOINT((0.2999999999999545,-0.05901523995999014,1.787499999999996));
#4591= IFCFACEBOUND(#4592,.T.);
#4592= IFCPOLYLOOP((#4567,#4569,#4571,#4573,#4575,#4577,#4579,#4581,#4583,#4585,#4587,#4589));
#4594= IFCCARTESIANPOINT((0.4250000000001819,-0.02049208297103178,1.787499999999996));
#4596= IFCCARTESIANPOINT((0.4250000000001819,-0.0324999999938882,1.787499999999996));
#4598= IFCCARTESIANPOINT((0.4250000000001819,-0.08999999998923158,1.787499999999996));
#4600= IFCCARTESIANPOINT((0.4249999999999545,-0.1199999999880674,1.787499999999996));
#4602= IFCCARTESIANPOINT((0.02500000000031832,-0.1199999999880674,1.787499999999996));
#4604= IFCCARTESIANPOINT((0.02500000000031832,-0.02049999999871943,1.787499999999996));
#4606= IFCFACEOUTERBOUND(#4607,.T.);
#4607= IFCPOLYLOOP((#4594,#4596,#4598,#4600,#4602,#4265,#4263,#4604,#4523,#4492));
#4609= IFCCARTESIANPOINT((0.3750000000002274,-0.06901523856504355,1.787499999999996));
#4611= IFCCARTESIANPOINT((0.3695076165051887,-0.07048691828822484,1.787499999999996));
#4613= IFCCARTESIANPOINT((0.3654869127321945,-0.07450762205553474,1.787499999999996));
#4615= IFCCARTESIANPOINT((0.36401523301015,-0.08000000555330189,1.787499999999996));
#4617= IFCCARTESIANPOINT((0.3654869127321945,-0.08549238905106904,1.787499999999996));
#4619= IFCCARTESIANPOINT((0.3695076165051887,-0.08951309281837894,1.787499999999996));
#4621= IFCCARTESIANPOINT((0.3750000000002274,-0.09098477254156023,1.787499999999996));
#4623= IFCCARTESIANPOINT((0.380492383495266,-0.08951309281837894,1.787499999999996));
#4625= IFCCARTESIANPOINT((0.3845130872682603,-0.08549238905106904,1.787499999999996));
#4627= IFCCARTESIANPOINT((0.3859847669903047,-0.08000000555330189,1.787499999999996));
#4629= IFCCARTESIANPOINT((0.3845130872682603,-0.07450762205553474,1.787499999999996));
#4631= IFCCARTESIANPOINT((0.380492383495266,-0.07048691828822484,1.787499999999996));
#4633= IFCFACEBOUND(#4634,.T.);
#4634= IFCPOLYLOOP((#4609,#4611,#4613,#4615,#4617,#4619,#4621,#4623,#4625,#4627,#4629,#4631));
#4636= IFCFACEBOUND(#4637,.T.);
#4637= IFCPOLYLOOP((#4350,#4359,#4366,#4274,#4272,#4287,#4296,#4305,#4314,#4321,#4332,#4341));
#4639= IFCFACE((#4645));
#4641= IFCCARTESIANPOINT((0.02500000000031832,-0.1199999999880674,1.812499999999672));
#4643= IFCCARTESIANPOINT((0.09435280081061137,-0.1199999999953434,1.812499999999519));
#4645= IFCFACEOUTERBOUND(#4646,.T.);
#4646= IFCPOLYLOOP((#4641,#4602,#4643));
#4648= IFCFACE((#4658));
#4650= IFCCARTESIANPOINT((0.4249999999997272,-0.1199999999953434,1.886828962394022));
#4652= IFCCARTESIANPOINT((0.4249999999997272,-0.1199999999953434,1.895623929104287));
#4654= IFCCARTESIANPOINT((0.3474410362787239,-0.1199999999953434,1.812499999999519));
#4656= IFCCARTESIANPOINT((0.3556471991892067,-0.1199999999953434,1.812499999999519));
#4658= IFCFACEOUTERBOUND(#4659,.T.);
#4659= IFCPOLYLOOP((#4650,#4652,#4654,#4656));
#4661= IFCFACE((#4665));
#4663= IFCCARTESIANPOINT((0.4249999999999545,-0.1199999999880674,1.812499999999672));
#4665= IFCFACEOUTERBOUND(#4666,.T.);
#4666= IFCPOLYLOOP((#4656,#4600,#4663));
#4668= IFCFACE((#4676));
#4670= IFCCARTESIANPOINT((0.1025589637210942,-0.1199999999953434,1.812499999999519));
#4672= IFCCARTESIANPOINT((0.02500000000009095,-0.1199999999953434,1.895623929104287));
#4674= IFCCARTESIANPOINT((0.02500000000009095,-0.1199999999953434,1.886828962394022));
#4676= IFCFACEOUTERBOUND(#4677,.T.);
#4677= IFCPOLYLOOP((#4670,#4672,#4674,#4643));
#4679= IFCFACE((#4681));
#4681= IFCFACEOUTERBOUND(#4682,.T.);
#4682= IFCPOLYLOOP((#4602,#4600,#4656,#4654,#4670,#4643));
#4684= IFCFACE((#4690));
#4686= IFCCARTESIANPOINT((0.2339368552638916,-0.07638731654151343,1.812500000000107));
#4688= IFCCARTESIANPOINT((0.2359331984844175,-0.07106315168493893,1.812500000000131));
#4690= IFCFACEOUTERBOUND(#4691,.T.);
#4691= IFCPOLYLOOP((#4686,#4688,#4556,#4554));
#4693= IFCFACE((#4697));
#4695= IFCCARTESIANPOINT((0.2295458888927442,-0.08000000695028575,1.812500000000091));
#4697= IFCFACEOUTERBOUND(#4698,.T.);
#4698= IFCPOLYLOOP((#4695,#4686,#4554,#4552));
#4700= IFCFACE((#4704));
#4702= IFCCARTESIANPOINT((0.2239368552639007,-0.08093320543412119,1.812500000000086));
#4704= IFCFACEOUTERBOUND(#4705,.T.);
#4705= IFCPOLYLOOP((#4550,#4702,#4695,#4552));
#4707= IFCFACE((#4711));
#4709= IFCCARTESIANPOINT((0.2186126904084631,-0.0789368622135953,1.812500000000095));
#4711= IFCFACEOUTERBOUND(#4712,.T.);
#4712= IFCPOLYLOOP((#4548,#4709,#4702,#4550));
#4714= IFCFACE((#4718));
#4716= IFCCARTESIANPOINT((0.2150000000001455,-0.07454589584085625,1.812500000000115));
#4718= IFCFACEOUTERBOUND(#4719,.T.);
#4719= IFCPOLYLOOP((#4546,#4716,#4709,#4548));
#4721= IFCFACE((#4725));
#4723= IFCCARTESIANPOINT((0.2140668015158553,-0.06893686221155804,1.812500000000139));
#4725= IFCFACEOUTERBOUND(#4726,.T.);
#4726= IFCPOLYLOOP((#4544,#4723,#4716,#4546));
#4728= IFCFACE((#4732));
#4730= IFCCARTESIANPOINT((0.2160631447363812,-0.06361269735498354,1.812500000000163));
#4732= IFCFACEOUTERBOUND(#4733,.T.);
#4733= IFCPOLYLOOP((#4542,#4730,#4723,#4544));
#4735= IFCFACE((#4739));
#4737= IFCCARTESIANPOINT((0.2204541111075287,-0.06000000694621122,1.812500000000179));
#4739= IFCFACEOUTERBOUND(#4740,.T.);
#4740= IFCPOLYLOOP((#4737,#4730,#4542,#4540));
#4742= IFCFACE((#4746));
#4744= IFCCARTESIANPOINT((0.2260631447363721,-0.05906680846237577,1.812500000000184));
#4746= IFCFACEOUTERBOUND(#4747,.T.);
#4747= IFCPOLYLOOP((#4744,#4737,#4540,#4562));
#4749= IFCFACE((#4753));
#4751= IFCCARTESIANPOINT((0.2313873095918098,-0.06106315168290166,1.812500000000175));
#4753= IFCFACEOUTERBOUND(#4754,.T.);
#4754= IFCPOLYLOOP((#4560,#4751,#4744,#4562));
#4756= IFCFACE((#4760));
#4758= IFCCARTESIANPOINT((0.2350000000001273,-0.06545411805564072,1.812500000000155));
#4760= IFCFACEOUTERBOUND(#4761,.T.);
#4761= IFCPOLYLOOP((#4758,#4751,#4560,#4558));
#4763= IFCFACE((#4765));
#4765= IFCFACEOUTERBOUND(#4766,.T.);
#4766= IFCPOLYLOOP((#4556,#4688,#4758,#4558));
#4768= IFCFACE((#4774));
#4770= IFCCARTESIANPOINT((0.4249999999999545,-0.0324999999938882,1.812500000000063));
#4772= IFCCARTESIANPOINT((0.4249999999999545,-0.08999999998923158,1.812499999999806));
#4774= IFCFACEOUTERBOUND(#4775,.T.);
#4775= IFCPOLYLOOP((#4770,#4772,#4598,#4596));
#4777= IFCFACE((#4783));
#4779= IFCCARTESIANPOINT((0.3845130872682603,-0.07450762205553474,1.81250000000016));
#4781= IFCCARTESIANPOINT((0.380492383495266,-0.07048691828822484,1.812500000000178));
#4783= IFCFACEOUTERBOUND(#4784,.T.);
#4784= IFCPOLYLOOP((#4631,#4629,#4779,#4781));
#4786= IFCFACE((#4790));
#4788= IFCCARTESIANPOINT((0.3750000000002274,-0.06901523856504355,1.812500000000184));
#4790= IFCFACEOUTERBOUND(#4791,.T.);
#4791= IFCPOLYLOOP((#4609,#4631,#4781,#4788));
#4793= IFCFACE((#4797));
#4795= IFCCARTESIANPOINT((0.3695076165051887,-0.07048691828822484,1.812500000000178));
#4797= IFCFACEOUTERBOUND(#4798,.T.);
#4798= IFCPOLYLOOP((#4788,#4795,#4611,#4609));
#4800= IFCFACE((#4804));
#4802= IFCCARTESIANPOINT((0.3654869127321945,-0.07450762205553474,1.81250000000016));
#4804= IFCFACEOUTERBOUND(#4805,.T.);
#4805= IFCPOLYLOOP((#4613,#4611,#4795,#4802));
#4807= IFCFACE((#4811));
#4809= IFCCARTESIANPOINT((0.36401523301015,-0.08000000555330189,1.812500000000135));
#4811= IFCFACEOUTERBOUND(#4812,.T.);
#4812= IFCPOLYLOOP((#4615,#4613,#4802,#4809));
#4814= IFCFACE((#4818));
#4816= IFCCARTESIANPOINT((0.3654869127321945,-0.08549238905106904,1.81250000000011));
#4818= IFCFACEOUTERBOUND(#4819,.T.);
#4819= IFCPOLYLOOP((#4809,#4816,#4617,#4615));
#4821= IFCFACE((#4825));
#4823= IFCCARTESIANPOINT((0.3695076165051887,-0.08951309281837894,1.812500000000092));
#4825= IFCFACEOUTERBOUND(#4826,.T.);
#4826= IFCPOLYLOOP((#4816,#4823,#4619,#4617));
#4828= IFCFACE((#4832));
#4830= IFCCARTESIANPOINT((0.3750000000002274,-0.09098477254156023,1.812500000000086));
#4832= IFCFACEOUTERBOUND(#4833,.T.);
#4833= IFCPOLYLOOP((#4823,#4830,#4621,#4619));
#4835= IFCFACE((#4839));
#4837= IFCCARTESIANPOINT((0.380492383495266,-0.08951309281837894,1.812500000000092));
#4839= IFCFACEOUTERBOUND(#4840,.T.);
#4840= IFCPOLYLOOP((#4623,#4621,#4830,#4837));
#4842= IFCFACE((#4846));
#4844= IFCCARTESIANPOINT((0.3845130872682603,-0.08549238905106904,1.81250000000011));
#4846= IFCFACEOUTERBOUND(#4847,.T.);
#4847= IFCPOLYLOOP((#4625,#4623,#4837,#4844));
#4849= IFCFACE((#4853));
#4851= IFCCARTESIANPOINT((0.3859847669903047,-0.08000000555330189,1.812500000000135));
#4853= IFCFACEOUTERBOUND(#4854,.T.);
#4854= IFCPOLYLOOP((#4627,#4625,#4844,#4851));
#4856= IFCFACE((#4858));
#4858= IFCFACEOUTERBOUND(#4859,.T.);
#4859= IFCPOLYLOOP((#4629,#4627,#4851,#4779));
#4861= IFCFACE((#4867));
#4863= IFCCARTESIANPOINT((0.3095130872679874,-0.06450762345048133,1.81250000000016));
#4865= IFCCARTESIANPOINT((0.3054923834949932,-0.06048691968317144,1.812500000000178));
#4867= IFCFACEOUTERBOUND(#4868,.T.);
#4868= IFCPOLYLOOP((#4863,#4865,#4587,#4585));
#4870= IFCFACE((#4874));
#4872= IFCCARTESIANPOINT((0.2999999999999545,-0.05901523995999014,1.812500000000184));
#4874= IFCFACEOUTERBOUND(#4875,.T.);
#4875= IFCPOLYLOOP((#4865,#4872,#4589,#4587));
#4877= IFCFACE((#4881));
#4879= IFCCARTESIANPOINT((0.2945076165049159,-0.06048691968317144,1.812500000000178));
#4881= IFCFACEOUTERBOUND(#4882,.T.);
#4882= IFCPOLYLOOP((#4872,#4879,#4567,#4589));
#4884= IFCFACE((#4888));
#4886= IFCCARTESIANPOINT((0.2904869127319216,-0.06450762345048133,1.81250000000016));
#4888= IFCFACEOUTERBOUND(#4889,.T.);
#4889= IFCPOLYLOOP((#4569,#4567,#4879,#4886));
#4891= IFCFACE((#4895));
#4893= IFCCARTESIANPOINT((0.2890152330098772,-0.07000000694824848,1.812500000000135));
#4895= IFCFACEOUTERBOUND(#4896,.T.);
#4896= IFCPOLYLOOP((#4571,#4569,#4886,#4893));
#4898= IFCFACE((#4902));
#4900= IFCCARTESIANPOINT((0.2904869127319216,-0.07549239044601563,1.81250000000011));
#4902= IFCFACEOUTERBOUND(#4903,.T.);
#4903= IFCPOLYLOOP((#4893,#4900,#4573,#4571));
#4905= IFCFACE((#4909));
#4907= IFCCARTESIANPOINT((0.2945076165049159,-0.07951309421332553,1.812500000000092));
#4909= IFCFACEOUTERBOUND(#4910,.T.);
#4910= IFCPOLYLOOP((#4900,#4907,#4575,#4573));
#4912= IFCFACE((#4916));
#4914= IFCCARTESIANPOINT((0.2999999999999545,-0.08098477393650683,1.812500000000086));
#4916= IFCFACEOUTERBOUND(#4917,.T.);
#4917= IFCPOLYLOOP((#4577,#4575,#4907,#4914));
#4919= IFCFACE((#4923));
#4921= IFCCARTESIANPOINT((0.3054923834949932,-0.07951309421332553,1.812500000000092));
#4923= IFCFACEOUTERBOUND(#4924,.T.);
#4924= IFCPOLYLOOP((#4579,#4577,#4914,#4921));
#4926= IFCFACE((#4930));
#4928= IFCCARTESIANPOINT((0.3095130872679874,-0.07549239044601563,1.81250000000011));
#4930= IFCFACEOUTERBOUND(#4931,.T.);
#4931= IFCPOLYLOOP((#4581,#4579,#4921,#4928));
#4933= IFCFACE((#4937));
#4935= IFCCARTESIANPOINT((0.3109847669900319,-0.07000000694824848,1.812500000000135));
#4937= IFCFACEOUTERBOUND(#4938,.T.);
#4938= IFCPOLYLOOP((#4928,#4935,#4583,#4581));
#4940= IFCFACE((#4942));
#4942= IFCFACEOUTERBOUND(#4943,.T.);
#4943= IFCPOLYLOOP((#4935,#4863,#4585,#4583));
#4945= IFCFACE((#4947,#4950,#4953,#4956));
#4947= IFCFACEBOUND(#4948,.T.);
#4948= IFCPOLYLOOP((#4723,#4730,#4737,#4744,#4751,#4758,#4688,#4686,#4695,#4702,#4709,#4716));
#4950= IFCFACEOUTERBOUND(#4951,.T.);
#4951= IFCPOLYLOOP((#4654,#4501,#4510,#4670));
#4953= IFCFACEBOUND(#4954,.T.);
#4954= IFCPOLYLOOP((#4900,#4893,#4886,#4879,#4872,#4865,#4863,#4935,#4928,#4921,#4914,#4907));
#4956= IFCFACEBOUND(#4957,.T.);
#4957= IFCPOLYLOOP((#4413,#4404,#4395,#4382,#4380,#4476,#4467,#4456,#4449,#4438,#4431,#4422));
#4959= IFCFACE((#4963,#4966));
#4961= IFCCARTESIANPOINT((0.02500000000031832,-0.02049999999871943,1.812500000000116));
#4963= IFCFACEOUTERBOUND(#4964,.T.);
#4964= IFCPOLYLOOP((#4512,#4530,#4961,#4261,#4259,#4641,#4643));
#4966= IFCFACEBOUND(#4967,.T.);
#4967= IFCPOLYLOOP((#4303,#4294,#4285,#4278,#4276,#4368,#4357,#4348,#4339,#4330,#4323,#4312));
#4969= IFCFACE((#4973,#4976));
#4971= IFCCARTESIANPOINT((0.4249999999999545,-0.02049999999871943,1.812500000000116));
#4973= IFCFACEOUTERBOUND(#4974,.T.);
#4974= IFCPOLYLOOP((#4656,#4663,#4772,#4770,#4971,#4490,#4488));
#4976= IFCFACEBOUND(#4977,.T.);
#4977= IFCPOLYLOOP((#4802,#4795,#4788,#4781,#4779,#4851,#4844,#4837,#4830,#4823,#4816,#4809));
#4979= IFCFACE((#4989));
#4981= IFCCARTESIANPOINT((0.4249999999999545,-0.0324999999938882,1.895623929104422));
#4983= IFCCARTESIANPOINT((0.4249999999999545,-0.08999999998923158,1.895623929104422));
#4985= IFCCARTESIANPOINT((0.4249999999999545,-0.08999999998923158,1.886828962394429));
#4987= IFCCARTESIANPOINT((0.4249999999999545,-0.0324999999938882,1.886828962394429));
#4989= IFCFACEOUTERBOUND(#4990,.T.);
#4990= IFCPOLYLOOP((#4981,#4983,#4985,#4987));
#4992= IFCFACE((#4996));
#4994= IFCCARTESIANPOINT((0.4249999999999545,-0.02049999999871943,1.895623929104422));
#4996= IFCFACEOUTERBOUND(#4997,.T.);
#4997= IFCPOLYLOOP((#4501,#4654,#4652,#4983,#4981,#4994,#4503));
#4999= IFCFACE((#5003));
#5001= IFCCARTESIANPOINT((0.4249999999999545,-0.02049999999871943,1.886828962394429));
#5003= IFCFACEOUTERBOUND(#5004,.T.);
#5004= IFCPOLYLOOP((#4987,#4985,#4650,#4656,#4488,#4499,#5001));
#5006= IFCFACE((#5016));
#5008= IFCCARTESIANPOINT((0.02500000000031832,-0.0324999999938882,1.886828962393942));
#5010= IFCCARTESIANPOINT((0.02500000000031832,-0.08999999998923158,1.886828962393942));
#5012= IFCCARTESIANPOINT((0.02500000000031832,-0.08999999998923158,1.895623929103935));
#5014= IFCCARTESIANPOINT((0.02500000000031832,-0.0324999999938882,1.895623929103935));
#5016= IFCFACEOUTERBOUND(#5017,.T.);
#5017= IFCPOLYLOOP((#5008,#5010,#5012,#5014));
#5019= IFCFACE((#5023));
#5021= IFCCARTESIANPOINT((0.02500000000031832,-0.02049999999871943,1.895623929103935));
#5023= IFCFACEOUTERBOUND(#5024,.T.);
#5024= IFCPOLYLOOP((#5021,#5014,#5012,#4672,#4670,#4510,#4516));
#5026= IFCFACE((#5030));
#5028= IFCCARTESIANPOINT((0.02500000000031832,-0.02049999999871943,1.886828962393942));
#5030= IFCFACEOUTERBOUND(#5031,.T.);
#5031= IFCPOLYLOOP((#4512,#4643,#4674,#5010,#5008,#5028,#4514));
#5033= IFCFACE((#5035));
#5035= IFCFACEOUTERBOUND(#5036,.T.);
#5036= IFCPOLYLOOP((#4594,#4492,#4490,#4971));
#5038= IFCFACE((#5040));
#5040= IFCFACEOUTERBOUND(#5041,.T.);
#5041= IFCPOLYLOOP((#4503,#4994,#5001,#4499));
#5043= IFCFACE((#5045));
#5045= IFCFACEOUTERBOUND(#5046,.T.);
#5046= IFCPOLYLOOP((#4961,#4530,#4523,#4604));
#5048= IFCFACE((#5050));
#5050= IFCFACEOUTERBOUND(#5051,.T.);
#5051= IFCPOLYLOOP((#5021,#4516,#4514,#5028));
#5053= IFCFACE((#5063));
#5055= IFCCARTESIANPOINT((0.02500000000031832,-0.08999999998923158,1.512499999999806));
#5057= IFCCARTESIANPOINT((0.02500000000031832,-0.0324999999938882,1.512500000000063));
#5059= IFCCARTESIANPOINT((0.02500000000031832,-0.0324999999938882,1.487499999999996));
#5061= IFCCARTESIANPOINT((0.02500000000031832,-0.08999999998923158,1.487499999999996));
#5063= IFCFACEOUTERBOUND(#5064,.T.);
#5064= IFCPOLYLOOP((#5055,#5057,#5059,#5061));
#5066= IFCFACE((#5076));
#5068= IFCCARTESIANPOINT((0.06548691273201257,-0.08549238905106904,1.512500000000109));
#5070= IFCCARTESIANPOINT((0.06950761650500681,-0.08951309281837894,1.512500000000091));
#5072= IFCCARTESIANPOINT((0.06950761650500681,-0.08951309281837894,1.487499999999997));
#5074= IFCCARTESIANPOINT((0.06548691273201257,-0.08549238905106904,1.487499999999997));
#5076= IFCFACEOUTERBOUND(#5077,.T.);
#5077= IFCPOLYLOOP((#5068,#5070,#5072,#5074));
#5079= IFCFACE((#5085));
#5081= IFCCARTESIANPOINT((0.07500000000004547,-0.09098477254156023,1.512500000000085));
#5083= IFCCARTESIANPOINT((0.07500000000004547,-0.09098477254156023,1.487499999999997));
#5085= IFCFACEOUTERBOUND(#5086,.T.);
#5086= IFCPOLYLOOP((#5070,#5081,#5083,#5072));
#5088= IFCFACE((#5094));
#5090= IFCCARTESIANPOINT((0.08049238349508414,-0.08951309281837894,1.487499999999997));
#5092= IFCCARTESIANPOINT((0.08049238349508414,-0.08951309281837894,1.512500000000091));
#5094= IFCFACEOUTERBOUND(#5095,.T.);
#5095= IFCPOLYLOOP((#5090,#5083,#5081,#5092));
#5097= IFCFACE((#5103));
#5099= IFCCARTESIANPOINT((0.08451308726807838,-0.08549238905106904,1.512500000000109));
#5101= IFCCARTESIANPOINT((0.08451308726807838,-0.08549238905106904,1.487499999999997));
#5103= IFCFACEOUTERBOUND(#5104,.T.);
#5104= IFCPOLYLOOP((#5092,#5099,#5101,#5090));
#5106= IFCFACE((#5112));
#5108= IFCCARTESIANPOINT((0.08598476699012281,-0.08000000555330189,1.512500000000134));
#5110= IFCCARTESIANPOINT((0.08598476699012281,-0.08000000555330189,1.487499999999997));
#5112= IFCFACEOUTERBOUND(#5113,.T.);
#5113= IFCPOLYLOOP((#5099,#5108,#5110,#5101));
#5115= IFCFACE((#5121));
#5117= IFCCARTESIANPOINT((0.08451308726807838,-0.07450762205553474,1.487499999999997));
#5119= IFCCARTESIANPOINT((0.08451308726807838,-0.07450762205553474,1.512500000000158));
#5121= IFCFACEOUTERBOUND(#5122,.T.);
#5122= IFCPOLYLOOP((#5117,#5110,#5108,#5119));
#5124= IFCFACE((#5130));
#5126= IFCCARTESIANPOINT((0.08049238349508414,-0.07048691828822484,1.487499999999997));
#5128= IFCCARTESIANPOINT((0.08049238349508414,-0.07048691828822484,1.512500000000176));
#5130= IFCFACEOUTERBOUND(#5131,.T.);
#5131= IFCPOLYLOOP((#5126,#5117,#5119,#5128));
#5133= IFCFACE((#5139));
#5135= IFCCARTESIANPOINT((0.07500000000004547,-0.06901523856504355,1.512500000000183));
#5137= IFCCARTESIANPOINT((0.07500000000004547,-0.06901523856504355,1.487499999999997));
#5139= IFCFACEOUTERBOUND(#5140,.T.);
#5140= IFCPOLYLOOP((#5128,#5135,#5137,#5126));
#5142= IFCFACE((#5148));
#5144= IFCCARTESIANPOINT((0.06950761650500681,-0.07048691828822484,1.512500000000176));
#5146= IFCCARTESIANPOINT((0.06950761650500681,-0.07048691828822484,1.487499999999997));
#5148= IFCFACEOUTERBOUND(#5149,.T.);
#5149= IFCPOLYLOOP((#5135,#5144,#5146,#5137));
#5151= IFCFACE((#5157));
#5153= IFCCARTESIANPOINT((0.06548691273201257,-0.07450762205553474,1.487499999999997));
#5155= IFCCARTESIANPOINT((0.06548691273201257,-0.07450762205553474,1.512500000000158));
#5157= IFCFACEOUTERBOUND(#5158,.T.);
#5158= IFCPOLYLOOP((#5153,#5146,#5144,#5155));
#5160= IFCFACE((#5166));
#5162= IFCCARTESIANPOINT((0.06401523300996814,-0.08000000555330189,1.512500000000134));
#5164= IFCCARTESIANPOINT((0.06401523300996814,-0.08000000555330189,1.487499999999997));
#5166= IFCFACEOUTERBOUND(#5167,.T.);
#5167= IFCPOLYLOOP((#5155,#5162,#5164,#5153));
#5169= IFCFACE((#5171));
#5171= IFCFACEOUTERBOUND(#5172,.T.);
#5172= IFCPOLYLOOP((#5074,#5164,#5162,#5068));
#5174= IFCFACE((#5184));
#5176= IFCCARTESIANPOINT((0.1445076165052797,-0.07951309421332553,1.487499999999997));
#5178= IFCCARTESIANPOINT((0.1404869127322854,-0.07549239044601563,1.487499999999997));
#5180= IFCCARTESIANPOINT((0.1404869127322854,-0.07549239044601563,1.512500000000109));
#5182= IFCCARTESIANPOINT((0.1445076165052797,-0.07951309421332553,1.512500000000091));
#5184= IFCFACEOUTERBOUND(#5185,.T.);
#5185= IFCPOLYLOOP((#5176,#5178,#5180,#5182));
#5187= IFCFACE((#5193));
#5189= IFCCARTESIANPOINT((0.1500000000003183,-0.08098477393650683,1.512500000000085));
#5191= IFCCARTESIANPOINT((0.1500000000003183,-0.08098477393650683,1.487499999999997));
#5193= IFCFACEOUTERBOUND(#5194,.T.);
#5194= IFCPOLYLOOP((#5182,#5189,#5191,#5176));
#5196= IFCFACE((#5202));
#5198= IFCCARTESIANPOINT((0.155492383495357,-0.07951309421332553,1.512500000000091));
#5200= IFCCARTESIANPOINT((0.155492383495357,-0.07951309421332553,1.487499999999997));
#5202= IFCFACEOUTERBOUND(#5203,.T.);
#5203= IFCPOLYLOOP((#5189,#5198,#5200,#5191));
#5205= IFCFACE((#5211));
#5207= IFCCARTESIANPOINT((0.1595130872683512,-0.07549239044601563,1.487499999999997));
#5209= IFCCARTESIANPOINT((0.1595130872683512,-0.07549239044601563,1.512500000000109));
#5211= IFCFACEOUTERBOUND(#5212,.T.);
#5212= IFCPOLYLOOP((#5207,#5200,#5198,#5209));
#5214= IFCFACE((#5220));
#5216= IFCCARTESIANPOINT((0.1609847669903957,-0.07000000694824848,1.487499999999997));
#5218= IFCCARTESIANPOINT((0.1609847669903957,-0.07000000694824848,1.512500000000134));
#5220= IFCFACEOUTERBOUND(#5221,.T.);
#5221= IFCPOLYLOOP((#5216,#5207,#5209,#5218));
#5223= IFCFACE((#5229));
#5225= IFCCARTESIANPOINT((0.1595130872683512,-0.06450762345048133,1.487499999999997));
#5227= IFCCARTESIANPOINT((0.1595130872683512,-0.06450762345048133,1.512500000000158));
#5229= IFCFACEOUTERBOUND(#5230,.T.);
#5230= IFCPOLYLOOP((#5225,#5216,#5218,#5227));
#5232= IFCFACE((#5238));
#5234= IFCCARTESIANPOINT((0.155492383495357,-0.06048691968317144,1.512500000000176));
#5236= IFCCARTESIANPOINT((0.155492383495357,-0.06048691968317144,1.487499999999997));
#5238= IFCFACEOUTERBOUND(#5239,.T.);
#5239= IFCPOLYLOOP((#5227,#5234,#5236,#5225));
#5241= IFCFACE((#5247));
#5243= IFCCARTESIANPOINT((0.1500000000003183,-0.05901523995999014,1.512500000000183));
#5245= IFCCARTESIANPOINT((0.1500000000003183,-0.05901523995999014,1.487499999999997));
#5247= IFCFACEOUTERBOUND(#5248,.T.);
#5248= IFCPOLYLOOP((#5234,#5243,#5245,#5236));
#5250= IFCFACE((#5256));
#5252= IFCCARTESIANPOINT((0.1445076165052797,-0.06048691968317144,1.487499999999997));
#5254= IFCCARTESIANPOINT((0.1445076165052797,-0.06048691968317144,1.512500000000176));
#5256= IFCFACEOUTERBOUND(#5257,.T.);
#5257= IFCPOLYLOOP((#5252,#5245,#5243,#5254));
#5259= IFCFACE((#5265));
#5261= IFCCARTESIANPOINT((0.1404869127322854,-0.06450762345048133,1.512500000000158));
#5263= IFCCARTESIANPOINT((0.1404869127322854,-0.06450762345048133,1.487499999999997));
#5265= IFCFACEOUTERBOUND(#5266,.T.);
#5266= IFCPOLYLOOP((#5254,#5261,#5263,#5252));
#5268= IFCFACE((#5274));
#5270= IFCCARTESIANPOINT((0.139015233010241,-0.07000000694824848,1.487499999999997));
#5272= IFCCARTESIANPOINT((0.139015233010241,-0.07000000694824848,1.512500000000134));
#5274= IFCFACEOUTERBOUND(#5275,.T.);
#5275= IFCPOLYLOOP((#5270,#5263,#5261,#5272));
#5277= IFCFACE((#5279));
#5279= IFCFACEOUTERBOUND(#5280,.T.);
#5280= IFCPOLYLOOP((#5272,#5180,#5178,#5270));
#5282= IFCFACE((#5292));
#5284= IFCCARTESIANPOINT((0.4249999999999545,-0.01649999998335261,1.487499999999996));
#5286= IFCCARTESIANPOINT((0.02500000000031832,-0.01649999998335261,1.487499999999996));
#5288= IFCCARTESIANPOINT((0.02500000000031832,-0.01649999998335261,1.512500000000135));
#5290= IFCCARTESIANPOINT((0.4249999999999545,-0.01649999998335261,1.512500000000135));
#5292= IFCFACEOUTERBOUND(#5293,.T.);
#5293= IFCPOLYLOOP((#5284,#5286,#5288,#5290));
#5295= IFCFACE((#5309,#5336,#5363,#5366,#5369,#5396));
#5297= IFCCARTESIANPOINT((0.4250000000001819,-0.02049208297103178,1.487499999999996));
#5299= IFCCARTESIANPOINT((0.4250000000001819,-0.0324999999938882,1.487499999999996));
#5301= IFCCARTESIANPOINT((0.4250000000001819,-0.08999999998923158,1.487499999999996));
#5303= IFCCARTESIANPOINT((0.4249999999999545,-0.1199999999880674,1.487499999999996));
#5305= IFCCARTESIANPOINT((0.02500000000031832,-0.1199999999880674,1.487499999999996));
#5307= IFCCARTESIANPOINT((0.02500000000031832,-0.02049999999871943,1.487499999999996));
#5309= IFCFACEOUTERBOUND(#5310,.T.);
#5310= IFCPOLYLOOP((#5284,#5297,#5299,#5301,#5303,#5305,#5061,#5059,#5307,#5286));
#5312= IFCCARTESIANPOINT((0.2890152330098772,-0.07000000694824848,1.487499999999997));
#5314= IFCCARTESIANPOINT((0.2904869127319216,-0.07549239044601563,1.487499999999997));
#5316= IFCCARTESIANPOINT((0.2945076165049159,-0.07951309421332553,1.487499999999997));
#5318= IFCCARTESIANPOINT((0.2999999999999545,-0.08098477393650683,1.487499999999997));
#5320= IFCCARTESIANPOINT((0.3054923834949932,-0.07951309421332553,1.487499999999997));
#5322= IFCCARTESIANPOINT((0.3095130872679874,-0.07549239044601563,1.487499999999997));
#5324= IFCCARTESIANPOINT((0.3109847669900319,-0.07000000694824848,1.487499999999997));
#5326= IFCCARTESIANPOINT((0.3095130872679874,-0.06450762345048133,1.487499999999997));
#5328= IFCCARTESIANPOINT((0.3054923834949932,-0.06048691968317144,1.487499999999997));
#5330= IFCCARTESIANPOINT((0.2999999999999545,-0.05901523995999014,1.487499999999997));
#5332= IFCCARTESIANPOINT((0.2945076165049159,-0.06048691968317144,1.487499999999997));
#5334= IFCCARTESIANPOINT((0.2904869127319216,-0.06450762345048133,1.487499999999997));
#5336= IFCFACEBOUND(#5337,.T.);
#5337= IFCPOLYLOOP((#5312,#5314,#5316,#5318,#5320,#5322,#5324,#5326,#5328,#5330,#5332,#5334));
#5339= IFCCARTESIANPOINT((0.3750000000002274,-0.06901523856504355,1.487499999999997));
#5341= IFCCARTESIANPOINT((0.3695076165051887,-0.07048691828822484,1.487499999999997));
#5343= IFCCARTESIANPOINT((0.3654869127321945,-0.07450762205553474,1.487499999999997));
#5345= IFCCARTESIANPOINT((0.36401523301015,-0.08000000555330189,1.487499999999997));
#5347= IFCCARTESIANPOINT((0.3654869127321945,-0.08549238905106904,1.487499999999997));
#5349= IFCCARTESIANPOINT((0.3695076165051887,-0.08951309281837894,1.487499999999997));
#5351= IFCCARTESIANPOINT((0.3750000000002274,-0.09098477254156023,1.487499999999997));
#5353= IFCCARTESIANPOINT((0.380492383495266,-0.08951309281837894,1.487499999999997));
#5355= IFCCARTESIANPOINT((0.3845130872682603,-0.08549238905106904,1.487499999999997));
#5357= IFCCARTESIANPOINT((0.3859847669903047,-0.08000000555330189,1.487499999999997));
#5359= IFCCARTESIANPOINT((0.3845130872682603,-0.07450762205553474,1.487499999999997));
#5361= IFCCARTESIANPOINT((0.380492383495266,-0.07048691828822484,1.487499999999997));
#5363= IFCFACEBOUND(#5364,.T.);
#5364= IFCPOLYLOOP((#5339,#5341,#5343,#5345,#5347,#5349,#5351,#5353,#5355,#5357,#5359,#5361));
#5366= IFCFACEBOUND(#5367,.T.);
#5367= IFCPOLYLOOP((#5252,#5263,#5270,#5178,#5176,#5191,#5200,#5207,#5216,#5225,#5236,#5245));
#5369= IFCFACEBOUND(#5370,.T.);
#5370= IFCPOLYLOOP((#5126,#5137,#5146,#5153,#5164,#5074,#5072,#5083,#5090,#5101,#5110,#5117));
#5372= IFCCARTESIANPOINT((0.2204541111075287,-0.06000000694621122,1.487499999999997));
#5374= IFCCARTESIANPOINT((0.2160631447363812,-0.06361269735498354,1.487499999999997));
#5376= IFCCARTESIANPOINT((0.2140668015158553,-0.06893686221155804,1.487499999999997));
#5378= IFCCARTESIANPOINT((0.2150000000001455,-0.07454589584085625,1.487499999999997));
#5380= IFCCARTESIANPOINT((0.2186126904084631,-0.0789368622135953,1.487499999999997));
#5382= IFCCARTESIANPOINT((0.2239368552639007,-0.08093320543412119,1.487499999999997));
#5384= IFCCARTESIANPOINT((0.2295458888927442,-0.08000000695028575,1.487499999999997));
#5386= IFCCARTESIANPOINT((0.2339368552638916,-0.07638731654151343,1.487499999999997));
#5388= IFCCARTESIANPOINT((0.2359331984844175,-0.07106315168493893,1.487499999999997));
#5390= IFCCARTESIANPOINT((0.2350000000001273,-0.06545411805564072,1.487499999999997));
#5392= IFCCARTESIANPOINT((0.2313873095918098,-0.06106315168290166,1.487499999999997));
#5394= IFCCARTESIANPOINT((0.2260631447363721,-0.05906680846237577,1.487499999999997));
#5396= IFCFACEBOUND(#5397,.T.);
#5397= IFCPOLYLOOP((#5372,#5374,#5376,#5378,#5380,#5382,#5384,#5386,#5388,#5390,#5392,#5394));
#5399= IFCFACE((#5405));
#5401= IFCCARTESIANPOINT((0.2339368552638916,-0.07638731654151343,1.512500000000105));
#5403= IFCCARTESIANPOINT((0.2359331984844175,-0.07106315168493893,1.512500000000129));
#5405= IFCFACEOUTERBOUND(#5406,.T.);
#5406= IFCPOLYLOOP((#5386,#5401,#5403,#5388));
#5408= IFCFACE((#5412));
#5410= IFCCARTESIANPOINT((0.2295458888927442,-0.08000000695028575,1.512500000000089));
#5412= IFCFACEOUTERBOUND(#5413,.T.);
#5413= IFCPOLYLOOP((#5410,#5401,#5386,#5384));
#5415= IFCFACE((#5419));
#5417= IFCCARTESIANPOINT((0.2239368552639007,-0.08093320543412119,1.512500000000085));
#5419= IFCFACEOUTERBOUND(#5420,.T.);
#5420= IFCPOLYLOOP((#5382,#5417,#5410,#5384));
#5422= IFCFACE((#5426));
#5424= IFCCARTESIANPOINT((0.2186126904084631,-0.0789368622135953,1.512500000000094));
#5426= IFCFACEOUTERBOUND(#5427,.T.);
#5427= IFCPOLYLOOP((#5380,#5424,#5417,#5382));
#5429= IFCFACE((#5433));
#5431= IFCCARTESIANPOINT((0.2150000000001455,-0.07454589584085625,1.512500000000113));
#5433= IFCFACEOUTERBOUND(#5434,.T.);
#5434= IFCPOLYLOOP((#5431,#5424,#5380,#5378));
#5436= IFCFACE((#5440));
#5438= IFCCARTESIANPOINT((0.2140668015158553,-0.06893686221155804,1.512500000000139));
#5440= IFCFACEOUTERBOUND(#5441,.T.);
#5441= IFCPOLYLOOP((#5438,#5431,#5378,#5376));
#5443= IFCFACE((#5447));
#5445= IFCCARTESIANPOINT((0.2160631447363812,-0.06361269735498354,1.512500000000162));
#5447= IFCFACEOUTERBOUND(#5448,.T.);
#5448= IFCPOLYLOOP((#5374,#5445,#5438,#5376));
#5450= IFCFACE((#5454));
#5452= IFCCARTESIANPOINT((0.2204541111075287,-0.06000000694621122,1.512500000000179));
#5454= IFCFACEOUTERBOUND(#5455,.T.);
#5455= IFCPOLYLOOP((#5452,#5445,#5374,#5372));
#5457= IFCFACE((#5461));
#5459= IFCCARTESIANPOINT((0.2260631447363721,-0.05906680846237577,1.512500000000183));
#5461= IFCFACEOUTERBOUND(#5462,.T.);
#5462= IFCPOLYLOOP((#5459,#5452,#5372,#5394));
#5464= IFCFACE((#5468));
#5466= IFCCARTESIANPOINT((0.2313873095918098,-0.06106315168290166,1.512500000000174));
#5468= IFCFACEOUTERBOUND(#5469,.T.);
#5469= IFCPOLYLOOP((#5466,#5459,#5394,#5392));
#5471= IFCFACE((#5475));
#5473= IFCCARTESIANPOINT((0.2350000000001273,-0.06545411805564072,1.512500000000154));
#5475= IFCFACEOUTERBOUND(#5476,.T.);
#5476= IFCPOLYLOOP((#5473,#5466,#5392,#5390));
#5478= IFCFACE((#5480));
#5480= IFCFACEOUTERBOUND(#5481,.T.);
#5481= IFCPOLYLOOP((#5388,#5403,#5473,#5390));
#5483= IFCFACE((#5509,#5524,#5551,#5554,#5557,#5560));
#5485= IFCCARTESIANPOINT((0.2904869127319216,-0.06450762345048133,1.512500000000158));
#5487= IFCCARTESIANPOINT((0.2945076165049159,-0.06048691968317144,1.512500000000176));
#5489= IFCCARTESIANPOINT((0.2999999999999545,-0.05901523995999014,1.512500000000183));
#5491= IFCCARTESIANPOINT((0.3054923834949932,-0.06048691968317144,1.512500000000176));
#5493= IFCCARTESIANPOINT((0.3095130872679874,-0.06450762345048133,1.512500000000158));
#5495= IFCCARTESIANPOINT((0.3109847669900319,-0.07000000694824848,1.512500000000134));
#5497= IFCCARTESIANPOINT((0.3095130872679874,-0.07549239044601563,1.512500000000109));
#5499= IFCCARTESIANPOINT((0.3054923834949932,-0.07951309421332553,1.512500000000091));
#5501= IFCCARTESIANPOINT((0.2999999999999545,-0.08098477393650683,1.512500000000085));
#5503= IFCCARTESIANPOINT((0.2945076165049159,-0.07951309421332553,1.512500000000091));
#5505= IFCCARTESIANPOINT((0.2904869127319216,-0.07549239044601563,1.512500000000109));
#5507= IFCCARTESIANPOINT((0.2890152330098772,-0.07000000694824848,1.512500000000134));
#5509= IFCFACEBOUND(#5510,.T.);
#5510= IFCPOLYLOOP((#5485,#5487,#5489,#5491,#5493,#5495,#5497,#5499,#5501,#5503,#5505,#5507));
#5512= IFCCARTESIANPOINT((0.02500000000031832,-0.02049999999871943,1.512500000000117));
#5514= IFCCARTESIANPOINT((0.02500000000031832,-0.1199999999880674,1.512499999999672));
#5516= IFCCARTESIANPOINT((0.4249999999999545,-0.1199999999880674,1.512499999999672));
#5518= IFCCARTESIANPOINT((0.4250000000001819,-0.08999999998923158,1.512499999999807));
#5520= IFCCARTESIANPOINT((0.4250000000001819,-0.0324999999938882,1.512500000000063));
#5522= IFCCARTESIANPOINT((0.4250000000001819,-0.02049208297103178,1.512500000000117));
#5524= IFCFACEOUTERBOUND(#5525,.T.);
#5525= IFCPOLYLOOP((#5288,#5512,#5057,#5055,#5514,#5516,#5518,#5520,#5522,#5290));
#5527= IFCCARTESIANPOINT((0.380492383495266,-0.07048691828822484,1.512500000000176));
#5529= IFCCARTESIANPOINT((0.3845130872682603,-0.07450762205553474,1.512500000000158));
#5531= IFCCARTESIANPOINT((0.3859847669903047,-0.08000000555330189,1.512500000000134));
#5533= IFCCARTESIANPOINT((0.3845130872682603,-0.08549238905106904,1.512500000000109));
#5535= IFCCARTESIANPOINT((0.380492383495266,-0.08951309281837894,1.512500000000091));
#5537= IFCCARTESIANPOINT((0.3750000000002274,-0.09098477254156023,1.512500000000085));
#5539= IFCCARTESIANPOINT((0.3695076165051887,-0.08951309281837894,1.512500000000091));
#5541= IFCCARTESIANPOINT((0.3654869127321945,-0.08549238905106904,1.512500000000109));
#5543= IFCCARTESIANPOINT((0.36401523301015,-0.08000000555330189,1.512500000000134));
#5545= IFCCARTESIANPOINT((0.3654869127321945,-0.07450762205553474,1.512500000000158));
#5547= IFCCARTESIANPOINT((0.3695076165051887,-0.07048691828822484,1.512500000000176));
#5549= IFCCARTESIANPOINT((0.3750000000002274,-0.06901523856504355,1.512500000000183));
#5551= IFCFACEBOUND(#5552,.T.);
#5552= IFCPOLYLOOP((#5527,#5529,#5531,#5533,#5535,#5537,#5539,#5541,#5543,#5545,#5547,#5549));
#5554= IFCFACEBOUND(#5555,.T.);
#5555= IFCPOLYLOOP((#5401,#5410,#5417,#5424,#5431,#5438,#5445,#5452,#5459,#5466,#5473,#5403));
#5557= IFCFACEBOUND(#5558,.T.);
#5558= IFCPOLYLOOP((#5070,#5068,#5162,#5155,#5144,#5135,#5128,#5119,#5108,#5099,#5092,#5081));
#5560= IFCFACEBOUND(#5561,.T.);
#5561= IFCPOLYLOOP((#5182,#5180,#5272,#5261,#5254,#5243,#5234,#5227,#5218,#5209,#5198,#5189));
#5563= IFCFACE((#5565));
#5565= IFCFACEOUTERBOUND(#5566,.T.);
#5566= IFCPOLYLOOP((#5301,#5299,#5520,#5518));
#5568= IFCFACE((#5570));
#5570= IFCFACEOUTERBOUND(#5571,.T.);
#5571= IFCPOLYLOOP((#5361,#5359,#5529,#5527));
#5573= IFCFACE((#5575));
#5575= IFCFACEOUTERBOUND(#5576,.T.);
#5576= IFCPOLYLOOP((#5527,#5549,#5339,#5361));
#5578= IFCFACE((#5580));
#5580= IFCFACEOUTERBOUND(#5581,.T.);
#5581= IFCPOLYLOOP((#5341,#5339,#5549,#5547));
#5583= IFCFACE((#5585));
#5585= IFCFACEOUTERBOUND(#5586,.T.);
#5586= IFCPOLYLOOP((#5343,#5341,#5547,#5545));
#5588= IFCFACE((#5590));
#5590= IFCFACEOUTERBOUND(#5591,.T.);
#5591= IFCPOLYLOOP((#5545,#5543,#5345,#5343));
#5593= IFCFACE((#5595));
#5595= IFCFACEOUTERBOUND(#5596,.T.);
#5596= IFCPOLYLOOP((#5543,#5541,#5347,#5345));
#5598= IFCFACE((#5600));
#5600= IFCFACEOUTERBOUND(#5601,.T.);
#5601= IFCPOLYLOOP((#5541,#5539,#5349,#5347));
#5603= IFCFACE((#5605));
#5605= IFCFACEOUTERBOUND(#5606,.T.);
#5606= IFCPOLYLOOP((#5351,#5349,#5539,#5537));
#5608= IFCFACE((#5610));
#5610= IFCFACEOUTERBOUND(#5611,.T.);
#5611= IFCPOLYLOOP((#5353,#5351,#5537,#5535));
#5613= IFCFACE((#5615));
#5615= IFCFACEOUTERBOUND(#5616,.T.);
#5616= IFCPOLYLOOP((#5535,#5533,#5355,#5353));
#5618= IFCFACE((#5620));
#5620= IFCFACEOUTERBOUND(#5621,.T.);
#5621= IFCPOLYLOOP((#5357,#5355,#5533,#5531));
#5623= IFCFACE((#5625));
#5625= IFCFACEOUTERBOUND(#5626,.T.);
#5626= IFCPOLYLOOP((#5359,#5357,#5531,#5529));
#5628= IFCFACE((#5630));
#5630= IFCFACEOUTERBOUND(#5631,.T.);
#5631= IFCPOLYLOOP((#5328,#5326,#5493,#5491));
#5633= IFCFACE((#5635));
#5635= IFCFACEOUTERBOUND(#5636,.T.);
#5636= IFCPOLYLOOP((#5491,#5489,#5330,#5328));
#5638= IFCFACE((#5640));
#5640= IFCFACEOUTERBOUND(#5641,.T.);
#5641= IFCPOLYLOOP((#5489,#5487,#5332,#5330));
#5643= IFCFACE((#5645));
#5645= IFCFACEOUTERBOUND(#5646,.T.);
#5646= IFCPOLYLOOP((#5334,#5332,#5487,#5485));
#5648= IFCFACE((#5650));
#5650= IFCFACEOUTERBOUND(#5651,.T.);
#5651= IFCPOLYLOOP((#5312,#5334,#5485,#5507));
#5653= IFCFACE((#5655));
#5655= IFCFACEOUTERBOUND(#5656,.T.);
#5656= IFCPOLYLOOP((#5314,#5312,#5507,#5505));
#5658= IFCFACE((#5660));
#5660= IFCFACEOUTERBOUND(#5661,.T.);
#5661= IFCPOLYLOOP((#5505,#5503,#5316,#5314));
#5663= IFCFACE((#5665));
#5665= IFCFACEOUTERBOUND(#5666,.T.);
#5666= IFCPOLYLOOP((#5503,#5501,#5318,#5316));
#5668= IFCFACE((#5670));
#5670= IFCFACEOUTERBOUND(#5671,.T.);
#5671= IFCPOLYLOOP((#5320,#5318,#5501,#5499));
#5673= IFCFACE((#5675));
#5675= IFCFACEOUTERBOUND(#5676,.T.);
#5676= IFCPOLYLOOP((#5322,#5320,#5499,#5497));
#5678= IFCFACE((#5680));
#5680= IFCFACEOUTERBOUND(#5681,.T.);
#5681= IFCPOLYLOOP((#5324,#5322,#5497,#5495));
#5683= IFCFACE((#5685));
#5685= IFCFACEOUTERBOUND(#5686,.T.);
#5686= IFCPOLYLOOP((#5495,#5493,#5326,#5324));
#5688= IFCFACE((#5690));
#5690= IFCFACEOUTERBOUND(#5691,.T.);
#5691= IFCPOLYLOOP((#5290,#5522,#5297,#5284));
#5693= IFCFACE((#5695));
#5695= IFCFACEOUTERBOUND(#5696,.T.);
#5696= IFCPOLYLOOP((#5512,#5288,#5286,#5307));
#5698= IFCFACE((#5708));
#5700= IFCCARTESIANPOINT((0.02500000000031832,-0.08999999998923158,2.112499999999806));
#5702= IFCCARTESIANPOINT((0.02500000000031832,-0.0324999999938882,2.112500000000063));
#5704= IFCCARTESIANPOINT((0.02500000000031832,-0.0324999999938882,2.087499999999997));
#5706= IFCCARTESIANPOINT((0.02500000000031832,-0.08999999998923158,2.087499999999997));
#5708= IFCFACEOUTERBOUND(#5709,.T.);
#5709= IFCPOLYLOOP((#5700,#5702,#5704,#5706));
#5711= IFCFACE((#5721));
#5713= IFCCARTESIANPOINT((0.06950761650500681,-0.08951309281837894,2.087499999999997));
#5715= IFCCARTESIANPOINT((0.06548691273201257,-0.08549238905106904,2.087499999999997));
#5717= IFCCARTESIANPOINT((0.06548691273201257,-0.08549238905106904,2.112500000000111));
#5719= IFCCARTESIANPOINT((0.06950761650500681,-0.08951309281837894,2.112500000000093));
#5721= IFCFACEOUTERBOUND(#5722,.T.);
#5722= IFCPOLYLOOP((#5713,#5715,#5717,#5719));
#5724= IFCFACE((#5730));
#5726= IFCCARTESIANPOINT((0.07500000000004547,-0.09098477254156023,2.112500000000087));
#5728= IFCCARTESIANPOINT((0.07500000000004547,-0.09098477254156023,2.087499999999997));
#5730= IFCFACEOUTERBOUND(#5731,.T.);
#5731= IFCPOLYLOOP((#5719,#5726,#5728,#5713));
#5733= IFCFACE((#5739));
#5735= IFCCARTESIANPOINT((0.08049238349508414,-0.08951309281837894,2.087499999999997));
#5737= IFCCARTESIANPOINT((0.08049238349508414,-0.08951309281837894,2.112500000000093));
#5739= IFCFACEOUTERBOUND(#5740,.T.);
#5740= IFCPOLYLOOP((#5735,#5728,#5726,#5737));
#5742= IFCFACE((#5748));
#5744= IFCCARTESIANPOINT((0.08451308726807838,-0.08549238905106904,2.112500000000111));
#5746= IFCCARTESIANPOINT((0.08451308726807838,-0.08549238905106904,2.087499999999997));
#5748= IFCFACEOUTERBOUND(#5749,.T.);
#5749= IFCPOLYLOOP((#5737,#5744,#5746,#5735));
#5751= IFCFACE((#5757));
#5753= IFCCARTESIANPOINT((0.08598476699012281,-0.08000000555330189,2.112500000000136));
#5755= IFCCARTESIANPOINT((0.08598476699012281,-0.08000000555330189,2.087499999999997));
#5757= IFCFACEOUTERBOUND(#5758,.T.);
#5758= IFCPOLYLOOP((#5744,#5753,#5755,#5746));
#5760= IFCFACE((#5766));
#5762= IFCCARTESIANPOINT((0.08451308726807838,-0.07450762205553474,2.087499999999997));
#5764= IFCCARTESIANPOINT((0.08451308726807838,-0.07450762205553474,2.112500000000161));
#5766= IFCFACEOUTERBOUND(#5767,.T.);
#5767= IFCPOLYLOOP((#5762,#5755,#5753,#5764));
#5769= IFCFACE((#5775));
#5771= IFCCARTESIANPOINT((0.08049238349508414,-0.07048691828822484,2.087499999999997));
#5773= IFCCARTESIANPOINT((0.08049238349508414,-0.07048691828822484,2.112500000000178));
#5775= IFCFACEOUTERBOUND(#5776,.T.);
#5776= IFCPOLYLOOP((#5771,#5762,#5764,#5773));
#5778= IFCFACE((#5784));
#5780= IFCCARTESIANPOINT((0.07500000000004547,-0.06901523856504355,2.087499999999997));
#5782= IFCCARTESIANPOINT((0.07500000000004547,-0.06901523856504355,2.112500000000185));
#5784= IFCFACEOUTERBOUND(#5785,.T.);
#5785= IFCPOLYLOOP((#5780,#5771,#5773,#5782));
#5787= IFCFACE((#5793));
#5789= IFCCARTESIANPOINT((0.06950761650500681,-0.07048691828822484,2.112500000000178));
#5791= IFCCARTESIANPOINT((0.06950761650500681,-0.07048691828822484,2.087499999999997));
#5793= IFCFACEOUTERBOUND(#5794,.T.);
#5794= IFCPOLYLOOP((#5782,#5789,#5791,#5780));
#5796= IFCFACE((#5802));
#5798= IFCCARTESIANPOINT((0.06548691273201257,-0.07450762205553474,2.112500000000161));
#5800= IFCCARTESIANPOINT((0.06548691273201257,-0.07450762205553474,2.087499999999997));
#5802= IFCFACEOUTERBOUND(#5803,.T.);
#5803= IFCPOLYLOOP((#5789,#5798,#5800,#5791));
#5805= IFCFACE((#5811));
#5807= IFCCARTESIANPOINT((0.06401523300996814,-0.08000000555330189,2.112500000000136));
#5809= IFCCARTESIANPOINT((0.06401523300996814,-0.08000000555330189,2.087499999999997));
#5811= IFCFACEOUTERBOUND(#5812,.T.);
#5812= IFCPOLYLOOP((#5798,#5807,#5809,#5800));
#5814= IFCFACE((#5816));
#5816= IFCFACEOUTERBOUND(#5817,.T.);
#5817= IFCPOLYLOOP((#5715,#5809,#5807,#5717));
#5819= IFCFACE((#5829));
#5821= IFCCARTESIANPOINT((0.1445076165052797,-0.07951309421332553,2.087499999999997));
#5823= IFCCARTESIANPOINT((0.1404869127322854,-0.07549239044601563,2.087499999999997));
#5825= IFCCARTESIANPOINT((0.1404869127322854,-0.07549239044601563,2.112500000000111));
#5827= IFCCARTESIANPOINT((0.1445076165052797,-0.07951309421332553,2.112500000000093));
#5829= IFCFACEOUTERBOUND(#5830,.T.);
#5830= IFCPOLYLOOP((#5821,#5823,#5825,#5827));
#5832= IFCFACE((#5838));
#5834= IFCCARTESIANPOINT((0.1500000000003183,-0.08098477393650683,2.112500000000087));
#5836= IFCCARTESIANPOINT((0.1500000000003183,-0.08098477393650683,2.087499999999997));
#5838= IFCFACEOUTERBOUND(#5839,.T.);
#5839= IFCPOLYLOOP((#5827,#5834,#5836,#5821));
#5841= IFCFACE((#5847));
#5843= IFCCARTESIANPOINT((0.155492383495357,-0.07951309421332553,2.087499999999997));
#5845= IFCCARTESIANPOINT((0.155492383495357,-0.07951309421332553,2.112500000000093));
#5847= IFCFACEOUTERBOUND(#5848,.T.);
#5848= IFCPOLYLOOP((#5843,#5836,#5834,#5845));
#5850= IFCFACE((#5856));
#5852= IFCCARTESIANPOINT((0.1595130872683512,-0.07549239044601563,2.112500000000111));
#5854= IFCCARTESIANPOINT((0.1595130872683512,-0.07549239044601563,2.087499999999997));
#5856= IFCFACEOUTERBOUND(#5857,.T.);
#5857= IFCPOLYLOOP((#5845,#5852,#5854,#5843));
#5859= IFCFACE((#5865));
#5861= IFCCARTESIANPOINT((0.1609847669903957,-0.07000000694824848,2.087499999999997));
#5863= IFCCARTESIANPOINT((0.1609847669903957,-0.07000000694824848,2.112500000000136));
#5865= IFCFACEOUTERBOUND(#5866,.T.);
#5866= IFCPOLYLOOP((#5861,#5854,#5852,#5863));
#5868= IFCFACE((#5874));
#5870= IFCCARTESIANPOINT((0.1595130872683512,-0.06450762345048133,2.112500000000161));
#5872= IFCCARTESIANPOINT((0.1595130872683512,-0.06450762345048133,2.087499999999997));
#5874= IFCFACEOUTERBOUND(#5875,.T.);
#5875= IFCPOLYLOOP((#5863,#5870,#5872,#5861));
#5877= IFCFACE((#5883));
#5879= IFCCARTESIANPOINT((0.155492383495357,-0.06048691968317144,2.112500000000178));
#5881= IFCCARTESIANPOINT((0.155492383495357,-0.06048691968317144,2.087499999999997));
#5883= IFCFACEOUTERBOUND(#5884,.T.);
#5884= IFCPOLYLOOP((#5870,#5879,#5881,#5872));
#5886= IFCFACE((#5892));
#5888= IFCCARTESIANPOINT((0.1500000000003183,-0.05901523995999014,2.112500000000185));
#5890= IFCCARTESIANPOINT((0.1500000000003183,-0.05901523995999014,2.087499999999997));
#5892= IFCFACEOUTERBOUND(#5893,.T.);
#5893= IFCPOLYLOOP((#5879,#5888,#5890,#5881));
#5895= IFCFACE((#5901));
#5897= IFCCARTESIANPOINT((0.1445076165052797,-0.06048691968317144,2.112500000000178));
#5899= IFCCARTESIANPOINT((0.1445076165052797,-0.06048691968317144,2.087499999999997));
#5901= IFCFACEOUTERBOUND(#5902,.T.);
#5902= IFCPOLYLOOP((#5888,#5897,#5899,#5890));
#5904= IFCFACE((#5910));
#5906= IFCCARTESIANPOINT((0.1404869127322854,-0.06450762345048133,2.087499999999997));
#5908= IFCCARTESIANPOINT((0.1404869127322854,-0.06450762345048133,2.112500000000161));
#5910= IFCFACEOUTERBOUND(#5911,.T.);
#5911= IFCPOLYLOOP((#5906,#5899,#5897,#5908));
#5913= IFCFACE((#5919));
#5915= IFCCARTESIANPOINT((0.139015233010241,-0.07000000694824848,2.087499999999997));
#5917= IFCCARTESIANPOINT((0.139015233010241,-0.07000000694824848,2.112500000000136));
#5919= IFCFACEOUTERBOUND(#5920,.T.);
#5920= IFCPOLYLOOP((#5915,#5906,#5908,#5917));
#5922= IFCFACE((#5924));
#5924= IFCFACEOUTERBOUND(#5925,.T.);
#5925= IFCPOLYLOOP((#5917,#5825,#5823,#5915));
#5927= IFCFACE((#5937));
#5929= IFCCARTESIANPOINT((0.02500000000031832,-0.01649999998335261,2.112500000000135));
#5931= IFCCARTESIANPOINT((0.4249999999999545,-0.01649999998335261,2.112500000000135));
#5933= IFCCARTESIANPOINT((0.4249999999999545,-0.01649999998335261,2.087499999999997));
#5935= IFCCARTESIANPOINT((0.02500000000031832,-0.01649999998335261,2.087499999999997));
#5937= IFCFACEOUTERBOUND(#5938,.T.);
#5938= IFCPOLYLOOP((#5929,#5931,#5933,#5935));
#5940= IFCFACE((#5954,#5981,#6008,#6035,#6038,#6041));
#5942= IFCCARTESIANPOINT((0.4250000000001819,-0.02049208297103178,2.087499999999997));
#5944= IFCCARTESIANPOINT((0.4250000000001819,-0.0324999999938882,2.087499999999997));
#5946= IFCCARTESIANPOINT((0.4250000000001819,-0.08999999998923158,2.087499999999997));
#5948= IFCCARTESIANPOINT((0.4249999999999545,-0.1199999999880674,2.087499999999997));
#5950= IFCCARTESIANPOINT((0.02500000000031832,-0.1199999999880674,2.087499999999996));
#5952= IFCCARTESIANPOINT((0.02500000000031832,-0.02049999999871943,2.087499999999997));
#5954= IFCFACEOUTERBOUND(#5955,.T.);
#5955= IFCPOLYLOOP((#5935,#5933,#5942,#5944,#5946,#5948,#5950,#5706,#5704,#5952));
#5957= IFCCARTESIANPOINT((0.3845130872682603,-0.08549238905106904,2.087499999999997));
#5959= IFCCARTESIANPOINT((0.3859847669903047,-0.08000000555330189,2.087499999999997));
#5961= IFCCARTESIANPOINT((0.3845130872682603,-0.07450762205553474,2.087499999999997));
#5963= IFCCARTESIANPOINT((0.380492383495266,-0.07048691828822484,2.087499999999997));
#5965= IFCCARTESIANPOINT((0.3750000000002274,-0.06901523856504355,2.087499999999997));
#5967= IFCCARTESIANPOINT((0.3695076165051887,-0.07048691828822484,2.087499999999997));
#5969= IFCCARTESIANPOINT((0.3654869127321945,-0.07450762205553474,2.087499999999997));
#5971= IFCCARTESIANPOINT((0.36401523301015,-0.08000000555330189,2.087499999999997));
#5973= IFCCARTESIANPOINT((0.3654869127321945,-0.08549238905106904,2.087499999999997));
#5975= IFCCARTESIANPOINT((0.3695076165051887,-0.08951309281837894,2.087499999999997));
#5977= IFCCARTESIANPOINT((0.3750000000002274,-0.09098477254156023,2.087499999999997));
#5979= IFCCARTESIANPOINT((0.380492383495266,-0.08951309281837894,2.087499999999997));
#5981= IFCFACEBOUND(#5982,.T.);
#5982= IFCPOLYLOOP((#5957,#5959,#5961,#5963,#5965,#5967,#5969,#5971,#5973,#5975,#5977,#5979));
#5984= IFCCARTESIANPOINT((0.3109847669900319,-0.07000000694824848,2.087499999999997));
#5986= IFCCARTESIANPOINT((0.3095130872679874,-0.06450762345048133,2.087499999999997));
#5988= IFCCARTESIANPOINT((0.3054923834949932,-0.06048691968317144,2.087499999999997));
#5990= IFCCARTESIANPOINT((0.2999999999999545,-0.05901523995999014,2.087499999999997));
#5992= IFCCARTESIANPOINT((0.2945076165049159,-0.06048691968317144,2.087499999999997));
#5994= IFCCARTESIANPOINT((0.2904869127319216,-0.06450762345048133,2.087499999999997));
#5996= IFCCARTESIANPOINT((0.2890152330098772,-0.07000000694824848,2.087499999999997));
#5998= IFCCARTESIANPOINT((0.2904869127319216,-0.07549239044601563,2.087499999999997));
#6000= IFCCARTESIANPOINT((0.2945076165049159,-0.07951309421332553,2.087499999999997));
#6002= IFCCARTESIANPOINT((0.2999999999999545,-0.08098477393650683,2.087499999999997));
#6004= IFCCARTESIANPOINT((0.3054923834949932,-0.07951309421332553,2.087499999999997));
#6006= IFCCARTESIANPOINT((0.3095130872679874,-0.07549239044601563,2.087499999999997));
#6008= IFCFACEBOUND(#6009,.T.);
#6009= IFCPOLYLOOP((#5984,#5986,#5988,#5990,#5992,#5994,#5996,#5998,#6000,#6002,#6004,#6006));
#6011= IFCCARTESIANPOINT((0.2204541111075287,-0.06000000694621122,2.087499999999997));
#6013= IFCCARTESIANPOINT((0.2160631447363812,-0.06361269735498354,2.087499999999997));
#6015= IFCCARTESIANPOINT((0.2140668015158553,-0.06893686221155804,2.087499999999997));
#6017= IFCCARTESIANPOINT((0.2150000000001455,-0.07454589584085625,2.087499999999997));
#6019= IFCCARTESIANPOINT((0.2186126904084631,-0.0789368622135953,2.087499999999997));
#6021= IFCCARTESIANPOINT((0.2239368552639007,-0.08093320543412119,2.087499999999997));
#6023= IFCCARTESIANPOINT((0.2295458888927442,-0.08000000695028575,2.087499999999997));
#6025= IFCCARTESIANPOINT((0.2339368552638916,-0.07638731654151343,2.087499999999997));
#6027= IFCCARTESIANPOINT((0.2359331984844175,-0.07106315168493893,2.087499999999997));
#6029= IFCCARTESIANPOINT((0.2350000000001273,-0.06545411805564072,2.087499999999997));
#6031= IFCCARTESIANPOINT((0.2313873095918098,-0.06106315168290166,2.087499999999997));
#6033= IFCCARTESIANPOINT((0.2260631447363721,-0.05906680846237577,2.087499999999997));
#6035= IFCFACEBOUND(#6036,.T.);
#6036= IFCPOLYLOOP((#6011,#6013,#6015,#6017,#6019,#6021,#6023,#6025,#6027,#6029,#6031,#6033));
#6038= IFCFACEBOUND(#6039,.T.);
#6039= IFCPOLYLOOP((#5899,#5906,#5915,#5823,#5821,#5836,#5843,#5854,#5861,#5872,#5881,#5890));
#6041= IFCFACEBOUND(#6042,.T.);
#6042= IFCPOLYLOOP((#5735,#5746,#5755,#5762,#5771,#5780,#5791,#5800,#5809,#5715,#5713,#5728));
#6044= IFCFACE((#6050));
#6046= IFCCARTESIANPOINT((0.2339368552638916,-0.07638731654151343,2.112500000000107));
#6048= IFCCARTESIANPOINT((0.2359331984844175,-0.07106315168493893,2.112500000000131));
#6050= IFCFACEOUTERBOUND(#6051,.T.);
#6051= IFCPOLYLOOP((#6046,#6048,#6027,#6025));
#6053= IFCFACE((#6057));
#6055= IFCCARTESIANPOINT((0.2295458888927442,-0.08000000695028575,2.112500000000091));
#6057= IFCFACEOUTERBOUND(#6058,.T.);
#6058= IFCPOLYLOOP((#6055,#6046,#6025,#6023));
#6060= IFCFACE((#6064));
#6062= IFCCARTESIANPOINT((0.2239368552639007,-0.08093320543412119,2.112500000000087));
#6064= IFCFACEOUTERBOUND(#6065,.T.);
#6065= IFCPOLYLOOP((#6062,#6055,#6023,#6021));
#6067= IFCFACE((#6071));
#6069= IFCCARTESIANPOINT((0.2186126904084631,-0.0789368622135953,2.112500000000096));
#6071= IFCFACEOUTERBOUND(#6072,.T.);
#6072= IFCPOLYLOOP((#6019,#6069,#6062,#6021));
#6074= IFCFACE((#6078));
#6076= IFCCARTESIANPOINT((0.2150000000001455,-0.07454589584085625,2.112500000000115));
#6078= IFCFACEOUTERBOUND(#6079,.T.);
#6079= IFCPOLYLOOP((#6076,#6069,#6019,#6017));
#6081= IFCFACE((#6085));
#6083= IFCCARTESIANPOINT((0.2140668015158553,-0.06893686221155804,2.11250000000014));
#6085= IFCFACEOUTERBOUND(#6086,.T.);
#6086= IFCPOLYLOOP((#6083,#6076,#6017,#6015));
#6088= IFCFACE((#6092));
#6090= IFCCARTESIANPOINT((0.2160631447363812,-0.06361269735498354,2.112500000000164));
#6092= IFCFACEOUTERBOUND(#6093,.T.);
#6093= IFCPOLYLOOP((#6013,#6090,#6083,#6015));
#6095= IFCFACE((#6099));
#6097= IFCCARTESIANPOINT((0.2204541111075287,-0.06000000694621122,2.11250000000018));
#6099= IFCFACEOUTERBOUND(#6100,.T.);
#6100= IFCPOLYLOOP((#6011,#6097,#6090,#6013));
#6102= IFCFACE((#6106));
#6104= IFCCARTESIANPOINT((0.2260631447363721,-0.05906680846237577,2.112500000000185));
#6106= IFCFACEOUTERBOUND(#6107,.T.);
#6107= IFCPOLYLOOP((#6033,#6104,#6097,#6011));
#6109= IFCFACE((#6113));
#6111= IFCCARTESIANPOINT((0.2313873095918098,-0.06106315168290166,2.112500000000176));
#6113= IFCFACEOUTERBOUND(#6114,.T.);
#6114= IFCPOLYLOOP((#6111,#6104,#6033,#6031));
#6116= IFCFACE((#6120));
#6118= IFCCARTESIANPOINT((0.2350000000001273,-0.06545411805564072,2.112500000000155));
#6120= IFCFACEOUTERBOUND(#6121,.T.);
#6121= IFCPOLYLOOP((#6118,#6111,#6031,#6029));
#6123= IFCFACE((#6125));
#6125= IFCFACEOUTERBOUND(#6126,.T.);
#6126= IFCPOLYLOOP((#6027,#6048,#6118,#6029));
#6128= IFCFACE((#6130,#6145,#6148,#6151,#6178,#6205));
#6130= IFCFACEOUTERBOUND(#6131,.T.);
#6131= IFCPOLYLOOP((#6118,#6048,#6046,#6055,#6062,#6069,#6076,#6083,#6090,#6097,#6104,#6111));
#6133= IFCCARTESIANPOINT((0.02500000000031832,-0.02049999999871943,2.112500000000117));
#6135= IFCCARTESIANPOINT((0.02500000000031832,-0.1199999999880674,2.112499999999672));
#6137= IFCCARTESIANPOINT((0.4249999999999545,-0.1199999999880674,2.112499999999672));
#6139= IFCCARTESIANPOINT((0.4250000000001819,-0.08999999998923158,2.112499999999806));
#6141= IFCCARTESIANPOINT((0.4250000000001819,-0.0324999999938882,2.112500000000064));
#6143= IFCCARTESIANPOINT((0.4250000000001819,-0.02049208297103178,2.112500000000117));
#6145= IFCFACEBOUND(#6146,.T.);
#6146= IFCPOLYLOOP((#5929,#6133,#5702,#5700,#6135,#6137,#6139,#6141,#6143,#5931));
#6148= IFCFACEBOUND(#6149,.T.);
#6149= IFCPOLYLOOP((#5737,#5726,#5719,#5717,#5807,#5798,#5789,#5782,#5773,#5764,#5753,#5744));
#6151= IFCFACEBOUND(#6152,.T.);
#6152= IFCPOLYLOOP((#5827,#5825,#5917,#5908,#5897,#5888,#5879,#5870,#5863,#5852,#5845,#5834));
#6154= IFCCARTESIANPOINT((0.380492383495266,-0.07048691828822484,2.112500000000178));
#6156= IFCCARTESIANPOINT((0.3845130872682603,-0.07450762205553474,2.112500000000161));
#6158= IFCCARTESIANPOINT((0.3859847669903047,-0.08000000555330189,2.112500000000136));
#6160= IFCCARTESIANPOINT((0.3845130872682603,-0.08549238905106904,2.112500000000111));
#6162= IFCCARTESIANPOINT((0.380492383495266,-0.08951309281837894,2.112500000000093));
#6164= IFCCARTESIANPOINT((0.3750000000002274,-0.09098477254156023,2.112500000000087));
#6166= IFCCARTESIANPOINT((0.3695076165051887,-0.08951309281837894,2.112500000000093));
#6168= IFCCARTESIANPOINT((0.3654869127321945,-0.08549238905106904,2.112500000000111));
#6170= IFCCARTESIANPOINT((0.36401523301015,-0.08000000555330189,2.112500000000136));
#6172= IFCCARTESIANPOINT((0.3654869127321945,-0.07450762205553474,2.112500000000161));
#6174= IFCCARTESIANPOINT((0.3695076165051887,-0.07048691828822484,2.112500000000178));
#6176= IFCCARTESIANPOINT((0.3750000000002274,-0.06901523856504355,2.112500000000185));
#6178= IFCFACEBOUND(#6179,.T.);
#6179= IFCPOLYLOOP((#6154,#6156,#6158,#6160,#6162,#6164,#6166,#6168,#6170,#6172,#6174,#6176));
#6181= IFCCARTESIANPOINT((0.2945076165049159,-0.06048691968317144,2.112500000000178));
#6183= IFCCARTESIANPOINT((0.2999999999999545,-0.05901523995999014,2.112500000000185));
#6185= IFCCARTESIANPOINT((0.3054923834949932,-0.06048691968317144,2.112500000000178));
#6187= IFCCARTESIANPOINT((0.3095130872679874,-0.06450762345048133,2.112500000000161));
#6189= IFCCARTESIANPOINT((0.3109847669900319,-0.07000000694824848,2.112500000000136));
#6191= IFCCARTESIANPOINT((0.3095130872679874,-0.07549239044601563,2.112500000000111));
#6193= IFCCARTESIANPOINT((0.3054923834949932,-0.07951309421332553,2.112500000000093));
#6195= IFCCARTESIANPOINT((0.2999999999999545,-0.08098477393650683,2.112500000000087));
#6197= IFCCARTESIANPOINT((0.2945076165049159,-0.07951309421332553,2.112500000000093));
#6199= IFCCARTESIANPOINT((0.2904869127319216,-0.07549239044601563,2.112500000000111));
#6201= IFCCARTESIANPOINT((0.2890152330098772,-0.07000000694824848,2.112500000000136));
#6203= IFCCARTESIANPOINT((0.2904869127319216,-0.06450762345048133,2.112500000000161));
#6205= IFCFACEBOUND(#6206,.T.);
#6206= IFCPOLYLOOP((#6181,#6183,#6185,#6187,#6189,#6191,#6193,#6195,#6197,#6199,#6201,#6203));
#6208= IFCFACE((#6210));
#6210= IFCFACEOUTERBOUND(#6211,.T.);
#6211= IFCPOLYLOOP((#5946,#5944,#6141,#6139));
#6213= IFCFACE((#6215));
#6215= IFCFACEOUTERBOUND(#6216,.T.);
#6216= IFCPOLYLOOP((#5963,#5961,#6156,#6154));
#6218= IFCFACE((#6220));
#6220= IFCFACEOUTERBOUND(#6221,.T.);
#6221= IFCPOLYLOOP((#5965,#5963,#6154,#6176));
#6223= IFCFACE((#6225));
#6225= IFCFACEOUTERBOUND(#6226,.T.);
#6226= IFCPOLYLOOP((#6176,#6174,#5967,#5965));
#6228= IFCFACE((#6230));
#6230= IFCFACEOUTERBOUND(#6231,.T.);
#6231= IFCPOLYLOOP((#6174,#6172,#5969,#5967));
#6233= IFCFACE((#6235));
#6235= IFCFACEOUTERBOUND(#6236,.T.);
#6236= IFCPOLYLOOP((#6172,#6170,#5971,#5969));
#6238= IFCFACE((#6240));
#6240= IFCFACEOUTERBOUND(#6241,.T.);
#6241= IFCPOLYLOOP((#6170,#6168,#5973,#5971));
#6243= IFCFACE((#6245));
#6245= IFCFACEOUTERBOUND(#6246,.T.);
#6246= IFCPOLYLOOP((#6168,#6166,#5975,#5973));
#6248= IFCFACE((#6250));
#6250= IFCFACEOUTERBOUND(#6251,.T.);
#6251= IFCPOLYLOOP((#6166,#6164,#5977,#5975));
#6253= IFCFACE((#6255));
#6255= IFCFACEOUTERBOUND(#6256,.T.);
#6256= IFCPOLYLOOP((#6164,#6162,#5979,#5977));
#6258= IFCFACE((#6260));
#6260= IFCFACEOUTERBOUND(#6261,.T.);
#6261= IFCPOLYLOOP((#5957,#5979,#6162,#6160));
#6263= IFCFACE((#6265));
#6265= IFCFACEOUTERBOUND(#6266,.T.);
#6266= IFCPOLYLOOP((#6160,#6158,#5959,#5957));
#6268= IFCFACE((#6270));
#6270= IFCFACEOUTERBOUND(#6271,.T.);
#6271= IFCPOLYLOOP((#6158,#6156,#5961,#5959));
#6273= IFCFACE((#6275));
#6275= IFCFACEOUTERBOUND(#6276,.T.);
#6276= IFCPOLYLOOP((#5988,#5986,#6187,#6185));
#6278= IFCFACE((#6280));
#6280= IFCFACEOUTERBOUND(#6281,.T.);
#6281= IFCPOLYLOOP((#5990,#5988,#6185,#6183));
#6283= IFCFACE((#6285));
#6285= IFCFACEOUTERBOUND(#6286,.T.);
#6286= IFCPOLYLOOP((#5992,#5990,#6183,#6181));
#6288= IFCFACE((#6290));
#6290= IFCFACEOUTERBOUND(#6291,.T.);
#6291= IFCPOLYLOOP((#5994,#5992,#6181,#6203));
#6293= IFCFACE((#6295));
#6295= IFCFACEOUTERBOUND(#6296,.T.);
#6296= IFCPOLYLOOP((#5996,#5994,#6203,#6201));
#6298= IFCFACE((#6300));
#6300= IFCFACEOUTERBOUND(#6301,.T.);
#6301= IFCPOLYLOOP((#6201,#6199,#5998,#5996));
#6303= IFCFACE((#6305));
#6305= IFCFACEOUTERBOUND(#6306,.T.);
#6306= IFCPOLYLOOP((#6000,#5998,#6199,#6197));
#6308= IFCFACE((#6310));
#6310= IFCFACEOUTERBOUND(#6311,.T.);
#6311= IFCPOLYLOOP((#6002,#6000,#6197,#6195));
#6313= IFCFACE((#6315));
#6315= IFCFACEOUTERBOUND(#6316,.T.);
#6316= IFCPOLYLOOP((#6004,#6002,#6195,#6193));
#6318= IFCFACE((#6320));
#6320= IFCFACEOUTERBOUND(#6321,.T.);
#6321= IFCPOLYLOOP((#6193,#6191,#6006,#6004));
#6323= IFCFACE((#6325));
#6325= IFCFACEOUTERBOUND(#6326,.T.);
#6326= IFCPOLYLOOP((#5984,#6006,#6191,#6189));
#6328= IFCFACE((#6330));
#6330= IFCFACEOUTERBOUND(#6331,.T.);
#6331= IFCPOLYLOOP((#5986,#5984,#6189,#6187));
#6333= IFCFACE((#6335));
#6335= IFCFACEOUTERBOUND(#6336,.T.);
#6336= IFCPOLYLOOP((#5942,#5933,#5931,#6143));
#6338= IFCFACE((#6340));
#6340= IFCFACEOUTERBOUND(#6341,.T.);
#6341= IFCPOLYLOOP((#5935,#5952,#6133,#5929));
#6343= IFCFACE((#6369,#6374));
#6345= IFCCARTESIANPOINT((0.4500000000000455,-0.0606592921394622,1.844249999999993));
#6347= IFCCARTESIANPOINT((0.4500000000000455,-0.06219999999302672,1.849999999999993));
#6349= IFCCARTESIANPOINT((0.4500000000000455,-0.0606592921394622,1.855749999999992));
#6351= IFCCARTESIANPOINT((0.4500000000000455,-0.05644999998912681,1.859959292143514));
#6353= IFCCARTESIANPOINT((0.4500000000000455,-0.05069999999250285,1.861499999999992));
#6355= IFCCARTESIANPOINT((0.4500000000000455,-0.0449499999958789,1.859959292143514));
#6357= IFCCARTESIANPOINT((0.4500000000000455,-0.04074070784554351,1.855749999999992));
#6359= IFCCARTESIANPOINT((0.4500000000000455,-0.03919999999197898,1.849999999999993));
#6361= IFCCARTESIANPOINT((0.4500000000000455,-0.04074070784554351,1.844249999999993));
#6363= IFCCARTESIANPOINT((0.4500000000000455,-0.0449499999958789,1.840040707856471));
#6365= IFCCARTESIANPOINT((0.4500000000000455,-0.05069999999250285,1.838499999999993));
#6367= IFCCARTESIANPOINT((0.4500000000000455,-0.05644999998912681,1.840040707856471));
#6369= IFCFACEBOUND(#6370,.T.);
#6370= IFCPOLYLOOP((#6345,#6347,#6349,#6351,#6353,#6355,#6357,#6359,#6361,#6363,#6365,#6367));
#6372= IFCCARTESIANPOINT((0.4500000000000455,-0.1199999999880674,1.19));
#6374= IFCFACEOUTERBOUND(#6375,.T.);
#6375= IFCPOLYLOOP((#4088,#4077,#6372,#4097));
#6377= IFCFACE((#6383));
#6379= IFCCARTESIANPOINT((0.4319574811445364,-0.08305405561259249,1.19));
#6381= IFCCARTESIANPOINT((0.4311222183941936,-0.08371004959190032,1.19));
#6383= IFCFACEOUTERBOUND(#6384,.T.);
#6384= IFCPOLYLOOP((#6379,#6381,#4039));
#6386= IFCFACE((#6388));
#6388= IFCFACEOUTERBOUND(#6389,.T.);
#6389= IFCPOLYLOOP((#6379,#4039,#4037));
#6391= IFCFACE((#6395));
#6393= IFCCARTESIANPOINT((0.4329359371654391,-0.08264099898951827,1.19));
#6395= IFCFACEOUTERBOUND(#6396,.T.);
#6396= IFCPOLYLOOP((#6393,#6379,#4037));
#6398= IFCFACE((#6400));
#6400= IFCFACEOUTERBOUND(#6401,.T.);
#6401= IFCPOLYLOOP((#6393,#4037,#4050));
#6403= IFCFACE((#6407));
#6405= IFCCARTESIANPOINT((0.4339886057962303,-0.08249999998952262,1.19));
#6407= IFCFACEOUTERBOUND(#6408,.T.);
#6408= IFCPOLYLOOP((#6393,#4050,#6405));
#6410= IFCFACE((#6412));
#6412= IFCFACEOUTERBOUND(#6413,.T.);
#6413= IFCPOLYLOOP((#4077,#4070,#6137));
#6415= IFCFACE((#6417));
#6417= IFCFACEOUTERBOUND(#6418,.T.);
#6418= IFCPOLYLOOP((#4077,#5948,#4652));
#6420= IFCFACE((#6422));
#6422= IFCFACEOUTERBOUND(#6423,.T.);
#6423= IFCPOLYLOOP((#4077,#4652,#4650));
#6425= IFCFACE((#6427));
#6427= IFCFACEOUTERBOUND(#6428,.T.);
#6428= IFCPOLYLOOP((#4077,#4650,#4663));
#6430= IFCFACE((#6432));
#6432= IFCFACEOUTERBOUND(#6433,.T.);
#6433= IFCPOLYLOOP((#4772,#4985,#4983,#5946,#6139,#4059,#4039));
#6435= IFCFACE((#6437));
#6437= IFCFACEOUTERBOUND(#6438,.T.);
#6438= IFCPOLYLOOP((#4598,#4772,#4039));
#6440= IFCFACE((#6442));
#6442= IFCFACEOUTERBOUND(#6443,.T.);
#6443= IFCPOLYLOOP((#4225,#5301,#5518,#4598,#4039,#6381,#4250));
#6445= IFCFACE((#6451));
#6447= IFCCARTESIANPOINT((0.4458695464352331,-0.05644999998912681,1.840040707856471));
#6449= IFCCARTESIANPOINT((0.4458673259712214,-0.0606592921394622,1.844249999999993));
#6451= IFCFACEOUTERBOUND(#6452,.T.);
#6452= IFCPOLYLOOP((#6447,#6449,#6345,#6367));
#6454= IFCFACE((#6458));
#6456= IFCCARTESIANPOINT((0.4458725796455383,-0.05069999999250285,1.838499999999993));
#6458= IFCFACEOUTERBOUND(#6459,.T.);
#6459= IFCPOLYLOOP((#6456,#6447,#6367,#6365));
#6461= IFCFACE((#6465));
#6463= IFCCARTESIANPOINT((0.4458756128558434,-0.0449499999958789,1.840040707856471));
#6465= IFCFACEOUTERBOUND(#6466,.T.);
#6466= IFCPOLYLOOP((#6365,#6363,#6463,#6456));
#6468= IFCFACE((#6472));
#6470= IFCCARTESIANPOINT((0.4458778333198552,-0.04074070784554351,1.844249999999993));
#6472= IFCFACEOUTERBOUND(#6473,.T.);
#6473= IFCPOLYLOOP((#6470,#6463,#6363,#6361));
#6475= IFCFACE((#6479));
#6477= IFCCARTESIANPOINT((0.4458786460661486,-0.03919999999197898,1.849999999999993));
#6479= IFCFACEOUTERBOUND(#6480,.T.);
#6480= IFCPOLYLOOP((#6477,#6470,#6361,#6359));
#6482= IFCFACE((#6486));
#6484= IFCCARTESIANPOINT((0.4458778333198552,-0.04074070784554351,1.855749999999992));
#6486= IFCFACEOUTERBOUND(#6487,.T.);
#6487= IFCPOLYLOOP((#6484,#6477,#6359,#6357));
#6489= IFCFACE((#6493));
#6491= IFCCARTESIANPOINT((0.4458756128558434,-0.0449499999958789,1.859959292143514));
#6493= IFCFACEOUTERBOUND(#6494,.T.);
#6494= IFCPOLYLOOP((#6491,#6484,#6357,#6355));
#6496= IFCFACE((#6500));
#6498= IFCCARTESIANPOINT((0.4458725796455383,-0.05069999999250285,1.861499999999992));
#6500= IFCFACEOUTERBOUND(#6501,.T.);
#6501= IFCPOLYLOOP((#6498,#6491,#6355,#6353));
#6503= IFCFACE((#6507));
#6505= IFCCARTESIANPOINT((0.4458695464352331,-0.05644999998912681,1.859959292143514));
#6507= IFCFACEOUTERBOUND(#6508,.T.);
#6508= IFCPOLYLOOP((#6351,#6505,#6498,#6353));
#6510= IFCFACE((#6514));
#6512= IFCCARTESIANPOINT((0.4458673259712214,-0.0606592921394622,1.855749999999992));
#6514= IFCFACEOUTERBOUND(#6515,.T.);
#6515= IFCPOLYLOOP((#6349,#6512,#6505,#6351));
#6517= IFCFACE((#6521));
#6519= IFCCARTESIANPOINT((0.445866513224928,-0.06219999999302672,1.849999999999993));
#6521= IFCFACEOUTERBOUND(#6522,.T.);
#6522= IFCPOLYLOOP((#6347,#6519,#6512,#6349));
#6524= IFCFACE((#6526));
#6526= IFCFACEOUTERBOUND(#6527,.T.);
#6527= IFCPOLYLOOP((#6519,#6347,#6345,#6449));
#6529= IFCFACE((#6531));
#6531= IFCFACEOUTERBOUND(#6532,.T.);
#6532= IFCPOLYLOOP((#5299,#5297,#4229,#4227));
#6534= IFCFACE((#6536));
#6536= IFCFACEOUTERBOUND(#6537,.T.);
#6537= IFCPOLYLOOP((#4987,#5001,#4971,#4770));
#6539= IFCFACE((#6541));
#6541= IFCFACEOUTERBOUND(#6542,.T.);
#6542= IFCPOLYLOOP((#5944,#5942,#4994,#4981));
#6544= IFCFACE((#6546));
#6546= IFCFACEOUTERBOUND(#6547,.T.);
#6547= IFCPOLYLOOP((#4596,#4594,#5522,#5520));
#6549= IFCFACE((#6551));
#6551= IFCFACEOUTERBOUND(#6552,.T.);
#6552= IFCPOLYLOOP((#6141,#3912,#4181,#6143));
#6554= IFCFACE((#6556));
#6556= IFCFACEOUTERBOUND(#6557,.T.);
#6557= IFCPOLYLOOP((#4225,#4243,#5303,#5301));
#6559= IFCFACE((#6561));
#6561= IFCFACEOUTERBOUND(#6562,.T.);
#6562= IFCPOLYLOOP((#4983,#4652,#5948,#5946));
#6564= IFCFACE((#6566));
#6566= IFCFACEOUTERBOUND(#6567,.T.);
#6567= IFCPOLYLOOP((#4985,#4772,#4663,#4650));
#6569= IFCFACE((#6571));
#6571= IFCFACEOUTERBOUND(#6572,.T.);
#6572= IFCPOLYLOOP((#5518,#5516,#4600,#4598));
#6574= IFCFACE((#6576));
#6576= IFCFACEOUTERBOUND(#6577,.T.);
#6577= IFCPOLYLOOP((#6137,#4070,#4059,#6139));
#6579= IFCFACE((#6583,#6610));
#6581= IFCCARTESIANPOINT((2.273736754432321E-13,-0.1199999999880674,1.19));
#6583= IFCFACEOUTERBOUND(#6584,.T.);
#6584= IFCPOLYLOOP((#6581,#4079,#4086,#4095));
#6586= IFCCARTESIANPOINT((2.273736754432321E-13,-0.05069999999250285,1.838499999999993));
#6588= IFCCARTESIANPOINT((2.273736754432321E-13,-0.0449499999958789,1.840040707856471));
#6590= IFCCARTESIANPOINT((2.273736754432321E-13,-0.04074070784554351,1.844249999999993));
#6592= IFCCARTESIANPOINT((2.273736754432321E-13,-0.03919999999197898,1.849999999999993));
#6594= IFCCARTESIANPOINT((2.273736754432321E-13,-0.04074070784554351,1.855749999999992));
#6596= IFCCARTESIANPOINT((2.273736754432321E-13,-0.0449499999958789,1.859959292143514));
#6598= IFCCARTESIANPOINT((2.273736754432321E-13,-0.05069999999250285,1.861499999999992));
#6600= IFCCARTESIANPOINT((2.273736754432321E-13,-0.05644999998912681,1.859959292143514));
#6602= IFCCARTESIANPOINT((2.273736754432321E-13,-0.0606592921394622,1.855749999999992));
#6604= IFCCARTESIANPOINT((2.273736754432321E-13,-0.06219999999302672,1.849999999999993));
#6606= IFCCARTESIANPOINT((2.273736754432321E-13,-0.0606592921394622,1.844249999999993));
#6608= IFCCARTESIANPOINT((2.273736754432321E-13,-0.05644999998912681,1.840040707856471));
#6610= IFCFACEBOUND(#6611,.T.);
#6611= IFCPOLYLOOP((#6586,#6588,#6590,#6592,#6594,#6596,#6598,#6600,#6602,#6604,#6606,#6608));
#6613= IFCFACE((#6615));
#6615= IFCFACEOUTERBOUND(#6616,.T.);
#6616= IFCPOLYLOOP((#3929,#3927,#3971));
#6618= IFCFACE((#6622));
#6620= IFCCARTESIANPOINT((0.005120984673794737,-0.03676794918283122,1.19));
#6622= IFCFACEOUTERBOUND(#6623,.T.);
#6623= IFCPOLYLOOP((#6620,#3929,#3971));
#6625= IFCFACE((#6627));
#6627= IFCFACEOUTERBOUND(#6628,.T.);
#6628= IFCPOLYLOOP((#6620,#3971,#3962));
#6630= IFCFACE((#6634));
#6632= IFCCARTESIANPOINT((0.004388933866266598,-0.03749999998399289,1.19));
#6634= IFCFACEOUTERBOUND(#6635,.T.);
#6635= IFCPOLYLOOP((#6632,#6620,#3962));
#6637= IFCFACE((#6639));
#6639= IFCFACEOUTERBOUND(#6640,.T.);
#6640= IFCPOLYLOOP((#6632,#3962,#3953));
#6642= IFCFACE((#6644));
#6644= IFCFACEOUTERBOUND(#6645,.T.);
#6645= IFCPOLYLOOP((#6632,#3953,#3944));
#6647= IFCFACE((#6651));
#6649= IFCCARTESIANPOINT((0.004120984673818384,-0.0384999999878346,1.19));
#6651= IFCFACEOUTERBOUND(#6652,.T.);
#6652= IFCPOLYLOOP((#6649,#6632,#3944));
#6654= IFCFACE((#6656));
#6656= IFCFACEOUTERBOUND(#6657,.T.);
#6657= IFCPOLYLOOP((#6649,#3944,#3942));
#6659= IFCFACE((#6685,#6690));
#6661= IFCCARTESIANPOINT((0.004133486775344863,-0.06219999999302672,1.849999999999993));
#6663= IFCCARTESIANPOINT((0.004132674029051486,-0.0606592921394622,1.855749999999992));
#6665= IFCCARTESIANPOINT((0.004130453565039716,-0.05644999998912681,1.859959292143514));
#6667= IFCCARTESIANPOINT((0.004127420354734568,-0.05069999999250285,1.861499999999992));
#6669= IFCCARTESIANPOINT((0.00412438714442942,-0.0449499999958789,1.859959292143514));
#6671= IFCCARTESIANPOINT((0.004122166680417649,-0.04074070784554351,1.855749999999992));
#6673= IFCCARTESIANPOINT((0.004121353934124272,-0.03919999999197898,1.849999999999993));
#6675= IFCCARTESIANPOINT((0.004122166680417649,-0.04074070784554351,1.844249999999993));
#6677= IFCCARTESIANPOINT((0.00412438714442942,-0.0449499999958789,1.840040707856471));
#6679= IFCCARTESIANPOINT((0.004127420354734568,-0.05069999999250285,1.838499999999993));
#6681= IFCCARTESIANPOINT((0.004130453565039716,-0.05644999998912681,1.840040707856471));
#6683= IFCCARTESIANPOINT((0.004132674029051486,-0.0606592921394622,1.844249999999993));
#6685= IFCFACEBOUND(#6686,.T.);
#6686= IFCPOLYLOOP((#6661,#6663,#6665,#6667,#6669,#6671,#6673,#6675,#6677,#6679,#6681,#6683));
#6688= IFCCARTESIANPOINT((0.004143140853102523,-0.08050105501752114,1.19));
#6690= IFCFACEOUTERBOUND(#6691,.T.);
#6691= IFCPOLYLOOP((#3942,#3983,#6688,#6649));
#6693= IFCFACE((#6695));
#6695= IFCFACEOUTERBOUND(#6696,.T.);
#6696= IFCPOLYLOOP((#6688,#3983,#4023));
#6698= IFCFACE((#6702));
#6700= IFCCARTESIANPOINT((0.00441144155092843,-0.08150060904881684,1.19));
#6702= IFCFACEOUTERBOUND(#6703,.T.);
#6703= IFCPOLYLOOP((#6700,#6688,#4023));
#6705= IFCFACE((#6707));
#6707= IFCFACEOUTERBOUND(#6708,.T.);
#6708= IFCPOLYLOOP((#6700,#4023,#4014));
#6710= IFCFACE((#6712));
#6712= IFCFACEOUTERBOUND(#6713,.T.);
#6713= IFCPOLYLOOP((#6700,#4014,#4005));
#6715= IFCFACE((#6719));
#6717= IFCCARTESIANPOINT((0.005143445151134074,-0.08223222661035834,1.19));
#6719= IFCFACEOUTERBOUND(#6720,.T.);
#6720= IFCPOLYLOOP((#6717,#6700,#4005));
#6722= IFCFACE((#6724));
#6724= IFCFACEOUTERBOUND(#6725,.T.);
#6725= IFCPOLYLOOP((#6717,#4005,#3994));
#6727= IFCFACE((#6731));
#6729= IFCCARTESIANPOINT((0.006143140575204598,-0.08249999998952262,1.19));
#6731= IFCFACEOUTERBOUND(#6732,.T.);
#6732= IFCPOLYLOOP((#6729,#6717,#3994));
#6734= IFCFACE((#6736));
#6736= IFCFACEOUTERBOUND(#6737,.T.);
#6737= IFCPOLYLOOP((#6729,#3994,#3992));
#6739= IFCFACE((#6743));
#6741= IFCCARTESIANPOINT((0.005921825427094518,-0.0150464246617048,1.19));
#6743= IFCFACEOUTERBOUND(#6744,.T.);
#6744= IFCPOLYLOOP((#6741,#4112,#4154));
#6746= IFCFACE((#6750));
#6748= IFCCARTESIANPOINT((0.00596270826122236,-0.01559656964673195,1.19));
#6750= IFCFACEOUTERBOUND(#6751,.T.);
#6751= IFCPOLYLOOP((#6748,#6741,#4154));
#6753= IFCFACE((#6755));
#6755= IFCFACEOUTERBOUND(#6756,.T.);
#6756= IFCPOLYLOOP((#6748,#4154,#4145));
#6758= IFCFACE((#6760));
#6760= IFCFACEOUTERBOUND(#6761,.T.);
#6761= IFCPOLYLOOP((#6748,#4145,#4134));
#6763= IFCFACE((#6767));
#6765= IFCCARTESIANPOINT((0.006228051462358053,-0.01608022642903961,1.19));
#6767= IFCFACEOUTERBOUND(#6768,.T.);
#6768= IFCPOLYLOOP((#6765,#6748,#4134));
#6770= IFCFACE((#6772));
#6772= IFCFACEOUTERBOUND(#6773,.T.);
#6773= IFCPOLYLOOP((#6765,#4134,#4123));
#6775= IFCFACE((#6779));
#6777= IFCCARTESIANPOINT((0.006670072701126628,-0.0164102993439883,1.19));
#6779= IFCFACEOUTERBOUND(#6780,.T.);
#6780= IFCPOLYLOOP((#6777,#6765,#4123));
#6782= IFCFACE((#6786));
#6784= IFCCARTESIANPOINT((0.007209173916635336,-0.01652734968956793,1.19));
#6786= IFCFACEOUTERBOUND(#6787,.T.);
#6787= IFCPOLYLOOP((#6777,#4123,#4121,#6784));
#6789= IFCFACE((#6791));
#6791= IFCFACEOUTERBOUND(#6792,.T.);
#6792= IFCPOLYLOOP((#4103,#4112,#6741,#4105));
#6794= IFCFACE((#6796));
#6796= IFCFACEOUTERBOUND(#6797,.T.);
#6797= IFCPOLYLOOP((#4068,#4079,#6135));
#6799= IFCFACE((#6801));
#6801= IFCFACEOUTERBOUND(#6802,.T.);
#6802= IFCPOLYLOOP((#5950,#5948,#4077,#6137,#6135,#4079));
#6804= IFCFACE((#6806));
#6806= IFCFACEOUTERBOUND(#6807,.T.);
#6807= IFCPOLYLOOP((#4672,#5950,#4079));
#6809= IFCFACE((#6811));
#6811= IFCFACEOUTERBOUND(#6812,.T.);
#6812= IFCPOLYLOOP((#4672,#4079,#4674));
#6814= IFCFACE((#6816));
#6816= IFCFACEOUTERBOUND(#6817,.T.);
#6817= IFCPOLYLOOP((#4641,#4674,#4079));
#6819= IFCFACE((#6821,#6824));
#6821= IFCFACEOUTERBOUND(#6822,.T.);
#6822= IFCPOLYLOOP((#6372,#4077,#4663,#4600,#5516,#5514,#4602,#4641,#4079,#6581));
#6824= IFCFACEBOUND(#6825,.T.);
#6825= IFCPOLYLOOP((#5305,#5303,#4243,#4241));
#6827= IFCFACE((#6829));
#6829= IFCFACEOUTERBOUND(#6830,.T.);
#6830= IFCPOLYLOOP((#6602,#6600,#6665,#6663));
#6832= IFCFACE((#6834));
#6834= IFCFACEOUTERBOUND(#6835,.T.);
#6835= IFCPOLYLOOP((#6600,#6598,#6667,#6665));
#6837= IFCFACE((#6839));
#6839= IFCFACEOUTERBOUND(#6840,.T.);
#6840= IFCPOLYLOOP((#6669,#6667,#6598,#6596));
#6842= IFCFACE((#6844));
#6844= IFCFACEOUTERBOUND(#6845,.T.);
#6845= IFCPOLYLOOP((#6671,#6669,#6596,#6594));
#6847= IFCFACE((#6849));
#6849= IFCFACEOUTERBOUND(#6850,.T.);
#6850= IFCPOLYLOOP((#6673,#6671,#6594,#6592));
#6852= IFCFACE((#6854));
#6854= IFCFACEOUTERBOUND(#6855,.T.);
#6855= IFCPOLYLOOP((#6675,#6673,#6592,#6590));
#6857= IFCFACE((#6859));
#6859= IFCFACEOUTERBOUND(#6860,.T.);
#6860= IFCPOLYLOOP((#6588,#6677,#6675,#6590));
#6862= IFCFACE((#6864));
#6864= IFCFACEOUTERBOUND(#6865,.T.);
#6865= IFCPOLYLOOP((#6679,#6677,#6588,#6586));
#6867= IFCFACE((#6869));
#6869= IFCFACEOUTERBOUND(#6870,.T.);
#6870= IFCPOLYLOOP((#6681,#6679,#6586,#6608));
#6872= IFCFACE((#6874));
#6874= IFCFACEOUTERBOUND(#6875,.T.);
#6875= IFCPOLYLOOP((#6606,#6683,#6681,#6608));
#6877= IFCFACE((#6879));
#6879= IFCFACEOUTERBOUND(#6880,.T.);
#6880= IFCPOLYLOOP((#6604,#6661,#6683,#6606));
#6882= IFCFACE((#6884));
#6884= IFCFACEOUTERBOUND(#6885,.T.);
#6885= IFCPOLYLOOP((#6661,#6604,#6602,#6663));
#6887= IFCFACE((#6889));
#6889= IFCFACEOUTERBOUND(#6890,.T.);
#6890= IFCPOLYLOOP((#5307,#5059,#4237,#4235));
#6892= IFCFACE((#6894));
#6894= IFCFACEOUTERBOUND(#6895,.T.);
#6895= IFCPOLYLOOP((#5952,#5704,#5014,#5021));
#6897= IFCFACE((#6899));
#6899= IFCFACEOUTERBOUND(#6900,.T.);
#6900= IFCPOLYLOOP((#4261,#4961,#5028,#5008));
#6902= IFCFACE((#6904));
#6904= IFCFACEOUTERBOUND(#6905,.T.);
#6905= IFCPOLYLOOP((#4604,#4263,#5057,#5512));
#6907= IFCFACE((#6909));
#6909= IFCFACEOUTERBOUND(#6910,.T.);
#6910= IFCPOLYLOOP((#4175,#3914,#5702,#6133));
#6912= IFCFACE((#6914));
#6914= IFCFACEOUTERBOUND(#6915,.T.);
#6915= IFCPOLYLOOP((#5061,#5305,#4241,#4239));
#6917= IFCFACE((#6919));
#6919= IFCFACEOUTERBOUND(#6920,.T.);
#6920= IFCPOLYLOOP((#4641,#4259,#5010,#4674));
#6922= IFCFACE((#6924));
#6924= IFCFACEOUTERBOUND(#6925,.T.);
#6925= IFCPOLYLOOP((#5950,#4672,#5012,#5706));
#6927= IFCFACE((#6929));
#6929= IFCFACEOUTERBOUND(#6930,.T.);
#6930= IFCPOLYLOOP((#5514,#5055,#4265,#4602));
#6932= IFCFACE((#6934));
#6934= IFCFACEOUTERBOUND(#6935,.T.);
#6935= IFCPOLYLOOP((#6135,#5700,#4061,#4068));
#6937= IFCFACE((#6939));
#6939= IFCFACEOUTERBOUND(#6940,.T.);
#6940= IFCPOLYLOOP((#5520,#5299,#4227,#3903,#4596));
#6942= IFCFACE((#6944));
#6944= IFCFACEOUTERBOUND(#6945,.T.);
#6945= IFCPOLYLOOP((#4770,#4596,#3903));
#6947= IFCFACE((#6949));
#6949= IFCFACEOUTERBOUND(#6950,.T.);
#6950= IFCPOLYLOOP((#3903,#4981,#4987,#4770));
#6952= IFCFACE((#6954));
#6954= IFCFACEOUTERBOUND(#6955,.T.);
#6955= IFCPOLYLOOP((#5944,#4981,#3903));
#6957= IFCFACE((#6959));
#6959= IFCFACEOUTERBOUND(#6960,.T.);
#6960= IFCPOLYLOOP((#6141,#5944,#3903));
#6962= IFCFACE((#6964));
#6964= IFCFACEOUTERBOUND(#6965,.T.);
#6965= IFCPOLYLOOP((#6141,#3903,#3912));
#6967= IFCFACE((#6969));
#6969= IFCFACEOUTERBOUND(#6970,.T.);
#6970= IFCPOLYLOOP((#3921,#3874,#3872));
#6972= IFCFACE((#6976));
#6974= IFCCARTESIANPOINT((0.4270000000001346,-0.03596410161117092,1.19));
#6976= IFCFACEOUTERBOUND(#6977,.T.);
#6977= IFCPOLYLOOP((#6974,#3921,#3872));
#6979= IFCFACE((#6981));
#6981= IFCFACEOUTERBOUND(#6982,.T.);
#6982= IFCPOLYLOOP((#6974,#3872,#3887));
#6984= IFCFACE((#6988));
#6986= IFCCARTESIANPOINT((0.4255358983850783,-0.03449999999429565,1.19));
#6988= IFCFACEOUTERBOUND(#6989,.T.);
#6989= IFCPOLYLOOP((#6986,#6974,#3887));
#6991= IFCFACE((#6993));
#6993= IFCFACEOUTERBOUND(#6994,.T.);
#6994= IFCPOLYLOOP((#6986,#3887,#3896));
#6996= IFCFACE((#6998));
#6998= IFCFACEOUTERBOUND(#6999,.T.);
#6999= IFCPOLYLOOP((#6986,#3896,#3903));
#7001= IFCFACE((#7003));
#7003= IFCFACEOUTERBOUND(#7004,.T.);
#7004= IFCPOLYLOOP((#4252,#6986,#3903));
#7006= IFCFACE((#7008));
#7008= IFCFACEOUTERBOUND(#7009,.T.);
#7009= IFCPOLYLOOP((#4252,#3903,#4227));
#7011= IFCFACE((#7015));
#7013= IFCCARTESIANPOINT((0.4458790153264545,-0.0384999999878346,1.19));
#7015= IFCFACEOUTERBOUND(#7016,.T.);
#7016= IFCPOLYLOOP((#7013,#3940,#3938));
#7018= IFCFACE((#7022));
#7020= IFCCARTESIANPOINT((0.4456110661340063,-0.03749999998399289,1.19));
#7022= IFCFACEOUTERBOUND(#7023,.T.);
#7023= IFCPOLYLOOP((#7020,#7013,#3938));
#7025= IFCFACE((#7027));
#7027= IFCFACEOUTERBOUND(#7028,.T.);
#7028= IFCPOLYLOOP((#7020,#3938,#3951));
#7030= IFCFACE((#7032));
#7032= IFCFACEOUTERBOUND(#7033,.T.);
#7033= IFCPOLYLOOP((#7020,#3951,#3960));
#7035= IFCFACE((#7039));
#7037= IFCCARTESIANPOINT((0.4448790153264781,-0.03676794918283122,1.19));
#7039= IFCFACEOUTERBOUND(#7040,.T.);
#7040= IFCPOLYLOOP((#7037,#7020,#3960));
#7042= IFCFACE((#7044));
#7044= IFCFACEOUTERBOUND(#7045,.T.);
#7045= IFCPOLYLOOP((#7037,#3960,#3969));
#7047= IFCFACE((#7049));
#7049= IFCFACEOUTERBOUND(#7050,.T.);
#7050= IFCPOLYLOOP((#3923,#7037,#3969));
#7052= IFCFACE((#7054));
#7054= IFCFACEOUTERBOUND(#7055,.T.);
#7055= IFCPOLYLOOP((#3923,#3969,#3925));
#7057= IFCFACE((#7061,#7064));
#7059= IFCCARTESIANPOINT((0.4458568591471703,-0.08050105501752114,1.19));
#7061= IFCFACEOUTERBOUND(#7062,.T.);
#7062= IFCPOLYLOOP((#3985,#3940,#7013,#7059));
#7064= IFCFACEBOUND(#7065,.T.);
#7065= IFCPOLYLOOP((#6463,#6470,#6477,#6484,#6491,#6498,#6505,#6512,#6519,#6449,#6447,#6456));
#7067= IFCFACE((#7071));
#7069= IFCCARTESIANPOINT((0.4438568594250683,-0.08249999998952262,1.19));
#7071= IFCFACEOUTERBOUND(#7072,.T.);
#7072= IFCPOLYLOOP((#7069,#3998,#3996));
#7074= IFCFACE((#7078));
#7076= IFCCARTESIANPOINT((0.4448565548491388,-0.08223222661035834,1.19));
#7078= IFCFACEOUTERBOUND(#7079,.T.);
#7079= IFCPOLYLOOP((#7076,#7069,#3996));
#7081= IFCFACE((#7083));
#7083= IFCFACEOUTERBOUND(#7084,.T.);
#7084= IFCPOLYLOOP((#7076,#3996,#4007));
#7086= IFCFACE((#7090));
#7088= IFCCARTESIANPOINT((0.4455885584493444,-0.08150060904881684,1.19));
#7090= IFCFACEOUTERBOUND(#7091,.T.);
#7091= IFCPOLYLOOP((#7088,#7076,#4007));
#7093= IFCFACE((#7095));
#7095= IFCFACEOUTERBOUND(#7096,.T.);
#7096= IFCPOLYLOOP((#7088,#4007,#4016));
#7098= IFCFACE((#7100));
#7100= IFCFACEOUTERBOUND(#7101,.T.);
#7101= IFCPOLYLOOP((#7088,#4016,#4025));
#7103= IFCFACE((#7105));
#7105= IFCFACEOUTERBOUND(#7106,.T.);
#7106= IFCPOLYLOOP((#7059,#7088,#4025));
#7108= IFCFACE((#7110));
#7110= IFCFACEOUTERBOUND(#7111,.T.);
#7111= IFCPOLYLOOP((#7059,#4025,#3985));
#7113= IFCFACE((#7117));
#7115= IFCCARTESIANPOINT((0.01601139420404252,-0.08249999998952262,1.19));
#7117= IFCFACEOUTERBOUND(#7118,.T.);
#7118= IFCPOLYLOOP((#6729,#3992,#3998,#7069,#6405,#4050,#4052,#7115));
#7120= IFCFACE((#7124));
#7122= IFCCARTESIANPOINT((0.4440781745731783,-0.0150464246617048,1.19));
#7124= IFCFACEOUTERBOUND(#7125,.T.);
#7125= IFCPOLYLOOP((#4101,#4099,#7122,#4114));
#7127= IFCFACE((#7133));
#7129= IFCCARTESIANPOINT((0.4433299272991462,-0.0164102993439883,1.19));
#7131= IFCCARTESIANPOINT((0.4427908260836375,-0.01652734968956793,1.19));
#7133= IFCFACEOUTERBOUND(#7134,.T.);
#7134= IFCPOLYLOOP((#7129,#7131,#4127,#4125));
#7136= IFCFACE((#7140));
#7138= IFCCARTESIANPOINT((0.4437719485379148,-0.01608022642903961,1.19));
#7140= IFCFACEOUTERBOUND(#7141,.T.);
#7141= IFCPOLYLOOP((#7138,#7129,#4125));
#7143= IFCFACE((#7145));
#7145= IFCFACEOUTERBOUND(#7146,.T.);
#7146= IFCPOLYLOOP((#7138,#4125,#4136));
#7148= IFCFACE((#7152));
#7150= IFCCARTESIANPOINT((0.4440372917390505,-0.01559656964673195,1.19));
#7152= IFCFACEOUTERBOUND(#7153,.T.);
#7153= IFCPOLYLOOP((#7150,#7138,#4136));
#7155= IFCFACE((#7157));
#7157= IFCFACEOUTERBOUND(#7158,.T.);
#7158= IFCPOLYLOOP((#7150,#4136,#4143));
#7160= IFCFACE((#7162));
#7162= IFCFACEOUTERBOUND(#7163,.T.);
#7163= IFCPOLYLOOP((#7150,#4143,#4152));
#7165= IFCFACE((#7167));
#7167= IFCFACEOUTERBOUND(#7168,.T.);
#7168= IFCPOLYLOOP((#7122,#7150,#4152));
#7170= IFCFACE((#7172));
#7172= IFCFACEOUTERBOUND(#7173,.T.);
#7173= IFCPOLYLOOP((#7122,#4152,#4114));
#7175= IFCFACE((#7179));
#7177= IFCCARTESIANPOINT((0.4290000000000873,-0.01649999999062857,1.19));
#7179= IFCFACEOUTERBOUND(#7180,.T.);
#7180= IFCPOLYLOOP((#7131,#7177,#4166,#4127));
#7182= IFCFACE((#7184));
#7184= IFCFACEOUTERBOUND(#7185,.T.);
#7185= IFCPOLYLOOP((#6143,#4181,#4179));
#7187= IFCFACE((#7189));
#7189= IFCFACEOUTERBOUND(#7190,.T.);
#7190= IFCPOLYLOOP((#6143,#4179,#4594,#5942));
#7192= IFCFACE((#7196));
#7194= IFCCARTESIANPOINT((0.4253046298515528,-0.01896254753955873,1.19));
#7196= IFCFACEOUTERBOUND(#7197,.T.);
#7197= IFCPOLYLOOP((#4229,#5297,#5522,#4594,#7194));
#7199= IFCFACE((#7203));
#7201= IFCCARTESIANPOINT((0.4249999999999545,-0.02049208297103178,1.19));
#7203= IFCFACEOUTERBOUND(#7204,.T.);
#7204= IFCPOLYLOOP((#4229,#7194,#7201));
#7206= IFCFACE((#7208));
#7208= IFCFACEOUTERBOUND(#7209,.T.);
#7209= IFCPOLYLOOP((#4994,#5942,#4594,#4971,#5001));
#7211= IFCFACE((#7213));
#7213= IFCFACEOUTERBOUND(#7214,.T.);
#7214= IFCPOLYLOOP((#7194,#4594,#4179));
#7216= IFCFACE((#7218));
#7218= IFCFACEOUTERBOUND(#7219,.T.);
#7219= IFCPOLYLOOP((#7194,#4179,#4190));
#7221= IFCFACE((#7223));
#7223= IFCFACEOUTERBOUND(#7224,.T.);
#7224= IFCPOLYLOOP((#7194,#4190,#4197));
#7226= IFCFACE((#7230));
#7228= IFCCARTESIANPOINT((0.4261720489612344,-0.01766645077441353,1.19));
#7230= IFCFACEOUTERBOUND(#7231,.T.);
#7231= IFCPOLYLOOP((#7228,#7194,#4197));
#7233= IFCFACE((#7235));
#7235= IFCFACEOUTERBOUND(#7236,.T.);
#7236= IFCPOLYLOOP((#7228,#4197,#4206));
#7238= IFCFACE((#7242));
#7240= IFCCARTESIANPOINT((0.4274698634299057,-0.01680160375690321,1.19));
#7242= IFCFACEOUTERBOUND(#7243,.T.);
#7243= IFCPOLYLOOP((#7240,#7228,#4206));
#7245= IFCFACE((#7247));
#7247= IFCFACEOUTERBOUND(#7248,.T.);
#7248= IFCPOLYLOOP((#7240,#4206,#4166));
#7250= IFCFACE((#7252));
#7252= IFCFACEOUTERBOUND(#7253,.T.);
#7253= IFCPOLYLOOP((#7240,#4166,#7177));
#7255= IFCFACE((#7257));
#7257= IFCFACEOUTERBOUND(#7258,.T.);
#7258= IFCPOLYLOOP((#4231,#4229,#7201));
#7260= IFCFACE((#7264));
#7262= IFCCARTESIANPOINT((0.4250000000001819,-0.01649999998335261,1.19));
#7264= IFCFACEOUTERBOUND(#7265,.T.);
#7265= IFCPOLYLOOP((#4231,#7201,#7262));
#7267= IFCFACE((#7271));
#7269= IFCCARTESIANPOINT((0.02500000000009095,-0.01649999998335261,1.19));
#7271= IFCFACEOUTERBOUND(#7272,.T.);
#7272= IFCPOLYLOOP((#7262,#7269,#4233,#4231));
#7274= IFCFACE((#7278));
#7276= IFCCARTESIANPOINT((0.02500000000031832,-0.02049208297103178,1.19));
#7278= IFCFACEOUTERBOUND(#7279,.T.);
#7279= IFCPOLYLOOP((#4233,#7269,#7276,#4235));
#7281= IFCFACE((#7283));
#7283= IFCFACEOUTERBOUND(#7284,.T.);
#7284= IFCPOLYLOOP((#6133,#5952,#5021,#5028,#4961,#4604,#5512,#5307,#4177));
#7286= IFCFACE((#7288));
#7288= IFCFACEOUTERBOUND(#7289,.T.);
#7289= IFCPOLYLOOP((#6133,#4177,#4175));
#7291= IFCFACE((#7297));
#7293= IFCCARTESIANPOINT((0.02253013657036718,-0.01680160375690321,1.19));
#7295= IFCCARTESIANPOINT((0.02100000000018554,-0.01649999999062857,1.19));
#7297= IFCFACEOUTERBOUND(#7298,.T.);
#7298= IFCPOLYLOOP((#7293,#7295,#4168));
#7300= IFCFACE((#7302));
#7302= IFCFACEOUTERBOUND(#7303,.T.);
#7303= IFCPOLYLOOP((#7293,#4168,#4208));
#7305= IFCFACE((#7309));
#7307= IFCCARTESIANPOINT((0.02382795103903845,-0.01766645077441353,1.19));
#7309= IFCFACEOUTERBOUND(#7310,.T.);
#7310= IFCPOLYLOOP((#7307,#7293,#4208));
#7312= IFCFACE((#7314));
#7314= IFCFACEOUTERBOUND(#7315,.T.);
#7315= IFCPOLYLOOP((#7307,#4208,#4199));
#7317= IFCFACE((#7321));
#7319= IFCCARTESIANPOINT((0.02469537014872003,-0.01896254753955873,1.19));
#7321= IFCFACEOUTERBOUND(#7322,.T.);
#7322= IFCPOLYLOOP((#4188,#4177,#7319));
#7324= IFCFACE((#7326));
#7326= IFCFACEOUTERBOUND(#7327,.T.);
#7327= IFCPOLYLOOP((#4199,#4188,#7319));
#7329= IFCFACE((#7331));
#7331= IFCFACEOUTERBOUND(#7332,.T.);
#7332= IFCPOLYLOOP((#4199,#7319,#7307));
#7334= IFCFACE((#7336));
#7336= IFCFACEOUTERBOUND(#7337,.T.);
#7337= IFCPOLYLOOP((#5307,#4235,#7276));
#7339= IFCFACE((#7341));
#7341= IFCFACEOUTERBOUND(#7342,.T.);
#7342= IFCPOLYLOOP((#4177,#5307,#7276));
#7344= IFCFACE((#7346));
#7346= IFCFACEOUTERBOUND(#7347,.T.);
#7347= IFCPOLYLOOP((#4177,#7276,#7319));
#7349= IFCFACE((#7351));
#7351= IFCFACEOUTERBOUND(#7352,.T.);
#7352= IFCPOLYLOOP((#4168,#7295,#6784,#4121));
#7354= IFCFACE((#7356));
#7356= IFCFACEOUTERBOUND(#7357,.T.);
#7357= IFCPOLYLOOP((#5702,#3914,#3905));
#7359= IFCFACE((#7363));
#7361= IFCCARTESIANPOINT((0.02500000000031832,-0.0324999999938882,1.19));
#7363= IFCFACEOUTERBOUND(#7364,.T.);
#7364= IFCPOLYLOOP((#5059,#5057,#4263,#4261,#5008,#5014,#5704,#5702,#3905,#7361,#4237));
#7366= IFCFACE((#7370));
#7368= IFCCARTESIANPOINT((0.02446410161519452,-0.03449999999429565,1.19));
#7370= IFCFACEOUTERBOUND(#7371,.T.);
#7371= IFCPOLYLOOP((#7368,#7361,#3905));
#7373= IFCFACE((#7375));
#7375= IFCFACEOUTERBOUND(#7376,.T.);
#7376= IFCPOLYLOOP((#7368,#3905,#3894));
#7378= IFCFACE((#7380));
#7380= IFCFACEOUTERBOUND(#7381,.T.);
#7381= IFCPOLYLOOP((#7368,#3894,#3885));
#7383= IFCFACE((#7387));
#7385= IFCCARTESIANPOINT((0.02300000000013824,-0.03596410161117092,1.19));
#7387= IFCFACEOUTERBOUND(#7388,.T.);
#7388= IFCPOLYLOOP((#7385,#7368,#3885));
#7390= IFCFACE((#7392));
#7392= IFCFACEOUTERBOUND(#7393,.T.);
#7393= IFCPOLYLOOP((#7385,#3885,#3878));
#7395= IFCFACE((#7397));
#7397= IFCFACEOUTERBOUND(#7398,.T.);
#7398= IFCPOLYLOOP((#3931,#7385,#3878));
#7400= IFCFACE((#7402));
#7402= IFCFACEOUTERBOUND(#7403,.T.);
#7403= IFCPOLYLOOP((#3931,#3878,#3876));
#7405= IFCFACE((#7409));
#7407= IFCCARTESIANPOINT((0.02500000000031832,-0.08999999998923158,1.19));
#7409= IFCFACEOUTERBOUND(#7410,.T.);
#7410= IFCPOLYLOOP((#4239,#4237,#7361,#7407));
#7412= IFCFACE((#7416));
#7414= IFCCARTESIANPOINT((0.01887778160607922,-0.08371004959190032,1.19));
#7416= IFCFACEOUTERBOUND(#7417,.T.);
#7417= IFCPOLYLOOP((#7414,#4041,#4061,#5700,#5706,#5012,#5010,#4259,#4265,#5055,#5061,#4239,#7407));
#7419= IFCFACE((#7423));
#7421= IFCCARTESIANPOINT((0.01706406283483375,-0.08264099898951827,1.19));
#7423= IFCFACEOUTERBOUND(#7424,.T.);
#7424= IFCPOLYLOOP((#7421,#7115,#4052));
#7426= IFCFACE((#7428));
#7428= IFCFACEOUTERBOUND(#7429,.T.);
#7429= IFCPOLYLOOP((#7421,#4052,#4043));
#7431= IFCFACE((#7435));
#7433= IFCCARTESIANPOINT((0.01804251885573649,-0.08305405561259249,1.19));
#7435= IFCFACEOUTERBOUND(#7436,.T.);
#7436= IFCPOLYLOOP((#7433,#7421,#4043));
#7438= IFCFACE((#7440));
#7440= IFCFACEOUTERBOUND(#7441,.T.);
#7441= IFCPOLYLOOP((#7433,#4043,#4041));
#7443= IFCFACE((#7445));
#7445= IFCFACEOUTERBOUND(#7446,.T.);
#7446= IFCPOLYLOOP((#7433,#4041,#7414));
#7448= IFCFACE((#7450,#7453,#7456));
#7450= IFCFACEBOUND(#7451,.T.);
#7451= IFCPOLYLOOP((#3921,#6974,#6986,#4252,#4250,#6381,#6379,#6393,#6405,#7069,#7076,#7088,#7059,#7013,#7020,#7037,#3923));
#7453= IFCFACEBOUND(#7454,.T.);
#7454= IFCPOLYLOOP((#7368,#7385,#3931,#3929,#6620,#6632,#6649,#6688,#6700,#6717,#6729,#7115,#7421,#7433,#7414,#7407,#7361));
#7456= IFCFACEOUTERBOUND(#7457,.T.);
#7457= IFCPOLYLOOP((#7194,#7228,#7240,#7177,#7131,#7129,#7138,#7150,#7122,#4099,#4097,#6372,#6581,#4095,#4105,#6741,#6748,#6765,#6777,#6784,#7295,#7293,#7307,#7319,#7276,#7269,#7262,#7201));
#7459= IFCCLOSEDSHELL((#3824,#3837,#3846,#3853,#3860,#3865,#3870,#3883,#3892,#3901,#3910,#3919,#3936,#3949,#3958,#3967,#3976,#3981,#3990,#4003,#4012,#4021,#4030,#4035,#4048,#4057,#4066,#4075,#4084,#4093,#4110,#4119,#4132,#4141,#4150,#4159,#4164,#4173,#4186,#4195,#4204,#4213,#4218,#4223,#4248,#4257,#4270,#4283,#4292,#4301,#4310,#4319,#4328,#4337,#4346,#4355,#4364,#4373,#4378,#4391,#4400,#4409,#4418,#4427,#4436,#4445,#4454,#4463,#4472,#4481,#4486,#4497,#4508,#4521,#4528,#4535,#4639,#4648,#4661,#4668,#4679,#4684,#4693,#4700,#4707,#4714,#4721,#4728,#4735,#4742,#4749,#4756,#4763,#4768,#4777,#4786,#4793,#4800,#4807,#4814,#4821,#4828,#4835,#4842,#4849,#4856,#4861,#4870,#4877,#4884,#4891,#4898,#4905,#4912,#4919,#4926,#4933,#4940,#4945,#4959,#4969,#4979,#4992,#4999,#5006,#5019,#5026,#5033,#5038,#5043,#5048,#5053,#5066,#5079,#5088,#5097,#5106,#5115,#5124,#5133,#5142,#5151,#5160,#5169,#5174,#5187,#5196,#5205,#5214,#5223,#5232,#5241,#5250,#5259,#5268,#5277,#5282,#5295,#5399,#5408,#5415,#5422,#5429,#5436,#5443,#5450,#5457,#5464,#5471,#5478,#5483,#5563,#5568,#5573,#5578,#5583,#5588,#5593,#5598,#5603,#5608,#5613,#5618,#5623,#5628,#5633,#5638,#5643,#5648,#5653,#5658,#5663,#5668,#5673,#5678,#5683,#5688,#5693,#5698,#5711,#5724,#5733,#5742,#5751,#5760,#5769,#5778,#5787,#5796,#5805,#5814,#5819,#5832,#5841,#5850,#5859,#5868,#5877,#5886,#5895,#5904,#5913,#5922,#5927,#5940,#6044,#6053,#6060,#6067,#6074,#6081,#6088,#6095,#6102,#6109,#6116,#6123,#6128,#6208,#6213,#6218,#6223,#6228,#6233,#6238,#6243,#6248,#6253,#6258,#6263,#6268,#6273,#6278,#6283,#6288,#6293,#6298,#6303,#6308,#6313,#6318,#6323,#6328,#6333,#6338,#6343,#6377,#6386,#6391,#6398,#6403,#6410,#6415,#6420,#6425,#6430,#6435,#6440,#6445,#6454,#6461,#6468,#6475,#6482,#6489,#6496,#6503,#6510,#6517,#6524,#6529,#6534,#6539,#6544,#6549,#6554,#6559,#6564,#6569,#6574,#6579,#6613,#6618,#6625,#6630,#6637,#6642,#6647,#6654,#6659,#6693,#6698,#6705,#6710,#6715,#6722,#6727,#6734,#6739,#6746,#6753,#6758,#6763,#6770,#6775,#6782,#6789,#6794,#6799,#6804,#6809,#6814,#6819,#6827,#6832,#6837,#6842,#6847,#6852,#6857,#6862,#6867,#6872,#6877,#6882,#6887,#6892,#6897,#6902,#6907,#6912,#6917,#6922,#6927,#6932,#6937,#6942,#6947,#6952,#6957,#6962,#6967,#6972,#6979,#6984,#6991,#6996,#7001,#7006,#7011,#7018,#7025,#7030,#7035,#7042,#7047,#7052,#7057,#7067,#7074,#7081,#7086,#7093,#7098,#7103,#7108,#7113,#7120,#7127,#7136,#7143,#7148,#7155,#7160,#7165,#7170,#7175,#7182,#7187,#7192,#7199,#7206,#7211,#7216,#7221,#7226,#7233,#7238,#7245,#7250,#7255,#7260,#7267,#7274,#7281,#7286,#7291,#7300,#7305,#7312,#7317,#7324,#7329,#7334,#7339,#7344,#7349,#7354,#7359,#7366,#7373,#7378,#7383,#7390,#7395,#7400,#7405,#7412,#7419,#7426,#7431,#7438,#7443,#7448));
#7461= IFCFACETEDBREP(#7459);
#7462= IFCPRESENTATIONSTYLEASSIGNMENT((#7464));
#7464= IFCSURFACESTYLE($,.POSITIVE.,(#7466));
#7465= IFCCOLOURRGB($,1.,0.7490196078431373,0.);
#7466= IFCSURFACESTYLESHADING(#7465);
#7468= IFCSTYLEDITEM(#7461,(#7462),$);
ENDSEC;

END-ISO-10303-21;
