ISO-10303-21;
HEADER;

/******************************************************************************************
* STEP Physical File produced by: The EXPRESS Data Manager Version 5.02.0110.07 : 20 Jan 2016
* Module:                         EDMstepFileFactory/EDMstandAlone
* Creation date:                  Wed Oct  7 14:53:39 2026
* Host:                           E-ESPGSENG010NB
* Database:                       C:\Users\godoyj\AppData\Local\Temp\ACAIFCTMP/EDM6768\aec_ifc_db
* Database version:               5507
* Database creation date:         Wed Oct  7 14:46:47 2026
* Schema:                         IFC2X3
* Model:                          DataRepository.AecIfc
* Model creation date:            Wed Oct  7 14:53:39 2026
* Header model:                   DataRepository.AecIfc_Header
* Header model creation date:     Wed Oct  7 14:53:39 2026
* EDMuser:                        sdai-user
* EDMgroup:                       sdai-group
* License ID and type:            5649 : Permanent license. Expiry date: 
* EDMstepFileFactory options:     020000
******************************************************************************************/
FILE_DESCRIPTION(('ViewDefinition [CoordinationView_V2.0, FMHandOverAddonView, ConceptDesignBIM_2010]','ExchangeRequirement[Architecture]'),'2;1');
FILE_NAME($,'2026-10-07T14:53:39',('godoyj'),('',''),'The EXPRESS Data Manager Version 5.02.0110.07 : 20 Jan 2016','AutoCAD Architecture 2023 - English Build 8.5.50.0','');
FILE_SCHEMA(('IFC2X3'));
ENDSEC;

DATA;
#1= IFCPROJECT('0PW4TR_Wk3GOyiORh91u5E',#41,'Desing',$,$,'27904209',$,(#7),#20);
#7= IFCGEOMETRICREPRESENTATIONCONTEXT($,'Model',3,1.E-5,#18,$);
#10= IFCCARTESIANPOINT((0.,0.,0.));
#14= IFCDIRECTION((1.,0.,0.));
#16= IFCDIRECTION((0.,0.,1.));
#18= IFCAXIS2PLACEMENT3D(#10,#16,#14);
#20= IFCUNITASSIGNMENT((#22,#23,#24,#25,#29,#30));
#22= IFCSIUNIT(*,.LENGTHUNIT.,.MILLI.,.METRE.);
#23= IFCSIUNIT(*,.AREAUNIT.,.MILLI.,.SQUARE_METRE.);
#24= IFCSIUNIT(*,.VOLUMEUNIT.,.MILLI.,.CUBIC_METRE.);
#25= IFCCONVERSIONBASEDUNIT(#26,.PLANEANGLEUNIT.,'degree',#27);
#26= IFCDIMENSIONALEXPONENTS(0,0,0,0,0,0,0);
#27= IFCMEASUREWITHUNIT(IFCREAL(0.0174532925199433),#28);
#28= IFCSIUNIT(*,.PLANEANGLEUNIT.,$,.RADIAN.);
#29= IFCSIUNIT(*,.TIMEUNIT.,$,.SECOND.);
#30= IFCSIUNIT(*,.MASSUNIT.,$,.GRAM.);
#31= IFCORGANIZATION('','','',$,$);
#35= IFCPERSON('','','',$,$,$,$,$);
#37= IFCPERSONANDORGANIZATION(#35,#31,$);
#40= IFCAPPLICATION(#31,'8.5.50.0','AutoCAD Architecture 2023 - English','6104');
#41= IFCOWNERHISTORY(#37,#40,$,.NOCHANGE.,$,$,$,1791377619);
#42= IFCPROPERTYSET('1MwXWWoJH4pw5kAegaCn2V',#41,'ADT_Pset_DISPLAY_SET',$,(#47,#51));
#47= IFCPROPERTYSINGLEVALUE('ACA_DISPLAY_CONFIG_ON_EXPORT',$,IFCLABEL('Standard'),$);
#51= IFCPROPERTYSINGLEVALUE('ACA_DISPLAY_SET_ON_EXPORT',$,IFCLABEL('Model'),$);
#52= IFCRELDEFINESBYPROPERTIES('1QPxsE7h1EYhgg6M9siDbg',#41,$,$,(#1),#42);
#56= IFCBUILDING('3w2nc0Wq4iZs6woGU1Jbj7',#41,'27904209',$,$,#65,$,$,.ELEMENT.,0.,0.,$);
#61= IFCRELAGGREGATES('11xeGClbTF7eDiLqdYq9kp',#41,$,$,#1,(#56));
#65= IFCLOCALPLACEMENT($,#70);
#68= IFCCARTESIANPOINT((0.,0.,0.));
#70= IFCAXIS2PLACEMENT3D(#68,$,$);
#76= IFCPROPERTYSET('3Rp2ZpP390Iw8c8GyLeyOi',#41,'Pset_BuildingCommon',$,(#78,#79,#80,#81,#82,#83,#84,#85,#86,#87,#88));
#78= IFCPROPERTYSINGLEVALUE('BuildingID',$,$,$);
#79= IFCPROPERTYSINGLEVALUE('IsPermanentID',$,IFCBOOLEAN(.F.),$);
#80= IFCPROPERTYSINGLEVALUE('MainFireUse',$,$,$);
#81= IFCPROPERTYSINGLEVALUE('AncillaryFireUse',$,$,$);
#82= IFCPROPERTYSINGLEVALUE('SprinklerProtection',$,IFCBOOLEAN(.F.),$);
#83= IFCPROPERTYSINGLEVALUE('SprinklerProtectionAutomatic',$,IFCBOOLEAN(.F.),$);
#84= IFCPROPERTYSINGLEVALUE('OccupancyType',$,$,$);
#85= IFCPROPERTYSINGLEVALUE('GrossPlannedArea',$,IFCAREAMEASURE(0.),$);
#86= IFCPROPERTYSINGLEVALUE('NumberOfStoreys',$,IFCINTEGER(0),$);
#87= IFCPROPERTYSINGLEVALUE('YearOfConstruction',$,$,$);
#88= IFCPROPERTYSINGLEVALUE('IsLandmarked',$,IFCLOGICAL(.F.),$);
#89= IFCRELDEFINESBYPROPERTIES('1yItB8PP5148PtKpfnQfYq',#41,$,$,(#56),#76);
#93= IFCPROPERTYSET('0fl$6NEYn3jRkqP7tYnWLE',#41,'Pset_BuildingUse',$,(#95,#96,#97,#98,#99,#100,#101,#102));
#95= IFCPROPERTYSINGLEVALUE('MarketCategory',$,$,$);
#96= IFCPROPERTYSINGLEVALUE('MarketSubCategory',$,$,$);
#97= IFCPROPERTYSINGLEVALUE('PlanningControlStatus',$,$,$);
#98= IFCPROPERTYSINGLEVALUE('NarrativeText',$,$,$);
#99= IFCPROPERTYSINGLEVALUE('VacancyRateInCategoryNow',$,IFCPOSITIVERATIOMEASURE(0.),$);
#100= IFCPROPERTYBOUNDEDVALUE('RentalRatesInCategoryNow',$,$,$,$);
#101= IFCPROPERTYSINGLEVALUE('VacancyRateInCategoryFuture',$,IFCPOSITIVERATIOMEASURE(0.),$);
#102= IFCPROPERTYBOUNDEDVALUE('RentalRatesInCategoryFuture',$,$,$,$);
#103= IFCRELDEFINESBYPROPERTIES('30Ixji7L516xdQFxCyqL43',#41,$,$,(#56),#93);
#106= IFCPROPERTYSET('0ml09aR9HFWvTZNQp4qULb',#41,'Pset_BuildingUseAdjacent',$,(#108,#109,#110,#111));
#108= IFCPROPERTYSINGLEVALUE('MarketCategory',$,$,$);
#109= IFCPROPERTYSINGLEVALUE('MarketSubCategory',$,$,$);
#110= IFCPROPERTYSINGLEVALUE('PlanningControlStatus',$,$,$);
#111= IFCPROPERTYSINGLEVALUE('NarrativeText',$,$,$);
#112= IFCRELDEFINESBYPROPERTIES('3fT3HAcaTDDxZaJKmoUhrf',#41,$,$,(#56),#106);
#115= IFCPROPERTYSET('31PbpOFP59FvM02HuBL$Ow',#41,'Pset_BuildingWaterStorage',$,(#117,#118,#119,#120,#121));
#117= IFCPROPERTYSINGLEVALUE('WaterStorageRatePerPerson',$,IFCVOLUMEMEASURE(0.),$);
#118= IFCPROPERTYSINGLEVALUE('OneDayPotableWater',$,IFCVOLUMEMEASURE(0.),$);
#119= IFCPROPERTYSINGLEVALUE('OneDayEssentialWater',$,IFCVOLUMEMEASURE(0.),$);
#120= IFCPROPERTYSINGLEVALUE('OneDayCoolingTowerMakeupWater',$,IFCVOLUMEMEASURE(0.),$);
#121= IFCPROPERTYSINGLEVALUE('OneDayProcessOrProductionWater',$,IFCVOLUMEMEASURE(0.),$);
#122= IFCRELDEFINESBYPROPERTIES('01l2eODdr3ceN6t6EuwfTN',#41,$,$,(#56),#115);
#125= IFCPROPERTYSET('2eZhM2jgX8y8iOLXA5bgGj',#41,'ePset_BuildingEnergyTarget',$,(#127,#128));
#127= IFCPROPERTYSINGLEVALUE('BuildingEnergyTargetUnits',$,$,$);
#128= IFCPROPERTYSINGLEVALUE('BuildingEnergyTargetValue',$,IFCREAL(0.),$);
#129= IFCRELDEFINESBYPROPERTIES('3MUz1zXfH4A9qeVjmkX8lt',#41,$,$,(#56),#125);
#132= IFCBUILDINGELEMENTPROXY('23ZonXkia7WG00000000Qj',#41,$,$,$,#149,#155,$,$);
#145= IFCRELCONTAINEDINSPATIALSTRUCTURE('3xcAFajhXEF8TvvXvQgj6s',#41,$,$,(#132,#1056,#1962,#2262,#2562,#2706,#2850,#3162,#3462,#3606,#3750,#4062,#4134,#4206,#4278,#4350,#4422,#4995,#5538,#5610,#5682,#5982,#6282,#6582,#7110,#7638,#8166,#8694,#9222),#56);
#149= IFCLOCALPLACEMENT(#65,#153);
#151= IFCCARTESIANPOINT((0.,0.,0.));
#153= IFCAXIS2PLACEMENT3D(#151,$,$);
#155= IFCPRODUCTDEFINITIONSHAPE($,$,(#157));
#157= IFCSHAPEREPRESENTATION(#1045,'Body','Brep',(#1035));
#163= IFCFACE((#173));
#165= IFCCARTESIANPOINT((0.875,-0.1200000000026193,2.675000000000006));
#167= IFCCARTESIANPOINT((0.875,-0.08999999998923158,2.675000000000006));
#169= IFCCARTESIANPOINT((0.875,-0.08999999998923158,0.02500000000005381));
#171= IFCCARTESIANPOINT((0.875,-0.1200000000026193,0.0250000000000538));
#173= IFCFACEOUTERBOUND(#174,.T.);
#174= IFCPOLYLOOP((#165,#167,#169,#171));
#176= IFCFACE((#182));
#178= IFCCARTESIANPOINT((0.9000000000000909,-0.1199999999880674,-1.570467621777778E-16));
#180= IFCCARTESIANPOINT((0.9000000000000909,-0.1199999999880674,2.7));
#182= IFCFACEOUTERBOUND(#183,.T.);
#183= IFCPOLYLOOP((#171,#178,#180,#165));
#185= IFCFACE((#211,#218,#245,#272));
#187= IFCCARTESIANPOINT((0.9000000000000909,-0.0606592921394622,0.5557500000000073));
#189= IFCCARTESIANPOINT((0.9000000000000909,-0.05644999998912681,0.5599592921435284));
#191= IFCCARTESIANPOINT((0.9000000000000909,-0.05069999999250285,0.5615000000000072));
#193= IFCCARTESIANPOINT((0.9000000000000909,-0.0449499999958789,0.5599592921435284));
#195= IFCCARTESIANPOINT((0.9000000000000909,-0.04074070784554351,0.5557500000000073));
#197= IFCCARTESIANPOINT((0.9000000000000909,-0.03919999999197898,0.5500000000000073));
#199= IFCCARTESIANPOINT((0.9000000000000909,-0.04074070784554351,0.5442500000000072));
#201= IFCCARTESIANPOINT((0.9000000000000909,-0.0449499999958789,0.5400407078564862));
#203= IFCCARTESIANPOINT((0.9000000000000909,-0.05069999999250285,0.5385000000000073));
#205= IFCCARTESIANPOINT((0.9000000000000909,-0.05644999998912681,0.5400407078564862));
#207= IFCCARTESIANPOINT((0.9000000000000909,-0.0606592921394622,0.5442500000000072));
#209= IFCCARTESIANPOINT((0.9000000000000909,-0.06219999999302672,0.5500000000000073));
#211= IFCFACEBOUND(#212,.T.);
#212= IFCPOLYLOOP((#187,#189,#191,#193,#195,#197,#199,#201,#203,#205,#207,#209));
#214= IFCCARTESIANPOINT((0.9000000000000909,0.,-1.350031197944578E-16));
#216= IFCCARTESIANPOINT((0.9000000000000909,0.,2.7));
#218= IFCFACEOUTERBOUND(#219,.T.);
#219= IFCPOLYLOOP((#214,#216,#180,#178));
#221= IFCCARTESIANPOINT((0.9000000000000909,-0.06219999999302672,1.350000000000007));
#223= IFCCARTESIANPOINT((0.9000000000000909,-0.0606592921394622,1.355750000000007));
#225= IFCCARTESIANPOINT((0.9000000000000909,-0.05644999998912681,1.359959292143528));
#227= IFCCARTESIANPOINT((0.9000000000000909,-0.05069999999250285,1.361500000000007));
#229= IFCCARTESIANPOINT((0.9000000000000909,-0.0449499999958789,1.359959292143528));
#231= IFCCARTESIANPOINT((0.9000000000000909,-0.04074070784554351,1.355750000000007));
#233= IFCCARTESIANPOINT((0.9000000000000909,-0.03919999999197898,1.350000000000007));
#235= IFCCARTESIANPOINT((0.9000000000000909,-0.04074070784554351,1.344250000000007));
#237= IFCCARTESIANPOINT((0.9000000000000909,-0.0449499999958789,1.340040707856486));
#239= IFCCARTESIANPOINT((0.9000000000000909,-0.05069999999250285,1.338500000000007));
#241= IFCCARTESIANPOINT((0.9000000000000909,-0.05644999998912681,1.340040707856486));
#243= IFCCARTESIANPOINT((0.9000000000000909,-0.0606592921394622,1.344250000000007));
#245= IFCFACEBOUND(#246,.T.);
#246= IFCPOLYLOOP((#221,#223,#225,#227,#229,#231,#233,#235,#237,#239,#241,#243));
#248= IFCCARTESIANPOINT((0.9000000000000909,-0.06219999999302672,2.150000000000007));
#250= IFCCARTESIANPOINT((0.9000000000000909,-0.0606592921394622,2.155750000000007));
#252= IFCCARTESIANPOINT((0.9000000000000909,-0.05644999998912681,2.159959292143529));
#254= IFCCARTESIANPOINT((0.9000000000000909,-0.05069999999250285,2.161500000000007));
#256= IFCCARTESIANPOINT((0.9000000000000909,-0.0449499999958789,2.159959292143529));
#258= IFCCARTESIANPOINT((0.9000000000000909,-0.04074070784554351,2.155750000000007));
#260= IFCCARTESIANPOINT((0.9000000000000909,-0.03919999999197898,2.150000000000007));
#262= IFCCARTESIANPOINT((0.9000000000000909,-0.04074070784554351,2.144250000000008));
#264= IFCCARTESIANPOINT((0.9000000000000909,-0.0449499999958789,2.140040707856486));
#266= IFCCARTESIANPOINT((0.9000000000000909,-0.05069999999250285,2.138500000000008));
#268= IFCCARTESIANPOINT((0.9000000000000909,-0.05644999998912681,2.140040707856486));
#270= IFCCARTESIANPOINT((0.9000000000000909,-0.0606592921394622,2.144250000000008));
#272= IFCFACEBOUND(#273,.T.);
#273= IFCPOLYLOOP((#248,#250,#252,#254,#256,#258,#260,#262,#264,#266,#268,#270));
#275= IFCFACE((#281));
#277= IFCCARTESIANPOINT((0.8919635374902555,0.,2.691963537490196));
#279= IFCCARTESIANPOINT((0.8919635374902555,0.,0.008036462509864182));
#281= IFCFACEOUTERBOUND(#282,.T.);
#282= IFCPOLYLOOP((#277,#216,#214,#279));
#284= IFCFACE((#290));
#286= IFCCARTESIANPOINT((0.8940781745729964,-0.0150464246617048,2.694078174572929));
#288= IFCCARTESIANPOINT((0.8940781745729964,-0.0150464246617048,0.005921825427131427));
#290= IFCFACEOUTERBOUND(#291,.T.);
#291= IFCPOLYLOOP((#286,#277,#279,#288));
#293= IFCFACE((#299));
#295= IFCCARTESIANPOINT((0.8940872513244358,-0.0153236907281098,0.005912748675793401));
#297= IFCCARTESIANPOINT((0.8940872513244358,-0.0153236907281098,2.694087251324267));
#299= IFCFACEOUTERBOUND(#300,.T.);
#300= IFCPOLYLOOP((#288,#295,#297,#286));
#302= IFCFACE((#308));
#304= IFCCARTESIANPOINT((0.894037291739096,-0.01559656963945599,2.694037291739019));
#306= IFCCARTESIANPOINT((0.894037291739096,-0.01559656963945599,0.005962708261041168));
#308= IFCFACEOUTERBOUND(#309,.T.);
#309= IFCPOLYLOOP((#304,#297,#295,#306));
#311= IFCFACE((#317));
#313= IFCCARTESIANPOINT((0.8937719485381876,-0.01608022642903961,0.006228051462038107));
#315= IFCCARTESIANPOINT((0.8937719485381876,-0.01608022642903961,2.693771948538022));
#317= IFCFACEOUTERBOUND(#318,.T.);
#318= IFCPOLYLOOP((#306,#313,#315,#304));
#320= IFCFACE((#326));
#322= IFCCARTESIANPOINT((0.8933299272991917,-0.0164102993439883,2.693329927299152));
#324= IFCCARTESIANPOINT((0.8933299272991917,-0.0164102993439883,0.006670072700908335));
#326= IFCFACEOUTERBOUND(#327,.T.);
#327= IFCPOLYLOOP((#322,#315,#313,#324));
#329= IFCFACE((#335));
#331= IFCCARTESIANPOINT((0.892790826083683,-0.01652734968956793,2.69279082608362));
#333= IFCCARTESIANPOINT((0.892790826083683,-0.01652734968956793,0.007209173916439879));
#335= IFCFACEOUTERBOUND(#336,.T.);
#336= IFCPOLYLOOP((#331,#322,#324,#333));
#338= IFCFACE((#344));
#340= IFCCARTESIANPOINT((0.8789999999999054,-0.01649999999062857,0.02100000000016393));
#342= IFCCARTESIANPOINT((0.8789999999999054,-0.01649999999062857,2.678999999999896));
#344= IFCFACEOUTERBOUND(#345,.T.);
#345= IFCPOLYLOOP((#333,#340,#342,#331));
#347= IFCFACE((#353));
#349= IFCCARTESIANPOINT((0.8774680338963208,-0.01680235892126802,2.677468033896295));
#351= IFCCARTESIANPOINT((0.8774680338963208,-0.01680235892126802,0.02253196610376519));
#353= IFCFACEOUTERBOUND(#354,.T.);
#354= IFCPOLYLOOP((#349,#342,#340,#351));
#356= IFCFACE((#362));
#358= IFCCARTESIANPOINT((0.8761692484802097,-0.01766924847470364,2.676169248480164));
#360= IFCCARTESIANPOINT((0.8761692484802097,-0.01766924847470364,0.02383075151989564));
#362= IFCFACEOUTERBOUND(#363,.T.);
#363= IFCPOLYLOOP((#358,#349,#351,#360));
#365= IFCFACE((#371));
#367= IFCCARTESIANPOINT((0.8753023589240456,-0.01896803389536217,0.02469764107599533));
#369= IFCCARTESIANPOINT((0.8753023589240456,-0.01896803389536217,2.675302358924065));
#371= IFCFACEOUTERBOUND(#372,.T.);
#372= IFCPOLYLOOP((#367,#369,#358,#360));
#374= IFCFACE((#380));
#376= IFCCARTESIANPOINT((0.875075544984611,-0.01971908922860166,0.02492445501554806));
#378= IFCCARTESIANPOINT((0.875075544984611,-0.01971908922860166,2.675075544984512));
#380= IFCFACEOUTERBOUND(#381,.T.);
#381= IFCPOLYLOOP((#367,#376,#378,#369));
#383= IFCFACE((#389));
#385= IFCCARTESIANPOINT((0.875,-0.02049999999871943,0.02500000000005382));
#387= IFCCARTESIANPOINT((0.875,-0.02049999999871943,2.675000000000006));
#389= IFCFACEOUTERBOUND(#390,.T.);
#390= IFCPOLYLOOP((#376,#385,#387,#378));
#392= IFCFACE((#398));
#394= IFCCARTESIANPOINT((0.875,-0.0324999999938882,2.675000000000006));
#396= IFCCARTESIANPOINT((0.875,-0.0324999999938882,0.02500000000005382));
#398= IFCFACEOUTERBOUND(#399,.T.);
#399= IFCPOLYLOOP((#394,#387,#385,#396));
#401= IFCFACE((#407));
#403= IFCCARTESIANPOINT((0.8753044818697617,-0.0340307337246486,0.02469551813019479));
#405= IFCCARTESIANPOINT((0.8750768588784013,-0.03328036128368694,0.02492314112176168));
#407= IFCFACEOUTERBOUND(#408,.T.);
#408= IFCPOLYLOOP((#403,#405,#396));
#410= IFCFACE((#414));
#412= IFCCARTESIANPOINT((0.8761715728751369,-0.03532842711865669,0.02382842712489918));
#414= IFCFACEOUTERBOUND(#415,.T.);
#415= IFCPOLYLOOP((#412,#403,#396));
#417= IFCFACE((#419));
#419= IFCFACEOUTERBOUND(#420,.T.);
#420= IFCPOLYLOOP((#385,#376,#367));
#422= IFCFACE((#430));
#424= IFCCARTESIANPOINT((0.8938790153263199,-0.03649999998742715,0.006120984673807222));
#426= IFCCARTESIANPOINT((0.8789999999999054,-0.03649999998742715,0.02100000000016393));
#428= IFCCARTESIANPOINT((0.8774692662705093,-0.03619551812153077,0.02253073372961837));
#430= IFCFACEOUTERBOUND(#431,.T.);
#431= IFCPOLYLOOP((#424,#426,#428,#412,#396,#385,#367,#360,#351,#340,#333,#324));
#433= IFCFACE((#435));
#435= IFCFACEOUTERBOUND(#436,.T.);
#436= IFCPOLYLOOP((#424,#324,#313));
#438= IFCFACE((#442));
#440= IFCCARTESIANPOINT((0.8946443821910179,-0.03665224092401331,0.005355617809080007));
#442= IFCFACEOUTERBOUND(#443,.T.);
#443= IFCPOLYLOOP((#440,#424,#313));
#445= IFCFACE((#447));
#447= IFCFACEOUTERBOUND(#448,.T.);
#448= IFCPOLYLOOP((#440,#313,#306));
#450= IFCFACE((#454));
#452= IFCCARTESIANPOINT((0.8952932288887041,-0.03708578642545035,0.004706771111439604));
#454= IFCFACEOUTERBOUND(#455,.T.);
#455= IFCPOLYLOOP((#452,#440,#306));
#457= IFCFACE((#459));
#459= IFCFACEOUTERBOUND(#460,.T.);
#460= IFCPOLYLOOP((#452,#306,#295));
#462= IFCFACE((#466));
#464= IFCCARTESIANPOINT((0.895726774391278,-0.0377346331224544,0.004273225608791805));
#466= IFCFACEOUTERBOUND(#467,.T.);
#467= IFCPOLYLOOP((#452,#295,#464));
#469= IFCFACE((#475));
#471= IFCCARTESIANPOINT((0.8958568591472158,-0.08050105501752114,0.004143140852918947));
#473= IFCCARTESIANPOINT((0.8958182496794507,-0.08089108600688633,0.004181750320774816));
#475= IFCFACEOUTERBOUND(#476,.T.);
#476= IFCPOLYLOOP((#471,#178,#473));
#478= IFCFACE((#482));
#480= IFCCARTESIANPOINT((0.8957043155392057,-0.08126609783357708,0.004295684461033654));
#482= IFCFACEOUTERBOUND(#483,.T.);
#483= IFCPOLYLOOP((#480,#473,#178));
#485= IFCFACE((#489));
#487= IFCCARTESIANPOINT((0.8952706999293696,-0.08191458650981076,0.004729300070719271));
#489= IFCFACEOUTERBOUND(#490,.T.);
#490= IFCPOLYLOOP((#487,#480,#178));
#492= IFCFACE((#504));
#494= IFCCARTESIANPOINT((0.8811222183940117,-0.08371004959190032,0.01887778160606585));
#496= IFCCARTESIANPOINT((0.8824329389947252,-0.08281490829540417,0.01756706100525479));
#498= IFCCARTESIANPOINT((0.8839886057962758,-0.08249999998952262,0.01601139420381288));
#500= IFCCARTESIANPOINT((0.8938568594251137,-0.08249999998952262,0.006143140575013258));
#502= IFCCARTESIANPOINT((0.8946219826034394,-0.08234785997046856,0.005378017396739152));
#504= IFCFACEOUTERBOUND(#505,.T.);
#505= IFCPOLYLOOP((#171,#169,#494,#496,#498,#500,#502,#487,#178));
#507= IFCFACE((#513));
#509= IFCCARTESIANPOINT((0.8958790153264999,-0.0384999999878346,0.004120984673634907));
#511= IFCCARTESIANPOINT((0.8958405858870719,-0.0381098193465732,0.004159414113008359));
#513= IFCFACEOUTERBOUND(#514,.T.);
#514= IFCPOLYLOOP((#509,#511,#214));
#516= IFCFACE((#518));
#518= IFCFACEOUTERBOUND(#519,.T.);
#519= IFCPOLYLOOP((#214,#178,#471,#509));
#521= IFCFACE((#523));
#523= IFCFACEOUTERBOUND(#524,.T.);
#524= IFCPOLYLOOP((#214,#511,#464,#295));
#526= IFCFACE((#528));
#528= IFCFACEOUTERBOUND(#529,.T.);
#529= IFCPOLYLOOP((#214,#295,#288));
#531= IFCFACE((#533));
#533= IFCFACEOUTERBOUND(#534,.T.);
#534= IFCPOLYLOOP((#214,#288,#279));
#536= IFCFACE((#540));
#538= IFCCARTESIANPOINT((0.8750768588784013,-0.03328036128368694,2.675076858878298));
#540= IFCFACEOUTERBOUND(#541,.T.);
#541= IFCPOLYLOOP((#396,#405,#538,#394));
#543= IFCFACE((#547));
#545= IFCCARTESIANPOINT((0.8753044818697617,-0.0340307337246486,2.675304481869865));
#547= IFCFACEOUTERBOUND(#548,.T.);
#548= IFCPOLYLOOP((#545,#538,#405,#403));
#550= IFCFACE((#554));
#552= IFCCARTESIANPOINT((0.8761715728751369,-0.03532842711865669,2.676171572875161));
#554= IFCFACEOUTERBOUND(#555,.T.);
#555= IFCPOLYLOOP((#412,#552,#545,#403));
#557= IFCFACE((#561));
#559= IFCCARTESIANPOINT((0.8774692662705093,-0.03619551812153077,2.677469266270442));
#561= IFCFACEOUTERBOUND(#562,.T.);
#562= IFCPOLYLOOP((#559,#552,#412,#428));
#564= IFCFACE((#568));
#566= IFCCARTESIANPOINT((0.8789999999999054,-0.03649999998742715,2.678999999999896));
#568= IFCFACEOUTERBOUND(#569,.T.);
#569= IFCPOLYLOOP((#428,#426,#566,#559));
#571= IFCFACE((#575));
#573= IFCCARTESIANPOINT((0.8938790153263199,-0.03649999998742715,2.693879015326253));
#575= IFCFACEOUTERBOUND(#576,.T.);
#576= IFCPOLYLOOP((#426,#424,#573,#566));
#578= IFCFACE((#582));
#580= IFCCARTESIANPOINT((0.8946443821910179,-0.03665224092401331,2.69464438219098));
#582= IFCFACEOUTERBOUND(#583,.T.);
#583= IFCPOLYLOOP((#580,#573,#424,#440));
#585= IFCFACE((#589));
#587= IFCCARTESIANPOINT((0.8952932288887041,-0.03708578642545035,2.695293228888621));
#589= IFCFACEOUTERBOUND(#590,.T.);
#590= IFCPOLYLOOP((#587,#580,#440,#452));
#592= IFCFACE((#596));
#594= IFCCARTESIANPOINT((0.895726774391278,-0.0377346331224544,2.695726774391269));
#596= IFCFACEOUTERBOUND(#597,.T.);
#597= IFCPOLYLOOP((#594,#587,#452,#464));
#599= IFCFACE((#603));
#601= IFCCARTESIANPOINT((0.8958405858870719,-0.0381098193465732,2.695840585887052));
#603= IFCFACEOUTERBOUND(#604,.T.);
#604= IFCPOLYLOOP((#601,#594,#464,#511));
#606= IFCFACE((#610));
#608= IFCCARTESIANPOINT((0.8958790153264999,-0.0384999999878346,2.695879015326425));
#610= IFCFACEOUTERBOUND(#611,.T.);
#611= IFCPOLYLOOP((#511,#509,#608,#601));
#613= IFCFACE((#621));
#615= IFCCARTESIANPOINT((0.8958786460661941,-0.03919999999197898,1.350000000000007));
#617= IFCCARTESIANPOINT((0.8958786460661941,-0.03919999999197898,2.150000000000007));
#619= IFCCARTESIANPOINT((0.8958786460661941,-0.03919999999197898,0.5500000000000073));
#621= IFCFACEOUTERBOUND(#622,.T.);
#622= IFCPOLYLOOP((#615,#617,#608,#509,#619));
#624= IFCFACE((#694));
#626= IFCCARTESIANPOINT((0.8958673259712668,-0.0606592921394622,0.5442500000000072));
#628= IFCCARTESIANPOINT((0.8958695464352786,-0.05644999998912681,0.5400407078564862));
#630= IFCCARTESIANPOINT((0.8958725796455838,-0.05069999999250285,0.5385000000000073));
#632= IFCCARTESIANPOINT((0.8958756128558889,-0.0449499999958789,0.5400407078564862));
#634= IFCCARTESIANPOINT((0.8958778333199007,-0.04074070784554351,0.5442500000000072));
#636= IFCCARTESIANPOINT((0.8958568591472158,-0.08050105501752114,2.695856859147141));
#638= IFCCARTESIANPOINT((0.8958778333199007,-0.04074070784554351,2.155750000000007));
#640= IFCCARTESIANPOINT((0.8958756128558889,-0.0449499999958789,2.159959292143529));
#642= IFCCARTESIANPOINT((0.8958725796455838,-0.05069999999250285,2.161500000000007));
#644= IFCCARTESIANPOINT((0.8958695464352786,-0.05644999998912681,2.159959292143529));
#646= IFCCARTESIANPOINT((0.8958673259712668,-0.0606592921394622,2.155750000000007));
#648= IFCCARTESIANPOINT((0.8958665132249735,-0.06219999999302672,2.150000000000007));
#650= IFCCARTESIANPOINT((0.8958673259712668,-0.0606592921394622,2.144250000000008));
#652= IFCCARTESIANPOINT((0.8958695464352786,-0.05644999998912681,2.140040707856486));
#654= IFCCARTESIANPOINT((0.8958725796455838,-0.05069999999250285,2.138500000000008));
#656= IFCCARTESIANPOINT((0.8958756128558889,-0.0449499999958789,2.140040707856486));
#658= IFCCARTESIANPOINT((0.8958778333199007,-0.04074070784554351,2.144250000000008));
#660= IFCCARTESIANPOINT((0.8958778333199007,-0.04074070784554351,1.355750000000007));
#662= IFCCARTESIANPOINT((0.8958756128558889,-0.0449499999958789,1.359959292143528));
#664= IFCCARTESIANPOINT((0.8958725796455838,-0.05069999999250285,1.361500000000007));
#666= IFCCARTESIANPOINT((0.8958695464352786,-0.05644999998912681,1.359959292143528));
#668= IFCCARTESIANPOINT((0.8958673259712668,-0.0606592921394622,1.355750000000007));
#670= IFCCARTESIANPOINT((0.8958665132249735,-0.06219999999302672,1.350000000000007));
#672= IFCCARTESIANPOINT((0.8958673259712668,-0.0606592921394622,1.344250000000007));
#674= IFCCARTESIANPOINT((0.8958695464352786,-0.05644999998912681,1.340040707856486));
#676= IFCCARTESIANPOINT((0.8958725796455838,-0.05069999999250285,1.338500000000007));
#678= IFCCARTESIANPOINT((0.8958756128558889,-0.0449499999958789,1.340040707856486));
#680= IFCCARTESIANPOINT((0.8958778333199007,-0.04074070784554351,1.344250000000007));
#682= IFCCARTESIANPOINT((0.8958778333199007,-0.04074070784554351,0.5557500000000073));
#684= IFCCARTESIANPOINT((0.8958756128558889,-0.0449499999958789,0.5599592921435284));
#686= IFCCARTESIANPOINT((0.8958725796455838,-0.05069999999250285,0.5615000000000072));
#688= IFCCARTESIANPOINT((0.8958695464352786,-0.05644999998912681,0.5599592921435284));
#690= IFCCARTESIANPOINT((0.8958673259712668,-0.0606592921394622,0.5557500000000073));
#692= IFCCARTESIANPOINT((0.8958665132249735,-0.06219999999302672,0.5500000000000073));
#694= IFCFACEOUTERBOUND(#695,.T.);
#695= IFCPOLYLOOP((#626,#628,#630,#632,#634,#619,#509,#471,#636,#608,#617,#638,#640,#642,#644,#646,#648,#650,#652,#654,#656,#658,#615,#660,#662,#664,#666,#668,#670,#672,#674,#676,#678,#680,#682,#684,#686,#688,#690,#692));
#697= IFCFACE((#701));
#699= IFCCARTESIANPOINT((0.8958182496794507,-0.08089108600688633,2.695818249679285));
#701= IFCFACEOUTERBOUND(#702,.T.);
#702= IFCPOLYLOOP((#471,#473,#699,#636));
#704= IFCFACE((#708));
#706= IFCCARTESIANPOINT((0.8957043155392057,-0.08126609783357708,2.695704315539027));
#708= IFCFACEOUTERBOUND(#709,.T.);
#709= IFCPOLYLOOP((#706,#699,#473,#480));
#711= IFCFACE((#715));
#713= IFCCARTESIANPOINT((0.8952706999293696,-0.08191458650981076,2.695270699929341));
#715= IFCFACEOUTERBOUND(#716,.T.);
#716= IFCPOLYLOOP((#713,#706,#480,#487));
#718= IFCFACE((#722));
#720= IFCCARTESIANPOINT((0.8946219826034394,-0.08234785997046856,2.694621982603321));
#722= IFCFACEOUTERBOUND(#723,.T.);
#723= IFCPOLYLOOP((#502,#720,#713,#487));
#725= IFCFACE((#729));
#727= IFCCARTESIANPOINT((0.8938568594251137,-0.08249999998952262,2.693856859425047));
#729= IFCFACEOUTERBOUND(#730,.T.);
#730= IFCPOLYLOOP((#502,#500,#727,#720));
#732= IFCFACE((#736));
#734= IFCCARTESIANPOINT((0.8839886057962758,-0.08249999998952262,2.683988605796247));
#736= IFCFACEOUTERBOUND(#737,.T.);
#737= IFCPOLYLOOP((#500,#498,#734,#727));
#739= IFCFACE((#743));
#741= IFCCARTESIANPOINT((0.8824329389947252,-0.08281490829540417,2.682432938994805));
#743= IFCFACEOUTERBOUND(#744,.T.);
#744= IFCPOLYLOOP((#741,#734,#498,#496));
#746= IFCFACE((#750));
#748= IFCCARTESIANPOINT((0.8811222183940117,-0.08371004959190032,2.681122218393994));
#750= IFCFACEOUTERBOUND(#751,.T.);
#751= IFCPOLYLOOP((#748,#741,#496,#494));
#753= IFCFACE((#755));
#755= IFCFACEOUTERBOUND(#756,.T.);
#756= IFCPOLYLOOP((#494,#169,#167,#748));
#758= IFCFACE((#760));
#760= IFCFACEOUTERBOUND(#761,.T.);
#761= IFCPOLYLOOP((#713,#180,#706));
#763= IFCFACE((#765));
#765= IFCFACEOUTERBOUND(#766,.T.);
#766= IFCPOLYLOOP((#608,#216,#601));
#768= IFCFACE((#770));
#770= IFCFACEOUTERBOUND(#771,.T.);
#771= IFCPOLYLOOP((#394,#538,#545));
#773= IFCFACE((#775));
#775= IFCFACEOUTERBOUND(#776,.T.);
#776= IFCPOLYLOOP((#394,#545,#552));
#778= IFCFACE((#780));
#780= IFCFACEOUTERBOUND(#781,.T.);
#781= IFCPOLYLOOP((#369,#378,#387));
#783= IFCFACE((#785));
#785= IFCFACEOUTERBOUND(#786,.T.);
#786= IFCPOLYLOOP((#342,#349,#358,#369,#387,#394,#552,#559,#566,#573,#322,#331));
#788= IFCFACE((#790));
#790= IFCFACEOUTERBOUND(#791,.T.);
#791= IFCPOLYLOOP((#315,#322,#573));
#793= IFCFACE((#795));
#795= IFCFACEOUTERBOUND(#796,.T.);
#796= IFCPOLYLOOP((#315,#573,#580));
#798= IFCFACE((#800));
#800= IFCFACEOUTERBOUND(#801,.T.);
#801= IFCPOLYLOOP((#304,#315,#580));
#803= IFCFACE((#805));
#805= IFCFACEOUTERBOUND(#806,.T.);
#806= IFCPOLYLOOP((#304,#580,#587));
#808= IFCFACE((#810));
#810= IFCFACEOUTERBOUND(#811,.T.);
#811= IFCPOLYLOOP((#297,#304,#587));
#813= IFCFACE((#815));
#815= IFCFACEOUTERBOUND(#816,.T.);
#816= IFCPOLYLOOP((#297,#587,#594));
#818= IFCFACE((#820));
#820= IFCFACEOUTERBOUND(#821,.T.);
#821= IFCPOLYLOOP((#601,#216,#297,#594));
#823= IFCFACE((#825));
#825= IFCFACEOUTERBOUND(#826,.T.);
#826= IFCPOLYLOOP((#286,#297,#216));
#828= IFCFACE((#830));
#830= IFCFACEOUTERBOUND(#831,.T.);
#831= IFCPOLYLOOP((#286,#216,#277));
#833= IFCFACE((#835));
#835= IFCFACEOUTERBOUND(#836,.T.);
#836= IFCPOLYLOOP((#699,#706,#180));
#838= IFCFACE((#840));
#840= IFCFACEOUTERBOUND(#841,.T.);
#841= IFCPOLYLOOP((#636,#699,#180));
#843= IFCFACE((#845));
#845= IFCFACEOUTERBOUND(#846,.T.);
#846= IFCPOLYLOOP((#216,#608,#636,#180));
#848= IFCFACE((#850));
#850= IFCFACEOUTERBOUND(#851,.T.);
#851= IFCPOLYLOOP((#180,#713,#720,#727,#734,#741,#748,#167,#165));
#853= IFCFACE((#855));
#855= IFCFACEOUTERBOUND(#856,.T.);
#856= IFCPOLYLOOP((#652,#650,#270,#268));
#858= IFCFACE((#860));
#860= IFCFACEOUTERBOUND(#861,.T.);
#861= IFCPOLYLOOP((#654,#652,#268,#266));
#863= IFCFACE((#865));
#865= IFCFACEOUTERBOUND(#866,.T.);
#866= IFCPOLYLOOP((#266,#264,#656,#654));
#868= IFCFACE((#870));
#870= IFCFACEOUTERBOUND(#871,.T.);
#871= IFCPOLYLOOP((#264,#262,#658,#656));
#873= IFCFACE((#875));
#875= IFCFACEOUTERBOUND(#876,.T.);
#876= IFCPOLYLOOP((#617,#658,#262,#260));
#878= IFCFACE((#880));
#880= IFCFACEOUTERBOUND(#881,.T.);
#881= IFCPOLYLOOP((#638,#617,#260,#258));
#883= IFCFACE((#885));
#885= IFCFACEOUTERBOUND(#886,.T.);
#886= IFCPOLYLOOP((#256,#640,#638,#258));
#888= IFCFACE((#890));
#890= IFCFACEOUTERBOUND(#891,.T.);
#891= IFCPOLYLOOP((#642,#640,#256,#254));
#893= IFCFACE((#895));
#895= IFCFACEOUTERBOUND(#896,.T.);
#896= IFCPOLYLOOP((#644,#642,#254,#252));
#898= IFCFACE((#900));
#900= IFCFACEOUTERBOUND(#901,.T.);
#901= IFCPOLYLOOP((#250,#646,#644,#252));
#903= IFCFACE((#905));
#905= IFCFACEOUTERBOUND(#906,.T.);
#906= IFCPOLYLOOP((#648,#646,#250,#248));
#908= IFCFACE((#910));
#910= IFCFACEOUTERBOUND(#911,.T.);
#911= IFCPOLYLOOP((#648,#248,#270,#650));
#913= IFCFACE((#915));
#915= IFCFACEOUTERBOUND(#916,.T.);
#916= IFCPOLYLOOP((#674,#672,#243,#241));
#918= IFCFACE((#920));
#920= IFCFACEOUTERBOUND(#921,.T.);
#921= IFCPOLYLOOP((#241,#239,#676,#674));
#923= IFCFACE((#925));
#925= IFCFACEOUTERBOUND(#926,.T.);
#926= IFCPOLYLOOP((#678,#676,#239,#237));
#928= IFCFACE((#930));
#930= IFCFACEOUTERBOUND(#931,.T.);
#931= IFCPOLYLOOP((#680,#678,#237,#235));
#933= IFCFACE((#935));
#935= IFCFACEOUTERBOUND(#936,.T.);
#936= IFCPOLYLOOP((#615,#680,#235,#233));
#938= IFCFACE((#940));
#940= IFCFACEOUTERBOUND(#941,.T.);
#941= IFCPOLYLOOP((#660,#615,#233,#231));
#943= IFCFACE((#945));
#945= IFCFACEOUTERBOUND(#946,.T.);
#946= IFCPOLYLOOP((#662,#660,#231,#229));
#948= IFCFACE((#950));
#950= IFCFACEOUTERBOUND(#951,.T.);
#951= IFCPOLYLOOP((#664,#662,#229,#227));
#953= IFCFACE((#955));
#955= IFCFACEOUTERBOUND(#956,.T.);
#956= IFCPOLYLOOP((#225,#666,#664,#227));
#958= IFCFACE((#960));
#960= IFCFACEOUTERBOUND(#961,.T.);
#961= IFCPOLYLOOP((#668,#666,#225,#223));
#963= IFCFACE((#965));
#965= IFCFACEOUTERBOUND(#966,.T.);
#966= IFCPOLYLOOP((#670,#668,#223,#221));
#968= IFCFACE((#970));
#970= IFCFACEOUTERBOUND(#971,.T.);
#971= IFCPOLYLOOP((#670,#221,#243,#672));
#973= IFCFACE((#975));
#975= IFCFACEOUTERBOUND(#976,.T.);
#976= IFCPOLYLOOP((#626,#692,#209,#207));
#978= IFCFACE((#980));
#980= IFCFACEOUTERBOUND(#981,.T.);
#981= IFCPOLYLOOP((#628,#626,#207,#205));
#983= IFCFACE((#985));
#985= IFCFACEOUTERBOUND(#986,.T.);
#986= IFCPOLYLOOP((#205,#203,#630,#628));
#988= IFCFACE((#990));
#990= IFCFACEOUTERBOUND(#991,.T.);
#991= IFCPOLYLOOP((#632,#630,#203,#201));
#993= IFCFACE((#995));
#995= IFCFACEOUTERBOUND(#996,.T.);
#996= IFCPOLYLOOP((#634,#632,#201,#199));
#998= IFCFACE((#1000));
#1000= IFCFACEOUTERBOUND(#1001,.T.);
#1001= IFCPOLYLOOP((#619,#634,#199,#197));
#1003= IFCFACE((#1005));
#1005= IFCFACEOUTERBOUND(#1006,.T.);
#1006= IFCPOLYLOOP((#195,#682,#619,#197));
#1008= IFCFACE((#1010));
#1010= IFCFACEOUTERBOUND(#1011,.T.);
#1011= IFCPOLYLOOP((#684,#682,#195,#193));
#1013= IFCFACE((#1015));
#1015= IFCFACEOUTERBOUND(#1016,.T.);
#1016= IFCPOLYLOOP((#686,#684,#193,#191));
#1018= IFCFACE((#1020));
#1020= IFCFACEOUTERBOUND(#1021,.T.);
#1021= IFCPOLYLOOP((#688,#686,#191,#189));
#1023= IFCFACE((#1025));
#1025= IFCFACEOUTERBOUND(#1026,.T.);
#1026= IFCPOLYLOOP((#690,#688,#189,#187));
#1028= IFCFACE((#1030));
#1030= IFCFACEOUTERBOUND(#1031,.T.);
#1031= IFCPOLYLOOP((#692,#690,#187,#209));
#1033= IFCCLOSEDSHELL((#163,#176,#185,#275,#284,#293,#302,#311,#320,#329,#338,#347,#356,#365,#374,#383,#392,#401,#410,#417,#422,#433,#438,#445,#450,#457,#462,#469,#478,#485,#492,#507,#516,#521,#526,#531,#536,#543,#550,#557,#564,#571,#578,#585,#592,#599,#606,#613,#624,#697,#704,#711,#718,#725,#732,#739,#746,#753,#758,#763,#768,#773,#778,#783,#788,#793,#798,#803,#808,#813,#818,#823,#828,#833,#838,#843,#848,#853,#858,#863,#868,#873,#878,#883,#888,#893,#898,#903,#908,#913,#918,#923,#928,#933,#938,#943,#948,#953,#958,#963,#968,#973,#978,#983,#988,#993,#998,#1003,#1008,#1013,#1018,#1023,#1028));
#1035= IFCFACETEDBREP(#1033);
#1036= IFCPRESENTATIONSTYLEASSIGNMENT((#1038));
#1038= IFCSURFACESTYLE($,.POSITIVE.,(#1040));
#1039= IFCCOLOURRGB($,1.,0.7490196078431373,0.);
#1040= IFCSURFACESTYLESHADING(#1039);
#1042= IFCSTYLEDITEM(#1035,(#1036),$);
#1045= IFCGEOMETRICREPRESENTATIONSUBCONTEXT('Body','Model',*,*,*,*,#7,$,.MODEL_VIEW.,$);
#1048= IFCPRESENTATIONLAYERWITHSTYLE('ATK-60','',(#157,#1065,#1971,#2271,#2571,#2715,#2859,#3171,#3471,#3615,#3759,#4071,#4143,#4215,#4287,#4359,#4431,#5004,#5547,#5619,#5691,#5991,#6291,#6591,#7119,#7647,#8175,#8703,#9231),$,.T.,.F.,.F.,(#1053));
#1052= IFCCOLOURRGB($,1.,0.7490196078431373,0.);
#1053= IFCCURVESTYLE($,$,$,#1052);
#1056= IFCBUILDINGELEMENTPROXY('23ZonXkia7WG00000000Qx',#41,$,$,$,#1058,#1063,$,$);
#1058= IFCLOCALPLACEMENT(#65,#1061);
#1059= IFCCARTESIANPOINT((0.,0.,0.));
#1061= IFCAXIS2PLACEMENT3D(#1059,$,$);
#1063= IFCPRODUCTDEFINITIONSHAPE($,$,(#1065));
#1065= IFCSHAPEREPRESENTATION(#1045,'Body','Brep',(#1949));
#1067= IFCFACE((#1093,#1120,#1147,#1158));
#1069= IFCCARTESIANPOINT((2.273736754432321E-13,-0.0606592921394622,0.5442500000000072));
#1071= IFCCARTESIANPOINT((2.273736754432321E-13,-0.05644999998912681,0.5400407078564862));
#1073= IFCCARTESIANPOINT((2.273736754432321E-13,-0.05069999999250285,0.5385000000000073));
#1075= IFCCARTESIANPOINT((2.273736754432321E-13,-0.0449499999958789,0.5400407078564862));
#1077= IFCCARTESIANPOINT((2.273736754432321E-13,-0.04074070784554351,0.5442500000000072));
#1079= IFCCARTESIANPOINT((2.273736754432321E-13,-0.03919999999197898,0.5500000000000073));
#1081= IFCCARTESIANPOINT((2.273736754432321E-13,-0.04074070784554351,0.5557500000000073));
#1083= IFCCARTESIANPOINT((2.273736754432321E-13,-0.0449499999958789,0.5599592921435284));
#1085= IFCCARTESIANPOINT((2.273736754432321E-13,-0.05069999999250285,0.5615000000000072));
#1087= IFCCARTESIANPOINT((2.273736754432321E-13,-0.05644999998912681,0.5599592921435284));
#1089= IFCCARTESIANPOINT((2.273736754432321E-13,-0.0606592921394622,0.5557500000000073));
#1091= IFCCARTESIANPOINT((2.273736754432321E-13,-0.06219999999302672,0.5500000000000073));
#1093= IFCFACEBOUND(#1094,.T.);
#1094= IFCPOLYLOOP((#1069,#1071,#1073,#1075,#1077,#1079,#1081,#1083,#1085,#1087,#1089,#1091));
#1096= IFCCARTESIANPOINT((2.273736754432321E-13,-0.05069999999250285,1.338500000000007));
#1098= IFCCARTESIANPOINT((2.273736754432321E-13,-0.0449499999958789,1.340040707856486));
#1100= IFCCARTESIANPOINT((2.273736754432321E-13,-0.04074070784554351,1.344250000000007));
#1102= IFCCARTESIANPOINT((2.273736754432321E-13,-0.03919999999197898,1.350000000000007));
#1104= IFCCARTESIANPOINT((2.273736754432321E-13,-0.04074070784554351,1.355750000000007));
#1106= IFCCARTESIANPOINT((2.273736754432321E-13,-0.0449499999958789,1.359959292143528));
#1108= IFCCARTESIANPOINT((2.273736754432321E-13,-0.05069999999250285,1.361500000000007));
#1110= IFCCARTESIANPOINT((2.273736754432321E-13,-0.05644999998912681,1.359959292143528));
#1112= IFCCARTESIANPOINT((2.273736754432321E-13,-0.0606592921394622,1.355750000000007));
#1114= IFCCARTESIANPOINT((2.273736754432321E-13,-0.06219999999302672,1.350000000000007));
#1116= IFCCARTESIANPOINT((2.273736754432321E-13,-0.0606592921394622,1.344250000000007));
#1118= IFCCARTESIANPOINT((2.273736754432321E-13,-0.05644999998912681,1.340040707856486));
#1120= IFCFACEBOUND(#1121,.T.);
#1121= IFCPOLYLOOP((#1096,#1098,#1100,#1102,#1104,#1106,#1108,#1110,#1112,#1114,#1116,#1118));
#1123= IFCCARTESIANPOINT((2.273736754432321E-13,-0.04074070784554351,2.155750000000007));
#1125= IFCCARTESIANPOINT((2.273736754432321E-13,-0.0449499999958789,2.159959292143529));
#1127= IFCCARTESIANPOINT((2.273736754432321E-13,-0.05069999999250285,2.161500000000007));
#1129= IFCCARTESIANPOINT((2.273736754432321E-13,-0.05644999998912681,2.159959292143529));
#1131= IFCCARTESIANPOINT((2.273736754432321E-13,-0.0606592921394622,2.155750000000007));
#1133= IFCCARTESIANPOINT((2.273736754432321E-13,-0.06219999999302672,2.150000000000007));
#1135= IFCCARTESIANPOINT((2.273736754432321E-13,-0.0606592921394622,2.144250000000008));
#1137= IFCCARTESIANPOINT((2.273736754432321E-13,-0.05644999998912681,2.140040707856486));
#1139= IFCCARTESIANPOINT((2.273736754432321E-13,-0.05069999999250285,2.138500000000008));
#1141= IFCCARTESIANPOINT((2.273736754432321E-13,-0.0449499999958789,2.140040707856486));
#1143= IFCCARTESIANPOINT((2.273736754432321E-13,-0.04074070784554351,2.144250000000008));
#1145= IFCCARTESIANPOINT((2.273736754432321E-13,-0.03919999999197898,2.150000000000007));
#1147= IFCFACEBOUND(#1148,.T.);
#1148= IFCPOLYLOOP((#1123,#1125,#1127,#1129,#1131,#1133,#1135,#1137,#1139,#1141,#1143,#1145));
#1150= IFCCARTESIANPOINT((2.273736754432321E-13,-0.1199999999880674,2.7));
#1152= IFCCARTESIANPOINT((2.273736754432321E-13,0.,2.7));
#1154= IFCCARTESIANPOINT((2.273736754432321E-13,0.,-1.350031197944578E-16));
#1156= IFCCARTESIANPOINT((2.273736754432321E-13,-0.1199999999880674,-1.570467621777778E-16));
#1158= IFCFACEOUTERBOUND(#1159,.T.);
#1159= IFCPOLYLOOP((#1150,#1152,#1154,#1156));
#1161= IFCFACE((#1171));
#1163= IFCCARTESIANPOINT((0.02500000000031832,-0.0324999999938882,0.02500000000031818));
#1165= IFCCARTESIANPOINT((0.02500000000031832,-0.02049999999871943,0.02500000000031818));
#1167= IFCCARTESIANPOINT((0.02500000000031832,-0.02049999999871943,2.674999999999627));
#1169= IFCCARTESIANPOINT((0.02500000000031832,-0.0324999999938882,2.674999999999627));
#1171= IFCFACEOUTERBOUND(#1172,.T.);
#1172= IFCPOLYLOOP((#1163,#1165,#1167,#1169));
#1174= IFCFACE((#1184));
#1176= IFCCARTESIANPOINT((0.02100000000018554,-0.03649999998742715,0.02100000000018539));
#1178= IFCCARTESIANPOINT((0.0225307337295817,-0.03619551812153077,0.02253073372964578));
#1180= IFCCARTESIANPOINT((0.0225307337295817,-0.03619551812153077,2.677469266270299));
#1182= IFCCARTESIANPOINT((0.02100000000018554,-0.03649999998742715,2.67899999999976));
#1184= IFCFACEOUTERBOUND(#1185,.T.);
#1185= IFCPOLYLOOP((#1176,#1178,#1180,#1182));
#1187= IFCFACE((#1193));
#1189= IFCCARTESIANPOINT((0.02382842712495403,-0.03532842711865669,0.02382842712493163));
#1191= IFCCARTESIANPOINT((0.02382842712495403,-0.03532842711865669,2.676171572875014));
#1193= IFCFACEOUTERBOUND(#1194,.T.);
#1194= IFCPOLYLOOP((#1189,#1191,#1180,#1178));
#1196= IFCFACE((#1202));
#1198= IFCCARTESIANPOINT((0.02469551813032922,-0.0340307337246486,2.675304481869715));
#1200= IFCCARTESIANPOINT((0.02469551813032922,-0.0340307337246486,0.0246955181302306));
#1202= IFCFACEOUTERBOUND(#1203,.T.);
#1203= IFCPOLYLOOP((#1198,#1191,#1189,#1200));
#1205= IFCFACE((#1211));
#1207= IFCCARTESIANPOINT((0.0249231411216897,-0.03328036128368694,2.675076858878147));
#1209= IFCCARTESIANPOINT((0.0249231411216897,-0.03328036128368694,0.02492314112179837));
#1211= IFCFACEOUTERBOUND(#1212,.T.);
#1212= IFCPOLYLOOP((#1207,#1198,#1200,#1209));
#1214= IFCFACE((#1216));
#1216= IFCFACEOUTERBOUND(#1217,.T.);
#1217= IFCPOLYLOOP((#1209,#1163,#1169,#1207));
#1219= IFCFACE((#1225));
#1221= IFCCARTESIANPOINT((0.00612098467377109,-0.03649999998742715,2.693879015326174));
#1223= IFCCARTESIANPOINT((0.00612098467377109,-0.03649999998742715,0.006120984673770947));
#1225= IFCFACEOUTERBOUND(#1226,.T.);
#1226= IFCPOLYLOOP((#1182,#1221,#1223,#1176));
#1228= IFCFACE((#1238));
#1230= IFCCARTESIANPOINT((0.004159414113019011,-0.0381098193465732,2.695840585886981));
#1232= IFCCARTESIANPOINT((0.004120984673818384,-0.0384999999878346,2.695879015326127));
#1234= IFCCARTESIANPOINT((0.004120984673818384,-0.0384999999878346,0.004120984673818242));
#1236= IFCCARTESIANPOINT((0.004159414113019011,-0.0381098193465732,0.004159414112964472));
#1238= IFCFACEOUTERBOUND(#1239,.T.);
#1239= IFCPOLYLOOP((#1230,#1232,#1234,#1236));
#1241= IFCFACE((#1247));
#1243= IFCCARTESIANPOINT((0.004273225608812936,-0.0377346331224544,2.695726774391197));
#1245= IFCCARTESIANPOINT((0.004273225608812936,-0.0377346331224544,0.00427322560874836));
#1247= IFCFACEOUTERBOUND(#1248,.T.);
#1248= IFCPOLYLOOP((#1243,#1230,#1236,#1245));
#1250= IFCFACE((#1256));
#1252= IFCCARTESIANPOINT((0.004706771111386843,-0.03708578642545035,0.004706771111397842));
#1254= IFCCARTESIANPOINT((0.004706771111386843,-0.03708578642545035,2.695293228888548));
#1256= IFCFACEOUTERBOUND(#1257,.T.);
#1257= IFCPOLYLOOP((#1252,#1254,#1243,#1245));
#1259= IFCFACE((#1265));
#1261= IFCCARTESIANPOINT((0.00535561780907301,-0.03665224092401331,0.005355617809040762));
#1263= IFCCARTESIANPOINT((0.00535561780907301,-0.03665224092401331,2.694644382190905));
#1265= IFCFACEOUTERBOUND(#1266,.T.);
#1266= IFCPOLYLOOP((#1261,#1263,#1254,#1252));
#1268= IFCFACE((#1270));
#1270= IFCFACEOUTERBOUND(#1271,.T.);
#1271= IFCPOLYLOOP((#1221,#1263,#1261,#1223));
#1273= IFCFACE((#1281));
#1275= IFCCARTESIANPOINT((0.004121353934124272,-0.03919999999197898,0.5500000000000073));
#1277= IFCCARTESIANPOINT((0.004121353934124272,-0.03919999999197898,2.150000000000007));
#1279= IFCCARTESIANPOINT((0.004121353934124272,-0.03919999999197898,1.350000000000007));
#1281= IFCFACEOUTERBOUND(#1282,.T.);
#1282= IFCPOLYLOOP((#1275,#1234,#1232,#1277,#1279));
#1284= IFCFACE((#1356));
#1286= IFCCARTESIANPOINT((0.004133486775344863,-0.06219999999302672,1.350000000000007));
#1288= IFCCARTESIANPOINT((0.004132674029051486,-0.0606592921394622,1.355750000000007));
#1290= IFCCARTESIANPOINT((0.004130453565039716,-0.05644999998912681,1.359959292143528));
#1292= IFCCARTESIANPOINT((0.004127420354734568,-0.05069999999250285,1.361500000000007));
#1294= IFCCARTESIANPOINT((0.00412438714442942,-0.0449499999958789,1.359959292143528));
#1296= IFCCARTESIANPOINT((0.004122166680417649,-0.04074070784554351,1.355750000000007));
#1298= IFCCARTESIANPOINT((0.004122166680417649,-0.04074070784554351,2.144250000000008));
#1300= IFCCARTESIANPOINT((0.00412438714442942,-0.0449499999958789,2.140040707856486));
#1302= IFCCARTESIANPOINT((0.004127420354734568,-0.05069999999250285,2.138500000000008));
#1304= IFCCARTESIANPOINT((0.004130453565039716,-0.05644999998912681,2.140040707856486));
#1306= IFCCARTESIANPOINT((0.004132674029051486,-0.0606592921394622,2.144250000000008));
#1308= IFCCARTESIANPOINT((0.004133486775344863,-0.06219999999302672,2.150000000000007));
#1310= IFCCARTESIANPOINT((0.004132674029051486,-0.0606592921394622,2.155750000000007));
#1312= IFCCARTESIANPOINT((0.004130453565039716,-0.05644999998912681,2.159959292143529));
#1314= IFCCARTESIANPOINT((0.004127420354734568,-0.05069999999250285,2.161500000000007));
#1316= IFCCARTESIANPOINT((0.00412438714442942,-0.0449499999958789,2.159959292143529));
#1318= IFCCARTESIANPOINT((0.004122166680417649,-0.04074070784554351,2.155750000000007));
#1320= IFCCARTESIANPOINT((0.004143140853102523,-0.08050105501752114,2.695856859146843));
#1322= IFCCARTESIANPOINT((0.004143140853102523,-0.08050105501752114,0.004143140853102373));
#1324= IFCCARTESIANPOINT((0.004122166680417649,-0.04074070784554351,0.5442500000000072));
#1326= IFCCARTESIANPOINT((0.00412438714442942,-0.0449499999958789,0.5400407078564862));
#1328= IFCCARTESIANPOINT((0.004127420354734568,-0.05069999999250285,0.5385000000000073));
#1330= IFCCARTESIANPOINT((0.004130453565039716,-0.05644999998912681,0.5400407078564862));
#1332= IFCCARTESIANPOINT((0.004132674029051486,-0.0606592921394622,0.5442500000000072));
#1334= IFCCARTESIANPOINT((0.004133486775344863,-0.06219999999302672,0.5500000000000073));
#1336= IFCCARTESIANPOINT((0.004132674029051486,-0.0606592921394622,0.5557500000000073));
#1338= IFCCARTESIANPOINT((0.004130453565039716,-0.05644999998912681,0.5599592921435284));
#1340= IFCCARTESIANPOINT((0.004127420354734568,-0.05069999999250285,0.5615000000000072));
#1342= IFCCARTESIANPOINT((0.00412438714442942,-0.0449499999958789,0.5599592921435284));
#1344= IFCCARTESIANPOINT((0.004122166680417649,-0.04074070784554351,0.5557500000000073));
#1346= IFCCARTESIANPOINT((0.004122166680417649,-0.04074070784554351,1.344250000000007));
#1348= IFCCARTESIANPOINT((0.00412438714442942,-0.0449499999958789,1.340040707856486));
#1350= IFCCARTESIANPOINT((0.004127420354734568,-0.05069999999250285,1.338500000000007));
#1352= IFCCARTESIANPOINT((0.004130453565039716,-0.05644999998912681,1.340040707856486));
#1354= IFCCARTESIANPOINT((0.004132674029051486,-0.0606592921394622,1.344250000000007));
#1356= IFCFACEOUTERBOUND(#1357,.T.);
#1357= IFCPOLYLOOP((#1286,#1288,#1290,#1292,#1294,#1296,#1279,#1277,#1298,#1300,#1302,#1304,#1306,#1308,#1310,#1312,#1314,#1316,#1318,#1232,#1320,#1322,#1234,#1275,#1324,#1326,#1328,#1330,#1332,#1334,#1336,#1338,#1340,#1342,#1344,#1346,#1348,#1350,#1352,#1354));
#1359= IFCFACE((#1369));
#1361= IFCCARTESIANPOINT((0.006143140575204598,-0.08249999998952262,0.006143140575204447));
#1363= IFCCARTESIANPOINT((0.005378017396878931,-0.08234785997046856,0.005378017396927373));
#1365= IFCCARTESIANPOINT((0.005378017396878931,-0.08234785997046856,2.694621982603019));
#1367= IFCCARTESIANPOINT((0.006143140575204598,-0.08249999998952262,2.693856859424741));
#1369= IFCFACEOUTERBOUND(#1370,.T.);
#1370= IFCPOLYLOOP((#1361,#1363,#1365,#1367));
#1372= IFCFACE((#1378));
#1374= IFCCARTESIANPOINT((0.004729300070948739,-0.08191458650981076,0.004729300070904974));
#1376= IFCCARTESIANPOINT((0.004729300070948739,-0.08191458650981076,2.695270699929041));
#1378= IFCFACEOUTERBOUND(#1379,.T.);
#1379= IFCPOLYLOOP((#1374,#1376,#1365,#1363));
#1381= IFCFACE((#1387));
#1383= IFCCARTESIANPOINT((0.004295684461112614,-0.08126609783357708,0.004295684461217674));
#1385= IFCCARTESIANPOINT((0.004295684461112614,-0.08126609783357708,2.695704315538728));
#1387= IFCFACEOUTERBOUND(#1388,.T.);
#1388= IFCPOLYLOOP((#1383,#1385,#1376,#1374));
#1390= IFCFACE((#1396));
#1392= IFCCARTESIANPOINT((0.00418175032086765,-0.08089108600688633,2.695818249678987));
#1394= IFCCARTESIANPOINT((0.00418175032086765,-0.08089108600688633,0.004181750320958394));
#1396= IFCFACEOUTERBOUND(#1397,.T.);
#1397= IFCPOLYLOOP((#1392,#1385,#1383,#1394));
#1399= IFCFACE((#1401));
#1401= IFCFACEOUTERBOUND(#1402,.T.);
#1402= IFCPOLYLOOP((#1320,#1392,#1394,#1322));
#1404= IFCFACE((#1410));
#1406= IFCCARTESIANPOINT((0.01601139420404252,-0.08249999998952262,0.01601139420404237));
#1408= IFCCARTESIANPOINT((0.01601139420404252,-0.08249999998952262,2.683988605795903));
#1410= IFCFACEOUTERBOUND(#1411,.T.);
#1411= IFCPOLYLOOP((#1406,#1361,#1367,#1408));
#1413= IFCFACE((#1423));
#1415= IFCCARTESIANPOINT((0.01887778160607922,-0.08371004959190032,0.01887778160607908));
#1417= IFCCARTESIANPOINT((0.01756706100536576,-0.08281490829540417,0.01756706100541726));
#1419= IFCCARTESIANPOINT((0.01756706100536576,-0.08281490829540417,2.682432938994528));
#1421= IFCCARTESIANPOINT((0.01887778160607922,-0.08371004959190032,2.681122218393866));
#1423= IFCFACEOUTERBOUND(#1424,.T.);
#1424= IFCPOLYLOOP((#1415,#1417,#1419,#1421));
#1426= IFCFACE((#1428));
#1428= IFCFACEOUTERBOUND(#1429,.T.);
#1429= IFCPOLYLOOP((#1417,#1406,#1408,#1419));
#1431= IFCFACE((#1437));
#1433= IFCCARTESIANPOINT((0.02492445501593465,-0.01971908922860166,0.02492445501602857));
#1435= IFCCARTESIANPOINT((0.02492445501593465,-0.01971908922860166,2.675075544983917));
#1437= IFCFACEOUTERBOUND(#1438,.T.);
#1438= IFCPOLYLOOP((#1165,#1433,#1435,#1167));
#1440= IFCFACE((#1446));
#1442= IFCCARTESIANPOINT((0.02469764107650008,-0.01896803389536217,2.675302358923503));
#1444= IFCCARTESIANPOINT((0.02469764107650008,-0.01896803389536217,0.02469764107644263));
#1446= IFCFACEOUTERBOUND(#1447,.T.);
#1447= IFCPOLYLOOP((#1442,#1435,#1433,#1444));
#1449= IFCFACE((#1455));
#1451= IFCCARTESIANPOINT((0.02383075152033598,-0.01766924847470364,2.676169248479723));
#1453= IFCCARTESIANPOINT((0.02383075152033598,-0.01766924847470364,0.02383075152022222));
#1455= IFCFACEOUTERBOUND(#1456,.T.);
#1456= IFCPOLYLOOP((#1451,#1442,#1444,#1453));
#1458= IFCFACE((#1464));
#1460= IFCCARTESIANPOINT((0.02253196610399755,-0.01680235892126802,2.677468033896013));
#1462= IFCCARTESIANPOINT((0.02253196610399755,-0.01680235892126802,0.02253196610393222));
#1464= IFCFACEOUTERBOUND(#1465,.T.);
#1465= IFCPOLYLOOP((#1460,#1451,#1453,#1462));
#1467= IFCFACE((#1473));
#1469= IFCCARTESIANPOINT((0.02100000000018554,-0.01649999999062857,0.0210000000001854));
#1471= IFCCARTESIANPOINT((0.02100000000018554,-0.01649999999062857,2.67899999999976));
#1473= IFCFACEOUTERBOUND(#1474,.T.);
#1474= IFCPOLYLOOP((#1462,#1469,#1471,#1460));
#1476= IFCFACE((#1482));
#1478= IFCCARTESIANPOINT((0.02500000000031832,-0.08999999998923158,0.02500000000031817));
#1480= IFCCARTESIANPOINT((0.02500000000031832,-0.1200000000026193,0.02500000000031817));
#1482= IFCFACEOUTERBOUND(#1483,.T.);
#1483= IFCPOLYLOOP((#1406,#1417,#1415,#1478,#1480,#1156,#1374,#1363,#1361));
#1485= IFCFACE((#1487));
#1487= IFCFACEOUTERBOUND(#1488,.T.);
#1488= IFCPOLYLOOP((#1374,#1156,#1383));
#1490= IFCFACE((#1492));
#1492= IFCFACEOUTERBOUND(#1493,.T.);
#1493= IFCPOLYLOOP((#1394,#1383,#1156));
#1495= IFCFACE((#1497));
#1497= IFCFACEOUTERBOUND(#1498,.T.);
#1498= IFCPOLYLOOP((#1322,#1394,#1156));
#1500= IFCFACE((#1502));
#1502= IFCFACEOUTERBOUND(#1503,.T.);
#1503= IFCPOLYLOOP((#1234,#1322,#1156,#1154));
#1505= IFCFACE((#1507));
#1507= IFCFACEOUTERBOUND(#1508,.T.);
#1508= IFCPOLYLOOP((#1234,#1154,#1236));
#1510= IFCFACE((#1512));
#1512= IFCFACEOUTERBOUND(#1513,.T.);
#1513= IFCPOLYLOOP((#1163,#1209,#1200));
#1515= IFCFACE((#1517));
#1517= IFCFACEOUTERBOUND(#1518,.T.);
#1518= IFCPOLYLOOP((#1163,#1200,#1189));
#1520= IFCFACE((#1522));
#1522= IFCFACEOUTERBOUND(#1523,.T.);
#1523= IFCPOLYLOOP((#1444,#1433,#1165));
#1525= IFCFACE((#1531));
#1527= IFCCARTESIANPOINT((0.006670072701126628,-0.0164102993439883,0.00667007270110876));
#1529= IFCCARTESIANPOINT((0.007209173916635336,-0.01652734968956793,0.007209173916635198));
#1531= IFCFACEOUTERBOUND(#1532,.T.);
#1532= IFCPOLYLOOP((#1527,#1529,#1469,#1462,#1453,#1444,#1165,#1163,#1189,#1178,#1176,#1223));
#1534= IFCFACE((#1538));
#1536= IFCCARTESIANPOINT((0.006228051462130679,-0.01608022642903961,0.006228051462239998));
#1538= IFCFACEOUTERBOUND(#1539,.T.);
#1539= IFCPOLYLOOP((#1536,#1527,#1223));
#1541= IFCFACE((#1543));
#1543= IFCFACEOUTERBOUND(#1544,.T.);
#1544= IFCPOLYLOOP((#1536,#1223,#1261));
#1546= IFCFACE((#1550));
#1548= IFCCARTESIANPOINT((0.00596270826122236,-0.01559656963945599,0.00596270826123839));
#1550= IFCFACEOUTERBOUND(#1551,.T.);
#1551= IFCPOLYLOOP((#1548,#1536,#1261));
#1553= IFCFACE((#1555));
#1555= IFCFACEOUTERBOUND(#1556,.T.);
#1556= IFCPOLYLOOP((#1548,#1261,#1252));
#1558= IFCFACE((#1562));
#1560= IFCCARTESIANPOINT((0.00591274867588254,-0.0153236907281098,0.005912748675985741));
#1562= IFCFACEOUTERBOUND(#1563,.T.);
#1563= IFCPOLYLOOP((#1560,#1548,#1252));
#1565= IFCFACE((#1567));
#1567= IFCFACEOUTERBOUND(#1568,.T.);
#1568= IFCPOLYLOOP((#1560,#1252,#1245));
#1570= IFCFACE((#1572));
#1572= IFCFACEOUTERBOUND(#1573,.T.);
#1573= IFCPOLYLOOP((#1560,#1245,#1236));
#1575= IFCFACE((#1577));
#1577= IFCFACEOUTERBOUND(#1578,.T.);
#1578= IFCPOLYLOOP((#1560,#1236,#1154));
#1580= IFCFACE((#1584));
#1582= IFCCARTESIANPOINT((0.005921825427094518,-0.0150464246617048,0.00592182542709438));
#1584= IFCFACEOUTERBOUND(#1585,.T.);
#1585= IFCPOLYLOOP((#1582,#1560,#1154));
#1587= IFCFACE((#1591));
#1589= IFCCARTESIANPOINT((0.008036462509835474,0.,0.008036462509835338));
#1591= IFCFACEOUTERBOUND(#1592,.T.);
#1592= IFCPOLYLOOP((#1582,#1154,#1589));
#1594= IFCFACE((#1598));
#1596= IFCCARTESIANPOINT((0.007209173916635336,-0.01652734968956793,2.69279082608331));
#1598= IFCFACEOUTERBOUND(#1599,.T.);
#1599= IFCPOLYLOOP((#1596,#1471,#1469,#1529));
#1601= IFCFACE((#1605));
#1603= IFCCARTESIANPOINT((0.006670072701126628,-0.0164102993439883,2.693329927298837));
#1605= IFCFACEOUTERBOUND(#1606,.T.);
#1606= IFCPOLYLOOP((#1529,#1527,#1603,#1596));
#1608= IFCFACE((#1612));
#1610= IFCCARTESIANPOINT((0.006228051462130679,-0.01608022642903961,2.693771948537706));
#1612= IFCFACEOUTERBOUND(#1613,.T.);
#1613= IFCPOLYLOOP((#1527,#1536,#1610,#1603));
#1615= IFCFACE((#1619));
#1617= IFCCARTESIANPOINT((0.00596270826122236,-0.01559656963945599,2.694037291738707));
#1619= IFCFACEOUTERBOUND(#1620,.T.);
#1620= IFCPOLYLOOP((#1536,#1548,#1617,#1610));
#1622= IFCFACE((#1626));
#1624= IFCCARTESIANPOINT((0.00591274867588254,-0.0153236907281098,2.69408725132396));
#1626= IFCFACEOUTERBOUND(#1627,.T.);
#1627= IFCPOLYLOOP((#1624,#1617,#1548,#1560));
#1629= IFCFACE((#1633));
#1631= IFCCARTESIANPOINT((0.005921825427094518,-0.0150464246617048,2.694078174572851));
#1633= IFCFACEOUTERBOUND(#1634,.T.);
#1634= IFCPOLYLOOP((#1631,#1624,#1560,#1582));
#1636= IFCFACE((#1640));
#1638= IFCCARTESIANPOINT((0.008036462509835474,0.,2.69196353749011));
#1640= IFCFACEOUTERBOUND(#1641,.T.);
#1641= IFCPOLYLOOP((#1582,#1589,#1638,#1631));
#1643= IFCFACE((#1645));
#1645= IFCFACEOUTERBOUND(#1646,.T.);
#1646= IFCPOLYLOOP((#1152,#1638,#1589,#1154));
#1648= IFCFACE((#1652));
#1650= IFCCARTESIANPOINT((0.02500000000031832,-0.1200000000026193,2.674999999999627));
#1652= IFCFACEOUTERBOUND(#1653,.T.);
#1653= IFCPOLYLOOP((#1650,#1150,#1156,#1480));
#1655= IFCFACE((#1659));
#1657= IFCCARTESIANPOINT((0.02500000000031832,-0.08999999998923158,2.674999999999627));
#1659= IFCFACEOUTERBOUND(#1660,.T.);
#1660= IFCPOLYLOOP((#1657,#1650,#1480,#1478));
#1662= IFCFACE((#1664));
#1664= IFCFACEOUTERBOUND(#1665,.T.);
#1665= IFCPOLYLOOP((#1478,#1415,#1421,#1657));
#1667= IFCFACE((#1669));
#1669= IFCFACEOUTERBOUND(#1670,.T.);
#1670= IFCPOLYLOOP((#1631,#1638,#1152));
#1672= IFCFACE((#1674));
#1674= IFCFACEOUTERBOUND(#1675,.T.);
#1675= IFCPOLYLOOP((#1631,#1152,#1624));
#1677= IFCFACE((#1679));
#1679= IFCFACEOUTERBOUND(#1680,.T.);
#1680= IFCPOLYLOOP((#1198,#1207,#1169));
#1682= IFCFACE((#1684));
#1684= IFCFACEOUTERBOUND(#1685,.T.);
#1685= IFCPOLYLOOP((#1191,#1198,#1169));
#1687= IFCFACE((#1689));
#1689= IFCFACEOUTERBOUND(#1690,.T.);
#1690= IFCPOLYLOOP((#1167,#1435,#1442));
#1692= IFCFACE((#1694));
#1694= IFCFACEOUTERBOUND(#1695,.T.);
#1695= IFCPOLYLOOP((#1182,#1180,#1191,#1169,#1167,#1442,#1451,#1460,#1471,#1596,#1603,#1221));
#1697= IFCFACE((#1699));
#1699= IFCFACEOUTERBOUND(#1700,.T.);
#1700= IFCPOLYLOOP((#1221,#1603,#1610));
#1702= IFCFACE((#1704));
#1704= IFCFACEOUTERBOUND(#1705,.T.);
#1705= IFCPOLYLOOP((#1263,#1221,#1610));
#1707= IFCFACE((#1709));
#1709= IFCFACEOUTERBOUND(#1710,.T.);
#1710= IFCPOLYLOOP((#1263,#1610,#1617));
#1712= IFCFACE((#1714));
#1714= IFCFACEOUTERBOUND(#1715,.T.);
#1715= IFCPOLYLOOP((#1254,#1263,#1617));
#1717= IFCFACE((#1719));
#1719= IFCFACEOUTERBOUND(#1720,.T.);
#1720= IFCPOLYLOOP((#1254,#1617,#1624));
#1722= IFCFACE((#1724));
#1724= IFCFACEOUTERBOUND(#1725,.T.);
#1725= IFCPOLYLOOP((#1243,#1254,#1624));
#1727= IFCFACE((#1729));
#1729= IFCFACEOUTERBOUND(#1730,.T.);
#1730= IFCPOLYLOOP((#1230,#1243,#1624));
#1732= IFCFACE((#1734));
#1734= IFCFACEOUTERBOUND(#1735,.T.);
#1735= IFCPOLYLOOP((#1230,#1624,#1152));
#1737= IFCFACE((#1739));
#1739= IFCFACEOUTERBOUND(#1740,.T.);
#1740= IFCPOLYLOOP((#1232,#1230,#1152));
#1742= IFCFACE((#1744));
#1744= IFCFACEOUTERBOUND(#1745,.T.);
#1745= IFCPOLYLOOP((#1152,#1150,#1320,#1232));
#1747= IFCFACE((#1749));
#1749= IFCFACEOUTERBOUND(#1750,.T.);
#1750= IFCPOLYLOOP((#1320,#1150,#1392));
#1752= IFCFACE((#1754));
#1754= IFCFACEOUTERBOUND(#1755,.T.);
#1755= IFCPOLYLOOP((#1385,#1392,#1150));
#1757= IFCFACE((#1759));
#1759= IFCFACEOUTERBOUND(#1760,.T.);
#1760= IFCPOLYLOOP((#1376,#1385,#1150));
#1762= IFCFACE((#1764));
#1764= IFCFACEOUTERBOUND(#1765,.T.);
#1765= IFCPOLYLOOP((#1650,#1657,#1421,#1419,#1408,#1367,#1365,#1376,#1150));
#1767= IFCFACE((#1769));
#1769= IFCFACEOUTERBOUND(#1770,.T.);
#1770= IFCPOLYLOOP((#1310,#1308,#1133,#1131));
#1772= IFCFACE((#1774));
#1774= IFCFACEOUTERBOUND(#1775,.T.);
#1775= IFCPOLYLOOP((#1131,#1129,#1312,#1310));
#1777= IFCFACE((#1779));
#1779= IFCFACEOUTERBOUND(#1780,.T.);
#1780= IFCPOLYLOOP((#1129,#1127,#1314,#1312));
#1782= IFCFACE((#1784));
#1784= IFCFACEOUTERBOUND(#1785,.T.);
#1785= IFCPOLYLOOP((#1127,#1125,#1316,#1314));
#1787= IFCFACE((#1789));
#1789= IFCFACEOUTERBOUND(#1790,.T.);
#1790= IFCPOLYLOOP((#1125,#1123,#1318,#1316));
#1792= IFCFACE((#1794));
#1794= IFCFACEOUTERBOUND(#1795,.T.);
#1795= IFCPOLYLOOP((#1123,#1145,#1277,#1318));
#1797= IFCFACE((#1799));
#1799= IFCFACEOUTERBOUND(#1800,.T.);
#1800= IFCPOLYLOOP((#1298,#1277,#1145,#1143));
#1802= IFCFACE((#1804));
#1804= IFCFACEOUTERBOUND(#1805,.T.);
#1805= IFCPOLYLOOP((#1300,#1298,#1143,#1141));
#1807= IFCFACE((#1809));
#1809= IFCFACEOUTERBOUND(#1810,.T.);
#1810= IFCPOLYLOOP((#1302,#1300,#1141,#1139));
#1812= IFCFACE((#1814));
#1814= IFCFACEOUTERBOUND(#1815,.T.);
#1815= IFCPOLYLOOP((#1137,#1304,#1302,#1139));
#1817= IFCFACE((#1819));
#1819= IFCFACEOUTERBOUND(#1820,.T.);
#1820= IFCPOLYLOOP((#1306,#1304,#1137,#1135));
#1822= IFCFACE((#1824));
#1824= IFCFACEOUTERBOUND(#1825,.T.);
#1825= IFCPOLYLOOP((#1133,#1308,#1306,#1135));
#1827= IFCFACE((#1829));
#1829= IFCFACEOUTERBOUND(#1830,.T.);
#1830= IFCPOLYLOOP((#1290,#1288,#1112,#1110));
#1832= IFCFACE((#1834));
#1834= IFCFACEOUTERBOUND(#1835,.T.);
#1835= IFCPOLYLOOP((#1110,#1108,#1292,#1290));
#1837= IFCFACE((#1839));
#1839= IFCFACEOUTERBOUND(#1840,.T.);
#1840= IFCPOLYLOOP((#1294,#1292,#1108,#1106));
#1842= IFCFACE((#1844));
#1844= IFCFACEOUTERBOUND(#1845,.T.);
#1845= IFCPOLYLOOP((#1296,#1294,#1106,#1104));
#1847= IFCFACE((#1849));
#1849= IFCFACEOUTERBOUND(#1850,.T.);
#1850= IFCPOLYLOOP((#1104,#1102,#1279,#1296));
#1852= IFCFACE((#1854));
#1854= IFCFACEOUTERBOUND(#1855,.T.);
#1855= IFCPOLYLOOP((#1346,#1279,#1102,#1100));
#1857= IFCFACE((#1859));
#1859= IFCFACEOUTERBOUND(#1860,.T.);
#1860= IFCPOLYLOOP((#1348,#1346,#1100,#1098));
#1862= IFCFACE((#1864));
#1864= IFCFACEOUTERBOUND(#1865,.T.);
#1865= IFCPOLYLOOP((#1350,#1348,#1098,#1096));
#1867= IFCFACE((#1869));
#1869= IFCFACEOUTERBOUND(#1870,.T.);
#1870= IFCPOLYLOOP((#1352,#1350,#1096,#1118));
#1872= IFCFACE((#1874));
#1874= IFCFACEOUTERBOUND(#1875,.T.);
#1875= IFCPOLYLOOP((#1354,#1352,#1118,#1116));
#1877= IFCFACE((#1879));
#1879= IFCFACEOUTERBOUND(#1880,.T.);
#1880= IFCPOLYLOOP((#1114,#1286,#1354,#1116));
#1882= IFCFACE((#1884));
#1884= IFCFACEOUTERBOUND(#1885,.T.);
#1885= IFCPOLYLOOP((#1286,#1114,#1112,#1288));
#1887= IFCFACE((#1889));
#1889= IFCFACEOUTERBOUND(#1890,.T.);
#1890= IFCPOLYLOOP((#1338,#1336,#1089,#1087));
#1892= IFCFACE((#1894));
#1894= IFCFACEOUTERBOUND(#1895,.T.);
#1895= IFCPOLYLOOP((#1340,#1338,#1087,#1085));
#1897= IFCFACE((#1899));
#1899= IFCFACEOUTERBOUND(#1900,.T.);
#1900= IFCPOLYLOOP((#1085,#1083,#1342,#1340));
#1902= IFCFACE((#1904));
#1904= IFCFACEOUTERBOUND(#1905,.T.);
#1905= IFCPOLYLOOP((#1344,#1342,#1083,#1081));
#1907= IFCFACE((#1909));
#1909= IFCFACEOUTERBOUND(#1910,.T.);
#1910= IFCPOLYLOOP((#1081,#1079,#1275,#1344));
#1912= IFCFACE((#1914));
#1914= IFCFACEOUTERBOUND(#1915,.T.);
#1915= IFCPOLYLOOP((#1077,#1324,#1275,#1079));
#1917= IFCFACE((#1919));
#1919= IFCFACEOUTERBOUND(#1920,.T.);
#1920= IFCPOLYLOOP((#1075,#1326,#1324,#1077));
#1922= IFCFACE((#1924));
#1924= IFCFACEOUTERBOUND(#1925,.T.);
#1925= IFCPOLYLOOP((#1328,#1326,#1075,#1073));
#1927= IFCFACE((#1929));
#1929= IFCFACEOUTERBOUND(#1930,.T.);
#1930= IFCPOLYLOOP((#1071,#1330,#1328,#1073));
#1932= IFCFACE((#1934));
#1934= IFCFACEOUTERBOUND(#1935,.T.);
#1935= IFCPOLYLOOP((#1332,#1330,#1071,#1069));
#1937= IFCFACE((#1939));
#1939= IFCFACEOUTERBOUND(#1940,.T.);
#1940= IFCPOLYLOOP((#1334,#1332,#1069,#1091));
#1942= IFCFACE((#1944));
#1944= IFCFACEOUTERBOUND(#1945,.T.);
#1945= IFCPOLYLOOP((#1334,#1091,#1089,#1336));
#1947= IFCCLOSEDSHELL((#1067,#1161,#1174,#1187,#1196,#1205,#1214,#1219,#1228,#1241,#1250,#1259,#1268,#1273,#1284,#1359,#1372,#1381,#1390,#1399,#1404,#1413,#1426,#1431,#1440,#1449,#1458,#1467,#1476,#1485,#1490,#1495,#1500,#1505,#1510,#1515,#1520,#1525,#1534,#1541,#1546,#1553,#1558,#1565,#1570,#1575,#1580,#1587,#1594,#1601,#1608,#1615,#1622,#1629,#1636,#1643,#1648,#1655,#1662,#1667,#1672,#1677,#1682,#1687,#1692,#1697,#1702,#1707,#1712,#1717,#1722,#1727,#1732,#1737,#1742,#1747,#1752,#1757,#1762,#1767,#1772,#1777,#1782,#1787,#1792,#1797,#1802,#1807,#1812,#1817,#1822,#1827,#1832,#1837,#1842,#1847,#1852,#1857,#1862,#1867,#1872,#1877,#1882,#1887,#1892,#1897,#1902,#1907,#1912,#1917,#1922,#1927,#1932,#1937,#1942));
#1949= IFCFACETEDBREP(#1947);
#1950= IFCPRESENTATIONSTYLEASSIGNMENT((#1952));
#1952= IFCSURFACESTYLE($,.POSITIVE.,(#1954));
#1953= IFCCOLOURRGB($,1.,0.7490196078431373,0.);
#1954= IFCSURFACESTYLESHADING(#1953);
#1956= IFCSTYLEDITEM(#1949,(#1950),$);
#1962= IFCBUILDINGELEMENTPROXY('23ZonXkia7WG00000000R9',#41,$,$,$,#1964,#1969,$,$);
#1964= IFCLOCALPLACEMENT(#65,#1967);
#1965= IFCCARTESIANPOINT((0.,0.,0.));
#1967= IFCAXIS2PLACEMENT3D(#1965,$,$);
#1969= IFCPRODUCTDEFINITIONSHAPE($,$,(#1971));
#1971= IFCSHAPEREPRESENTATION(#1045,'Body','Brep',(#2249));
#1973= IFCFACE((#1983));
#1975= IFCCARTESIANPOINT((0.6124967505886616,-0.01649999998335261,0.0249400000000084));
#1977= IFCCARTESIANPOINT((0.6124967505886616,-0.1199999999880674,0.02494000000000838));
#1979= IFCCARTESIANPOINT((0.587496750588798,-0.1199999999880674,0.02494000000000838));
#1981= IFCCARTESIANPOINT((0.5874967505883433,-0.01649999998335261,0.0249400000000084));
#1983= IFCFACEOUTERBOUND(#1984,.T.);
#1984= IFCPOLYLOOP((#1975,#1977,#1979,#1981));
#1986= IFCFACE((#1992));
#1988= IFCCARTESIANPOINT((0.6124967505886616,-0.01649999998335261,0.2874400000000072));
#1990= IFCCARTESIANPOINT((0.5874967505883433,-0.01649999998335261,0.2874400000000072));
#1992= IFCFACEOUTERBOUND(#1993,.T.);
#1993= IFCPOLYLOOP((#1988,#1975,#1981,#1990));
#1995= IFCFACE((#2021,#2026,#2053));
#1997= IFCCARTESIANPOINT((0.5874967505883433,-0.08952629612758756,0.2319366982295033));
#1999= IFCCARTESIANPOINT((0.5874967505883433,-0.08550001668481855,0.2279104187878745));
#2001= IFCCARTESIANPOINT((0.5874967505883433,-0.08000001668551704,0.2264366982295033));
#2003= IFCCARTESIANPOINT((0.5874967505883433,-0.07450001668621553,0.2279104187878745));
#2005= IFCCARTESIANPOINT((0.5874967505883433,-0.07047373724344652,0.2319366982295033));
#2007= IFCCARTESIANPOINT((0.5874967505883433,-0.06900001668691402,0.2374366982295033));
#2009= IFCCARTESIANPOINT((0.5874967505883433,-0.07047373724344652,0.2429366982295034));
#2011= IFCCARTESIANPOINT((0.5874967505883433,-0.07450001668621553,0.2469629776711322));
#2013= IFCCARTESIANPOINT((0.5874967505883433,-0.08000001668551704,0.2484366982295034));
#2015= IFCCARTESIANPOINT((0.5874967505883433,-0.08550001668481855,0.2469629776711322));
#2017= IFCCARTESIANPOINT((0.5874967505883433,-0.08952629612758756,0.2429366982295034));
#2019= IFCCARTESIANPOINT((0.5874967505883433,-0.09100001668412006,0.2374366982295033));
#2021= IFCFACEOUTERBOUND(#2022,.T.);
#2022= IFCPOLYLOOP((#1997,#1999,#2001,#2003,#2005,#2007,#2009,#2011,#2013,#2015,#2017,#2019));
#2024= IFCCARTESIANPOINT((0.587496750588798,-0.1199999999880674,0.2874400000000072));
#2026= IFCFACEBOUND(#2027,.T.);
#2027= IFCPOLYLOOP((#2024,#1990,#1981,#1979));
#2029= IFCCARTESIANPOINT((0.5874967505883433,-0.07550001668278128,0.1529104187878745));
#2031= IFCCARTESIANPOINT((0.5874967505883433,-0.07000001668347977,0.1514366982295033));
#2033= IFCCARTESIANPOINT((0.5874967505883433,-0.06450001668417826,0.1529104187878745));
#2035= IFCCARTESIANPOINT((0.5874967505883433,-0.06047373724140925,0.1569366982295033));
#2037= IFCCARTESIANPOINT((0.5874967505883433,-0.05900001668487675,0.1624366982295033));
#2039= IFCCARTESIANPOINT((0.5874967505883433,-0.06047373724140925,0.1679366982295034));
#2041= IFCCARTESIANPOINT((0.5874967505883433,-0.06450001668417826,0.1719629776711322));
#2043= IFCCARTESIANPOINT((0.5874967505883433,-0.07000001668347977,0.1734366982295034));
#2045= IFCCARTESIANPOINT((0.5874967505883433,-0.07550001668278128,0.1719629776711322));
#2047= IFCCARTESIANPOINT((0.5874967505883433,-0.07952629612555029,0.1679366982295034));
#2049= IFCCARTESIANPOINT((0.5874967505883433,-0.08100001668208279,0.1624366982295033));
#2051= IFCCARTESIANPOINT((0.5874967505883433,-0.07952629612555029,0.1569366982295033));
#2053= IFCFACEBOUND(#2054,.T.);
#2054= IFCPOLYLOOP((#2029,#2031,#2033,#2035,#2037,#2039,#2041,#2043,#2045,#2047,#2049,#2051));
#2056= IFCFACE((#2060));
#2058= IFCCARTESIANPOINT((0.6124967505886616,-0.1199999999880674,0.2874400000000072));
#2060= IFCFACEOUTERBOUND(#2061,.T.);
#2061= IFCPOLYLOOP((#1977,#2058,#2024,#1979));
#2063= IFCFACE((#2089,#2116,#2119));
#2065= IFCCARTESIANPOINT((0.6124967505886616,-0.07952629612555029,0.1679366982295034));
#2067= IFCCARTESIANPOINT((0.6124967505886616,-0.07550001668278128,0.1719629776711322));
#2069= IFCCARTESIANPOINT((0.6124967505886616,-0.07000001668347977,0.1734366982295034));
#2071= IFCCARTESIANPOINT((0.6124967505886616,-0.06450001668417826,0.1719629776711322));
#2073= IFCCARTESIANPOINT((0.6124967505886616,-0.06047373724140925,0.1679366982295034));
#2075= IFCCARTESIANPOINT((0.6124967505886616,-0.05900001668487675,0.1624366982295033));
#2077= IFCCARTESIANPOINT((0.6124967505886616,-0.06047373724140925,0.1569366982295033));
#2079= IFCCARTESIANPOINT((0.6124967505886616,-0.06450001668417826,0.1529104187878745));
#2081= IFCCARTESIANPOINT((0.6124967505886616,-0.07000001668347977,0.1514366982295033));
#2083= IFCCARTESIANPOINT((0.6124967505886616,-0.07550001668278128,0.1529104187878745));
#2085= IFCCARTESIANPOINT((0.6124967505886616,-0.07952629612555029,0.1569366982295033));
#2087= IFCCARTESIANPOINT((0.6124967505886616,-0.08100001668208279,0.1624366982295033));
#2089= IFCFACEBOUND(#2090,.T.);
#2090= IFCPOLYLOOP((#2065,#2067,#2069,#2071,#2073,#2075,#2077,#2079,#2081,#2083,#2085,#2087));
#2092= IFCCARTESIANPOINT((0.6124967505886616,-0.09100001668412006,0.2374366982295033));
#2094= IFCCARTESIANPOINT((0.6124967505886616,-0.08952629612758756,0.2429366982295034));
#2096= IFCCARTESIANPOINT((0.6124967505886616,-0.08550001668481855,0.2469629776711322));
#2098= IFCCARTESIANPOINT((0.6124967505886616,-0.08000001668551704,0.2484366982295034));
#2100= IFCCARTESIANPOINT((0.6124967505886616,-0.07450001668621553,0.2469629776711322));
#2102= IFCCARTESIANPOINT((0.6124967505886616,-0.07047373724344652,0.2429366982295034));
#2104= IFCCARTESIANPOINT((0.6124967505886616,-0.06900001668691402,0.2374366982295033));
#2106= IFCCARTESIANPOINT((0.6124967505886616,-0.07047373724344652,0.2319366982295033));
#2108= IFCCARTESIANPOINT((0.6124967505886616,-0.07450001668621553,0.2279104187878745));
#2110= IFCCARTESIANPOINT((0.6124967505886616,-0.08000001668551704,0.2264366982295033));
#2112= IFCCARTESIANPOINT((0.6124967505886616,-0.08550001668481855,0.2279104187878745));
#2114= IFCCARTESIANPOINT((0.6124967505886616,-0.08952629612758756,0.2319366982295033));
#2116= IFCFACEBOUND(#2117,.T.);
#2117= IFCPOLYLOOP((#2092,#2094,#2096,#2098,#2100,#2102,#2104,#2106,#2108,#2110,#2112,#2114));
#2119= IFCFACEOUTERBOUND(#2120,.T.);
#2120= IFCPOLYLOOP((#2058,#1977,#1975,#1988));
#2122= IFCFACE((#2124));
#2124= IFCFACEOUTERBOUND(#2125,.T.);
#2125= IFCPOLYLOOP((#1990,#2024,#2058,#1988));
#2127= IFCFACE((#2129));
#2129= IFCFACEOUTERBOUND(#2130,.T.);
#2130= IFCPOLYLOOP((#1999,#1997,#2114,#2112));
#2132= IFCFACE((#2134));
#2134= IFCFACEOUTERBOUND(#2135,.T.);
#2135= IFCPOLYLOOP((#2001,#1999,#2112,#2110));
#2137= IFCFACE((#2139));
#2139= IFCFACEOUTERBOUND(#2140,.T.);
#2140= IFCPOLYLOOP((#2110,#2108,#2003,#2001));
#2142= IFCFACE((#2144));
#2144= IFCFACEOUTERBOUND(#2145,.T.);
#2145= IFCPOLYLOOP((#2005,#2003,#2108,#2106));
#2147= IFCFACE((#2149));
#2149= IFCFACEOUTERBOUND(#2150,.T.);
#2150= IFCPOLYLOOP((#2106,#2104,#2007,#2005));
#2152= IFCFACE((#2154));
#2154= IFCFACEOUTERBOUND(#2155,.T.);
#2155= IFCPOLYLOOP((#2104,#2102,#2009,#2007));
#2157= IFCFACE((#2159));
#2159= IFCFACEOUTERBOUND(#2160,.T.);
#2160= IFCPOLYLOOP((#2011,#2009,#2102,#2100));
#2162= IFCFACE((#2164));
#2164= IFCFACEOUTERBOUND(#2165,.T.);
#2165= IFCPOLYLOOP((#2100,#2098,#2013,#2011));
#2167= IFCFACE((#2169));
#2169= IFCFACEOUTERBOUND(#2170,.T.);
#2170= IFCPOLYLOOP((#2098,#2096,#2015,#2013));
#2172= IFCFACE((#2174));
#2174= IFCFACEOUTERBOUND(#2175,.T.);
#2175= IFCPOLYLOOP((#2017,#2015,#2096,#2094));
#2177= IFCFACE((#2179));
#2179= IFCFACEOUTERBOUND(#2180,.T.);
#2180= IFCPOLYLOOP((#2094,#2092,#2019,#2017));
#2182= IFCFACE((#2184));
#2184= IFCFACEOUTERBOUND(#2185,.T.);
#2185= IFCPOLYLOOP((#1997,#2019,#2092,#2114));
#2187= IFCFACE((#2189));
#2189= IFCFACEOUTERBOUND(#2190,.T.);
#2190= IFCPOLYLOOP((#2029,#2051,#2085,#2083));
#2192= IFCFACE((#2194));
#2194= IFCFACEOUTERBOUND(#2195,.T.);
#2195= IFCPOLYLOOP((#2083,#2081,#2031,#2029));
#2197= IFCFACE((#2199));
#2199= IFCFACEOUTERBOUND(#2200,.T.);
#2200= IFCPOLYLOOP((#2033,#2031,#2081,#2079));
#2202= IFCFACE((#2204));
#2204= IFCFACEOUTERBOUND(#2205,.T.);
#2205= IFCPOLYLOOP((#2079,#2077,#2035,#2033));
#2207= IFCFACE((#2209));
#2209= IFCFACEOUTERBOUND(#2210,.T.);
#2210= IFCPOLYLOOP((#2077,#2075,#2037,#2035));
#2212= IFCFACE((#2214));
#2214= IFCFACEOUTERBOUND(#2215,.T.);
#2215= IFCPOLYLOOP((#2039,#2037,#2075,#2073));
#2217= IFCFACE((#2219));
#2219= IFCFACEOUTERBOUND(#2220,.T.);
#2220= IFCPOLYLOOP((#2073,#2071,#2041,#2039));
#2222= IFCFACE((#2224));
#2224= IFCFACEOUTERBOUND(#2225,.T.);
#2225= IFCPOLYLOOP((#2071,#2069,#2043,#2041));
#2227= IFCFACE((#2229));
#2229= IFCFACEOUTERBOUND(#2230,.T.);
#2230= IFCPOLYLOOP((#2045,#2043,#2069,#2067));
#2232= IFCFACE((#2234));
#2234= IFCFACEOUTERBOUND(#2235,.T.);
#2235= IFCPOLYLOOP((#2067,#2065,#2047,#2045));
#2237= IFCFACE((#2239));
#2239= IFCFACEOUTERBOUND(#2240,.T.);
#2240= IFCPOLYLOOP((#2065,#2087,#2049,#2047));
#2242= IFCFACE((#2244));
#2244= IFCFACEOUTERBOUND(#2245,.T.);
#2245= IFCPOLYLOOP((#2051,#2049,#2087,#2085));
#2247= IFCCLOSEDSHELL((#1973,#1986,#1995,#2056,#2063,#2122,#2127,#2132,#2137,#2142,#2147,#2152,#2157,#2162,#2167,#2172,#2177,#2182,#2187,#2192,#2197,#2202,#2207,#2212,#2217,#2222,#2227,#2232,#2237,#2242));
#2249= IFCFACETEDBREP(#2247);
#2250= IFCPRESENTATIONSTYLEASSIGNMENT((#2252));
#2252= IFCSURFACESTYLE($,.POSITIVE.,(#2254));
#2253= IFCCOLOURRGB($,1.,0.7490196078431373,0.);
#2254= IFCSURFACESTYLESHADING(#2253);
#2256= IFCSTYLEDITEM(#2249,(#2250),$);
#2262= IFCBUILDINGELEMENTPROXY('23ZonXkia7WG00000000RL',#41,$,$,$,#2264,#2269,$,$);
#2264= IFCLOCALPLACEMENT(#65,#2267);
#2265= IFCCARTESIANPOINT((0.,0.,0.));
#2267= IFCAXIS2PLACEMENT3D(#2265,$,$);
#2269= IFCPRODUCTDEFINITIONSHAPE($,$,(#2271));
#2271= IFCSHAPEREPRESENTATION(#1045,'Body','Brep',(#2549));
#2273= IFCFACE((#2283));
#2275= IFCCARTESIANPOINT((0.5874967505883433,-0.01649999998335261,2.675059999999991));
#2277= IFCCARTESIANPOINT((0.587496750588798,-0.1199999999880674,2.675059999999991));
#2279= IFCCARTESIANPOINT((0.6124967505886616,-0.1199999999880674,2.675059999999991));
#2281= IFCCARTESIANPOINT((0.6124967505886616,-0.01649999998335261,2.675059999999991));
#2283= IFCFACEOUTERBOUND(#2284,.T.);
#2284= IFCPOLYLOOP((#2275,#2277,#2279,#2281));
#2286= IFCFACE((#2292));
#2288= IFCCARTESIANPOINT((0.587496750588798,-0.1199999999880674,2.412559999999992));
#2290= IFCCARTESIANPOINT((0.6124967505886616,-0.1199999999880674,2.412559999999992));
#2292= IFCFACEOUTERBOUND(#2293,.T.);
#2293= IFCPOLYLOOP((#2277,#2288,#2290,#2279));
#2295= IFCFACE((#2299,#2326,#2353));
#2297= IFCCARTESIANPOINT((0.5874967505883433,-0.01649999998335261,2.412559999999993));
#2299= IFCFACEOUTERBOUND(#2300,.T.);
#2300= IFCPOLYLOOP((#2275,#2297,#2288,#2277));
#2302= IFCCARTESIANPOINT((0.5874967505883433,-0.08952629612758756,2.457063301770496));
#2304= IFCCARTESIANPOINT((0.5874967505883433,-0.08550001668481855,2.453037022328867));
#2306= IFCCARTESIANPOINT((0.5874967505883433,-0.08000001668551704,2.451563301770496));
#2308= IFCCARTESIANPOINT((0.5874967505883433,-0.07450001668621553,2.453037022328867));
#2310= IFCCARTESIANPOINT((0.5874967505883433,-0.07047373724344652,2.457063301770496));
#2312= IFCCARTESIANPOINT((0.5874967505883433,-0.06900001668691402,2.462563301770496));
#2314= IFCCARTESIANPOINT((0.5874967505883433,-0.07047373724344652,2.468063301770496));
#2316= IFCCARTESIANPOINT((0.5874967505883433,-0.07450001668621553,2.472089581212125));
#2318= IFCCARTESIANPOINT((0.5874967505883433,-0.08000001668551704,2.473563301770496));
#2320= IFCCARTESIANPOINT((0.5874967505883433,-0.08550001668481855,2.472089581212125));
#2322= IFCCARTESIANPOINT((0.5874967505883433,-0.08952629612758756,2.468063301770496));
#2324= IFCCARTESIANPOINT((0.5874967505883433,-0.09100001668412006,2.462563301770496));
#2326= IFCFACEBOUND(#2327,.T.);
#2327= IFCPOLYLOOP((#2302,#2304,#2306,#2308,#2310,#2312,#2314,#2316,#2318,#2320,#2322,#2324));
#2329= IFCCARTESIANPOINT((0.5874967505883433,-0.07550001668278128,2.528037022328868));
#2331= IFCCARTESIANPOINT((0.5874967505883433,-0.07000001668347977,2.526563301770496));
#2333= IFCCARTESIANPOINT((0.5874967505883433,-0.06450001668417826,2.528037022328867));
#2335= IFCCARTESIANPOINT((0.5874967505883433,-0.06047373724140925,2.532063301770496));
#2337= IFCCARTESIANPOINT((0.5874967505883433,-0.05900001668487675,2.537563301770496));
#2339= IFCCARTESIANPOINT((0.5874967505883433,-0.06047373724140925,2.543063301770496));
#2341= IFCCARTESIANPOINT((0.5874967505883433,-0.06450001668417826,2.547089581212125));
#2343= IFCCARTESIANPOINT((0.5874967505883433,-0.07000001668347977,2.548563301770496));
#2345= IFCCARTESIANPOINT((0.5874967505883433,-0.07550001668278128,2.547089581212125));
#2347= IFCCARTESIANPOINT((0.5874967505883433,-0.07952629612555029,2.543063301770496));
#2349= IFCCARTESIANPOINT((0.5874967505883433,-0.08100001668208279,2.537563301770496));
#2351= IFCCARTESIANPOINT((0.5874967505883433,-0.07952629612555029,2.532063301770496));
#2353= IFCFACEBOUND(#2354,.T.);
#2354= IFCPOLYLOOP((#2329,#2331,#2333,#2335,#2337,#2339,#2341,#2343,#2345,#2347,#2349,#2351));
#2356= IFCFACE((#2360));
#2358= IFCCARTESIANPOINT((0.6124967505886616,-0.01649999998335261,2.412559999999993));
#2360= IFCFACEOUTERBOUND(#2361,.T.);
#2361= IFCPOLYLOOP((#2297,#2275,#2281,#2358));
#2363= IFCFACE((#2389,#2416,#2419));
#2365= IFCCARTESIANPOINT((0.6124967505886616,-0.07952629612555029,2.543063301770496));
#2367= IFCCARTESIANPOINT((0.6124967505886616,-0.07550001668278128,2.547089581212125));
#2369= IFCCARTESIANPOINT((0.6124967505886616,-0.07000001668347977,2.548563301770496));
#2371= IFCCARTESIANPOINT((0.6124967505886616,-0.06450001668417826,2.547089581212125));
#2373= IFCCARTESIANPOINT((0.6124967505886616,-0.06047373724140925,2.543063301770496));
#2375= IFCCARTESIANPOINT((0.6124967505886616,-0.05900001668487675,2.537563301770496));
#2377= IFCCARTESIANPOINT((0.6124967505886616,-0.06047373724140925,2.532063301770496));
#2379= IFCCARTESIANPOINT((0.6124967505886616,-0.06450001668417826,2.528037022328867));
#2381= IFCCARTESIANPOINT((0.6124967505886616,-0.07000001668347977,2.526563301770496));
#2383= IFCCARTESIANPOINT((0.6124967505886616,-0.07550001668278128,2.528037022328868));
#2385= IFCCARTESIANPOINT((0.6124967505886616,-0.07952629612555029,2.532063301770496));
#2387= IFCCARTESIANPOINT((0.6124967505886616,-0.08100001668208279,2.537563301770496));
#2389= IFCFACEBOUND(#2390,.T.);
#2390= IFCPOLYLOOP((#2365,#2367,#2369,#2371,#2373,#2375,#2377,#2379,#2381,#2383,#2385,#2387));
#2392= IFCCARTESIANPOINT((0.6124967505886616,-0.08952629612758756,2.468063301770496));
#2394= IFCCARTESIANPOINT((0.6124967505886616,-0.08550001668481855,2.472089581212125));
#2396= IFCCARTESIANPOINT((0.6124967505886616,-0.08000001668551704,2.473563301770496));
#2398= IFCCARTESIANPOINT((0.6124967505886616,-0.07450001668621553,2.472089581212125));
#2400= IFCCARTESIANPOINT((0.6124967505886616,-0.07047373724344652,2.468063301770496));
#2402= IFCCARTESIANPOINT((0.6124967505886616,-0.06900001668691402,2.462563301770496));
#2404= IFCCARTESIANPOINT((0.6124967505886616,-0.07047373724344652,2.457063301770496));
#2406= IFCCARTESIANPOINT((0.6124967505886616,-0.07450001668621553,2.453037022328867));
#2408= IFCCARTESIANPOINT((0.6124967505886616,-0.08000001668551704,2.451563301770496));
#2410= IFCCARTESIANPOINT((0.6124967505886616,-0.08550001668481855,2.453037022328867));
#2412= IFCCARTESIANPOINT((0.6124967505886616,-0.08952629612758756,2.457063301770496));
#2414= IFCCARTESIANPOINT((0.6124967505886616,-0.09100001668412006,2.462563301770496));
#2416= IFCFACEBOUND(#2417,.T.);
#2417= IFCPOLYLOOP((#2392,#2394,#2396,#2398,#2400,#2402,#2404,#2406,#2408,#2410,#2412,#2414));
#2419= IFCFACEOUTERBOUND(#2420,.T.);
#2420= IFCPOLYLOOP((#2290,#2358,#2281,#2279));
#2422= IFCFACE((#2424));
#2424= IFCFACEOUTERBOUND(#2425,.T.);
#2425= IFCPOLYLOOP((#2288,#2297,#2358,#2290));
#2427= IFCFACE((#2429));
#2429= IFCFACEOUTERBOUND(#2430,.T.);
#2430= IFCPOLYLOOP((#2412,#2410,#2304,#2302));
#2432= IFCFACE((#2434));
#2434= IFCFACEOUTERBOUND(#2435,.T.);
#2435= IFCPOLYLOOP((#2306,#2304,#2410,#2408));
#2437= IFCFACE((#2439));
#2439= IFCFACEOUTERBOUND(#2440,.T.);
#2440= IFCPOLYLOOP((#2308,#2306,#2408,#2406));
#2442= IFCFACE((#2444));
#2444= IFCFACEOUTERBOUND(#2445,.T.);
#2445= IFCPOLYLOOP((#2310,#2308,#2406,#2404));
#2447= IFCFACE((#2449));
#2449= IFCFACEOUTERBOUND(#2450,.T.);
#2450= IFCPOLYLOOP((#2312,#2310,#2404,#2402));
#2452= IFCFACE((#2454));
#2454= IFCFACEOUTERBOUND(#2455,.T.);
#2455= IFCPOLYLOOP((#2314,#2312,#2402,#2400));
#2457= IFCFACE((#2459));
#2459= IFCFACEOUTERBOUND(#2460,.T.);
#2460= IFCPOLYLOOP((#2316,#2314,#2400,#2398));
#2462= IFCFACE((#2464));
#2464= IFCFACEOUTERBOUND(#2465,.T.);
#2465= IFCPOLYLOOP((#2318,#2316,#2398,#2396));
#2467= IFCFACE((#2469));
#2469= IFCFACEOUTERBOUND(#2470,.T.);
#2470= IFCPOLYLOOP((#2396,#2394,#2320,#2318));
#2472= IFCFACE((#2474));
#2474= IFCFACEOUTERBOUND(#2475,.T.);
#2475= IFCPOLYLOOP((#2322,#2320,#2394,#2392));
#2477= IFCFACE((#2479));
#2479= IFCFACEOUTERBOUND(#2480,.T.);
#2480= IFCPOLYLOOP((#2392,#2414,#2324,#2322));
#2482= IFCFACE((#2484));
#2484= IFCFACEOUTERBOUND(#2485,.T.);
#2485= IFCPOLYLOOP((#2302,#2324,#2414,#2412));
#2487= IFCFACE((#2489));
#2489= IFCFACEOUTERBOUND(#2490,.T.);
#2490= IFCPOLYLOOP((#2329,#2351,#2385,#2383));
#2492= IFCFACE((#2494));
#2494= IFCFACEOUTERBOUND(#2495,.T.);
#2495= IFCPOLYLOOP((#2383,#2381,#2331,#2329));
#2497= IFCFACE((#2499));
#2499= IFCFACEOUTERBOUND(#2500,.T.);
#2500= IFCPOLYLOOP((#2333,#2331,#2381,#2379));
#2502= IFCFACE((#2504));
#2504= IFCFACEOUTERBOUND(#2505,.T.);
#2505= IFCPOLYLOOP((#2335,#2333,#2379,#2377));
#2507= IFCFACE((#2509));
#2509= IFCFACEOUTERBOUND(#2510,.T.);
#2510= IFCPOLYLOOP((#2337,#2335,#2377,#2375));
#2512= IFCFACE((#2514));
#2514= IFCFACEOUTERBOUND(#2515,.T.);
#2515= IFCPOLYLOOP((#2339,#2337,#2375,#2373));
#2517= IFCFACE((#2519));
#2519= IFCFACEOUTERBOUND(#2520,.T.);
#2520= IFCPOLYLOOP((#2341,#2339,#2373,#2371));
#2522= IFCFACE((#2524));
#2524= IFCFACEOUTERBOUND(#2525,.T.);
#2525= IFCPOLYLOOP((#2343,#2341,#2371,#2369));
#2527= IFCFACE((#2529));
#2529= IFCFACEOUTERBOUND(#2530,.T.);
#2530= IFCPOLYLOOP((#2345,#2343,#2369,#2367));
#2532= IFCFACE((#2534));
#2534= IFCFACEOUTERBOUND(#2535,.T.);
#2535= IFCPOLYLOOP((#2367,#2365,#2347,#2345));
#2537= IFCFACE((#2539));
#2539= IFCFACEOUTERBOUND(#2540,.T.);
#2540= IFCPOLYLOOP((#2365,#2387,#2349,#2347));
#2542= IFCFACE((#2544));
#2544= IFCFACEOUTERBOUND(#2545,.T.);
#2545= IFCPOLYLOOP((#2351,#2349,#2387,#2385));
#2547= IFCCLOSEDSHELL((#2273,#2286,#2295,#2356,#2363,#2422,#2427,#2432,#2437,#2442,#2447,#2452,#2457,#2462,#2467,#2472,#2477,#2482,#2487,#2492,#2497,#2502,#2507,#2512,#2517,#2522,#2527,#2532,#2537,#2542));
#2549= IFCFACETEDBREP(#2547);
#2550= IFCPRESENTATIONSTYLEASSIGNMENT((#2552));
#2552= IFCSURFACESTYLE($,.POSITIVE.,(#2554));
#2553= IFCCOLOURRGB($,1.,0.7490196078431373,0.);
#2554= IFCSURFACESTYLESHADING(#2553);
#2556= IFCSTYLEDITEM(#2549,(#2550),$);
#2562= IFCBUILDINGELEMENTPROXY('23ZonXkia7WG00000000RX',#41,$,$,$,#2564,#2569,$,$);
#2564= IFCLOCALPLACEMENT(#65,#2567);
#2565= IFCCARTESIANPOINT((0.,0.,0.));
#2567= IFCAXIS2PLACEMENT3D(#2565,$,$);
#2569= IFCPRODUCTDEFINITIONSHAPE($,$,(#2571));
#2571= IFCSHAPEREPRESENTATION(#1045,'Body','Brep',(#2693));
#2573= IFCFACE((#2599));
#2575= IFCCARTESIANPOINT((0.3233368313037772,-0.0615197660663398,0.3724366982295021));
#2577= IFCCARTESIANPOINT((0.3233368313037772,-0.06044796929199947,0.3684366982295021));
#2579= IFCCARTESIANPOINT((0.3233368313037772,-0.0615197660663398,0.3644366982295021));
#2581= IFCCARTESIANPOINT((0.3233368313037772,-0.06444796929281438,0.3615084949992267));
#2583= IFCCARTESIANPOINT((0.3233368313037772,-0.06844796929362928,0.3604366982295021));
#2585= IFCCARTESIANPOINT((0.3233368313037772,-0.07244796929444419,0.3615084949992267));
#2587= IFCCARTESIANPOINT((0.3233368313037772,-0.07537617252091877,0.3644366982295021));
#2589= IFCCARTESIANPOINT((0.3233368313037772,-0.0764479692952591,0.3684366982295021));
#2591= IFCCARTESIANPOINT((0.3233368313037772,-0.07537617252091877,0.3724366982295021));
#2593= IFCCARTESIANPOINT((0.3233368313037772,-0.07244796929444419,0.3753649014597776));
#2595= IFCCARTESIANPOINT((0.3233368313037772,-0.06844796929362928,0.3764366982295022));
#2597= IFCCARTESIANPOINT((0.3233368313037772,-0.06444796929281438,0.3753649014597776));
#2599= IFCFACEOUTERBOUND(#2600,.T.);
#2600= IFCPOLYLOOP((#2575,#2577,#2579,#2581,#2583,#2585,#2587,#2589,#2591,#2593,#2595,#2597));
#2602= IFCFACE((#2628));
#2604= IFCCARTESIANPOINT((0.4363368313036062,-0.0615197660663398,0.3724366982295015));
#2606= IFCCARTESIANPOINT((0.4363368313036062,-0.06444796929281438,0.375364901459777));
#2608= IFCCARTESIANPOINT((0.4363368313036062,-0.06844796929362928,0.3764366982295015));
#2610= IFCCARTESIANPOINT((0.4363368313036062,-0.07244796929444419,0.375364901459777));
#2612= IFCCARTESIANPOINT((0.4363368313036062,-0.07537617252091877,0.3724366982295015));
#2614= IFCCARTESIANPOINT((0.4363368313036062,-0.0764479692952591,0.3684366982295015));
#2616= IFCCARTESIANPOINT((0.4363368313036062,-0.07537617252091877,0.3644366982295015));
#2618= IFCCARTESIANPOINT((0.4363368313036062,-0.07244796929444419,0.361508494999226));
#2620= IFCCARTESIANPOINT((0.4363368313036062,-0.06844796929362928,0.3604366982295015));
#2622= IFCCARTESIANPOINT((0.4363368313036062,-0.06444796929281438,0.361508494999226));
#2624= IFCCARTESIANPOINT((0.4363368313036062,-0.0615197660663398,0.3644366982295015));
#2626= IFCCARTESIANPOINT((0.4363368313036062,-0.06044796929199947,0.3684366982295015));
#2628= IFCFACEOUTERBOUND(#2629,.T.);
#2629= IFCPOLYLOOP((#2604,#2606,#2608,#2610,#2612,#2614,#2616,#2618,#2620,#2622,#2624,#2626));
#2631= IFCFACE((#2633));
#2633= IFCFACEOUTERBOUND(#2634,.T.);
#2634= IFCPOLYLOOP((#2581,#2579,#2624,#2622));
#2636= IFCFACE((#2638));
#2638= IFCFACEOUTERBOUND(#2639,.T.);
#2639= IFCPOLYLOOP((#2622,#2620,#2583,#2581));
#2641= IFCFACE((#2643));
#2643= IFCFACEOUTERBOUND(#2644,.T.);
#2644= IFCPOLYLOOP((#2585,#2583,#2620,#2618));
#2646= IFCFACE((#2648));
#2648= IFCFACEOUTERBOUND(#2649,.T.);
#2649= IFCPOLYLOOP((#2587,#2585,#2618,#2616));
#2651= IFCFACE((#2653));
#2653= IFCFACEOUTERBOUND(#2654,.T.);
#2654= IFCPOLYLOOP((#2589,#2587,#2616,#2614));
#2656= IFCFACE((#2658));
#2658= IFCFACEOUTERBOUND(#2659,.T.);
#2659= IFCPOLYLOOP((#2591,#2589,#2614,#2612));
#2661= IFCFACE((#2663));
#2663= IFCFACEOUTERBOUND(#2664,.T.);
#2664= IFCPOLYLOOP((#2593,#2591,#2612,#2610));
#2666= IFCFACE((#2668));
#2668= IFCFACEOUTERBOUND(#2669,.T.);
#2669= IFCPOLYLOOP((#2610,#2608,#2595,#2593));
#2671= IFCFACE((#2673));
#2673= IFCFACEOUTERBOUND(#2674,.T.);
#2674= IFCPOLYLOOP((#2597,#2595,#2608,#2606));
#2676= IFCFACE((#2678));
#2678= IFCFACEOUTERBOUND(#2679,.T.);
#2679= IFCPOLYLOOP((#2575,#2597,#2606,#2604));
#2681= IFCFACE((#2683));
#2683= IFCFACEOUTERBOUND(#2684,.T.);
#2684= IFCPOLYLOOP((#2577,#2575,#2604,#2626));
#2686= IFCFACE((#2688));
#2688= IFCFACEOUTERBOUND(#2689,.T.);
#2689= IFCPOLYLOOP((#2579,#2577,#2626,#2624));
#2691= IFCCLOSEDSHELL((#2573,#2602,#2631,#2636,#2641,#2646,#2651,#2656,#2661,#2666,#2671,#2676,#2681,#2686));
#2693= IFCFACETEDBREP(#2691);
#2694= IFCPRESENTATIONSTYLEASSIGNMENT((#2696));
#2696= IFCSURFACESTYLE($,.POSITIVE.,(#2698));
#2697= IFCCOLOURRGB($,1.,0.7490196078431373,0.);
#2698= IFCSURFACESTYLESHADING(#2697);
#2700= IFCSTYLEDITEM(#2693,(#2694),$);
#2706= IFCBUILDINGELEMENTPROXY('23ZonXkia7WG00000000Rb',#41,$,$,$,#2708,#2713,$,$);
#2708= IFCLOCALPLACEMENT(#65,#2711);
#2709= IFCCARTESIANPOINT((0.,0.,0.));
#2711= IFCAXIS2PLACEMENT3D(#2709,$,$);
#2713= IFCPRODUCTDEFINITIONSHAPE($,$,(#2715));
#2715= IFCSHAPEREPRESENTATION(#1045,'Body','Brep',(#2837));
#2717= IFCFACE((#2743));
#2719= IFCCARTESIANPOINT((0.4552650345340226,-0.07244796929444419,0.2834366982295025));
#2721= IFCCARTESIANPOINT((0.4523368313036826,-0.07537617252091877,0.2834366982295025));
#2723= IFCCARTESIANPOINT((0.4483368313037772,-0.0764479692952591,0.2834366982295025));
#2725= IFCCARTESIANPOINT((0.4443368313038718,-0.07537617252091877,0.2834366982295025));
#2727= IFCCARTESIANPOINT((0.4414086280735319,-0.07244796929444419,0.2834366982295025));
#2729= IFCCARTESIANPOINT((0.440336831303739,-0.06844796929362928,0.2834366982295025));
#2731= IFCCARTESIANPOINT((0.4414086280735319,-0.06444796929281438,0.2834366982295025));
#2733= IFCCARTESIANPOINT((0.4443368313038718,-0.0615197660663398,0.2834366982295025));
#2735= IFCCARTESIANPOINT((0.4483368313037772,-0.06044796929199947,0.2834366982295025));
#2737= IFCCARTESIANPOINT((0.4523368313036826,-0.0615197660663398,0.2834366982295025));
#2739= IFCCARTESIANPOINT((0.4552650345340226,-0.06444796929281438,0.2834366982295025));
#2741= IFCCARTESIANPOINT((0.4563368313038154,-0.06844796929362928,0.2834366982295025));
#2743= IFCFACEOUTERBOUND(#2744,.T.);
#2744= IFCPOLYLOOP((#2719,#2721,#2723,#2725,#2727,#2729,#2731,#2733,#2735,#2737,#2739,#2741));
#2746= IFCFACE((#2772));
#2748= IFCCARTESIANPOINT((0.440336831303739,-0.06844796929362928,0.3564366982295025));
#2750= IFCCARTESIANPOINT((0.4414086280735319,-0.07244796929444419,0.3564366982295025));
#2752= IFCCARTESIANPOINT((0.4443368313038718,-0.07537617252091877,0.3564366982295025));
#2754= IFCCARTESIANPOINT((0.4483368313037772,-0.0764479692952591,0.3564366982295025));
#2756= IFCCARTESIANPOINT((0.4523368313036826,-0.07537617252091877,0.3564366982295025));
#2758= IFCCARTESIANPOINT((0.4552650345340226,-0.07244796929444419,0.3564366982295025));
#2760= IFCCARTESIANPOINT((0.4563368313038154,-0.06844796929362928,0.3564366982295025));
#2762= IFCCARTESIANPOINT((0.4552650345340226,-0.06444796929281438,0.3564366982295025));
#2764= IFCCARTESIANPOINT((0.4523368313036826,-0.0615197660663398,0.3564366982295025));
#2766= IFCCARTESIANPOINT((0.4483368313037772,-0.06044796929199947,0.3564366982295025));
#2768= IFCCARTESIANPOINT((0.4443368313038718,-0.0615197660663398,0.3564366982295025));
#2770= IFCCARTESIANPOINT((0.4414086280735319,-0.06444796929281438,0.3564366982295025));
#2772= IFCFACEOUTERBOUND(#2773,.T.);
#2773= IFCPOLYLOOP((#2748,#2750,#2752,#2754,#2756,#2758,#2760,#2762,#2764,#2766,#2768,#2770));
#2775= IFCFACE((#2777));
#2777= IFCFACEOUTERBOUND(#2778,.T.);
#2778= IFCPOLYLOOP((#2739,#2737,#2764,#2762));
#2780= IFCFACE((#2782));
#2782= IFCFACEOUTERBOUND(#2783,.T.);
#2783= IFCPOLYLOOP((#2766,#2764,#2737,#2735));
#2785= IFCFACE((#2787));
#2787= IFCFACEOUTERBOUND(#2788,.T.);
#2788= IFCPOLYLOOP((#2735,#2733,#2768,#2766));
#2790= IFCFACE((#2792));
#2792= IFCFACEOUTERBOUND(#2793,.T.);
#2793= IFCPOLYLOOP((#2770,#2768,#2733,#2731));
#2795= IFCFACE((#2797));
#2797= IFCFACEOUTERBOUND(#2798,.T.);
#2798= IFCPOLYLOOP((#2731,#2729,#2748,#2770));
#2800= IFCFACE((#2802));
#2802= IFCFACEOUTERBOUND(#2803,.T.);
#2803= IFCPOLYLOOP((#2750,#2748,#2729,#2727));
#2805= IFCFACE((#2807));
#2807= IFCFACEOUTERBOUND(#2808,.T.);
#2808= IFCPOLYLOOP((#2752,#2750,#2727,#2725));
#2810= IFCFACE((#2812));
#2812= IFCFACEOUTERBOUND(#2813,.T.);
#2813= IFCPOLYLOOP((#2725,#2723,#2754,#2752));
#2815= IFCFACE((#2817));
#2817= IFCFACEOUTERBOUND(#2818,.T.);
#2818= IFCPOLYLOOP((#2756,#2754,#2723,#2721));
#2820= IFCFACE((#2822));
#2822= IFCFACEOUTERBOUND(#2823,.T.);
#2823= IFCPOLYLOOP((#2758,#2756,#2721,#2719));
#2825= IFCFACE((#2827));
#2827= IFCFACEOUTERBOUND(#2828,.T.);
#2828= IFCPOLYLOOP((#2719,#2741,#2760,#2758));
#2830= IFCFACE((#2832));
#2832= IFCFACEOUTERBOUND(#2833,.T.);
#2833= IFCPOLYLOOP((#2762,#2760,#2741,#2739));
#2835= IFCCLOSEDSHELL((#2717,#2746,#2775,#2780,#2785,#2790,#2795,#2800,#2805,#2810,#2815,#2820,#2825,#2830));
#2837= IFCFACETEDBREP(#2835);
#2838= IFCPRESENTATIONSTYLEASSIGNMENT((#2840));
#2840= IFCSURFACESTYLE($,.POSITIVE.,(#2842));
#2841= IFCCOLOURRGB($,1.,0.7490196078431373,0.);
#2842= IFCSURFACESTYLESHADING(#2841);
#2844= IFCSTYLEDITEM(#2837,(#2838),$);
#2850= IFCBUILDINGELEMENTPROXY('23ZonXkia7WG00000000Rf',#41,$,$,$,#2852,#2857,$,$);
#2852= IFCLOCALPLACEMENT(#65,#2855);
#2853= IFCCARTESIANPOINT((0.,0.,0.));
#2855= IFCAXIS2PLACEMENT3D(#2853,$,$);
#2857= IFCPRODUCTDEFINITIONSHAPE($,$,(#2859));
#2859= IFCSHAPEREPRESENTATION(#1045,'Body','Brep',(#3149));
#2861= IFCFACE((#2887));
#2863= IFCCARTESIANPOINT((0.4363368313036062,-0.0615197660663398,0.3644366982295021));
#2865= IFCCARTESIANPOINT((0.4363368313036062,-0.06444796929281438,0.3615084949992267));
#2867= IFCCARTESIANPOINT((0.4363368313036062,-0.06844796929362928,0.3604366982295021));
#2869= IFCCARTESIANPOINT((0.4363368313036062,-0.07244796929444419,0.3615084949992267));
#2871= IFCCARTESIANPOINT((0.4363368313036062,-0.07537617252091877,0.3644366982295021));
#2873= IFCCARTESIANPOINT((0.4363368313036062,-0.0764479692952591,0.3684366982295021));
#2875= IFCCARTESIANPOINT((0.4363368313036062,-0.07537617252091877,0.3724366982295021));
#2877= IFCCARTESIANPOINT((0.4363368313036062,-0.07244796929444419,0.3753649014597776));
#2879= IFCCARTESIANPOINT((0.4363368313036062,-0.06844796929362928,0.3764366982295022));
#2881= IFCCARTESIANPOINT((0.4363368313036062,-0.06444796929281438,0.3753649014597776));
#2883= IFCCARTESIANPOINT((0.4363368313036062,-0.0615197660663398,0.3724366982295021));
#2885= IFCCARTESIANPOINT((0.4363368313036062,-0.06044796929199947,0.3684366982295021));
#2887= IFCFACEOUTERBOUND(#2888,.T.);
#2888= IFCPOLYLOOP((#2863,#2865,#2867,#2869,#2871,#2873,#2875,#2877,#2879,#2881,#2883,#2885));
#2890= IFCFACE((#2916));
#2892= IFCCARTESIANPOINT((0.4523368313036826,-0.0615197660663398,0.3564366982295039));
#2894= IFCCARTESIANPOINT((0.4552650345340226,-0.06444796929281438,0.3564366982295038));
#2896= IFCCARTESIANPOINT((0.4563368313038154,-0.06844796929362928,0.3564366982295038));
#2898= IFCCARTESIANPOINT((0.4552650345340226,-0.07244796929444419,0.3564366982295038));
#2900= IFCCARTESIANPOINT((0.4523368313036826,-0.07537617252091877,0.3564366982295039));
#2902= IFCCARTESIANPOINT((0.4483368313037772,-0.0764479692952591,0.3564366982295039));
#2904= IFCCARTESIANPOINT((0.4443368313038718,-0.07537617252091877,0.3564366982295039));
#2906= IFCCARTESIANPOINT((0.4414086280735319,-0.07244796929444419,0.3564366982295039));
#2908= IFCCARTESIANPOINT((0.440336831303739,-0.06844796929362928,0.3564366982295039));
#2910= IFCCARTESIANPOINT((0.4414086280735319,-0.06444796929281438,0.3564366982295039));
#2912= IFCCARTESIANPOINT((0.4443368313038718,-0.0615197660663398,0.3564366982295039));
#2914= IFCCARTESIANPOINT((0.4483368313037772,-0.06044796929199947,0.3564366982295038));
#2916= IFCFACEOUTERBOUND(#2917,.T.);
#2917= IFCPOLYLOOP((#2892,#2894,#2896,#2898,#2900,#2902,#2904,#2906,#2908,#2910,#2912,#2914));
#2919= IFCFACE((#2929));
#2921= IFCCARTESIANPOINT((0.4463368313035971,-0.06844796929362928,0.3737572063051912));
#2923= IFCCARTESIANPOINT((0.4458009329189281,-0.07244796929444419,0.3728290030749156));
#2925= IFCCARTESIANPOINT((0.4527291361491734,-0.07244796929444419,0.3659007998446407));
#2927= IFCCARTESIANPOINT((0.4536573393793333,-0.06844796929362928,0.366436698229503));
#2929= IFCFACEOUTERBOUND(#2930,.T.);
#2930= IFCPOLYLOOP((#2921,#2923,#2925,#2927));
#2932= IFCFACE((#2938));
#2934= IFCCARTESIANPOINT((0.4458009329189281,-0.06444796929281438,0.3728290030749156));
#2936= IFCCARTESIANPOINT((0.4527291361491734,-0.06444796929281438,0.3659007998446407));
#2938= IFCFACEOUTERBOUND(#2939,.T.);
#2939= IFCPOLYLOOP((#2934,#2921,#2927,#2936));
#2941= IFCFACE((#2947));
#2943= IFCCARTESIANPOINT((0.4423368313036917,-0.06044796929199947,0.3668290030749156));
#2945= IFCCARTESIANPOINT((0.440336831303739,-0.0615197660663398,0.3633649014597778));
#2947= IFCFACEOUTERBOUND(#2948,.T.);
#2948= IFCPOLYLOOP((#2885,#2943,#2945,#2863));
#2950= IFCFACE((#2954));
#2952= IFCCARTESIANPOINT((0.4443368313036444,-0.07537617252091877,0.3702931046900534));
#2954= IFCFACEOUTERBOUND(#2955,.T.);
#2955= IFCPOLYLOOP((#2923,#2877,#2875,#2952));
#2957= IFCFACE((#2959));
#2959= IFCFACEOUTERBOUND(#2960,.T.);
#2960= IFCPOLYLOOP((#2879,#2877,#2923,#2921));
#2962= IFCFACE((#2968));
#2964= IFCCARTESIANPOINT((0.4467291361490879,-0.06044796929199947,0.3624366982295029));
#2966= IFCCARTESIANPOINT((0.4432650345338516,-0.0615197660663398,0.3604366982295029));
#2968= IFCFACEOUTERBOUND(#2969,.T.);
#2969= IFCPOLYLOOP((#2943,#2964,#2966,#2945));
#2971= IFCFACE((#2975));
#2973= IFCCARTESIANPOINT((0.4443368313036444,-0.0615197660663398,0.3702931046900534));
#2975= IFCFACEOUTERBOUND(#2976,.T.);
#2976= IFCPOLYLOOP((#2973,#2943,#2885,#2883));
#2978= IFCFACE((#2982));
#2980= IFCCARTESIANPOINT((0.4501932377643243,-0.0615197660663398,0.364436698229503));
#2982= IFCFACEOUTERBOUND(#2983,.T.);
#2983= IFCPOLYLOOP((#2894,#2892,#2980,#2936));
#2985= IFCFACE((#2987));
#2987= IFCFACEOUTERBOUND(#2988,.T.);
#2988= IFCPOLYLOOP((#2927,#2896,#2894,#2936));
#2990= IFCFACE((#2996));
#2992= IFCCARTESIANPOINT((0.4501932377643243,-0.07537617252091877,0.364436698229503));
#2994= IFCCARTESIANPOINT((0.4467291361490879,-0.0764479692952591,0.3624366982295029));
#2996= IFCFACEOUTERBOUND(#2997,.T.);
#2997= IFCPOLYLOOP((#2902,#2900,#2992,#2994));
#2999= IFCFACE((#3007));
#3001= IFCCARTESIANPOINT((0.4423368313036917,-0.0764479692952591,0.3668290030749156));
#3003= IFCCARTESIANPOINT((0.440336831303739,-0.07537617252091877,0.3633649014597778));
#3005= IFCCARTESIANPOINT((0.4432650345338516,-0.07537617252091877,0.3604366982295029));
#3007= IFCFACEOUTERBOUND(#3008,.T.);
#3008= IFCPOLYLOOP((#2994,#3001,#3003,#3005));
#3010= IFCFACE((#3012));
#3012= IFCFACEOUTERBOUND(#3013,.T.);
#3013= IFCPOLYLOOP((#3005,#2904,#2902,#2994));
#3015= IFCFACE((#3021));
#3017= IFCCARTESIANPOINT((0.4388727296884554,-0.07244796929444419,0.3608290030749156));
#3019= IFCCARTESIANPOINT((0.4407291361490024,-0.07244796929444419,0.3589725966143651));
#3021= IFCFACEOUTERBOUND(#3022,.T.);
#3022= IFCPOLYLOOP((#3005,#3003,#3017,#3019));
#3024= IFCFACE((#3026));
#3026= IFCFACEOUTERBOUND(#3027,.T.);
#3027= IFCPOLYLOOP((#3019,#2906,#2904,#3005));
#3029= IFCFACE((#3035));
#3031= IFCCARTESIANPOINT((0.4383368313037863,-0.06844796929362928,0.3599007998446401));
#3033= IFCCARTESIANPOINT((0.4398009329188426,-0.06844796929362928,0.3584366982295028));
#3035= IFCFACEOUTERBOUND(#3036,.T.);
#3036= IFCPOLYLOOP((#3019,#3017,#3031,#3033));
#3038= IFCFACE((#3040));
#3040= IFCFACEOUTERBOUND(#3041,.T.);
#3041= IFCPOLYLOOP((#2906,#3019,#3033,#2908));
#3043= IFCFACE((#3049));
#3045= IFCCARTESIANPOINT((0.4388727296884554,-0.06444796929281438,0.3608290030749156));
#3047= IFCCARTESIANPOINT((0.4407291361490024,-0.06444796929281438,0.3589725966143651));
#3049= IFCFACEOUTERBOUND(#3050,.T.);
#3050= IFCPOLYLOOP((#3045,#3047,#3033,#3031));
#3052= IFCFACE((#3054));
#3054= IFCFACEOUTERBOUND(#3055,.T.);
#3055= IFCPOLYLOOP((#2908,#3033,#3047,#2910));
#3057= IFCFACE((#3059));
#3059= IFCFACEOUTERBOUND(#3060,.T.);
#3060= IFCPOLYLOOP((#2898,#2896,#2927,#2925));
#3062= IFCFACE((#3064));
#3064= IFCFACEOUTERBOUND(#3065,.T.);
#3065= IFCPOLYLOOP((#2992,#2900,#2898,#2925));
#3067= IFCFACE((#3069));
#3069= IFCFACEOUTERBOUND(#3070,.T.);
#3070= IFCPOLYLOOP((#2992,#2925,#2923,#2952));
#3072= IFCFACE((#3074));
#3074= IFCFACEOUTERBOUND(#3075,.T.);
#3075= IFCPOLYLOOP((#3001,#2994,#2992,#2952));
#3077= IFCFACE((#3079));
#3079= IFCFACEOUTERBOUND(#3080,.T.);
#3080= IFCPOLYLOOP((#3001,#2952,#2875,#2873));
#3082= IFCFACE((#3084));
#3084= IFCFACEOUTERBOUND(#3085,.T.);
#3085= IFCPOLYLOOP((#3003,#3001,#2873,#2871));
#3087= IFCFACE((#3089));
#3089= IFCFACEOUTERBOUND(#3090,.T.);
#3090= IFCPOLYLOOP((#3017,#3003,#2871,#2869));
#3092= IFCFACE((#3094));
#3094= IFCFACEOUTERBOUND(#3095,.T.);
#3095= IFCPOLYLOOP((#2867,#3031,#3017,#2869));
#3097= IFCFACE((#3099));
#3099= IFCFACEOUTERBOUND(#3100,.T.);
#3100= IFCPOLYLOOP((#2865,#3045,#3031,#2867));
#3102= IFCFACE((#3104));
#3104= IFCFACEOUTERBOUND(#3105,.T.);
#3105= IFCPOLYLOOP((#3045,#2865,#2863,#2945));
#3107= IFCFACE((#3109));
#3109= IFCFACEOUTERBOUND(#3110,.T.);
#3110= IFCPOLYLOOP((#3047,#3045,#2945,#2966));
#3112= IFCFACE((#3114));
#3114= IFCFACEOUTERBOUND(#3115,.T.);
#3115= IFCPOLYLOOP((#2910,#3047,#2966,#2912));
#3117= IFCFACE((#3119));
#3119= IFCFACEOUTERBOUND(#3120,.T.);
#3120= IFCPOLYLOOP((#2881,#2879,#2921,#2934));
#3122= IFCFACE((#3124));
#3124= IFCFACEOUTERBOUND(#3125,.T.);
#3125= IFCPOLYLOOP((#2973,#2883,#2881,#2934));
#3127= IFCFACE((#3129));
#3129= IFCFACEOUTERBOUND(#3130,.T.);
#3130= IFCPOLYLOOP((#2973,#2934,#2936,#2980));
#3132= IFCFACE((#3134));
#3134= IFCFACEOUTERBOUND(#3135,.T.);
#3135= IFCPOLYLOOP((#2964,#2943,#2973,#2980));
#3137= IFCFACE((#3139));
#3139= IFCFACEOUTERBOUND(#3140,.T.);
#3140= IFCPOLYLOOP((#2964,#2980,#2892,#2914));
#3142= IFCFACE((#3144));
#3144= IFCFACEOUTERBOUND(#3145,.T.);
#3145= IFCPOLYLOOP((#2914,#2912,#2966,#2964));
#3147= IFCCLOSEDSHELL((#2861,#2890,#2919,#2932,#2941,#2950,#2957,#2962,#2971,#2978,#2985,#2990,#2999,#3010,#3015,#3024,#3029,#3038,#3043,#3052,#3057,#3062,#3067,#3072,#3077,#3082,#3087,#3092,#3097,#3102,#3107,#3112,#3117,#3122,#3127,#3132,#3137,#3142));
#3149= IFCFACETEDBREP(#3147);
#3150= IFCPRESENTATIONSTYLEASSIGNMENT((#3152));
#3152= IFCSURFACESTYLE($,.POSITIVE.,(#3154));
#3153= IFCCOLOURRGB($,1.,0.7490196078431373,0.);
#3154= IFCSURFACESTYLESHADING(#3153);
#3156= IFCSTYLEDITEM(#3149,(#3150),$);
#3162= IFCBUILDINGELEMENTPROXY('23ZonXkia7WG00000000Rj',#41,$,$,$,#3164,#3169,$,$);
#3164= IFCLOCALPLACEMENT(#65,#3167);
#3165= IFCCARTESIANPOINT((0.,0.,0.));
#3167= IFCAXIS2PLACEMENT3D(#3165,$,$);
#3169= IFCPRODUCTDEFINITIONSHAPE($,$,(#3171));
#3171= IFCSHAPEREPRESENTATION(#1045,'Body','Brep',(#3449));
#3173= IFCFACE((#3183));
#3175= IFCCARTESIANPOINT((0.6124967505886616,-0.1199999999880674,2.674933396458996));
#3177= IFCCARTESIANPOINT((0.6124967505886616,-0.01649999998335261,2.674933396458996));
#3179= IFCCARTESIANPOINT((0.5874967505883433,-0.01649999998335261,2.674933396458996));
#3181= IFCCARTESIANPOINT((0.587496750588798,-0.1199999999880674,2.674933396458996));
#3183= IFCFACEOUTERBOUND(#3184,.T.);
#3184= IFCPOLYLOOP((#3175,#3177,#3179,#3181));
#3186= IFCFACE((#3192));
#3188= IFCCARTESIANPOINT((0.6124967505886616,-0.1199999999880674,2.412433396458995));
#3190= IFCCARTESIANPOINT((0.587496750588798,-0.1199999999880674,2.412433396458995));
#3192= IFCFACEOUTERBOUND(#3193,.T.);
#3193= IFCPOLYLOOP((#3188,#3175,#3181,#3190));
#3195= IFCFACE((#3221,#3248,#3253));
#3197= IFCCARTESIANPOINT((0.5874967505883433,-0.07952629612555029,2.5319366982295));
#3199= IFCCARTESIANPOINT((0.5874967505883433,-0.07550001668278128,2.527910418787871));
#3201= IFCCARTESIANPOINT((0.5874967505883433,-0.07000001668347977,2.526436698229499));
#3203= IFCCARTESIANPOINT((0.5874967505883433,-0.06450001668417826,2.52791041878787));
#3205= IFCCARTESIANPOINT((0.5874967505883433,-0.06047373724140925,2.5319366982295));
#3207= IFCCARTESIANPOINT((0.5874967505883433,-0.05900001668487675,2.5374366982295));
#3209= IFCCARTESIANPOINT((0.5874967505883433,-0.06047373724140925,2.5429366982295));
#3211= IFCCARTESIANPOINT((0.5874967505883433,-0.06450001668417826,2.546962977671128));
#3213= IFCCARTESIANPOINT((0.5874967505883433,-0.07000001668347977,2.5484366982295));
#3215= IFCCARTESIANPOINT((0.5874967505883433,-0.07550001668278128,2.546962977671129));
#3217= IFCCARTESIANPOINT((0.5874967505883433,-0.07952629612555029,2.5429366982295));
#3219= IFCCARTESIANPOINT((0.5874967505883433,-0.08100001668208279,2.5374366982295));
#3221= IFCFACEBOUND(#3222,.T.);
#3222= IFCPOLYLOOP((#3197,#3199,#3201,#3203,#3205,#3207,#3209,#3211,#3213,#3215,#3217,#3219));
#3224= IFCCARTESIANPOINT((0.5874967505883433,-0.09100001668412006,2.4624366982295));
#3226= IFCCARTESIANPOINT((0.5874967505883433,-0.08952629612758756,2.4569366982295));
#3228= IFCCARTESIANPOINT((0.5874967505883433,-0.08550001668481855,2.452910418787872));
#3230= IFCCARTESIANPOINT((0.5874967505883433,-0.08000001668551704,2.4514366982295));
#3232= IFCCARTESIANPOINT((0.5874967505883433,-0.07450001668621553,2.452910418787871));
#3234= IFCCARTESIANPOINT((0.5874967505883433,-0.07047373724344652,2.4569366982295));
#3236= IFCCARTESIANPOINT((0.5874967505883433,-0.06900001668691402,2.4624366982295));
#3238= IFCCARTESIANPOINT((0.5874967505883433,-0.07047373724344652,2.4679366982295));
#3240= IFCCARTESIANPOINT((0.5874967505883433,-0.07450001668621553,2.471962977671129));
#3242= IFCCARTESIANPOINT((0.5874967505883433,-0.08000001668551704,2.4734366982295));
#3244= IFCCARTESIANPOINT((0.5874967505883433,-0.08550001668481855,2.471962977671129));
#3246= IFCCARTESIANPOINT((0.5874967505883433,-0.08952629612758756,2.4679366982295));
#3248= IFCFACEBOUND(#3249,.T.);
#3249= IFCPOLYLOOP((#3224,#3226,#3228,#3230,#3232,#3234,#3236,#3238,#3240,#3242,#3244,#3246));
#3251= IFCCARTESIANPOINT((0.5874967505883433,-0.01649999998335261,2.412433396458997));
#3253= IFCFACEOUTERBOUND(#3254,.T.);
#3254= IFCPOLYLOOP((#3190,#3181,#3179,#3251));
#3256= IFCFACE((#3260));
#3258= IFCCARTESIANPOINT((0.6124967505886616,-0.01649999998335261,2.412433396458997));
#3260= IFCFACEOUTERBOUND(#3261,.T.);
#3261= IFCPOLYLOOP((#3251,#3179,#3177,#3258));
#3263= IFCFACE((#3265,#3292,#3319));
#3265= IFCFACEOUTERBOUND(#3266,.T.);
#3266= IFCPOLYLOOP((#3188,#3258,#3177,#3175));
#3268= IFCCARTESIANPOINT((0.6124967505886616,-0.06450001668417826,2.546962977671128));
#3270= IFCCARTESIANPOINT((0.6124967505886616,-0.06047373724140925,2.5429366982295));
#3272= IFCCARTESIANPOINT((0.6124967505886616,-0.05900001668487675,2.5374366982295));
#3274= IFCCARTESIANPOINT((0.6124967505886616,-0.06047373724140925,2.5319366982295));
#3276= IFCCARTESIANPOINT((0.6124967505886616,-0.06450001668417826,2.52791041878787));
#3278= IFCCARTESIANPOINT((0.6124967505886616,-0.07000001668347977,2.526436698229499));
#3280= IFCCARTESIANPOINT((0.6124967505886616,-0.07550001668278128,2.527910418787871));
#3282= IFCCARTESIANPOINT((0.6124967505886616,-0.07952629612555029,2.5319366982295));
#3284= IFCCARTESIANPOINT((0.6124967505886616,-0.08100001668208279,2.5374366982295));
#3286= IFCCARTESIANPOINT((0.6124967505886616,-0.07952629612555029,2.5429366982295));
#3288= IFCCARTESIANPOINT((0.6124967505886616,-0.07550001668278128,2.546962977671129));
#3290= IFCCARTESIANPOINT((0.6124967505886616,-0.07000001668347977,2.5484366982295));
#3292= IFCFACEBOUND(#3293,.T.);
#3293= IFCPOLYLOOP((#3268,#3270,#3272,#3274,#3276,#3278,#3280,#3282,#3284,#3286,#3288,#3290));
#3295= IFCCARTESIANPOINT((0.6124967505886616,-0.07047373724344652,2.4679366982295));
#3297= IFCCARTESIANPOINT((0.6124967505886616,-0.06900001668691402,2.4624366982295));
#3299= IFCCARTESIANPOINT((0.6124967505886616,-0.07047373724344652,2.4569366982295));
#3301= IFCCARTESIANPOINT((0.6124967505886616,-0.07450001668621553,2.452910418787871));
#3303= IFCCARTESIANPOINT((0.6124967505886616,-0.08000001668551704,2.4514366982295));
#3305= IFCCARTESIANPOINT((0.6124967505886616,-0.08550001668481855,2.452910418787872));
#3307= IFCCARTESIANPOINT((0.6124967505886616,-0.08952629612758756,2.4569366982295));
#3309= IFCCARTESIANPOINT((0.6124967505886616,-0.09100001668412006,2.4624366982295));
#3311= IFCCARTESIANPOINT((0.6124967505886616,-0.08952629612758756,2.4679366982295));
#3313= IFCCARTESIANPOINT((0.6124967505886616,-0.08550001668481855,2.471962977671129));
#3315= IFCCARTESIANPOINT((0.6124967505886616,-0.08000001668551704,2.4734366982295));
#3317= IFCCARTESIANPOINT((0.6124967505886616,-0.07450001668621553,2.471962977671129));
#3319= IFCFACEBOUND(#3320,.T.);
#3320= IFCPOLYLOOP((#3295,#3297,#3299,#3301,#3303,#3305,#3307,#3309,#3311,#3313,#3315,#3317));
#3322= IFCFACE((#3324));
#3324= IFCFACEOUTERBOUND(#3325,.T.);
#3325= IFCPOLYLOOP((#3258,#3188,#3190,#3251));
#3327= IFCFACE((#3329));
#3329= IFCFACEOUTERBOUND(#3330,.T.);
#3330= IFCPOLYLOOP((#3228,#3226,#3307,#3305));
#3332= IFCFACE((#3334));
#3334= IFCFACEOUTERBOUND(#3335,.T.);
#3335= IFCPOLYLOOP((#3230,#3228,#3305,#3303));
#3337= IFCFACE((#3339));
#3339= IFCFACEOUTERBOUND(#3340,.T.);
#3340= IFCPOLYLOOP((#3303,#3301,#3232,#3230));
#3342= IFCFACE((#3344));
#3344= IFCFACEOUTERBOUND(#3345,.T.);
#3345= IFCPOLYLOOP((#3234,#3232,#3301,#3299));
#3347= IFCFACE((#3349));
#3349= IFCFACEOUTERBOUND(#3350,.T.);
#3350= IFCPOLYLOOP((#3299,#3297,#3236,#3234));
#3352= IFCFACE((#3354));
#3354= IFCFACEOUTERBOUND(#3355,.T.);
#3355= IFCPOLYLOOP((#3297,#3295,#3238,#3236));
#3357= IFCFACE((#3359));
#3359= IFCFACEOUTERBOUND(#3360,.T.);
#3360= IFCPOLYLOOP((#3240,#3238,#3295,#3317));
#3362= IFCFACE((#3364));
#3364= IFCFACEOUTERBOUND(#3365,.T.);
#3365= IFCPOLYLOOP((#3317,#3315,#3242,#3240));
#3367= IFCFACE((#3369));
#3369= IFCFACEOUTERBOUND(#3370,.T.);
#3370= IFCPOLYLOOP((#3244,#3242,#3315,#3313));
#3372= IFCFACE((#3374));
#3374= IFCFACEOUTERBOUND(#3375,.T.);
#3375= IFCPOLYLOOP((#3246,#3244,#3313,#3311));
#3377= IFCFACE((#3379));
#3379= IFCFACEOUTERBOUND(#3380,.T.);
#3380= IFCPOLYLOOP((#3224,#3246,#3311,#3309));
#3382= IFCFACE((#3384));
#3384= IFCFACEOUTERBOUND(#3385,.T.);
#3385= IFCPOLYLOOP((#3226,#3224,#3309,#3307));
#3387= IFCFACE((#3389));
#3389= IFCFACEOUTERBOUND(#3390,.T.);
#3390= IFCPOLYLOOP((#3199,#3197,#3282,#3280));
#3392= IFCFACE((#3394));
#3394= IFCFACEOUTERBOUND(#3395,.T.);
#3395= IFCPOLYLOOP((#3201,#3199,#3280,#3278));
#3397= IFCFACE((#3399));
#3399= IFCFACEOUTERBOUND(#3400,.T.);
#3400= IFCPOLYLOOP((#3278,#3276,#3203,#3201));
#3402= IFCFACE((#3404));
#3404= IFCFACEOUTERBOUND(#3405,.T.);
#3405= IFCPOLYLOOP((#3205,#3203,#3276,#3274));
#3407= IFCFACE((#3409));
#3409= IFCFACEOUTERBOUND(#3410,.T.);
#3410= IFCPOLYLOOP((#3207,#3205,#3274,#3272));
#3412= IFCFACE((#3414));
#3414= IFCFACEOUTERBOUND(#3415,.T.);
#3415= IFCPOLYLOOP((#3209,#3207,#3272,#3270));
#3417= IFCFACE((#3419));
#3419= IFCFACEOUTERBOUND(#3420,.T.);
#3420= IFCPOLYLOOP((#3270,#3268,#3211,#3209));
#3422= IFCFACE((#3424));
#3424= IFCFACEOUTERBOUND(#3425,.T.);
#3425= IFCPOLYLOOP((#3268,#3290,#3213,#3211));
#3427= IFCFACE((#3429));
#3429= IFCFACEOUTERBOUND(#3430,.T.);
#3430= IFCPOLYLOOP((#3215,#3213,#3290,#3288));
#3432= IFCFACE((#3434));
#3434= IFCFACEOUTERBOUND(#3435,.T.);
#3435= IFCPOLYLOOP((#3217,#3215,#3288,#3286));
#3437= IFCFACE((#3439));
#3439= IFCFACEOUTERBOUND(#3440,.T.);
#3440= IFCPOLYLOOP((#3286,#3284,#3219,#3217));
#3442= IFCFACE((#3444));
#3444= IFCFACEOUTERBOUND(#3445,.T.);
#3445= IFCPOLYLOOP((#3197,#3219,#3284,#3282));
#3447= IFCCLOSEDSHELL((#3173,#3186,#3195,#3256,#3263,#3322,#3327,#3332,#3337,#3342,#3347,#3352,#3357,#3362,#3367,#3372,#3377,#3382,#3387,#3392,#3397,#3402,#3407,#3412,#3417,#3422,#3427,#3432,#3437,#3442));
#3449= IFCFACETEDBREP(#3447);
#3450= IFCPRESENTATIONSTYLEASSIGNMENT((#3452));
#3452= IFCSURFACESTYLE($,.POSITIVE.,(#3454));
#3453= IFCCOLOURRGB($,1.,0.7490196078431373,0.);
#3454= IFCSURFACESTYLESHADING(#3453);
#3456= IFCSTYLEDITEM(#3449,(#3450),$);
#3462= IFCBUILDINGELEMENTPROXY('23ZonXkia7WG00000000Rv',#41,$,$,$,#3464,#3469,$,$);
#3464= IFCLOCALPLACEMENT(#65,#3467);
#3465= IFCCARTESIANPOINT((0.,0.,0.));
#3467= IFCAXIS2PLACEMENT3D(#3465,$,$);
#3469= IFCPRODUCTDEFINITIONSHAPE($,$,(#3471));
#3471= IFCSHAPEREPRESENTATION(#1045,'Body','Brep',(#3593));
#3473= IFCFACE((#3499));
#3475= IFCCARTESIANPOINT((0.3233368313037772,-0.0615197660663398,2.327436698229501));
#3477= IFCCARTESIANPOINT((0.3233368313037772,-0.06444796929281438,2.324508494999226));
#3479= IFCCARTESIANPOINT((0.3233368313037772,-0.06844796929362928,2.323436698229501));
#3481= IFCCARTESIANPOINT((0.3233368313037772,-0.07244796929444419,2.324508494999226));
#3483= IFCCARTESIANPOINT((0.3233368313037772,-0.07537617252091877,2.327436698229501));
#3485= IFCCARTESIANPOINT((0.3233368313037772,-0.0764479692952591,2.331436698229501));
#3487= IFCCARTESIANPOINT((0.3233368313037772,-0.07537617252091877,2.335436698229501));
#3489= IFCCARTESIANPOINT((0.3233368313037772,-0.07244796929444419,2.338364901459777));
#3491= IFCCARTESIANPOINT((0.3233368313037772,-0.06844796929362928,2.339436698229501));
#3493= IFCCARTESIANPOINT((0.3233368313037772,-0.06444796929281438,2.338364901459777));
#3495= IFCCARTESIANPOINT((0.3233368313037772,-0.0615197660663398,2.335436698229501));
#3497= IFCCARTESIANPOINT((0.3233368313037772,-0.06044796929199947,2.331436698229502));
#3499= IFCFACEOUTERBOUND(#3500,.T.);
#3500= IFCPOLYLOOP((#3475,#3477,#3479,#3481,#3483,#3485,#3487,#3489,#3491,#3493,#3495,#3497));
#3502= IFCFACE((#3528));
#3504= IFCCARTESIANPOINT((0.4363368313036062,-0.0615197660663398,2.335436698229502));
#3506= IFCCARTESIANPOINT((0.4363368313036062,-0.06444796929281438,2.338364901459778));
#3508= IFCCARTESIANPOINT((0.4363368313036062,-0.06844796929362928,2.339436698229502));
#3510= IFCCARTESIANPOINT((0.4363368313036062,-0.07244796929444419,2.338364901459778));
#3512= IFCCARTESIANPOINT((0.4363368313036062,-0.07537617252091877,2.335436698229502));
#3514= IFCCARTESIANPOINT((0.4363368313036062,-0.0764479692952591,2.331436698229502));
#3516= IFCCARTESIANPOINT((0.4363368313036062,-0.07537617252091877,2.327436698229502));
#3518= IFCCARTESIANPOINT((0.4363368313036062,-0.07244796929444419,2.324508494999227));
#3520= IFCCARTESIANPOINT((0.4363368313036062,-0.06844796929362928,2.323436698229502));
#3522= IFCCARTESIANPOINT((0.4363368313036062,-0.06444796929281438,2.324508494999227));
#3524= IFCCARTESIANPOINT((0.4363368313036062,-0.0615197660663398,2.327436698229502));
#3526= IFCCARTESIANPOINT((0.4363368313036062,-0.06044796929199947,2.331436698229502));
#3528= IFCFACEOUTERBOUND(#3529,.T.);
#3529= IFCPOLYLOOP((#3504,#3506,#3508,#3510,#3512,#3514,#3516,#3518,#3520,#3522,#3524,#3526));
#3531= IFCFACE((#3533));
#3533= IFCFACEOUTERBOUND(#3534,.T.);
#3534= IFCPOLYLOOP((#3477,#3475,#3524,#3522));
#3536= IFCFACE((#3538));
#3538= IFCFACEOUTERBOUND(#3539,.T.);
#3539= IFCPOLYLOOP((#3479,#3477,#3522,#3520));
#3541= IFCFACE((#3543));
#3543= IFCFACEOUTERBOUND(#3544,.T.);
#3544= IFCPOLYLOOP((#3520,#3518,#3481,#3479));
#3546= IFCFACE((#3548));
#3548= IFCFACEOUTERBOUND(#3549,.T.);
#3549= IFCPOLYLOOP((#3518,#3516,#3483,#3481));
#3551= IFCFACE((#3553));
#3553= IFCFACEOUTERBOUND(#3554,.T.);
#3554= IFCPOLYLOOP((#3485,#3483,#3516,#3514));
#3556= IFCFACE((#3558));
#3558= IFCFACEOUTERBOUND(#3559,.T.);
#3559= IFCPOLYLOOP((#3487,#3485,#3514,#3512));
#3561= IFCFACE((#3563));
#3563= IFCFACEOUTERBOUND(#3564,.T.);
#3564= IFCPOLYLOOP((#3512,#3510,#3489,#3487));
#3566= IFCFACE((#3568));
#3568= IFCFACEOUTERBOUND(#3569,.T.);
#3569= IFCPOLYLOOP((#3510,#3508,#3491,#3489));
#3571= IFCFACE((#3573));
#3573= IFCFACEOUTERBOUND(#3574,.T.);
#3574= IFCPOLYLOOP((#3493,#3491,#3508,#3506));
#3576= IFCFACE((#3578));
#3578= IFCFACEOUTERBOUND(#3579,.T.);
#3579= IFCPOLYLOOP((#3506,#3504,#3495,#3493));
#3581= IFCFACE((#3583));
#3583= IFCFACEOUTERBOUND(#3584,.T.);
#3584= IFCPOLYLOOP((#3504,#3526,#3497,#3495));
#3586= IFCFACE((#3588));
#3588= IFCFACEOUTERBOUND(#3589,.T.);
#3589= IFCPOLYLOOP((#3475,#3497,#3526,#3524));
#3591= IFCCLOSEDSHELL((#3473,#3502,#3531,#3536,#3541,#3546,#3551,#3556,#3561,#3566,#3571,#3576,#3581,#3586));
#3593= IFCFACETEDBREP(#3591);
#3594= IFCPRESENTATIONSTYLEASSIGNMENT((#3596));
#3596= IFCSURFACESTYLE($,.POSITIVE.,(#3598));
#3597= IFCCOLOURRGB($,1.,0.7490196078431373,0.);
#3598= IFCSURFACESTYLESHADING(#3597);
#3600= IFCSTYLEDITEM(#3593,(#3594),$);
#3606= IFCBUILDINGELEMENTPROXY('23ZonXkia7WG00000000Rz',#41,$,$,$,#3608,#3613,$,$);
#3608= IFCLOCALPLACEMENT(#65,#3611);
#3609= IFCCARTESIANPOINT((0.,0.,0.));
#3611= IFCAXIS2PLACEMENT3D(#3609,$,$);
#3613= IFCPRODUCTDEFINITIONSHAPE($,$,(#3615));
#3615= IFCSHAPEREPRESENTATION(#1045,'Body','Brep',(#3737));
#3617= IFCFACE((#3643));
#3619= IFCCARTESIANPOINT((0.4552650345340226,-0.06444796929281438,2.416436698229501));
#3621= IFCCARTESIANPOINT((0.4523368313036826,-0.0615197660663398,2.416436698229501));
#3623= IFCCARTESIANPOINT((0.4483368313037772,-0.06044796929199947,2.416436698229501));
#3625= IFCCARTESIANPOINT((0.4443368313038718,-0.0615197660663398,2.416436698229501));
#3627= IFCCARTESIANPOINT((0.4414086280735319,-0.06444796929281438,2.416436698229501));
#3629= IFCCARTESIANPOINT((0.440336831303739,-0.06844796929362928,2.416436698229501));
#3631= IFCCARTESIANPOINT((0.4414086280735319,-0.07244796929444419,2.416436698229501));
#3633= IFCCARTESIANPOINT((0.4443368313038718,-0.07537617252091877,2.416436698229501));
#3635= IFCCARTESIANPOINT((0.4483368313037772,-0.0764479692952591,2.416436698229501));
#3637= IFCCARTESIANPOINT((0.4523368313036826,-0.07537617252091877,2.416436698229501));
#3639= IFCCARTESIANPOINT((0.4552650345340226,-0.07244796929444419,2.416436698229501));
#3641= IFCCARTESIANPOINT((0.4563368313038154,-0.06844796929362928,2.416436698229501));
#3643= IFCFACEOUTERBOUND(#3644,.T.);
#3644= IFCPOLYLOOP((#3619,#3621,#3623,#3625,#3627,#3629,#3631,#3633,#3635,#3637,#3639,#3641));
#3646= IFCFACE((#3672));
#3648= IFCCARTESIANPOINT((0.4552650345340226,-0.06444796929281438,2.343436698229501));
#3650= IFCCARTESIANPOINT((0.4563368313038154,-0.06844796929362928,2.343436698229501));
#3652= IFCCARTESIANPOINT((0.4552650345340226,-0.07244796929444419,2.343436698229501));
#3654= IFCCARTESIANPOINT((0.4523368313036826,-0.07537617252091877,2.343436698229501));
#3656= IFCCARTESIANPOINT((0.4483368313037772,-0.0764479692952591,2.343436698229501));
#3658= IFCCARTESIANPOINT((0.4443368313038718,-0.07537617252091877,2.343436698229501));
#3660= IFCCARTESIANPOINT((0.4414086280735319,-0.07244796929444419,2.343436698229501));
#3662= IFCCARTESIANPOINT((0.440336831303739,-0.06844796929362928,2.343436698229501));
#3664= IFCCARTESIANPOINT((0.4414086280735319,-0.06444796929281438,2.343436698229501));
#3666= IFCCARTESIANPOINT((0.4443368313038718,-0.0615197660663398,2.343436698229501));
#3668= IFCCARTESIANPOINT((0.4483368313037772,-0.06044796929199947,2.343436698229501));
#3670= IFCCARTESIANPOINT((0.4523368313036826,-0.0615197660663398,2.343436698229501));
#3672= IFCFACEOUTERBOUND(#3673,.T.);
#3673= IFCPOLYLOOP((#3648,#3650,#3652,#3654,#3656,#3658,#3660,#3662,#3664,#3666,#3668,#3670));
#3675= IFCFACE((#3677));
#3677= IFCFACEOUTERBOUND(#3678,.T.);
#3678= IFCPOLYLOOP((#3654,#3652,#3639,#3637));
#3680= IFCFACE((#3682));
#3682= IFCFACEOUTERBOUND(#3683,.T.);
#3683= IFCPOLYLOOP((#3656,#3654,#3637,#3635));
#3685= IFCFACE((#3687));
#3687= IFCFACEOUTERBOUND(#3688,.T.);
#3688= IFCPOLYLOOP((#3635,#3633,#3658,#3656));
#3690= IFCFACE((#3692));
#3692= IFCFACEOUTERBOUND(#3693,.T.);
#3693= IFCPOLYLOOP((#3660,#3658,#3633,#3631));
#3695= IFCFACE((#3697));
#3697= IFCFACEOUTERBOUND(#3698,.T.);
#3698= IFCPOLYLOOP((#3631,#3629,#3662,#3660));
#3700= IFCFACE((#3702));
#3702= IFCFACEOUTERBOUND(#3703,.T.);
#3703= IFCPOLYLOOP((#3664,#3662,#3629,#3627));
#3705= IFCFACE((#3707));
#3707= IFCFACEOUTERBOUND(#3708,.T.);
#3708= IFCPOLYLOOP((#3627,#3625,#3666,#3664));
#3710= IFCFACE((#3712));
#3712= IFCFACEOUTERBOUND(#3713,.T.);
#3713= IFCPOLYLOOP((#3625,#3623,#3668,#3666));
#3715= IFCFACE((#3717));
#3717= IFCFACEOUTERBOUND(#3718,.T.);
#3718= IFCPOLYLOOP((#3623,#3621,#3670,#3668));
#3720= IFCFACE((#3722));
#3722= IFCFACEOUTERBOUND(#3723,.T.);
#3723= IFCPOLYLOOP((#3648,#3670,#3621,#3619));
#3725= IFCFACE((#3727));
#3727= IFCFACEOUTERBOUND(#3728,.T.);
#3728= IFCPOLYLOOP((#3619,#3641,#3650,#3648));
#3730= IFCFACE((#3732));
#3732= IFCFACEOUTERBOUND(#3733,.T.);
#3733= IFCPOLYLOOP((#3641,#3639,#3652,#3650));
#3735= IFCCLOSEDSHELL((#3617,#3646,#3675,#3680,#3685,#3690,#3695,#3700,#3705,#3710,#3715,#3720,#3725,#3730));
#3737= IFCFACETEDBREP(#3735);
#3738= IFCPRESENTATIONSTYLEASSIGNMENT((#3740));
#3740= IFCSURFACESTYLE($,.POSITIVE.,(#3742));
#3741= IFCCOLOURRGB($,1.,0.7490196078431373,0.);
#3742= IFCSURFACESTYLESHADING(#3741);
#3744= IFCSTYLEDITEM(#3737,(#3738),$);
#3750= IFCBUILDINGELEMENTPROXY('23ZonXkia7WG00000000S1',#41,$,$,$,#3752,#3757,$,$);
#3752= IFCLOCALPLACEMENT(#65,#3755);
#3753= IFCCARTESIANPOINT((0.,0.,0.));
#3755= IFCAXIS2PLACEMENT3D(#3753,$,$);
#3757= IFCPRODUCTDEFINITIONSHAPE($,$,(#3759));
#3759= IFCSHAPEREPRESENTATION(#1045,'Body','Brep',(#4049));
#3761= IFCFACE((#3787));
#3763= IFCCARTESIANPOINT((0.4363368313036062,-0.0615197660663398,2.327436698229501));
#3765= IFCCARTESIANPOINT((0.4363368313036062,-0.06444796929281438,2.324508494999226));
#3767= IFCCARTESIANPOINT((0.4363368313036062,-0.06844796929362928,2.323436698229501));
#3769= IFCCARTESIANPOINT((0.4363368313036062,-0.07244796929444419,2.324508494999226));
#3771= IFCCARTESIANPOINT((0.4363368313036062,-0.07537617252091877,2.327436698229501));
#3773= IFCCARTESIANPOINT((0.4363368313036062,-0.0764479692952591,2.331436698229501));
#3775= IFCCARTESIANPOINT((0.4363368313036062,-0.07537617252091877,2.335436698229501));
#3777= IFCCARTESIANPOINT((0.4363368313036062,-0.07244796929444419,2.338364901459777));
#3779= IFCCARTESIANPOINT((0.4363368313036062,-0.06844796929362928,2.339436698229501));
#3781= IFCCARTESIANPOINT((0.4363368313036062,-0.06444796929281438,2.338364901459777));
#3783= IFCCARTESIANPOINT((0.4363368313036062,-0.0615197660663398,2.335436698229501));
#3785= IFCCARTESIANPOINT((0.4363368313036062,-0.06044796929199947,2.331436698229502));
#3787= IFCFACEOUTERBOUND(#3788,.T.);
#3788= IFCPOLYLOOP((#3763,#3765,#3767,#3769,#3771,#3773,#3775,#3777,#3779,#3781,#3783,#3785));
#3790= IFCFACE((#3816));
#3792= IFCCARTESIANPOINT((0.4443368313038718,-0.0615197660663398,2.3434366982295));
#3794= IFCCARTESIANPOINT((0.4414086280735319,-0.06444796929281438,2.3434366982295));
#3796= IFCCARTESIANPOINT((0.440336831303739,-0.06844796929362928,2.3434366982295));
#3798= IFCCARTESIANPOINT((0.4414086280735319,-0.07244796929444419,2.3434366982295));
#3800= IFCCARTESIANPOINT((0.4443368313038718,-0.07537617252091877,2.3434366982295));
#3802= IFCCARTESIANPOINT((0.4483368313037772,-0.0764479692952591,2.3434366982295));
#3804= IFCCARTESIANPOINT((0.4523368313036826,-0.07537617252091877,2.3434366982295));
#3806= IFCCARTESIANPOINT((0.4552650345340226,-0.07244796929444419,2.3434366982295));
#3808= IFCCARTESIANPOINT((0.4563368313038154,-0.06844796929362928,2.3434366982295));
#3810= IFCCARTESIANPOINT((0.4552650345340226,-0.06444796929281438,2.3434366982295));
#3812= IFCCARTESIANPOINT((0.4523368313036826,-0.0615197660663398,2.3434366982295));
#3814= IFCCARTESIANPOINT((0.4483368313037772,-0.06044796929199947,2.3434366982295));
#3816= IFCFACEOUTERBOUND(#3817,.T.);
#3817= IFCPOLYLOOP((#3792,#3794,#3796,#3798,#3800,#3802,#3804,#3806,#3808,#3810,#3812,#3814));
#3819= IFCFACE((#3829));
#3821= IFCCARTESIANPOINT((0.4467291361490879,-0.06044796929199947,2.337436698229501));
#3823= IFCCARTESIANPOINT((0.4501932377643243,-0.0615197660663398,2.335436698229501));
#3825= IFCCARTESIANPOINT((0.4443368313036444,-0.0615197660663398,2.32958029176895));
#3827= IFCCARTESIANPOINT((0.4423368313036917,-0.06044796929199947,2.333044393384088));
#3829= IFCFACEOUTERBOUND(#3830,.T.);
#3830= IFCPOLYLOOP((#3821,#3823,#3825,#3827));
#3832= IFCFACE((#3842));
#3834= IFCCARTESIANPOINT((0.4383368313037863,-0.06844796929362928,2.339972596614364));
#3836= IFCCARTESIANPOINT((0.4398009329188426,-0.06844796929362928,2.341436698229501));
#3838= IFCCARTESIANPOINT((0.4407291361490024,-0.06444796929281438,2.340900799844639));
#3840= IFCCARTESIANPOINT((0.4388727296884554,-0.06444796929281438,2.339044393384088));
#3842= IFCFACEOUTERBOUND(#3843,.T.);
#3843= IFCPOLYLOOP((#3834,#3836,#3838,#3840));
#3845= IFCFACE((#3851));
#3847= IFCCARTESIANPOINT((0.4388727296884554,-0.07244796929444419,2.339044393384088));
#3849= IFCCARTESIANPOINT((0.4407291361490024,-0.07244796929444419,2.340900799844639));
#3851= IFCFACEOUTERBOUND(#3852,.T.);
#3852= IFCPOLYLOOP((#3836,#3834,#3847,#3849));
#3854= IFCFACE((#3856));
#3856= IFCFACEOUTERBOUND(#3857,.T.);
#3857= IFCPOLYLOOP((#3785,#3827,#3825,#3763));
#3859= IFCFACE((#3863));
#3861= IFCCARTESIANPOINT((0.440336831303739,-0.07537617252091877,2.336508494999226));
#3863= IFCFACEOUTERBOUND(#3864,.T.);
#3864= IFCPOLYLOOP((#3777,#3775,#3861,#3847));
#3866= IFCFACE((#3868));
#3868= IFCFACEOUTERBOUND(#3869,.T.);
#3869= IFCPOLYLOOP((#3779,#3777,#3847,#3834));
#3871= IFCFACE((#3875));
#3873= IFCCARTESIANPOINT((0.440336831303739,-0.0615197660663398,2.336508494999226));
#3875= IFCFACEOUTERBOUND(#3876,.T.);
#3876= IFCPOLYLOOP((#3873,#3827,#3785,#3783));
#3878= IFCFACE((#3882));
#3880= IFCCARTESIANPOINT((0.4432650345338516,-0.0615197660663398,2.339436698229501));
#3882= IFCFACEOUTERBOUND(#3883,.T.);
#3883= IFCPOLYLOOP((#3838,#3794,#3792,#3880));
#3885= IFCFACE((#3887));
#3887= IFCFACEOUTERBOUND(#3888,.T.);
#3888= IFCPOLYLOOP((#3796,#3794,#3838,#3836));
#3890= IFCFACE((#3896));
#3892= IFCCARTESIANPOINT((0.4432650345338516,-0.07537617252091877,2.339436698229501));
#3894= IFCCARTESIANPOINT((0.4467291361490879,-0.0764479692952591,2.337436698229501));
#3896= IFCFACEOUTERBOUND(#3897,.T.);
#3897= IFCPOLYLOOP((#3802,#3800,#3892,#3894));
#3899= IFCFACE((#3907));
#3901= IFCCARTESIANPOINT((0.4423368313036917,-0.0764479692952591,2.333044393384088));
#3903= IFCCARTESIANPOINT((0.4443368313036444,-0.07537617252091877,2.32958029176895));
#3905= IFCCARTESIANPOINT((0.4501932377643243,-0.07537617252091877,2.335436698229501));
#3907= IFCFACEOUTERBOUND(#3908,.T.);
#3908= IFCPOLYLOOP((#3894,#3901,#3903,#3905));
#3910= IFCFACE((#3912));
#3912= IFCFACEOUTERBOUND(#3913,.T.);
#3913= IFCPOLYLOOP((#3802,#3894,#3905,#3804));
#3915= IFCFACE((#3921));
#3917= IFCCARTESIANPOINT((0.4458009329189281,-0.07244796929444419,2.327044393384088));
#3919= IFCCARTESIANPOINT((0.4527291361491734,-0.07244796929444419,2.333972596614363));
#3921= IFCFACEOUTERBOUND(#3922,.T.);
#3922= IFCPOLYLOOP((#3917,#3919,#3905,#3903));
#3924= IFCFACE((#3926));
#3926= IFCFACEOUTERBOUND(#3927,.T.);
#3927= IFCPOLYLOOP((#3804,#3905,#3919,#3806));
#3929= IFCFACE((#3935));
#3931= IFCCARTESIANPOINT((0.4463368313035971,-0.06844796929362928,2.326116190153813));
#3933= IFCCARTESIANPOINT((0.4536573393793333,-0.06844796929362928,2.333436698229501));
#3935= IFCFACEOUTERBOUND(#3936,.T.);
#3936= IFCPOLYLOOP((#3931,#3933,#3919,#3917));
#3938= IFCFACE((#3940));
#3940= IFCFACEOUTERBOUND(#3941,.T.);
#3941= IFCPOLYLOOP((#3933,#3808,#3806,#3919));
#3943= IFCFACE((#3949));
#3945= IFCCARTESIANPOINT((0.4458009329189281,-0.06444796929281438,2.327044393384088));
#3947= IFCCARTESIANPOINT((0.4527291361491734,-0.06444796929281438,2.333972596614363));
#3949= IFCFACEOUTERBOUND(#3950,.T.);
#3950= IFCPOLYLOOP((#3933,#3931,#3945,#3947));
#3952= IFCFACE((#3954));
#3954= IFCFACEOUTERBOUND(#3955,.T.);
#3955= IFCPOLYLOOP((#3808,#3933,#3947,#3810));
#3957= IFCFACE((#3959));
#3959= IFCFACEOUTERBOUND(#3960,.T.);
#3960= IFCPOLYLOOP((#3798,#3796,#3836,#3849));
#3962= IFCFACE((#3964));
#3964= IFCFACEOUTERBOUND(#3965,.T.);
#3965= IFCPOLYLOOP((#3892,#3800,#3798,#3849));
#3967= IFCFACE((#3969));
#3969= IFCFACEOUTERBOUND(#3970,.T.);
#3970= IFCPOLYLOOP((#3892,#3849,#3847,#3861));
#3972= IFCFACE((#3974));
#3974= IFCFACEOUTERBOUND(#3975,.T.);
#3975= IFCPOLYLOOP((#3901,#3894,#3892,#3861));
#3977= IFCFACE((#3979));
#3979= IFCFACEOUTERBOUND(#3980,.T.);
#3980= IFCPOLYLOOP((#3901,#3861,#3775,#3773));
#3982= IFCFACE((#3984));
#3984= IFCFACEOUTERBOUND(#3985,.T.);
#3985= IFCPOLYLOOP((#3903,#3901,#3773,#3771));
#3987= IFCFACE((#3989));
#3989= IFCFACEOUTERBOUND(#3990,.T.);
#3990= IFCPOLYLOOP((#3917,#3903,#3771,#3769));
#3992= IFCFACE((#3994));
#3994= IFCFACEOUTERBOUND(#3995,.T.);
#3995= IFCPOLYLOOP((#3931,#3917,#3769,#3767));
#3997= IFCFACE((#3999));
#3999= IFCFACEOUTERBOUND(#4000,.T.);
#4000= IFCPOLYLOOP((#3945,#3931,#3767,#3765));
#4002= IFCFACE((#4004));
#4004= IFCFACEOUTERBOUND(#4005,.T.);
#4005= IFCPOLYLOOP((#3945,#3765,#3763,#3825));
#4007= IFCFACE((#4009));
#4009= IFCFACEOUTERBOUND(#4010,.T.);
#4010= IFCPOLYLOOP((#3947,#3945,#3825,#3823));
#4012= IFCFACE((#4014));
#4014= IFCFACEOUTERBOUND(#4015,.T.);
#4015= IFCPOLYLOOP((#3810,#3947,#3823,#3812));
#4017= IFCFACE((#4019));
#4019= IFCFACEOUTERBOUND(#4020,.T.);
#4020= IFCPOLYLOOP((#3781,#3779,#3834,#3840));
#4022= IFCFACE((#4024));
#4024= IFCFACEOUTERBOUND(#4025,.T.);
#4025= IFCPOLYLOOP((#3873,#3783,#3781,#3840));
#4027= IFCFACE((#4029));
#4029= IFCFACEOUTERBOUND(#4030,.T.);
#4030= IFCPOLYLOOP((#3873,#3840,#3838,#3880));
#4032= IFCFACE((#4034));
#4034= IFCFACEOUTERBOUND(#4035,.T.);
#4035= IFCPOLYLOOP((#3821,#3827,#3873,#3880));
#4037= IFCFACE((#4039));
#4039= IFCFACEOUTERBOUND(#4040,.T.);
#4040= IFCPOLYLOOP((#3821,#3880,#3792,#3814));
#4042= IFCFACE((#4044));
#4044= IFCFACEOUTERBOUND(#4045,.T.);
#4045= IFCPOLYLOOP((#3814,#3812,#3823,#3821));
#4047= IFCCLOSEDSHELL((#3761,#3790,#3819,#3832,#3845,#3854,#3859,#3866,#3871,#3878,#3885,#3890,#3899,#3910,#3915,#3924,#3929,#3938,#3943,#3952,#3957,#3962,#3967,#3972,#3977,#3982,#3987,#3992,#3997,#4002,#4007,#4012,#4017,#4022,#4027,#4032,#4037,#4042));
#4049= IFCFACETEDBREP(#4047);
#4050= IFCPRESENTATIONSTYLEASSIGNMENT((#4052));
#4052= IFCSURFACESTYLE($,.POSITIVE.,(#4054));
#4053= IFCCOLOURRGB($,1.,0.7490196078431373,0.);
#4054= IFCSURFACESTYLESHADING(#4053);
#4056= IFCSTYLEDITEM(#4049,(#4050),$);
#4062= IFCBUILDINGELEMENTPROXY('23ZonXkia7WG00000000S6',#41,$,$,$,#4064,#4069,$,$);
#4064= IFCLOCALPLACEMENT(#65,#4067);
#4065= IFCCARTESIANPOINT((0.,0.,0.));
#4067= IFCAXIS2PLACEMENT3D(#4065,$,$);
#4069= IFCPRODUCTDEFINITIONSHAPE($,$,(#4071));
#4071= IFCSHAPEREPRESENTATION(#1045,'Body','Brep',(#4121));
#4073= IFCFACE((#4083));
#4075= IFCCARTESIANPOINT((0.8749999995568487,-0.1200000042808824,2.18682896239486));
#4077= IFCCARTESIANPOINT((0.8749999995568487,-0.1200000042808824,2.195623929104905));
#4079= IFCCARTESIANPOINT((0.7974410360197908,-0.1200000042808824,2.112500000000003));
#4081= IFCCARTESIANPOINT((0.8056471989491456,-0.1200000042808824,2.112500000000003));
#4083= IFCFACEOUTERBOUND(#4084,.T.);
#4084= IFCPOLYLOOP((#4075,#4077,#4079,#4081));
#4086= IFCFACE((#4096));
#4088= IFCCARTESIANPOINT((0.8749999995568487,-0.01650000428344356,2.18682896239486));
#4090= IFCCARTESIANPOINT((0.8056471989491456,-0.01650000428344356,2.112500000000003));
#4092= IFCCARTESIANPOINT((0.7974410360197908,-0.01650000428344356,2.112500000000003));
#4094= IFCCARTESIANPOINT((0.8749999995568487,-0.01650000428344356,2.195623929104905));
#4096= IFCFACEOUTERBOUND(#4097,.T.);
#4097= IFCPOLYLOOP((#4088,#4090,#4092,#4094));
#4099= IFCFACE((#4101));
#4101= IFCFACEOUTERBOUND(#4102,.T.);
#4102= IFCPOLYLOOP((#4094,#4077,#4075,#4088));
#4104= IFCFACE((#4106));
#4106= IFCFACEOUTERBOUND(#4107,.T.);
#4107= IFCPOLYLOOP((#4092,#4079,#4077,#4094));
#4109= IFCFACE((#4111));
#4111= IFCFACEOUTERBOUND(#4112,.T.);
#4112= IFCPOLYLOOP((#4090,#4081,#4079,#4092));
#4114= IFCFACE((#4116));
#4116= IFCFACEOUTERBOUND(#4117,.T.);
#4117= IFCPOLYLOOP((#4088,#4075,#4081,#4090));
#4119= IFCCLOSEDSHELL((#4073,#4086,#4099,#4104,#4109,#4114));
#4121= IFCFACETEDBREP(#4119);
#4122= IFCPRESENTATIONSTYLEASSIGNMENT((#4124));
#4124= IFCSURFACESTYLE($,.POSITIVE.,(#4126));
#4125= IFCCOLOURRGB($,1.,0.7490196078431373,0.);
#4126= IFCSURFACESTYLESHADING(#4125);
#4128= IFCSTYLEDITEM(#4121,(#4122),$);
#4134= IFCBUILDINGELEMENTPROXY('23ZonXkia7WG00000000SC',#41,$,$,$,#4136,#4141,$,$);
#4136= IFCLOCALPLACEMENT(#65,#4139);
#4137= IFCCARTESIANPOINT((0.,0.,0.));
#4139= IFCAXIS2PLACEMENT3D(#4137,$,$);
#4141= IFCPRODUCTDEFINITIONSHAPE($,$,(#4143));
#4143= IFCSHAPEREPRESENTATION(#1045,'Body','Brep',(#4193));
#4145= IFCFACE((#4155));
#4147= IFCCARTESIANPOINT((0.7974410360197908,-0.1200000042808824,0.5874999999995487));
#4149= IFCCARTESIANPOINT((0.8749999995568487,-0.1200000042808824,0.5043760708943155));
#4151= IFCCARTESIANPOINT((0.8749999995568487,-0.1200000042808824,0.513171037604581));
#4153= IFCCARTESIANPOINT((0.8056471989491456,-0.1200000042808824,0.5874999999995487));
#4155= IFCFACEOUTERBOUND(#4156,.T.);
#4156= IFCPOLYLOOP((#4147,#4149,#4151,#4153));
#4158= IFCFACE((#4168));
#4160= IFCCARTESIANPOINT((0.7974410360197908,-0.01650000428344356,0.5874999999995487));
#4162= IFCCARTESIANPOINT((0.8056471989491456,-0.01650000428344356,0.5874999999995487));
#4164= IFCCARTESIANPOINT((0.8749999995568487,-0.01650000428344356,0.513171037604581));
#4166= IFCCARTESIANPOINT((0.8749999995568487,-0.01650000428344356,0.5043760708943155));
#4168= IFCFACEOUTERBOUND(#4169,.T.);
#4169= IFCPOLYLOOP((#4160,#4162,#4164,#4166));
#4171= IFCFACE((#4173));
#4173= IFCFACEOUTERBOUND(#4174,.T.);
#4174= IFCPOLYLOOP((#4149,#4166,#4164,#4151));
#4176= IFCFACE((#4178));
#4178= IFCFACEOUTERBOUND(#4179,.T.);
#4179= IFCPOLYLOOP((#4166,#4149,#4147,#4160));
#4181= IFCFACE((#4183));
#4183= IFCFACEOUTERBOUND(#4184,.T.);
#4184= IFCPOLYLOOP((#4153,#4162,#4160,#4147));
#4186= IFCFACE((#4188));
#4188= IFCFACEOUTERBOUND(#4189,.T.);
#4189= IFCPOLYLOOP((#4162,#4153,#4151,#4164));
#4191= IFCCLOSEDSHELL((#4145,#4158,#4171,#4176,#4181,#4186));
#4193= IFCFACETEDBREP(#4191);
#4194= IFCPRESENTATIONSTYLEASSIGNMENT((#4196));
#4196= IFCSURFACESTYLE($,.POSITIVE.,(#4198));
#4197= IFCCOLOURRGB($,1.,0.7490196078431373,0.);
#4198= IFCSURFACESTYLESHADING(#4197);
#4200= IFCSTYLEDITEM(#4193,(#4194),$);
#4206= IFCBUILDINGELEMENTPROXY('23ZonXkia7WG00000000SI',#41,$,$,$,#4208,#4213,$,$);
#4208= IFCLOCALPLACEMENT(#65,#4211);
#4209= IFCCARTESIANPOINT((0.,0.,0.));
#4211= IFCAXIS2PLACEMENT3D(#4209,$,$);
#4213= IFCPRODUCTDEFINITIONSHAPE($,$,(#4215));
#4215= IFCSHAPEREPRESENTATION(#1045,'Body','Brep',(#4265));
#4217= IFCFACE((#4227));
#4219= IFCCARTESIANPOINT((0.02499999996666702,-0.1200000042808824,2.18682896239486));
#4221= IFCCARTESIANPOINT((0.09435280081265773,-0.1200000042808824,2.112500000000003));
#4223= IFCCARTESIANPOINT((0.1025589637422399,-0.1200000042808824,2.112500000000003));
#4225= IFCCARTESIANPOINT((0.02499999996666702,-0.1200000042808824,2.195623929104905));
#4227= IFCFACEOUTERBOUND(#4228,.T.);
#4228= IFCPOLYLOOP((#4219,#4221,#4223,#4225));
#4230= IFCFACE((#4240));
#4232= IFCCARTESIANPOINT((0.02499999996666702,-0.01650000428344356,2.18682896239486));
#4234= IFCCARTESIANPOINT((0.02499999996666702,-0.01650000428344356,2.195623929104905));
#4236= IFCCARTESIANPOINT((0.1025589637422399,-0.01650000428344356,2.112500000000003));
#4238= IFCCARTESIANPOINT((0.09435280081265773,-0.01650000428344356,2.112500000000003));
#4240= IFCFACEOUTERBOUND(#4241,.T.);
#4241= IFCPOLYLOOP((#4232,#4234,#4236,#4238));
#4243= IFCFACE((#4245));
#4245= IFCFACEOUTERBOUND(#4246,.T.);
#4246= IFCPOLYLOOP((#4232,#4219,#4225,#4234));
#4248= IFCFACE((#4250));
#4250= IFCFACEOUTERBOUND(#4251,.T.);
#4251= IFCPOLYLOOP((#4234,#4225,#4223,#4236));
#4253= IFCFACE((#4255));
#4255= IFCFACEOUTERBOUND(#4256,.T.);
#4256= IFCPOLYLOOP((#4236,#4223,#4221,#4238));
#4258= IFCFACE((#4260));
#4260= IFCFACEOUTERBOUND(#4261,.T.);
#4261= IFCPOLYLOOP((#4238,#4221,#4219,#4232));
#4263= IFCCLOSEDSHELL((#4217,#4230,#4243,#4248,#4253,#4258));
#4265= IFCFACETEDBREP(#4263);
#4266= IFCPRESENTATIONSTYLEASSIGNMENT((#4268));
#4268= IFCSURFACESTYLE($,.POSITIVE.,(#4270));
#4269= IFCCOLOURRGB($,1.,0.7490196078431373,0.);
#4270= IFCSURFACESTYLESHADING(#4269);
#4272= IFCSTYLEDITEM(#4265,(#4266),$);
#4278= IFCBUILDINGELEMENTPROXY('23ZonXkia7WG00000000SO',#41,$,$,$,#4280,#4285,$,$);
#4280= IFCLOCALPLACEMENT(#65,#4283);
#4281= IFCCARTESIANPOINT((0.,0.,0.));
#4283= IFCAXIS2PLACEMENT3D(#4281,$,$);
#4285= IFCPRODUCTDEFINITIONSHAPE($,$,(#4287));
#4287= IFCSHAPEREPRESENTATION(#1045,'Body','Brep',(#4337));
#4289= IFCFACE((#4299));
#4291= IFCCARTESIANPOINT((0.02499999996666702,-0.1200000042808824,0.513171037604581));
#4293= IFCCARTESIANPOINT((0.02499999996666702,-0.1200000042808824,0.5043760708943155));
#4295= IFCCARTESIANPOINT((0.1025589637422399,-0.1200000042808824,0.5874999999995487));
#4297= IFCCARTESIANPOINT((0.09435280081265773,-0.1200000042808824,0.5874999999995487));
#4299= IFCFACEOUTERBOUND(#4300,.T.);
#4300= IFCPOLYLOOP((#4291,#4293,#4295,#4297));
#4302= IFCFACE((#4312));
#4304= IFCCARTESIANPOINT((0.02499999996666702,-0.01650000428344356,0.513171037604581));
#4306= IFCCARTESIANPOINT((0.09435280081265773,-0.01650000428344356,0.5874999999995487));
#4308= IFCCARTESIANPOINT((0.1025589637422399,-0.01650000428344356,0.5874999999995487));
#4310= IFCCARTESIANPOINT((0.02499999996666702,-0.01650000428344356,0.5043760708943155));
#4312= IFCFACEOUTERBOUND(#4313,.T.);
#4313= IFCPOLYLOOP((#4304,#4306,#4308,#4310));
#4315= IFCFACE((#4317));
#4317= IFCFACEOUTERBOUND(#4318,.T.);
#4318= IFCPOLYLOOP((#4310,#4293,#4291,#4304));
#4320= IFCFACE((#4322));
#4322= IFCFACEOUTERBOUND(#4323,.T.);
#4323= IFCPOLYLOOP((#4308,#4295,#4293,#4310));
#4325= IFCFACE((#4327));
#4327= IFCFACEOUTERBOUND(#4328,.T.);
#4328= IFCPOLYLOOP((#4306,#4297,#4295,#4308));
#4330= IFCFACE((#4332));
#4332= IFCFACEOUTERBOUND(#4333,.T.);
#4333= IFCPOLYLOOP((#4297,#4306,#4304,#4291));
#4335= IFCCLOSEDSHELL((#4289,#4302,#4315,#4320,#4325,#4330));
#4337= IFCFACETEDBREP(#4335);
#4338= IFCPRESENTATIONSTYLEASSIGNMENT((#4340));
#4340= IFCSURFACESTYLE($,.POSITIVE.,(#4342));
#4341= IFCCOLOURRGB($,1.,0.7490196078431373,0.);
#4342= IFCSURFACESTYLESHADING(#4341);
#4344= IFCSTYLEDITEM(#4337,(#4338),$);
#4350= IFCBUILDINGELEMENTPROXY('23ZonXkia7WG00000000ST',#41,$,$,$,#4352,#4357,$,$);
#4352= IFCLOCALPLACEMENT(#65,#4355);
#4353= IFCCARTESIANPOINT((0.,0.,0.));
#4355= IFCAXIS2PLACEMENT3D(#4353,$,$);
#4357= IFCPRODUCTDEFINITIONSHAPE($,$,(#4359));
#4359= IFCSHAPEREPRESENTATION(#1045,'Body','Brep',(#4409));
#4361= IFCFACE((#4371));
#4363= IFCCARTESIANPOINT((0.8917086070027835,-0.01500001669046469,2.6915584897654));
#4365= IFCCARTESIANPOINT((0.008197734553050395,-0.01500001669046469,2.6915584897654));
#4367= IFCCARTESIANPOINT((0.008197734553050395,-0.01500001669046469,0.008098494461749022));
#4369= IFCCARTESIANPOINT((0.8917086070027835,-0.01500001669046469,0.008098494461749022));
#4371= IFCFACEOUTERBOUND(#4372,.T.);
#4372= IFCPOLYLOOP((#4363,#4365,#4367,#4369));
#4374= IFCFACE((#4380));
#4376= IFCCARTESIANPOINT((0.008197734553050395,-1.66837708093226E-8,2.6915584897654));
#4378= IFCCARTESIANPOINT((0.008197734553050395,-1.66837708093226E-8,0.008098494461749026));
#4380= IFCFACEOUTERBOUND(#4381,.T.);
#4381= IFCPOLYLOOP((#4365,#4376,#4378,#4367));
#4383= IFCFACE((#4387));
#4385= IFCCARTESIANPOINT((0.8917086070027835,-1.66837708093226E-8,0.008098494461749163));
#4387= IFCFACEOUTERBOUND(#4388,.T.);
#4388= IFCPOLYLOOP((#4367,#4378,#4385,#4369));
#4390= IFCFACE((#4394));
#4392= IFCCARTESIANPOINT((0.8917086070027835,-1.66837708093226E-8,2.6915584897654));
#4394= IFCFACEOUTERBOUND(#4395,.T.);
#4395= IFCPOLYLOOP((#4376,#4392,#4385,#4378));
#4397= IFCFACE((#4399));
#4399= IFCFACEOUTERBOUND(#4400,.T.);
#4400= IFCPOLYLOOP((#4363,#4392,#4376,#4365));
#4402= IFCFACE((#4404));
#4404= IFCFACEOUTERBOUND(#4405,.T.);
#4405= IFCPOLYLOOP((#4369,#4385,#4392,#4363));
#4407= IFCCLOSEDSHELL((#4361,#4374,#4383,#4390,#4397,#4402));
#4409= IFCFACETEDBREP(#4407);
#4410= IFCPRESENTATIONSTYLEASSIGNMENT((#4412));
#4412= IFCSURFACESTYLE($,.POSITIVE.,(#4414));
#4413= IFCCOLOURRGB($,0.,0.,0.);
#4414= IFCSURFACESTYLESHADING(#4413);
#4416= IFCSTYLEDITEM(#4409,(#4410),$);
#4422= IFCBUILDINGELEMENTPROXY('23ZonXkia7WG00000000Sd',#41,$,$,$,#4424,#4429,$,$);
#4424= IFCLOCALPLACEMENT(#65,#4427);
#4425= IFCCARTESIANPOINT((0.,0.,0.));
#4427= IFCAXIS2PLACEMENT3D(#4425,$,$);
#4429= IFCPRODUCTDEFINITIONSHAPE($,$,(#4431));
#4431= IFCSHAPEREPRESENTATION(#1045,'Body','Brep',(#4982));
#4433= IFCFACE((#4443));
#4435= IFCCARTESIANPOINT((0.02499999999986358,-0.08999999998923158,0.02500000000000045));
#4437= IFCCARTESIANPOINT((0.02499999999986358,-0.1200000000026193,0.02499999999999999));
#4439= IFCCARTESIANPOINT((0.875,-0.1200000000026193,0.02500000000000011));
#4441= IFCCARTESIANPOINT((0.875,-0.08999999998923158,0.02500000000000056));
#4443= IFCFACEOUTERBOUND(#4444,.T.);
#4444= IFCPOLYLOOP((#4435,#4437,#4439,#4441));
#4446= IFCFACE((#4452));
#4448= IFCCARTESIANPOINT((0.01887778160585185,-0.08371004959190032,0.01887778160593324));
#4450= IFCCARTESIANPOINT((0.8811222183940117,-0.08371004959190032,0.01887778160593337));
#4452= IFCFACEOUTERBOUND(#4453,.T.);
#4453= IFCPOLYLOOP((#4448,#4435,#4441,#4450));
#4455= IFCFACE((#4461));
#4457= IFCCARTESIANPOINT((0.01756706100513838,-0.08281490829540417,0.01756706100519699));
#4459= IFCCARTESIANPOINT((0.8824329389949526,-0.08281490829540417,0.01756706100523186));
#4461= IFCFACEOUTERBOUND(#4462,.T.);
#4462= IFCPOLYLOOP((#4457,#4448,#4450,#4459));
#4464= IFCFACE((#4470));
#4466= IFCCARTESIANPOINT((0.01601139420381514,-0.08249999998952262,0.01601139420380786));
#4468= IFCCARTESIANPOINT((0.8839886057962758,-0.08249999998952262,0.01601139420380798));
#4470= IFCFACEOUTERBOUND(#4471,.T.);
#4471= IFCPOLYLOOP((#4466,#4457,#4459,#4468));
#4473= IFCFACE((#4479));
#4475= IFCCARTESIANPOINT((0.8938568594253411,-0.08249999998952262,0.006143140574629911));
#4477= IFCCARTESIANPOINT((0.006143140574522477,-0.08249999998952262,0.006143140574629783));
#4479= IFCFACEOUTERBOUND(#4480,.T.);
#4480= IFCPOLYLOOP((#4468,#4475,#4477,#4466));
#4482= IFCFACE((#4488));
#4484= IFCCARTESIANPOINT((0.8946219826036668,-0.08234785997046856,0.005378017396354062));
#4486= IFCCARTESIANPOINT((0.00537801739619681,-0.08234785997046856,0.005378017396353948));
#4488= IFCFACEOUTERBOUND(#4489,.T.);
#4489= IFCPOLYLOOP((#4475,#4484,#4486,#4477));
#4491= IFCFACE((#4497));
#4493= IFCCARTESIANPOINT((0.004729300070266618,-0.08191458650981076,0.004729300070331885));
#4495= IFCCARTESIANPOINT((0.895270699929597,-0.08191458650981076,0.004729300070331993));
#4497= IFCFACEOUTERBOUND(#4498,.T.);
#4498= IFCPOLYLOOP((#4493,#4486,#4484,#4495));
#4500= IFCFACE((#4506));
#4502= IFCCARTESIANPOINT((0.004295684460430493,-0.08126609783357708,0.004295684460644805));
#4504= IFCCARTESIANPOINT((0.8957043155394331,-0.08126609783357708,0.004295684460644917));
#4506= IFCFACEOUTERBOUND(#4507,.T.);
#4507= IFCPOLYLOOP((#4502,#4493,#4495,#4504));
#4509= IFCFACE((#4515));
#4511= IFCCARTESIANPOINT((0.004181750320185529,-0.08089108600688633,0.004181750320385564));
#4513= IFCCARTESIANPOINT((0.895818249679678,-0.08089108600688633,0.004181750320385684));
#4515= IFCFACEOUTERBOUND(#4516,.T.);
#4516= IFCPOLYLOOP((#4511,#4502,#4504,#4513));
#4518= IFCFACE((#4524));
#4520= IFCCARTESIANPOINT((0.004143140852875149,-0.08050105501752114,0.004143140852901964));
#4522= IFCCARTESIANPOINT((0.8958568591472158,-0.08050105501752114,0.004143140852902094));
#4524= IFCFACEOUTERBOUND(#4525,.T.);
#4525= IFCPOLYLOOP((#4520,#4511,#4513,#4522));
#4527= IFCFACE((#4533));
#4529= IFCCARTESIANPOINT((0.004120984673591011,-0.0384999999878346,0.004120984673597825));
#4531= IFCCARTESIANPOINT((0.8958790153264999,-0.0384999999878346,0.004120984673597955));
#4533= IFCFACEOUTERBOUND(#4534,.T.);
#4534= IFCPOLYLOOP((#4529,#4520,#4522,#4531));
#4536= IFCFACE((#4542));
#4538= IFCCARTESIANPOINT((0.004159414112791637,-0.0381098193465732,0.004159414112791351));
#4540= IFCCARTESIANPOINT((0.8958405858872993,-0.0381098193465732,0.004159414112791479));
#4542= IFCFACEOUTERBOUND(#4543,.T.);
#4543= IFCPOLYLOOP((#4538,#4529,#4531,#4540));
#4545= IFCFACE((#4551));
#4547= IFCCARTESIANPOINT((0.8957267743915054,-0.0377346331224544,0.004273225608575367));
#4549= IFCCARTESIANPOINT((0.004273225608585562,-0.0377346331224544,0.004273225608575239));
#4551= IFCFACEOUTERBOUND(#4552,.T.);
#4552= IFCPOLYLOOP((#4540,#4547,#4549,#4538));
#4554= IFCFACE((#4560));
#4556= IFCCARTESIANPOINT((0.004706771111159469,-0.03708578642545035,0.004706771111224721));
#4558= IFCCARTESIANPOINT((0.8952932288889315,-0.03708578642545035,0.004706771111224849));
#4560= IFCFACEOUTERBOUND(#4561,.T.);
#4561= IFCPOLYLOOP((#4556,#4549,#4547,#4558));
#4563= IFCFACE((#4569));
#4565= IFCCARTESIANPOINT((0.005355617808845636,-0.03665224092401331,0.00535561780886764));
#4567= IFCCARTESIANPOINT((0.8946443821912453,-0.03665224092401331,0.00535561780886777));
#4569= IFCFACEOUTERBOUND(#4570,.T.);
#4570= IFCPOLYLOOP((#4565,#4556,#4558,#4567));
#4572= IFCFACE((#4578));
#4574= IFCCARTESIANPOINT((0.006120984673543717,-0.03649999998742715,0.006120984673597826));
#4576= IFCCARTESIANPOINT((0.8938790153265472,-0.03649999998742715,0.006120984673597955));
#4578= IFCFACEOUTERBOUND(#4579,.T.);
#4579= IFCPOLYLOOP((#4574,#4565,#4567,#4576));
#4581= IFCFACE((#4587));
#4583= IFCCARTESIANPOINT((0.,-0.1199999999880674,-2.204364238331997E-17));
#4585= IFCCARTESIANPOINT((0.8999999999998636,-0.1199999999880674,1.094067637316136E-16));
#4587= IFCFACEOUTERBOUND(#4588,.T.);
#4588= IFCPOLYLOOP((#4583,#4585,#4439,#4437));
#4590= IFCFACE((#4596));
#4592= IFCCARTESIANPOINT((0.8789999999999054,-0.03649999998742715,0.0210000000000033));
#4594= IFCCARTESIANPOINT((0.02099999999995816,-0.03649999998742715,0.02100000000000318));
#4596= IFCFACEOUTERBOUND(#4597,.T.);
#4597= IFCPOLYLOOP((#4592,#4594,#4574,#4576));
#4599= IFCFACE((#4607));
#4601= IFCCARTESIANPOINT((0.02469551813010185,-0.0340307337246486,0.02469551813004578));
#4603= IFCCARTESIANPOINT((0.02492314112146232,-0.03328036128368694,0.02492314112161347));
#4605= IFCCARTESIANPOINT((0.02499999999986358,-0.0324999999938882,0.02500000000000046));
#4607= IFCFACEOUTERBOUND(#4608,.T.);
#4608= IFCPOLYLOOP((#4601,#4603,#4605));
#4610= IFCFACE((#4614));
#4612= IFCCARTESIANPOINT((0.02382842712472666,-0.03532842711865669,0.02382842712474716));
#4614= IFCFACEOUTERBOUND(#4615,.T.);
#4615= IFCPOLYLOOP((#4612,#4601,#4605));
#4617= IFCFACE((#4625));
#4619= IFCCARTESIANPOINT((0.02499999999986358,-0.02049999999871943,0.02500000000000046));
#4621= IFCCARTESIANPOINT((0.02492445501547991,-0.01971908922860166,0.02492445501561459));
#4623= IFCCARTESIANPOINT((0.02469764107604533,-0.01896803389536217,0.02469764107604518));
#4625= IFCFACEOUTERBOUND(#4626,.T.);
#4626= IFCPOLYLOOP((#4619,#4621,#4623));
#4628= IFCFACE((#4632));
#4630= IFCCARTESIANPOINT((0.02383075151988123,-0.01766924847470364,0.02383075151988475));
#4632= IFCFACEOUTERBOUND(#4633,.T.);
#4633= IFCPOLYLOOP((#4619,#4623,#4630));
#4635= IFCFACE((#4637));
#4637= IFCFACEOUTERBOUND(#4638,.T.);
#4638= IFCPOLYLOOP((#4612,#4605,#4619,#4630));
#4640= IFCFACE((#4652));
#4642= IFCCARTESIANPOINT((0.0225319661035428,-0.01680235892126802,0.02253196610367369));
#4644= IFCCARTESIANPOINT((0.02099999999995816,-0.01649999999062857,0.02100000000000318));
#4646= IFCCARTESIANPOINT((0.007209173916180589,-0.01652734968956793,0.007209173916313373));
#4648= IFCCARTESIANPOINT((0.006670072700671881,-0.0164102993439883,0.006670072700780229));
#4650= IFCCARTESIANPOINT((0.02253073372935432,-0.03619551812153077,0.02253073372946178));
#4652= IFCFACEOUTERBOUND(#4653,.T.);
#4653= IFCPOLYLOOP((#4612,#4630,#4642,#4644,#4646,#4648,#4574,#4594,#4650));
#4655= IFCFACE((#4659));
#4657= IFCCARTESIANPOINT((0.006228051461675932,-0.01608022642903961,0.006228051461908555));
#4659= IFCFACEOUTERBOUND(#4660,.T.);
#4660= IFCPOLYLOOP((#4574,#4648,#4657));
#4662= IFCFACE((#4664));
#4664= IFCFACEOUTERBOUND(#4665,.T.);
#4665= IFCPOLYLOOP((#4565,#4574,#4657));
#4667= IFCFACE((#4671));
#4669= IFCCARTESIANPOINT((0.005962708260767613,-0.01559656963945599,0.005962708260910127));
#4671= IFCFACEOUTERBOUND(#4672,.T.);
#4672= IFCPOLYLOOP((#4565,#4657,#4669));
#4674= IFCFACE((#4676));
#4676= IFCFACEOUTERBOUND(#4677,.T.);
#4677= IFCPOLYLOOP((#4556,#4565,#4669));
#4679= IFCFACE((#4683));
#4681= IFCCARTESIANPOINT((0.005912748675427792,-0.0153236907281098,0.005912748675661637));
#4683= IFCFACEOUTERBOUND(#4684,.T.);
#4684= IFCPOLYLOOP((#4556,#4669,#4681));
#4686= IFCFACE((#4688));
#4688= IFCFACEOUTERBOUND(#4689,.T.);
#4689= IFCPOLYLOOP((#4556,#4681,#4549));
#4691= IFCFACE((#4693));
#4693= IFCFACEOUTERBOUND(#4694,.T.);
#4694= IFCPOLYLOOP((#4520,#4583,#4511));
#4696= IFCFACE((#4698));
#4698= IFCFACEOUTERBOUND(#4699,.T.);
#4699= IFCPOLYLOOP((#4502,#4511,#4583));
#4701= IFCFACE((#4703));
#4703= IFCFACEOUTERBOUND(#4704,.T.);
#4704= IFCPOLYLOOP((#4493,#4502,#4583));
#4706= IFCFACE((#4708));
#4708= IFCFACEOUTERBOUND(#4709,.T.);
#4709= IFCPOLYLOOP((#4477,#4486,#4493,#4583,#4437,#4435,#4448,#4457,#4466));
#4711= IFCFACE((#4715));
#4713= IFCCARTESIANPOINT((0.,0.,0.));
#4715= IFCFACEOUTERBOUND(#4716,.T.);
#4716= IFCPOLYLOOP((#4538,#4681,#4713,#4583,#4520,#4529));
#4718= IFCFACE((#4720));
#4720= IFCFACEOUTERBOUND(#4721,.T.);
#4721= IFCPOLYLOOP((#4538,#4549,#4681));
#4723= IFCFACE((#4727));
#4725= IFCCARTESIANPOINT((0.005921825426867144,-0.0150464246617048,0.005921825426949452));
#4727= IFCFACEOUTERBOUND(#4728,.T.);
#4728= IFCPOLYLOOP((#4713,#4681,#4725));
#4730= IFCFACE((#4734));
#4732= IFCCARTESIANPOINT((0.008036462509380726,0.,0.008036462509443029));
#4734= IFCFACEOUTERBOUND(#4735,.T.);
#4735= IFCPOLYLOOP((#4713,#4725,#4732));
#4737= IFCFACE((#4741));
#4739= IFCCARTESIANPOINT((0.8999999999998636,0.,1.314504061149335E-16));
#4741= IFCFACEOUTERBOUND(#4742,.T.);
#4742= IFCPOLYLOOP((#4739,#4585,#4583,#4713));
#4744= IFCFACE((#4748));
#4746= IFCCARTESIANPOINT((0.8919635374907102,0.,0.008036462509443157));
#4748= IFCFACEOUTERBOUND(#4749,.T.);
#4749= IFCPOLYLOOP((#4713,#4732,#4746,#4739));
#4751= IFCFACE((#4755));
#4753= IFCCARTESIANPOINT((0.8940781745732238,-0.0150464246617048,0.005921825426949581));
#4755= IFCFACEOUTERBOUND(#4756,.T.);
#4756= IFCPOLYLOOP((#4753,#4746,#4732,#4725));
#4758= IFCFACE((#4764));
#4760= IFCCARTESIANPOINT((0.892790826083683,-0.01652734968956793,0.007209173916313502));
#4762= IFCCARTESIANPOINT((0.8933299272991917,-0.0164102993439883,0.006670072700783877));
#4764= IFCFACEOUTERBOUND(#4765,.T.);
#4765= IFCPOLYLOOP((#4760,#4762,#4648,#4646));
#4767= IFCFACE((#4771));
#4769= IFCCARTESIANPOINT((0.8937719485381876,-0.01608022642903961,0.00622805146191376));
#4771= IFCFACEOUTERBOUND(#4772,.T.);
#4772= IFCPOLYLOOP((#4762,#4769,#4657,#4648));
#4774= IFCFACE((#4778));
#4776= IFCCARTESIANPOINT((0.894037291739096,-0.01559656963945599,0.005962708260913553));
#4778= IFCFACEOUTERBOUND(#4779,.T.);
#4779= IFCPOLYLOOP((#4769,#4776,#4669,#4657));
#4781= IFCFACE((#4785));
#4783= IFCCARTESIANPOINT((0.8940872513244358,-0.0153236907281098,0.005912748675662769));
#4785= IFCFACEOUTERBOUND(#4786,.T.);
#4786= IFCPOLYLOOP((#4681,#4669,#4776,#4783));
#4788= IFCFACE((#4790));
#4790= IFCFACEOUTERBOUND(#4791,.T.);
#4791= IFCPOLYLOOP((#4783,#4753,#4725,#4681));
#4793= IFCFACE((#4797));
#4795= IFCCARTESIANPOINT((0.8789999999999054,-0.01649999999062857,0.0210000000000033));
#4797= IFCFACEOUTERBOUND(#4798,.T.);
#4798= IFCPOLYLOOP((#4646,#4644,#4795,#4760));
#4800= IFCFACE((#4806));
#4802= IFCCARTESIANPOINT((0.875,-0.02049999999871943,0.02500000000000058));
#4804= IFCCARTESIANPOINT((0.8750755449841563,-0.01971908922860166,0.02492445501561472));
#4806= IFCFACEOUTERBOUND(#4807,.T.);
#4807= IFCPOLYLOOP((#4802,#4804,#4621,#4619));
#4809= IFCFACE((#4813));
#4811= IFCCARTESIANPOINT((0.8753023589238182,-0.01896803389536217,0.02469764107604531));
#4813= IFCFACEOUTERBOUND(#4814,.T.);
#4814= IFCPOLYLOOP((#4623,#4621,#4804,#4811));
#4816= IFCFACE((#4820));
#4818= IFCCARTESIANPOINT((0.8761692484799823,-0.01766924847470364,0.02383075151988489));
#4820= IFCFACEOUTERBOUND(#4821,.T.);
#4821= IFCPOLYLOOP((#4818,#4630,#4623,#4811));
#4823= IFCFACE((#4827));
#4825= IFCCARTESIANPOINT((0.8774680338963208,-0.01680235892126802,0.02253196610367383));
#4827= IFCFACEOUTERBOUND(#4828,.T.);
#4828= IFCPOLYLOOP((#4642,#4630,#4818,#4825));
#4830= IFCFACE((#4832));
#4832= IFCFACEOUTERBOUND(#4833,.T.);
#4833= IFCPOLYLOOP((#4825,#4795,#4644,#4642));
#4835= IFCFACE((#4839));
#4837= IFCCARTESIANPOINT((0.875,-0.0324999999938882,0.02500000000000057));
#4839= IFCFACEOUTERBOUND(#4840,.T.);
#4840= IFCPOLYLOOP((#4837,#4802,#4619,#4605));
#4842= IFCFACE((#4846));
#4844= IFCCARTESIANPOINT((0.8774692662705093,-0.03619551812153077,0.0225307337294619));
#4846= IFCFACEOUTERBOUND(#4847,.T.);
#4847= IFCPOLYLOOP((#4650,#4594,#4592,#4844));
#4849= IFCFACE((#4853));
#4851= IFCCARTESIANPOINT((0.8761715728751369,-0.03532842711865669,0.02382842712474729));
#4853= IFCFACEOUTERBOUND(#4854,.T.);
#4854= IFCPOLYLOOP((#4612,#4650,#4844,#4851));
#4856= IFCFACE((#4860));
#4858= IFCCARTESIANPOINT((0.8753044818697617,-0.0340307337246486,0.02469551813004591));
#4860= IFCFACEOUTERBOUND(#4861,.T.);
#4861= IFCPOLYLOOP((#4601,#4612,#4851,#4858));
#4863= IFCFACE((#4867));
#4865= IFCCARTESIANPOINT((0.8750768588781739,-0.03328036128368694,0.02492314112161359));
#4867= IFCFACEOUTERBOUND(#4868,.T.);
#4868= IFCPOLYLOOP((#4858,#4865,#4603,#4601));
#4870= IFCFACE((#4872));
#4872= IFCFACEOUTERBOUND(#4873,.T.);
#4873= IFCPOLYLOOP((#4865,#4837,#4605,#4603));
#4875= IFCFACE((#4877));
#4877= IFCFACEOUTERBOUND(#4878,.T.);
#4878= IFCPOLYLOOP((#4441,#4439,#4450));
#4880= IFCFACE((#4882));
#4882= IFCFACEOUTERBOUND(#4883,.T.);
#4883= IFCPOLYLOOP((#4495,#4585,#4504));
#4885= IFCFACE((#4887));
#4887= IFCFACEOUTERBOUND(#4888,.T.);
#4888= IFCPOLYLOOP((#4837,#4865,#4858));
#4890= IFCFACE((#4892));
#4892= IFCFACEOUTERBOUND(#4893,.T.);
#4893= IFCPOLYLOOP((#4837,#4858,#4851));
#4895= IFCFACE((#4897));
#4897= IFCFACEOUTERBOUND(#4898,.T.);
#4898= IFCPOLYLOOP((#4811,#4804,#4802));
#4900= IFCFACE((#4902));
#4902= IFCFACEOUTERBOUND(#4903,.T.);
#4903= IFCPOLYLOOP((#4818,#4811,#4802));
#4905= IFCFACE((#4907));
#4907= IFCFACEOUTERBOUND(#4908,.T.);
#4908= IFCPOLYLOOP((#4818,#4802,#4837,#4851));
#4910= IFCFACE((#4912));
#4912= IFCFACEOUTERBOUND(#4913,.T.);
#4913= IFCPOLYLOOP((#4762,#4760,#4795,#4825,#4818,#4851,#4844,#4592,#4576));
#4915= IFCFACE((#4917));
#4917= IFCFACEOUTERBOUND(#4918,.T.);
#4918= IFCPOLYLOOP((#4769,#4762,#4576));
#4920= IFCFACE((#4922));
#4922= IFCFACEOUTERBOUND(#4923,.T.);
#4923= IFCPOLYLOOP((#4769,#4576,#4567));
#4925= IFCFACE((#4927));
#4927= IFCFACEOUTERBOUND(#4928,.T.);
#4928= IFCPOLYLOOP((#4776,#4769,#4567));
#4930= IFCFACE((#4932));
#4932= IFCFACEOUTERBOUND(#4933,.T.);
#4933= IFCPOLYLOOP((#4776,#4567,#4558));
#4935= IFCFACE((#4937));
#4937= IFCFACEOUTERBOUND(#4938,.T.);
#4938= IFCPOLYLOOP((#4783,#4776,#4558));
#4940= IFCFACE((#4942));
#4942= IFCFACEOUTERBOUND(#4943,.T.);
#4943= IFCPOLYLOOP((#4783,#4558,#4547));
#4945= IFCFACE((#4947));
#4947= IFCFACEOUTERBOUND(#4948,.T.);
#4948= IFCPOLYLOOP((#4753,#4783,#4739));
#4950= IFCFACE((#4952));
#4952= IFCFACEOUTERBOUND(#4953,.T.);
#4953= IFCPOLYLOOP((#4753,#4739,#4746));
#4955= IFCFACE((#4957));
#4957= IFCFACEOUTERBOUND(#4958,.T.);
#4958= IFCPOLYLOOP((#4513,#4504,#4585));
#4960= IFCFACE((#4962));
#4962= IFCFACEOUTERBOUND(#4963,.T.);
#4963= IFCPOLYLOOP((#4522,#4513,#4585));
#4965= IFCFACE((#4967));
#4967= IFCFACEOUTERBOUND(#4968,.T.);
#4968= IFCPOLYLOOP((#4739,#4783,#4547,#4540,#4531,#4522,#4585));
#4970= IFCFACE((#4972));
#4972= IFCFACEOUTERBOUND(#4973,.T.);
#4973= IFCPOLYLOOP((#4459,#4450,#4439));
#4975= IFCFACE((#4977));
#4977= IFCFACEOUTERBOUND(#4978,.T.);
#4978= IFCPOLYLOOP((#4585,#4495,#4484,#4475,#4468,#4459,#4439));
#4980= IFCCLOSEDSHELL((#4433,#4446,#4455,#4464,#4473,#4482,#4491,#4500,#4509,#4518,#4527,#4536,#4545,#4554,#4563,#4572,#4581,#4590,#4599,#4610,#4617,#4628,#4635,#4640,#4655,#4662,#4667,#4674,#4679,#4686,#4691,#4696,#4701,#4706,#4711,#4718,#4723,#4730,#4737,#4744,#4751,#4758,#4767,#4774,#4781,#4788,#4793,#4800,#4809,#4816,#4823,#4830,#4835,#4842,#4849,#4856,#4863,#4870,#4875,#4880,#4885,#4890,#4895,#4900,#4905,#4910,#4915,#4920,#4925,#4930,#4935,#4940,#4945,#4950,#4955,#4960,#4965,#4970,#4975));
#4982= IFCFACETEDBREP(#4980);
#4983= IFCPRESENTATIONSTYLEASSIGNMENT((#4985));
#4985= IFCSURFACESTYLE($,.POSITIVE.,(#4987));
#4986= IFCCOLOURRGB($,1.,0.7490196078431373,0.);
#4987= IFCSURFACESTYLESHADING(#4986);
#4989= IFCSTYLEDITEM(#4982,(#4983),$);
#4995= IFCBUILDINGELEMENTPROXY('23ZonXkia7WG00000000Sr',#41,$,$,$,#4997,#5002,$,$);
#4997= IFCLOCALPLACEMENT(#65,#5000);
#4998= IFCCARTESIANPOINT((0.,0.,0.));
#5000= IFCAXIS2PLACEMENT3D(#4998,$,$);
#5002= IFCPRODUCTDEFINITIONSHAPE($,$,(#5004));
#5004= IFCSHAPEREPRESENTATION(#1045,'Body','Brep',(#5525));
#5006= IFCFACE((#5016));
#5008= IFCCARTESIANPOINT((0.,0.,2.700000000000001));
#5010= IFCCARTESIANPOINT((0.,-0.1199999999880674,2.700000000000001));
#5012= IFCCARTESIANPOINT((0.8999999999998636,-0.1199999999880674,2.700000000000001));
#5014= IFCCARTESIANPOINT((0.8999999999998636,0.,2.700000000000001));
#5016= IFCFACEOUTERBOUND(#5017,.T.);
#5017= IFCPOLYLOOP((#5008,#5010,#5012,#5014));
#5019= IFCFACE((#5025));
#5021= IFCCARTESIANPOINT((0.02500000000009095,-0.1200000000026193,2.675000000000001));
#5023= IFCCARTESIANPOINT((0.875,-0.1200000000026193,2.675000000000001));
#5025= IFCFACEOUTERBOUND(#5026,.T.);
#5026= IFCPOLYLOOP((#5010,#5021,#5023,#5012));
#5028= IFCFACE((#5034));
#5030= IFCCARTESIANPOINT((0.875,-0.08999999998923158,2.675));
#5032= IFCCARTESIANPOINT((0.02500000000009095,-0.08999999998923158,2.675));
#5034= IFCFACEOUTERBOUND(#5035,.T.);
#5035= IFCPOLYLOOP((#5030,#5023,#5021,#5032));
#5037= IFCFACE((#5043));
#5039= IFCCARTESIANPOINT((0.01887778160585185,-0.08371004959190032,2.681122218394067));
#5041= IFCCARTESIANPOINT((0.8811222183942391,-0.08371004959190032,2.681122218394067));
#5043= IFCFACEOUTERBOUND(#5044,.T.);
#5044= IFCPOLYLOOP((#5032,#5039,#5041,#5030));
#5046= IFCFACE((#5056));
#5048= IFCCARTESIANPOINT((0.8839886057962758,-0.08249999998952262,2.683988605796192));
#5050= IFCCARTESIANPOINT((0.8824329389949526,-0.08281490829540417,2.682432938994805));
#5052= IFCCARTESIANPOINT((0.01756706100513838,-0.08281490829540417,2.682432938994803));
#5054= IFCCARTESIANPOINT((0.01601139420381514,-0.08249999998952262,2.683988605796192));
#5056= IFCFACEOUTERBOUND(#5057,.T.);
#5057= IFCPOLYLOOP((#5048,#5050,#5052,#5054));
#5059= IFCFACE((#5061));
#5061= IFCFACEOUTERBOUND(#5062,.T.);
#5062= IFCPOLYLOOP((#5039,#5052,#5050,#5041));
#5064= IFCFACE((#5070));
#5066= IFCCARTESIANPOINT((0.006143140574522477,-0.08249999998952262,2.693856859425371));
#5068= IFCCARTESIANPOINT((0.8938568594255685,-0.08249999998952262,2.693856859425371));
#5070= IFCFACEOUTERBOUND(#5071,.T.);
#5071= IFCPOLYLOOP((#5048,#5054,#5066,#5068));
#5073= IFCFACE((#5083));
#5075= IFCCARTESIANPOINT((0.004181750320185529,-0.08089108600688633,2.695818249679615));
#5077= IFCCARTESIANPOINT((0.004143140852875149,-0.08050105501752114,2.695856859147098));
#5079= IFCCARTESIANPOINT((0.8958568591472158,-0.08050105501752114,2.695856859147098));
#5081= IFCCARTESIANPOINT((0.8958182496799054,-0.08089108600688633,2.695818249679615));
#5083= IFCFACEOUTERBOUND(#5084,.T.);
#5084= IFCPOLYLOOP((#5075,#5077,#5079,#5081));
#5086= IFCFACE((#5092));
#5088= IFCCARTESIANPOINT((0.004295684460430493,-0.08126609783357708,2.695704315539356));
#5090= IFCCARTESIANPOINT((0.8957043155396605,-0.08126609783357708,2.695704315539356));
#5092= IFCFACEOUTERBOUND(#5093,.T.);
#5093= IFCPOLYLOOP((#5088,#5075,#5081,#5090));
#5095= IFCFACE((#5101));
#5097= IFCCARTESIANPOINT((0.004729300070266618,-0.08191458650981076,2.695270699929669));
#5099= IFCCARTESIANPOINT((0.8952706999298243,-0.08191458650981076,2.695270699929669));
#5101= IFCFACEOUTERBOUND(#5102,.T.);
#5102= IFCPOLYLOOP((#5097,#5088,#5090,#5099));
#5104= IFCFACE((#5110));
#5106= IFCCARTESIANPOINT((0.8946219826038941,-0.08234785997046856,2.694621982603647));
#5108= IFCCARTESIANPOINT((0.00537801739619681,-0.08234785997046856,2.694621982603647));
#5110= IFCFACEOUTERBOUND(#5111,.T.);
#5111= IFCPOLYLOOP((#5106,#5108,#5097,#5099));
#5113= IFCFACE((#5115));
#5115= IFCFACEOUTERBOUND(#5116,.T.);
#5116= IFCPOLYLOOP((#5066,#5108,#5106,#5068));
#5118= IFCFACE((#5124));
#5120= IFCCARTESIANPOINT((0.004120984673591011,-0.0384999999878346,2.695879015326403));
#5122= IFCCARTESIANPOINT((0.8958790153264999,-0.0384999999878346,2.695879015326403));
#5124= IFCFACEOUTERBOUND(#5125,.T.);
#5125= IFCPOLYLOOP((#5077,#5120,#5122,#5079));
#5127= IFCFACE((#5137));
#5129= IFCCARTESIANPOINT((0.8938790153265472,-0.03649999998742715,2.693879015326403));
#5131= IFCCARTESIANPOINT((0.8946443821912453,-0.03665224092401331,2.694644382191133));
#5133= IFCCARTESIANPOINT((0.005355617808845636,-0.03665224092401331,2.694644382191133));
#5135= IFCCARTESIANPOINT((0.006120984673543717,-0.03649999998742715,2.693879015326403));
#5137= IFCFACEOUTERBOUND(#5138,.T.);
#5138= IFCPOLYLOOP((#5129,#5131,#5133,#5135));
#5140= IFCFACE((#5146));
#5142= IFCCARTESIANPOINT((0.8952932288889315,-0.03708578642545035,2.695293228888776));
#5144= IFCCARTESIANPOINT((0.004706771111159469,-0.03708578642545035,2.695293228888776));
#5146= IFCFACEOUTERBOUND(#5147,.T.);
#5147= IFCPOLYLOOP((#5142,#5144,#5133,#5131));
#5149= IFCFACE((#5155));
#5151= IFCCARTESIANPOINT((0.004273225608585562,-0.0377346331224544,2.695726774391425));
#5153= IFCCARTESIANPOINT((0.8957267743915054,-0.0377346331224544,2.695726774391425));
#5155= IFCFACEOUTERBOUND(#5156,.T.);
#5156= IFCPOLYLOOP((#5151,#5144,#5142,#5153));
#5158= IFCFACE((#5164));
#5160= IFCCARTESIANPOINT((0.8958405858872993,-0.0381098193465732,2.695840585887209));
#5162= IFCCARTESIANPOINT((0.004159414112791637,-0.0381098193465732,2.695840585887209));
#5164= IFCFACEOUTERBOUND(#5165,.T.);
#5165= IFCPOLYLOOP((#5153,#5160,#5162,#5151));
#5167= IFCFACE((#5169));
#5169= IFCFACEOUTERBOUND(#5170,.T.);
#5170= IFCPOLYLOOP((#5160,#5122,#5120,#5162));
#5172= IFCFACE((#5174));
#5174= IFCFACEOUTERBOUND(#5175,.T.);
#5175= IFCPOLYLOOP((#5097,#5010,#5088));
#5177= IFCFACE((#5185));
#5179= IFCCARTESIANPOINT((0.02500000000009095,-0.0324999999938882,2.675));
#5181= IFCCARTESIANPOINT((0.02492314112146232,-0.03328036128368694,2.675076858878387));
#5183= IFCCARTESIANPOINT((0.02469551813010185,-0.0340307337246486,2.675304481869954));
#5185= IFCFACEOUTERBOUND(#5186,.T.);
#5186= IFCPOLYLOOP((#5179,#5181,#5183));
#5188= IFCFACE((#5196));
#5190= IFCCARTESIANPOINT((0.02469764107604533,-0.01896803389536217,2.675302358923955));
#5192= IFCCARTESIANPOINT((0.02492445501547991,-0.01971908922860166,2.675075544984386));
#5194= IFCCARTESIANPOINT((0.02500000000009095,-0.02049999999871943,2.675));
#5196= IFCFACEOUTERBOUND(#5197,.T.);
#5197= IFCPOLYLOOP((#5190,#5192,#5194));
#5199= IFCFACE((#5203));
#5201= IFCCARTESIANPOINT((0.02383075151988123,-0.01766924847470364,2.676169248480116));
#5203= IFCFACEOUTERBOUND(#5204,.T.);
#5204= IFCPOLYLOOP((#5201,#5190,#5194));
#5206= IFCFACE((#5222));
#5208= IFCCARTESIANPOINT((0.006670072700899254,-0.0164102993439883,2.693329927299217));
#5210= IFCCARTESIANPOINT((0.007209173916407963,-0.01652734968956793,2.692790826083687));
#5212= IFCCARTESIANPOINT((0.02099999999995816,-0.01649999999062857,2.678999999999997));
#5214= IFCCARTESIANPOINT((0.0225319661035428,-0.01680235892126802,2.677468033896327));
#5216= IFCCARTESIANPOINT((0.02382842712472666,-0.03532842711865669,2.676171572875253));
#5218= IFCCARTESIANPOINT((0.02253073372935432,-0.03619551812153077,2.677469266270538));
#5220= IFCCARTESIANPOINT((0.02099999999995816,-0.03649999998742715,2.678999999999997));
#5222= IFCFACEOUTERBOUND(#5223,.T.);
#5223= IFCPOLYLOOP((#5208,#5210,#5212,#5214,#5201,#5194,#5179,#5183,#5216,#5218,#5220,#5135));
#5225= IFCFACE((#5229));
#5227= IFCCARTESIANPOINT((0.006228051461903306,-0.01608022642903961,2.693771948538087));
#5229= IFCFACEOUTERBOUND(#5230,.T.);
#5230= IFCPOLYLOOP((#5227,#5208,#5135));
#5232= IFCFACE((#5234));
#5234= IFCFACEOUTERBOUND(#5235,.T.);
#5235= IFCPOLYLOOP((#5227,#5135,#5133));
#5237= IFCFACE((#5241));
#5239= IFCCARTESIANPOINT((0.005962708260994987,-0.01559656963945599,2.694037291739087));
#5241= IFCFACEOUTERBOUND(#5242,.T.);
#5242= IFCPOLYLOOP((#5239,#5227,#5133));
#5244= IFCFACE((#5246));
#5246= IFCFACEOUTERBOUND(#5247,.T.);
#5247= IFCPOLYLOOP((#5239,#5133,#5144));
#5249= IFCFACE((#5253));
#5251= IFCCARTESIANPOINT((0.005912748675655166,-0.0153236907281098,2.694087251324338));
#5253= IFCFACEOUTERBOUND(#5254,.T.);
#5254= IFCPOLYLOOP((#5251,#5239,#5144));
#5256= IFCFACE((#5258));
#5258= IFCFACEOUTERBOUND(#5259,.T.);
#5259= IFCPOLYLOOP((#5251,#5144,#5151));
#5261= IFCFACE((#5265));
#5263= IFCCARTESIANPOINT((0.005921825426867144,-0.0150464246617048,2.694078174573051));
#5265= IFCFACEOUTERBOUND(#5266,.T.);
#5266= IFCPOLYLOOP((#5263,#5251,#5008));
#5268= IFCFACE((#5272));
#5270= IFCCARTESIANPOINT((0.008036462509380726,0.,2.691963537490557));
#5272= IFCFACEOUTERBOUND(#5273,.T.);
#5273= IFCPOLYLOOP((#5263,#5008,#5270));
#5275= IFCFACE((#5277));
#5277= IFCFACEOUTERBOUND(#5278,.T.);
#5278= IFCPOLYLOOP((#5075,#5088,#5010));
#5280= IFCFACE((#5282));
#5282= IFCFACEOUTERBOUND(#5283,.T.);
#5283= IFCPOLYLOOP((#5077,#5075,#5010));
#5285= IFCFACE((#5287));
#5287= IFCFACEOUTERBOUND(#5288,.T.);
#5288= IFCPOLYLOOP((#5008,#5251,#5151,#5162,#5120,#5077,#5010));
#5290= IFCFACE((#5292));
#5292= IFCFACEOUTERBOUND(#5293,.T.);
#5293= IFCPOLYLOOP((#5010,#5097,#5108,#5066,#5054,#5052,#5039,#5032,#5021));
#5295= IFCFACE((#5299));
#5297= IFCCARTESIANPOINT((0.8790000000001328,-0.03649999998742715,2.678999999999997));
#5299= IFCFACEOUTERBOUND(#5300,.T.);
#5300= IFCPOLYLOOP((#5297,#5129,#5135,#5220));
#5302= IFCFACE((#5308));
#5304= IFCCARTESIANPOINT((0.875,-0.0324999999938882,2.675));
#5306= IFCCARTESIANPOINT((0.8750768588784013,-0.03328036128368694,2.675076858878387));
#5308= IFCFACEOUTERBOUND(#5309,.T.);
#5309= IFCPOLYLOOP((#5181,#5179,#5304,#5306));
#5311= IFCFACE((#5315));
#5313= IFCCARTESIANPOINT((0.8753044818699891,-0.0340307337246486,2.675304481869954));
#5315= IFCFACEOUTERBOUND(#5316,.T.);
#5316= IFCPOLYLOOP((#5306,#5313,#5183,#5181));
#5318= IFCFACE((#5322));
#5320= IFCCARTESIANPOINT((0.8761715728753643,-0.03532842711865669,2.676171572875253));
#5322= IFCFACEOUTERBOUND(#5323,.T.);
#5323= IFCPOLYLOOP((#5216,#5183,#5313,#5320));
#5325= IFCFACE((#5329));
#5327= IFCCARTESIANPOINT((0.8774692662707366,-0.03619551812153077,2.677469266270538));
#5329= IFCFACEOUTERBOUND(#5330,.T.);
#5330= IFCPOLYLOOP((#5327,#5218,#5216,#5320));
#5332= IFCFACE((#5334));
#5334= IFCFACEOUTERBOUND(#5335,.T.);
#5335= IFCPOLYLOOP((#5327,#5297,#5220,#5218));
#5337= IFCFACE((#5341));
#5339= IFCCARTESIANPOINT((0.875,-0.02049999999871943,2.675));
#5341= IFCFACEOUTERBOUND(#5342,.T.);
#5342= IFCPOLYLOOP((#5179,#5194,#5339,#5304));
#5344= IFCFACE((#5350));
#5346= IFCCARTESIANPOINT((0.8790000000001328,-0.01649999999062857,2.678999999999997));
#5348= IFCCARTESIANPOINT((0.8774680338965481,-0.01680235892126802,2.677468033896327));
#5350= IFCFACEOUTERBOUND(#5351,.T.);
#5351= IFCPOLYLOOP((#5346,#5348,#5214,#5212));
#5353= IFCFACE((#5357));
#5355= IFCCARTESIANPOINT((0.8761692484802097,-0.01766924847470364,2.676169248480116));
#5357= IFCFACEOUTERBOUND(#5358,.T.);
#5358= IFCPOLYLOOP((#5201,#5214,#5348,#5355));
#5360= IFCFACE((#5364));
#5362= IFCCARTESIANPOINT((0.8753023589240456,-0.01896803389536217,2.675302358923955));
#5364= IFCFACEOUTERBOUND(#5365,.T.);
#5365= IFCPOLYLOOP((#5190,#5201,#5355,#5362));
#5367= IFCFACE((#5371));
#5369= IFCCARTESIANPOINT((0.8750755449843837,-0.01971908922860166,2.675075544984386));
#5371= IFCFACEOUTERBOUND(#5372,.T.);
#5372= IFCPOLYLOOP((#5362,#5369,#5192,#5190));
#5374= IFCFACE((#5376));
#5376= IFCFACEOUTERBOUND(#5377,.T.);
#5377= IFCPOLYLOOP((#5194,#5192,#5369,#5339));
#5379= IFCFACE((#5383));
#5381= IFCCARTESIANPOINT((0.8927908260839104,-0.01652734968956793,2.692790826083687));
#5383= IFCFACEOUTERBOUND(#5384,.T.);
#5384= IFCPOLYLOOP((#5346,#5212,#5210,#5381));
#5386= IFCFACE((#5392));
#5388= IFCCARTESIANPOINT((0.8940781745732238,-0.0150464246617048,2.694078174573051));
#5390= IFCCARTESIANPOINT((0.8940872513246632,-0.0153236907281098,2.694087251324339));
#5392= IFCFACEOUTERBOUND(#5393,.T.);
#5393= IFCPOLYLOOP((#5251,#5263,#5388,#5390));
#5395= IFCFACE((#5399));
#5397= IFCCARTESIANPOINT((0.8940372917393233,-0.01559656963945599,2.69403729173909));
#5399= IFCFACEOUTERBOUND(#5400,.T.);
#5400= IFCPOLYLOOP((#5390,#5397,#5239,#5251));
#5402= IFCFACE((#5406));
#5404= IFCCARTESIANPOINT((0.893771948538415,-0.01608022642903961,2.693771948538092));
#5406= IFCFACEOUTERBOUND(#5407,.T.);
#5407= IFCPOLYLOOP((#5227,#5239,#5397,#5404));
#5409= IFCFACE((#5413));
#5411= IFCCARTESIANPOINT((0.8933299272994191,-0.0164102993439883,2.69332992729922));
#5413= IFCFACEOUTERBOUND(#5414,.T.);
#5414= IFCPOLYLOOP((#5404,#5411,#5208,#5227));
#5416= IFCFACE((#5418));
#5418= IFCFACEOUTERBOUND(#5419,.T.);
#5419= IFCPOLYLOOP((#5210,#5208,#5411,#5381));
#5421= IFCFACE((#5425));
#5423= IFCCARTESIANPOINT((0.8919635374907102,0.,2.691963537490557));
#5425= IFCFACEOUTERBOUND(#5426,.T.);
#5426= IFCPOLYLOOP((#5423,#5388,#5263,#5270));
#5428= IFCFACE((#5430));
#5430= IFCFACEOUTERBOUND(#5431,.T.);
#5431= IFCPOLYLOOP((#5008,#5014,#5423,#5270));
#5433= IFCFACE((#5435));
#5435= IFCFACEOUTERBOUND(#5436,.T.);
#5436= IFCPOLYLOOP((#5339,#5369,#5362));
#5438= IFCFACE((#5440));
#5440= IFCFACEOUTERBOUND(#5441,.T.);
#5441= IFCPOLYLOOP((#5339,#5362,#5355));
#5443= IFCFACE((#5445));
#5445= IFCFACEOUTERBOUND(#5446,.T.);
#5446= IFCPOLYLOOP((#5129,#5297,#5327,#5320,#5313,#5306,#5304,#5339,#5355,#5348,#5346,#5381,#5411));
#5448= IFCFACE((#5450));
#5450= IFCFACEOUTERBOUND(#5451,.T.);
#5451= IFCPOLYLOOP((#5129,#5411,#5404));
#5453= IFCFACE((#5455));
#5455= IFCFACEOUTERBOUND(#5456,.T.);
#5456= IFCPOLYLOOP((#5131,#5129,#5404));
#5458= IFCFACE((#5460));
#5460= IFCFACEOUTERBOUND(#5461,.T.);
#5461= IFCPOLYLOOP((#5131,#5404,#5397));
#5463= IFCFACE((#5465));
#5465= IFCFACEOUTERBOUND(#5466,.T.);
#5466= IFCPOLYLOOP((#5142,#5131,#5397));
#5468= IFCFACE((#5470));
#5470= IFCFACEOUTERBOUND(#5471,.T.);
#5471= IFCPOLYLOOP((#5142,#5397,#5390));
#5473= IFCFACE((#5475));
#5475= IFCFACEOUTERBOUND(#5476,.T.);
#5476= IFCPOLYLOOP((#5142,#5390,#5153));
#5478= IFCFACE((#5480));
#5480= IFCFACEOUTERBOUND(#5481,.T.);
#5481= IFCPOLYLOOP((#5079,#5012,#5081));
#5483= IFCFACE((#5485));
#5485= IFCFACEOUTERBOUND(#5486,.T.);
#5486= IFCPOLYLOOP((#5090,#5081,#5012));
#5488= IFCFACE((#5490));
#5490= IFCFACEOUTERBOUND(#5491,.T.);
#5491= IFCPOLYLOOP((#5099,#5090,#5012));
#5493= IFCFACE((#5495));
#5495= IFCFACEOUTERBOUND(#5496,.T.);
#5496= IFCPOLYLOOP((#5099,#5012,#5106));
#5498= IFCFACE((#5500));
#5500= IFCFACEOUTERBOUND(#5501,.T.);
#5501= IFCPOLYLOOP((#5023,#5030,#5041,#5050,#5048,#5068,#5106,#5012));
#5503= IFCFACE((#5505));
#5505= IFCFACEOUTERBOUND(#5506,.T.);
#5506= IFCPOLYLOOP((#5079,#5122,#5160,#5390,#5014,#5012));
#5508= IFCFACE((#5510));
#5510= IFCFACEOUTERBOUND(#5511,.T.);
#5511= IFCPOLYLOOP((#5160,#5153,#5390));
#5513= IFCFACE((#5515));
#5515= IFCFACEOUTERBOUND(#5516,.T.);
#5516= IFCPOLYLOOP((#5014,#5390,#5388));
#5518= IFCFACE((#5520));
#5520= IFCFACEOUTERBOUND(#5521,.T.);
#5521= IFCPOLYLOOP((#5014,#5388,#5423));
#5523= IFCCLOSEDSHELL((#5006,#5019,#5028,#5037,#5046,#5059,#5064,#5073,#5086,#5095,#5104,#5113,#5118,#5127,#5140,#5149,#5158,#5167,#5172,#5177,#5188,#5199,#5206,#5225,#5232,#5237,#5244,#5249,#5256,#5261,#5268,#5275,#5280,#5285,#5290,#5295,#5302,#5311,#5318,#5325,#5332,#5337,#5344,#5353,#5360,#5367,#5374,#5379,#5386,#5395,#5402,#5409,#5416,#5421,#5428,#5433,#5438,#5443,#5448,#5453,#5458,#5463,#5468,#5473,#5478,#5483,#5488,#5493,#5498,#5503,#5508,#5513,#5518));
#5525= IFCFACETEDBREP(#5523);
#5526= IFCPRESENTATIONSTYLEASSIGNMENT((#5528));
#5528= IFCSURFACESTYLE($,.POSITIVE.,(#5530));
#5529= IFCCOLOURRGB($,1.,0.7490196078431373,0.);
#5530= IFCSURFACESTYLESHADING(#5529);
#5532= IFCSTYLEDITEM(#5525,(#5526),$);
#5538= IFCBUILDINGELEMENTPROXY('23ZonXkia7WG00000000T3',#41,$,$,$,#5540,#5545,$,$);
#5540= IFCLOCALPLACEMENT(#65,#5543);
#5541= IFCCARTESIANPOINT((0.,0.,0.));
#5543= IFCAXIS2PLACEMENT3D(#5541,$,$);
#5545= IFCPRODUCTDEFINITIONSHAPE($,$,(#5547));
#5547= IFCSHAPEREPRESENTATION(#1045,'Body','Brep',(#5597));
#5549= IFCFACE((#5559));
#5551= IFCCARTESIANPOINT((0.02500000000031832,-0.01649999998335261,1.187500000000008));
#5553= IFCCARTESIANPOINT((0.02500000000031832,-0.1199999999880674,1.18750000000047));
#5555= IFCCARTESIANPOINT((0.02500000000031832,-0.1199999999880674,1.212500000000146));
#5557= IFCCARTESIANPOINT((0.02500000000031832,-0.01649999998335261,1.212500000000146));
#5559= IFCFACEOUTERBOUND(#5560,.T.);
#5560= IFCPOLYLOOP((#5551,#5553,#5555,#5557));
#5562= IFCFACE((#5568));
#5564= IFCCARTESIANPOINT((0.875,-0.01649999998335261,1.212500000000146));
#5566= IFCCARTESIANPOINT((0.875,-0.01649999998335261,1.187500000000008));
#5568= IFCFACEOUTERBOUND(#5569,.T.);
#5569= IFCPOLYLOOP((#5557,#5564,#5566,#5551));
#5571= IFCFACE((#5575));
#5573= IFCCARTESIANPOINT((0.875,-0.1199999999880674,1.212500000000146));
#5575= IFCFACEOUTERBOUND(#5576,.T.);
#5576= IFCPOLYLOOP((#5573,#5564,#5557,#5555));
#5578= IFCFACE((#5582));
#5580= IFCCARTESIANPOINT((0.875,-0.1199999999880674,1.18750000000047));
#5582= IFCFACEOUTERBOUND(#5583,.T.);
#5583= IFCPOLYLOOP((#5553,#5580,#5573,#5555));
#5585= IFCFACE((#5587));
#5587= IFCFACEOUTERBOUND(#5588,.T.);
#5588= IFCPOLYLOOP((#5566,#5580,#5553,#5551));
#5590= IFCFACE((#5592));
#5592= IFCFACEOUTERBOUND(#5593,.T.);
#5593= IFCPOLYLOOP((#5580,#5566,#5564,#5573));
#5595= IFCCLOSEDSHELL((#5549,#5562,#5571,#5578,#5585,#5590));
#5597= IFCFACETEDBREP(#5595);
#5598= IFCPRESENTATIONSTYLEASSIGNMENT((#5600));
#5600= IFCSURFACESTYLE($,.POSITIVE.,(#5602));
#5601= IFCCOLOURRGB($,1.,0.7490196078431373,0.);
#5602= IFCSURFACESTYLESHADING(#5601);
#5604= IFCSTYLEDITEM(#5597,(#5598),$);
#5610= IFCBUILDINGELEMENTPROXY('23ZonXkia7WG00000000TH',#41,$,$,$,#5612,#5617,$,$);
#5612= IFCLOCALPLACEMENT(#65,#5615);
#5613= IFCCARTESIANPOINT((0.,0.,0.));
#5615= IFCAXIS2PLACEMENT3D(#5613,$,$);
#5617= IFCPRODUCTDEFINITIONSHAPE($,$,(#5619));
#5619= IFCSHAPEREPRESENTATION(#1045,'Body','Brep',(#5669));
#5621= IFCFACE((#5631));
#5623= IFCCARTESIANPOINT((0.02500000000031832,-0.01649999998335261,1.487500000000008));
#5625= IFCCARTESIANPOINT((0.02500000000031832,-0.1199999999880674,1.48750000000047));
#5627= IFCCARTESIANPOINT((0.02500000000031832,-0.1199999999880674,1.512500000000146));
#5629= IFCCARTESIANPOINT((0.02500000000031832,-0.01649999998335261,1.512500000000146));
#5631= IFCFACEOUTERBOUND(#5632,.T.);
#5632= IFCPOLYLOOP((#5623,#5625,#5627,#5629));
#5634= IFCFACE((#5640));
#5636= IFCCARTESIANPOINT((0.875,-0.01649999998335261,1.487500000000008));
#5638= IFCCARTESIANPOINT((0.875,-0.01649999998335261,1.512500000000146));
#5640= IFCFACEOUTERBOUND(#5641,.T.);
#5641= IFCPOLYLOOP((#5636,#5623,#5629,#5638));
#5643= IFCFACE((#5647));
#5645= IFCCARTESIANPOINT((0.875,-0.1199999999880674,1.512500000000146));
#5647= IFCFACEOUTERBOUND(#5648,.T.);
#5648= IFCPOLYLOOP((#5629,#5627,#5645,#5638));
#5650= IFCFACE((#5654));
#5652= IFCCARTESIANPOINT((0.875,-0.1199999999880674,1.48750000000047));
#5654= IFCFACEOUTERBOUND(#5655,.T.);
#5655= IFCPOLYLOOP((#5625,#5652,#5645,#5627));
#5657= IFCFACE((#5659));
#5659= IFCFACEOUTERBOUND(#5660,.T.);
#5660= IFCPOLYLOOP((#5636,#5652,#5625,#5623));
#5662= IFCFACE((#5664));
#5664= IFCFACEOUTERBOUND(#5665,.T.);
#5665= IFCPOLYLOOP((#5652,#5636,#5638,#5645));
#5667= IFCCLOSEDSHELL((#5621,#5634,#5643,#5650,#5657,#5662));
#5669= IFCFACETEDBREP(#5667);
#5670= IFCPRESENTATIONSTYLEASSIGNMENT((#5672));
#5672= IFCSURFACESTYLE($,.POSITIVE.,(#5674));
#5673= IFCCOLOURRGB($,1.,0.7490196078431373,0.);
#5674= IFCSURFACESTYLESHADING(#5673);
#5676= IFCSTYLEDITEM(#5669,(#5670),$);
#5682= IFCBUILDINGELEMENTPROXY('23ZonXkia7WG00000000TV',#41,$,$,$,#5684,#5689,$,$);
#5684= IFCLOCALPLACEMENT(#65,#5687);
#5685= IFCCARTESIANPOINT((0.,0.,0.));
#5687= IFCAXIS2PLACEMENT3D(#5685,$,$);
#5689= IFCPRODUCTDEFINITIONSHAPE($,$,(#5691));
#5691= IFCSHAPEREPRESENTATION(#1045,'Body','Brep',(#5969));
#5693= IFCFACE((#5703));
#5695= IFCCARTESIANPOINT((0.3124967505884797,-0.01649999998335261,0.02494000000000751));
#5697= IFCCARTESIANPOINT((0.3124967505884797,-0.1199999999880674,0.02494000000000749));
#5699= IFCCARTESIANPOINT((0.2874967505888435,-0.1199999999880674,0.02494000000000749));
#5701= IFCCARTESIANPOINT((0.2874967505883887,-0.01649999998335261,0.02494000000000751));
#5703= IFCFACEOUTERBOUND(#5704,.T.);
#5704= IFCPOLYLOOP((#5695,#5697,#5699,#5701));
#5706= IFCFACE((#5712));
#5708= IFCCARTESIANPOINT((0.3124967505884797,-0.01649999998335261,0.2874400000000072));
#5710= IFCCARTESIANPOINT((0.2874967505883887,-0.01649999998335261,0.2874400000000072));
#5712= IFCFACEOUTERBOUND(#5713,.T.);
#5713= IFCPOLYLOOP((#5708,#5695,#5701,#5710));
#5715= IFCFACE((#5741,#5768,#5773));
#5717= IFCCARTESIANPOINT((0.2874967505883887,-0.07952629612555029,0.1569366982295033));
#5719= IFCCARTESIANPOINT((0.2874967505883887,-0.07550001668278128,0.1529104187878745));
#5721= IFCCARTESIANPOINT((0.2874967505883887,-0.07000001668347977,0.1514366982295033));
#5723= IFCCARTESIANPOINT((0.2874967505883887,-0.06450001668417826,0.1529104187878745));
#5725= IFCCARTESIANPOINT((0.2874967505883887,-0.06047373724140925,0.1569366982295033));
#5727= IFCCARTESIANPOINT((0.2874967505883887,-0.05900001668487675,0.1624366982295033));
#5729= IFCCARTESIANPOINT((0.2874967505883887,-0.06047373724140925,0.1679366982295034));
#5731= IFCCARTESIANPOINT((0.2874967505883887,-0.06450001668417826,0.1719629776711322));
#5733= IFCCARTESIANPOINT((0.2874967505883887,-0.07000001668347977,0.1734366982295034));
#5735= IFCCARTESIANPOINT((0.2874967505883887,-0.07550001668278128,0.1719629776711322));
#5737= IFCCARTESIANPOINT((0.2874967505883887,-0.07952629612555029,0.1679366982295034));
#5739= IFCCARTESIANPOINT((0.2874967505883887,-0.08100001668208279,0.1624366982295033));
#5741= IFCFACEBOUND(#5742,.T.);
#5742= IFCPOLYLOOP((#5717,#5719,#5721,#5723,#5725,#5727,#5729,#5731,#5733,#5735,#5737,#5739));
#5744= IFCCARTESIANPOINT((0.2874967505883887,-0.08952629612758756,0.2319366982295033));
#5746= IFCCARTESIANPOINT((0.2874967505883887,-0.08550001668481855,0.2279104187878745));
#5748= IFCCARTESIANPOINT((0.2874967505883887,-0.08000001668551704,0.2264366982295033));
#5750= IFCCARTESIANPOINT((0.2874967505883887,-0.07450001668621553,0.2279104187878745));
#5752= IFCCARTESIANPOINT((0.2874967505883887,-0.07047373724344652,0.2319366982295033));
#5754= IFCCARTESIANPOINT((0.2874967505883887,-0.06900001668691402,0.2374366982295033));
#5756= IFCCARTESIANPOINT((0.2874967505883887,-0.07047373724344652,0.2429366982295034));
#5758= IFCCARTESIANPOINT((0.2874967505883887,-0.07450001668621553,0.2469629776711322));
#5760= IFCCARTESIANPOINT((0.2874967505883887,-0.08000001668551704,0.2484366982295034));
#5762= IFCCARTESIANPOINT((0.2874967505883887,-0.08550001668481855,0.2469629776711322));
#5764= IFCCARTESIANPOINT((0.2874967505883887,-0.08952629612758756,0.2429366982295034));
#5766= IFCCARTESIANPOINT((0.2874967505883887,-0.09100001668412006,0.2374366982295033));
#5768= IFCFACEBOUND(#5769,.T.);
#5769= IFCPOLYLOOP((#5744,#5746,#5748,#5750,#5752,#5754,#5756,#5758,#5760,#5762,#5764,#5766));
#5771= IFCCARTESIANPOINT((0.2874967505888435,-0.1199999999880674,0.2874400000000072));
#5773= IFCFACEOUTERBOUND(#5774,.T.);
#5774= IFCPOLYLOOP((#5771,#5710,#5701,#5699));
#5776= IFCFACE((#5780));
#5778= IFCCARTESIANPOINT((0.3124967505884797,-0.1199999999880674,0.2874400000000072));
#5780= IFCFACEOUTERBOUND(#5781,.T.);
#5781= IFCPOLYLOOP((#5771,#5699,#5697,#5778));
#5783= IFCFACE((#5809,#5836,#5839));
#5785= IFCCARTESIANPOINT((0.3124967505884797,-0.07952629612555029,0.1679366982295034));
#5787= IFCCARTESIANPOINT((0.3124967505884797,-0.07550001668278128,0.1719629776711322));
#5789= IFCCARTESIANPOINT((0.3124967505884797,-0.07000001668347977,0.1734366982295034));
#5791= IFCCARTESIANPOINT((0.3124967505884797,-0.06450001668417826,0.1719629776711322));
#5793= IFCCARTESIANPOINT((0.3124967505884797,-0.06047373724140925,0.1679366982295034));
#5795= IFCCARTESIANPOINT((0.3124967505884797,-0.05900001668487675,0.1624366982295033));
#5797= IFCCARTESIANPOINT((0.3124967505884797,-0.06047373724140925,0.1569366982295033));
#5799= IFCCARTESIANPOINT((0.3124967505884797,-0.06450001668417826,0.1529104187878745));
#5801= IFCCARTESIANPOINT((0.3124967505884797,-0.07000001668347977,0.1514366982295033));
#5803= IFCCARTESIANPOINT((0.3124967505884797,-0.07550001668278128,0.1529104187878745));
#5805= IFCCARTESIANPOINT((0.3124967505884797,-0.07952629612555029,0.1569366982295033));
#5807= IFCCARTESIANPOINT((0.3124967505884797,-0.08100001668208279,0.1624366982295033));
#5809= IFCFACEBOUND(#5810,.T.);
#5810= IFCPOLYLOOP((#5785,#5787,#5789,#5791,#5793,#5795,#5797,#5799,#5801,#5803,#5805,#5807));
#5812= IFCCARTESIANPOINT((0.3124967505884797,-0.09100001668412006,0.2374366982295033));
#5814= IFCCARTESIANPOINT((0.3124967505884797,-0.08952629612758756,0.2429366982295034));
#5816= IFCCARTESIANPOINT((0.3124967505884797,-0.08550001668481855,0.2469629776711322));
#5818= IFCCARTESIANPOINT((0.3124967505884797,-0.08000001668551704,0.2484366982295034));
#5820= IFCCARTESIANPOINT((0.3124967505884797,-0.07450001668621553,0.2469629776711322));
#5822= IFCCARTESIANPOINT((0.3124967505884797,-0.07047373724344652,0.2429366982295034));
#5824= IFCCARTESIANPOINT((0.3124967505884797,-0.06900001668691402,0.2374366982295033));
#5826= IFCCARTESIANPOINT((0.3124967505884797,-0.07047373724344652,0.2319366982295033));
#5828= IFCCARTESIANPOINT((0.3124967505884797,-0.07450001668621553,0.2279104187878745));
#5830= IFCCARTESIANPOINT((0.3124967505884797,-0.08000001668551704,0.2264366982295033));
#5832= IFCCARTESIANPOINT((0.3124967505884797,-0.08550001668481855,0.2279104187878745));
#5834= IFCCARTESIANPOINT((0.3124967505884797,-0.08952629612758756,0.2319366982295033));
#5836= IFCFACEBOUND(#5837,.T.);
#5837= IFCPOLYLOOP((#5812,#5814,#5816,#5818,#5820,#5822,#5824,#5826,#5828,#5830,#5832,#5834));
#5839= IFCFACEOUTERBOUND(#5840,.T.);
#5840= IFCPOLYLOOP((#5708,#5778,#5697,#5695));
#5842= IFCFACE((#5844));
#5844= IFCFACEOUTERBOUND(#5845,.T.);
#5845= IFCPOLYLOOP((#5778,#5708,#5710,#5771));
#5847= IFCFACE((#5849));
#5849= IFCFACEOUTERBOUND(#5850,.T.);
#5850= IFCPOLYLOOP((#5834,#5832,#5746,#5744));
#5852= IFCFACE((#5854));
#5854= IFCFACEOUTERBOUND(#5855,.T.);
#5855= IFCPOLYLOOP((#5832,#5830,#5748,#5746));
#5857= IFCFACE((#5859));
#5859= IFCFACEOUTERBOUND(#5860,.T.);
#5860= IFCPOLYLOOP((#5750,#5748,#5830,#5828));
#5862= IFCFACE((#5864));
#5864= IFCFACEOUTERBOUND(#5865,.T.);
#5865= IFCPOLYLOOP((#5828,#5826,#5752,#5750));
#5867= IFCFACE((#5869));
#5869= IFCFACEOUTERBOUND(#5870,.T.);
#5870= IFCPOLYLOOP((#5826,#5824,#5754,#5752));
#5872= IFCFACE((#5874));
#5874= IFCFACEOUTERBOUND(#5875,.T.);
#5875= IFCPOLYLOOP((#5756,#5754,#5824,#5822));
#5877= IFCFACE((#5879));
#5879= IFCFACEOUTERBOUND(#5880,.T.);
#5880= IFCPOLYLOOP((#5822,#5820,#5758,#5756));
#5882= IFCFACE((#5884));
#5884= IFCFACEOUTERBOUND(#5885,.T.);
#5885= IFCPOLYLOOP((#5760,#5758,#5820,#5818));
#5887= IFCFACE((#5889));
#5889= IFCFACEOUTERBOUND(#5890,.T.);
#5890= IFCPOLYLOOP((#5818,#5816,#5762,#5760));
#5892= IFCFACE((#5894));
#5894= IFCFACEOUTERBOUND(#5895,.T.);
#5895= IFCPOLYLOOP((#5816,#5814,#5764,#5762));
#5897= IFCFACE((#5899));
#5899= IFCFACEOUTERBOUND(#5900,.T.);
#5900= IFCPOLYLOOP((#5814,#5812,#5766,#5764));
#5902= IFCFACE((#5904));
#5904= IFCFACEOUTERBOUND(#5905,.T.);
#5905= IFCPOLYLOOP((#5812,#5834,#5744,#5766));
#5907= IFCFACE((#5909));
#5909= IFCFACEOUTERBOUND(#5910,.T.);
#5910= IFCPOLYLOOP((#5719,#5717,#5805,#5803));
#5912= IFCFACE((#5914));
#5914= IFCFACEOUTERBOUND(#5915,.T.);
#5915= IFCPOLYLOOP((#5803,#5801,#5721,#5719));
#5917= IFCFACE((#5919));
#5919= IFCFACEOUTERBOUND(#5920,.T.);
#5920= IFCPOLYLOOP((#5801,#5799,#5723,#5721));
#5922= IFCFACE((#5924));
#5924= IFCFACEOUTERBOUND(#5925,.T.);
#5925= IFCPOLYLOOP((#5725,#5723,#5799,#5797));
#5927= IFCFACE((#5929));
#5929= IFCFACEOUTERBOUND(#5930,.T.);
#5930= IFCPOLYLOOP((#5797,#5795,#5727,#5725));
#5932= IFCFACE((#5934));
#5934= IFCFACEOUTERBOUND(#5935,.T.);
#5935= IFCPOLYLOOP((#5729,#5727,#5795,#5793));
#5937= IFCFACE((#5939));
#5939= IFCFACEOUTERBOUND(#5940,.T.);
#5940= IFCPOLYLOOP((#5793,#5791,#5731,#5729));
#5942= IFCFACE((#5944));
#5944= IFCFACEOUTERBOUND(#5945,.T.);
#5945= IFCPOLYLOOP((#5791,#5789,#5733,#5731));
#5947= IFCFACE((#5949));
#5949= IFCFACEOUTERBOUND(#5950,.T.);
#5950= IFCPOLYLOOP((#5735,#5733,#5789,#5787));
#5952= IFCFACE((#5954));
#5954= IFCFACEOUTERBOUND(#5955,.T.);
#5955= IFCPOLYLOOP((#5737,#5735,#5787,#5785));
#5957= IFCFACE((#5959));
#5959= IFCFACEOUTERBOUND(#5960,.T.);
#5960= IFCPOLYLOOP((#5739,#5737,#5785,#5807));
#5962= IFCFACE((#5964));
#5964= IFCFACEOUTERBOUND(#5965,.T.);
#5965= IFCPOLYLOOP((#5717,#5739,#5807,#5805));
#5967= IFCCLOSEDSHELL((#5693,#5706,#5715,#5776,#5783,#5842,#5847,#5852,#5857,#5862,#5867,#5872,#5877,#5882,#5887,#5892,#5897,#5902,#5907,#5912,#5917,#5922,#5927,#5932,#5937,#5942,#5947,#5952,#5957,#5962));
#5969= IFCFACETEDBREP(#5967);
#5970= IFCPRESENTATIONSTYLEASSIGNMENT((#5972));
#5972= IFCSURFACESTYLE($,.POSITIVE.,(#5974));
#5973= IFCCOLOURRGB($,1.,0.7490196078431373,0.);
#5974= IFCSURFACESTYLESHADING(#5973);
#5976= IFCSTYLEDITEM(#5969,(#5970),$);
#5982= IFCBUILDINGELEMENTPROXY('23ZonXkia7WG00000000Th',#41,$,$,$,#5984,#5989,$,$);
#5984= IFCLOCALPLACEMENT(#65,#5987);
#5985= IFCCARTESIANPOINT((0.,0.,0.));
#5987= IFCAXIS2PLACEMENT3D(#5985,$,$);
#5989= IFCPRODUCTDEFINITIONSHAPE($,$,(#5991));
#5991= IFCSHAPEREPRESENTATION(#1045,'Body','Brep',(#6269));
#5993= IFCFACE((#6003));
#5995= IFCCARTESIANPOINT((0.2874967505883887,-0.01649999998335261,2.675059999999992));
#5997= IFCCARTESIANPOINT((0.2874967505888435,-0.1199999999880674,2.675059999999992));
#5999= IFCCARTESIANPOINT((0.3124967505884797,-0.1199999999880674,2.675059999999992));
#6001= IFCCARTESIANPOINT((0.3124967505884797,-0.01649999998335261,2.675059999999992));
#6003= IFCFACEOUTERBOUND(#6004,.T.);
#6004= IFCPOLYLOOP((#5995,#5997,#5999,#6001));
#6006= IFCFACE((#6012));
#6008= IFCCARTESIANPOINT((0.3124967505884797,-0.1199999999880674,2.412559999999992));
#6010= IFCCARTESIANPOINT((0.2874967505888435,-0.1199999999880674,2.412559999999992));
#6012= IFCFACEOUTERBOUND(#6013,.T.);
#6013= IFCPOLYLOOP((#6008,#5999,#5997,#6010));
#6015= IFCFACE((#6041,#6046,#6073));
#6017= IFCCARTESIANPOINT((0.2874967505883887,-0.07952629612555029,2.532063301770496));
#6019= IFCCARTESIANPOINT((0.2874967505883887,-0.07550001668278128,2.528037022328868));
#6021= IFCCARTESIANPOINT((0.2874967505883887,-0.07000001668347977,2.526563301770496));
#6023= IFCCARTESIANPOINT((0.2874967505883887,-0.06450001668417826,2.528037022328867));
#6025= IFCCARTESIANPOINT((0.2874967505883887,-0.06047373724140925,2.532063301770496));
#6027= IFCCARTESIANPOINT((0.2874967505883887,-0.05900001668487675,2.537563301770496));
#6029= IFCCARTESIANPOINT((0.2874967505883887,-0.06047373724140925,2.543063301770496));
#6031= IFCCARTESIANPOINT((0.2874967505883887,-0.06450001668417826,2.547089581212125));
#6033= IFCCARTESIANPOINT((0.2874967505883887,-0.07000001668347977,2.548563301770496));
#6035= IFCCARTESIANPOINT((0.2874967505883887,-0.07550001668278128,2.547089581212125));
#6037= IFCCARTESIANPOINT((0.2874967505883887,-0.07952629612555029,2.543063301770496));
#6039= IFCCARTESIANPOINT((0.2874967505883887,-0.08100001668208279,2.537563301770496));
#6041= IFCFACEBOUND(#6042,.T.);
#6042= IFCPOLYLOOP((#6017,#6019,#6021,#6023,#6025,#6027,#6029,#6031,#6033,#6035,#6037,#6039));
#6044= IFCCARTESIANPOINT((0.2874967505883887,-0.01649999998335261,2.412559999999993));
#6046= IFCFACEOUTERBOUND(#6047,.T.);
#6047= IFCPOLYLOOP((#5995,#6044,#6010,#5997));
#6049= IFCCARTESIANPOINT((0.2874967505883887,-0.09100001668412006,2.462563301770496));
#6051= IFCCARTESIANPOINT((0.2874967505883887,-0.08952629612758756,2.457063301770496));
#6053= IFCCARTESIANPOINT((0.2874967505883887,-0.08550001668481855,2.453037022328868));
#6055= IFCCARTESIANPOINT((0.2874967505883887,-0.08000001668551704,2.451563301770496));
#6057= IFCCARTESIANPOINT((0.2874967505883887,-0.07450001668621553,2.453037022328867));
#6059= IFCCARTESIANPOINT((0.2874967505883887,-0.07047373724344652,2.457063301770496));
#6061= IFCCARTESIANPOINT((0.2874967505883887,-0.06900001668691402,2.462563301770496));
#6063= IFCCARTESIANPOINT((0.2874967505883887,-0.07047373724344652,2.468063301770496));
#6065= IFCCARTESIANPOINT((0.2874967505883887,-0.07450001668621553,2.472089581212125));
#6067= IFCCARTESIANPOINT((0.2874967505883887,-0.08000001668551704,2.473563301770497));
#6069= IFCCARTESIANPOINT((0.2874967505883887,-0.08550001668481855,2.472089581212126));
#6071= IFCCARTESIANPOINT((0.2874967505883887,-0.08952629612758756,2.468063301770496));
#6073= IFCFACEBOUND(#6074,.T.);
#6074= IFCPOLYLOOP((#6049,#6051,#6053,#6055,#6057,#6059,#6061,#6063,#6065,#6067,#6069,#6071));
#6076= IFCFACE((#6080));
#6078= IFCCARTESIANPOINT((0.3124967505884797,-0.01649999998335261,2.412559999999993));
#6080= IFCFACEOUTERBOUND(#6081,.T.);
#6081= IFCPOLYLOOP((#6044,#5995,#6001,#6078));
#6083= IFCFACE((#6085,#6112,#6139));
#6085= IFCFACEOUTERBOUND(#6086,.T.);
#6086= IFCPOLYLOOP((#6008,#6078,#6001,#5999));
#6088= IFCCARTESIANPOINT((0.3124967505884797,-0.07952629612555029,2.543063301770496));
#6090= IFCCARTESIANPOINT((0.3124967505884797,-0.07550001668278128,2.547089581212125));
#6092= IFCCARTESIANPOINT((0.3124967505884797,-0.07000001668347977,2.548563301770496));
#6094= IFCCARTESIANPOINT((0.3124967505884797,-0.06450001668417826,2.547089581212125));
#6096= IFCCARTESIANPOINT((0.3124967505884797,-0.06047373724140925,2.543063301770496));
#6098= IFCCARTESIANPOINT((0.3124967505884797,-0.05900001668487675,2.537563301770496));
#6100= IFCCARTESIANPOINT((0.3124967505884797,-0.06047373724140925,2.532063301770496));
#6102= IFCCARTESIANPOINT((0.3124967505884797,-0.06450001668417826,2.528037022328867));
#6104= IFCCARTESIANPOINT((0.3124967505884797,-0.07000001668347977,2.526563301770496));
#6106= IFCCARTESIANPOINT((0.3124967505884797,-0.07550001668278128,2.528037022328868));
#6108= IFCCARTESIANPOINT((0.3124967505884797,-0.07952629612555029,2.532063301770496));
#6110= IFCCARTESIANPOINT((0.3124967505884797,-0.08100001668208279,2.537563301770496));
#6112= IFCFACEBOUND(#6113,.T.);
#6113= IFCPOLYLOOP((#6088,#6090,#6092,#6094,#6096,#6098,#6100,#6102,#6104,#6106,#6108,#6110));
#6115= IFCCARTESIANPOINT((0.3124967505884797,-0.08550001668481855,2.472089581212126));
#6117= IFCCARTESIANPOINT((0.3124967505884797,-0.08000001668551704,2.473563301770497));
#6119= IFCCARTESIANPOINT((0.3124967505884797,-0.07450001668621553,2.472089581212125));
#6121= IFCCARTESIANPOINT((0.3124967505884797,-0.07047373724344652,2.468063301770496));
#6123= IFCCARTESIANPOINT((0.3124967505884797,-0.06900001668691402,2.462563301770496));
#6125= IFCCARTESIANPOINT((0.3124967505884797,-0.07047373724344652,2.457063301770496));
#6127= IFCCARTESIANPOINT((0.3124967505884797,-0.07450001668621553,2.453037022328867));
#6129= IFCCARTESIANPOINT((0.3124967505884797,-0.08000001668551704,2.451563301770496));
#6131= IFCCARTESIANPOINT((0.3124967505884797,-0.08550001668481855,2.453037022328868));
#6133= IFCCARTESIANPOINT((0.3124967505884797,-0.08952629612758756,2.457063301770496));
#6135= IFCCARTESIANPOINT((0.3124967505884797,-0.09100001668412006,2.462563301770496));
#6137= IFCCARTESIANPOINT((0.3124967505884797,-0.08952629612758756,2.468063301770496));
#6139= IFCFACEBOUND(#6140,.T.);
#6140= IFCPOLYLOOP((#6115,#6117,#6119,#6121,#6123,#6125,#6127,#6129,#6131,#6133,#6135,#6137));
#6142= IFCFACE((#6144));
#6144= IFCFACEOUTERBOUND(#6145,.T.);
#6145= IFCPOLYLOOP((#6078,#6008,#6010,#6044));
#6147= IFCFACE((#6149));
#6149= IFCFACEOUTERBOUND(#6150,.T.);
#6150= IFCPOLYLOOP((#6133,#6131,#6053,#6051));
#6152= IFCFACE((#6154));
#6154= IFCFACEOUTERBOUND(#6155,.T.);
#6155= IFCPOLYLOOP((#6131,#6129,#6055,#6053));
#6157= IFCFACE((#6159));
#6159= IFCFACEOUTERBOUND(#6160,.T.);
#6160= IFCPOLYLOOP((#6057,#6055,#6129,#6127));
#6162= IFCFACE((#6164));
#6164= IFCFACEOUTERBOUND(#6165,.T.);
#6165= IFCPOLYLOOP((#6059,#6057,#6127,#6125));
#6167= IFCFACE((#6169));
#6169= IFCFACEOUTERBOUND(#6170,.T.);
#6170= IFCPOLYLOOP((#6125,#6123,#6061,#6059));
#6172= IFCFACE((#6174));
#6174= IFCFACEOUTERBOUND(#6175,.T.);
#6175= IFCPOLYLOOP((#6063,#6061,#6123,#6121));
#6177= IFCFACE((#6179));
#6179= IFCFACEOUTERBOUND(#6180,.T.);
#6180= IFCPOLYLOOP((#6121,#6119,#6065,#6063));
#6182= IFCFACE((#6184));
#6184= IFCFACEOUTERBOUND(#6185,.T.);
#6185= IFCPOLYLOOP((#6067,#6065,#6119,#6117));
#6187= IFCFACE((#6189));
#6189= IFCFACEOUTERBOUND(#6190,.T.);
#6190= IFCPOLYLOOP((#6069,#6067,#6117,#6115));
#6192= IFCFACE((#6194));
#6194= IFCFACEOUTERBOUND(#6195,.T.);
#6195= IFCPOLYLOOP((#6115,#6137,#6071,#6069));
#6197= IFCFACE((#6199));
#6199= IFCFACEOUTERBOUND(#6200,.T.);
#6200= IFCPOLYLOOP((#6049,#6071,#6137,#6135));
#6202= IFCFACE((#6204));
#6204= IFCFACEOUTERBOUND(#6205,.T.);
#6205= IFCPOLYLOOP((#6135,#6133,#6051,#6049));
#6207= IFCFACE((#6209));
#6209= IFCFACEOUTERBOUND(#6210,.T.);
#6210= IFCPOLYLOOP((#6019,#6017,#6108,#6106));
#6212= IFCFACE((#6214));
#6214= IFCFACEOUTERBOUND(#6215,.T.);
#6215= IFCPOLYLOOP((#6021,#6019,#6106,#6104));
#6217= IFCFACE((#6219));
#6219= IFCFACEOUTERBOUND(#6220,.T.);
#6220= IFCPOLYLOOP((#6023,#6021,#6104,#6102));
#6222= IFCFACE((#6224));
#6224= IFCFACEOUTERBOUND(#6225,.T.);
#6225= IFCPOLYLOOP((#6102,#6100,#6025,#6023));
#6227= IFCFACE((#6229));
#6229= IFCFACEOUTERBOUND(#6230,.T.);
#6230= IFCPOLYLOOP((#6100,#6098,#6027,#6025));
#6232= IFCFACE((#6234));
#6234= IFCFACEOUTERBOUND(#6235,.T.);
#6235= IFCPOLYLOOP((#6029,#6027,#6098,#6096));
#6237= IFCFACE((#6239));
#6239= IFCFACEOUTERBOUND(#6240,.T.);
#6240= IFCPOLYLOOP((#6031,#6029,#6096,#6094));
#6242= IFCFACE((#6244));
#6244= IFCFACEOUTERBOUND(#6245,.T.);
#6245= IFCPOLYLOOP((#6033,#6031,#6094,#6092));
#6247= IFCFACE((#6249));
#6249= IFCFACEOUTERBOUND(#6250,.T.);
#6250= IFCPOLYLOOP((#6035,#6033,#6092,#6090));
#6252= IFCFACE((#6254));
#6254= IFCFACEOUTERBOUND(#6255,.T.);
#6255= IFCPOLYLOOP((#6037,#6035,#6090,#6088));
#6257= IFCFACE((#6259));
#6259= IFCFACEOUTERBOUND(#6260,.T.);
#6260= IFCPOLYLOOP((#6088,#6110,#6039,#6037));
#6262= IFCFACE((#6264));
#6264= IFCFACEOUTERBOUND(#6265,.T.);
#6265= IFCPOLYLOOP((#6110,#6108,#6017,#6039));
#6267= IFCCLOSEDSHELL((#5993,#6006,#6015,#6076,#6083,#6142,#6147,#6152,#6157,#6162,#6167,#6172,#6177,#6182,#6187,#6192,#6197,#6202,#6207,#6212,#6217,#6222,#6227,#6232,#6237,#6242,#6247,#6252,#6257,#6262));
#6269= IFCFACETEDBREP(#6267);
#6270= IFCPRESENTATIONSTYLEASSIGNMENT((#6272));
#6272= IFCSURFACESTYLE($,.POSITIVE.,(#6274));
#6273= IFCCOLOURRGB($,1.,0.7490196078431373,0.);
#6274= IFCSURFACESTYLESHADING(#6273);
#6276= IFCSTYLEDITEM(#6269,(#6270),$);
#6282= IFCBUILDINGELEMENTPROXY('23ZonXkia7WG00000000Tt',#41,$,$,$,#6284,#6289,$,$);
#6284= IFCLOCALPLACEMENT(#65,#6287);
#6285= IFCCARTESIANPOINT((0.,0.,0.));
#6287= IFCAXIS2PLACEMENT3D(#6285,$,$);
#6289= IFCPRODUCTDEFINITIONSHAPE($,$,(#6291));
#6291= IFCSHAPEREPRESENTATION(#1045,'Body','Brep',(#6569));
#6293= IFCFACE((#6303));
#6295= IFCCARTESIANPOINT((0.3124967505884797,-0.1199999999880674,2.674933396458996));
#6297= IFCCARTESIANPOINT((0.3124967505884797,-0.01649999998335261,2.674933396458996));
#6299= IFCCARTESIANPOINT((0.2874967505883887,-0.01649999998335261,2.674933396458996));
#6301= IFCCARTESIANPOINT((0.2874967505888435,-0.1199999999880674,2.674933396458996));
#6303= IFCFACEOUTERBOUND(#6304,.T.);
#6304= IFCPOLYLOOP((#6295,#6297,#6299,#6301));
#6306= IFCFACE((#6312));
#6308= IFCCARTESIANPOINT((0.2874967505888435,-0.1199999999880674,2.412433396458995));
#6310= IFCCARTESIANPOINT((0.3124967505884797,-0.1199999999880674,2.412433396458995));
#6312= IFCFACEOUTERBOUND(#6313,.T.);
#6313= IFCPOLYLOOP((#6301,#6308,#6310,#6295));
#6315= IFCFACE((#6341,#6346,#6373));
#6317= IFCCARTESIANPOINT((0.2874967505883887,-0.07952629612555029,2.5319366982295));
#6319= IFCCARTESIANPOINT((0.2874967505883887,-0.07550001668278128,2.527910418787871));
#6321= IFCCARTESIANPOINT((0.2874967505883887,-0.07000001668347977,2.526436698229499));
#6323= IFCCARTESIANPOINT((0.2874967505883887,-0.06450001668417826,2.52791041878787));
#6325= IFCCARTESIANPOINT((0.2874967505883887,-0.06047373724140925,2.5319366982295));
#6327= IFCCARTESIANPOINT((0.2874967505883887,-0.05900001668487675,2.5374366982295));
#6329= IFCCARTESIANPOINT((0.2874967505883887,-0.06047373724140925,2.5429366982295));
#6331= IFCCARTESIANPOINT((0.2874967505883887,-0.06450001668417826,2.546962977671128));
#6333= IFCCARTESIANPOINT((0.2874967505883887,-0.07000001668347977,2.5484366982295));
#6335= IFCCARTESIANPOINT((0.2874967505883887,-0.07550001668278128,2.546962977671129));
#6337= IFCCARTESIANPOINT((0.2874967505883887,-0.07952629612555029,2.5429366982295));
#6339= IFCCARTESIANPOINT((0.2874967505883887,-0.08100001668208279,2.5374366982295));
#6341= IFCFACEBOUND(#6342,.T.);
#6342= IFCPOLYLOOP((#6317,#6319,#6321,#6323,#6325,#6327,#6329,#6331,#6333,#6335,#6337,#6339));
#6344= IFCCARTESIANPOINT((0.2874967505883887,-0.01649999998335261,2.412433396458997));
#6346= IFCFACEOUTERBOUND(#6347,.T.);
#6347= IFCPOLYLOOP((#6299,#6344,#6308,#6301));
#6349= IFCCARTESIANPOINT((0.2874967505883887,-0.09100001668412006,2.4624366982295));
#6351= IFCCARTESIANPOINT((0.2874967505883887,-0.08952629612758756,2.4569366982295));
#6353= IFCCARTESIANPOINT((0.2874967505883887,-0.08550001668481855,2.452910418787872));
#6355= IFCCARTESIANPOINT((0.2874967505883887,-0.08000001668551704,2.4514366982295));
#6357= IFCCARTESIANPOINT((0.2874967505883887,-0.07450001668621553,2.452910418787871));
#6359= IFCCARTESIANPOINT((0.2874967505883887,-0.07047373724344652,2.4569366982295));
#6361= IFCCARTESIANPOINT((0.2874967505883887,-0.06900001668691402,2.4624366982295));
#6363= IFCCARTESIANPOINT((0.2874967505883887,-0.07047373724344652,2.4679366982295));
#6365= IFCCARTESIANPOINT((0.2874967505883887,-0.07450001668621553,2.471962977671129));
#6367= IFCCARTESIANPOINT((0.2874967505883887,-0.08000001668551704,2.4734366982295));
#6369= IFCCARTESIANPOINT((0.2874967505883887,-0.08550001668481855,2.471962977671129));
#6371= IFCCARTESIANPOINT((0.2874967505883887,-0.08952629612758756,2.4679366982295));
#6373= IFCFACEBOUND(#6374,.T.);
#6374= IFCPOLYLOOP((#6349,#6351,#6353,#6355,#6357,#6359,#6361,#6363,#6365,#6367,#6369,#6371));
#6376= IFCFACE((#6380));
#6378= IFCCARTESIANPOINT((0.3124967505884797,-0.01649999998335261,2.412433396458997));
#6380= IFCFACEOUTERBOUND(#6381,.T.);
#6381= IFCPOLYLOOP((#6297,#6378,#6344,#6299));
#6383= IFCFACE((#6409,#6412,#6439));
#6385= IFCCARTESIANPOINT((0.3124967505884797,-0.08952629612758756,2.4679366982295));
#6387= IFCCARTESIANPOINT((0.3124967505884797,-0.08550001668481855,2.471962977671129));
#6389= IFCCARTESIANPOINT((0.3124967505884797,-0.08000001668551704,2.4734366982295));
#6391= IFCCARTESIANPOINT((0.3124967505884797,-0.07450001668621553,2.471962977671129));
#6393= IFCCARTESIANPOINT((0.3124967505884797,-0.07047373724344652,2.4679366982295));
#6395= IFCCARTESIANPOINT((0.3124967505884797,-0.06900001668691402,2.4624366982295));
#6397= IFCCARTESIANPOINT((0.3124967505884797,-0.07047373724344652,2.4569366982295));
#6399= IFCCARTESIANPOINT((0.3124967505884797,-0.07450001668621553,2.452910418787871));
#6401= IFCCARTESIANPOINT((0.3124967505884797,-0.08000001668551704,2.4514366982295));
#6403= IFCCARTESIANPOINT((0.3124967505884797,-0.08550001668481855,2.452910418787872));
#6405= IFCCARTESIANPOINT((0.3124967505884797,-0.08952629612758756,2.4569366982295));
#6407= IFCCARTESIANPOINT((0.3124967505884797,-0.09100001668412006,2.4624366982295));
#6409= IFCFACEBOUND(#6410,.T.);
#6410= IFCPOLYLOOP((#6385,#6387,#6389,#6391,#6393,#6395,#6397,#6399,#6401,#6403,#6405,#6407));
#6412= IFCFACEOUTERBOUND(#6413,.T.);
#6413= IFCPOLYLOOP((#6310,#6378,#6297,#6295));
#6415= IFCCARTESIANPOINT((0.3124967505884797,-0.07952629612555029,2.5429366982295));
#6417= IFCCARTESIANPOINT((0.3124967505884797,-0.07550001668278128,2.546962977671129));
#6419= IFCCARTESIANPOINT((0.3124967505884797,-0.07000001668347977,2.5484366982295));
#6421= IFCCARTESIANPOINT((0.3124967505884797,-0.06450001668417826,2.546962977671128));
#6423= IFCCARTESIANPOINT((0.3124967505884797,-0.06047373724140925,2.5429366982295));
#6425= IFCCARTESIANPOINT((0.3124967505884797,-0.05900001668487675,2.5374366982295));
#6427= IFCCARTESIANPOINT((0.3124967505884797,-0.06047373724140925,2.5319366982295));
#6429= IFCCARTESIANPOINT((0.3124967505884797,-0.06450001668417826,2.52791041878787));
#6431= IFCCARTESIANPOINT((0.3124967505884797,-0.07000001668347977,2.526436698229499));
#6433= IFCCARTESIANPOINT((0.3124967505884797,-0.07550001668278128,2.527910418787871));
#6435= IFCCARTESIANPOINT((0.3124967505884797,-0.07952629612555029,2.5319366982295));
#6437= IFCCARTESIANPOINT((0.3124967505884797,-0.08100001668208279,2.5374366982295));
#6439= IFCFACEBOUND(#6440,.T.);
#6440= IFCPOLYLOOP((#6415,#6417,#6419,#6421,#6423,#6425,#6427,#6429,#6431,#6433,#6435,#6437));
#6442= IFCFACE((#6444));
#6444= IFCFACEOUTERBOUND(#6445,.T.);
#6445= IFCPOLYLOOP((#6378,#6310,#6308,#6344));
#6447= IFCFACE((#6449));
#6449= IFCFACEOUTERBOUND(#6450,.T.);
#6450= IFCPOLYLOOP((#6353,#6351,#6405,#6403));
#6452= IFCFACE((#6454));
#6454= IFCFACEOUTERBOUND(#6455,.T.);
#6455= IFCPOLYLOOP((#6355,#6353,#6403,#6401));
#6457= IFCFACE((#6459));
#6459= IFCFACEOUTERBOUND(#6460,.T.);
#6460= IFCPOLYLOOP((#6357,#6355,#6401,#6399));
#6462= IFCFACE((#6464));
#6464= IFCFACEOUTERBOUND(#6465,.T.);
#6465= IFCPOLYLOOP((#6359,#6357,#6399,#6397));
#6467= IFCFACE((#6469));
#6469= IFCFACEOUTERBOUND(#6470,.T.);
#6470= IFCPOLYLOOP((#6397,#6395,#6361,#6359));
#6472= IFCFACE((#6474));
#6474= IFCFACEOUTERBOUND(#6475,.T.);
#6475= IFCPOLYLOOP((#6363,#6361,#6395,#6393));
#6477= IFCFACE((#6479));
#6479= IFCFACEOUTERBOUND(#6480,.T.);
#6480= IFCPOLYLOOP((#6365,#6363,#6393,#6391));
#6482= IFCFACE((#6484));
#6484= IFCFACEOUTERBOUND(#6485,.T.);
#6485= IFCPOLYLOOP((#6367,#6365,#6391,#6389));
#6487= IFCFACE((#6489));
#6489= IFCFACEOUTERBOUND(#6490,.T.);
#6490= IFCPOLYLOOP((#6369,#6367,#6389,#6387));
#6492= IFCFACE((#6494));
#6494= IFCFACEOUTERBOUND(#6495,.T.);
#6495= IFCPOLYLOOP((#6387,#6385,#6371,#6369));
#6497= IFCFACE((#6499));
#6499= IFCFACEOUTERBOUND(#6500,.T.);
#6500= IFCPOLYLOOP((#6349,#6371,#6385,#6407));
#6502= IFCFACE((#6504));
#6504= IFCFACEOUTERBOUND(#6505,.T.);
#6505= IFCPOLYLOOP((#6407,#6405,#6351,#6349));
#6507= IFCFACE((#6509));
#6509= IFCFACEOUTERBOUND(#6510,.T.);
#6510= IFCPOLYLOOP((#6319,#6317,#6435,#6433));
#6512= IFCFACE((#6514));
#6514= IFCFACEOUTERBOUND(#6515,.T.);
#6515= IFCPOLYLOOP((#6433,#6431,#6321,#6319));
#6517= IFCFACE((#6519));
#6519= IFCFACEOUTERBOUND(#6520,.T.);
#6520= IFCPOLYLOOP((#6323,#6321,#6431,#6429));
#6522= IFCFACE((#6524));
#6524= IFCFACEOUTERBOUND(#6525,.T.);
#6525= IFCPOLYLOOP((#6325,#6323,#6429,#6427));
#6527= IFCFACE((#6529));
#6529= IFCFACEOUTERBOUND(#6530,.T.);
#6530= IFCPOLYLOOP((#6327,#6325,#6427,#6425));
#6532= IFCFACE((#6534));
#6534= IFCFACEOUTERBOUND(#6535,.T.);
#6535= IFCPOLYLOOP((#6425,#6423,#6329,#6327));
#6537= IFCFACE((#6539));
#6539= IFCFACEOUTERBOUND(#6540,.T.);
#6540= IFCPOLYLOOP((#6331,#6329,#6423,#6421));
#6542= IFCFACE((#6544));
#6544= IFCFACEOUTERBOUND(#6545,.T.);
#6545= IFCPOLYLOOP((#6421,#6419,#6333,#6331));
#6547= IFCFACE((#6549));
#6549= IFCFACEOUTERBOUND(#6550,.T.);
#6550= IFCPOLYLOOP((#6419,#6417,#6335,#6333));
#6552= IFCFACE((#6554));
#6554= IFCFACEOUTERBOUND(#6555,.T.);
#6555= IFCPOLYLOOP((#6417,#6415,#6337,#6335));
#6557= IFCFACE((#6559));
#6559= IFCFACEOUTERBOUND(#6560,.T.);
#6560= IFCPOLYLOOP((#6339,#6337,#6415,#6437));
#6562= IFCFACE((#6564));
#6564= IFCFACEOUTERBOUND(#6565,.T.);
#6565= IFCPOLYLOOP((#6437,#6435,#6317,#6339));
#6567= IFCCLOSEDSHELL((#6293,#6306,#6315,#6376,#6383,#6442,#6447,#6452,#6457,#6462,#6467,#6472,#6477,#6482,#6487,#6492,#6497,#6502,#6507,#6512,#6517,#6522,#6527,#6532,#6537,#6542,#6547,#6552,#6557,#6562));
#6569= IFCFACETEDBREP(#6567);
#6570= IFCPRESENTATIONSTYLEASSIGNMENT((#6572));
#6572= IFCSURFACESTYLE($,.POSITIVE.,(#6574));
#6573= IFCCOLOURRGB($,1.,0.7490196078431373,0.);
#6574= IFCSURFACESTYLESHADING(#6573);
#6576= IFCSTYLEDITEM(#6569,(#6570),$);
#6582= IFCBUILDINGELEMENTPROXY('23ZonXkia7WG00000000U3',#41,$,$,$,#6584,#6589,$,$);
#6584= IFCLOCALPLACEMENT(#65,#6587);
#6585= IFCCARTESIANPOINT((0.,0.,0.));
#6587= IFCAXIS2PLACEMENT3D(#6585,$,$);
#6589= IFCPRODUCTDEFINITIONSHAPE($,$,(#6591));
#6591= IFCSHAPEREPRESENTATION(#1045,'Body','Brep',(#7097));
#6593= IFCFACE((#6603));
#6595= IFCCARTESIANPOINT((0.875,-0.1199999999880674,1.812500000000004));
#6597= IFCCARTESIANPOINT((0.02500000000031832,-0.1199999999880674,1.812500000000004));
#6599= IFCCARTESIANPOINT((0.02500000000031832,-0.1199999999880674,1.787500000000328));
#6601= IFCCARTESIANPOINT((0.875,-0.1199999999880674,1.787500000000328));
#6603= IFCFACEOUTERBOUND(#6604,.T.);
#6604= IFCPOLYLOOP((#6595,#6597,#6599,#6601));
#6606= IFCFACE((#6632,#6639,#6666,#6693,#6720));
#6608= IFCCARTESIANPOINT((0.7404869127319671,-0.08549238905106904,1.787499999999889));
#6610= IFCCARTESIANPOINT((0.7445076165049613,-0.08951309281837894,1.787499999999907));
#6612= IFCCARTESIANPOINT((0.75,-0.09098477254156023,1.787499999999914));
#6614= IFCCARTESIANPOINT((0.7554923834950387,-0.08951309281837894,1.787499999999907));
#6616= IFCCARTESIANPOINT((0.7595130872680329,-0.08549238905106904,1.787499999999889));
#6618= IFCCARTESIANPOINT((0.7609847669900773,-0.08000000555330189,1.787499999999865));
#6620= IFCCARTESIANPOINT((0.7595130872680329,-0.07450762205553474,1.78749999999984));
#6622= IFCCARTESIANPOINT((0.7554923834950387,-0.07048691828822484,1.787499999999822));
#6624= IFCCARTESIANPOINT((0.75,-0.06901523856504355,1.787499999999816));
#6626= IFCCARTESIANPOINT((0.7445076165049613,-0.07048691828822484,1.787499999999822));
#6628= IFCCARTESIANPOINT((0.7404869127319671,-0.07450762205553474,1.78749999999984));
#6630= IFCCARTESIANPOINT((0.7390152330099227,-0.08000000555330189,1.787499999999865));
#6632= IFCFACEBOUND(#6633,.T.);
#6633= IFCPOLYLOOP((#6608,#6610,#6612,#6614,#6616,#6618,#6620,#6622,#6624,#6626,#6628,#6630));
#6635= IFCCARTESIANPOINT((0.02500000000031832,-0.01649999998335261,1.787499999999866));
#6637= IFCCARTESIANPOINT((0.875,-0.01649999998335261,1.787499999999866));
#6639= IFCFACEOUTERBOUND(#6640,.T.);
#6640= IFCPOLYLOOP((#6599,#6635,#6637,#6601));
#6642= IFCCARTESIANPOINT((0.06548691273201257,-0.07450762205553474,1.78749999999984));
#6644= IFCCARTESIANPOINT((0.06401523300996814,-0.08000000555330189,1.787499999999865));
#6646= IFCCARTESIANPOINT((0.06548691273201257,-0.08549238905106904,1.787499999999889));
#6648= IFCCARTESIANPOINT((0.06950761650500681,-0.08951309281837894,1.787499999999907));
#6650= IFCCARTESIANPOINT((0.07500000000004547,-0.09098477254156023,1.787499999999914));
#6652= IFCCARTESIANPOINT((0.08049238349508414,-0.08951309281837894,1.787499999999907));
#6654= IFCCARTESIANPOINT((0.08451308726807838,-0.08549238905106904,1.787499999999889));
#6656= IFCCARTESIANPOINT((0.08598476699012281,-0.08000000555330189,1.787499999999865));
#6658= IFCCARTESIANPOINT((0.08451308726807838,-0.07450762205553474,1.78749999999984));
#6660= IFCCARTESIANPOINT((0.08049238349508414,-0.07048691828822484,1.787499999999822));
#6662= IFCCARTESIANPOINT((0.07500000000004547,-0.06901523856504355,1.787499999999816));
#6664= IFCCARTESIANPOINT((0.06950761650500681,-0.07048691828822484,1.787499999999822));
#6666= IFCFACEBOUND(#6667,.T.);
#6667= IFCPOLYLOOP((#6642,#6644,#6646,#6648,#6650,#6652,#6654,#6656,#6658,#6660,#6662,#6664));
#6669= IFCCARTESIANPOINT((0.1445076165052797,-0.06048691968317144,1.787499999999822));
#6671= IFCCARTESIANPOINT((0.1404869127322854,-0.06450762345048133,1.78749999999984));
#6673= IFCCARTESIANPOINT((0.139015233010241,-0.07000000694824848,1.787499999999865));
#6675= IFCCARTESIANPOINT((0.1404869127322854,-0.07549239044601563,1.787499999999889));
#6677= IFCCARTESIANPOINT((0.1445076165052797,-0.07951309421332553,1.787499999999907));
#6679= IFCCARTESIANPOINT((0.1500000000003183,-0.08098477393650683,1.787499999999914));
#6681= IFCCARTESIANPOINT((0.155492383495357,-0.07951309421332553,1.787499999999907));
#6683= IFCCARTESIANPOINT((0.1595130872683512,-0.07549239044601563,1.787499999999889));
#6685= IFCCARTESIANPOINT((0.1609847669903957,-0.07000000694824848,1.787499999999865));
#6687= IFCCARTESIANPOINT((0.1595130872683512,-0.06450762345048133,1.78749999999984));
#6689= IFCCARTESIANPOINT((0.155492383495357,-0.06048691968317144,1.787499999999822));
#6691= IFCCARTESIANPOINT((0.1500000000003183,-0.05901523995999014,1.787499999999816));
#6693= IFCFACEBOUND(#6694,.T.);
#6694= IFCPOLYLOOP((#6669,#6671,#6673,#6675,#6677,#6679,#6681,#6683,#6685,#6687,#6689,#6691));
#6696= IFCCARTESIANPOINT((0.2359847669902138,-0.07000000694824848,1.787499999999865));
#6698= IFCCARTESIANPOINT((0.2345130872681693,-0.06450762345048133,1.78749999999984));
#6700= IFCCARTESIANPOINT((0.2304923834951751,-0.06048691968317144,1.787499999999822));
#6702= IFCCARTESIANPOINT((0.2250000000001364,-0.05901523995999014,1.787499999999816));
#6704= IFCCARTESIANPOINT((0.2195076165050978,-0.06048691968317144,1.787499999999822));
#6706= IFCCARTESIANPOINT((0.2154869127321035,-0.06450762345048133,1.78749999999984));
#6708= IFCCARTESIANPOINT((0.2140152330100591,-0.07000000694824848,1.787499999999865));
#6710= IFCCARTESIANPOINT((0.2154869127321035,-0.07549239044601563,1.787499999999889));
#6712= IFCCARTESIANPOINT((0.2195076165050978,-0.07951309421332553,1.787499999999907));
#6714= IFCCARTESIANPOINT((0.2250000000001364,-0.08098477393650683,1.787499999999914));
#6716= IFCCARTESIANPOINT((0.2304923834951751,-0.07951309421332553,1.787499999999907));
#6718= IFCCARTESIANPOINT((0.2345130872681693,-0.07549239044601563,1.787499999999889));
#6720= IFCFACEBOUND(#6721,.T.);
#6721= IFCPOLYLOOP((#6696,#6698,#6700,#6702,#6704,#6706,#6708,#6710,#6712,#6714,#6716,#6718));
#6723= IFCFACE((#6749,#6776,#6783,#6810,#6837));
#6725= IFCCARTESIANPOINT((0.7404869127319671,-0.07450762205553474,1.812500000000004));
#6727= IFCCARTESIANPOINT((0.7445076165049613,-0.07048691828822484,1.812500000000004));
#6729= IFCCARTESIANPOINT((0.75,-0.06901523856504355,1.812500000000004));
#6731= IFCCARTESIANPOINT((0.7554923834950387,-0.07048691828822484,1.812500000000004));
#6733= IFCCARTESIANPOINT((0.7595130872680329,-0.07450762205553474,1.812500000000004));
#6735= IFCCARTESIANPOINT((0.7609847669900773,-0.08000000555330189,1.812500000000004));
#6737= IFCCARTESIANPOINT((0.7595130872680329,-0.08549238905106904,1.812500000000004));
#6739= IFCCARTESIANPOINT((0.7554923834950387,-0.08951309281837894,1.812500000000004));
#6741= IFCCARTESIANPOINT((0.75,-0.09098477254156023,1.812500000000004));
#6743= IFCCARTESIANPOINT((0.7445076165049613,-0.08951309281837894,1.812500000000004));
#6745= IFCCARTESIANPOINT((0.7404869127319671,-0.08549238905106904,1.812500000000004));
#6747= IFCCARTESIANPOINT((0.7390152330099227,-0.08000000555330189,1.812500000000004));
#6749= IFCFACEBOUND(#6750,.T.);
#6750= IFCPOLYLOOP((#6725,#6727,#6729,#6731,#6733,#6735,#6737,#6739,#6741,#6743,#6745,#6747));
#6752= IFCCARTESIANPOINT((0.2304923834951751,-0.07951309421332553,1.812500000000004));
#6754= IFCCARTESIANPOINT((0.2250000000001364,-0.08098477393650683,1.812500000000004));
#6756= IFCCARTESIANPOINT((0.2195076165050978,-0.07951309421332553,1.812500000000004));
#6758= IFCCARTESIANPOINT((0.2154869127321035,-0.07549239044601563,1.812500000000004));
#6760= IFCCARTESIANPOINT((0.2140152330100591,-0.07000000694824848,1.812500000000004));
#6762= IFCCARTESIANPOINT((0.2154869127321035,-0.06450762345048133,1.812500000000004));
#6764= IFCCARTESIANPOINT((0.2195076165050978,-0.06048691968317144,1.812500000000004));
#6766= IFCCARTESIANPOINT((0.2250000000001364,-0.05901523995999014,1.812500000000004));
#6768= IFCCARTESIANPOINT((0.2304923834951751,-0.06048691968317144,1.812500000000004));
#6770= IFCCARTESIANPOINT((0.2345130872681693,-0.06450762345048133,1.812500000000004));
#6772= IFCCARTESIANPOINT((0.2359847669902138,-0.07000000694824848,1.812500000000004));
#6774= IFCCARTESIANPOINT((0.2345130872681693,-0.07549239044601563,1.812500000000004));
#6776= IFCFACEBOUND(#6777,.T.);
#6777= IFCPOLYLOOP((#6752,#6754,#6756,#6758,#6760,#6762,#6764,#6766,#6768,#6770,#6772,#6774));
#6779= IFCCARTESIANPOINT((0.875,-0.01649999998335261,1.812500000000004));
#6781= IFCCARTESIANPOINT((0.02500000000031832,-0.01649999998335261,1.812500000000004));
#6783= IFCFACEOUTERBOUND(#6784,.T.);
#6784= IFCPOLYLOOP((#6779,#6781,#6597,#6595));
#6786= IFCCARTESIANPOINT((0.07500000000004547,-0.09098477254156023,1.812500000000004));
#6788= IFCCARTESIANPOINT((0.06950761650500681,-0.08951309281837894,1.812500000000004));
#6790= IFCCARTESIANPOINT((0.06548691273201257,-0.08549238905106904,1.812500000000004));
#6792= IFCCARTESIANPOINT((0.06401523300996814,-0.08000000555330189,1.812500000000004));
#6794= IFCCARTESIANPOINT((0.06548691273201257,-0.07450762205553474,1.812500000000004));
#6796= IFCCARTESIANPOINT((0.06950761650500681,-0.07048691828822484,1.812500000000004));
#6798= IFCCARTESIANPOINT((0.07500000000004547,-0.06901523856504355,1.812500000000004));
#6800= IFCCARTESIANPOINT((0.08049238349508414,-0.07048691828822484,1.812500000000004));
#6802= IFCCARTESIANPOINT((0.08451308726807838,-0.07450762205553474,1.812500000000004));
#6804= IFCCARTESIANPOINT((0.08598476699012281,-0.08000000555330189,1.812500000000004));
#6806= IFCCARTESIANPOINT((0.08451308726807838,-0.08549238905106904,1.812500000000004));
#6808= IFCCARTESIANPOINT((0.08049238349508414,-0.08951309281837894,1.812500000000004));
#6810= IFCFACEBOUND(#6811,.T.);
#6811= IFCPOLYLOOP((#6786,#6788,#6790,#6792,#6794,#6796,#6798,#6800,#6802,#6804,#6806,#6808));
#6813= IFCCARTESIANPOINT((0.1595130872683512,-0.07549239044601563,1.812500000000004));
#6815= IFCCARTESIANPOINT((0.155492383495357,-0.07951309421332553,1.812500000000004));
#6817= IFCCARTESIANPOINT((0.1500000000003183,-0.08098477393650683,1.812500000000004));
#6819= IFCCARTESIANPOINT((0.1445076165052797,-0.07951309421332553,1.812500000000004));
#6821= IFCCARTESIANPOINT((0.1404869127322854,-0.07549239044601563,1.812500000000004));
#6823= IFCCARTESIANPOINT((0.139015233010241,-0.07000000694824848,1.812500000000004));
#6825= IFCCARTESIANPOINT((0.1404869127322854,-0.06450762345048133,1.812500000000004));
#6827= IFCCARTESIANPOINT((0.1445076165052797,-0.06048691968317144,1.812500000000004));
#6829= IFCCARTESIANPOINT((0.1500000000003183,-0.05901523995999014,1.812500000000004));
#6831= IFCCARTESIANPOINT((0.155492383495357,-0.06048691968317144,1.812500000000004));
#6833= IFCCARTESIANPOINT((0.1595130872683512,-0.06450762345048133,1.812500000000004));
#6835= IFCCARTESIANPOINT((0.1609847669903957,-0.07000000694824848,1.812500000000004));
#6837= IFCFACEBOUND(#6838,.T.);
#6838= IFCPOLYLOOP((#6813,#6815,#6817,#6819,#6821,#6823,#6825,#6827,#6829,#6831,#6833,#6835));
#6840= IFCFACE((#6842));
#6842= IFCFACEOUTERBOUND(#6843,.T.);
#6843= IFCPOLYLOOP((#6781,#6779,#6637,#6635));
#6845= IFCFACE((#6847));
#6847= IFCFACEOUTERBOUND(#6848,.T.);
#6848= IFCPOLYLOOP((#6635,#6599,#6597,#6781));
#6850= IFCFACE((#6852));
#6852= IFCFACEOUTERBOUND(#6853,.T.);
#6853= IFCPOLYLOOP((#6642,#6664,#6796,#6794));
#6855= IFCFACE((#6857));
#6857= IFCFACEOUTERBOUND(#6858,.T.);
#6858= IFCPOLYLOOP((#6664,#6662,#6798,#6796));
#6860= IFCFACE((#6862));
#6862= IFCFACEOUTERBOUND(#6863,.T.);
#6863= IFCPOLYLOOP((#6662,#6660,#6800,#6798));
#6865= IFCFACE((#6867));
#6867= IFCFACEOUTERBOUND(#6868,.T.);
#6868= IFCPOLYLOOP((#6660,#6658,#6802,#6800));
#6870= IFCFACE((#6872));
#6872= IFCFACEOUTERBOUND(#6873,.T.);
#6873= IFCPOLYLOOP((#6658,#6656,#6804,#6802));
#6875= IFCFACE((#6877));
#6877= IFCFACEOUTERBOUND(#6878,.T.);
#6878= IFCPOLYLOOP((#6656,#6654,#6806,#6804));
#6880= IFCFACE((#6882));
#6882= IFCFACEOUTERBOUND(#6883,.T.);
#6883= IFCPOLYLOOP((#6654,#6652,#6808,#6806));
#6885= IFCFACE((#6887));
#6887= IFCFACEOUTERBOUND(#6888,.T.);
#6888= IFCPOLYLOOP((#6786,#6808,#6652,#6650));
#6890= IFCFACE((#6892));
#6892= IFCFACEOUTERBOUND(#6893,.T.);
#6893= IFCPOLYLOOP((#6788,#6786,#6650,#6648));
#6895= IFCFACE((#6897));
#6897= IFCFACEOUTERBOUND(#6898,.T.);
#6898= IFCPOLYLOOP((#6648,#6646,#6790,#6788));
#6900= IFCFACE((#6902));
#6902= IFCFACEOUTERBOUND(#6903,.T.);
#6903= IFCPOLYLOOP((#6646,#6644,#6792,#6790));
#6905= IFCFACE((#6907));
#6907= IFCFACEOUTERBOUND(#6908,.T.);
#6908= IFCPOLYLOOP((#6644,#6642,#6794,#6792));
#6910= IFCFACE((#6912));
#6912= IFCFACEOUTERBOUND(#6913,.T.);
#6913= IFCPOLYLOOP((#6827,#6825,#6671,#6669));
#6915= IFCFACE((#6917));
#6917= IFCFACEOUTERBOUND(#6918,.T.);
#6918= IFCPOLYLOOP((#6829,#6827,#6669,#6691));
#6920= IFCFACE((#6922));
#6922= IFCFACEOUTERBOUND(#6923,.T.);
#6923= IFCPOLYLOOP((#6691,#6689,#6831,#6829));
#6925= IFCFACE((#6927));
#6927= IFCFACEOUTERBOUND(#6928,.T.);
#6928= IFCPOLYLOOP((#6833,#6831,#6689,#6687));
#6930= IFCFACE((#6932));
#6932= IFCFACEOUTERBOUND(#6933,.T.);
#6933= IFCPOLYLOOP((#6835,#6833,#6687,#6685));
#6935= IFCFACE((#6937));
#6937= IFCFACEOUTERBOUND(#6938,.T.);
#6938= IFCPOLYLOOP((#6813,#6835,#6685,#6683));
#6940= IFCFACE((#6942));
#6942= IFCFACEOUTERBOUND(#6943,.T.);
#6943= IFCPOLYLOOP((#6815,#6813,#6683,#6681));
#6945= IFCFACE((#6947));
#6947= IFCFACEOUTERBOUND(#6948,.T.);
#6948= IFCPOLYLOOP((#6681,#6679,#6817,#6815));
#6950= IFCFACE((#6952));
#6952= IFCFACEOUTERBOUND(#6953,.T.);
#6953= IFCPOLYLOOP((#6819,#6817,#6679,#6677));
#6955= IFCFACE((#6957));
#6957= IFCFACEOUTERBOUND(#6958,.T.);
#6958= IFCPOLYLOOP((#6677,#6675,#6821,#6819));
#6960= IFCFACE((#6962));
#6962= IFCFACEOUTERBOUND(#6963,.T.);
#6963= IFCPOLYLOOP((#6823,#6821,#6675,#6673));
#6965= IFCFACE((#6967));
#6967= IFCFACEOUTERBOUND(#6968,.T.);
#6968= IFCPOLYLOOP((#6825,#6823,#6673,#6671));
#6970= IFCFACE((#6972));
#6972= IFCFACEOUTERBOUND(#6973,.T.);
#6973= IFCPOLYLOOP((#6764,#6762,#6706,#6704));
#6975= IFCFACE((#6977));
#6977= IFCFACEOUTERBOUND(#6978,.T.);
#6978= IFCPOLYLOOP((#6766,#6764,#6704,#6702));
#6980= IFCFACE((#6982));
#6982= IFCFACEOUTERBOUND(#6983,.T.);
#6983= IFCPOLYLOOP((#6768,#6766,#6702,#6700));
#6985= IFCFACE((#6987));
#6987= IFCFACEOUTERBOUND(#6988,.T.);
#6988= IFCPOLYLOOP((#6770,#6768,#6700,#6698));
#6990= IFCFACE((#6992));
#6992= IFCFACEOUTERBOUND(#6993,.T.);
#6993= IFCPOLYLOOP((#6772,#6770,#6698,#6696));
#6995= IFCFACE((#6997));
#6997= IFCFACEOUTERBOUND(#6998,.T.);
#6998= IFCPOLYLOOP((#6696,#6718,#6774,#6772));
#7000= IFCFACE((#7002));
#7002= IFCFACEOUTERBOUND(#7003,.T.);
#7003= IFCPOLYLOOP((#6752,#6774,#6718,#6716));
#7005= IFCFACE((#7007));
#7007= IFCFACEOUTERBOUND(#7008,.T.);
#7008= IFCPOLYLOOP((#6754,#6752,#6716,#6714));
#7010= IFCFACE((#7012));
#7012= IFCFACEOUTERBOUND(#7013,.T.);
#7013= IFCPOLYLOOP((#6714,#6712,#6756,#6754));
#7015= IFCFACE((#7017));
#7017= IFCFACEOUTERBOUND(#7018,.T.);
#7018= IFCPOLYLOOP((#6758,#6756,#6712,#6710));
#7020= IFCFACE((#7022));
#7022= IFCFACEOUTERBOUND(#7023,.T.);
#7023= IFCPOLYLOOP((#6710,#6708,#6760,#6758));
#7025= IFCFACE((#7027));
#7027= IFCFACEOUTERBOUND(#7028,.T.);
#7028= IFCPOLYLOOP((#6762,#6760,#6708,#6706));
#7030= IFCFACE((#7032));
#7032= IFCFACEOUTERBOUND(#7033,.T.);
#7033= IFCPOLYLOOP((#6628,#6626,#6727,#6725));
#7035= IFCFACE((#7037));
#7037= IFCFACEOUTERBOUND(#7038,.T.);
#7038= IFCPOLYLOOP((#6729,#6727,#6626,#6624));
#7040= IFCFACE((#7042));
#7042= IFCFACEOUTERBOUND(#7043,.T.);
#7043= IFCPOLYLOOP((#6731,#6729,#6624,#6622));
#7045= IFCFACE((#7047));
#7047= IFCFACEOUTERBOUND(#7048,.T.);
#7048= IFCPOLYLOOP((#6733,#6731,#6622,#6620));
#7050= IFCFACE((#7052));
#7052= IFCFACEOUTERBOUND(#7053,.T.);
#7053= IFCPOLYLOOP((#6620,#6618,#6735,#6733));
#7055= IFCFACE((#7057));
#7057= IFCFACEOUTERBOUND(#7058,.T.);
#7058= IFCPOLYLOOP((#6618,#6616,#6737,#6735));
#7060= IFCFACE((#7062));
#7062= IFCFACEOUTERBOUND(#7063,.T.);
#7063= IFCPOLYLOOP((#6739,#6737,#6616,#6614));
#7065= IFCFACE((#7067));
#7067= IFCFACEOUTERBOUND(#7068,.T.);
#7068= IFCPOLYLOOP((#6614,#6612,#6741,#6739));
#7070= IFCFACE((#7072));
#7072= IFCFACEOUTERBOUND(#7073,.T.);
#7073= IFCPOLYLOOP((#6743,#6741,#6612,#6610));
#7075= IFCFACE((#7077));
#7077= IFCFACEOUTERBOUND(#7078,.T.);
#7078= IFCPOLYLOOP((#6745,#6743,#6610,#6608));
#7080= IFCFACE((#7082));
#7082= IFCFACEOUTERBOUND(#7083,.T.);
#7083= IFCPOLYLOOP((#6608,#6630,#6747,#6745));
#7085= IFCFACE((#7087));
#7087= IFCFACEOUTERBOUND(#7088,.T.);
#7088= IFCPOLYLOOP((#6725,#6747,#6630,#6628));
#7090= IFCFACE((#7092));
#7092= IFCFACEOUTERBOUND(#7093,.T.);
#7093= IFCPOLYLOOP((#6779,#6595,#6601,#6637));
#7095= IFCCLOSEDSHELL((#6593,#6606,#6723,#6840,#6845,#6850,#6855,#6860,#6865,#6870,#6875,#6880,#6885,#6890,#6895,#6900,#6905,#6910,#6915,#6920,#6925,#6930,#6935,#6940,#6945,#6950,#6955,#6960,#6965,#6970,#6975,#6980,#6985,#6990,#6995,#7000,#7005,#7010,#7015,#7020,#7025,#7030,#7035,#7040,#7045,#7050,#7055,#7060,#7065,#7070,#7075,#7080,#7085,#7090));
#7097= IFCFACETEDBREP(#7095);
#7098= IFCPRESENTATIONSTYLEASSIGNMENT((#7100));
#7100= IFCSURFACESTYLE($,.POSITIVE.,(#7102));
#7101= IFCCOLOURRGB($,1.,0.7490196078431373,0.);
#7102= IFCSURFACESTYLESHADING(#7101);
#7104= IFCSTYLEDITEM(#7097,(#7098),$);
#7110= IFCBUILDINGELEMENTPROXY('23ZonXkia7WG00000000Un',#41,$,$,$,#7112,#7117,$,$);
#7112= IFCLOCALPLACEMENT(#65,#7115);
#7113= IFCCARTESIANPOINT((0.,0.,0.));
#7115= IFCAXIS2PLACEMENT3D(#7113,$,$);
#7117= IFCPRODUCTDEFINITIONSHAPE($,$,(#7119));
#7119= IFCSHAPEREPRESENTATION(#1045,'Body','Brep',(#7625));
#7121= IFCFACE((#7131));
#7123= IFCCARTESIANPOINT((0.875,-0.1199999999953434,2.112500000000004));
#7125= IFCCARTESIANPOINT((0.02500000000031832,-0.1199999999953434,2.112500000000004));
#7127= IFCCARTESIANPOINT((0.02500000000031832,-0.1199999999953434,2.087500000000328));
#7129= IFCCARTESIANPOINT((0.875,-0.1199999999953434,2.087500000000328));
#7131= IFCFACEOUTERBOUND(#7132,.T.);
#7132= IFCPOLYLOOP((#7123,#7125,#7127,#7129));
#7134= IFCFACE((#7160,#7167,#7194,#7221,#7248));
#7136= IFCCARTESIANPOINT((0.7404869127319671,-0.085492389058345,2.08749999999989));
#7138= IFCCARTESIANPOINT((0.7445076165049613,-0.08951309282565489,2.087499999999908));
#7140= IFCCARTESIANPOINT((0.75,-0.09098477254883619,2.087499999999915));
#7142= IFCCARTESIANPOINT((0.7554923834950387,-0.08951309282565489,2.087499999999908));
#7144= IFCCARTESIANPOINT((0.7595130872680329,-0.085492389058345,2.08749999999989));
#7146= IFCCARTESIANPOINT((0.7609847669900773,-0.08000000556057785,2.087499999999865));
#7148= IFCCARTESIANPOINT((0.7595130872680329,-0.0745076220628107,2.087499999999841));
#7150= IFCCARTESIANPOINT((0.7554923834950387,-0.0704869182955008,2.087499999999823));
#7152= IFCCARTESIANPOINT((0.75,-0.0690152385723195,2.087499999999816));
#7154= IFCCARTESIANPOINT((0.7445076165049613,-0.0704869182955008,2.087499999999823));
#7156= IFCCARTESIANPOINT((0.7404869127319671,-0.0745076220628107,2.087499999999841));
#7158= IFCCARTESIANPOINT((0.7390152330099227,-0.08000000556057785,2.087499999999865));
#7160= IFCFACEBOUND(#7161,.T.);
#7161= IFCPOLYLOOP((#7136,#7138,#7140,#7142,#7144,#7146,#7148,#7150,#7152,#7154,#7156,#7158));
#7163= IFCCARTESIANPOINT((0.02500000000031832,-0.01649999998335261,2.087499999999866));
#7165= IFCCARTESIANPOINT((0.875,-0.01649999998335261,2.087499999999866));
#7167= IFCFACEOUTERBOUND(#7168,.T.);
#7168= IFCPOLYLOOP((#7127,#7163,#7165,#7129));
#7170= IFCCARTESIANPOINT((0.2345130872681693,-0.07549239044601563,2.08749999999989));
#7172= IFCCARTESIANPOINT((0.2359847669902138,-0.07000000694824848,2.087499999999865));
#7174= IFCCARTESIANPOINT((0.2345130872681693,-0.06450762345048133,2.087499999999841));
#7176= IFCCARTESIANPOINT((0.2304923834951751,-0.06048691968317144,2.087499999999823));
#7178= IFCCARTESIANPOINT((0.2250000000001364,-0.05901523995999014,2.087499999999816));
#7180= IFCCARTESIANPOINT((0.2195076165050978,-0.06048691968317144,2.087499999999823));
#7182= IFCCARTESIANPOINT((0.2154869127321035,-0.06450762345048133,2.087499999999841));
#7184= IFCCARTESIANPOINT((0.2140152330100591,-0.07000000694824848,2.087499999999865));
#7186= IFCCARTESIANPOINT((0.2154869127321035,-0.07549239044601563,2.08749999999989));
#7188= IFCCARTESIANPOINT((0.2195076165050978,-0.07951309421332553,2.087499999999908));
#7190= IFCCARTESIANPOINT((0.2250000000001364,-0.08098477393650683,2.087499999999915));
#7192= IFCCARTESIANPOINT((0.2304923834951751,-0.07951309421332553,2.087499999999908));
#7194= IFCFACEBOUND(#7195,.T.);
#7195= IFCPOLYLOOP((#7170,#7172,#7174,#7176,#7178,#7180,#7182,#7184,#7186,#7188,#7190,#7192));
#7197= IFCCARTESIANPOINT((0.1609847669903957,-0.07000000694824848,2.087499999999865));
#7199= IFCCARTESIANPOINT((0.1595130872683512,-0.06450762345048133,2.087499999999841));
#7201= IFCCARTESIANPOINT((0.155492383495357,-0.06048691968317144,2.087499999999823));
#7203= IFCCARTESIANPOINT((0.1500000000003183,-0.05901523995999014,2.087499999999816));
#7205= IFCCARTESIANPOINT((0.1445076165052797,-0.06048691968317144,2.087499999999823));
#7207= IFCCARTESIANPOINT((0.1404869127322854,-0.06450762345048133,2.087499999999841));
#7209= IFCCARTESIANPOINT((0.139015233010241,-0.07000000694824848,2.087499999999865));
#7211= IFCCARTESIANPOINT((0.1404869127322854,-0.07549239044601563,2.08749999999989));
#7213= IFCCARTESIANPOINT((0.1445076165052797,-0.07951309421332553,2.087499999999908));
#7215= IFCCARTESIANPOINT((0.1500000000003183,-0.08098477393650683,2.087499999999915));
#7217= IFCCARTESIANPOINT((0.155492383495357,-0.07951309421332553,2.087499999999908));
#7219= IFCCARTESIANPOINT((0.1595130872683512,-0.07549239044601563,2.08749999999989));
#7221= IFCFACEBOUND(#7222,.T.);
#7222= IFCPOLYLOOP((#7197,#7199,#7201,#7203,#7205,#7207,#7209,#7211,#7213,#7215,#7217,#7219));
#7224= IFCCARTESIANPOINT((0.08451308726807838,-0.085492389058345,2.08749999999989));
#7226= IFCCARTESIANPOINT((0.08598476699012281,-0.08000000556057785,2.087499999999865));
#7228= IFCCARTESIANPOINT((0.08451308726807838,-0.0745076220628107,2.087499999999841));
#7230= IFCCARTESIANPOINT((0.08049238349508414,-0.0704869182955008,2.087499999999823));
#7232= IFCCARTESIANPOINT((0.07500000000004547,-0.0690152385723195,2.087499999999816));
#7234= IFCCARTESIANPOINT((0.06950761650500681,-0.0704869182955008,2.087499999999823));
#7236= IFCCARTESIANPOINT((0.06548691273201257,-0.0745076220628107,2.087499999999841));
#7238= IFCCARTESIANPOINT((0.06401523300996814,-0.08000000556057785,2.087499999999865));
#7240= IFCCARTESIANPOINT((0.06548691273201257,-0.085492389058345,2.08749999999989));
#7242= IFCCARTESIANPOINT((0.06950761650500681,-0.08951309282565489,2.087499999999908));
#7244= IFCCARTESIANPOINT((0.07500000000004547,-0.09098477254883619,2.087499999999915));
#7246= IFCCARTESIANPOINT((0.08049238349508414,-0.08951309282565489,2.087499999999908));
#7248= IFCFACEBOUND(#7249,.T.);
#7249= IFCPOLYLOOP((#7224,#7226,#7228,#7230,#7232,#7234,#7236,#7238,#7240,#7242,#7244,#7246));
#7251= IFCFACE((#7277,#7304,#7311,#7338,#7365));
#7253= IFCCARTESIANPOINT((0.7404869127319671,-0.0745076220628107,2.112500000000004));
#7255= IFCCARTESIANPOINT((0.7445076165049613,-0.0704869182955008,2.112500000000004));
#7257= IFCCARTESIANPOINT((0.75,-0.0690152385723195,2.112500000000004));
#7259= IFCCARTESIANPOINT((0.7554923834950387,-0.0704869182955008,2.112500000000004));
#7261= IFCCARTESIANPOINT((0.7595130872680329,-0.0745076220628107,2.112500000000004));
#7263= IFCCARTESIANPOINT((0.7609847669900773,-0.08000000556057785,2.112500000000004));
#7265= IFCCARTESIANPOINT((0.7595130872680329,-0.085492389058345,2.112500000000004));
#7267= IFCCARTESIANPOINT((0.7554923834950387,-0.08951309282565489,2.112500000000004));
#7269= IFCCARTESIANPOINT((0.75,-0.09098477254883619,2.112500000000004));
#7271= IFCCARTESIANPOINT((0.7445076165049613,-0.08951309282565489,2.112500000000004));
#7273= IFCCARTESIANPOINT((0.7404869127319671,-0.085492389058345,2.112500000000004));
#7275= IFCCARTESIANPOINT((0.7390152330099227,-0.08000000556057785,2.112500000000004));
#7277= IFCFACEBOUND(#7278,.T.);
#7278= IFCPOLYLOOP((#7253,#7255,#7257,#7259,#7261,#7263,#7265,#7267,#7269,#7271,#7273,#7275));
#7280= IFCCARTESIANPOINT((0.2304923834951751,-0.07951309421332553,2.112500000000004));
#7282= IFCCARTESIANPOINT((0.2250000000001364,-0.08098477393650683,2.112500000000004));
#7284= IFCCARTESIANPOINT((0.2195076165050978,-0.07951309421332553,2.112500000000004));
#7286= IFCCARTESIANPOINT((0.2154869127321035,-0.07549239044601563,2.112500000000004));
#7288= IFCCARTESIANPOINT((0.2140152330100591,-0.07000000694824848,2.112500000000004));
#7290= IFCCARTESIANPOINT((0.2154869127321035,-0.06450762345048133,2.112500000000004));
#7292= IFCCARTESIANPOINT((0.2195076165050978,-0.06048691968317144,2.112500000000004));
#7294= IFCCARTESIANPOINT((0.2250000000001364,-0.05901523995999014,2.112500000000004));
#7296= IFCCARTESIANPOINT((0.2304923834951751,-0.06048691968317144,2.112500000000004));
#7298= IFCCARTESIANPOINT((0.2345130872681693,-0.06450762345048133,2.112500000000004));
#7300= IFCCARTESIANPOINT((0.2359847669902138,-0.07000000694824848,2.112500000000004));
#7302= IFCCARTESIANPOINT((0.2345130872681693,-0.07549239044601563,2.112500000000004));
#7304= IFCFACEBOUND(#7305,.T.);
#7305= IFCPOLYLOOP((#7280,#7282,#7284,#7286,#7288,#7290,#7292,#7294,#7296,#7298,#7300,#7302));
#7307= IFCCARTESIANPOINT((0.875,-0.01649999998335261,2.112500000000004));
#7309= IFCCARTESIANPOINT((0.02500000000031832,-0.01649999998335261,2.112500000000004));
#7311= IFCFACEOUTERBOUND(#7312,.T.);
#7312= IFCPOLYLOOP((#7307,#7309,#7125,#7123));
#7314= IFCCARTESIANPOINT((0.1609847669903957,-0.07000000694824848,2.112500000000004));
#7316= IFCCARTESIANPOINT((0.1595130872683512,-0.07549239044601563,2.112500000000004));
#7318= IFCCARTESIANPOINT((0.155492383495357,-0.07951309421332553,2.112500000000004));
#7320= IFCCARTESIANPOINT((0.1500000000003183,-0.08098477393650683,2.112500000000004));
#7322= IFCCARTESIANPOINT((0.1445076165052797,-0.07951309421332553,2.112500000000004));
#7324= IFCCARTESIANPOINT((0.1404869127322854,-0.07549239044601563,2.112500000000004));
#7326= IFCCARTESIANPOINT((0.139015233010241,-0.07000000694824848,2.112500000000004));
#7328= IFCCARTESIANPOINT((0.1404869127322854,-0.06450762345048133,2.112500000000004));
#7330= IFCCARTESIANPOINT((0.1445076165052797,-0.06048691968317144,2.112500000000004));
#7332= IFCCARTESIANPOINT((0.1500000000003183,-0.05901523995999014,2.112500000000004));
#7334= IFCCARTESIANPOINT((0.155492383495357,-0.06048691968317144,2.112500000000004));
#7336= IFCCARTESIANPOINT((0.1595130872683512,-0.06450762345048133,2.112500000000004));
#7338= IFCFACEBOUND(#7339,.T.);
#7339= IFCPOLYLOOP((#7314,#7316,#7318,#7320,#7322,#7324,#7326,#7328,#7330,#7332,#7334,#7336));
#7341= IFCCARTESIANPOINT((0.07500000000004547,-0.09098477254883619,2.112500000000004));
#7343= IFCCARTESIANPOINT((0.06950761650500681,-0.08951309282565489,2.112500000000004));
#7345= IFCCARTESIANPOINT((0.06548691273201257,-0.085492389058345,2.112500000000004));
#7347= IFCCARTESIANPOINT((0.06401523300996814,-0.08000000556057785,2.112500000000004));
#7349= IFCCARTESIANPOINT((0.06548691273201257,-0.0745076220628107,2.112500000000004));
#7351= IFCCARTESIANPOINT((0.06950761650500681,-0.0704869182955008,2.112500000000004));
#7353= IFCCARTESIANPOINT((0.07500000000004547,-0.0690152385723195,2.112500000000004));
#7355= IFCCARTESIANPOINT((0.08049238349508414,-0.0704869182955008,2.112500000000004));
#7357= IFCCARTESIANPOINT((0.08451308726807838,-0.0745076220628107,2.112500000000004));
#7359= IFCCARTESIANPOINT((0.08598476699012281,-0.08000000556057785,2.112500000000004));
#7361= IFCCARTESIANPOINT((0.08451308726807838,-0.085492389058345,2.112500000000004));
#7363= IFCCARTESIANPOINT((0.08049238349508414,-0.08951309282565489,2.112500000000004));
#7365= IFCFACEBOUND(#7366,.T.);
#7366= IFCPOLYLOOP((#7341,#7343,#7345,#7347,#7349,#7351,#7353,#7355,#7357,#7359,#7361,#7363));
#7368= IFCFACE((#7370));
#7370= IFCFACEOUTERBOUND(#7371,.T.);
#7371= IFCPOLYLOOP((#7165,#7163,#7309,#7307));
#7373= IFCFACE((#7375));
#7375= IFCFACEOUTERBOUND(#7376,.T.);
#7376= IFCPOLYLOOP((#7125,#7309,#7163,#7127));
#7378= IFCFACE((#7380));
#7380= IFCFACEOUTERBOUND(#7381,.T.);
#7381= IFCPOLYLOOP((#7351,#7349,#7236,#7234));
#7383= IFCFACE((#7385));
#7385= IFCFACEOUTERBOUND(#7386,.T.);
#7386= IFCPOLYLOOP((#7353,#7351,#7234,#7232));
#7388= IFCFACE((#7390));
#7390= IFCFACEOUTERBOUND(#7391,.T.);
#7391= IFCPOLYLOOP((#7232,#7230,#7355,#7353));
#7393= IFCFACE((#7395));
#7395= IFCFACEOUTERBOUND(#7396,.T.);
#7396= IFCPOLYLOOP((#7230,#7228,#7357,#7355));
#7398= IFCFACE((#7400));
#7400= IFCFACEOUTERBOUND(#7401,.T.);
#7401= IFCPOLYLOOP((#7359,#7357,#7228,#7226));
#7403= IFCFACE((#7405));
#7405= IFCFACEOUTERBOUND(#7406,.T.);
#7406= IFCPOLYLOOP((#7361,#7359,#7226,#7224));
#7408= IFCFACE((#7410));
#7410= IFCFACEOUTERBOUND(#7411,.T.);
#7411= IFCPOLYLOOP((#7224,#7246,#7363,#7361));
#7413= IFCFACE((#7415));
#7415= IFCFACEOUTERBOUND(#7416,.T.);
#7416= IFCPOLYLOOP((#7341,#7363,#7246,#7244));
#7418= IFCFACE((#7420));
#7420= IFCFACEOUTERBOUND(#7421,.T.);
#7421= IFCPOLYLOOP((#7244,#7242,#7343,#7341));
#7423= IFCFACE((#7425));
#7425= IFCFACEOUTERBOUND(#7426,.T.);
#7426= IFCPOLYLOOP((#7345,#7343,#7242,#7240));
#7428= IFCFACE((#7430));
#7430= IFCFACEOUTERBOUND(#7431,.T.);
#7431= IFCPOLYLOOP((#7347,#7345,#7240,#7238));
#7433= IFCFACE((#7435));
#7435= IFCFACEOUTERBOUND(#7436,.T.);
#7436= IFCPOLYLOOP((#7238,#7236,#7349,#7347));
#7438= IFCFACE((#7440));
#7440= IFCFACEOUTERBOUND(#7441,.T.);
#7441= IFCPOLYLOOP((#7330,#7328,#7207,#7205));
#7443= IFCFACE((#7445));
#7445= IFCFACEOUTERBOUND(#7446,.T.);
#7446= IFCPOLYLOOP((#7205,#7203,#7332,#7330));
#7448= IFCFACE((#7450));
#7450= IFCFACEOUTERBOUND(#7451,.T.);
#7451= IFCPOLYLOOP((#7334,#7332,#7203,#7201));
#7453= IFCFACE((#7455));
#7455= IFCFACEOUTERBOUND(#7456,.T.);
#7456= IFCPOLYLOOP((#7201,#7199,#7336,#7334));
#7458= IFCFACE((#7460));
#7460= IFCFACEOUTERBOUND(#7461,.T.);
#7461= IFCPOLYLOOP((#7314,#7336,#7199,#7197));
#7463= IFCFACE((#7465));
#7465= IFCFACEOUTERBOUND(#7466,.T.);
#7466= IFCPOLYLOOP((#7197,#7219,#7316,#7314));
#7468= IFCFACE((#7470));
#7470= IFCFACEOUTERBOUND(#7471,.T.);
#7471= IFCPOLYLOOP((#7219,#7217,#7318,#7316));
#7473= IFCFACE((#7475));
#7475= IFCFACEOUTERBOUND(#7476,.T.);
#7476= IFCPOLYLOOP((#7217,#7215,#7320,#7318));
#7478= IFCFACE((#7480));
#7480= IFCFACEOUTERBOUND(#7481,.T.);
#7481= IFCPOLYLOOP((#7322,#7320,#7215,#7213));
#7483= IFCFACE((#7485));
#7485= IFCFACEOUTERBOUND(#7486,.T.);
#7486= IFCPOLYLOOP((#7213,#7211,#7324,#7322));
#7488= IFCFACE((#7490));
#7490= IFCFACEOUTERBOUND(#7491,.T.);
#7491= IFCPOLYLOOP((#7326,#7324,#7211,#7209));
#7493= IFCFACE((#7495));
#7495= IFCFACEOUTERBOUND(#7496,.T.);
#7496= IFCPOLYLOOP((#7328,#7326,#7209,#7207));
#7498= IFCFACE((#7500));
#7500= IFCFACEOUTERBOUND(#7501,.T.);
#7501= IFCPOLYLOOP((#7292,#7290,#7182,#7180));
#7503= IFCFACE((#7505));
#7505= IFCFACEOUTERBOUND(#7506,.T.);
#7506= IFCPOLYLOOP((#7294,#7292,#7180,#7178));
#7508= IFCFACE((#7510));
#7510= IFCFACEOUTERBOUND(#7511,.T.);
#7511= IFCPOLYLOOP((#7296,#7294,#7178,#7176));
#7513= IFCFACE((#7515));
#7515= IFCFACEOUTERBOUND(#7516,.T.);
#7516= IFCPOLYLOOP((#7298,#7296,#7176,#7174));
#7518= IFCFACE((#7520));
#7520= IFCFACEOUTERBOUND(#7521,.T.);
#7521= IFCPOLYLOOP((#7300,#7298,#7174,#7172));
#7523= IFCFACE((#7525));
#7525= IFCFACEOUTERBOUND(#7526,.T.);
#7526= IFCPOLYLOOP((#7302,#7300,#7172,#7170));
#7528= IFCFACE((#7530));
#7530= IFCFACEOUTERBOUND(#7531,.T.);
#7531= IFCPOLYLOOP((#7170,#7192,#7280,#7302));
#7533= IFCFACE((#7535));
#7535= IFCFACEOUTERBOUND(#7536,.T.);
#7536= IFCPOLYLOOP((#7282,#7280,#7192,#7190));
#7538= IFCFACE((#7540));
#7540= IFCFACEOUTERBOUND(#7541,.T.);
#7541= IFCPOLYLOOP((#7190,#7188,#7284,#7282));
#7543= IFCFACE((#7545));
#7545= IFCFACEOUTERBOUND(#7546,.T.);
#7546= IFCPOLYLOOP((#7286,#7284,#7188,#7186));
#7548= IFCFACE((#7550));
#7550= IFCFACEOUTERBOUND(#7551,.T.);
#7551= IFCPOLYLOOP((#7288,#7286,#7186,#7184));
#7553= IFCFACE((#7555));
#7555= IFCFACEOUTERBOUND(#7556,.T.);
#7556= IFCPOLYLOOP((#7290,#7288,#7184,#7182));
#7558= IFCFACE((#7560));
#7560= IFCFACEOUTERBOUND(#7561,.T.);
#7561= IFCPOLYLOOP((#7156,#7154,#7255,#7253));
#7563= IFCFACE((#7565));
#7565= IFCFACEOUTERBOUND(#7566,.T.);
#7566= IFCPOLYLOOP((#7257,#7255,#7154,#7152));
#7568= IFCFACE((#7570));
#7570= IFCFACEOUTERBOUND(#7571,.T.);
#7571= IFCPOLYLOOP((#7259,#7257,#7152,#7150));
#7573= IFCFACE((#7575));
#7575= IFCFACEOUTERBOUND(#7576,.T.);
#7576= IFCPOLYLOOP((#7150,#7148,#7261,#7259));
#7578= IFCFACE((#7580));
#7580= IFCFACEOUTERBOUND(#7581,.T.);
#7581= IFCPOLYLOOP((#7263,#7261,#7148,#7146));
#7583= IFCFACE((#7585));
#7585= IFCFACEOUTERBOUND(#7586,.T.);
#7586= IFCPOLYLOOP((#7265,#7263,#7146,#7144));
#7588= IFCFACE((#7590));
#7590= IFCFACEOUTERBOUND(#7591,.T.);
#7591= IFCPOLYLOOP((#7267,#7265,#7144,#7142));
#7593= IFCFACE((#7595));
#7595= IFCFACEOUTERBOUND(#7596,.T.);
#7596= IFCPOLYLOOP((#7269,#7267,#7142,#7140));
#7598= IFCFACE((#7600));
#7600= IFCFACEOUTERBOUND(#7601,.T.);
#7601= IFCPOLYLOOP((#7271,#7269,#7140,#7138));
#7603= IFCFACE((#7605));
#7605= IFCFACEOUTERBOUND(#7606,.T.);
#7606= IFCPOLYLOOP((#7273,#7271,#7138,#7136));
#7608= IFCFACE((#7610));
#7610= IFCFACEOUTERBOUND(#7611,.T.);
#7611= IFCPOLYLOOP((#7275,#7273,#7136,#7158));
#7613= IFCFACE((#7615));
#7615= IFCFACEOUTERBOUND(#7616,.T.);
#7616= IFCPOLYLOOP((#7253,#7275,#7158,#7156));
#7618= IFCFACE((#7620));
#7620= IFCFACEOUTERBOUND(#7621,.T.);
#7621= IFCPOLYLOOP((#7129,#7165,#7307,#7123));
#7623= IFCCLOSEDSHELL((#7121,#7134,#7251,#7368,#7373,#7378,#7383,#7388,#7393,#7398,#7403,#7408,#7413,#7418,#7423,#7428,#7433,#7438,#7443,#7448,#7453,#7458,#7463,#7468,#7473,#7478,#7483,#7488,#7493,#7498,#7503,#7508,#7513,#7518,#7523,#7528,#7533,#7538,#7543,#7548,#7553,#7558,#7563,#7568,#7573,#7578,#7583,#7588,#7593,#7598,#7603,#7608,#7613,#7618));
#7625= IFCFACETEDBREP(#7623);
#7626= IFCPRESENTATIONSTYLEASSIGNMENT((#7628));
#7628= IFCSURFACESTYLE($,.POSITIVE.,(#7630));
#7629= IFCCOLOURRGB($,1.,0.7490196078431373,0.);
#7630= IFCSURFACESTYLESHADING(#7629);
#7632= IFCSTYLEDITEM(#7625,(#7626),$);
#7638= IFCBUILDINGELEMENTPROXY('23ZonXkia7WG00000000VV',#41,$,$,$,#7640,#7645,$,$);
#7640= IFCLOCALPLACEMENT(#65,#7643);
#7641= IFCCARTESIANPOINT((0.,0.,0.));
#7643= IFCAXIS2PLACEMENT3D(#7641,$,$);
#7645= IFCPRODUCTDEFINITIONSHAPE($,$,(#7647));
#7647= IFCSHAPEREPRESENTATION(#1045,'Body','Brep',(#8153));
#7649= IFCFACE((#7659));
#7651= IFCCARTESIANPOINT((0.875,-0.1199999999880674,2.412500000000004));
#7653= IFCCARTESIANPOINT((0.02500000000031832,-0.1199999999880674,2.412500000000004));
#7655= IFCCARTESIANPOINT((0.02500000000031832,-0.1199999999880674,2.387500000000327));
#7657= IFCCARTESIANPOINT((0.875,-0.1199999999880674,2.387500000000327));
#7659= IFCFACEOUTERBOUND(#7660,.T.);
#7660= IFCPOLYLOOP((#7651,#7653,#7655,#7657));
#7662= IFCFACE((#7688,#7695,#7722,#7749,#7776));
#7664= IFCCARTESIANPOINT((0.7404869127319671,-0.07450762205553474,2.387499999999842));
#7666= IFCCARTESIANPOINT((0.7390152330099227,-0.08000000555330189,2.387499999999866));
#7668= IFCCARTESIANPOINT((0.7404869127319671,-0.08549238905106904,2.38749999999989));
#7670= IFCCARTESIANPOINT((0.7445076165049613,-0.08951309281837894,2.387499999999909));
#7672= IFCCARTESIANPOINT((0.75,-0.09098477254156023,2.387499999999915));
#7674= IFCCARTESIANPOINT((0.7554923834950387,-0.08951309281837894,2.387499999999909));
#7676= IFCCARTESIANPOINT((0.7595130872680329,-0.08549238905106904,2.38749999999989));
#7678= IFCCARTESIANPOINT((0.7609847669900773,-0.08000000555330189,2.387499999999866));
#7680= IFCCARTESIANPOINT((0.7595130872680329,-0.07450762205553474,2.387499999999842));
#7682= IFCCARTESIANPOINT((0.7554923834950387,-0.07048691828822484,2.387499999999823));
#7684= IFCCARTESIANPOINT((0.75,-0.06901523856504355,2.387499999999817));
#7686= IFCCARTESIANPOINT((0.7445076165049613,-0.07048691828822484,2.387499999999823));
#7688= IFCFACEBOUND(#7689,.T.);
#7689= IFCPOLYLOOP((#7664,#7666,#7668,#7670,#7672,#7674,#7676,#7678,#7680,#7682,#7684,#7686));
#7691= IFCCARTESIANPOINT((0.02500000000031832,-0.01649999998335261,2.387499999999866));
#7693= IFCCARTESIANPOINT((0.875,-0.01649999998335261,2.387499999999866));
#7695= IFCFACEOUTERBOUND(#7696,.T.);
#7696= IFCPOLYLOOP((#7655,#7691,#7693,#7657));
#7698= IFCCARTESIANPOINT((0.2345130872681693,-0.06450762345048133,2.387499999999842));
#7700= IFCCARTESIANPOINT((0.2304923834951751,-0.06048691968317144,2.387499999999823));
#7702= IFCCARTESIANPOINT((0.2250000000001364,-0.05901523995999014,2.387499999999817));
#7704= IFCCARTESIANPOINT((0.2195076165050978,-0.06048691968317144,2.387499999999823));
#7706= IFCCARTESIANPOINT((0.2154869127321035,-0.06450762345048133,2.387499999999842));
#7708= IFCCARTESIANPOINT((0.2140152330100591,-0.07000000694824848,2.387499999999866));
#7710= IFCCARTESIANPOINT((0.2154869127321035,-0.07549239044601563,2.38749999999989));
#7712= IFCCARTESIANPOINT((0.2195076165050978,-0.07951309421332553,2.387499999999909));
#7714= IFCCARTESIANPOINT((0.2250000000001364,-0.08098477393650683,2.387499999999915));
#7716= IFCCARTESIANPOINT((0.2304923834951751,-0.07951309421332553,2.387499999999909));
#7718= IFCCARTESIANPOINT((0.2345130872681693,-0.07549239044601563,2.38749999999989));
#7720= IFCCARTESIANPOINT((0.2359847669902138,-0.07000000694824848,2.387499999999866));
#7722= IFCFACEBOUND(#7723,.T.);
#7723= IFCPOLYLOOP((#7698,#7700,#7702,#7704,#7706,#7708,#7710,#7712,#7714,#7716,#7718,#7720));
#7725= IFCCARTESIANPOINT((0.1595130872683512,-0.06450762345048133,2.387499999999842));
#7727= IFCCARTESIANPOINT((0.155492383495357,-0.06048691968317144,2.387499999999823));
#7729= IFCCARTESIANPOINT((0.1500000000003183,-0.05901523995999014,2.387499999999817));
#7731= IFCCARTESIANPOINT((0.1445076165052797,-0.06048691968317144,2.387499999999823));
#7733= IFCCARTESIANPOINT((0.1404869127322854,-0.06450762345048133,2.387499999999842));
#7735= IFCCARTESIANPOINT((0.139015233010241,-0.07000000694824848,2.387499999999866));
#7737= IFCCARTESIANPOINT((0.1404869127322854,-0.07549239044601563,2.38749999999989));
#7739= IFCCARTESIANPOINT((0.1445076165052797,-0.07951309421332553,2.387499999999909));
#7741= IFCCARTESIANPOINT((0.1500000000003183,-0.08098477393650683,2.387499999999915));
#7743= IFCCARTESIANPOINT((0.155492383495357,-0.07951309421332553,2.387499999999909));
#7745= IFCCARTESIANPOINT((0.1595130872683512,-0.07549239044601563,2.38749999999989));
#7747= IFCCARTESIANPOINT((0.1609847669903957,-0.07000000694824848,2.387499999999866));
#7749= IFCFACEBOUND(#7750,.T.);
#7750= IFCPOLYLOOP((#7725,#7727,#7729,#7731,#7733,#7735,#7737,#7739,#7741,#7743,#7745,#7747));
#7752= IFCCARTESIANPOINT((0.08451308726807838,-0.08549238905106904,2.38749999999989));
#7754= IFCCARTESIANPOINT((0.08598476699012281,-0.08000000555330189,2.387499999999866));
#7756= IFCCARTESIANPOINT((0.08451308726807838,-0.07450762205553474,2.387499999999842));
#7758= IFCCARTESIANPOINT((0.08049238349508414,-0.07048691828822484,2.387499999999823));
#7760= IFCCARTESIANPOINT((0.07500000000004547,-0.06901523856504355,2.387499999999817));
#7762= IFCCARTESIANPOINT((0.06950761650500681,-0.07048691828822484,2.387499999999823));
#7764= IFCCARTESIANPOINT((0.06548691273201257,-0.07450762205553474,2.387499999999842));
#7766= IFCCARTESIANPOINT((0.06401523300996814,-0.08000000555330189,2.387499999999866));
#7768= IFCCARTESIANPOINT((0.06548691273201257,-0.08549238905106904,2.38749999999989));
#7770= IFCCARTESIANPOINT((0.06950761650500681,-0.08951309281837894,2.387499999999909));
#7772= IFCCARTESIANPOINT((0.07500000000004547,-0.09098477254156023,2.387499999999915));
#7774= IFCCARTESIANPOINT((0.08049238349508414,-0.08951309281837894,2.387499999999909));
#7776= IFCFACEBOUND(#7777,.T.);
#7777= IFCPOLYLOOP((#7752,#7754,#7756,#7758,#7760,#7762,#7764,#7766,#7768,#7770,#7772,#7774));
#7779= IFCFACE((#7805,#7832,#7839,#7866,#7893));
#7781= IFCCARTESIANPOINT((0.7390152330099227,-0.08000000555330189,2.412500000000003));
#7783= IFCCARTESIANPOINT((0.7404869127319671,-0.07450762205553474,2.412500000000003));
#7785= IFCCARTESIANPOINT((0.7445076165049613,-0.07048691828822484,2.412500000000003));
#7787= IFCCARTESIANPOINT((0.75,-0.06901523856504355,2.412500000000003));
#7789= IFCCARTESIANPOINT((0.7554923834950387,-0.07048691828822484,2.412500000000003));
#7791= IFCCARTESIANPOINT((0.7595130872680329,-0.07450762205553474,2.412500000000003));
#7793= IFCCARTESIANPOINT((0.7609847669900773,-0.08000000555330189,2.412500000000003));
#7795= IFCCARTESIANPOINT((0.7595130872680329,-0.08549238905106904,2.412500000000003));
#7797= IFCCARTESIANPOINT((0.7554923834950387,-0.08951309281837894,2.412500000000003));
#7799= IFCCARTESIANPOINT((0.75,-0.09098477254156023,2.412500000000003));
#7801= IFCCARTESIANPOINT((0.7445076165049613,-0.08951309281837894,2.412500000000003));
#7803= IFCCARTESIANPOINT((0.7404869127319671,-0.08549238905106904,2.412500000000003));
#7805= IFCFACEBOUND(#7806,.T.);
#7806= IFCPOLYLOOP((#7781,#7783,#7785,#7787,#7789,#7791,#7793,#7795,#7797,#7799,#7801,#7803));
#7808= IFCCARTESIANPOINT((0.2250000000001364,-0.08098477393650683,2.412500000000003));
#7810= IFCCARTESIANPOINT((0.2195076165050978,-0.07951309421332553,2.412500000000003));
#7812= IFCCARTESIANPOINT((0.2154869127321035,-0.07549239044601563,2.412500000000003));
#7814= IFCCARTESIANPOINT((0.2140152330100591,-0.07000000694824848,2.412500000000003));
#7816= IFCCARTESIANPOINT((0.2154869127321035,-0.06450762345048133,2.412500000000003));
#7818= IFCCARTESIANPOINT((0.2195076165050978,-0.06048691968317144,2.412500000000003));
#7820= IFCCARTESIANPOINT((0.2250000000001364,-0.05901523995999014,2.412500000000003));
#7822= IFCCARTESIANPOINT((0.2304923834951751,-0.06048691968317144,2.412500000000003));
#7824= IFCCARTESIANPOINT((0.2345130872681693,-0.06450762345048133,2.412500000000003));
#7826= IFCCARTESIANPOINT((0.2359847669902138,-0.07000000694824848,2.412500000000003));
#7828= IFCCARTESIANPOINT((0.2345130872681693,-0.07549239044601563,2.412500000000003));
#7830= IFCCARTESIANPOINT((0.2304923834951751,-0.07951309421332553,2.412500000000003));
#7832= IFCFACEBOUND(#7833,.T.);
#7833= IFCPOLYLOOP((#7808,#7810,#7812,#7814,#7816,#7818,#7820,#7822,#7824,#7826,#7828,#7830));
#7835= IFCCARTESIANPOINT((0.02500000000031832,-0.01649999998335261,2.412500000000004));
#7837= IFCCARTESIANPOINT((0.875,-0.01649999998335261,2.412500000000004));
#7839= IFCFACEOUTERBOUND(#7840,.T.);
#7840= IFCPOLYLOOP((#7835,#7653,#7651,#7837));
#7842= IFCCARTESIANPOINT((0.1609847669903957,-0.07000000694824848,2.412500000000003));
#7844= IFCCARTESIANPOINT((0.1595130872683512,-0.07549239044601563,2.412500000000003));
#7846= IFCCARTESIANPOINT((0.155492383495357,-0.07951309421332553,2.412500000000003));
#7848= IFCCARTESIANPOINT((0.1500000000003183,-0.08098477393650683,2.412500000000003));
#7850= IFCCARTESIANPOINT((0.1445076165052797,-0.07951309421332553,2.412500000000003));
#7852= IFCCARTESIANPOINT((0.1404869127322854,-0.07549239044601563,2.412500000000003));
#7854= IFCCARTESIANPOINT((0.139015233010241,-0.07000000694824848,2.412500000000003));
#7856= IFCCARTESIANPOINT((0.1404869127322854,-0.06450762345048133,2.412500000000003));
#7858= IFCCARTESIANPOINT((0.1445076165052797,-0.06048691968317144,2.412500000000003));
#7860= IFCCARTESIANPOINT((0.1500000000003183,-0.05901523995999014,2.412500000000003));
#7862= IFCCARTESIANPOINT((0.155492383495357,-0.06048691968317144,2.412500000000003));
#7864= IFCCARTESIANPOINT((0.1595130872683512,-0.06450762345048133,2.412500000000003));
#7866= IFCFACEBOUND(#7867,.T.);
#7867= IFCPOLYLOOP((#7842,#7844,#7846,#7848,#7850,#7852,#7854,#7856,#7858,#7860,#7862,#7864));
#7869= IFCCARTESIANPOINT((0.08049238349508414,-0.08951309281837894,2.412500000000003));
#7871= IFCCARTESIANPOINT((0.07500000000004547,-0.09098477254156023,2.412500000000003));
#7873= IFCCARTESIANPOINT((0.06950761650500681,-0.08951309281837894,2.412500000000003));
#7875= IFCCARTESIANPOINT((0.06548691273201257,-0.08549238905106904,2.412500000000003));
#7877= IFCCARTESIANPOINT((0.06401523300996814,-0.08000000555330189,2.412500000000003));
#7879= IFCCARTESIANPOINT((0.06548691273201257,-0.07450762205553474,2.412500000000003));
#7881= IFCCARTESIANPOINT((0.06950761650500681,-0.07048691828822484,2.412500000000003));
#7883= IFCCARTESIANPOINT((0.07500000000004547,-0.06901523856504355,2.412500000000003));
#7885= IFCCARTESIANPOINT((0.08049238349508414,-0.07048691828822484,2.412500000000003));
#7887= IFCCARTESIANPOINT((0.08451308726807838,-0.07450762205553474,2.412500000000003));
#7889= IFCCARTESIANPOINT((0.08598476699012281,-0.08000000555330189,2.412500000000003));
#7891= IFCCARTESIANPOINT((0.08451308726807838,-0.08549238905106904,2.412500000000003));
#7893= IFCFACEBOUND(#7894,.T.);
#7894= IFCPOLYLOOP((#7869,#7871,#7873,#7875,#7877,#7879,#7881,#7883,#7885,#7887,#7889,#7891));
#7896= IFCFACE((#7898));
#7898= IFCFACEOUTERBOUND(#7899,.T.);
#7899= IFCPOLYLOOP((#7835,#7837,#7693,#7691));
#7901= IFCFACE((#7903));
#7903= IFCFACEOUTERBOUND(#7904,.T.);
#7904= IFCPOLYLOOP((#7653,#7835,#7691,#7655));
#7906= IFCFACE((#7908));
#7908= IFCFACEOUTERBOUND(#7909,.T.);
#7909= IFCPOLYLOOP((#7881,#7879,#7764,#7762));
#7911= IFCFACE((#7913));
#7913= IFCFACEOUTERBOUND(#7914,.T.);
#7914= IFCPOLYLOOP((#7883,#7881,#7762,#7760));
#7916= IFCFACE((#7918));
#7918= IFCFACEOUTERBOUND(#7919,.T.);
#7919= IFCPOLYLOOP((#7885,#7883,#7760,#7758));
#7921= IFCFACE((#7923));
#7923= IFCFACEOUTERBOUND(#7924,.T.);
#7924= IFCPOLYLOOP((#7758,#7756,#7887,#7885));
#7926= IFCFACE((#7928));
#7928= IFCFACEOUTERBOUND(#7929,.T.);
#7929= IFCPOLYLOOP((#7889,#7887,#7756,#7754));
#7931= IFCFACE((#7933));
#7933= IFCFACEOUTERBOUND(#7934,.T.);
#7934= IFCPOLYLOOP((#7891,#7889,#7754,#7752));
#7936= IFCFACE((#7938));
#7938= IFCFACEOUTERBOUND(#7939,.T.);
#7939= IFCPOLYLOOP((#7869,#7891,#7752,#7774));
#7941= IFCFACE((#7943));
#7943= IFCFACEOUTERBOUND(#7944,.T.);
#7944= IFCPOLYLOOP((#7774,#7772,#7871,#7869));
#7946= IFCFACE((#7948));
#7948= IFCFACEOUTERBOUND(#7949,.T.);
#7949= IFCPOLYLOOP((#7873,#7871,#7772,#7770));
#7951= IFCFACE((#7953));
#7953= IFCFACEOUTERBOUND(#7954,.T.);
#7954= IFCPOLYLOOP((#7875,#7873,#7770,#7768));
#7956= IFCFACE((#7958));
#7958= IFCFACEOUTERBOUND(#7959,.T.);
#7959= IFCPOLYLOOP((#7877,#7875,#7768,#7766));
#7961= IFCFACE((#7963));
#7963= IFCFACEOUTERBOUND(#7964,.T.);
#7964= IFCPOLYLOOP((#7879,#7877,#7766,#7764));
#7966= IFCFACE((#7968));
#7968= IFCFACEOUTERBOUND(#7969,.T.);
#7969= IFCPOLYLOOP((#7858,#7856,#7733,#7731));
#7971= IFCFACE((#7973));
#7973= IFCFACEOUTERBOUND(#7974,.T.);
#7974= IFCPOLYLOOP((#7731,#7729,#7860,#7858));
#7976= IFCFACE((#7978));
#7978= IFCFACEOUTERBOUND(#7979,.T.);
#7979= IFCPOLYLOOP((#7862,#7860,#7729,#7727));
#7981= IFCFACE((#7983));
#7983= IFCFACEOUTERBOUND(#7984,.T.);
#7984= IFCPOLYLOOP((#7727,#7725,#7864,#7862));
#7986= IFCFACE((#7988));
#7988= IFCFACEOUTERBOUND(#7989,.T.);
#7989= IFCPOLYLOOP((#7842,#7864,#7725,#7747));
#7991= IFCFACE((#7993));
#7993= IFCFACEOUTERBOUND(#7994,.T.);
#7994= IFCPOLYLOOP((#7747,#7745,#7844,#7842));
#7996= IFCFACE((#7998));
#7998= IFCFACEOUTERBOUND(#7999,.T.);
#7999= IFCPOLYLOOP((#7846,#7844,#7745,#7743));
#8001= IFCFACE((#8003));
#8003= IFCFACEOUTERBOUND(#8004,.T.);
#8004= IFCPOLYLOOP((#7743,#7741,#7848,#7846));
#8006= IFCFACE((#8008));
#8008= IFCFACEOUTERBOUND(#8009,.T.);
#8009= IFCPOLYLOOP((#7850,#7848,#7741,#7739));
#8011= IFCFACE((#8013));
#8013= IFCFACEOUTERBOUND(#8014,.T.);
#8014= IFCPOLYLOOP((#7739,#7737,#7852,#7850));
#8016= IFCFACE((#8018));
#8018= IFCFACEOUTERBOUND(#8019,.T.);
#8019= IFCPOLYLOOP((#7854,#7852,#7737,#7735));
#8021= IFCFACE((#8023));
#8023= IFCFACEOUTERBOUND(#8024,.T.);
#8024= IFCPOLYLOOP((#7735,#7733,#7856,#7854));
#8026= IFCFACE((#8028));
#8028= IFCFACEOUTERBOUND(#8029,.T.);
#8029= IFCPOLYLOOP((#7706,#7704,#7818,#7816));
#8031= IFCFACE((#8033));
#8033= IFCFACEOUTERBOUND(#8034,.T.);
#8034= IFCPOLYLOOP((#7704,#7702,#7820,#7818));
#8036= IFCFACE((#8038));
#8038= IFCFACEOUTERBOUND(#8039,.T.);
#8039= IFCPOLYLOOP((#7822,#7820,#7702,#7700));
#8041= IFCFACE((#8043));
#8043= IFCFACEOUTERBOUND(#8044,.T.);
#8044= IFCPOLYLOOP((#7700,#7698,#7824,#7822));
#8046= IFCFACE((#8048));
#8048= IFCFACEOUTERBOUND(#8049,.T.);
#8049= IFCPOLYLOOP((#7826,#7824,#7698,#7720));
#8051= IFCFACE((#8053));
#8053= IFCFACEOUTERBOUND(#8054,.T.);
#8054= IFCPOLYLOOP((#7828,#7826,#7720,#7718));
#8056= IFCFACE((#8058));
#8058= IFCFACEOUTERBOUND(#8059,.T.);
#8059= IFCPOLYLOOP((#7718,#7716,#7830,#7828));
#8061= IFCFACE((#8063));
#8063= IFCFACEOUTERBOUND(#8064,.T.);
#8064= IFCPOLYLOOP((#7716,#7714,#7808,#7830));
#8066= IFCFACE((#8068));
#8068= IFCFACEOUTERBOUND(#8069,.T.);
#8069= IFCPOLYLOOP((#7810,#7808,#7714,#7712));
#8071= IFCFACE((#8073));
#8073= IFCFACEOUTERBOUND(#8074,.T.);
#8074= IFCPOLYLOOP((#7712,#7710,#7812,#7810));
#8076= IFCFACE((#8078));
#8078= IFCFACEOUTERBOUND(#8079,.T.);
#8079= IFCPOLYLOOP((#7814,#7812,#7710,#7708));
#8081= IFCFACE((#8083));
#8083= IFCFACEOUTERBOUND(#8084,.T.);
#8084= IFCPOLYLOOP((#7708,#7706,#7816,#7814));
#8086= IFCFACE((#8088));
#8088= IFCFACEOUTERBOUND(#8089,.T.);
#8089= IFCPOLYLOOP((#7664,#7686,#7785,#7783));
#8091= IFCFACE((#8093));
#8093= IFCFACEOUTERBOUND(#8094,.T.);
#8094= IFCPOLYLOOP((#7686,#7684,#7787,#7785));
#8096= IFCFACE((#8098));
#8098= IFCFACEOUTERBOUND(#8099,.T.);
#8099= IFCPOLYLOOP((#7789,#7787,#7684,#7682));
#8101= IFCFACE((#8103));
#8103= IFCFACEOUTERBOUND(#8104,.T.);
#8104= IFCPOLYLOOP((#7682,#7680,#7791,#7789));
#8106= IFCFACE((#8108));
#8108= IFCFACEOUTERBOUND(#8109,.T.);
#8109= IFCPOLYLOOP((#7793,#7791,#7680,#7678));
#8111= IFCFACE((#8113));
#8113= IFCFACEOUTERBOUND(#8114,.T.);
#8114= IFCPOLYLOOP((#7795,#7793,#7678,#7676));
#8116= IFCFACE((#8118));
#8118= IFCFACEOUTERBOUND(#8119,.T.);
#8119= IFCPOLYLOOP((#7797,#7795,#7676,#7674));
#8121= IFCFACE((#8123));
#8123= IFCFACEOUTERBOUND(#8124,.T.);
#8124= IFCPOLYLOOP((#7799,#7797,#7674,#7672));
#8126= IFCFACE((#8128));
#8128= IFCFACEOUTERBOUND(#8129,.T.);
#8129= IFCPOLYLOOP((#7801,#7799,#7672,#7670));
#8131= IFCFACE((#8133));
#8133= IFCFACEOUTERBOUND(#8134,.T.);
#8134= IFCPOLYLOOP((#7670,#7668,#7803,#7801));
#8136= IFCFACE((#8138));
#8138= IFCFACEOUTERBOUND(#8139,.T.);
#8139= IFCPOLYLOOP((#7781,#7803,#7668,#7666));
#8141= IFCFACE((#8143));
#8143= IFCFACEOUTERBOUND(#8144,.T.);
#8144= IFCPOLYLOOP((#7666,#7664,#7783,#7781));
#8146= IFCFACE((#8148));
#8148= IFCFACEOUTERBOUND(#8149,.T.);
#8149= IFCPOLYLOOP((#7657,#7693,#7837,#7651));
#8151= IFCCLOSEDSHELL((#7649,#7662,#7779,#7896,#7901,#7906,#7911,#7916,#7921,#7926,#7931,#7936,#7941,#7946,#7951,#7956,#7961,#7966,#7971,#7976,#7981,#7986,#7991,#7996,#8001,#8006,#8011,#8016,#8021,#8026,#8031,#8036,#8041,#8046,#8051,#8056,#8061,#8066,#8071,#8076,#8081,#8086,#8091,#8096,#8101,#8106,#8111,#8116,#8121,#8126,#8131,#8136,#8141,#8146));
#8153= IFCFACETEDBREP(#8151);
#8154= IFCPRESENTATIONSTYLEASSIGNMENT((#8156));
#8156= IFCSURFACESTYLE($,.POSITIVE.,(#8158));
#8157= IFCCOLOURRGB($,1.,0.7490196078431373,0.);
#8158= IFCSURFACESTYLESHADING(#8157);
#8160= IFCSTYLEDITEM(#8153,(#8154),$);
#8166= IFCBUILDINGELEMENTPROXY('23ZonXkia7WG00000000WD',#41,$,$,$,#8168,#8173,$,$);
#8168= IFCLOCALPLACEMENT(#65,#8171);
#8169= IFCCARTESIANPOINT((0.,0.,0.));
#8171= IFCAXIS2PLACEMENT3D(#8169,$,$);
#8173= IFCPRODUCTDEFINITIONSHAPE($,$,(#8175));
#8175= IFCSHAPEREPRESENTATION(#1045,'Body','Brep',(#8681));
#8177= IFCFACE((#8187));
#8179= IFCCARTESIANPOINT((0.02500000000031832,-0.1199999999880674,0.2875000000003278));
#8181= IFCCARTESIANPOINT((0.875,-0.1199999999880674,0.2875000000003278));
#8183= IFCCARTESIANPOINT((0.875,-0.1199999999880674,0.3125000000000036));
#8185= IFCCARTESIANPOINT((0.02500000000031832,-0.1199999999880674,0.3125000000000036));
#8187= IFCFACEOUTERBOUND(#8188,.T.);
#8188= IFCPOLYLOOP((#8179,#8181,#8183,#8185));
#8190= IFCFACE((#8216,#8243,#8270,#8297,#8304));
#8192= IFCCARTESIANPOINT((0.2345130872681693,-0.06450762345048133,0.2874999999998401));
#8194= IFCCARTESIANPOINT((0.2304923834951751,-0.06048691968317144,0.2874999999998221));
#8196= IFCCARTESIANPOINT((0.2250000000001364,-0.05901523995999014,0.2874999999998156));
#8198= IFCCARTESIANPOINT((0.2195076165050978,-0.06048691968317144,0.2874999999998221));
#8200= IFCCARTESIANPOINT((0.2154869127321035,-0.06450762345048133,0.2874999999998401));
#8202= IFCCARTESIANPOINT((0.2140152330100591,-0.07000000694824848,0.2874999999998646));
#8204= IFCCARTESIANPOINT((0.2154869127321035,-0.07549239044601563,0.2874999999998892));
#8206= IFCCARTESIANPOINT((0.2195076165050978,-0.07951309421332553,0.2874999999999072));
#8208= IFCCARTESIANPOINT((0.2250000000001364,-0.08098477393650683,0.2874999999999137));
#8210= IFCCARTESIANPOINT((0.2304923834951751,-0.07951309421332553,0.2874999999999072));
#8212= IFCCARTESIANPOINT((0.2345130872681693,-0.07549239044601563,0.2874999999998892));
#8214= IFCCARTESIANPOINT((0.2359847669902138,-0.07000000694824848,0.2874999999998646));
#8216= IFCFACEBOUND(#8217,.T.);
#8217= IFCPOLYLOOP((#8192,#8194,#8196,#8198,#8200,#8202,#8204,#8206,#8208,#8210,#8212,#8214));
#8219= IFCCARTESIANPOINT((0.1595130872683512,-0.06450762345048133,0.2874999999998401));
#8221= IFCCARTESIANPOINT((0.155492383495357,-0.06048691968317144,0.2874999999998221));
#8223= IFCCARTESIANPOINT((0.1500000000003183,-0.05901523995999014,0.2874999999998156));
#8225= IFCCARTESIANPOINT((0.1445076165052797,-0.06048691968317144,0.2874999999998221));
#8227= IFCCARTESIANPOINT((0.1404869127322854,-0.06450762345048133,0.2874999999998401));
#8229= IFCCARTESIANPOINT((0.139015233010241,-0.07000000694824848,0.2874999999998646));
#8231= IFCCARTESIANPOINT((0.1404869127322854,-0.07549239044601563,0.2874999999998892));
#8233= IFCCARTESIANPOINT((0.1445076165052797,-0.07951309421332553,0.2874999999999072));
#8235= IFCCARTESIANPOINT((0.1500000000003183,-0.08098477393650683,0.2874999999999137));
#8237= IFCCARTESIANPOINT((0.155492383495357,-0.07951309421332553,0.2874999999999072));
#8239= IFCCARTESIANPOINT((0.1595130872683512,-0.07549239044601563,0.2874999999998892));
#8241= IFCCARTESIANPOINT((0.1609847669903957,-0.07000000694824848,0.2874999999998646));
#8243= IFCFACEBOUND(#8244,.T.);
#8244= IFCPOLYLOOP((#8219,#8221,#8223,#8225,#8227,#8229,#8231,#8233,#8235,#8237,#8239,#8241));
#8246= IFCCARTESIANPOINT((0.06950761650500681,-0.07048691828822484,0.2874999999998221));
#8248= IFCCARTESIANPOINT((0.06548691273201257,-0.07450762205553474,0.2874999999998401));
#8250= IFCCARTESIANPOINT((0.06401523300996814,-0.08000000555330189,0.2874999999998646));
#8252= IFCCARTESIANPOINT((0.06548691273201257,-0.08549238905106904,0.2874999999998892));
#8254= IFCCARTESIANPOINT((0.06950761650500681,-0.08951309281837894,0.2874999999999072));
#8256= IFCCARTESIANPOINT((0.07500000000004547,-0.09098477254156023,0.2874999999999137));
#8258= IFCCARTESIANPOINT((0.08049238349508414,-0.08951309281837894,0.2874999999999072));
#8260= IFCCARTESIANPOINT((0.08451308726807838,-0.08549238905106904,0.2874999999998892));
#8262= IFCCARTESIANPOINT((0.08598476699012281,-0.08000000555330189,0.2874999999998646));
#8264= IFCCARTESIANPOINT((0.08451308726807838,-0.07450762205553474,0.2874999999998401));
#8266= IFCCARTESIANPOINT((0.08049238349508414,-0.07048691828822484,0.2874999999998221));
#8268= IFCCARTESIANPOINT((0.07500000000004547,-0.06901523856504355,0.2874999999998156));
#8270= IFCFACEBOUND(#8271,.T.);
#8271= IFCPOLYLOOP((#8246,#8248,#8250,#8252,#8254,#8256,#8258,#8260,#8262,#8264,#8266,#8268));
#8273= IFCCARTESIANPOINT((0.7445076165049613,-0.08951309281837894,0.2874999999999072));
#8275= IFCCARTESIANPOINT((0.75,-0.09098477254156023,0.2874999999999137));
#8277= IFCCARTESIANPOINT((0.7554923834950387,-0.08951309281837894,0.2874999999999072));
#8279= IFCCARTESIANPOINT((0.7595130872680329,-0.08549238905106904,0.2874999999998892));
#8281= IFCCARTESIANPOINT((0.7609847669900773,-0.08000000555330189,0.2874999999998646));
#8283= IFCCARTESIANPOINT((0.7595130872680329,-0.07450762205553474,0.2874999999998401));
#8285= IFCCARTESIANPOINT((0.7554923834950387,-0.07048691828822484,0.2874999999998221));
#8287= IFCCARTESIANPOINT((0.75,-0.06901523856504355,0.2874999999998156));
#8289= IFCCARTESIANPOINT((0.7445076165049613,-0.07048691828822484,0.2874999999998221));
#8291= IFCCARTESIANPOINT((0.7404869127319671,-0.07450762205553474,0.2874999999998401));
#8293= IFCCARTESIANPOINT((0.7390152330099227,-0.08000000555330189,0.2874999999998646));
#8295= IFCCARTESIANPOINT((0.7404869127319671,-0.08549238905106904,0.2874999999998892));
#8297= IFCFACEBOUND(#8298,.T.);
#8298= IFCPOLYLOOP((#8273,#8275,#8277,#8279,#8281,#8283,#8285,#8287,#8289,#8291,#8293,#8295));
#8300= IFCCARTESIANPOINT((0.02500000000031832,-0.01649999998335261,0.2874999999998653));
#8302= IFCCARTESIANPOINT((0.875,-0.01649999998335261,0.2874999999998653));
#8304= IFCFACEOUTERBOUND(#8305,.T.);
#8305= IFCPOLYLOOP((#8179,#8300,#8302,#8181));
#8307= IFCFACE((#8333,#8360,#8367,#8394,#8421));
#8309= IFCCARTESIANPOINT((0.7404869127319671,-0.07450762205553474,0.3125000000000036));
#8311= IFCCARTESIANPOINT((0.7445076165049613,-0.07048691828822484,0.3125000000000036));
#8313= IFCCARTESIANPOINT((0.75,-0.06901523856504355,0.3125000000000036));
#8315= IFCCARTESIANPOINT((0.7554923834950387,-0.07048691828822484,0.3125000000000036));
#8317= IFCCARTESIANPOINT((0.7595130872680329,-0.07450762205553474,0.3125000000000036));
#8319= IFCCARTESIANPOINT((0.7609847669900773,-0.08000000555330189,0.3125000000000036));
#8321= IFCCARTESIANPOINT((0.7595130872680329,-0.08549238905106904,0.3125000000000036));
#8323= IFCCARTESIANPOINT((0.7554923834950387,-0.08951309281837894,0.3125000000000036));
#8325= IFCCARTESIANPOINT((0.75,-0.09098477254156023,0.3125000000000036));
#8327= IFCCARTESIANPOINT((0.7445076165049613,-0.08951309281837894,0.3125000000000036));
#8329= IFCCARTESIANPOINT((0.7404869127319671,-0.08549238905106904,0.3125000000000036));
#8331= IFCCARTESIANPOINT((0.7390152330099227,-0.08000000555330189,0.3125000000000036));
#8333= IFCFACEBOUND(#8334,.T.);
#8334= IFCPOLYLOOP((#8309,#8311,#8313,#8315,#8317,#8319,#8321,#8323,#8325,#8327,#8329,#8331));
#8336= IFCCARTESIANPOINT((0.2304923834951751,-0.07951309421332553,0.3125000000000036));
#8338= IFCCARTESIANPOINT((0.2250000000001364,-0.08098477393650683,0.3125000000000036));
#8340= IFCCARTESIANPOINT((0.2195076165050978,-0.07951309421332553,0.3125000000000036));
#8342= IFCCARTESIANPOINT((0.2154869127321035,-0.07549239044601563,0.3125000000000036));
#8344= IFCCARTESIANPOINT((0.2140152330100591,-0.07000000694824848,0.3125000000000036));
#8346= IFCCARTESIANPOINT((0.2154869127321035,-0.06450762345048133,0.3125000000000036));
#8348= IFCCARTESIANPOINT((0.2195076165050978,-0.06048691968317144,0.3125000000000036));
#8350= IFCCARTESIANPOINT((0.2250000000001364,-0.05901523995999014,0.3125000000000036));
#8352= IFCCARTESIANPOINT((0.2304923834951751,-0.06048691968317144,0.3125000000000036));
#8354= IFCCARTESIANPOINT((0.2345130872681693,-0.06450762345048133,0.3125000000000036));
#8356= IFCCARTESIANPOINT((0.2359847669902138,-0.07000000694824848,0.3125000000000036));
#8358= IFCCARTESIANPOINT((0.2345130872681693,-0.07549239044601563,0.3125000000000036));
#8360= IFCFACEBOUND(#8361,.T.);
#8361= IFCPOLYLOOP((#8336,#8338,#8340,#8342,#8344,#8346,#8348,#8350,#8352,#8354,#8356,#8358));
#8363= IFCCARTESIANPOINT((0.875,-0.01649999998335261,0.3125000000000036));
#8365= IFCCARTESIANPOINT((0.02500000000031832,-0.01649999998335261,0.3125000000000036));
#8367= IFCFACEOUTERBOUND(#8368,.T.);
#8368= IFCPOLYLOOP((#8363,#8365,#8185,#8183));
#8370= IFCCARTESIANPOINT((0.1609847669903957,-0.07000000694824848,0.3125000000000036));
#8372= IFCCARTESIANPOINT((0.1595130872683512,-0.07549239044601563,0.3125000000000036));
#8374= IFCCARTESIANPOINT((0.155492383495357,-0.07951309421332553,0.3125000000000036));
#8376= IFCCARTESIANPOINT((0.1500000000003183,-0.08098477393650683,0.3125000000000036));
#8378= IFCCARTESIANPOINT((0.1445076165052797,-0.07951309421332553,0.3125000000000036));
#8380= IFCCARTESIANPOINT((0.1404869127322854,-0.07549239044601563,0.3125000000000036));
#8382= IFCCARTESIANPOINT((0.139015233010241,-0.07000000694824848,0.3125000000000036));
#8384= IFCCARTESIANPOINT((0.1404869127322854,-0.06450762345048133,0.3125000000000036));
#8386= IFCCARTESIANPOINT((0.1445076165052797,-0.06048691968317144,0.3125000000000036));
#8388= IFCCARTESIANPOINT((0.1500000000003183,-0.05901523995999014,0.3125000000000036));
#8390= IFCCARTESIANPOINT((0.155492383495357,-0.06048691968317144,0.3125000000000036));
#8392= IFCCARTESIANPOINT((0.1595130872683512,-0.06450762345048133,0.3125000000000036));
#8394= IFCFACEBOUND(#8395,.T.);
#8395= IFCPOLYLOOP((#8370,#8372,#8374,#8376,#8378,#8380,#8382,#8384,#8386,#8388,#8390,#8392));
#8397= IFCCARTESIANPOINT((0.08451308726807838,-0.08549238905106904,0.3125000000000036));
#8399= IFCCARTESIANPOINT((0.08049238349508414,-0.08951309281837894,0.3125000000000036));
#8401= IFCCARTESIANPOINT((0.07500000000004547,-0.09098477254156023,0.3125000000000036));
#8403= IFCCARTESIANPOINT((0.06950761650500681,-0.08951309281837894,0.3125000000000036));
#8405= IFCCARTESIANPOINT((0.06548691273201257,-0.08549238905106904,0.3125000000000036));
#8407= IFCCARTESIANPOINT((0.06401523300996814,-0.08000000555330189,0.3125000000000036));
#8409= IFCCARTESIANPOINT((0.06548691273201257,-0.07450762205553474,0.3125000000000036));
#8411= IFCCARTESIANPOINT((0.06950761650500681,-0.07048691828822484,0.3125000000000036));
#8413= IFCCARTESIANPOINT((0.07500000000004547,-0.06901523856504355,0.3125000000000036));
#8415= IFCCARTESIANPOINT((0.08049238349508414,-0.07048691828822484,0.3125000000000036));
#8417= IFCCARTESIANPOINT((0.08451308726807838,-0.07450762205553474,0.3125000000000036));
#8419= IFCCARTESIANPOINT((0.08598476699012281,-0.08000000555330189,0.3125000000000036));
#8421= IFCFACEBOUND(#8422,.T.);
#8422= IFCPOLYLOOP((#8397,#8399,#8401,#8403,#8405,#8407,#8409,#8411,#8413,#8415,#8417,#8419));
#8424= IFCFACE((#8426));
#8426= IFCFACEOUTERBOUND(#8427,.T.);
#8427= IFCPOLYLOOP((#8365,#8363,#8302,#8300));
#8429= IFCFACE((#8431));
#8431= IFCFACEOUTERBOUND(#8432,.T.);
#8432= IFCPOLYLOOP((#8300,#8179,#8185,#8365));
#8434= IFCFACE((#8436));
#8436= IFCFACEOUTERBOUND(#8437,.T.);
#8437= IFCPOLYLOOP((#8411,#8409,#8248,#8246));
#8439= IFCFACE((#8441));
#8441= IFCFACEOUTERBOUND(#8442,.T.);
#8442= IFCPOLYLOOP((#8246,#8268,#8413,#8411));
#8444= IFCFACE((#8446));
#8446= IFCFACEOUTERBOUND(#8447,.T.);
#8447= IFCPOLYLOOP((#8415,#8413,#8268,#8266));
#8449= IFCFACE((#8451));
#8451= IFCFACEOUTERBOUND(#8452,.T.);
#8452= IFCPOLYLOOP((#8266,#8264,#8417,#8415));
#8454= IFCFACE((#8456));
#8456= IFCFACEOUTERBOUND(#8457,.T.);
#8457= IFCPOLYLOOP((#8419,#8417,#8264,#8262));
#8459= IFCFACE((#8461));
#8461= IFCFACEOUTERBOUND(#8462,.T.);
#8462= IFCPOLYLOOP((#8262,#8260,#8397,#8419));
#8464= IFCFACE((#8466));
#8466= IFCFACEOUTERBOUND(#8467,.T.);
#8467= IFCPOLYLOOP((#8399,#8397,#8260,#8258));
#8469= IFCFACE((#8471));
#8471= IFCFACEOUTERBOUND(#8472,.T.);
#8472= IFCPOLYLOOP((#8401,#8399,#8258,#8256));
#8474= IFCFACE((#8476));
#8476= IFCFACEOUTERBOUND(#8477,.T.);
#8477= IFCPOLYLOOP((#8403,#8401,#8256,#8254));
#8479= IFCFACE((#8481));
#8481= IFCFACEOUTERBOUND(#8482,.T.);
#8482= IFCPOLYLOOP((#8405,#8403,#8254,#8252));
#8484= IFCFACE((#8486));
#8486= IFCFACEOUTERBOUND(#8487,.T.);
#8487= IFCPOLYLOOP((#8252,#8250,#8407,#8405));
#8489= IFCFACE((#8491));
#8491= IFCFACEOUTERBOUND(#8492,.T.);
#8492= IFCPOLYLOOP((#8409,#8407,#8250,#8248));
#8494= IFCFACE((#8496));
#8496= IFCFACEOUTERBOUND(#8497,.T.);
#8497= IFCPOLYLOOP((#8227,#8225,#8386,#8384));
#8499= IFCFACE((#8501));
#8501= IFCFACEOUTERBOUND(#8502,.T.);
#8502= IFCPOLYLOOP((#8388,#8386,#8225,#8223));
#8504= IFCFACE((#8506));
#8506= IFCFACEOUTERBOUND(#8507,.T.);
#8507= IFCPOLYLOOP((#8390,#8388,#8223,#8221));
#8509= IFCFACE((#8511));
#8511= IFCFACEOUTERBOUND(#8512,.T.);
#8512= IFCPOLYLOOP((#8392,#8390,#8221,#8219));
#8514= IFCFACE((#8516));
#8516= IFCFACEOUTERBOUND(#8517,.T.);
#8517= IFCPOLYLOOP((#8219,#8241,#8370,#8392));
#8519= IFCFACE((#8521));
#8521= IFCFACEOUTERBOUND(#8522,.T.);
#8522= IFCPOLYLOOP((#8372,#8370,#8241,#8239));
#8524= IFCFACE((#8526));
#8526= IFCFACEOUTERBOUND(#8527,.T.);
#8527= IFCPOLYLOOP((#8374,#8372,#8239,#8237));
#8529= IFCFACE((#8531));
#8531= IFCFACEOUTERBOUND(#8532,.T.);
#8532= IFCPOLYLOOP((#8376,#8374,#8237,#8235));
#8534= IFCFACE((#8536));
#8536= IFCFACEOUTERBOUND(#8537,.T.);
#8537= IFCPOLYLOOP((#8378,#8376,#8235,#8233));
#8539= IFCFACE((#8541));
#8541= IFCFACEOUTERBOUND(#8542,.T.);
#8542= IFCPOLYLOOP((#8380,#8378,#8233,#8231));
#8544= IFCFACE((#8546));
#8546= IFCFACEOUTERBOUND(#8547,.T.);
#8547= IFCPOLYLOOP((#8382,#8380,#8231,#8229));
#8549= IFCFACE((#8551));
#8551= IFCFACEOUTERBOUND(#8552,.T.);
#8552= IFCPOLYLOOP((#8384,#8382,#8229,#8227));
#8554= IFCFACE((#8556));
#8556= IFCFACEOUTERBOUND(#8557,.T.);
#8557= IFCPOLYLOOP((#8200,#8198,#8348,#8346));
#8559= IFCFACE((#8561));
#8561= IFCFACEOUTERBOUND(#8562,.T.);
#8562= IFCPOLYLOOP((#8198,#8196,#8350,#8348));
#8564= IFCFACE((#8566));
#8566= IFCFACEOUTERBOUND(#8567,.T.);
#8567= IFCPOLYLOOP((#8196,#8194,#8352,#8350));
#8569= IFCFACE((#8571));
#8571= IFCFACEOUTERBOUND(#8572,.T.);
#8572= IFCPOLYLOOP((#8354,#8352,#8194,#8192));
#8574= IFCFACE((#8576));
#8576= IFCFACEOUTERBOUND(#8577,.T.);
#8577= IFCPOLYLOOP((#8356,#8354,#8192,#8214));
#8579= IFCFACE((#8581));
#8581= IFCFACEOUTERBOUND(#8582,.T.);
#8582= IFCPOLYLOOP((#8214,#8212,#8358,#8356));
#8584= IFCFACE((#8586));
#8586= IFCFACEOUTERBOUND(#8587,.T.);
#8587= IFCPOLYLOOP((#8336,#8358,#8212,#8210));
#8589= IFCFACE((#8591));
#8591= IFCFACEOUTERBOUND(#8592,.T.);
#8592= IFCPOLYLOOP((#8210,#8208,#8338,#8336));
#8594= IFCFACE((#8596));
#8596= IFCFACEOUTERBOUND(#8597,.T.);
#8597= IFCPOLYLOOP((#8208,#8206,#8340,#8338));
#8599= IFCFACE((#8601));
#8601= IFCFACEOUTERBOUND(#8602,.T.);
#8602= IFCPOLYLOOP((#8342,#8340,#8206,#8204));
#8604= IFCFACE((#8606));
#8606= IFCFACEOUTERBOUND(#8607,.T.);
#8607= IFCPOLYLOOP((#8204,#8202,#8344,#8342));
#8609= IFCFACE((#8611));
#8611= IFCFACEOUTERBOUND(#8612,.T.);
#8612= IFCPOLYLOOP((#8346,#8344,#8202,#8200));
#8614= IFCFACE((#8616));
#8616= IFCFACEOUTERBOUND(#8617,.T.);
#8617= IFCPOLYLOOP((#8291,#8289,#8311,#8309));
#8619= IFCFACE((#8621));
#8621= IFCFACEOUTERBOUND(#8622,.T.);
#8622= IFCPOLYLOOP((#8313,#8311,#8289,#8287));
#8624= IFCFACE((#8626));
#8626= IFCFACEOUTERBOUND(#8627,.T.);
#8627= IFCPOLYLOOP((#8315,#8313,#8287,#8285));
#8629= IFCFACE((#8631));
#8631= IFCFACEOUTERBOUND(#8632,.T.);
#8632= IFCPOLYLOOP((#8317,#8315,#8285,#8283));
#8634= IFCFACE((#8636));
#8636= IFCFACEOUTERBOUND(#8637,.T.);
#8637= IFCPOLYLOOP((#8319,#8317,#8283,#8281));
#8639= IFCFACE((#8641));
#8641= IFCFACEOUTERBOUND(#8642,.T.);
#8642= IFCPOLYLOOP((#8321,#8319,#8281,#8279));
#8644= IFCFACE((#8646));
#8646= IFCFACEOUTERBOUND(#8647,.T.);
#8647= IFCPOLYLOOP((#8323,#8321,#8279,#8277));
#8649= IFCFACE((#8651));
#8651= IFCFACEOUTERBOUND(#8652,.T.);
#8652= IFCPOLYLOOP((#8277,#8275,#8325,#8323));
#8654= IFCFACE((#8656));
#8656= IFCFACEOUTERBOUND(#8657,.T.);
#8657= IFCPOLYLOOP((#8327,#8325,#8275,#8273));
#8659= IFCFACE((#8661));
#8661= IFCFACEOUTERBOUND(#8662,.T.);
#8662= IFCPOLYLOOP((#8273,#8295,#8329,#8327));
#8664= IFCFACE((#8666));
#8666= IFCFACEOUTERBOUND(#8667,.T.);
#8667= IFCPOLYLOOP((#8295,#8293,#8331,#8329));
#8669= IFCFACE((#8671));
#8671= IFCFACEOUTERBOUND(#8672,.T.);
#8672= IFCPOLYLOOP((#8309,#8331,#8293,#8291));
#8674= IFCFACE((#8676));
#8676= IFCFACEOUTERBOUND(#8677,.T.);
#8677= IFCPOLYLOOP((#8181,#8302,#8363,#8183));
#8679= IFCCLOSEDSHELL((#8177,#8190,#8307,#8424,#8429,#8434,#8439,#8444,#8449,#8454,#8459,#8464,#8469,#8474,#8479,#8484,#8489,#8494,#8499,#8504,#8509,#8514,#8519,#8524,#8529,#8534,#8539,#8544,#8549,#8554,#8559,#8564,#8569,#8574,#8579,#8584,#8589,#8594,#8599,#8604,#8609,#8614,#8619,#8624,#8629,#8634,#8639,#8644,#8649,#8654,#8659,#8664,#8669,#8674));
#8681= IFCFACETEDBREP(#8679);
#8682= IFCPRESENTATIONSTYLEASSIGNMENT((#8684));
#8684= IFCSURFACESTYLE($,.POSITIVE.,(#8686));
#8685= IFCCOLOURRGB($,1.,0.7490196078431373,0.);
#8686= IFCSURFACESTYLESHADING(#8685);
#8688= IFCSTYLEDITEM(#8681,(#8682),$);
#8694= IFCBUILDINGELEMENTPROXY('23ZonXkia7WG00000000Wx',#41,$,$,$,#8696,#8701,$,$);
#8696= IFCLOCALPLACEMENT(#65,#8699);
#8697= IFCCARTESIANPOINT((0.,0.,0.));
#8699= IFCAXIS2PLACEMENT3D(#8697,$,$);
#8701= IFCPRODUCTDEFINITIONSHAPE($,$,(#8703));
#8703= IFCSHAPEREPRESENTATION(#1045,'Body','Brep',(#9209));
#8705= IFCFACE((#8715));
#8707= IFCCARTESIANPOINT((0.02500000000031832,-0.1199999999880674,0.5875000000003278));
#8709= IFCCARTESIANPOINT((0.875,-0.1199999999880674,0.5875000000003278));
#8711= IFCCARTESIANPOINT((0.875,-0.1199999999880674,0.6125000000000036));
#8713= IFCCARTESIANPOINT((0.02500000000031832,-0.1199999999880674,0.6125000000000036));
#8715= IFCFACEOUTERBOUND(#8716,.T.);
#8716= IFCPOLYLOOP((#8707,#8709,#8711,#8713));
#8718= IFCFACE((#8744,#8751,#8778,#8805,#8832));
#8720= IFCCARTESIANPOINT((0.7404869127319671,-0.08549238905106904,0.5874999999998899));
#8722= IFCCARTESIANPOINT((0.7445076165049613,-0.08951309281837894,0.5874999999999079));
#8724= IFCCARTESIANPOINT((0.75,-0.09098477254156023,0.5874999999999144));
#8726= IFCCARTESIANPOINT((0.7554923834950387,-0.08951309281837894,0.5874999999999079));
#8728= IFCCARTESIANPOINT((0.7595130872680329,-0.08549238905106904,0.5874999999998899));
#8730= IFCCARTESIANPOINT((0.7609847669900773,-0.08000000555330189,0.5874999999998654));
#8732= IFCCARTESIANPOINT((0.7595130872680329,-0.07450762205553474,0.5874999999998408));
#8734= IFCCARTESIANPOINT((0.7554923834950387,-0.07048691828822484,0.5874999999998228));
#8736= IFCCARTESIANPOINT((0.75,-0.06901523856504355,0.5874999999998163));
#8738= IFCCARTESIANPOINT((0.7445076165049613,-0.07048691828822484,0.5874999999998228));
#8740= IFCCARTESIANPOINT((0.7404869127319671,-0.07450762205553474,0.5874999999998408));
#8742= IFCCARTESIANPOINT((0.7390152330099227,-0.08000000555330189,0.5874999999998654));
#8744= IFCFACEBOUND(#8745,.T.);
#8745= IFCPOLYLOOP((#8720,#8722,#8724,#8726,#8728,#8730,#8732,#8734,#8736,#8738,#8740,#8742));
#8747= IFCCARTESIANPOINT((0.02500000000031832,-0.01649999998335261,0.5874999999998654));
#8749= IFCCARTESIANPOINT((0.875,-0.01649999998335261,0.5874999999998654));
#8751= IFCFACEOUTERBOUND(#8752,.T.);
#8752= IFCPOLYLOOP((#8707,#8747,#8749,#8709));
#8754= IFCCARTESIANPOINT((0.06548691273201257,-0.07450762205553474,0.5874999999998408));
#8756= IFCCARTESIANPOINT((0.06401523300996814,-0.08000000555330189,0.5874999999998654));
#8758= IFCCARTESIANPOINT((0.06548691273201257,-0.08549238905106904,0.5874999999998899));
#8760= IFCCARTESIANPOINT((0.06950761650500681,-0.08951309281837894,0.5874999999999079));
#8762= IFCCARTESIANPOINT((0.07500000000004547,-0.09098477254156023,0.5874999999999144));
#8764= IFCCARTESIANPOINT((0.08049238349508414,-0.08951309281837894,0.5874999999999079));
#8766= IFCCARTESIANPOINT((0.08451308726807838,-0.08549238905106904,0.5874999999998899));
#8768= IFCCARTESIANPOINT((0.08598476699012281,-0.08000000555330189,0.5874999999998654));
#8770= IFCCARTESIANPOINT((0.08451308726807838,-0.07450762205553474,0.5874999999998408));
#8772= IFCCARTESIANPOINT((0.08049238349508414,-0.07048691828822484,0.5874999999998228));
#8774= IFCCARTESIANPOINT((0.07500000000004547,-0.06901523856504355,0.5874999999998163));
#8776= IFCCARTESIANPOINT((0.06950761650500681,-0.07048691828822484,0.5874999999998228));
#8778= IFCFACEBOUND(#8779,.T.);
#8779= IFCPOLYLOOP((#8754,#8756,#8758,#8760,#8762,#8764,#8766,#8768,#8770,#8772,#8774,#8776));
#8781= IFCCARTESIANPOINT((0.1445076165052797,-0.06048691968317144,0.5874999999998228));
#8783= IFCCARTESIANPOINT((0.1404869127322854,-0.06450762345048133,0.5874999999998408));
#8785= IFCCARTESIANPOINT((0.139015233010241,-0.07000000694824848,0.5874999999998654));
#8787= IFCCARTESIANPOINT((0.1404869127322854,-0.07549239044601563,0.5874999999998899));
#8789= IFCCARTESIANPOINT((0.1445076165052797,-0.07951309421332553,0.5874999999999079));
#8791= IFCCARTESIANPOINT((0.1500000000003183,-0.08098477393650683,0.5874999999999144));
#8793= IFCCARTESIANPOINT((0.155492383495357,-0.07951309421332553,0.5874999999999079));
#8795= IFCCARTESIANPOINT((0.1595130872683512,-0.07549239044601563,0.5874999999998899));
#8797= IFCCARTESIANPOINT((0.1609847669903957,-0.07000000694824848,0.5874999999998654));
#8799= IFCCARTESIANPOINT((0.1595130872683512,-0.06450762345048133,0.5874999999998408));
#8801= IFCCARTESIANPOINT((0.155492383495357,-0.06048691968317144,0.5874999999998228));
#8803= IFCCARTESIANPOINT((0.1500000000003183,-0.05901523995999014,0.5874999999998163));
#8805= IFCFACEBOUND(#8806,.T.);
#8806= IFCPOLYLOOP((#8781,#8783,#8785,#8787,#8789,#8791,#8793,#8795,#8797,#8799,#8801,#8803));
#8808= IFCCARTESIANPOINT((0.2345130872681693,-0.07549239044601563,0.5874999999998899));
#8810= IFCCARTESIANPOINT((0.2359847669902138,-0.07000000694824848,0.5874999999998654));
#8812= IFCCARTESIANPOINT((0.2345130872681693,-0.06450762345048133,0.5874999999998408));
#8814= IFCCARTESIANPOINT((0.2304923834951751,-0.06048691968317144,0.5874999999998228));
#8816= IFCCARTESIANPOINT((0.2250000000001364,-0.05901523995999014,0.5874999999998163));
#8818= IFCCARTESIANPOINT((0.2195076165050978,-0.06048691968317144,0.5874999999998228));
#8820= IFCCARTESIANPOINT((0.2154869127321035,-0.06450762345048133,0.5874999999998408));
#8822= IFCCARTESIANPOINT((0.2140152330100591,-0.07000000694824848,0.5874999999998654));
#8824= IFCCARTESIANPOINT((0.2154869127321035,-0.07549239044601563,0.5874999999998899));
#8826= IFCCARTESIANPOINT((0.2195076165050978,-0.07951309421332553,0.5874999999999079));
#8828= IFCCARTESIANPOINT((0.2250000000001364,-0.08098477393650683,0.5874999999999144));
#8830= IFCCARTESIANPOINT((0.2304923834951751,-0.07951309421332553,0.5874999999999079));
#8832= IFCFACEBOUND(#8833,.T.);
#8833= IFCPOLYLOOP((#8808,#8810,#8812,#8814,#8816,#8818,#8820,#8822,#8824,#8826,#8828,#8830));
#8835= IFCFACE((#8861,#8888,#8895,#8922,#8949));
#8837= IFCCARTESIANPOINT((0.7404869127319671,-0.07450762205553474,0.6125000000000043));
#8839= IFCCARTESIANPOINT((0.7445076165049613,-0.07048691828822484,0.6125000000000043));
#8841= IFCCARTESIANPOINT((0.75,-0.06901523856504355,0.6125000000000043));
#8843= IFCCARTESIANPOINT((0.7554923834950387,-0.07048691828822484,0.6125000000000043));
#8845= IFCCARTESIANPOINT((0.7595130872680329,-0.07450762205553474,0.6125000000000043));
#8847= IFCCARTESIANPOINT((0.7609847669900773,-0.08000000555330189,0.6125000000000043));
#8849= IFCCARTESIANPOINT((0.7595130872680329,-0.08549238905106904,0.6125000000000043));
#8851= IFCCARTESIANPOINT((0.7554923834950387,-0.08951309281837894,0.6125000000000043));
#8853= IFCCARTESIANPOINT((0.75,-0.09098477254156023,0.6125000000000043));
#8855= IFCCARTESIANPOINT((0.7445076165049613,-0.08951309281837894,0.6125000000000043));
#8857= IFCCARTESIANPOINT((0.7404869127319671,-0.08549238905106904,0.6125000000000043));
#8859= IFCCARTESIANPOINT((0.7390152330099227,-0.08000000555330189,0.6125000000000043));
#8861= IFCFACEBOUND(#8862,.T.);
#8862= IFCPOLYLOOP((#8837,#8839,#8841,#8843,#8845,#8847,#8849,#8851,#8853,#8855,#8857,#8859));
#8864= IFCCARTESIANPOINT((0.2304923834951751,-0.07951309421332553,0.6125000000000043));
#8866= IFCCARTESIANPOINT((0.2250000000001364,-0.08098477393650683,0.6125000000000043));
#8868= IFCCARTESIANPOINT((0.2195076165050978,-0.07951309421332553,0.6125000000000043));
#8870= IFCCARTESIANPOINT((0.2154869127321035,-0.07549239044601563,0.6125000000000043));
#8872= IFCCARTESIANPOINT((0.2140152330100591,-0.07000000694824848,0.6125000000000043));
#8874= IFCCARTESIANPOINT((0.2154869127321035,-0.06450762345048133,0.6125000000000043));
#8876= IFCCARTESIANPOINT((0.2195076165050978,-0.06048691968317144,0.6125000000000043));
#8878= IFCCARTESIANPOINT((0.2250000000001364,-0.05901523995999014,0.6125000000000043));
#8880= IFCCARTESIANPOINT((0.2304923834951751,-0.06048691968317144,0.6125000000000043));
#8882= IFCCARTESIANPOINT((0.2345130872681693,-0.06450762345048133,0.6125000000000043));
#8884= IFCCARTESIANPOINT((0.2359847669902138,-0.07000000694824848,0.6125000000000043));
#8886= IFCCARTESIANPOINT((0.2345130872681693,-0.07549239044601563,0.6125000000000043));
#8888= IFCFACEBOUND(#8889,.T.);
#8889= IFCPOLYLOOP((#8864,#8866,#8868,#8870,#8872,#8874,#8876,#8878,#8880,#8882,#8884,#8886));
#8891= IFCCARTESIANPOINT((0.875,-0.01649999998335261,0.6125000000000036));
#8893= IFCCARTESIANPOINT((0.02500000000031832,-0.01649999998335261,0.6125000000000036));
#8895= IFCFACEOUTERBOUND(#8896,.T.);
#8896= IFCPOLYLOOP((#8891,#8893,#8713,#8711));
#8898= IFCCARTESIANPOINT((0.1609847669903957,-0.07000000694824848,0.6125000000000043));
#8900= IFCCARTESIANPOINT((0.1595130872683512,-0.07549239044601563,0.6125000000000043));
#8902= IFCCARTESIANPOINT((0.155492383495357,-0.07951309421332553,0.6125000000000043));
#8904= IFCCARTESIANPOINT((0.1500000000003183,-0.08098477393650683,0.6125000000000043));
#8906= IFCCARTESIANPOINT((0.1445076165052797,-0.07951309421332553,0.6125000000000043));
#8908= IFCCARTESIANPOINT((0.1404869127322854,-0.07549239044601563,0.6125000000000043));
#8910= IFCCARTESIANPOINT((0.139015233010241,-0.07000000694824848,0.6125000000000043));
#8912= IFCCARTESIANPOINT((0.1404869127322854,-0.06450762345048133,0.6125000000000043));
#8914= IFCCARTESIANPOINT((0.1445076165052797,-0.06048691968317144,0.6125000000000043));
#8916= IFCCARTESIANPOINT((0.1500000000003183,-0.05901523995999014,0.6125000000000043));
#8918= IFCCARTESIANPOINT((0.155492383495357,-0.06048691968317144,0.6125000000000043));
#8920= IFCCARTESIANPOINT((0.1595130872683512,-0.06450762345048133,0.6125000000000043));
#8922= IFCFACEBOUND(#8923,.T.);
#8923= IFCPOLYLOOP((#8898,#8900,#8902,#8904,#8906,#8908,#8910,#8912,#8914,#8916,#8918,#8920));
#8925= IFCCARTESIANPOINT((0.08049238349508414,-0.08951309281837894,0.6125000000000043));
#8927= IFCCARTESIANPOINT((0.07500000000004547,-0.09098477254156023,0.6125000000000043));
#8929= IFCCARTESIANPOINT((0.06950761650500681,-0.08951309281837894,0.6125000000000043));
#8931= IFCCARTESIANPOINT((0.06548691273201257,-0.08549238905106904,0.6125000000000043));
#8933= IFCCARTESIANPOINT((0.06401523300996814,-0.08000000555330189,0.6125000000000043));
#8935= IFCCARTESIANPOINT((0.06548691273201257,-0.07450762205553474,0.6125000000000043));
#8937= IFCCARTESIANPOINT((0.06950761650500681,-0.07048691828822484,0.6125000000000043));
#8939= IFCCARTESIANPOINT((0.07500000000004547,-0.06901523856504355,0.6125000000000043));
#8941= IFCCARTESIANPOINT((0.08049238349508414,-0.07048691828822484,0.6125000000000043));
#8943= IFCCARTESIANPOINT((0.08451308726807838,-0.07450762205553474,0.6125000000000043));
#8945= IFCCARTESIANPOINT((0.08598476699012281,-0.08000000555330189,0.6125000000000043));
#8947= IFCCARTESIANPOINT((0.08451308726807838,-0.08549238905106904,0.6125000000000043));
#8949= IFCFACEBOUND(#8950,.T.);
#8950= IFCPOLYLOOP((#8925,#8927,#8929,#8931,#8933,#8935,#8937,#8939,#8941,#8943,#8945,#8947));
#8952= IFCFACE((#8954));
#8954= IFCFACEOUTERBOUND(#8955,.T.);
#8955= IFCPOLYLOOP((#8893,#8891,#8749,#8747));
#8957= IFCFACE((#8959));
#8959= IFCFACEOUTERBOUND(#8960,.T.);
#8960= IFCPOLYLOOP((#8747,#8707,#8713,#8893));
#8962= IFCFACE((#8964));
#8964= IFCFACEOUTERBOUND(#8965,.T.);
#8965= IFCPOLYLOOP((#8937,#8935,#8754,#8776));
#8967= IFCFACE((#8969));
#8969= IFCFACEOUTERBOUND(#8970,.T.);
#8970= IFCPOLYLOOP((#8776,#8774,#8939,#8937));
#8972= IFCFACE((#8974));
#8974= IFCFACEOUTERBOUND(#8975,.T.);
#8975= IFCPOLYLOOP((#8774,#8772,#8941,#8939));
#8977= IFCFACE((#8979));
#8979= IFCFACEOUTERBOUND(#8980,.T.);
#8980= IFCPOLYLOOP((#8772,#8770,#8943,#8941));
#8982= IFCFACE((#8984));
#8984= IFCFACEOUTERBOUND(#8985,.T.);
#8985= IFCPOLYLOOP((#8770,#8768,#8945,#8943));
#8987= IFCFACE((#8989));
#8989= IFCFACEOUTERBOUND(#8990,.T.);
#8990= IFCPOLYLOOP((#8768,#8766,#8947,#8945));
#8992= IFCFACE((#8994));
#8994= IFCFACEOUTERBOUND(#8995,.T.);
#8995= IFCPOLYLOOP((#8925,#8947,#8766,#8764));
#8997= IFCFACE((#8999));
#8999= IFCFACEOUTERBOUND(#9000,.T.);
#9000= IFCPOLYLOOP((#8764,#8762,#8927,#8925));
#9002= IFCFACE((#9004));
#9004= IFCFACEOUTERBOUND(#9005,.T.);
#9005= IFCPOLYLOOP((#8929,#8927,#8762,#8760));
#9007= IFCFACE((#9009));
#9009= IFCFACEOUTERBOUND(#9010,.T.);
#9010= IFCPOLYLOOP((#8931,#8929,#8760,#8758));
#9012= IFCFACE((#9014));
#9014= IFCFACEOUTERBOUND(#9015,.T.);
#9015= IFCPOLYLOOP((#8933,#8931,#8758,#8756));
#9017= IFCFACE((#9019));
#9019= IFCFACEOUTERBOUND(#9020,.T.);
#9020= IFCPOLYLOOP((#8935,#8933,#8756,#8754));
#9022= IFCFACE((#9024));
#9024= IFCFACEOUTERBOUND(#9025,.T.);
#9025= IFCPOLYLOOP((#8914,#8912,#8783,#8781));
#9027= IFCFACE((#9029));
#9029= IFCFACEOUTERBOUND(#9030,.T.);
#9030= IFCPOLYLOOP((#8916,#8914,#8781,#8803));
#9032= IFCFACE((#9034));
#9034= IFCFACEOUTERBOUND(#9035,.T.);
#9035= IFCPOLYLOOP((#8803,#8801,#8918,#8916));
#9037= IFCFACE((#9039));
#9039= IFCFACEOUTERBOUND(#9040,.T.);
#9040= IFCPOLYLOOP((#8920,#8918,#8801,#8799));
#9042= IFCFACE((#9044));
#9044= IFCFACEOUTERBOUND(#9045,.T.);
#9045= IFCPOLYLOOP((#8799,#8797,#8898,#8920));
#9047= IFCFACE((#9049));
#9049= IFCFACEOUTERBOUND(#9050,.T.);
#9050= IFCPOLYLOOP((#8797,#8795,#8900,#8898));
#9052= IFCFACE((#9054));
#9054= IFCFACEOUTERBOUND(#9055,.T.);
#9055= IFCPOLYLOOP((#8902,#8900,#8795,#8793));
#9057= IFCFACE((#9059));
#9059= IFCFACEOUTERBOUND(#9060,.T.);
#9060= IFCPOLYLOOP((#8904,#8902,#8793,#8791));
#9062= IFCFACE((#9064));
#9064= IFCFACEOUTERBOUND(#9065,.T.);
#9065= IFCPOLYLOOP((#8791,#8789,#8906,#8904));
#9067= IFCFACE((#9069));
#9069= IFCFACEOUTERBOUND(#9070,.T.);
#9070= IFCPOLYLOOP((#8908,#8906,#8789,#8787));
#9072= IFCFACE((#9074));
#9074= IFCFACEOUTERBOUND(#9075,.T.);
#9075= IFCPOLYLOOP((#8910,#8908,#8787,#8785));
#9077= IFCFACE((#9079));
#9079= IFCFACEOUTERBOUND(#9080,.T.);
#9080= IFCPOLYLOOP((#8785,#8783,#8912,#8910));
#9082= IFCFACE((#9084));
#9084= IFCFACEOUTERBOUND(#9085,.T.);
#9085= IFCPOLYLOOP((#8876,#8874,#8820,#8818));
#9087= IFCFACE((#9089));
#9089= IFCFACEOUTERBOUND(#9090,.T.);
#9090= IFCPOLYLOOP((#8878,#8876,#8818,#8816));
#9092= IFCFACE((#9094));
#9094= IFCFACEOUTERBOUND(#9095,.T.);
#9095= IFCPOLYLOOP((#8880,#8878,#8816,#8814));
#9097= IFCFACE((#9099));
#9099= IFCFACEOUTERBOUND(#9100,.T.);
#9100= IFCPOLYLOOP((#8882,#8880,#8814,#8812));
#9102= IFCFACE((#9104));
#9104= IFCFACEOUTERBOUND(#9105,.T.);
#9105= IFCPOLYLOOP((#8884,#8882,#8812,#8810));
#9107= IFCFACE((#9109));
#9109= IFCFACEOUTERBOUND(#9110,.T.);
#9110= IFCPOLYLOOP((#8810,#8808,#8886,#8884));
#9112= IFCFACE((#9114));
#9114= IFCFACEOUTERBOUND(#9115,.T.);
#9115= IFCPOLYLOOP((#8808,#8830,#8864,#8886));
#9117= IFCFACE((#9119));
#9119= IFCFACEOUTERBOUND(#9120,.T.);
#9120= IFCPOLYLOOP((#8830,#8828,#8866,#8864));
#9122= IFCFACE((#9124));
#9124= IFCFACEOUTERBOUND(#9125,.T.);
#9125= IFCPOLYLOOP((#8868,#8866,#8828,#8826));
#9127= IFCFACE((#9129));
#9129= IFCFACEOUTERBOUND(#9130,.T.);
#9130= IFCPOLYLOOP((#8870,#8868,#8826,#8824));
#9132= IFCFACE((#9134));
#9134= IFCFACEOUTERBOUND(#9135,.T.);
#9135= IFCPOLYLOOP((#8824,#8822,#8872,#8870));
#9137= IFCFACE((#9139));
#9139= IFCFACEOUTERBOUND(#9140,.T.);
#9140= IFCPOLYLOOP((#8874,#8872,#8822,#8820));
#9142= IFCFACE((#9144));
#9144= IFCFACEOUTERBOUND(#9145,.T.);
#9145= IFCPOLYLOOP((#8839,#8837,#8740,#8738));
#9147= IFCFACE((#9149));
#9149= IFCFACEOUTERBOUND(#9150,.T.);
#9150= IFCPOLYLOOP((#8738,#8736,#8841,#8839));
#9152= IFCFACE((#9154));
#9154= IFCFACEOUTERBOUND(#9155,.T.);
#9155= IFCPOLYLOOP((#8843,#8841,#8736,#8734));
#9157= IFCFACE((#9159));
#9159= IFCFACEOUTERBOUND(#9160,.T.);
#9160= IFCPOLYLOOP((#8734,#8732,#8845,#8843));
#9162= IFCFACE((#9164));
#9164= IFCFACEOUTERBOUND(#9165,.T.);
#9165= IFCPOLYLOOP((#8847,#8845,#8732,#8730));
#9167= IFCFACE((#9169));
#9169= IFCFACEOUTERBOUND(#9170,.T.);
#9170= IFCPOLYLOOP((#8849,#8847,#8730,#8728));
#9172= IFCFACE((#9174));
#9174= IFCFACEOUTERBOUND(#9175,.T.);
#9175= IFCPOLYLOOP((#8728,#8726,#8851,#8849));
#9177= IFCFACE((#9179));
#9179= IFCFACEOUTERBOUND(#9180,.T.);
#9180= IFCPOLYLOOP((#8726,#8724,#8853,#8851));
#9182= IFCFACE((#9184));
#9184= IFCFACEOUTERBOUND(#9185,.T.);
#9185= IFCPOLYLOOP((#8855,#8853,#8724,#8722));
#9187= IFCFACE((#9189));
#9189= IFCFACEOUTERBOUND(#9190,.T.);
#9190= IFCPOLYLOOP((#8722,#8720,#8857,#8855));
#9192= IFCFACE((#9194));
#9194= IFCFACEOUTERBOUND(#9195,.T.);
#9195= IFCPOLYLOOP((#8859,#8857,#8720,#8742));
#9197= IFCFACE((#9199));
#9199= IFCFACEOUTERBOUND(#9200,.T.);
#9200= IFCPOLYLOOP((#8837,#8859,#8742,#8740));
#9202= IFCFACE((#9204));
#9204= IFCFACEOUTERBOUND(#9205,.T.);
#9205= IFCPOLYLOOP((#8891,#8711,#8709,#8749));
#9207= IFCCLOSEDSHELL((#8705,#8718,#8835,#8952,#8957,#8962,#8967,#8972,#8977,#8982,#8987,#8992,#8997,#9002,#9007,#9012,#9017,#9022,#9027,#9032,#9037,#9042,#9047,#9052,#9057,#9062,#9067,#9072,#9077,#9082,#9087,#9092,#9097,#9102,#9107,#9112,#9117,#9122,#9127,#9132,#9137,#9142,#9147,#9152,#9157,#9162,#9167,#9172,#9177,#9182,#9187,#9192,#9197,#9202));
#9209= IFCFACETEDBREP(#9207);
#9210= IFCPRESENTATIONSTYLEASSIGNMENT((#9212));
#9212= IFCSURFACESTYLE($,.POSITIVE.,(#9214));
#9213= IFCCOLOURRGB($,1.,0.7490196078431373,0.);
#9214= IFCSURFACESTYLESHADING(#9213);
#9216= IFCSTYLEDITEM(#9209,(#9210),$);
#9222= IFCBUILDINGELEMENTPROXY('23ZonXkia7WG00000000Xf',#41,$,$,$,#9224,#9229,$,$);
#9224= IFCLOCALPLACEMENT(#65,#9227);
#9225= IFCCARTESIANPOINT((0.,0.,0.));
#9227= IFCAXIS2PLACEMENT3D(#9225,$,$);
#9229= IFCPRODUCTDEFINITIONSHAPE($,$,(#9231));
#9231= IFCSHAPEREPRESENTATION(#1045,'Body','Brep',(#9737));
#9233= IFCFACE((#9243));
#9235= IFCCARTESIANPOINT((0.02500000000031832,-0.1199999999880674,0.8875000000003277));
#9237= IFCCARTESIANPOINT((0.875,-0.1199999999880674,0.8875000000003277));
#9239= IFCCARTESIANPOINT((0.875,-0.1199999999880674,0.9125000000000035));
#9241= IFCCARTESIANPOINT((0.02500000000031832,-0.1199999999880674,0.9125000000000035));
#9243= IFCFACEOUTERBOUND(#9244,.T.);
#9244= IFCPOLYLOOP((#9235,#9237,#9239,#9241));
#9246= IFCFACE((#9272,#9279,#9306,#9333,#9360));
#9248= IFCCARTESIANPOINT((0.7404869127319671,-0.08549238905106904,0.8874999999998906));
#9250= IFCCARTESIANPOINT((0.7445076165049613,-0.08951309281837894,0.8874999999999086));
#9252= IFCCARTESIANPOINT((0.75,-0.09098477254156023,0.8874999999999151));
#9254= IFCCARTESIANPOINT((0.7554923834950387,-0.08951309281837894,0.8874999999999086));
#9256= IFCCARTESIANPOINT((0.7595130872680329,-0.08549238905106904,0.8874999999998906));
#9258= IFCCARTESIANPOINT((0.7609847669900773,-0.08000000555330189,0.8874999999998661));
#9260= IFCCARTESIANPOINT((0.7595130872680329,-0.07450762205553474,0.8874999999998415));
#9262= IFCCARTESIANPOINT((0.7554923834950387,-0.07048691828822484,0.8874999999998235));
#9264= IFCCARTESIANPOINT((0.75,-0.06901523856504355,0.887499999999817));
#9266= IFCCARTESIANPOINT((0.7445076165049613,-0.07048691828822484,0.8874999999998235));
#9268= IFCCARTESIANPOINT((0.7404869127319671,-0.07450762205553474,0.8874999999998415));
#9270= IFCCARTESIANPOINT((0.7390152330099227,-0.08000000555330189,0.8874999999998661));
#9272= IFCFACEBOUND(#9273,.T.);
#9273= IFCPOLYLOOP((#9248,#9250,#9252,#9254,#9256,#9258,#9260,#9262,#9264,#9266,#9268,#9270));
#9275= IFCCARTESIANPOINT((0.02500000000031832,-0.01649999998335261,0.8874999999998653));
#9277= IFCCARTESIANPOINT((0.875,-0.01649999998335261,0.8874999999998653));
#9279= IFCFACEOUTERBOUND(#9280,.T.);
#9280= IFCPOLYLOOP((#9235,#9275,#9277,#9237));
#9282= IFCCARTESIANPOINT((0.2345130872681693,-0.07549239044601563,0.8874999999998906));
#9284= IFCCARTESIANPOINT((0.2359847669902138,-0.07000000694824848,0.8874999999998661));
#9286= IFCCARTESIANPOINT((0.2345130872681693,-0.06450762345048133,0.8874999999998415));
#9288= IFCCARTESIANPOINT((0.2304923834951751,-0.06048691968317144,0.8874999999998235));
#9290= IFCCARTESIANPOINT((0.2250000000001364,-0.05901523995999014,0.887499999999817));
#9292= IFCCARTESIANPOINT((0.2195076165050978,-0.06048691968317144,0.8874999999998235));
#9294= IFCCARTESIANPOINT((0.2154869127321035,-0.06450762345048133,0.8874999999998415));
#9296= IFCCARTESIANPOINT((0.2140152330100591,-0.07000000694824848,0.8874999999998661));
#9298= IFCCARTESIANPOINT((0.2154869127321035,-0.07549239044601563,0.8874999999998906));
#9300= IFCCARTESIANPOINT((0.2195076165050978,-0.07951309421332553,0.8874999999999086));
#9302= IFCCARTESIANPOINT((0.2250000000001364,-0.08098477393650683,0.8874999999999151));
#9304= IFCCARTESIANPOINT((0.2304923834951751,-0.07951309421332553,0.8874999999999086));
#9306= IFCFACEBOUND(#9307,.T.);
#9307= IFCPOLYLOOP((#9282,#9284,#9286,#9288,#9290,#9292,#9294,#9296,#9298,#9300,#9302,#9304));
#9309= IFCCARTESIANPOINT((0.1595130872683512,-0.06450762345048133,0.8874999999998415));
#9311= IFCCARTESIANPOINT((0.155492383495357,-0.06048691968317144,0.8874999999998235));
#9313= IFCCARTESIANPOINT((0.1500000000003183,-0.05901523995999014,0.887499999999817));
#9315= IFCCARTESIANPOINT((0.1445076165052797,-0.06048691968317144,0.8874999999998235));
#9317= IFCCARTESIANPOINT((0.1404869127322854,-0.06450762345048133,0.8874999999998415));
#9319= IFCCARTESIANPOINT((0.139015233010241,-0.07000000694824848,0.8874999999998661));
#9321= IFCCARTESIANPOINT((0.1404869127322854,-0.07549239044601563,0.8874999999998906));
#9323= IFCCARTESIANPOINT((0.1445076165052797,-0.07951309421332553,0.8874999999999086));
#9325= IFCCARTESIANPOINT((0.1500000000003183,-0.08098477393650683,0.8874999999999151));
#9327= IFCCARTESIANPOINT((0.155492383495357,-0.07951309421332553,0.8874999999999086));
#9329= IFCCARTESIANPOINT((0.1595130872683512,-0.07549239044601563,0.8874999999998906));
#9331= IFCCARTESIANPOINT((0.1609847669903957,-0.07000000694824848,0.8874999999998661));
#9333= IFCFACEBOUND(#9334,.T.);
#9334= IFCPOLYLOOP((#9309,#9311,#9313,#9315,#9317,#9319,#9321,#9323,#9325,#9327,#9329,#9331));
#9336= IFCCARTESIANPOINT((0.08451308726807838,-0.08549238905106904,0.8874999999998906));
#9338= IFCCARTESIANPOINT((0.08598476699012281,-0.08000000555330189,0.8874999999998661));
#9340= IFCCARTESIANPOINT((0.08451308726807838,-0.07450762205553474,0.8874999999998415));
#9342= IFCCARTESIANPOINT((0.08049238349508414,-0.07048691828822484,0.8874999999998235));
#9344= IFCCARTESIANPOINT((0.07500000000004547,-0.06901523856504355,0.887499999999817));
#9346= IFCCARTESIANPOINT((0.06950761650500681,-0.07048691828822484,0.8874999999998235));
#9348= IFCCARTESIANPOINT((0.06548691273201257,-0.07450762205553474,0.8874999999998415));
#9350= IFCCARTESIANPOINT((0.06401523300996814,-0.08000000555330189,0.8874999999998661));
#9352= IFCCARTESIANPOINT((0.06548691273201257,-0.08549238905106904,0.8874999999998906));
#9354= IFCCARTESIANPOINT((0.06950761650500681,-0.08951309281837894,0.8874999999999086));
#9356= IFCCARTESIANPOINT((0.07500000000004547,-0.09098477254156023,0.8874999999999151));
#9358= IFCCARTESIANPOINT((0.08049238349508414,-0.08951309281837894,0.8874999999999086));
#9360= IFCFACEBOUND(#9361,.T.);
#9361= IFCPOLYLOOP((#9336,#9338,#9340,#9342,#9344,#9346,#9348,#9350,#9352,#9354,#9356,#9358));
#9363= IFCFACE((#9389,#9416,#9443,#9470,#9477));
#9365= IFCCARTESIANPOINT((0.7404869127319671,-0.07450762205553474,0.9125000000000032));
#9367= IFCCARTESIANPOINT((0.7445076165049613,-0.07048691828822484,0.9125000000000032));
#9369= IFCCARTESIANPOINT((0.75,-0.06901523856504355,0.9125000000000032));
#9371= IFCCARTESIANPOINT((0.7554923834950387,-0.07048691828822484,0.9125000000000032));
#9373= IFCCARTESIANPOINT((0.7595130872680329,-0.07450762205553474,0.9125000000000032));
#9375= IFCCARTESIANPOINT((0.7609847669900773,-0.08000000555330189,0.9125000000000032));
#9377= IFCCARTESIANPOINT((0.7595130872680329,-0.08549238905106904,0.9125000000000032));
#9379= IFCCARTESIANPOINT((0.7554923834950387,-0.08951309281837894,0.9125000000000032));
#9381= IFCCARTESIANPOINT((0.75,-0.09098477254156023,0.9125000000000032));
#9383= IFCCARTESIANPOINT((0.7445076165049613,-0.08951309281837894,0.9125000000000032));
#9385= IFCCARTESIANPOINT((0.7404869127319671,-0.08549238905106904,0.9125000000000032));
#9387= IFCCARTESIANPOINT((0.7390152330099227,-0.08000000555330189,0.9125000000000032));
#9389= IFCFACEBOUND(#9390,.T.);
#9390= IFCPOLYLOOP((#9365,#9367,#9369,#9371,#9373,#9375,#9377,#9379,#9381,#9383,#9385,#9387));
#9392= IFCCARTESIANPOINT((0.2304923834951751,-0.07951309421332553,0.9125000000000032));
#9394= IFCCARTESIANPOINT((0.2250000000001364,-0.08098477393650683,0.9125000000000032));
#9396= IFCCARTESIANPOINT((0.2195076165050978,-0.07951309421332553,0.9125000000000032));
#9398= IFCCARTESIANPOINT((0.2154869127321035,-0.07549239044601563,0.9125000000000032));
#9400= IFCCARTESIANPOINT((0.2140152330100591,-0.07000000694824848,0.9125000000000032));
#9402= IFCCARTESIANPOINT((0.2154869127321035,-0.06450762345048133,0.9125000000000032));
#9404= IFCCARTESIANPOINT((0.2195076165050978,-0.06048691968317144,0.9125000000000032));
#9406= IFCCARTESIANPOINT((0.2250000000001364,-0.05901523995999014,0.9125000000000032));
#9408= IFCCARTESIANPOINT((0.2304923834951751,-0.06048691968317144,0.9125000000000032));
#9410= IFCCARTESIANPOINT((0.2345130872681693,-0.06450762345048133,0.9125000000000032));
#9412= IFCCARTESIANPOINT((0.2359847669902138,-0.07000000694824848,0.9125000000000032));
#9414= IFCCARTESIANPOINT((0.2345130872681693,-0.07549239044601563,0.9125000000000032));
#9416= IFCFACEBOUND(#9417,.T.);
#9417= IFCPOLYLOOP((#9392,#9394,#9396,#9398,#9400,#9402,#9404,#9406,#9408,#9410,#9412,#9414));
#9419= IFCCARTESIANPOINT((0.1609847669903957,-0.07000000694824848,0.9125000000000032));
#9421= IFCCARTESIANPOINT((0.1595130872683512,-0.07549239044601563,0.9125000000000032));
#9423= IFCCARTESIANPOINT((0.155492383495357,-0.07951309421332553,0.9125000000000032));
#9425= IFCCARTESIANPOINT((0.1500000000003183,-0.08098477393650683,0.9125000000000032));
#9427= IFCCARTESIANPOINT((0.1445076165052797,-0.07951309421332553,0.9125000000000032));
#9429= IFCCARTESIANPOINT((0.1404869127322854,-0.07549239044601563,0.9125000000000032));
#9431= IFCCARTESIANPOINT((0.139015233010241,-0.07000000694824848,0.9125000000000032));
#9433= IFCCARTESIANPOINT((0.1404869127322854,-0.06450762345048133,0.9125000000000032));
#9435= IFCCARTESIANPOINT((0.1445076165052797,-0.06048691968317144,0.9125000000000032));
#9437= IFCCARTESIANPOINT((0.1500000000003183,-0.05901523995999014,0.9125000000000032));
#9439= IFCCARTESIANPOINT((0.155492383495357,-0.06048691968317144,0.9125000000000032));
#9441= IFCCARTESIANPOINT((0.1595130872683512,-0.06450762345048133,0.9125000000000032));
#9443= IFCFACEBOUND(#9444,.T.);
#9444= IFCPOLYLOOP((#9419,#9421,#9423,#9425,#9427,#9429,#9431,#9433,#9435,#9437,#9439,#9441));
#9446= IFCCARTESIANPOINT((0.08049238349508414,-0.08951309281837894,0.9125000000000032));
#9448= IFCCARTESIANPOINT((0.07500000000004547,-0.09098477254156023,0.9125000000000032));
#9450= IFCCARTESIANPOINT((0.06950761650500681,-0.08951309281837894,0.9125000000000032));
#9452= IFCCARTESIANPOINT((0.06548691273201257,-0.08549238905106904,0.9125000000000032));
#9454= IFCCARTESIANPOINT((0.06401523300996814,-0.08000000555330189,0.9125000000000032));
#9456= IFCCARTESIANPOINT((0.06548691273201257,-0.07450762205553474,0.9125000000000032));
#9458= IFCCARTESIANPOINT((0.06950761650500681,-0.07048691828822484,0.9125000000000032));
#9460= IFCCARTESIANPOINT((0.07500000000004547,-0.06901523856504355,0.9125000000000032));
#9462= IFCCARTESIANPOINT((0.08049238349508414,-0.07048691828822484,0.9125000000000032));
#9464= IFCCARTESIANPOINT((0.08451308726807838,-0.07450762205553474,0.9125000000000032));
#9466= IFCCARTESIANPOINT((0.08598476699012281,-0.08000000555330189,0.9125000000000032));
#9468= IFCCARTESIANPOINT((0.08451308726807838,-0.08549238905106904,0.9125000000000032));
#9470= IFCFACEBOUND(#9471,.T.);
#9471= IFCPOLYLOOP((#9446,#9448,#9450,#9452,#9454,#9456,#9458,#9460,#9462,#9464,#9466,#9468));
#9473= IFCCARTESIANPOINT((0.875,-0.01649999998335261,0.9125000000000035));
#9475= IFCCARTESIANPOINT((0.02500000000031832,-0.01649999998335261,0.9125000000000035));
#9477= IFCFACEOUTERBOUND(#9478,.T.);
#9478= IFCPOLYLOOP((#9241,#9239,#9473,#9475));
#9480= IFCFACE((#9482));
#9482= IFCFACEOUTERBOUND(#9483,.T.);
#9483= IFCPOLYLOOP((#9475,#9473,#9277,#9275));
#9485= IFCFACE((#9487));
#9487= IFCFACEOUTERBOUND(#9488,.T.);
#9488= IFCPOLYLOOP((#9241,#9475,#9275,#9235));
#9490= IFCFACE((#9492));
#9492= IFCFACEOUTERBOUND(#9493,.T.);
#9493= IFCPOLYLOOP((#9458,#9456,#9348,#9346));
#9495= IFCFACE((#9497));
#9497= IFCFACEOUTERBOUND(#9498,.T.);
#9498= IFCPOLYLOOP((#9460,#9458,#9346,#9344));
#9500= IFCFACE((#9502));
#9502= IFCFACEOUTERBOUND(#9503,.T.);
#9503= IFCPOLYLOOP((#9462,#9460,#9344,#9342));
#9505= IFCFACE((#9507));
#9507= IFCFACEOUTERBOUND(#9508,.T.);
#9508= IFCPOLYLOOP((#9342,#9340,#9464,#9462));
#9510= IFCFACE((#9512));
#9512= IFCFACEOUTERBOUND(#9513,.T.);
#9513= IFCPOLYLOOP((#9466,#9464,#9340,#9338));
#9515= IFCFACE((#9517));
#9517= IFCFACEOUTERBOUND(#9518,.T.);
#9518= IFCPOLYLOOP((#9338,#9336,#9468,#9466));
#9520= IFCFACE((#9522));
#9522= IFCFACEOUTERBOUND(#9523,.T.);
#9523= IFCPOLYLOOP((#9446,#9468,#9336,#9358));
#9525= IFCFACE((#9527));
#9527= IFCFACEOUTERBOUND(#9528,.T.);
#9528= IFCPOLYLOOP((#9448,#9446,#9358,#9356));
#9530= IFCFACE((#9532));
#9532= IFCFACEOUTERBOUND(#9533,.T.);
#9533= IFCPOLYLOOP((#9450,#9448,#9356,#9354));
#9535= IFCFACE((#9537));
#9537= IFCFACEOUTERBOUND(#9538,.T.);
#9538= IFCPOLYLOOP((#9452,#9450,#9354,#9352));
#9540= IFCFACE((#9542));
#9542= IFCFACEOUTERBOUND(#9543,.T.);
#9543= IFCPOLYLOOP((#9454,#9452,#9352,#9350));
#9545= IFCFACE((#9547));
#9547= IFCFACEOUTERBOUND(#9548,.T.);
#9548= IFCPOLYLOOP((#9350,#9348,#9456,#9454));
#9550= IFCFACE((#9552));
#9552= IFCFACEOUTERBOUND(#9553,.T.);
#9553= IFCPOLYLOOP((#9435,#9433,#9317,#9315));
#9555= IFCFACE((#9557));
#9557= IFCFACEOUTERBOUND(#9558,.T.);
#9558= IFCPOLYLOOP((#9437,#9435,#9315,#9313));
#9560= IFCFACE((#9562));
#9562= IFCFACEOUTERBOUND(#9563,.T.);
#9563= IFCPOLYLOOP((#9313,#9311,#9439,#9437));
#9565= IFCFACE((#9567));
#9567= IFCFACEOUTERBOUND(#9568,.T.);
#9568= IFCPOLYLOOP((#9311,#9309,#9441,#9439));
#9570= IFCFACE((#9572));
#9572= IFCFACEOUTERBOUND(#9573,.T.);
#9573= IFCPOLYLOOP((#9309,#9331,#9419,#9441));
#9575= IFCFACE((#9577));
#9577= IFCFACEOUTERBOUND(#9578,.T.);
#9578= IFCPOLYLOOP((#9421,#9419,#9331,#9329));
#9580= IFCFACE((#9582));
#9582= IFCFACEOUTERBOUND(#9583,.T.);
#9583= IFCPOLYLOOP((#9423,#9421,#9329,#9327));
#9585= IFCFACE((#9587));
#9587= IFCFACEOUTERBOUND(#9588,.T.);
#9588= IFCPOLYLOOP((#9327,#9325,#9425,#9423));
#9590= IFCFACE((#9592));
#9592= IFCFACEOUTERBOUND(#9593,.T.);
#9593= IFCPOLYLOOP((#9427,#9425,#9325,#9323));
#9595= IFCFACE((#9597));
#9597= IFCFACEOUTERBOUND(#9598,.T.);
#9598= IFCPOLYLOOP((#9429,#9427,#9323,#9321));
#9600= IFCFACE((#9602));
#9602= IFCFACEOUTERBOUND(#9603,.T.);
#9603= IFCPOLYLOOP((#9321,#9319,#9431,#9429));
#9605= IFCFACE((#9607));
#9607= IFCFACEOUTERBOUND(#9608,.T.);
#9608= IFCPOLYLOOP((#9319,#9317,#9433,#9431));
#9610= IFCFACE((#9612));
#9612= IFCFACEOUTERBOUND(#9613,.T.);
#9613= IFCPOLYLOOP((#9404,#9402,#9294,#9292));
#9615= IFCFACE((#9617));
#9617= IFCFACEOUTERBOUND(#9618,.T.);
#9618= IFCPOLYLOOP((#9406,#9404,#9292,#9290));
#9620= IFCFACE((#9622));
#9622= IFCFACEOUTERBOUND(#9623,.T.);
#9623= IFCPOLYLOOP((#9408,#9406,#9290,#9288));
#9625= IFCFACE((#9627));
#9627= IFCFACEOUTERBOUND(#9628,.T.);
#9628= IFCPOLYLOOP((#9410,#9408,#9288,#9286));
#9630= IFCFACE((#9632));
#9632= IFCFACEOUTERBOUND(#9633,.T.);
#9633= IFCPOLYLOOP((#9412,#9410,#9286,#9284));
#9635= IFCFACE((#9637));
#9637= IFCFACEOUTERBOUND(#9638,.T.);
#9638= IFCPOLYLOOP((#9414,#9412,#9284,#9282));
#9640= IFCFACE((#9642));
#9642= IFCFACEOUTERBOUND(#9643,.T.);
#9643= IFCPOLYLOOP((#9392,#9414,#9282,#9304));
#9645= IFCFACE((#9647));
#9647= IFCFACEOUTERBOUND(#9648,.T.);
#9648= IFCPOLYLOOP((#9304,#9302,#9394,#9392));
#9650= IFCFACE((#9652));
#9652= IFCFACEOUTERBOUND(#9653,.T.);
#9653= IFCPOLYLOOP((#9396,#9394,#9302,#9300));
#9655= IFCFACE((#9657));
#9657= IFCFACEOUTERBOUND(#9658,.T.);
#9658= IFCPOLYLOOP((#9300,#9298,#9398,#9396));
#9660= IFCFACE((#9662));
#9662= IFCFACEOUTERBOUND(#9663,.T.);
#9663= IFCPOLYLOOP((#9400,#9398,#9298,#9296));
#9665= IFCFACE((#9667));
#9667= IFCFACEOUTERBOUND(#9668,.T.);
#9668= IFCPOLYLOOP((#9402,#9400,#9296,#9294));
#9670= IFCFACE((#9672));
#9672= IFCFACEOUTERBOUND(#9673,.T.);
#9673= IFCPOLYLOOP((#9367,#9365,#9268,#9266));
#9675= IFCFACE((#9677));
#9677= IFCFACEOUTERBOUND(#9678,.T.);
#9678= IFCPOLYLOOP((#9369,#9367,#9266,#9264));
#9680= IFCFACE((#9682));
#9682= IFCFACEOUTERBOUND(#9683,.T.);
#9683= IFCPOLYLOOP((#9371,#9369,#9264,#9262));
#9685= IFCFACE((#9687));
#9687= IFCFACEOUTERBOUND(#9688,.T.);
#9688= IFCPOLYLOOP((#9262,#9260,#9373,#9371));
#9690= IFCFACE((#9692));
#9692= IFCFACEOUTERBOUND(#9693,.T.);
#9693= IFCPOLYLOOP((#9260,#9258,#9375,#9373));
#9695= IFCFACE((#9697));
#9697= IFCFACEOUTERBOUND(#9698,.T.);
#9698= IFCPOLYLOOP((#9377,#9375,#9258,#9256));
#9700= IFCFACE((#9702));
#9702= IFCFACEOUTERBOUND(#9703,.T.);
#9703= IFCPOLYLOOP((#9256,#9254,#9379,#9377));
#9705= IFCFACE((#9707));
#9707= IFCFACEOUTERBOUND(#9708,.T.);
#9708= IFCPOLYLOOP((#9381,#9379,#9254,#9252));
#9710= IFCFACE((#9712));
#9712= IFCFACEOUTERBOUND(#9713,.T.);
#9713= IFCPOLYLOOP((#9252,#9250,#9383,#9381));
#9715= IFCFACE((#9717));
#9717= IFCFACEOUTERBOUND(#9718,.T.);
#9718= IFCPOLYLOOP((#9250,#9248,#9385,#9383));
#9720= IFCFACE((#9722));
#9722= IFCFACEOUTERBOUND(#9723,.T.);
#9723= IFCPOLYLOOP((#9387,#9385,#9248,#9270));
#9725= IFCFACE((#9727));
#9727= IFCFACEOUTERBOUND(#9728,.T.);
#9728= IFCPOLYLOOP((#9365,#9387,#9270,#9268));
#9730= IFCFACE((#9732));
#9732= IFCFACEOUTERBOUND(#9733,.T.);
#9733= IFCPOLYLOOP((#9237,#9277,#9473,#9239));
#9735= IFCCLOSEDSHELL((#9233,#9246,#9363,#9480,#9485,#9490,#9495,#9500,#9505,#9510,#9515,#9520,#9525,#9530,#9535,#9540,#9545,#9550,#9555,#9560,#9565,#9570,#9575,#9580,#9585,#9590,#9595,#9600,#9605,#9610,#9615,#9620,#9625,#9630,#9635,#9640,#9645,#9650,#9655,#9660,#9665,#9670,#9675,#9680,#9685,#9690,#9695,#9700,#9705,#9710,#9715,#9720,#9725,#9730));
#9737= IFCFACETEDBREP(#9735);
#9738= IFCPRESENTATIONSTYLEASSIGNMENT((#9740));
#9740= IFCSURFACESTYLE($,.POSITIVE.,(#9742));
#9741= IFCCOLOURRGB($,1.,0.7490196078431373,0.);
#9742= IFCSURFACESTYLESHADING(#9741);
#9744= IFCSTYLEDITEM(#9737,(#9738),$);
ENDSEC;

END-ISO-10303-21;
