solid "27304205T"
  facet normal -0.997935175896 -2.90975123107e-07 0.0642290636897
    outer loop
      vertex 0.00556771596894 -0.124961622059 0.282441020012
      vertex -0.00163622794207 -0.0130317443982 0.000237072890741
      vertex 0.00556779606268 -0.124961622059 0.00744109693915
    endloop
  endfacet
  facet normal -0.997935116291 -5.52978121959e-07 0.0642297193408
    outer loop
      vertex -0.00163638836239 -0.0130317443982 0.289645016193
      vertex -0.00163622794207 -0.0130317443982 0.000237072890741
      vertex 0.00556771596894 -0.124961622059 0.282441020012
    endloop
  endfacet
  facet normal 0.967212975025 2.82017225572e-07 0.253966540098
    outer loop
      vertex 0.0143606597558 -0.0914746299386 0.0162337906659
      vertex 0.00556771596894 -0.124961622059 0.282441020012
      vertex 0.00556779606268 -0.124961622059 0.00744109693915
    endloop
  endfacet
  facet normal 0.999404788017 0.0311445426196 0.0148358624429
    outer loop
      vertex 0.00611889874563 -0.0889891013503 0.281889677048
      vertex 0.00556771596894 -0.124961622059 0.282441020012
      vertex 0.0143606597558 -0.0914746299386 0.0162337906659
    endloop
  endfacet
  facet normal -0.277305394411 -2.56155046882e-18 -0.960781812668
    outer loop
      vertex 2.68794083595 -0.0868087932467 6.82060199324e-05
      vertex 2.67177510262 -0.0914746299386 0.0162339601666
      vertex 2.67177510262 -0.0914746299386 0.273648381233
    endloop
  endfacet
  facet normal 3.62206301361e-05 0.277338832617 -0.960772156715
    outer loop
      vertex -0.00200154492632 -0.0866506770253 -0.000128244035295
      vertex 2.67177510262 -0.0914746299386 0.0162339601666
      vertex 2.68794083595 -0.0868087932467 6.82060199324e-05
    endloop
  endfacet
  facet normal -1.8132276125e-08 0.282791674137 -0.959181368351
    outer loop
      vertex 0.0143606597558 -0.0914746299386 0.0162337906659
      vertex 2.67177510262 -0.0914746299386 0.0162339601666
      vertex -0.00200154492632 -0.0866506770253 -0.000128244035295
    endloop
  endfacet
  facet normal -0.270206063986 0.000453957822174 -0.962802410126
    outer loop
      vertex 2.67177510262 -0.0914746299386 0.273648381233
      vertex 2.68785119057 -0.0869705229998 0.289724647999
      vertex 2.68794083595 -0.0868087932467 6.82060199324e-05
    endloop
  endfacet
  facet normal 6.35807446088e-05 -0.269841641188 -0.962904691696
    outer loop
      vertex 2.67177510262 -0.0914746299386 0.273648381233
      vertex 0.00611889874563 -0.0889891013503 0.281889677048
      vertex 2.68785119057 -0.0869705229998 0.289724647999
    endloop
  endfacet
  facet normal 0.2829682827 -0.000194939231733 -0.959129273891
    outer loop
      vertex 0.0143606597558 -0.0914746299386 0.0162337906659
      vertex -0.00200154492632 -0.0866506770253 -0.000128244035295
      vertex 0.00611889874563 -0.0889891013503 0.281889677048
    endloop
  endfacet
  facet normal 0.999995529652 0.000406597420806 -0.00295854406431
    outer loop
      vertex -0.00225011445582 -0.0425418913364 0.290258675814
      vertex -0.00200154492632 -0.0866506770253 -0.000128244035295
      vertex -0.00213272543624 -0.0422933138907 -0.000259264197666
    endloop
  endfacet
  facet normal 0.982944846153 -0.0267943944782 -0.181938186288
    outer loop
      vertex 0.00611889874563 -0.0889891013503 0.281889677048
      vertex -0.00200154492632 -0.0866506770253 -0.000128244035295
      vertex -0.00225011445582 -0.0425418913364 0.290258675814
    endloop
  endfacet
  facet normal 0.116465993226 3.67758588027e-08 0.993194699287
    outer loop
      vertex -0.00213272543624 -0.0422933138907 -0.000259264197666
      vertex 0.0161004047841 -0.0401552245021 0.0179736167192
      vertex 0.0161003246903 -0.0401552245021 0.27190849185
    endloop
  endfacet
  facet normal 0.000106858475192 0.116362191737 0.993206858635
    outer loop
      vertex -0.00213272543624 -0.0422933138907 -0.000259264197666
      vertex 2.6694252491 -0.0397982634604 0.0185838248581
      vertex 0.0161004047841 -0.0401552245021 0.0179736167192
    endloop
  endfacet
  facet normal 0 0.131266251206 0.991347134113
    outer loop
      vertex 2.68826818466 -0.0422933138907 -0.000259264197666
      vertex 2.6694252491 -0.0397982634604 0.0185838248581
      vertex -0.00213272543624 -0.0422933138907 -0.000259264197666
    endloop
  endfacet
  facet normal -0.130300611258 0.000983566045761 0.991474032402
    outer loop
      vertex 2.68826818466 -0.0422933138907 -0.000259264197666
      vertex 2.66940116882 -0.0395444259048 0.271274477243
      vertex 2.6694252491 -0.0397982634604 0.0185838248581
    endloop
  endfacet
  facet normal -0.144176065922 0 0.989552080631
    outer loop
      vertex 2.68826818466 -0.0422933138907 0.290141522884
      vertex 2.66940116882 -0.0395444259048 0.271274477243
      vertex 2.68826818466 -0.0422933138907 -0.000259264197666
    endloop
  endfacet
  facet normal 8.51433142088e-05 -0.144258901477 0.989539980888
    outer loop
      vertex -0.00225011445582 -0.0425418913364 0.290258675814
      vertex 2.66940116882 -0.0395444259048 0.271274477243
      vertex 2.68826818466 -0.0422933138907 0.290141522884
    endloop
  endfacet
  facet normal 0.000197512461455 -0.128781944513 0.991672933102
    outer loop
      vertex -0.00225011445582 -0.0425418913364 0.290258675814
      vertex 0.0161003246903 -0.0401552245021 0.27190849185
      vertex 2.66940116882 -0.0395444259048 0.271274477243
    endloop
  endfacet
  facet normal 0.128190770745 -0.000796784937847 0.991749227047
    outer loop
      vertex -0.00213272543624 -0.0422933138907 -0.000259264197666
      vertex 0.0161003246903 -0.0401552245021 0.27190849185
      vertex -0.00225011445582 -0.0425418913364 0.290258675814
    endloop
  endfacet
  facet normal 0.99935644865 3.15561578645e-07 0.0358704142272
    outer loop
      vertex 0.0167117267847 -0.0231237150729 0.0185851063579
      vertex 0.0161003246903 -0.0401552245021 0.27190849185
      vertex 0.0161004047841 -0.0401552245021 0.0179736167192
    endloop
  endfacet
  facet normal 0.999997079372 0.00241444003768 -1.38124150908e-05
    outer loop
      vertex 0.0161000844091 -0.022764230147 0.271908640862
      vertex 0.0161003246903 -0.0401552245021 0.27190849185
      vertex 0.0167117267847 -0.0231237150729 0.0185851063579
    endloop
  endfacet
  facet normal 0.482001662254 -7.95690866653e-05 -0.876170277596
    outer loop
      vertex -0.00163622794207 -0.0130317443982 0.000237072890741
      vertex 0.0161000844091 -0.022764230147 0.271908640862
      vertex 0.0167117267847 -0.0231237150729 0.0185851063579
    endloop
  endfacet
  facet normal 0.481062084436 2.66567212748e-07 -0.876686513424
    outer loop
      vertex -0.00163638836239 -0.0130317443982 0.289645016193
      vertex 0.0161000844091 -0.022764230147 0.271908640862
      vertex -0.00163622794207 -0.0130317443982 0.000237072890741
    endloop
  endfacet
  facet normal 0 -1 0
    outer loop
      vertex 2.40556788445 -0.0264616310596 0.0199410840869
      vertex 2.38056778908 -0.0949616283178 0.0199410840869
      vertex 2.38056778908 -0.037461631 0.0199410840869
    endloop
  endfacet
  facet normal 0 -1 -0
    outer loop
      vertex 2.40556788445 -0.109961621463 0.0199410840869
      vertex 2.38056778908 -0.0949616283178 0.0199410840869
      vertex 2.40556788445 -0.0264616310596 0.0199410840869
    endloop
  endfacet
  facet normal 0 -0.32044133544 0.947268366814
    outer loop
      vertex 2.40556788445 -0.0777339339256 0.0643950849771
      vertex 2.38056778908 -0.0828015729785 0.0793757215142
      vertex 2.38056778908 -0.0777339339256 0.0643950849771
    endloop
  endfacet
  facet normal 0.12157265842 -0.129994541407 0.984033286572
    outer loop
      vertex 2.40556788445 -0.0795995816588 0.0785176828504
      vertex 2.38056778908 -0.0828015729785 0.0793757215142
      vertex 2.40556788445 -0.0777339339256 0.0643950849771
    endloop
  endfacet
  facet normal -0.106380499899 -0.775036931038 -0.622897207737
    outer loop
      vertex 2.40556788445 -0.0922629460692 0.0683401376009
      vertex 2.38056778908 -0.0828015729785 0.0793757215142
      vertex 2.40556788445 -0.0795995816588 0.0785176828504
    endloop
  endfacet
  facet normal 0.0109717976302 -0.636402070522 -0.771279454231
    outer loop
      vertex 2.40556788445 -0.0922629460692 0.0683401376009
      vertex 2.38056778908 -0.0930916815996 0.0669047534466
      vertex 2.38056778908 -0.0828015729785 0.0793757215142
    endloop
  endfacet
  facet normal -0.0618908330798 0.985017538071 -0.160965576768
    outer loop
      vertex 2.40556788445 -0.0922629460692 0.0683401376009
      vertex 2.38056778908 -0.0777339339256 0.0643950849771
      vertex 2.38056778908 -0.0930916815996 0.0669047534466
    endloop
  endfacet
  facet normal 0 0.965056717396 -0.262041181326
    outer loop
      vertex 2.40556788445 -0.0777339339256 0.0643950849771
      vertex 2.38056778908 -0.0777339339256 0.0643950849771
      vertex 2.40556788445 -0.0922629460692 0.0683401376009
    endloop
  endfacet
  facet normal 0.095071144402 -0.273399055004 0.957190930843
    outer loop
      vertex 2.40556788445 -0.0672434493899 0.144849151373
      vertex 2.38056778908 -0.0720343366265 0.152928933501
      vertex 2.38056778908 -0.0678711086512 0.138353154063
    endloop
  endfacet
  facet normal -0.180255696177 -0.850612521172 0.493929356337
    outer loop
      vertex 2.40556788445 -0.0804608687758 0.15252417326
      vertex 2.38056778908 -0.0720343366265 0.152928933501
      vertex 2.40556788445 -0.0672434493899 0.144849151373
    endloop
  endfacet
  facet normal 0.23101696372 -0.65770149231 -0.71697974205
    outer loop
      vertex 2.40556788445 -0.0804608687758 0.15252417326
      vertex 2.38056778908 -0.0835156440735 0.140412822366
      vertex 2.38056778908 -0.0720343366265 0.152928933501
    endloop
  endfacet
  facet normal -0.0737993940711 -0.0979837551713 -0.992447912693
    outer loop
      vertex 2.40556788445 -0.0819049626589 0.137897387147
      vertex 2.38056778908 -0.0835156440735 0.140412822366
      vertex 2.40556788445 -0.0804608687758 0.15252417326
    endloop
  endfacet
  facet normal 0.0909680277109 0.987333953381 -0.129986599088
    outer loop
      vertex 2.40556788445 -0.0819049626589 0.137897387147
      vertex 2.38056778908 -0.0678711086512 0.138353154063
      vertex 2.38056778908 -0.0835156440735 0.140412822366
    endloop
  endfacet
  facet normal -0.218609139323 0.881719529629 0.418067872524
    outer loop
      vertex 2.40556788445 -0.0672434493899 0.144849151373
      vertex 2.38056778908 -0.0678711086512 0.138353154063
      vertex 2.40556788445 -0.0819049626589 0.137897387147
    endloop
  endfacet
  facet normal -0.159286379814 0.848943531513 0.503907501698
    outer loop
      vertex 2.40556788445 -0.0665924102068 0.219763427973
      vertex 2.38056778908 -0.0677339285612 0.21439512074
      vertex 2.40556788445 -0.080105483532 0.211742475629
    endloop
  endfacet
  facet normal 0.144227907062 -0.488699793816 0.860448002815
    outer loop
      vertex 2.40556788445 -0.0665924102068 0.219763427973
      vertex 2.38056778908 -0.0757903754711 0.228580012918
      vertex 2.38056778908 -0.0677339285612 0.21439512074
    endloop
  endfacet
  facet normal -0.137165874243 -0.874430596828 0.465356498957
    outer loop
      vertex 2.40556788445 -0.0805076509714 0.227168872952
      vertex 2.38056778908 -0.0757903754711 0.228580012918
      vertex 2.40556788445 -0.0665924102068 0.219763427973
    endloop
  endfacet
  facet normal 0.138433501124 -0.467000633478 -0.873353660107
    outer loop
      vertex 2.40556788445 -0.0805076509714 0.227168872952
      vertex 2.38056778908 -0.0831602662802 0.214797332883
      vertex 2.38056778908 -0.0757903754711 0.228580012918
    endloop
  endfacet
  facet normal -0.118131928146 0.0258788280189 -0.99266064167
    outer loop
      vertex 2.40556788445 -0.080105483532 0.211742475629
      vertex 2.38056778908 -0.0831602662802 0.214797332883
      vertex 2.40556788445 -0.0805076509714 0.227168872952
    endloop
  endfacet
  facet normal 0.118134602904 0.992660224438 -0.0258816666901
    outer loop
      vertex 2.40556788445 -0.080105483532 0.211742475629
      vertex 2.38056778908 -0.0677339285612 0.21439512074
      vertex 2.38056778908 -0.0831602662802 0.214797332883
    endloop
  endfacet
  facet normal 0.196115761995 0 -0.980580747128
    outer loop
      vertex 2.38056778908 -0.0214616265148 0.0199410840869
      vertex 2.40556788445 -0.0264616310596 0.269941180944
      vertex 2.40556788445 -0.0264616310596 0.0199410840869
    endloop
  endfacet
  facet normal 0.196115761995 0 -0.980580747128
    outer loop
      vertex 2.38056778908 -0.0214616265148 0.269941180944
      vertex 2.40556788445 -0.0264616310596 0.269941180944
      vertex 2.38056778908 -0.0214616265148 0.0199410840869
    endloop
  endfacet
  facet normal -1 0 0
    outer loop
      vertex 2.38056778908 -0.0757903754711 0.228580012918
      vertex 2.38056778908 -0.0831602662802 0.214797332883
      vertex 2.38056778908 -0.0949616283178 0.269941180944
    endloop
  endfacet
  facet normal -1 0 0
    outer loop
      vertex 2.38056778908 -0.0677339285612 0.21439512074
      vertex 2.38056778908 -0.0757903754711 0.228580012918
      vertex 2.38056778908 -0.037461631 0.269941180944
    endloop
  endfacet
  facet normal -1 0 0
    outer loop
      vertex 2.38056778908 -0.0835156440735 0.140412822366
      vertex 2.38056778908 -0.0930916815996 0.0669047534466
      vertex 2.38056778908 -0.124961622059 0.269941180944
    endloop
  endfacet
  facet normal -1 -0 0
    outer loop
      vertex 2.38056778908 -0.0835156440735 0.140412822366
      vertex 2.38056778908 -0.0828015729785 0.0793757215142
      vertex 2.38056778908 -0.0930916815996 0.0669047534466
    endloop
  endfacet
  facet normal -1 0 0
    outer loop
      vertex 2.38056778908 -0.0678711086512 0.138353154063
      vertex 2.38056778908 -0.0828015729785 0.0793757215142
      vertex 2.38056778908 -0.0835156440735 0.140412822366
    endloop
  endfacet
  facet normal -1 0 -0
    outer loop
      vertex 2.38056778908 -0.0828015729785 0.0793757215142
      vertex 2.38056778908 -0.0678711086512 0.138353154063
      vertex 2.38056778908 -0.0777339339256 0.0643950849771
    endloop
  endfacet
  facet normal -1 -0 0
    outer loop
      vertex 2.38056778908 -0.0930916815996 0.0669047534466
      vertex 2.38056778908 -0.0777339339256 0.0643950849771
      vertex 2.38056778908 -0.0949616283178 0.0199410840869
    endloop
  endfacet
  facet normal -1 -0 0
    outer loop
      vertex 2.38056778908 -0.124961622059 0.269941180944
      vertex 2.38056778908 -0.0930916815996 0.0669047534466
      vertex 2.38056778908 -0.124961622059 0.0199410840869
    endloop
  endfacet
  facet normal -1 0 0
    outer loop
      vertex 2.38056778908 -0.124961622059 0.0199410840869
      vertex 2.38056778908 -0.0930916815996 0.0669047534466
      vertex 2.38056778908 -0.0949616283178 0.0199410840869
    endloop
  endfacet
  facet normal -1 0 0
    outer loop
      vertex 2.38056778908 -0.0949616283178 0.0199410840869
      vertex 2.38056778908 -0.0777339339256 0.0643950849771
      vertex 2.38056778908 -0.037461631 0.0199410840869
    endloop
  endfacet
  facet normal -1 -0 0
    outer loop
      vertex 2.38056778908 -0.0678711086512 0.138353154063
      vertex 2.38056778908 -0.037461631 0.0199410840869
      vertex 2.38056778908 -0.0777339339256 0.0643950849771
    endloop
  endfacet
  facet normal -1 0 0
    outer loop
      vertex 2.38056778908 -0.0678711086512 0.138353154063
      vertex 2.38056778908 -0.025461634621 0.0199410840869
      vertex 2.38056778908 -0.037461631 0.0199410840869
    endloop
  endfacet
  facet normal -1 0 0
    outer loop
      vertex 2.38056778908 -0.0214616265148 0.0199410840869
      vertex 2.38056778908 -0.025461634621 0.0199410840869
      vertex 2.38056778908 -0.0678711086512 0.138353154063
    endloop
  endfacet
  facet normal -1 0 -0
    outer loop
      vertex 2.38056778908 -0.0678711086512 0.138353154063
      vertex 2.38056778908 -0.0214616265148 0.269941180944
      vertex 2.38056778908 -0.0214616265148 0.0199410840869
    endloop
  endfacet
  facet normal -1 0 0
    outer loop
      vertex 2.38056778908 -0.0678711086512 0.138353154063
      vertex 2.38056778908 -0.025461634621 0.269941180944
      vertex 2.38056778908 -0.0214616265148 0.269941180944
    endloop
  endfacet
  facet normal -1 0 -0
    outer loop
      vertex 2.38056778908 -0.0720343366265 0.152928933501
      vertex 2.38056778908 -0.025461634621 0.269941180944
      vertex 2.38056778908 -0.0678711086512 0.138353154063
    endloop
  endfacet
  facet normal -1 -0 -0
    outer loop
      vertex 2.38056778908 -0.037461631 0.269941180944
      vertex 2.38056778908 -0.025461634621 0.269941180944
      vertex 2.38056778908 -0.0720343366265 0.152928933501
    endloop
  endfacet
  facet normal -1 0 0
    outer loop
      vertex 2.38056778908 -0.037461631 0.269941180944
      vertex 2.38056778908 -0.0757903754711 0.228580012918
      vertex 2.38056778908 -0.0949616283178 0.269941180944
    endloop
  endfacet
  facet normal -1 0 0
    outer loop
      vertex 2.38056778908 -0.0720343366265 0.152928933501
      vertex 2.38056778908 -0.0677339285612 0.21439512074
      vertex 2.38056778908 -0.037461631 0.269941180944
    endloop
  endfacet
  facet normal -1 0 0
    outer loop
      vertex 2.38056778908 -0.0720343366265 0.152928933501
      vertex 2.38056778908 -0.0831602662802 0.214797332883
      vertex 2.38056778908 -0.0677339285612 0.21439512074
    endloop
  endfacet
  facet normal -1 0 0
    outer loop
      vertex 2.38056778908 -0.0835156440735 0.140412822366
      vertex 2.38056778908 -0.0831602662802 0.214797332883
      vertex 2.38056778908 -0.0720343366265 0.152928933501
    endloop
  endfacet
  facet normal -1 0 0
    outer loop
      vertex 2.38056778908 -0.124961622059 0.269941180944
      vertex 2.38056778908 -0.0831602662802 0.214797332883
      vertex 2.38056778908 -0.0835156440735 0.140412822366
    endloop
  endfacet
  facet normal -1 -0 0
    outer loop
      vertex 2.38056778908 -0.0949616283178 0.269941180944
      vertex 2.38056778908 -0.0831602662802 0.214797332883
      vertex 2.38056778908 -0.124961622059 0.269941180944
    endloop
  endfacet
  facet normal 0.514494478703 0 0.857493698597
    outer loop
      vertex 2.40556788445 -0.109961621463 0.0199410840869
      vertex 2.38056778908 -0.124961622059 0.269941180944
      vertex 2.38056778908 -0.124961622059 0.0199410840869
    endloop
  endfacet
  facet normal 0.514494478703 0 0.857493698597
    outer loop
      vertex 2.40556788445 -0.109961621463 0.269941180944
      vertex 2.38056778908 -0.124961622059 0.269941180944
      vertex 2.40556788445 -0.109961621463 0.0199410840869
    endloop
  endfacet
  facet normal 1 0 0
    outer loop
      vertex 2.40556788445 -0.0264616310596 0.269941180944
      vertex 2.40556788445 -0.0805076509714 0.227168872952
      vertex 2.40556788445 -0.0665924102068 0.219763427973
    endloop
  endfacet
  facet normal 1 0 0
    outer loop
      vertex 2.40556788445 -0.109961621463 0.269941180944
      vertex 2.40556788445 -0.0805076509714 0.227168872952
      vertex 2.40556788445 -0.0264616310596 0.269941180944
    endloop
  endfacet
  facet normal 1 0 0
    outer loop
      vertex 2.40556788445 -0.0264616310596 0.269941180944
      vertex 2.40556788445 -0.0672434493899 0.144849151373
      vertex 2.40556788445 -0.0264616310596 0.0199410840869
    endloop
  endfacet
  facet normal 1 0 0
    outer loop
      vertex 2.40556788445 -0.0665924102068 0.219763427973
      vertex 2.40556788445 -0.0672434493899 0.144849151373
      vertex 2.40556788445 -0.0264616310596 0.269941180944
    endloop
  endfacet
  facet normal 1 0 0
    outer loop
      vertex 2.40556788445 -0.0665924102068 0.219763427973
      vertex 2.40556788445 -0.0804608687758 0.15252417326
      vertex 2.40556788445 -0.0672434493899 0.144849151373
    endloop
  endfacet
  facet normal 1 0 0
    outer loop
      vertex 2.40556788445 -0.080105483532 0.211742475629
      vertex 2.40556788445 -0.0804608687758 0.15252417326
      vertex 2.40556788445 -0.0665924102068 0.219763427973
    endloop
  endfacet
  facet normal 1 0 0
    outer loop
      vertex 2.40556788445 -0.109961621463 0.269941180944
      vertex 2.40556788445 -0.080105483532 0.211742475629
      vertex 2.40556788445 -0.0805076509714 0.227168872952
    endloop
  endfacet
  facet normal 1 0 0
    outer loop
      vertex 2.40556788445 -0.109961621463 0.269941180944
      vertex 2.40556788445 -0.0804608687758 0.15252417326
      vertex 2.40556788445 -0.080105483532 0.211742475629
    endloop
  endfacet
  facet normal 1 -0 0
    outer loop
      vertex 2.40556788445 -0.0819049626589 0.137897387147
      vertex 2.40556788445 -0.0804608687758 0.15252417326
      vertex 2.40556788445 -0.109961621463 0.269941180944
    endloop
  endfacet
  facet normal 1 0 0
    outer loop
      vertex 2.40556788445 -0.0264616310596 0.0199410840869
      vertex 2.40556788445 -0.0777339339256 0.0643950849771
      vertex 2.40556788445 -0.109961621463 0.0199410840869
    endloop
  endfacet
  facet normal 1 0 0
    outer loop
      vertex 2.40556788445 -0.0672434493899 0.144849151373
      vertex 2.40556788445 -0.0777339339256 0.0643950849771
      vertex 2.40556788445 -0.0264616310596 0.0199410840869
    endloop
  endfacet
  facet normal 1 0 0
    outer loop
      vertex 2.40556788445 -0.0672434493899 0.144849151373
      vertex 2.40556788445 -0.0795995816588 0.0785176828504
      vertex 2.40556788445 -0.0777339339256 0.0643950849771
    endloop
  endfacet
  facet normal 1 0 0
    outer loop
      vertex 2.40556788445 -0.0819049626589 0.137897387147
      vertex 2.40556788445 -0.0795995816588 0.0785176828504
      vertex 2.40556788445 -0.0672434493899 0.144849151373
    endloop
  endfacet
  facet normal 1 0 0
    outer loop
      vertex 2.40556788445 -0.0819049626589 0.137897387147
      vertex 2.40556788445 -0.0922629460692 0.0683401376009
      vertex 2.40556788445 -0.0795995816588 0.0785176828504
    endloop
  endfacet
  facet normal 1 0 -0
    outer loop
      vertex 2.40556788445 -0.0922629460692 0.0683401376009
      vertex 2.40556788445 -0.109961621463 0.269941180944
      vertex 2.40556788445 -0.109961621463 0.0199410840869
    endloop
  endfacet
  facet normal 1 -0 0
    outer loop
      vertex 2.40556788445 -0.0922629460692 0.0683401376009
      vertex 2.40556788445 -0.0819049626589 0.137897387147
      vertex 2.40556788445 -0.109961621463 0.269941180944
    endloop
  endfacet
  facet normal 1 0 0
    outer loop
      vertex 2.40556788445 -0.109961621463 0.0199410840869
      vertex 2.40556788445 -0.0777339339256 0.0643950849771
      vertex 2.40556788445 -0.0922629460692 0.0683401376009
    endloop
  endfacet
  facet normal 0 -1 0
    outer loop
      vertex 2.40556788445 -0.0264616310596 0.0199410840869
      vertex 2.38056778908 -0.025461634621 0.0199410840869
      vertex 2.38056778908 -0.0214616265148 0.0199410840869
    endloop
  endfacet
  facet normal 0 -1 0
    outer loop
      vertex 0.905567705631 -0.037461631 0.0199410840869
      vertex 0.880567610264 -0.0949616283178 0.0199410840869
      vertex 0.880567610264 -0.037461631 0.0199410840869
    endloop
  endfacet
  facet normal -0 -1 -0
    outer loop
      vertex 0.905567705631 -0.0949616283178 0.0199410840869
      vertex 0.880567610264 -0.0949616283178 0.0199410840869
      vertex 0.905567705631 -0.037461631 0.0199410840869
    endloop
  endfacet
  facet normal 0.110971681774 0.981678009033 0.154898658395
    outer loop
      vertex 0.905567705631 -0.0874528586864 0.0603693127632
      vertex 0.880567610264 -0.0764318332076 0.0649344027042
      vertex 0.880567610264 -0.0905076488853 0.0627133846283
    endloop
  endfacet
  facet normal -0.110970593989 0.803679823875 0.584623157978
    outer loop
      vertex 0.905567705631 -0.0759292542934 0.0687519609928
      vertex 0.880567610264 -0.0764318332076 0.0649344027042
      vertex 0.905567705631 -0.0874528586864 0.0603693127632
    endloop
  endfacet
  facet normal 0.0959940254688 -0.516628801823 0.850811302662
    outer loop
      vertex 0.905567705631 -0.0759292542934 0.0687519609928
      vertex 0.880567610264 -0.0845092609525 0.0782367289066
      vertex 0.880567610264 -0.0764318332076 0.0649344027042
    endloop
  endfacet
  facet normal -0.203675433993 -0.895278334618 0.396223425865
    outer loop
      vertex 0.905567705631 -0.0911474078894 0.075487062335
      vertex 0.880567610264 -0.0845092609525 0.0782367289066
      vertex 0.905567705631 -0.0759292542934 0.0687519609928
    endloop
  endfacet
  facet normal 0.203673243523 -0.352882266045 -0.913231253624
    outer loop
      vertex 0.905567705631 -0.0911474078894 0.075487062335
      vertex 0.880567610264 -0.0905076488853 0.0627133846283
      vertex 0.880567610264 -0.0845092609525 0.0782367289066
    endloop
  endfacet
  facet normal -0.0959934219718 0.236302167177 -0.966926336288
    outer loop
      vertex 0.905567705631 -0.0874528586864 0.0603693127632
      vertex 0.880567610264 -0.0905076488853 0.0627133846283
      vertex 0.905567705631 -0.0911474078894 0.075487062335
    endloop
  endfacet
  facet normal 0.0208844132721 -0.00140428228769 0.999780893326
    outer loop
      vertex 0.905567705631 -0.0709309130907 0.137604236603
      vertex 0.880567610264 -0.0714752674103 0.153357923031
      vertex 0.880567610264 -0.0714518725872 0.136701926589
    endloop
  endfacet
  facet normal 0 -0.0345334969461 0.99940353632
    outer loop
      vertex 0.905567705631 -0.0714752674103 0.153357923031
      vertex 0.880567610264 -0.0714752674103 0.153357923031
      vertex 0.905567705631 -0.0709309130907 0.137604236603
    endloop
  endfacet
  facet normal -0 -0.832052767277 -0.554696440697
    outer loop
      vertex 0.905567705631 -0.0714752674103 0.153357923031
      vertex 0.880567610264 -0.0846337750554 0.144585669041
      vertex 0.880567610264 -0.0714752674103 0.153357923031
    endloop
  endfacet
  facet normal 0.0242346785963 -0.852448344231 -0.522249400616
    outer loop
      vertex 0.905567705631 -0.0846337750554 0.145296409726
      vertex 0.880567610264 -0.0846337750554 0.144585669041
      vertex 0.905567705631 -0.0714752674103 0.153357923031
    endloop
  endfacet
  facet normal -0.0243915505707 0.857966303825 -0.51312661171
    outer loop
      vertex 0.905567705631 -0.0846337750554 0.145296409726
      vertex 0.880567610264 -0.0714518725872 0.136701926589
      vertex 0.880567610264 -0.0846337750554 0.144585669041
    endloop
  endfacet
  facet normal -0.0416367650032 0.871245622635 -0.489078193903
    outer loop
      vertex 0.905567705631 -0.0709309130907 0.137604236603
      vertex 0.880567610264 -0.0714518725872 0.136701926589
      vertex 0.905567705631 -0.0846337750554 0.145296409726
    endloop
  endfacet
  facet normal -0.117866776884 0.231929808855 0.965565085411
    outer loop
      vertex 0.905567705631 -0.0678711086512 0.226528987288
      vertex 0.880567610264 -0.0677339285612 0.214395031333
      vertex 0.905567705631 -0.0714752674103 0.211524233222
    endloop
  endfacet
  facet normal 0.228701889515 -0.480774283409 0.846493661404
    outer loop
      vertex 0.905567705631 -0.0678711086512 0.226528987288
      vertex 0.880567610264 -0.0757903754711 0.228579923511
      vertex 0.880567610264 -0.0677339285612 0.214395031333
    endloop
  endfacet
  facet normal -0.150149270892 -0.962800621986 -0.224655717611
    outer loop
      vertex 0.905567705631 -0.0830916762352 0.222977489233
      vertex 0.880567610264 -0.0757903754711 0.228579923511
      vertex 0.905567705631 -0.0678711086512 0.226528987288
    endloop
  endfacet
  facet normal 0.15015104413 -0.466194540262 -0.871847093105
    outer loop
      vertex 0.905567705631 -0.0830916762352 0.222977489233
      vertex 0.880567610264 -0.0831602662802 0.214797228575
      vertex 0.880567610264 -0.0757903754711 0.228579923511
    endloop
  endfacet
  facet normal -0.22870194912 0.693216919899 -0.68348056078
    outer loop
      vertex 0.905567705631 -0.0714752674103 0.211524233222
      vertex 0.880567610264 -0.0831602662802 0.214797228575
      vertex 0.905567705631 -0.0830916762352 0.222977489233
    endloop
  endfacet
  facet normal 0.117865435779 0.992692232132 -0.0258815325797
    outer loop
      vertex 0.905567705631 -0.0714752674103 0.211524233222
      vertex 0.880567610264 -0.0677339285612 0.214395031333
      vertex 0.880567610264 -0.0831602662802 0.214797228575
    endloop
  endfacet
  facet normal -1 0 0
    outer loop
      vertex 0.880567610264 -0.0757903754711 0.228579923511
      vertex 0.880567610264 -0.0831602662802 0.214797228575
      vertex 0.880567610264 -0.0949616283178 0.269941091537
    endloop
  endfacet
  facet normal -1 0 0
    outer loop
      vertex 0.880567610264 -0.0677339285612 0.214395031333
      vertex 0.880567610264 -0.0757903754711 0.228579923511
      vertex 0.880567610264 -0.037461631 0.269941091537
    endloop
  endfacet
  facet normal -0.954674959183 -0.000558591156732 0.29764971137
    outer loop
      vertex 0.880567610264 -0.0846337750554 0.144585669041
      vertex 0.880567610264 -0.0845092609525 0.0782367289066
      vertex 0.893067717552 -0.124961622059 0.269941091537
    endloop
  endfacet
  facet normal -1 0 0
    outer loop
      vertex 0.880567610264 -0.0714518725872 0.136701926589
      vertex 0.880567610264 -0.0845092609525 0.0782367289066
      vertex 0.880567610264 -0.0846337750554 0.144585669041
    endloop
  endfacet
  facet normal -1 0 -0
    outer loop
      vertex 0.880567610264 -0.0845092609525 0.0782367289066
      vertex 0.880567610264 -0.0714518725872 0.136701926589
      vertex 0.880567610264 -0.0764318332076 0.0649344027042
    endloop
  endfacet
  facet normal -1 0 0
    outer loop
      vertex 0.880567610264 -0.0949616283178 0.0199410840869
      vertex 0.880567610264 -0.0905076488853 0.0627133846283
      vertex 0.880567610264 -0.0764318332076 0.0649344027042
    endloop
  endfacet
  facet normal -0.800939381123 0.215810284019 0.55849981308
    outer loop
      vertex 0.893067717552 -0.124961622059 0.0199410840869
      vertex 0.880567610264 -0.0845092609525 0.0782367289066
      vertex 0.880567610264 -0.0905076488853 0.0627133846283
    endloop
  endfacet
  facet normal -0.955424904823 0 0.295234262943
    outer loop
      vertex 0.893067717552 -0.124961622059 0.269941091537
      vertex 0.880567610264 -0.0845092609525 0.0782367289066
      vertex 0.893067717552 -0.124961622059 0.0199410840869
    endloop
  endfacet
  facet normal -0.922336161137 0.0400191619992 0.38431045413
    outer loop
      vertex 0.893067717552 -0.124961622059 0.0199410840869
      vertex 0.880567610264 -0.0905076488853 0.0627133846283
      vertex 0.880567610264 -0.0949616283178 0.0199410840869
    endloop
  endfacet
  facet normal -1 0 0
    outer loop
      vertex 0.880567610264 -0.0949616283178 0.0199410840869
      vertex 0.880567610264 -0.0764318332076 0.0649344027042
      vertex 0.880567610264 -0.037461631 0.0199410840869
    endloop
  endfacet
  facet normal -1 -0 0
    outer loop
      vertex 0.880567610264 -0.0714518725872 0.136701926589
      vertex 0.880567610264 -0.037461631 0.0199410840869
      vertex 0.880567610264 -0.0764318332076 0.0649344027042
    endloop
  endfacet
  facet normal -0.677744746208 0.205520957708 -0.70599091053
    outer loop
      vertex 0.880567610264 -0.0714518725872 0.136701926589
      vertex 0.893067717552 -0.025461634621 0.0199410840869
      vertex 0.880567610264 -0.037461631 0.0199410840869
    endloop
  endfacet
  facet normal -0.994318127632 -0.106449157 0
    outer loop
      vertex 0.893067717552 -0.0214616265148 0.0199410840869
      vertex 0.893067717552 -0.025461634621 0.0199410840869
      vertex 0.880567610264 -0.0714518725872 0.136701926589
    endloop
  endfacet
  facet normal -0.970130801201 -9.82050495355e-18 -0.242582306266
    outer loop
      vertex 0.880567610264 -0.0714518725872 0.136701926589
      vertex 0.893067717552 -0.0214616265148 0.269941091537
      vertex 0.893067717552 -0.0214616265148 0.0199410840869
    endloop
  endfacet
  facet normal -0.995627999306 0.0934069752693 0
    outer loop
      vertex 0.880567610264 -0.0714518725872 0.136701926589
      vertex 0.893067717552 -0.025461634621 0.269941091537
      vertex 0.893067717552 -0.0214616265148 0.269941091537
    endloop
  endfacet
  facet normal -0.965259313583 0.000367010361515 -0.261293590069
    outer loop
      vertex 0.880567610264 -0.0714752674103 0.153357923031
      vertex 0.893067717552 -0.025461634621 0.269941091537
      vertex 0.880567610264 -0.0714518725872 0.136701926589
    endloop
  endfacet
  facet normal -0.677681326866 -0.205956578255 -0.705924868584
    outer loop
      vertex 0.880567610264 -0.037461631 0.269941091537
      vertex 0.893067717552 -0.025461634621 0.269941091537
      vertex 0.880567610264 -0.0714752674103 0.153357923031
    endloop
  endfacet
  facet normal -1 0 0
    outer loop
      vertex 0.880567610264 -0.037461631 0.269941091537
      vertex 0.880567610264 -0.0757903754711 0.228579923511
      vertex 0.880567610264 -0.0949616283178 0.269941091537
    endloop
  endfacet
  facet normal -1 0 0
    outer loop
      vertex 0.880567610264 -0.0714752674103 0.153357923031
      vertex 0.880567610264 -0.0677339285612 0.214395031333
      vertex 0.880567610264 -0.037461631 0.269941091537
    endloop
  endfacet
  facet normal -1 0 0
    outer loop
      vertex 0.880567610264 -0.0714752674103 0.153357923031
      vertex 0.880567610264 -0.0831602662802 0.214797228575
      vertex 0.880567610264 -0.0677339285612 0.214395031333
    endloop
  endfacet
  facet normal -1 0 0
    outer loop
      vertex 0.880567610264 -0.0846337750554 0.144585669041
      vertex 0.880567610264 -0.0831602662802 0.214797228575
      vertex 0.880567610264 -0.0714752674103 0.153357923031
    endloop
  endfacet
  facet normal -0.960160434246 0.00586343370378 0.279387742281
    outer loop
      vertex 0.893067717552 -0.124961622059 0.269941091537
      vertex 0.880567610264 -0.0831602662802 0.214797228575
      vertex 0.880567610264 -0.0846337750554 0.144585669041
    endloop
  endfacet
  facet normal -0.919964313507 -0.0820349603891 0.383322179317
    outer loop
      vertex 0.880567610264 -0.0949616283178 0.269941091537
      vertex 0.880567610264 -0.0831602662802 0.214797228575
      vertex 0.893067717552 -0.124961622059 0.269941091537
    endloop
  endfacet
  facet normal 1 0 0
    outer loop
      vertex 0.905567705631 -0.0678711086512 0.226528987288
      vertex 0.905567705631 -0.0714752674103 0.211524233222
      vertex 0.905567705631 -0.037461631 0.269941091537
    endloop
  endfacet
  facet normal 1 0 0
    outer loop
      vertex 0.905567705631 -0.0949616283178 0.269941091537
      vertex 0.905567705631 -0.0678711086512 0.226528987288
      vertex 0.905567705631 -0.037461631 0.269941091537
    endloop
  endfacet
  facet normal 1 -0 0
    outer loop
      vertex 0.905567705631 -0.0830916762352 0.222977489233
      vertex 0.905567705631 -0.0678711086512 0.226528987288
      vertex 0.905567705631 -0.0949616283178 0.269941091537
    endloop
  endfacet
  facet normal 0.918746054173 -0.0967546626925 0.382810890675
    outer loop
      vertex 0.893067717552 -0.124961622059 0.269941091537
      vertex 0.905567705631 -0.0830916762352 0.222977489233
      vertex 0.905567705631 -0.0949616283178 0.269941091537
    endloop
  endfacet
  facet normal 0.678396642208 0.20101031661 -0.706663191319
    outer loop
      vertex 0.893067717552 -0.025461634621 0.0199410840869
      vertex 0.905567705631 -0.0709309130907 0.137604236603
      vertex 0.905567705631 -0.037461631 0.0199410840869
    endloop
  endfacet
  facet normal 0.994404315948 -0.105640985072 0
    outer loop
      vertex 0.893067717552 -0.0214616265148 0.0199410840869
      vertex 0.905567705631 -0.0709309130907 0.137604236603
      vertex 0.893067717552 -0.025461634621 0.0199410840869
    endloop
  endfacet
  facet normal 0.969527602196 0 -0.244982153177
    outer loop
      vertex 0.893067717552 -0.0214616265148 0.269941091537
      vertex 0.905567705631 -0.0709309130907 0.137604236603
      vertex 0.893067717552 -0.0214616265148 0.0199410840869
    endloop
  endfacet
  facet normal 0.995568692684 0.0940373390913 0
    outer loop
      vertex 0.893067717552 -0.025461634621 0.269941091537
      vertex 0.905567705631 -0.0709309130907 0.137604236603
      vertex 0.893067717552 -0.0214616265148 0.269941091537
    endloop
  endfacet
  facet normal 0.970156431198 0.00837367679924 -0.24233520031
    outer loop
      vertex 0.893067717552 -0.025461634621 0.269941091537
      vertex 0.905567705631 -0.0714752674103 0.153357923031
      vertex 0.905567705631 -0.0709309130907 0.137604236603
    endloop
  endfacet
  facet normal 0.67768484354 -0.205955669284 -0.705921769142
    outer loop
      vertex 0.905567705631 -0.037461631 0.269941091537
      vertex 0.905567705631 -0.0714752674103 0.153357923031
      vertex 0.893067717552 -0.025461634621 0.269941091537
    endloop
  endfacet
  facet normal 1 0 0
    outer loop
      vertex 0.905567705631 -0.0714752674103 0.211524233222
      vertex 0.905567705631 -0.0714752674103 0.153357923031
      vertex 0.905567705631 -0.037461631 0.269941091537
    endloop
  endfacet
  facet normal 1 0 0
    outer loop
      vertex 0.905567705631 -0.0714752674103 0.211524233222
      vertex 0.905567705631 -0.0846337750554 0.145296409726
      vertex 0.905567705631 -0.0714752674103 0.153357923031
    endloop
  endfacet
  facet normal 1 0 0
    outer loop
      vertex 0.905567705631 -0.0830916762352 0.222977489233
      vertex 0.905567705631 -0.0846337750554 0.145296409726
      vertex 0.905567705631 -0.0714752674103 0.211524233222
    endloop
  endfacet
  facet normal 0.959888577461 0.00556495320052 0.280326485634
    outer loop
      vertex 0.893067717552 -0.124961622059 0.269941091537
      vertex 0.905567705631 -0.0846337750554 0.145296409726
      vertex 0.905567705631 -0.0830916762352 0.222977489233
    endloop
  endfacet
  facet normal 1 0 0
    outer loop
      vertex 0.905567705631 -0.0949616283178 0.0199410840869
      vertex 0.905567705631 -0.0759292542934 0.0687519609928
      vertex 0.905567705631 -0.0874528586864 0.0603693127632
    endloop
  endfacet
  facet normal 1 0 0
    outer loop
      vertex 0.905567705631 -0.037461631 0.0199410840869
      vertex 0.905567705631 -0.0759292542934 0.0687519609928
      vertex 0.905567705631 -0.0949616283178 0.0199410840869
    endloop
  endfacet
  facet normal 1 0 0
    outer loop
      vertex 0.905567705631 -0.0709309130907 0.137604236603
      vertex 0.905567705631 -0.0759292542934 0.0687519609928
      vertex 0.905567705631 -0.037461631 0.0199410840869
    endloop
  endfacet
  facet normal 1 0 0
    outer loop
      vertex 0.905567705631 -0.0709309130907 0.137604236603
      vertex 0.905567705631 -0.0911474078894 0.075487062335
      vertex 0.905567705631 -0.0759292542934 0.0687519609928
    endloop
  endfacet
  facet normal 1 0 0
    outer loop
      vertex 0.905567705631 -0.0846337750554 0.145296409726
      vertex 0.905567705631 -0.0911474078894 0.075487062335
      vertex 0.905567705631 -0.0709309130907 0.137604236603
    endloop
  endfacet
  facet normal 0.937963485718 -1.00827063185e-17 0.346734106541
    outer loop
      vertex 0.905567705631 -0.0911474078894 0.075487062335
      vertex 0.893067717552 -0.124961622059 0.269941091537
      vertex 0.893067717552 -0.124961622059 0.0199410840869
    endloop
  endfacet
  facet normal 0.972027897835 0.0218195784837 0.23384962976
    outer loop
      vertex 0.905567705631 -0.0911474078894 0.075487062335
      vertex 0.905567705631 -0.0846337750554 0.145296409726
      vertex 0.893067717552 -0.124961622059 0.269941091537
    endloop
  endfacet
  facet normal 0.922755122185 0.0264014918357 0.384481340647
    outer loop
      vertex 0.905567705631 -0.0949616283178 0.0199410840869
      vertex 0.905567705631 -0.0911474078894 0.075487062335
      vertex 0.893067717552 -0.124961622059 0.0199410840869
    endloop
  endfacet
  facet normal 1 0 0
    outer loop
      vertex 0.905567705631 -0.0949616283178 0.0199410840869
      vertex 0.905567705631 -0.0874528586864 0.0603693127632
      vertex 0.905567705631 -0.0911474078894 0.075487062335
    endloop
  endfacet
  facet normal -0 -1 0
    outer loop
      vertex 0.305567711592 -0.037461631 0.0199410039932
      vertex 0.28056755662 -0.109961621463 0.0199410039932
      vertex 0.28056755662 -0.0264616310596 0.0199410039932
    endloop
  endfacet
  facet normal -0 -1 -0
    outer loop
      vertex 0.305567711592 -0.0949616283178 0.0199410039932
      vertex 0.28056755662 -0.109961621463 0.0199410039932
      vertex 0.305567711592 -0.037461631 0.0199410039932
    endloop
  endfacet
  facet normal 0.221998825669 0.946767389774 0.233126714826
    outer loop
      vertex 0.305567711592 -0.0814752727747 0.0615241862833
      vertex 0.28056755662 -0.0759292542934 0.0687518641353
      vertex 0.28056755662 -0.0903065726161 0.0652116760612
    endloop
  endfacet
  facet normal -0.182216092944 0.11869135499 0.976068496704
    outer loop
      vertex 0.305567711592 -0.0795812085271 0.0771001875401
      vertex 0.28056755662 -0.0759292542934 0.0687518641353
      vertex 0.305567711592 -0.0814752727747 0.0615241862833
    endloop
  endfacet
  facet normal 0.0706705898046 -0.569790780544 0.818745434284
    outer loop
      vertex 0.305567711592 -0.0795812085271 0.0771001875401
      vertex 0.28056755662 -0.083919711411 0.0802335366607
      vertex 0.28056755662 -0.0759292542934 0.0687518641353
    endloop
  endfacet
  facet normal -0.204338654876 -0.383018314838 -0.900856673717
    outer loop
      vertex 0.305567711592 -0.0795812085271 0.0771001875401
      vertex 0.28056755662 -0.0903065726161 0.0652116760612
      vertex 0.28056755662 -0.083919711411 0.0802335366607
    endloop
  endfacet
  facet normal 0.262277573347 -0.889371991158 -0.374470204115
    outer loop
      vertex 0.305567711592 -0.0942783951759 0.0709119364619
      vertex 0.28056755662 -0.0903065726161 0.0652116760612
      vertex 0.305567711592 -0.0795812085271 0.0771001875401
    endloop
  endfacet
  facet normal -0.0895711481571 0.803199768066 -0.588937342167
    outer loop
      vertex 0.305567711592 -0.0814752727747 0.0615241862833
      vertex 0.28056755662 -0.0903065726161 0.0652116760612
      vertex 0.305567711592 -0.0942783951759 0.0709119364619
    endloop
  endfacet
  facet normal -0.155502185225 -0.0341135784984 0.987246334553
    outer loop
      vertex 0.305567711592 -0.0714752674103 0.153357848525
      vertex 0.28056755662 -0.0672434493899 0.144849076867
      vertex 0.305567711592 -0.0709309130907 0.137604236603
    endloop
  endfacet
  facet normal 0.211321443319 -0.85576415062 0.472240328789
    outer loop
      vertex 0.305567711592 -0.0714752674103 0.153357848525
      vertex 0.28056755662 -0.0805076509714 0.152168720961
      vertex 0.28056755662 -0.0672434493899 0.144849076867
    endloop
  endfacet
  facet normal -0.146580219269 -0.8434907794 -0.516756772995
    outer loop
      vertex 0.305567711592 -0.0846337750554 0.145296409726
      vertex 0.28056755662 -0.0805076509714 0.152168720961
      vertex 0.305567711592 -0.0714752674103 0.153357848525
    endloop
  endfacet
  facet normal 0.137745529413 -0.0910645797849 -0.986272454262
    outer loop
      vertex 0.305567711592 -0.0846337750554 0.145296409726
      vertex 0.28056755662 -0.0818581730127 0.137541934848
      vertex 0.28056755662 -0.0805076509714 0.152168720961
    endloop
  endfacet
  facet normal -0.211251065135 0.852322280407 -0.478455513716
    outer loop
      vertex 0.305567711592 -0.0709309130907 0.137604236603
      vertex 0.28056755662 -0.0818581730127 0.137541934848
      vertex 0.305567711592 -0.0846337750554 0.145296409726
    endloop
  endfacet
  facet normal 0.189728081226 0.878186643124 0.439080238342
    outer loop
      vertex 0.305567711592 -0.0709309130907 0.137604236603
      vertex 0.28056755662 -0.0672434493899 0.144849076867
      vertex 0.28056755662 -0.0818581730127 0.137541934848
    endloop
  endfacet
  facet normal -0.159484833479 0.848916351795 0.503890454769
    outer loop
      vertex 0.305567711592 -0.0665924102068 0.219763338566
      vertex 0.28056755662 -0.0713832899928 0.212222874165
      vertex 0.305567711592 -0.080105483532 0.211742401123
    endloop
  endfacet
  facet normal 0.167648002505 0.0689966678619 0.98342949152
    outer loop
      vertex 0.305567711592 -0.0665924102068 0.219763338566
      vertex 0.28056755662 -0.0702151283622 0.22887301445
      vertex 0.28056755662 -0.0713832899928 0.212222874165
    endloop
  endfacet
  facet normal -0.24581284821 -0.855690896511 0.45537802577
    outer loop
      vertex 0.305567711592 -0.0805076509714 0.227168694139
      vertex 0.28056755662 -0.0702151283622 0.22887301445
      vertex 0.305567711592 -0.0665924102068 0.219763338566
    endloop
  endfacet
  facet normal 0.108754709363 -0.903836607933 -0.413825780153
    outer loop
      vertex 0.305567711592 -0.0805076509714 0.227168694139
      vertex 0.28056755662 -0.0830916762352 0.222977429628
      vertex 0.28056755662 -0.0702151283622 0.22887301445
    endloop
  endfacet
  facet normal -0.107075303793 0.0259116590023 -0.99391323328
    outer loop
      vertex 0.305567711592 -0.080105483532 0.211742401123
      vertex 0.28056755662 -0.0830916762352 0.222977429628
      vertex 0.305567711592 -0.0805076509714 0.227168694139
    endloop
  endfacet
  facet normal 0.24268655479 0.714451730251 -0.656248390675
    outer loop
      vertex 0.305567711592 -0.080105483532 0.211742401123
      vertex 0.28056755662 -0.0713832899928 0.212222874165
      vertex 0.28056755662 -0.0830916762352 0.222977429628
    endloop
  endfacet
  facet normal -0.196115151048 -6.29009520026e-08 -0.980580866337
    outer loop
      vertex 0.28056755662 -0.0264616310596 0.0199410039932
      vertex 0.305567651987 -0.0214616265148 0.269941002131
      vertex 0.305567711592 -0.0214616265148 0.0199410039932
    endloop
  endfacet
  facet normal -0.196115761995 -0 -0.980580747128
    outer loop
      vertex 0.28056755662 -0.0264616310596 0.269941002131
      vertex 0.305567651987 -0.0214616265148 0.269941002131
      vertex 0.28056755662 -0.0264616310596 0.0199410039932
    endloop
  endfacet
  facet normal -1 0 0
    outer loop
      vertex 0.28056755662 -0.0713832899928 0.212222874165
      vertex 0.28056755662 -0.0702151283622 0.22887301445
      vertex 0.28056755662 -0.0264616310596 0.269941002131
    endloop
  endfacet
  facet normal -1 0 0
    outer loop
      vertex 0.28056755662 -0.0805076509714 0.152168720961
      vertex 0.28056755662 -0.0903065726161 0.0652116760612
      vertex 0.28056755662 -0.109961621463 0.269941002131
    endloop
  endfacet
  facet normal -1 0 0
    outer loop
      vertex 0.28056755662 -0.0818581730127 0.137541934848
      vertex 0.28056755662 -0.0903065726161 0.0652116760612
      vertex 0.28056755662 -0.0805076509714 0.152168720961
    endloop
  endfacet
  facet normal -1 0 0
    outer loop
      vertex 0.28056755662 -0.0818581730127 0.137541934848
      vertex 0.28056755662 -0.083919711411 0.0802335366607
      vertex 0.28056755662 -0.0903065726161 0.0652116760612
    endloop
  endfacet
  facet normal -1 0 0
    outer loop
      vertex 0.28056755662 -0.0672434493899 0.144849076867
      vertex 0.28056755662 -0.083919711411 0.0802335366607
      vertex 0.28056755662 -0.0818581730127 0.137541934848
    endloop
  endfacet
  facet normal -1 0 0
    outer loop
      vertex 0.28056755662 -0.0672434493899 0.144849076867
      vertex 0.28056755662 -0.0759292542934 0.0687518641353
      vertex 0.28056755662 -0.083919711411 0.0802335366607
    endloop
  endfacet
  facet normal -1 0 0
    outer loop
      vertex 0.28056755662 -0.109961621463 0.0199410039932
      vertex 0.28056755662 -0.0903065726161 0.0652116760612
      vertex 0.28056755662 -0.0759292542934 0.0687518641353
    endloop
  endfacet
  facet normal -1 -0 0
    outer loop
      vertex 0.28056755662 -0.109961621463 0.269941002131
      vertex 0.28056755662 -0.0903065726161 0.0652116760612
      vertex 0.28056755662 -0.109961621463 0.0199410039932
    endloop
  endfacet
  facet normal -1 0 0
    outer loop
      vertex 0.28056755662 -0.109961621463 0.0199410039932
      vertex 0.28056755662 -0.0759292542934 0.0687518641353
      vertex 0.28056755662 -0.0264616310596 0.0199410039932
    endloop
  endfacet
  facet normal -1 -0 0
    outer loop
      vertex 0.28056755662 -0.0672434493899 0.144849076867
      vertex 0.28056755662 -0.0264616310596 0.0199410039932
      vertex 0.28056755662 -0.0759292542934 0.0687518641353
    endloop
  endfacet
  facet normal -1 0 -0
    outer loop
      vertex 0.28056755662 -0.0672434493899 0.144849076867
      vertex 0.28056755662 -0.0264616310596 0.269941002131
      vertex 0.28056755662 -0.0264616310596 0.0199410039932
    endloop
  endfacet
  facet normal -1 0 0
    outer loop
      vertex 0.28056755662 -0.109961621463 0.269941002131
      vertex 0.28056755662 -0.0702151283622 0.22887301445
      vertex 0.28056755662 -0.0830916762352 0.222977429628
    endloop
  endfacet
  facet normal -1 0 0
    outer loop
      vertex 0.28056755662 -0.0264616310596 0.269941002131
      vertex 0.28056755662 -0.0702151283622 0.22887301445
      vertex 0.28056755662 -0.109961621463 0.269941002131
    endloop
  endfacet
  facet normal -1 0 0
    outer loop
      vertex 0.28056755662 -0.0672434493899 0.144849076867
      vertex 0.28056755662 -0.0713832899928 0.212222874165
      vertex 0.28056755662 -0.0264616310596 0.269941002131
    endloop
  endfacet
  facet normal -1 0 -0
    outer loop
      vertex 0.28056755662 -0.0805076509714 0.152168720961
      vertex 0.28056755662 -0.0713832899928 0.212222874165
      vertex 0.28056755662 -0.0672434493899 0.144849076867
    endloop
  endfacet
  facet normal -1 0 0
    outer loop
      vertex 0.28056755662 -0.0805076509714 0.152168720961
      vertex 0.28056755662 -0.0830916762352 0.222977429628
      vertex 0.28056755662 -0.0713832899928 0.212222874165
    endloop
  endfacet
  facet normal -1 0 0
    outer loop
      vertex 0.28056755662 -0.109961621463 0.269941002131
      vertex 0.28056755662 -0.0830916762352 0.222977429628
      vertex 0.28056755662 -0.0805076509714 0.152168720961
    endloop
  endfacet
  facet normal -0.51449328661 0 0.857494413853
    outer loop
      vertex 0.305567711592 -0.124961622059 0.0199410039932
      vertex 0.28056755662 -0.109961621463 0.269941002131
      vertex 0.28056755662 -0.109961621463 0.0199410039932
    endloop
  endfacet
  facet normal -0.514494478703 -1.65016288634e-07 0.857493698597
    outer loop
      vertex 0.305567651987 -0.124961622059 0.269941002131
      vertex 0.28056755662 -0.109961621463 0.269941002131
      vertex 0.305567711592 -0.124961622059 0.0199410039932
    endloop
  endfacet
  facet normal 1 1.22081701193e-06 -6.49689354759e-07
    outer loop
      vertex 0.305567651987 -0.037461631 0.269941002131
      vertex 0.305567711592 -0.0805076509714 0.227168694139
      vertex 0.305567711592 -0.0665924102068 0.219763338566
    endloop
  endfacet
  facet normal 1 1.87466400803e-06 0
    outer loop
      vertex 0.305567651987 -0.0949616283178 0.269941002131
      vertex 0.305567711592 -0.0805076509714 0.227168694139
      vertex 0.305567651987 -0.037461631 0.269941002131
    endloop
  endfacet
  facet normal 1 1.87466400803e-06 0
    outer loop
      vertex 0.305567651987 -0.124961622059 0.269941002131
      vertex 0.305567711592 -0.0805076509714 0.227168694139
      vertex 0.305567651987 -0.0949616283178 0.269941002131
    endloop
  endfacet
  facet normal 1 0 0
    outer loop
      vertex 0.305567711592 -0.025461634621 0.0199410039932
      vertex 0.305567711592 -0.0709309130907 0.137604236603
      vertex 0.305567711592 -0.037461631 0.0199410039932
    endloop
  endfacet
  facet normal 1 0 0
    outer loop
      vertex 0.305567711592 -0.0214616265148 0.0199410039932
      vertex 0.305567711592 -0.0709309130907 0.137604236603
      vertex 0.305567711592 -0.025461634621 0.0199410039932
    endloop
  endfacet
  facet normal 1 3.20734784509e-07 -7.62871195548e-07
    outer loop
      vertex 0.305567651987 -0.0214616265148 0.269941002131
      vertex 0.305567711592 -0.0709309130907 0.137604236603
      vertex 0.305567711592 -0.0214616265148 0.0199410039932
    endloop
  endfacet
  facet normal 1 6.05906450346e-07 0
    outer loop
      vertex 0.305567651987 -0.025461634621 0.269941002131
      vertex 0.305567711592 -0.0709309130907 0.137604236603
      vertex 0.305567651987 -0.0214616265148 0.269941002131
    endloop
  endfacet
  facet normal 1 5.53671917203e-08 -1.60232548296e-06
    outer loop
      vertex 0.305567651987 -0.025461634621 0.269941002131
      vertex 0.305567711592 -0.0714752674103 0.153357848525
      vertex 0.305567711592 -0.0709309130907 0.137604236603
    endloop
  endfacet
  facet normal 1 6.87781152919e-07 0
    outer loop
      vertex 0.305567651987 -0.037461631 0.269941002131
      vertex 0.305567711592 -0.0714752674103 0.153357848525
      vertex 0.305567651987 -0.025461634621 0.269941002131
    endloop
  endfacet
  facet normal 1 -2.31749623936e-07 -3.15173019771e-06
    outer loop
      vertex 0.305567711592 -0.0665924102068 0.219763338566
      vertex 0.305567711592 -0.0714752674103 0.153357848525
      vertex 0.305567651987 -0.037461631 0.269941002131
    endloop
  endfacet
  facet normal 1 0 0
    outer loop
      vertex 0.305567711592 -0.080105483532 0.211742401123
      vertex 0.305567711592 -0.0714752674103 0.153357848525
      vertex 0.305567711592 -0.0665924102068 0.219763338566
    endloop
  endfacet
  facet normal 1 0 0
    outer loop
      vertex 0.305567711592 -0.080105483532 0.211742401123
      vertex 0.305567711592 -0.0846337750554 0.145296409726
      vertex 0.305567711592 -0.0714752674103 0.153357848525
    endloop
  endfacet
  facet normal 1 -4.82342095154e-08 1.85015619536e-06
    outer loop
      vertex 0.305567651987 -0.124961622059 0.269941002131
      vertex 0.305567711592 -0.080105483532 0.211742401123
      vertex 0.305567711592 -0.0805076509714 0.227168694139
    endloop
  endfacet
  facet normal 1 1.11926532043e-07 1.64235564171e-06
    outer loop
      vertex 0.305567651987 -0.124961622059 0.269941002131
      vertex 0.305567711592 -0.0846337750554 0.145296409726
      vertex 0.305567711592 -0.080105483532 0.211742401123
    endloop
  endfacet
  facet normal 1 0 0
    outer loop
      vertex 0.305567711592 -0.037461631 0.0199410039932
      vertex 0.305567711592 -0.0814752727747 0.0615241862833
      vertex 0.305567711592 -0.0949616283178 0.0199410039932
    endloop
  endfacet
  facet normal 1 0 0
    outer loop
      vertex 0.305567711592 -0.037461631 0.0199410039932
      vertex 0.305567711592 -0.0795812085271 0.0771001875401
      vertex 0.305567711592 -0.0814752727747 0.0615241862833
    endloop
  endfacet
  facet normal 1 0 0
    outer loop
      vertex 0.305567711592 -0.0709309130907 0.137604236603
      vertex 0.305567711592 -0.0795812085271 0.0771001875401
      vertex 0.305567711592 -0.037461631 0.0199410039932
    endloop
  endfacet
  facet normal 1 0 0
    outer loop
      vertex 0.305567711592 -0.0846337750554 0.145296409726
      vertex 0.305567711592 -0.0795812085271 0.0771001875401
      vertex 0.305567711592 -0.0709309130907 0.137604236603
    endloop
  endfacet
  facet normal 1 0 0
    outer loop
      vertex 0.305567711592 -0.0846337750554 0.145296409726
      vertex 0.305567711592 -0.0942783951759 0.0709119364619
      vertex 0.305567711592 -0.0795812085271 0.0771001875401
    endloop
  endfacet
  facet normal 1 3.20734784509e-07 5.32804165232e-07
    outer loop
      vertex 0.305567711592 -0.0942783951759 0.0709119364619
      vertex 0.305567651987 -0.124961622059 0.269941002131
      vertex 0.305567711592 -0.124961622059 0.0199410039932
    endloop
  endfacet
  facet normal 1 1.84044921525e-07 1.41945338328e-06
    outer loop
      vertex 0.305567711592 -0.0942783951759 0.0709119364619
      vertex 0.305567711592 -0.0846337750554 0.145296409726
      vertex 0.305567651987 -0.124961622059 0.269941002131
    endloop
  endfacet
  facet normal 1 -0 0
    outer loop
      vertex 0.305567711592 -0.0949616283178 0.0199410039932
      vertex 0.305567711592 -0.0942783951759 0.0709119364619
      vertex 0.305567711592 -0.124961622059 0.0199410039932
    endloop
  endfacet
  facet normal 1 0 -0
    outer loop
      vertex 0.305567711592 -0.0814752727747 0.0615241862833
      vertex 0.305567711592 -0.0942783951759 0.0709119364619
      vertex 0.305567711592 -0.0949616283178 0.0199410039932
    endloop
  endfacet
  facet normal -0 -1 -0
    outer loop
      vertex 0.305567711592 -0.025461634621 0.0199410039932
      vertex 0.28056755662 -0.0264616310596 0.0199410039932
      vertex 0.305567711592 -0.0214616265148 0.0199410039932
    endloop
  endfacet
  facet normal 0 0 1
    outer loop
      vertex 0.580567836761 -0.124961622059 0.093396961689
      vertex 0.593067586422 -0.124961622059 0.269941091537
      vertex 0.580567836761 -0.124961622059 0.196485221386
    endloop
  endfacet
  facet normal 0 -0 1
    outer loop
      vertex 0.593067586422 -0.124961622059 0.0199410039932
      vertex 0.593067586422 -0.124961622059 0.269941091537
      vertex 0.580567836761 -0.124961622059 0.093396961689
    endloop
  endfacet
  facet normal -0 -0 -1
    outer loop
      vertex 0.580567836761 -0.0214616265148 0.200588300824
      vertex 0.580567836761 -0.0214616265148 0.192382141948
      vertex 0.501841306686 -0.0214616265148 0.269941091537
    endloop
  endfacet
  facet normal 0 0 -1
    outer loop
      vertex 0.593067586422 -0.0214616265148 0.269941091537
      vertex 0.580567836761 -0.0214616265148 0.192382141948
      vertex 0.580567836761 -0.0214616265148 0.200588300824
    endloop
  endfacet
  facet normal 0 0 -1
    outer loop
      vertex 0.593067586422 -0.0214616265148 0.269941091537
      vertex 0.580567836761 -0.0214616265148 0.0975000485778
      vertex 0.580567836761 -0.0214616265148 0.192382141948
    endloop
  endfacet
  facet normal 0 0 -1
    outer loop
      vertex 0.593067586422 -0.0214616265148 0.0199410039932
      vertex 0.580567836761 -0.0214616265148 0.0975000485778
      vertex 0.593067586422 -0.0214616265148 0.269941091537
    endloop
  endfacet
  facet normal 0 0 -1
    outer loop
      vertex 0.580567836761 -0.0214616265148 0.0892938822508
      vertex 0.580567836761 -0.0214616265148 0.0975000485778
      vertex 0.593067586422 -0.0214616265148 0.0199410039932
    endloop
  endfacet
  facet normal 0 0 -1
    outer loop
      vertex 0.501841306686 -0.0214616265148 0.0199410039932
      vertex 0.580567836761 -0.0214616265148 0.0975000485778
      vertex 0.580567836761 -0.0214616265148 0.0892938822508
    endloop
  endfacet
  facet normal -0 -1 0
    outer loop
      vertex 0.50623857975 -0.0949616283178 0.0199410039932
      vertex 0.497443854809 -0.0949616283178 0.0199410039932
      vertex 0.501841306686 -0.037461631 0.0199410039932
    endloop
  endfacet
  facet normal -0.667851448059 0.743710398674 0.029483160004
    outer loop
      vertex 0.497443854809 -0.0949616283178 0.0199410039932
      vertex 0.580567836761 -0.124961622059 0.093396961689
      vertex 0.580567836761 -0.0214616265148 0.0975000485778
    endloop
  endfacet
  facet normal -0.678822815418 0.727529227734 0.0995026528835
    outer loop
      vertex 0.501841306686 -0.124961622059 0.0199410039932
      vertex 0.580567836761 -0.124961622059 0.093396961689
      vertex 0.497443854809 -0.0949616283178 0.0199410039932
    endloop
  endfacet
  facet normal -0.706330060959 0.705818593502 -0.0540180914104
    outer loop
      vertex 0.580567836761 -0.0214616265148 0.0975000485778
      vertex 0.501841306686 -0.037461631 0.0199410039932
      vertex 0.497443854809 -0.0949616283178 0.0199410039932
    endloop
  endfacet
  facet normal -0.655994415283 0.715460300446 0.240391105413
    outer loop
      vertex 0.580567836761 -0.0214616265148 0.0975000485778
      vertex 0.497443854809 -0.025461634621 0.0199410039932
      vertex 0.501841306686 -0.037461631 0.0199410039932
    endloop
  endfacet
  facet normal -0.555648505688 0.564012527466 -0.610855638981
    outer loop
      vertex 0.501841306686 -0.0214616265148 0.0199410039932
      vertex 0.497443854809 -0.025461634621 0.0199410039932
      vertex 0.580567836761 -0.0214616265148 0.0975000485778
    endloop
  endfacet
  facet normal 0.678823053837 -0.727529525757 0.0994990617037
    outer loop
      vertex 0.50623857975 -0.0949616283178 0.0199410039932
      vertex 0.580567836761 -0.124961622059 0.093396961689
      vertex 0.501841306686 -0.124961622059 0.0199410039932
    endloop
  endfacet
  facet normal 0.696807444096 -0.716695249081 0.028412155807
    outer loop
      vertex 0.50623857975 -0.0949616283178 0.0199410039932
      vertex 0.580567836761 -0.0214616265148 0.0892938822508
      vertex 0.580567836761 -0.124961622059 0.093396961689
    endloop
  endfacet
  facet normal 0.654448032379 -0.754448711872 -0.0500484779477
    outer loop
      vertex 0.501841306686 -0.037461631 0.0199410039932
      vertex 0.580567836761 -0.0214616265148 0.0892938822508
      vertex 0.50623857975 -0.0949616283178 0.0199410039932
    endloop
  endfacet
  facet normal 0.668439745903 -0.702275812626 0.244942799211
    outer loop
      vertex 0.50623857975 -0.025461634621 0.0199410039932
      vertex 0.580567836761 -0.0214616265148 0.0892938822508
      vertex 0.501841306686 -0.037461631 0.0199410039932
    endloop
  endfacet
  facet normal 0.534745514393 -0.607020974159 -0.587854325771
    outer loop
      vertex 0.501841306686 -0.0214616265148 0.0199410039932
      vertex 0.580567836761 -0.0214616265148 0.0892938822508
      vertex 0.50623857975 -0.025461634621 0.0199410039932
    endloop
  endfacet
  facet normal -0.678822398186 -0.727529644966 0.0995025932789
    outer loop
      vertex 0.497443854809 -0.0949616283178 0.269941091537
      vertex 0.580567836761 -0.124961622059 0.196485221386
      vertex 0.501841306686 -0.124961622059 0.269941091537
    endloop
  endfacet
  facet normal -0.667851030827 -0.743710815907 0.0294831413776
    outer loop
      vertex 0.497443854809 -0.0949616283178 0.269941091537
      vertex 0.580567836761 -0.0214616265148 0.192382141948
      vertex 0.580567836761 -0.124961622059 0.196485221386
    endloop
  endfacet
  facet normal -0.682208180428 -0.731157958508 0
    outer loop
      vertex 0.497443854809 -0.037461631 0.269941091537
      vertex 0.580567836761 -0.0214616265148 0.192382141948
      vertex 0.497443854809 -0.0949616283178 0.269941091537
    endloop
  endfacet
  facet normal -0.685734331608 -0.683097422123 -0.251289367676
    outer loop
      vertex 0.501841306686 -0.025461634621 0.269941091537
      vertex 0.580567836761 -0.0214616265148 0.192382141948
      vertex 0.497443854809 -0.037461631 0.269941091537
    endloop
  endfacet
  facet normal -0.701804578304 -0.712369501591 0
    outer loop
      vertex 0.501841306686 -0.0214616265148 0.269941091537
      vertex 0.580567836761 -0.0214616265148 0.192382141948
      vertex 0.501841306686 -0.025461634621 0.269941091537
    endloop
  endfacet
  facet normal 0.696807026863 0.716695666313 0.0284121725708
    outer loop
      vertex 0.50623857975 -0.0949616283178 0.269941091537
      vertex 0.580567836761 -0.124961622059 0.196485221386
      vertex 0.580567836761 -0.0214616265148 0.200588300824
    endloop
  endfacet
  facet normal 0.678822636604 0.727529942989 0.099499002099
    outer loop
      vertex 0.501841306686 -0.124961622059 0.269941091537
      vertex 0.580567836761 -0.124961622059 0.196485221386
      vertex 0.50623857975 -0.0949616283178 0.269941091537
    endloop
  endfacet
  facet normal 0.68220692873 0.7311591506 1.22598556169e-16
    outer loop
      vertex 0.580567836761 -0.0214616265148 0.200588300824
      vertex 0.50623857975 -0.037461631 0.269941091537
      vertex 0.50623857975 -0.0949616283178 0.269941091537
    endloop
  endfacet
  facet normal 0.636117875576 0.735539913177 -0.23309879005
    outer loop
      vertex 0.580567836761 -0.0214616265148 0.200588300824
      vertex 0.501841306686 -0.025461634621 0.269941091537
      vertex 0.50623857975 -0.037461631 0.269941091537
    endloop
  endfacet
  facet normal 0.661022365093 0.750366210938 -0
    outer loop
      vertex 0.501841306686 -0.0214616265148 0.269941091537
      vertex 0.501841306686 -0.025461634621 0.269941091537
      vertex 0.580567836761 -0.0214616265148 0.200588300824
    endloop
  endfacet
  facet normal 0 -1 0
    outer loop
      vertex 0.605567574501 -0.037461631 0.0199410039932
      vertex 0.580567836761 -0.0949616283178 0.0199410039932
      vertex 0.580567836761 -0.037461631 0.0199410039932
    endloop
  endfacet
  facet normal -0 -1 -0
    outer loop
      vertex 0.605567574501 -0.0949616283178 0.0199410039932
      vertex 0.580567836761 -0.0949616283178 0.0199410039932
      vertex 0.605567574501 -0.037461631 0.0199410039932
    endloop
  endfacet
  facet normal 0.154890045524 0.777252912521 0.609825372696
    outer loop
      vertex 0.605567574501 -0.086150765419 0.0609086975455
      vertex 0.580567836761 -0.07654479146 0.0734273791313
      vertex 0.580567836761 -0.0898566097021 0.0629830509424
    endloop
  endfacet
  facet normal -0.019609708339 0.583704710007 0.811729192734
    outer loop
      vertex 0.605567574501 -0.0770657658577 0.0735427588224
      vertex 0.580567836761 -0.07654479146 0.0734273791313
      vertex 0.605567574501 -0.086150765419 0.0609086975455
    endloop
  endfacet
  facet normal -0.00237630819902 -0.946196734905 0.32358315587
    outer loop
      vertex 0.605567574501 -0.0770657658577 0.0735427588224
      vertex 0.580567836761 -0.0904608592391 0.0781864374876
      vertex 0.580567836761 -0.07654479146 0.0734273791313
    endloop
  endfacet
  facet normal -0.132615625858 -0.986648857594 0.0945362821221
    outer loop
      vertex 0.605567574501 -0.093160264194 0.0750848576427
      vertex 0.580567836761 -0.0904608592391 0.0781864374876
      vertex 0.605567574501 -0.0770657658577 0.0735427588224
    endloop
  endfacet
  facet normal 0.112107917666 0.0394626893103 -0.992912113667
    outer loop
      vertex 0.605567574501 -0.093160264194 0.0750848576427
      vertex 0.580567836761 -0.0898566097021 0.0629830509424
      vertex 0.580567836761 -0.0904608592391 0.0781864374876
    endloop
  endfacet
  facet normal -0.0956608653069 0.441201269627 -0.892295062542
    outer loop
      vertex 0.605567574501 -0.086150765419 0.0609086975455
      vertex 0.580567836761 -0.0898566097021 0.0629830509424
      vertex 0.605567574501 -0.093160264194 0.0750848576427
    endloop
  endfacet
  facet normal -0.117868505418 0.952168941498 0.281924337149
    outer loop
      vertex 0.605567574501 -0.0657110437751 0.142094433308
      vertex 0.580567836761 -0.0761507749557 0.135908663273
      vertex 0.605567574501 -0.0805076509714 0.137713357806
    endloop
  endfacet
  facet normal 0.228704586625 0.49269926548 0.83960801363
    outer loop
      vertex 0.605567574501 -0.0657110437751 0.142094433308
      vertex 0.580567836761 -0.0678944960237 0.149978175759
      vertex 0.580567836761 -0.0761507749557 0.135908663273
    endloop
  endfacet
  facet normal -0.150151982903 -0.6759583354 0.72148090601
    outer loop
      vertex 0.605567574501 -0.0763970538974 0.15350009501
      vertex 0.580567836761 -0.0678944960237 0.149978175759
      vertex 0.605567574501 -0.0657110437751 0.142094433308
    endloop
  endfacet
  facet normal 0.150154367089 -0.988138437271 -0.0321877151728
    outer loop
      vertex 0.605567574501 -0.0763970538974 0.15350009501
      vertex 0.580567836761 -0.0835156440735 0.149469330907
      vertex 0.580567836761 -0.0678944960237 0.149978175759
    endloop
  endfacet
  facet normal -0.228704243898 -0.245302438736 -0.942083358765
    outer loop
      vertex 0.605567574501 -0.0805076509714 0.137713357806
      vertex 0.580567836761 -0.0835156440735 0.149469330907
      vertex 0.605567574501 -0.0763970538974 0.15350009501
    endloop
  endfacet
  facet normal 0.117867723107 0.473933428526 -0.872636377811
    outer loop
      vertex 0.605567574501 -0.0805076509714 0.137713357806
      vertex 0.580567836761 -0.0761507749557 0.135908663273
      vertex 0.580567836761 -0.0835156440735 0.149469330907
    endloop
  endfacet
  facet normal 0.159288644791 0.706461548805 0.689593493938
    outer loop
      vertex 0.605567574501 -0.0714752674103 0.211524233222
      vertex 0.580567836761 -0.0657110437751 0.222787618637
      vertex 0.580567836761 -0.0769561082125 0.211811050773
    endloop
  endfacet
  facet normal -0.118134140968 0.231922388077 0.965534210205
    outer loop
      vertex 0.605567574501 -0.0678711086512 0.226528987288
      vertex 0.580567836761 -0.0657110437751 0.222787618637
      vertex 0.605567574501 -0.0714752674103 0.211524233222
    endloop
  endfacet
  facet normal 0.118134401739 -0.952137053013 0.281920790672
    outer loop
      vertex 0.605567574501 -0.0678711086512 0.226528987288
      vertex 0.580567836761 -0.0805076509714 0.227168783545
      vertex 0.580567836761 -0.0657110437751 0.222787618637
    endloop
  endfacet
  facet normal -0.138436600566 -0.964463055134 -0.225047439337
    outer loop
      vertex 0.605567574501 -0.0830916762352 0.222977429628
      vertex 0.580567836761 -0.0805076509714 0.227168783545
      vertex 0.605567574501 -0.0678711086512 0.226528987288
    endloop
  endfacet
  facet normal 0.137169644237 0.223178595304 -0.965078115463
    outer loop
      vertex 0.605567574501 -0.0830916762352 0.222977429628
      vertex 0.580567836761 -0.0769561082125 0.211811050773
      vertex 0.580567836761 -0.0805076509714 0.227168783545
    endloop
  endfacet
  facet normal -0.144228845835 0.704646289349 -0.694745719433
    outer loop
      vertex 0.605567574501 -0.0714752674103 0.211524233222
      vertex 0.580567836761 -0.0769561082125 0.211811050773
      vertex 0.605567574501 -0.0830916762352 0.222977429628
    endloop
  endfacet
  facet normal -1 0 0
    outer loop
      vertex 0.580567836761 -0.07654479146 0.0734273791313
      vertex 0.580567836761 -0.0904608592391 0.0781864374876
      vertex 0.580567836761 -0.0214616265148 0.0892938822508
    endloop
  endfacet
  facet normal -1 0 0
    outer loop
      vertex 0.580567836761 -0.0898566097021 0.0629830509424
      vertex 0.580567836761 -0.124961622059 0.093396961689
      vertex 0.580567836761 -0.0904608592391 0.0781864374876
    endloop
  endfacet
  facet normal -0.975578904152 -0.166011020541 0.143826887012
    outer loop
      vertex 0.580567836761 -0.0898566097021 0.0629830509424
      vertex 0.593067586422 -0.124961622059 0.0199410039932
      vertex 0.580567836761 -0.124961622059 0.093396961689
    endloop
  endfacet
  facet normal -0.922120630741 0.0455693379045 0.384209543467
    outer loop
      vertex 0.580567836761 -0.0898566097021 0.0629830509424
      vertex 0.580567836761 -0.0949616283178 0.0199410039932
      vertex 0.593067586422 -0.124961622059 0.0199410039932
    endloop
  endfacet
  facet normal -1 -0 0
    outer loop
      vertex 0.580567836761 -0.0898566097021 0.0629830509424
      vertex 0.580567836761 -0.037461631 0.0199410039932
      vertex 0.580567836761 -0.0949616283178 0.0199410039932
    endloop
  endfacet
  facet normal -1 -0 0
    outer loop
      vertex 0.580567836761 -0.07654479146 0.0734273791313
      vertex 0.580567836761 -0.037461631 0.0199410039932
      vertex 0.580567836761 -0.0898566097021 0.0629830509424
    endloop
  endfacet
  facet normal -0.612636506557 0.466304719448 -0.638150811195
    outer loop
      vertex 0.593067586422 -0.025461634621 0.0199410039932
      vertex 0.580567836761 -0.037461631 0.0199410039932
      vertex 0.580567836761 -0.07654479146 0.0734273791313
    endloop
  endfacet
  facet normal -0.982292532921 -0.180033624172 -0.0518580265343
    outer loop
      vertex 0.580567836761 -0.0214616265148 0.0892938822508
      vertex 0.593067586422 -0.025461634621 0.0199410039932
      vertex 0.580567836761 -0.07654479146 0.0734273791313
    endloop
  endfacet
  facet normal -0.984143137932 -0.177376180887 0
    outer loop
      vertex 0.593067586422 -0.0214616265148 0.0199410039932
      vertex 0.593067586422 -0.025461634621 0.0199410039932
      vertex 0.580567836761 -0.0214616265148 0.0892938822508
    endloop
  endfacet
  facet normal -1 0 0
    outer loop
      vertex 0.580567836761 -0.0214616265148 0.0892938822508
      vertex 0.580567836761 -0.0904608592391 0.0781864374876
      vertex 0.580567836761 -0.124961622059 0.093396961689
    endloop
  endfacet
  facet normal 1 0 0
    outer loop
      vertex 0.605567574501 -0.0678711086512 0.226528987288
      vertex 0.605567574501 -0.0714752674103 0.211524233222
      vertex 0.605567574501 -0.037461631 0.269941091537
    endloop
  endfacet
  facet normal 1 0 0
    outer loop
      vertex 0.605567574501 -0.0949616283178 0.269941091537
      vertex 0.605567574501 -0.0678711086512 0.226528987288
      vertex 0.605567574501 -0.037461631 0.269941091537
    endloop
  endfacet
  facet normal 1 -0 0
    outer loop
      vertex 0.605567574501 -0.0830916762352 0.222977429628
      vertex 0.605567574501 -0.0678711086512 0.226528987288
      vertex 0.605567574501 -0.0949616283178 0.269941091537
    endloop
  endfacet
  facet normal 0.918746113777 -0.0967545434833 0.382810890675
    outer loop
      vertex 0.593067586422 -0.124961622059 0.269941091537
      vertex 0.605567574501 -0.0830916762352 0.222977429628
      vertex 0.605567574501 -0.0949616283178 0.269941091537
    endloop
  endfacet
  facet normal 0.683091163635 0.164555042982 -0.71155333519
    outer loop
      vertex 0.593067586422 -0.025461634621 0.0199410039932
      vertex 0.605567574501 -0.0657110437751 0.142094433308
      vertex 0.605567574501 -0.037461631 0.0199410039932
    endloop
  endfacet
  facet normal 0.994805037975 -0.101798690856 0
    outer loop
      vertex 0.593067586422 -0.0214616265148 0.0199410039932
      vertex 0.605567574501 -0.0657110437751 0.142094433308
      vertex 0.593067586422 -0.025461634621 0.0199410039932
    endloop
  endfacet
  facet normal 0.962339401245 0 -0.271850794554
    outer loop
      vertex 0.593067586422 -0.0214616265148 0.269941091537
      vertex 0.605567574501 -0.0657110437751 0.142094433308
      vertex 0.593067586422 -0.0214616265148 0.0199410039932
    endloop
  endfacet
  facet normal 0.995254158974 0.0973093435168 0
    outer loop
      vertex 0.593067586422 -0.025461634621 0.269941091537
      vertex 0.605567574501 -0.0657110437751 0.142094433308
      vertex 0.593067586422 -0.0214616265148 0.269941091537
    endloop
  endfacet
  facet normal 0.683897912502 -0.157412827015 -0.712393701077
    outer loop
      vertex 0.605567574501 -0.037461631 0.269941091537
      vertex 0.605567574501 -0.0657110437751 0.142094433308
      vertex 0.593067586422 -0.025461634621 0.269941091537
    endloop
  endfacet
  facet normal 1 0 0
    outer loop
      vertex 0.605567574501 -0.0714752674103 0.211524233222
      vertex 0.605567574501 -0.0657110437751 0.142094433308
      vertex 0.605567574501 -0.037461631 0.269941091537
    endloop
  endfacet
  facet normal 1 0 0
    outer loop
      vertex 0.605567574501 -0.0714752674103 0.211524233222
      vertex 0.605567574501 -0.0763970538974 0.15350009501
      vertex 0.605567574501 -0.0657110437751 0.142094433308
    endloop
  endfacet
  facet normal 1 0 0
    outer loop
      vertex 0.605567574501 -0.0830916762352 0.222977429628
      vertex 0.605567574501 -0.0763970538974 0.15350009501
      vertex 0.605567574501 -0.0714752674103 0.211524233222
    endloop
  endfacet
  facet normal 0.947844922543 -0.0305704250932 0.317262381315
    outer loop
      vertex 0.593067586422 -0.124961622059 0.269941091537
      vertex 0.605567574501 -0.0763970538974 0.15350009501
      vertex 0.605567574501 -0.0830916762352 0.222977429628
    endloop
  endfacet
  facet normal 0.98685759306 0.0407182425261 0.156378298998
    outer loop
      vertex 0.605567574501 -0.0805076509714 0.137713357806
      vertex 0.605567574501 -0.0763970538974 0.15350009501
      vertex 0.593067586422 -0.124961622059 0.269941091537
    endloop
  endfacet
  facet normal 1 0 0
    outer loop
      vertex 0.605567574501 -0.037461631 0.0199410039932
      vertex 0.605567574501 -0.086150765419 0.0609086975455
      vertex 0.605567574501 -0.0949616283178 0.0199410039932
    endloop
  endfacet
  facet normal 1 0 0
    outer loop
      vertex 0.605567574501 -0.0770657658577 0.0735427588224
      vertex 0.605567574501 -0.086150765419 0.0609086975455
      vertex 0.605567574501 -0.037461631 0.0199410039932
    endloop
  endfacet
  facet normal 1 0 0
    outer loop
      vertex 0.605567574501 -0.0657110437751 0.142094433308
      vertex 0.605567574501 -0.0770657658577 0.0735427588224
      vertex 0.605567574501 -0.037461631 0.0199410039932
    endloop
  endfacet
  facet normal 1 0 0
    outer loop
      vertex 0.605567574501 -0.0805076509714 0.137713357806
      vertex 0.605567574501 -0.0770657658577 0.0735427588224
      vertex 0.605567574501 -0.0657110437751 0.142094433308
    endloop
  endfacet
  facet normal 1 0 0
    outer loop
      vertex 0.605567574501 -0.0805076509714 0.137713357806
      vertex 0.605567574501 -0.093160264194 0.0750848576427
      vertex 0.605567574501 -0.0770657658577 0.0735427588224
    endloop
  endfacet
  facet normal 0.930685698986 5.21228589692e-18 0.365819871426
    outer loop
      vertex 0.605567574501 -0.093160264194 0.0750848576427
      vertex 0.593067586422 -0.124961622059 0.269941091537
      vertex 0.593067586422 -0.124961622059 0.0199410039932
    endloop
  endfacet
  facet normal 0.984321951866 0.0349280051887 0.172888278961
    outer loop
      vertex 0.605567574501 -0.093160264194 0.0750848576427
      vertex 0.605567574501 -0.0805076509714 0.137713357806
      vertex 0.593067586422 -0.124961622059 0.269941091537
    endloop
  endfacet
  facet normal 0.923004090786 0.0125631000847 0.384585052729
    outer loop
      vertex 0.605567574501 -0.0949616283178 0.0199410039932
      vertex 0.605567574501 -0.093160264194 0.0750848576427
      vertex 0.593067586422 -0.124961622059 0.0199410039932
    endloop
  endfacet
  facet normal 1 0 0
    outer loop
      vertex 0.605567574501 -0.0949616283178 0.0199410039932
      vertex 0.605567574501 -0.086150765419 0.0609086975455
      vertex 0.605567574501 -0.093160264194 0.0750848576427
    endloop
  endfacet
  facet normal -1 0 0
    outer loop
      vertex 0.580567836761 -0.0214616265148 0.0975000485778
      vertex 0.580567836761 -0.0761507749557 0.135908663273
      vertex 0.580567836761 -0.0678944960237 0.149978175759
    endloop
  endfacet
  facet normal -1 0 0
    outer loop
      vertex 0.580567836761 -0.0214616265148 0.0975000485778
      vertex 0.580567836761 -0.0678944960237 0.149978175759
      vertex 0.580567836761 -0.0214616265148 0.192382141948
    endloop
  endfacet
  facet normal -1 0 0
    outer loop
      vertex 0.580567836761 -0.124961622059 0.196485221386
      vertex 0.580567836761 -0.0678944960237 0.149978175759
      vertex 0.580567836761 -0.0835156440735 0.149469330907
    endloop
  endfacet
  facet normal -1 0 0
    outer loop
      vertex 0.580567836761 -0.0214616265148 0.192382141948
      vertex 0.580567836761 -0.0678944960237 0.149978175759
      vertex 0.580567836761 -0.124961622059 0.196485221386
    endloop
  endfacet
  facet normal -1 0 0
    outer loop
      vertex 0.580567836761 -0.124961622059 0.093396961689
      vertex 0.580567836761 -0.0835156440735 0.149469330907
      vertex 0.580567836761 -0.0761507749557 0.135908663273
    endloop
  endfacet
  facet normal -1 -0 0
    outer loop
      vertex 0.580567836761 -0.124961622059 0.196485221386
      vertex 0.580567836761 -0.0835156440735 0.149469330907
      vertex 0.580567836761 -0.124961622059 0.093396961689
    endloop
  endfacet
  facet normal -1 0 0
    outer loop
      vertex 0.580567836761 -0.124961622059 0.093396961689
      vertex 0.580567836761 -0.0761507749557 0.135908663273
      vertex 0.580567836761 -0.0214616265148 0.0975000485778
    endloop
  endfacet
  facet normal -1 -0 0
    outer loop
      vertex 0.580567836761 -0.0805076509714 0.227168783545
      vertex 0.580567836761 -0.0769561082125 0.211811050773
      vertex 0.580567836761 -0.124961622059 0.196485221386
    endloop
  endfacet
  facet normal -1 0 0
    outer loop
      vertex 0.580567836761 -0.0214616265148 0.200588300824
      vertex 0.580567836761 -0.0769561082125 0.211811050773
      vertex 0.580567836761 -0.0657110437751 0.222787618637
    endloop
  endfacet
  facet normal -0.980269491673 0.1766782552 -0.0886370241642
    outer loop
      vertex 0.580567836761 -0.0657110437751 0.222787618637
      vertex 0.593067586422 -0.0214616265148 0.269941091537
      vertex 0.580567836761 -0.0214616265148 0.200588300824
    endloop
  endfacet
  facet normal -0.966614127159 0.25623652339 0
    outer loop
      vertex 0.580567836761 -0.0657110437751 0.222787618637
      vertex 0.593067586422 -0.025461634621 0.269941091537
      vertex 0.593067586422 -0.0214616265148 0.269941091537
    endloop
  endfacet
  facet normal -1 0 0
    outer loop
      vertex 0.580567836761 -0.037461631 0.269941091537
      vertex 0.580567836761 -0.0657110437751 0.222787618637
      vertex 0.580567836761 -0.0805076509714 0.227168783545
    endloop
  endfacet
  facet normal -0.635711014271 -0.396712511778 -0.662186264992
    outer loop
      vertex 0.593067586422 -0.025461634621 0.269941091537
      vertex 0.580567836761 -0.0657110437751 0.222787618637
      vertex 0.580567836761 -0.037461631 0.269941091537
    endloop
  endfacet
  facet normal -1 0 0
    outer loop
      vertex 0.580567836761 -0.037461631 0.269941091537
      vertex 0.580567836761 -0.0805076509714 0.227168783545
      vertex 0.580567836761 -0.0949616283178 0.269941091537
    endloop
  endfacet
  facet normal -0.915380477905 -0.128886327147 0.381401211023
    outer loop
      vertex 0.580567836761 -0.0949616283178 0.269941091537
      vertex 0.580567836761 -0.0805076509714 0.227168783545
      vertex 0.593067586422 -0.124961622059 0.269941091537
    endloop
  endfacet
  facet normal -0.97928571701 0.166641995311 0.115021683276
    outer loop
      vertex 0.593067586422 -0.124961622059 0.269941091537
      vertex 0.580567836761 -0.0805076509714 0.227168783545
      vertex 0.580567836761 -0.124961622059 0.196485221386
    endloop
  endfacet
  facet normal -1 0 0
    outer loop
      vertex 0.580567836761 -0.124961622059 0.196485221386
      vertex 0.580567836761 -0.0769561082125 0.211811050773
      vertex 0.580567836761 -0.0214616265148 0.200588300824
    endloop
  endfacet
  facet normal -0 -1 0
    outer loop
      vertex 0.50623857975 -0.025461634621 0.0199410039932
      vertex 0.497443854809 -0.025461634621 0.0199410039932
      vertex 0.501841306686 -0.0214616265148 0.0199410039932
    endloop
  endfacet
  facet normal 0 0 1
    outer loop
      vertex 2.09306740761 -0.124961622059 0.269941091537
      vertex 2.10556793213 -0.124961622059 0.093396961689
      vertex 2.10556793213 -0.124961622059 0.196485221386
    endloop
  endfacet
  facet normal 0 0 1
    outer loop
      vertex 2.09306740761 -0.124961622059 0.0199410840869
      vertex 2.10556793213 -0.124961622059 0.093396961689
      vertex 2.09306740761 -0.124961622059 0.269941091537
    endloop
  endfacet
  facet normal 0 0 -1
    outer loop
      vertex 2.10556793213 -0.0214616265148 0.192382141948
      vertex 2.10556793213 -0.0214616265148 0.200588300824
      vertex 2.18429422379 -0.0214616265148 0.269941091537
    endloop
  endfacet
  facet normal 0 0 -1
    outer loop
      vertex 2.10556793213 -0.0214616265148 0.192382141948
      vertex 2.09306740761 -0.0214616265148 0.269941091537
      vertex 2.10556793213 -0.0214616265148 0.200588300824
    endloop
  endfacet
  facet normal 0 0 -1
    outer loop
      vertex 2.10556793213 -0.0214616265148 0.0975000485778
      vertex 2.09306740761 -0.0214616265148 0.269941091537
      vertex 2.10556793213 -0.0214616265148 0.192382141948
    endloop
  endfacet
  facet normal 0 0 -1
    outer loop
      vertex 2.09306740761 -0.0214616265148 0.0199410840869
      vertex 2.09306740761 -0.0214616265148 0.269941091537
      vertex 2.10556793213 -0.0214616265148 0.0975000485778
    endloop
  endfacet
  facet normal 0 -0 -1
    outer loop
      vertex 2.10556793213 -0.0214616265148 0.0975000485778
      vertex 2.10556793213 -0.0214616265148 0.0892938822508
      vertex 2.09306740761 -0.0214616265148 0.0199410840869
    endloop
  endfacet
  facet normal 0 0 -1
    outer loop
      vertex 2.10556793213 -0.0214616265148 0.0975000485778
      vertex 2.18429422379 -0.0214616265148 0.0199410840869
      vertex 2.10556793213 -0.0214616265148 0.0892938822508
    endloop
  endfacet
  facet normal -0 -1 0
    outer loop
      vertex 2.18869185448 -0.0949616283178 0.0199410840869
      vertex 2.17989659309 -0.0949616283178 0.0199410840869
      vertex 2.18429422379 -0.037461631 0.0199410840869
    endloop
  endfacet
  facet normal 0.678822934628 0.727528631687 0.0995062962174
    outer loop
      vertex 2.18869185448 -0.0949616283178 0.0199410840869
      vertex 2.10556793213 -0.124961622059 0.093396961689
      vertex 2.18429422379 -0.124961622059 0.0199410840869
    endloop
  endfacet
  facet normal 0.667851090431 0.743710756302 0.0294831749052
    outer loop
      vertex 2.18869185448 -0.0949616283178 0.0199410840869
      vertex 2.10556793213 -0.0214616265148 0.0975000485778
      vertex 2.10556793213 -0.124961622059 0.093396961689
    endloop
  endfacet
  facet normal 0.706330537796 0.705817937851 -0.0540200956166
    outer loop
      vertex 2.18429422379 -0.037461631 0.0199410840869
      vertex 2.10556793213 -0.0214616265148 0.0975000485778
      vertex 2.18869185448 -0.0949616283178 0.0199410840869
    endloop
  endfacet
  facet normal 0.655992507935 0.715459346771 0.240399166942
    outer loop
      vertex 2.18869185448 -0.025461634621 0.0199410840869
      vertex 2.10556793213 -0.0214616265148 0.0975000485778
      vertex 2.18429422379 -0.037461631 0.0199410840869
    endloop
  endfacet
  facet normal 0.555641114712 0.564004480839 -0.610869765282
    outer loop
      vertex 2.18429422379 -0.0214616265148 0.0199410840869
      vertex 2.10556793213 -0.0214616265148 0.0975000485778
      vertex 2.18869185448 -0.025461634621 0.0199410840869
    endloop
  endfacet
  facet normal -0.696809768677 -0.716693043709 0.0284120664001
    outer loop
      vertex 2.17989659309 -0.0949616283178 0.0199410840869
      vertex 2.10556793213 -0.124961622059 0.093396961689
      vertex 2.10556793213 -0.0214616265148 0.0892938822508
    endloop
  endfacet
  facet normal -0.678822815418 -0.727528512478 0.0995080918074
    outer loop
      vertex 2.18429422379 -0.124961622059 0.0199410840869
      vertex 2.10556793213 -0.124961622059 0.093396961689
      vertex 2.17989659309 -0.0949616283178 0.0199410840869
    endloop
  endfacet
  facet normal -0.654447674751 -0.754448771477 -0.0500530153513
    outer loop
      vertex 2.10556793213 -0.0214616265148 0.0892938822508
      vertex 2.18429422379 -0.037461631 0.0199410840869
      vertex 2.17989659309 -0.0949616283178 0.0199410840869
    endloop
  endfacet
  facet normal -0.668438851833 -0.702268958092 0.244964808226
    outer loop
      vertex 2.10556793213 -0.0214616265148 0.0892938822508
      vertex 2.17989659309 -0.025461634621 0.0199410840869
      vertex 2.18429422379 -0.037461631 0.0199410840869
    endloop
  endfacet
  facet normal -0.534728825092 -0.607001543045 -0.587889611721
    outer loop
      vertex 2.18429422379 -0.0214616265148 0.0199410840869
      vertex 2.17989659309 -0.025461634621 0.0199410840869
      vertex 2.10556793213 -0.0214616265148 0.0892938822508
    endloop
  endfacet
  facet normal 0.667851030827 -0.743710815907 0.0294831413776
    outer loop
      vertex 2.18869185448 -0.0949616283178 0.269941091537
      vertex 2.10556793213 -0.124961622059 0.196485221386
      vertex 2.10556793213 -0.0214616265148 0.192382141948
    endloop
  endfacet
  facet normal 0.678822875023 -0.727528691292 0.0995062887669
    outer loop
      vertex 2.18429422379 -0.124961622059 0.269941091537
      vertex 2.10556793213 -0.124961622059 0.196485221386
      vertex 2.18869185448 -0.0949616283178 0.269941091537
    endloop
  endfacet
  facet normal 0.706330478191 -0.70581805706 -0.0540200918913
    outer loop
      vertex 2.10556793213 -0.0214616265148 0.192382141948
      vertex 2.18429422379 -0.037461631 0.269941091537
      vertex 2.18869185448 -0.0949616283178 0.269941091537
    endloop
  endfacet
  facet normal 0.65599244833 -0.715459406376 0.240399137139
    outer loop
      vertex 2.10556793213 -0.0214616265148 0.192382141948
      vertex 2.18869185448 -0.025461634621 0.269941091537
      vertex 2.18429422379 -0.037461631 0.269941091537
    endloop
  endfacet
  facet normal 0.555641114712 -0.564004540443 -0.610869765282
    outer loop
      vertex 2.18429422379 -0.0214616265148 0.269941091537
      vertex 2.18869185448 -0.025461634621 0.269941091537
      vertex 2.10556793213 -0.0214616265148 0.192382141948
    endloop
  endfacet
  facet normal -0.678822755814 0.727528572083 0.0995080843568
    outer loop
      vertex 2.17989659309 -0.0949616283178 0.269941091537
      vertex 2.10556793213 -0.124961622059 0.196485221386
      vertex 2.18429422379 -0.124961622059 0.269941091537
    endloop
  endfacet
  facet normal -0.696809709072 0.716693043709 0.0284120682627
    outer loop
      vertex 2.17989659309 -0.0949616283178 0.269941091537
      vertex 2.10556793213 -0.0214616265148 0.200588300824
      vertex 2.10556793213 -0.124961622059 0.196485221386
    endloop
  endfacet
  facet normal -0.654447615147 0.754448771477 -0.050053011626
    outer loop
      vertex 2.18429422379 -0.037461631 0.269941091537
      vertex 2.10556793213 -0.0214616265148 0.200588300824
      vertex 2.17989659309 -0.0949616283178 0.269941091537
    endloop
  endfacet
  facet normal -0.668438792229 0.702269017696 0.244964793324
    outer loop
      vertex 2.17989659309 -0.025461634621 0.269941091537
      vertex 2.10556793213 -0.0214616265148 0.200588300824
      vertex 2.18429422379 -0.037461631 0.269941091537
    endloop
  endfacet
  facet normal -0.534728825092 0.60700160265 -0.587889552116
    outer loop
      vertex 2.18429422379 -0.0214616265148 0.269941091537
      vertex 2.10556793213 -0.0214616265148 0.200588300824
      vertex 2.17989659309 -0.025461634621 0.269941091537
    endloop
  endfacet
  facet normal 0 -1 0
    outer loop
      vertex 2.10556793213 -0.037461631 0.0199410840869
      vertex 2.08056783676 -0.0949616283178 0.0199410840869
      vertex 2.08056783676 -0.037461631 0.0199410840869
    endloop
  endfacet
  facet normal -0 -1 -0
    outer loop
      vertex 2.10556793213 -0.0949616283178 0.0199410840869
      vertex 2.08056783676 -0.0949616283178 0.0199410840869
      vertex 2.10556793213 -0.037461631 0.0199410840869
    endloop
  endfacet
  facet normal 0.0825783237815 0.774853765965 0.626723587513
    outer loop
      vertex 2.10556793213 -0.0784325823188 0.064487054944
      vertex 2.08056783676 -0.0750712826848 0.0698700994253
      vertex 2.08056783676 -0.086150765419 0.0609086975455
    endloop
  endfacet
  facet normal -0.209740161896 -0.423911422491 0.881083548069
    outer loop
      vertex 2.10556793213 -0.0852643921971 0.0786867067218
      vertex 2.08056783676 -0.0750712826848 0.0698700994253
      vertex 2.10556793213 -0.0784325823188 0.064487054944
    endloop
  endfacet
  facet normal 0.154806464911 -0.902810752392 0.401207864285
    outer loop
      vertex 2.10556793213 -0.0852643921971 0.0786867067218
      vertex 2.08056783676 -0.0893687307835 0.0762238651514
      vertex 2.08056783676 -0.0750712826848 0.0698700994253
    endloop
  endfacet
  facet normal -0.0652429759502 -0.628874123096 -0.774764955044
    outer loop
      vertex 2.10556793213 -0.0944966077805 0.0673127323389
      vertex 2.08056783676 -0.0893687307835 0.0762238651514
      vertex 2.10556793213 -0.0852643921971 0.0786867067218
    endloop
  endfacet
  facet normal 0.264282613993 0.198315024376 -0.943835735321
    outer loop
      vertex 2.10556793213 -0.0944966077805 0.0673127323389
      vertex 2.08056783676 -0.086150765419 0.0609086975455
      vertex 2.08056783676 -0.0893687307835 0.0762238651514
    endloop
  endfacet
  facet normal -0.190878510475 0.966771066189 -0.170056030154
    outer loop
      vertex 2.10556793213 -0.0784325823188 0.064487054944
      vertex 2.08056783676 -0.086150765419 0.0609086975455
      vertex 2.10556793213 -0.0944966077805 0.0673127323389
    endloop
  endfacet
  facet normal -0.142276644707 -0.231181651354 0.962451219559
    outer loop
      vertex 2.10556793213 -0.0714899748564 0.138033300638
      vertex 2.08056783676 -0.0714752674103 0.153357923031
      vertex 2.08056783676 -0.0678711086512 0.138353154063
    endloop
  endfacet
  facet normal 0.054911673069 0.0905353873968 0.994378209114
    outer loop
      vertex 2.10556793213 -0.0700779557228 0.153541952372
      vertex 2.08056783676 -0.0714752674103 0.153357923031
      vertex 2.10556793213 -0.0714899748564 0.138033300638
    endloop
  endfacet
  facet normal -0.0118076903746 -0.942028522491 -0.33532500267
    outer loop
      vertex 2.10556793213 -0.0835156440735 0.148758664727
      vertex 2.08056783676 -0.0714752674103 0.153357923031
      vertex 2.10556793213 -0.0700779557228 0.153541952372
    endloop
  endfacet
  facet normal 0.171055749059 -0.748244702816 -0.640991270542
    outer loop
      vertex 2.10556793213 -0.0835156440735 0.148758664727
      vertex 2.08056783676 -0.0832693725824 0.143254384398
      vertex 2.08056783676 -0.0714752674103 0.153357923031
    endloop
  endfacet
  facet normal -0.155829906464 0.737185716629 -0.657475650311
    outer loop
      vertex 2.10556793213 -0.0714899748564 0.138033300638
      vertex 2.08056783676 -0.0832693725824 0.143254384398
      vertex 2.10556793213 -0.0835156440735 0.148758664727
    endloop
  endfacet
  facet normal 0.0560078732669 0.951398193836 -0.302827715874
    outer loop
      vertex 2.10556793213 -0.0714899748564 0.138033300638
      vertex 2.08056783676 -0.0678711086512 0.138353154063
      vertex 2.08056783676 -0.0832693725824 0.143254384398
    endloop
  endfacet
  facet normal 0 -0.000959724944551 0.999999523163
    outer loop
      vertex 2.10556793213 -0.0714752674103 0.211524292827
      vertex 2.08056783676 -0.0714899748564 0.22684893012
      vertex 2.08056783676 -0.0714752674103 0.211524292827
    endloop
  endfacet
  facet normal 0.14227668941 0.23118147254 0.962451279163
    outer loop
      vertex 2.10556793213 -0.0678711086512 0.226529076695
      vertex 2.08056783676 -0.0714899748564 0.22684893012
      vertex 2.10556793213 -0.0714752674103 0.211524292827
    endloop
  endfacet
  facet normal -0.0453065037727 -0.972839474678 -0.227003604174
    outer loop
      vertex 2.10556793213 -0.0830916762352 0.222977489233
      vertex 2.08056783676 -0.0714899748564 0.22684893012
      vertex 2.10556793213 -0.0678711086512 0.226529076695
    endloop
  endfacet
  facet normal 0.134494587779 -0.816041648388 -0.562127411366
    outer loop
      vertex 2.10556793213 -0.0830916762352 0.222977489233
      vertex 2.08056783676 -0.0848177447915 0.217668145895
      vertex 2.08056783676 -0.0714899748564 0.22684893012
    endloop
  endfacet
  facet normal -0.216520920396 0.886779904366 -0.408338159323
    outer loop
      vertex 2.10556793213 -0.0830916762352 0.222977489233
      vertex 2.08056783676 -0.0714752674103 0.211524292827
      vertex 2.08056783676 -0.0848177447915 0.217668145895
    endloop
  endfacet
  facet normal 0 0.712091684341 -0.702086508274
    outer loop
      vertex 2.10556793213 -0.0714752674103 0.211524292827
      vertex 2.08056783676 -0.0714752674103 0.211524292827
      vertex 2.10556793213 -0.0830916762352 0.222977489233
    endloop
  endfacet
  facet normal -1 0 0
    outer loop
      vertex 2.08056783676 -0.0714899748564 0.22684893012
      vertex 2.08056783676 -0.0848177447915 0.217668145895
      vertex 2.08056783676 -0.0949616283178 0.269941091537
    endloop
  endfacet
  facet normal -0.973299205303 0.0208007656038 0.228595644236
    outer loop
      vertex 2.08056783676 -0.0832693725824 0.143254384398
      vertex 2.08056783676 -0.0893687307835 0.0762238651514
      vertex 2.09306740761 -0.124961622059 0.269941091537
    endloop
  endfacet
  facet normal -1 0 0
    outer loop
      vertex 2.08056783676 -0.0678711086512 0.138353154063
      vertex 2.08056783676 -0.0893687307835 0.0762238651514
      vertex 2.08056783676 -0.0832693725824 0.143254384398
    endloop
  endfacet
  facet normal -1 0 0
    outer loop
      vertex 2.08056783676 -0.0678711086512 0.138353154063
      vertex 2.08056783676 -0.0750712826848 0.0698700994253
      vertex 2.08056783676 -0.0893687307835 0.0762238651514
    endloop
  endfacet
  facet normal -0.943509995937 0 0.33134406805
    outer loop
      vertex 2.09306740761 -0.124961622059 0.269941091537
      vertex 2.08056783676 -0.0893687307835 0.0762238651514
      vertex 2.09306740761 -0.124961622059 0.0199410840869
    endloop
  endfacet
  facet normal -1 0 0
    outer loop
      vertex 2.08056783676 -0.0949616283178 0.0199410840869
      vertex 2.08056783676 -0.0893687307835 0.0762238651514
      vertex 2.08056783676 -0.086150765419 0.0609086975455
    endloop
  endfacet
  facet normal -0.922407865524 0.038190856576 0.38432431221
    outer loop
      vertex 2.09306740761 -0.124961622059 0.0199410840869
      vertex 2.08056783676 -0.0893687307835 0.0762238651514
      vertex 2.08056783676 -0.0949616283178 0.0199410840869
    endloop
  endfacet
  facet normal -1 0 0
    outer loop
      vertex 2.08056783676 -0.037461631 0.0199410840869
      vertex 2.08056783676 -0.086150765419 0.0609086975455
      vertex 2.08056783676 -0.0750712826848 0.0698700994253
    endloop
  endfacet
  facet normal -1 0 0
    outer loop
      vertex 2.08056783676 -0.0949616283178 0.0199410840869
      vertex 2.08056783676 -0.086150765419 0.0609086975455
      vertex 2.08056783676 -0.037461631 0.0199410840869
    endloop
  endfacet
  facet normal -1 -0 0
    outer loop
      vertex 2.08056783676 -0.0678711086512 0.138353154063
      vertex 2.08056783676 -0.037461631 0.0199410840869
      vertex 2.08056783676 -0.0750712826848 0.0698700994253
    endloop
  endfacet
  facet normal -0.680956661701 0.182157590985 -0.709307134151
    outer loop
      vertex 2.08056783676 -0.0678711086512 0.138353154063
      vertex 2.09306740761 -0.025461634621 0.0199410840869
      vertex 2.08056783676 -0.037461631 0.0199410840869
    endloop
  endfacet
  facet normal -0.994474649429 -0.104976892471 0
    outer loop
      vertex 2.09306740761 -0.0214616265148 0.0199410840869
      vertex 2.09306740761 -0.025461634621 0.0199410840869
      vertex 2.08056783676 -0.0678711086512 0.138353154063
    endloop
  endfacet
  facet normal -0.965591013432 -1.03385524548e-17 -0.260065346956
    outer loop
      vertex 2.08056783676 -0.0678711086512 0.138353154063
      vertex 2.09306740761 -0.0214616265148 0.269941091537
      vertex 2.09306740761 -0.0214616265148 0.0199410840869
    endloop
  endfacet
  facet normal -0.995518684387 0.0945647582412 0
    outer loop
      vertex 2.08056783676 -0.0678711086512 0.138353154063
      vertex 2.09306740761 -0.025461634621 0.269941091537
      vertex 2.09306740761 -0.0214616265148 0.269941091537
    endloop
  endfacet
  facet normal -0.98525083065 0.0399655550718 -0.166383877397
    outer loop
      vertex 2.08056783676 -0.0714752674103 0.153357923031
      vertex 2.09306740761 -0.025461634621 0.269941091537
      vertex 2.08056783676 -0.0678711086512 0.138353154063
    endloop
  endfacet
  facet normal -0.677696585655 -0.205952644348 -0.705911338329
    outer loop
      vertex 2.08056783676 -0.037461631 0.269941091537
      vertex 2.09306740761 -0.025461634621 0.269941091537
      vertex 2.08056783676 -0.0714752674103 0.153357923031
    endloop
  endfacet
  facet normal -1 0 0
    outer loop
      vertex 2.08056783676 -0.037461631 0.269941091537
      vertex 2.08056783676 -0.0714899748564 0.22684893012
      vertex 2.08056783676 -0.0949616283178 0.269941091537
    endloop
  endfacet
  facet normal -1 0 0
    outer loop
      vertex 2.08056783676 -0.037461631 0.269941091537
      vertex 2.08056783676 -0.0714752674103 0.211524292827
      vertex 2.08056783676 -0.0714899748564 0.22684893012
    endloop
  endfacet
  facet normal -1 0 0
    outer loop
      vertex 2.08056783676 -0.0714752674103 0.153357923031
      vertex 2.08056783676 -0.0714752674103 0.211524292827
      vertex 2.08056783676 -0.037461631 0.269941091537
    endloop
  endfacet
  facet normal -1 0 0
    outer loop
      vertex 2.08056783676 -0.0714752674103 0.153357923031
      vertex 2.08056783676 -0.0848177447915 0.217668145895
      vertex 2.08056783676 -0.0714752674103 0.211524292827
    endloop
  endfacet
  facet normal -1 0 0
    outer loop
      vertex 2.08056783676 -0.0832693725824 0.143254384398
      vertex 2.08056783676 -0.0848177447915 0.217668145895
      vertex 2.08056783676 -0.0714752674103 0.153357923031
    endloop
  endfacet
  facet normal -0.952393591404 -0.00634226761758 0.304805248976
    outer loop
      vertex 2.09306740761 -0.124961622059 0.269941091537
      vertex 2.08056783676 -0.0848177447915 0.217668145895
      vertex 2.08056783676 -0.0832693725824 0.143254384398
    endloop
  endfacet
  facet normal -0.920521020889 -0.0744279175997 0.383538156748
    outer loop
      vertex 2.08056783676 -0.0949616283178 0.269941091537
      vertex 2.08056783676 -0.0848177447915 0.217668145895
      vertex 2.09306740761 -0.124961622059 0.269941091537
    endloop
  endfacet
  facet normal 1 0 0
    outer loop
      vertex 2.10556793213 -0.0214616265148 0.0892938822508
      vertex 2.10556793213 -0.0852643921971 0.0786867067218
      vertex 2.10556793213 -0.0784325823188 0.064487054944
    endloop
  endfacet
  facet normal 1 0 0
    outer loop
      vertex 2.10556793213 -0.124961622059 0.093396961689
      vertex 2.10556793213 -0.0944966077805 0.0673127323389
      vertex 2.10556793213 -0.0852643921971 0.0786867067218
    endloop
  endfacet
  facet normal 0.980267465115 -0.181239709258 -0.0789170861244
    outer loop
      vertex 2.09306740761 -0.025461634621 0.0199410840869
      vertex 2.10556793213 -0.0214616265148 0.0892938822508
      vertex 2.10556793213 -0.0784325823188 0.064487054944
    endloop
  endfacet
  facet normal 0.984141290188 -0.177386298776 0
    outer loop
      vertex 2.09306740761 -0.0214616265148 0.0199410840869
      vertex 2.10556793213 -0.0214616265148 0.0892938822508
      vertex 2.09306740761 -0.025461634621 0.0199410840869
    endloop
  endfacet
  facet normal 0.577050447464 0.552874922752 -0.601117372513
    outer loop
      vertex 2.09306740761 -0.025461634621 0.0199410840869
      vertex 2.10556793213 -0.0784325823188 0.064487054944
      vertex 2.10556793213 -0.037461631 0.0199410840869
    endloop
  endfacet
  facet normal 1 0 0
    outer loop
      vertex 2.10556793213 -0.037461631 0.0199410840869
      vertex 2.10556793213 -0.0784325823188 0.064487054944
      vertex 2.10556793213 -0.0949616283178 0.0199410840869
    endloop
  endfacet
  facet normal 0.972231924534 -0.230480819941 0.0405418165028
    outer loop
      vertex 2.09306740761 -0.124961622059 0.0199410840869
      vertex 2.10556793213 -0.0784325823188 0.064487054944
      vertex 2.10556793213 -0.0944966077805 0.0673127323389
    endloop
  endfacet
  facet normal 0.913812041283 0.141286849976 0.380769699812
    outer loop
      vertex 2.10556793213 -0.0949616283178 0.0199410840869
      vertex 2.10556793213 -0.0784325823188 0.064487054944
      vertex 2.09306740761 -0.124961622059 0.0199410840869
    endloop
  endfacet
  facet normal 0.97581166029 -0.166060388088 0.142181366682
    outer loop
      vertex 2.09306740761 -0.124961622059 0.0199410840869
      vertex 2.10556793213 -0.0944966077805 0.0673127323389
      vertex 2.10556793213 -0.124961622059 0.093396961689
    endloop
  endfacet
  facet normal 1 0 0
    outer loop
      vertex 2.10556793213 -0.124961622059 0.093396961689
      vertex 2.10556793213 -0.0852643921971 0.0786867067218
      vertex 2.10556793213 -0.0214616265148 0.0892938822508
    endloop
  endfacet
  facet normal 1 0 0
    outer loop
      vertex 2.10556793213 -0.0678711086512 0.226529076695
      vertex 2.10556793213 -0.0714752674103 0.211524292827
      vertex 2.10556793213 -0.0214616265148 0.200588300824
    endloop
  endfacet
  facet normal 1 0 0
    outer loop
      vertex 2.10556793213 -0.0830916762352 0.222977489233
      vertex 2.10556793213 -0.124961622059 0.196485221386
      vertex 2.10556793213 -0.0714752674103 0.211524292827
    endloop
  endfacet
  facet normal 0.980319559574 0.166827559471 0.10555639118
    outer loop
      vertex 2.10556793213 -0.0830916762352 0.222977489233
      vertex 2.09306740761 -0.124961622059 0.269941091537
      vertex 2.10556793213 -0.124961622059 0.196485221386
    endloop
  endfacet
  facet normal 0.918740570545 -0.0967578068376 0.382823318243
    outer loop
      vertex 2.10556793213 -0.0830916762352 0.222977489233
      vertex 2.10556793213 -0.0949616283178 0.269941091537
      vertex 2.09306740761 -0.124961622059 0.269941091537
    endloop
  endfacet
  facet normal 1 0 -0
    outer loop
      vertex 2.10556793213 -0.0678711086512 0.226529076695
      vertex 2.10556793213 -0.0949616283178 0.269941091537
      vertex 2.10556793213 -0.0830916762352 0.222977489233
    endloop
  endfacet
  facet normal 1 -0 0
    outer loop
      vertex 2.10556793213 -0.0678711086512 0.226529076695
      vertex 2.10556793213 -0.037461631 0.269941091537
      vertex 2.10556793213 -0.0949616283178 0.269941091537
    endloop
  endfacet
  facet normal 0.618083357811 -0.451015591621 -0.643861651421
    outer loop
      vertex 2.10556793213 -0.0678711086512 0.226529076695
      vertex 2.09306740761 -0.025461634621 0.269941091537
      vertex 2.10556793213 -0.037461631 0.269941091537
    endloop
  endfacet
  facet normal 0.960954487324 0.276706576347 -0
    outer loop
      vertex 2.09306740761 -0.0214616265148 0.269941091537
      vertex 2.09306740761 -0.025461634621 0.269941091537
      vertex 2.10556793213 -0.0678711086512 0.226529076695
    endloop
  endfacet
  facet normal 0.979339182377 0.176520779729 -0.0986670255661
    outer loop
      vertex 2.09306740761 -0.0214616265148 0.269941091537
      vertex 2.10556793213 -0.0678711086512 0.226529076695
      vertex 2.10556793213 -0.0214616265148 0.200588300824
    endloop
  endfacet
  facet normal 1 0 -0
    outer loop
      vertex 2.10556793213 -0.0214616265148 0.200588300824
      vertex 2.10556793213 -0.0714752674103 0.211524292827
      vertex 2.10556793213 -0.124961622059 0.196485221386
    endloop
  endfacet
  facet normal 1 0 0
    outer loop
      vertex 2.10556793213 -0.0835156440735 0.148758664727
      vertex 2.10556793213 -0.124961622059 0.093396961689
      vertex 2.10556793213 -0.0714899748564 0.138033300638
    endloop
  endfacet
  facet normal 1 0 -0
    outer loop
      vertex 2.10556793213 -0.0835156440735 0.148758664727
      vertex 2.10556793213 -0.124961622059 0.196485221386
      vertex 2.10556793213 -0.124961622059 0.093396961689
    endloop
  endfacet
  facet normal 1 0 -0
    outer loop
      vertex 2.10556793213 -0.0700779557228 0.153541952372
      vertex 2.10556793213 -0.124961622059 0.196485221386
      vertex 2.10556793213 -0.0835156440735 0.148758664727
    endloop
  endfacet
  facet normal 1 -0 0
    outer loop
      vertex 2.10556793213 -0.0700779557228 0.153541952372
      vertex 2.10556793213 -0.0214616265148 0.192382141948
      vertex 2.10556793213 -0.124961622059 0.196485221386
    endloop
  endfacet
  facet normal 1 0 0
    outer loop
      vertex 2.10556793213 -0.0714899748564 0.138033300638
      vertex 2.10556793213 -0.0214616265148 0.192382141948
      vertex 2.10556793213 -0.0700779557228 0.153541952372
    endloop
  endfacet
  facet normal 1 0 0
    outer loop
      vertex 2.10556793213 -0.0714899748564 0.138033300638
      vertex 2.10556793213 -0.0214616265148 0.0975000485778
      vertex 2.10556793213 -0.0214616265148 0.192382141948
    endloop
  endfacet
  facet normal 1 0 0
    outer loop
      vertex 2.10556793213 -0.0714899748564 0.138033300638
      vertex 2.10556793213 -0.124961622059 0.093396961689
      vertex 2.10556793213 -0.0214616265148 0.0975000485778
    endloop
  endfacet
  facet normal -0 -1 0
    outer loop
      vertex 2.18869185448 -0.025461634621 0.0199410840869
      vertex 2.17989659309 -0.025461634621 0.0199410840869
      vertex 2.18429422379 -0.0214616265148 0.0199410840869
    endloop
  endfacet
  facet normal -0 -1 0
    outer loop
      vertex 1.20556771755 -0.0949616283178 0.0199410840869
      vertex 1.18056762218 -0.0949616283178 0.0199410840869
      vertex 1.19306778908 -0.037461631 0.0199410840869
    endloop
  endfacet
  facet normal -0.304737269878 -0.0152368433774 -0.952314555645
    outer loop
      vertex 1.19931769371 -0.0234616287053 0.0199410840869
      vertex 1.18056762218 -0.025461634621 0.269941091537
      vertex 1.19306778908 -0.0214616265148 0.269941091537
    endloop
  endfacet
  facet normal -0.106064923108 0 -0.994359195232
    outer loop
      vertex 1.18056762218 -0.025461634621 0.0199410840869
      vertex 1.18056762218 -0.025461634621 0.269941091537
      vertex 1.19931769371 -0.0234616287053 0.0199410840869
    endloop
  endfacet
  facet normal -1 0 0
    outer loop
      vertex 1.18056762218 -0.025461634621 0.0199410840869
      vertex 1.18056762218 -0.037461631 0.269941091537
      vertex 1.18056762218 -0.025461634621 0.269941091537
    endloop
  endfacet
  facet normal -0.692112088203 -0.0346060656011 0.720959961414
    outer loop
      vertex 1.19306778908 -0.037461631 0.0199410840869
      vertex 1.18056762218 -0.037461631 0.269941091537
      vertex 1.18056762218 -0.025461634621 0.0199410840869
    endloop
  endfacet
  facet normal -0.998752295971 -0.0499382801354 3.09935278014e-17
    outer loop
      vertex 1.19306778908 -0.037461631 0.0199410840869
      vertex 1.18056762218 -0.0949616283178 0.269941091537
      vertex 1.18056762218 -0.037461631 0.269941091537
    endloop
  endfacet
  facet normal -0.97717577219 0 -0.21243236959
    outer loop
      vertex 1.18056762218 -0.0949616283178 0.0199410840869
      vertex 1.18056762218 -0.0949616283178 0.269941091537
      vertex 1.19306778908 -0.037461631 0.0199410840869
    endloop
  endfacet
  facet normal -0.923075079918 0 0.384619861841
    outer loop
      vertex 1.18056762218 -0.0949616283178 0.0199410840869
      vertex 1.19306778908 -0.124961622059 0.269941091537
      vertex 1.18056762218 -0.0949616283178 0.269941091537
    endloop
  endfacet
  facet normal -0.923075079918 0 0.384619861841
    outer loop
      vertex 1.19306778908 -0.124961622059 0.0199410840869
      vertex 1.19306778908 -0.124961622059 0.269941091537
      vertex 1.18056762218 -0.0949616283178 0.0199410840869
    endloop
  endfacet
  facet normal 0.923077702522 -0 0.384613573551
    outer loop
      vertex 1.19306778908 -0.124961622059 0.0199410840869
      vertex 1.20556771755 -0.0949616283178 0.269941091537
      vertex 1.19306778908 -0.124961622059 0.269941091537
    endloop
  endfacet
  facet normal 0.923077702522 -0 0.384613573551
    outer loop
      vertex 1.20556771755 -0.0949616283178 0.0199410840869
      vertex 1.20556771755 -0.0949616283178 0.269941091537
      vertex 1.19306778908 -0.124961622059 0.0199410840869
    endloop
  endfacet
  facet normal 1 -0 0
    outer loop
      vertex 1.20556771755 -0.0949616283178 0.0199410840869
      vertex 1.20556771755 -0.037461631 0.269941091537
      vertex 1.20556771755 -0.0949616283178 0.269941091537
    endloop
  endfacet
  facet normal 0.976012349129 -0.0488003306091 -0.212175369263
    outer loop
      vertex 1.19306778908 -0.037461631 0.0199410840869
      vertex 1.20556771755 -0.037461631 0.269941091537
      vertex 1.20556771755 -0.0949616283178 0.0199410840869
    endloop
  endfacet
  facet normal 0.998752355576 -0.0499373227358 1.44907154068e-16
    outer loop
      vertex 1.19306778908 -0.037461631 0.0199410840869
      vertex 1.20556771755 -0.025461634621 0.269941091537
      vertex 1.20556771755 -0.037461631 0.269941091537
    endloop
  endfacet
  facet normal 0.912829518318 -0.0260808728635 0.407507091761
    outer loop
      vertex 1.19931769371 -0.0234616287053 0.0199410840869
      vertex 1.20556771755 -0.025461634621 0.269941091537
      vertex 1.19306778908 -0.037461631 0.0199410840869
    endloop
  endfacet
  facet normal 0.304777950048 -5.76590082346e-08 -0.952423453331
    outer loop
      vertex 1.19931769371 -0.0234616287053 0.0199410840869
      vertex 1.19306778908 -0.0214616265148 0.269941091537
      vertex 1.20556771755 -0.025461634621 0.269941091537
    endloop
  endfacet
  facet normal 0 -1 0
    outer loop
      vertex 1.80556774139 -0.037461631 0.0199410840869
      vertex 1.78056764603 -0.0949616283178 0.0199410840869
      vertex 1.78056764603 -0.037461631 0.0199410840869
    endloop
  endfacet
  facet normal -0 -1 -0
    outer loop
      vertex 1.80556774139 -0.0949616283178 0.0199410840869
      vertex 1.78056764603 -0.0949616283178 0.0199410840869
      vertex 1.80556774139 -0.037461631 0.0199410840869
    endloop
  endfacet
  facet normal 0.00424748193473 0.970986485481 0.239096716046
    outer loop
      vertex 1.80556774139 -0.0765802934766 0.0684822872281
      vertex 1.78056764603 -0.0759292542934 0.0687519609928
      vertex 1.78056764603 -0.0903065726161 0.0652116760612
    endloop
  endfacet
  facet normal -0.0275260210037 -0.571003258228 0.820486187935
    outer loop
      vertex 1.80556774139 -0.0765802934766 0.0684822872281
      vertex 1.78056764603 -0.083919711411 0.0802336111665
      vertex 1.78056764603 -0.0759292542934 0.0687519609928
    endloop
  endfacet
  facet normal -0.102698162198 -0.674878954887 0.7307472229
    outer loop
      vertex 1.80556774139 -0.0869034826756 0.0796600580215
      vertex 1.78056764603 -0.083919711411 0.0802336111665
      vertex 1.80556774139 -0.0765802934766 0.0684822872281
    endloop
  endfacet
  facet normal 0.100349530578 -0.389297366142 -0.915629565716
    outer loop
      vertex 1.80556774139 -0.0869034826756 0.0796600580215
      vertex 1.78056764603 -0.0903065726161 0.0652116760612
      vertex 1.78056764603 -0.083919711411 0.0802336111665
    endloop
  endfacet
  facet normal 0.131077408791 -0.436458706856 -0.890124976635
    outer loop
      vertex 1.80556774139 -0.0933784842491 0.0664547681808
      vertex 1.78056764603 -0.0903065726161 0.0652116760612
      vertex 1.80556774139 -0.0869034826756 0.0796600580215
    endloop
  endfacet
  facet normal -0.0639581978321 0.990761876106 0.119583673775
    outer loop
      vertex 1.80556774139 -0.0765802934766 0.0684822872281
      vertex 1.78056764603 -0.0903065726161 0.0652116760612
      vertex 1.80556774139 -0.0933784842491 0.0664547681808
    endloop
  endfacet
  facet normal -0.155502662063 -0.0341135747731 0.987246274948
    outer loop
      vertex 1.80556774139 -0.0714752674103 0.153357923031
      vertex 1.78056764603 -0.0672434493899 0.144849151373
      vertex 1.80556774139 -0.0709309130907 0.137604311109
    endloop
  endfacet
  facet normal 0.211322084069 -0.85576403141 0.472240269184
    outer loop
      vertex 1.80556774139 -0.0714752674103 0.153357923031
      vertex 1.78056764603 -0.0805076509714 0.152168795466
      vertex 1.78056764603 -0.0672434493899 0.144849151373
    endloop
  endfacet
  facet normal -0.146580412984 -0.843491137028 -0.516756117344
    outer loop
      vertex 1.80556774139 -0.0846337750554 0.145296499133
      vertex 1.78056764603 -0.0805076509714 0.152168795466
      vertex 1.80556774139 -0.0714752674103 0.153357923031
    endloop
  endfacet
  facet normal 0.137746021152 -0.0910645723343 -0.986272394657
    outer loop
      vertex 1.80556774139 -0.0846337750554 0.145296499133
      vertex 1.78056764603 -0.0818581730127 0.137542009354
      vertex 1.78056764603 -0.0805076509714 0.152168795466
    endloop
  endfacet
  facet normal -0.211252003908 0.852321743965 -0.478456109762
    outer loop
      vertex 1.80556774139 -0.0709309130907 0.137604311109
      vertex 1.78056764603 -0.0818581730127 0.137542009354
      vertex 1.80556774139 -0.0846337750554 0.145296499133
    endloop
  endfacet
  facet normal 0.189728662372 0.878186523914 0.43908020854
    outer loop
      vertex 1.80556774139 -0.0709309130907 0.137604311109
      vertex 1.78056764603 -0.0672434493899 0.144849151373
      vertex 1.78056764603 -0.0818581730127 0.137542009354
    endloop
  endfacet
  facet normal -0.214533805847 0.511328995228 0.832176625729
    outer loop
      vertex 1.80556774139 -0.0678944960237 0.224622860551
      vertex 1.78056764603 -0.0677339285612 0.21439512074
      vertex 1.80556774139 -0.0762193650007 0.211074322462
    endloop
  endfacet
  facet normal 0.192773967981 -0.484600096941 0.853229701519
    outer loop
      vertex 1.80556774139 -0.0678944960237 0.224622860551
      vertex 1.78056764603 -0.0757903754711 0.228580012918
      vertex 1.78056764603 -0.0677339285612 0.21439512074
    endloop
  endfacet
  facet normal -0.152401417494 -0.988236606121 0.0127350818366
    outer loop
      vertex 1.80556774139 -0.0835624337196 0.224824771285
      vertex 1.78056764603 -0.0757903754711 0.228580012918
      vertex 1.80556774139 -0.0678944960237 0.224622860551
    endloop
  endfacet
  facet normal 0.199243456125 -0.462083637714 -0.86416476965
    outer loop
      vertex 1.80556774139 -0.0835624337196 0.224824771285
      vertex 1.78056764603 -0.0831602662802 0.214797228575
      vertex 1.78056764603 -0.0757903754711 0.228580012918
    endloop
  endfacet
  facet normal -0.172144621611 0.464030265808 -0.868931591511
    outer loop
      vertex 1.80556774139 -0.0762193650007 0.211074322462
      vertex 1.78056764603 -0.0831602662802 0.214797228575
      vertex 1.80556774139 -0.0835624337196 0.224824771285
    endloop
  endfacet
  facet normal 0.140231221914 0.989782571793 -0.0257998853922
    outer loop
      vertex 1.80556774139 -0.0762193650007 0.211074322462
      vertex 1.78056764603 -0.0677339285612 0.21439512074
      vertex 1.78056764603 -0.0831602662802 0.214797228575
    endloop
  endfacet
  facet normal -1 0 0
    outer loop
      vertex 1.78056764603 -0.0757903754711 0.228580012918
      vertex 1.78056764603 -0.0831602662802 0.214797228575
      vertex 1.78056764603 -0.0949616283178 0.269941091537
    endloop
  endfacet
  facet normal -1 0 0
    outer loop
      vertex 1.78056764603 -0.0677339285612 0.21439512074
      vertex 1.78056764603 -0.0757903754711 0.228580012918
      vertex 1.78056764603 -0.037461631 0.269941091537
    endloop
  endfacet
  facet normal -0.977070271969 0.0238420516253 0.211577996612
    outer loop
      vertex 1.78056764603 -0.0805076509714 0.152168795466
      vertex 1.78056764603 -0.0903065726161 0.0652116760612
      vertex 1.79306769371 -0.124961622059 0.269941091537
    endloop
  endfacet
  facet normal -1 0 0
    outer loop
      vertex 1.78056764603 -0.0818581730127 0.137542009354
      vertex 1.78056764603 -0.0903065726161 0.0652116760612
      vertex 1.78056764603 -0.0805076509714 0.152168795466
    endloop
  endfacet
  facet normal -1 0 0
    outer loop
      vertex 1.78056764603 -0.0818581730127 0.137542009354
      vertex 1.78056764603 -0.083919711411 0.0802336111665
      vertex 1.78056764603 -0.0903065726161 0.0652116760612
    endloop
  endfacet
  facet normal -1 0 0
    outer loop
      vertex 1.78056764603 -0.0672434493899 0.144849151373
      vertex 1.78056764603 -0.083919711411 0.0802336111665
      vertex 1.78056764603 -0.0818581730127 0.137542009354
    endloop
  endfacet
  facet normal -1 0 0
    outer loop
      vertex 1.78056764603 -0.0672434493899 0.144849151373
      vertex 1.78056764603 -0.0759292542934 0.0687519609928
      vertex 1.78056764603 -0.083919711411 0.0802336111665
    endloop
  endfacet
  facet normal -1 0 0
    outer loop
      vertex 1.78056764603 -0.0949616283178 0.0199410840869
      vertex 1.78056764603 -0.0903065726161 0.0652116760612
      vertex 1.78056764603 -0.0759292542934 0.0687519609928
    endloop
  endfacet
  facet normal -0.940677702427 0 0.339301407337
    outer loop
      vertex 1.79306769371 -0.124961622059 0.269941091537
      vertex 1.78056764603 -0.0903065726161 0.0652116760612
      vertex 1.79306769371 -0.124961622059 0.0199410840869
    endloop
  endfacet
  facet normal -0.922355413437 0.0395182147622 0.384315997362
    outer loop
      vertex 1.79306769371 -0.124961622059 0.0199410840869
      vertex 1.78056764603 -0.0903065726161 0.0652116760612
      vertex 1.78056764603 -0.0949616283178 0.0199410840869
    endloop
  endfacet
  facet normal -1 0 0
    outer loop
      vertex 1.78056764603 -0.0949616283178 0.0199410840869
      vertex 1.78056764603 -0.0759292542934 0.0687519609928
      vertex 1.78056764603 -0.037461631 0.0199410840869
    endloop
  endfacet
  facet normal -1 -0 0
    outer loop
      vertex 1.78056764603 -0.0672434493899 0.144849151373
      vertex 1.78056764603 -0.037461631 0.0199410840869
      vertex 1.78056764603 -0.0759292542934 0.0687519609928
    endloop
  endfacet
  facet normal -0.682508528233 0.169511437416 -0.710948646069
    outer loop
      vertex 1.78056764603 -0.0672434493899 0.144849151373
      vertex 1.79306769371 -0.025461634621 0.0199410840869
      vertex 1.78056764603 -0.037461631 0.0199410840869
    endloop
  endfacet
  facet normal -0.9950299263 -0.0995765179396 0
    outer loop
      vertex 1.79306769371 -0.0214616265148 0.0199410840869
      vertex 1.79306769371 -0.025461634621 0.0199410840869
      vertex 1.78056764603 -0.0672434493899 0.144849151373
    endloop
  endfacet
  facet normal -0.964688420296 0 -0.263393640518
    outer loop
      vertex 1.78056764603 -0.0672434493899 0.144849151373
      vertex 1.79306769371 -0.0214616265148 0.269941091537
      vertex 1.79306769371 -0.0214616265148 0.0199410840869
    endloop
  endfacet
  facet normal -0.995044410229 0.099431604147 -4.89147392177e-16
    outer loop
      vertex 1.78056764603 -0.0672434493899 0.144849151373
      vertex 1.79306769371 -0.025461634621 0.269941091537
      vertex 1.79306769371 -0.0214616265148 0.269941091537
    endloop
  endfacet
  facet normal -0.682537317276 -0.169269412756 -0.71097868681
    outer loop
      vertex 1.78056764603 -0.037461631 0.269941091537
      vertex 1.79306769371 -0.025461634621 0.269941091537
      vertex 1.78056764603 -0.0672434493899 0.144849151373
    endloop
  endfacet
  facet normal -1 0 0
    outer loop
      vertex 1.78056764603 -0.037461631 0.269941091537
      vertex 1.78056764603 -0.0757903754711 0.228580012918
      vertex 1.78056764603 -0.0949616283178 0.269941091537
    endloop
  endfacet
  facet normal -1 0 0
    outer loop
      vertex 1.78056764603 -0.0672434493899 0.144849151373
      vertex 1.78056764603 -0.0677339285612 0.21439512074
      vertex 1.78056764603 -0.037461631 0.269941091537
    endloop
  endfacet
  facet normal -1 0 -0
    outer loop
      vertex 1.78056764603 -0.0805076509714 0.152168795466
      vertex 1.78056764603 -0.0677339285612 0.21439512074
      vertex 1.78056764603 -0.0672434493899 0.144849151373
    endloop
  endfacet
  facet normal -1 0 0
    outer loop
      vertex 1.78056764603 -0.0805076509714 0.152168795466
      vertex 1.78056764603 -0.0831602662802 0.214797228575
      vertex 1.78056764603 -0.0677339285612 0.21439512074
    endloop
  endfacet
  facet normal -0.953246533871 -0.0127878868952 0.301923006773
    outer loop
      vertex 1.79306769371 -0.124961622059 0.269941091537
      vertex 1.78056764603 -0.0831602662802 0.214797228575
      vertex 1.78056764603 -0.0805076509714 0.152168795466
    endloop
  endfacet
  facet normal -0.919965267181 -0.0820345133543 0.383320093155
    outer loop
      vertex 1.78056764603 -0.0949616283178 0.269941091537
      vertex 1.78056764603 -0.0831602662802 0.214797228575
      vertex 1.79306769371 -0.124961622059 0.269941091537
    endloop
  endfacet
  facet normal 1 0 0
    outer loop
      vertex 1.80556774139 -0.0949616283178 0.269941091537
      vertex 1.80556774139 -0.0678944960237 0.224622860551
      vertex 1.80556774139 -0.037461631 0.269941091537
    endloop
  endfacet
  facet normal 1 -0 0
    outer loop
      vertex 1.80556774139 -0.0835624337196 0.224824771285
      vertex 1.80556774139 -0.0678944960237 0.224622860551
      vertex 1.80556774139 -0.0949616283178 0.269941091537
    endloop
  endfacet
  facet normal 0.918748557568 -0.0967224836349 0.382813125849
    outer loop
      vertex 1.79306769371 -0.124961622059 0.269941091537
      vertex 1.80556774139 -0.0835624337196 0.224824771285
      vertex 1.80556774139 -0.0949616283178 0.269941091537
    endloop
  endfacet
  facet normal 0.678395450115 0.201010495424 -0.706664264202
    outer loop
      vertex 1.79306769371 -0.025461634621 0.0199410840869
      vertex 1.80556774139 -0.0709309130907 0.137604311109
      vertex 1.80556774139 -0.037461631 0.0199410840869
    endloop
  endfacet
  facet normal 0.994404315948 -0.105641253293 0
    outer loop
      vertex 1.79306769371 -0.0214616265148 0.0199410840869
      vertex 1.80556774139 -0.0709309130907 0.137604311109
      vertex 1.79306769371 -0.025461634621 0.0199410840869
    endloop
  endfacet
  facet normal 0.969527423382 0 -0.244982883334
    outer loop
      vertex 1.79306769371 -0.0214616265148 0.269941091537
      vertex 1.80556774139 -0.0709309130907 0.137604311109
      vertex 1.79306769371 -0.0214616265148 0.0199410840869
    endloop
  endfacet
  facet normal 0.99556863308 0.0940376892686 0
    outer loop
      vertex 1.79306769371 -0.025461634621 0.269941091537
      vertex 1.80556774139 -0.0709309130907 0.137604311109
      vertex 1.79306769371 -0.0214616265148 0.269941091537
    endloop
  endfacet
  facet normal 0.970156311989 0.00837373919785 -0.242335855961
    outer loop
      vertex 1.79306769371 -0.025461634621 0.269941091537
      vertex 1.80556774139 -0.0714752674103 0.153357923031
      vertex 1.80556774139 -0.0709309130907 0.137604311109
    endloop
  endfacet
  facet normal 0.677683651447 -0.205955982208 -0.705922782421
    outer loop
      vertex 1.80556774139 -0.037461631 0.269941091537
      vertex 1.80556774139 -0.0714752674103 0.153357923031
      vertex 1.79306769371 -0.025461634621 0.269941091537
    endloop
  endfacet
  facet normal 1 0 0
    outer loop
      vertex 1.80556774139 -0.0678944960237 0.224622860551
      vertex 1.80556774139 -0.0714752674103 0.153357923031
      vertex 1.80556774139 -0.037461631 0.269941091537
    endloop
  endfacet
  facet normal 1 0 0
    outer loop
      vertex 1.80556774139 -0.0762193650007 0.211074322462
      vertex 1.80556774139 -0.0714752674103 0.153357923031
      vertex 1.80556774139 -0.0678944960237 0.224622860551
    endloop
  endfacet
  facet normal 1 0 0
    outer loop
      vertex 1.80556774139 -0.0762193650007 0.211074322462
      vertex 1.80556774139 -0.0846337750554 0.145296499133
      vertex 1.80556774139 -0.0714752674103 0.153357923031
    endloop
  endfacet
  facet normal 0.773709118366 -0.298437356949 0.558846414089
    outer loop
      vertex 1.79306769371 -0.124961622059 0.269941091537
      vertex 1.80556774139 -0.0762193650007 0.211074322462
      vertex 1.80556774139 -0.0835624337196 0.224824771285
    endloop
  endfacet
  facet normal 0.97583001852 0.0277289096266 0.216764688492
    outer loop
      vertex 1.79306769371 -0.124961622059 0.269941091537
      vertex 1.80556774139 -0.0846337750554 0.145296499133
      vertex 1.80556774139 -0.0762193650007 0.211074322462
    endloop
  endfacet
  facet normal 1 0 0
    outer loop
      vertex 1.80556774139 -0.037461631 0.0199410840869
      vertex 1.80556774139 -0.0765802934766 0.0684822872281
      vertex 1.80556774139 -0.0949616283178 0.0199410840869
    endloop
  endfacet
  facet normal 1 0 0
    outer loop
      vertex 1.80556774139 -0.0709309130907 0.137604311109
      vertex 1.80556774139 -0.0765802934766 0.0684822872281
      vertex 1.80556774139 -0.037461631 0.0199410840869
    endloop
  endfacet
  facet normal 1 0 0
    outer loop
      vertex 1.80556774139 -0.0709309130907 0.137604311109
      vertex 1.80556774139 -0.0869034826756 0.0796600580215
      vertex 1.80556774139 -0.0765802934766 0.0684822872281
    endloop
  endfacet
  facet normal 1 0 0
    outer loop
      vertex 1.80556774139 -0.0846337750554 0.145296499133
      vertex 1.80556774139 -0.0869034826756 0.0796600580215
      vertex 1.80556774139 -0.0709309130907 0.137604311109
    endloop
  endfacet
  facet normal 1 0 0
    outer loop
      vertex 1.80556774139 -0.0846337750554 0.145296499133
      vertex 1.80556774139 -0.0933784842491 0.0664547681808
      vertex 1.80556774139 -0.0869034826756 0.0796600580215
    endloop
  endfacet
  facet normal 0.929822921753 0 0.368007183075
    outer loop
      vertex 1.80556774139 -0.0933784842491 0.0664547681808
      vertex 1.79306769371 -0.124961622059 0.269941091537
      vertex 1.79306769371 -0.124961622059 0.0199410840869
    endloop
  endfacet
  facet normal 0.974075376987 0.0249386206269 0.224844992161
    outer loop
      vertex 1.80556774139 -0.0933784842491 0.0664547681808
      vertex 1.80556774139 -0.0846337750554 0.145296499133
      vertex 1.79306769371 -0.124961622059 0.269941091537
    endloop
  endfacet
  facet normal 0.922997415066 0.0130897220224 0.384583503008
    outer loop
      vertex 1.80556774139 -0.0949616283178 0.0199410840869
      vertex 1.80556774139 -0.0933784842491 0.0664547681808
      vertex 1.79306769371 -0.124961622059 0.0199410840869
    endloop
  endfacet
  facet normal 1 0 0
    outer loop
      vertex 1.80556774139 -0.0949616283178 0.0199410840869
      vertex 1.80556774139 -0.0765802934766 0.0684822872281
      vertex 1.80556774139 -0.0933784842491 0.0664547681808
    endloop
  endfacet
  facet normal 0 -1 0
    outer loop
      vertex 1.50556778908 -0.037461631 0.0199410840869
      vertex 1.48056769371 -0.0949616283178 0.0199410840869
      vertex 1.48056769371 -0.037461631 0.0199410840869
    endloop
  endfacet
  facet normal -0 -1 -0
    outer loop
      vertex 1.50556778908 -0.0949616283178 0.0199410840869
      vertex 1.48056769371 -0.0949616283178 0.0199410840869
      vertex 1.50556778908 -0.037461631 0.0199410840869
    endloop
  endfacet
  facet normal -0.912652254105 -0.0325950458646 0.407435148954
    outer loop
      vertex 1.49619269371 -0.0244616251439 0.0199410840869
      vertex 1.49306762218 -0.037461631 0.269941091537
      vertex 1.48681759834 -0.0234616287053 0.269941091537
    endloop
  endfacet
  facet normal -0.639252841473 0.031962454319 -0.768332123756
    outer loop
      vertex 1.48056769371 -0.037461631 0.0199410840869
      vertex 1.49306762218 -0.037461631 0.269941091537
      vertex 1.49619269371 -0.0244616251439 0.0199410840869
    endloop
  endfacet
  facet normal -0.976012349129 0.0488003306091 -0.212175369263
    outer loop
      vertex 1.48056769371 -0.037461631 0.0199410840869
      vertex 1.48056769371 -0.0949616283178 0.269941091537
      vertex 1.49306762218 -0.037461631 0.269941091537
    endloop
  endfacet
  facet normal -1 0 0
    outer loop
      vertex 1.48056769371 -0.0949616283178 0.0199410840869
      vertex 1.48056769371 -0.0949616283178 0.269941091537
      vertex 1.48056769371 -0.037461631 0.0199410840869
    endloop
  endfacet
  facet normal -0.923077702522 0 0.384613573551
    outer loop
      vertex 1.48056769371 -0.0949616283178 0.0199410840869
      vertex 1.49306762218 -0.124961622059 0.269941091537
      vertex 1.48056769371 -0.0949616283178 0.269941091537
    endloop
  endfacet
  facet normal -0.923077702522 0 0.384613573551
    outer loop
      vertex 1.49306762218 -0.124961622059 0.0199410840869
      vertex 1.49306762218 -0.124961622059 0.269941091537
      vertex 1.48056769371 -0.0949616283178 0.0199410840869
    endloop
  endfacet
  facet normal 0.92307639122 -0 0.384616702795
    outer loop
      vertex 1.49306762218 -0.124961622059 0.0199410840869
      vertex 1.50556766987 -0.0949616283178 0.269941091537
      vertex 1.49306762218 -0.124961622059 0.269941091537
    endloop
  endfacet
  facet normal 0.923075079918 4.44093416263e-07 0.384619861841
    outer loop
      vertex 1.50556778908 -0.0949616283178 0.0199410840869
      vertex 1.50556766987 -0.0949616283178 0.269941091537
      vertex 1.49306762218 -0.124961622059 0.0199410840869
    endloop
  endfacet
  facet normal 0.977176189423 4.70121591434e-07 -0.212430417538
    outer loop
      vertex 1.50556778908 -0.0949616283178 0.0199410840869
      vertex 1.49306762218 -0.037461631 0.269941091537
      vertex 1.50556766987 -0.0949616283178 0.269941091537
    endloop
  endfacet
  facet normal 0.998752295971 0.0499382801354 -0
    outer loop
      vertex 1.50556778908 -0.037461631 0.0199410840869
      vertex 1.49306762218 -0.037461631 0.269941091537
      vertex 1.50556778908 -0.0949616283178 0.0199410840869
    endloop
  endfacet
  facet normal 0.692115545273 0.0346062406898 0.720956623554
    outer loop
      vertex 1.50556778908 -0.037461631 0.0199410840869
      vertex 1.50556766987 -0.025461634621 0.269941091537
      vertex 1.49306762218 -0.037461631 0.269941091537
    endloop
  endfacet
  facet normal 0.810768127441 -0.0280649270862 -0.584694325924
    outer loop
      vertex 1.49619269371 -0.0244616251439 0.0199410840869
      vertex 1.50556766987 -0.025461634621 0.269941091537
      vertex 1.50556778908 -0.037461631 0.0199410840869
    endloop
  endfacet
  facet normal 0.106064975262 5.32871489156e-08 -0.994359195232
    outer loop
      vertex 1.49619269371 -0.0244616251439 0.0199410840869
      vertex 1.48681759834 -0.0234616287053 0.269941091537
      vertex 1.50556766987 -0.025461634621 0.269941091537
    endloop
  endfacet
  facet normal -0.0173619184643 -0.999683499336 0.0182074829936
    outer loop
      vertex 0.00556779606268 -0.124961622059 0.00744109693915
      vertex 0.533211767673 -0.0550730638206 -0.00299561303109
      vertex 0.544629573822 -0.0661366730928 -0.00299240555614
    endloop
  endfacet
  facet normal -0.0111354505643 -0.997827112675 0.0649387910962
    outer loop
      vertex -0.00163622794207 -0.0130317443982 0.000237072890741
      vertex 0.533211767673 -0.0550730638206 -0.00299561303109
      vertex 0.00556779606268 -0.124961622059 0.00744109693915
    endloop
  endfacet
  facet normal -0.004782599397 -0.999859929085 -0.0160382539034
    outer loop
      vertex -0.00163622794207 -0.0130317443982 0.000237072890741
      vertex 0.548936009407 -0.0504241101444 -0.00299625447951
      vertex 0.533211767673 -0.0550730638206 -0.00299561303109
    endloop
  endfacet
  facet normal 0 -0.97966504097 0.200639933348
    outer loop
      vertex 0.00556779606268 -0.124961622059 0.00744109693915
      vertex 1.33929693699 -0.0639278590679 -0.00505889998749
      vertex 2.68056774139 -0.124961622059 0.00744109693915
    endloop
  endfacet
  facet normal -0.00213618553244 -0.987813413143 0.155628144741
    outer loop
      vertex 0.544629573822 -0.0661366730928 -0.00299240555614
      vertex 1.33929693699 -0.0639278590679 -0.00505889998749
      vertex 0.00556779606268 -0.124961622059 0.00744109693915
    endloop
  endfacet
  facet normal -0.0026017439086 -0.999996483326 -0.000468123063911
    outer loop
      vertex 0.548936009407 -0.0504241101444 -0.00299625447951
      vertex 1.33929693699 -0.0639278590679 -0.00505889998749
      vertex 0.544629573822 -0.0661366730928 -0.00299240555614
    endloop
  endfacet
  facet normal -0.00260942708701 -0.999996602535 -1.84515029105e-05
    outer loop
      vertex 0.548936009407 -0.0504241101444 -0.00299625447951
      vertex 1.339417696 -0.0468499958515 -0.00505889998749
      vertex 1.33929693699 -0.0639278590679 -0.00505889998749
    endloop
  endfacet
  facet normal 0.00587702682242 -0.999981343746 -0.00167424848769
    outer loop
      vertex 2.68777155876 -0.0130317443982 0.000237233252847
      vertex 2.15174055099 -0.0614559650421 -0.00299416971393
      vertex 2.14701509476 -0.0469756312668 -0.00299769779667
    endloop
  endfacet
  facet normal 0.0118858544156 -0.997815430164 0.0649848803878
    outer loop
      vertex 2.68056774139 -0.124961622059 0.00744109693915
      vertex 2.15174055099 -0.0614559650421 -0.00299416971393
      vertex 2.68777155876 -0.0130317443982 0.000237233252847
    endloop
  endfacet
  facet normal -0.00281018367968 -0.998982846737 -0.0450046248734
    outer loop
      vertex -0.00163622794207 -0.0130317443982 0.000237072890741
      vertex 1.339417696 -0.0468499958515 -0.00505889998749
      vertex 0.548936009407 -0.0504241101444 -0.00299625447951
    endloop
  endfacet
  facet normal 5.89112474358e-08 -0.987958729267 -0.154717668891
    outer loop
      vertex 2.68777155876 -0.0130317443982 0.000237233252847
      vertex 1.339417696 -0.0468499958515 -0.00505889998749
      vertex -0.00163622794207 -0.0130317443982 0.000237072890741
    endloop
  endfacet
  facet normal 0.00255694007501 -0.998514533043 -0.0544264055789
    outer loop
      vertex 2.14701509476 -0.0469756312668 -0.00299769779667
      vertex 1.339417696 -0.0468499958515 -0.00505889998749
      vertex 2.68777155876 -0.0130317443982 0.000237233252847
    endloop
  endfacet
  facet normal 0.00255283317529 -0.999989390373 -0.00382929877378
    outer loop
      vertex 2.14701509476 -0.0469756312668 -0.00299769779667
      vertex 1.35319340229 -0.0560336858034 -0.00505889998749
      vertex 1.339417696 -0.0468499958515 -0.00505889998749
    endloop
  endfacet
  facet normal 0.00268638692796 -0.999965369701 0.00788045953959
    outer loop
      vertex 2.13291764259 -0.0520051755011 -0.00299593363889
      vertex 1.35319340229 -0.0560336858034 -0.00505889998749
      vertex 2.14701509476 -0.0469756312668 -0.00299769779667
    endloop
  endfacet
  facet normal 0.00264068180695 -0.999996006489 -0.000981558929197
    outer loop
      vertex 2.13887238503 -0.0645940452814 -0.00299256597646
      vertex 1.35319340229 -0.0560336858034 -0.00505889998749
      vertex 2.13291764259 -0.0520051755011 -0.00299593363889
    endloop
  endfacet
  facet normal 0.00258046900854 -0.999986350536 0.00454251421615
    outer loop
      vertex 2.13887238503 -0.0645940452814 -0.00299256597646
      vertex 1.33929693699 -0.0639278590679 -0.00505889998749
      vertex 1.35319340229 -0.0560336858034 -0.00505889998749
    endloop
  endfacet
  facet normal 0.00243118288927 -0.988820970058 0.14908772707
    outer loop
      vertex 2.13887238503 -0.0645940452814 -0.00299256597646
      vertex 2.68056774139 -0.124961622059 0.00744109693915
      vertex 1.33929693699 -0.0639278590679 -0.00505889998749
    endloop
  endfacet
  facet normal 0.0131600452587 -0.998428404331 0.0544751025736
    outer loop
      vertex 2.15174055099 -0.0614559650421 -0.00299416971393
      vertex 2.68056774139 -0.124961622059 0.00744109693915
      vertex 2.13887238503 -0.0645940452814 -0.00299256597646
    endloop
  endfacet
  facet normal 0.00461358949542 0.999934375286 0.010485461913
    outer loop
      vertex 2.38056778908 -0.037461631 0.0199410840869
      vertex 2.6694252491 -0.0397982634604 0.0185838248581
      vertex 2.40556788445 -0.0264616310596 0.0199410840869
    endloop
  endfacet
  facet normal -0 0.864707589149 0.502275586128
    outer loop
      vertex 2.18429422379 -0.037461631 0.0199410840869
      vertex 2.6694252491 -0.0397982634604 0.0185838248581
      vertex 2.38056778908 -0.037461631 0.0199410840869
    endloop
  endfacet
  facet normal -0 0.864707589149 0.502275586128
    outer loop
      vertex 2.10556793213 -0.037461631 0.0199410840869
      vertex 2.6694252491 -0.0397982634604 0.0185838248581
      vertex 2.18429422379 -0.037461631 0.0199410840869
    endloop
  endfacet
  facet normal -0 0.864707589149 0.502275586128
    outer loop
      vertex 2.08056783676 -0.037461631 0.0199410840869
      vertex 2.6694252491 -0.0397982634604 0.0185838248581
      vertex 2.10556793213 -0.037461631 0.0199410840869
    endloop
  endfacet
  facet normal -0 0.864707589149 0.502275586128
    outer loop
      vertex 1.80556774139 -0.037461631 0.0199410840869
      vertex 2.6694252491 -0.0397982634604 0.0185838248581
      vertex 2.08056783676 -0.037461631 0.0199410840869
    endloop
  endfacet
  facet normal -0 0.864707589149 0.502275586128
    outer loop
      vertex 1.78056764603 -0.037461631 0.0199410840869
      vertex 2.6694252491 -0.0397982634604 0.0185838248581
      vertex 1.80556774139 -0.037461631 0.0199410840869
    endloop
  endfacet
  facet normal -0 0.864707589149 0.502275586128
    outer loop
      vertex 1.50556778908 -0.037461631 0.0199410840869
      vertex 2.6694252491 -0.0397982634604 0.0185838248581
      vertex 1.78056764603 -0.037461631 0.0199410840869
    endloop
  endfacet
  facet normal -0 0.864707589149 0.502275586128
    outer loop
      vertex 1.48056769371 -0.037461631 0.0199410840869
      vertex 2.6694252491 -0.0397982634604 0.0185838248581
      vertex 1.50556778908 -0.037461631 0.0199410840869
    endloop
  endfacet
  facet normal -0 0.864707589149 0.502275586128
    outer loop
      vertex 1.19306778908 -0.037461631 0.0199410840869
      vertex 2.6694252491 -0.0397982634604 0.0185838248581
      vertex 1.48056769371 -0.037461631 0.0199410840869
    endloop
  endfacet
  facet normal -0.000116295304906 0.831046819687 0.556202411652
    outer loop
      vertex 1.19306778908 -0.037461631 0.0199410840869
      vertex 0.0161004047841 -0.0401552245021 0.0179736167192
      vertex 2.6694252491 -0.0397982634604 0.0185838248581
    endloop
  endfacet
  facet normal -0 0.807523369789 0.589835584164
    outer loop
      vertex 0.905567705631 -0.037461631 0.0199410840869
      vertex 0.0161004047841 -0.0401552245021 0.0179736167192
      vertex 1.19306778908 -0.037461631 0.0199410840869
    endloop
  endfacet
  facet normal -0 0.807523369789 0.589835584164
    outer loop
      vertex 0.880567610264 -0.037461631 0.0199410840869
      vertex 0.0161004047841 -0.0401552245021 0.0179736167192
      vertex 0.905567705631 -0.037461631 0.0199410840869
    endloop
  endfacet
  facet normal -2.35465748233e-07 0.80755931139 0.589786350727
    outer loop
      vertex 0.605567574501 -0.037461631 0.0199410039932
      vertex 0.0161004047841 -0.0401552245021 0.0179736167192
      vertex 0.880567610264 -0.037461631 0.0199410840869
    endloop
  endfacet
  facet normal -0 0.807534813881 0.589819908142
    outer loop
      vertex 0.580567836761 -0.037461631 0.0199410039932
      vertex 0.0161004047841 -0.0401552245021 0.0179736167192
      vertex 0.605567574501 -0.037461631 0.0199410039932
    endloop
  endfacet
  facet normal -0 0.807534813881 0.589819908142
    outer loop
      vertex 0.501841306686 -0.037461631 0.0199410039932
      vertex 0.0161004047841 -0.0401552245021 0.0179736167192
      vertex 0.580567836761 -0.037461631 0.0199410039932
    endloop
  endfacet
  facet normal -0 0.807534813881 0.589819908142
    outer loop
      vertex 0.305567711592 -0.037461631 0.0199410039932
      vertex 0.0161004047841 -0.0401552245021 0.0179736167192
      vertex 0.501841306686 -0.037461631 0.0199410039932
    endloop
  endfacet
  facet normal -0.00665490794927 0.999863445759 0.0151248835027
    outer loop
      vertex 0.28056755662 -0.0264616310596 0.0199410039932
      vertex 0.0161004047841 -0.0401552245021 0.0179736167192
      vertex 0.305567711592 -0.037461631 0.0199410039932
    endloop
  endfacet
  facet normal 0.00473190611228 0.999862909317 0.0158667936921
    outer loop
      vertex -0.00213272543624 -0.0422933138907 -0.000259264197666
      vertex 0.533211767673 -0.0550730638206 -0.00299561303109
      vertex 0.548936009407 -0.0504241101444 -0.00299625447951
    endloop
  endfacet
  facet normal 0.00518216425553 0.999982178211 -0.00296901375987
    outer loop
      vertex -0.00200154492632 -0.0866506770253 -0.000128244035295
      vertex 0.533211767673 -0.0550730638206 -0.00299561303109
      vertex -0.00213272543624 -0.0422933138907 -0.000259264197666
    endloop
  endfacet
  facet normal 0.0050336853601 0.99997228384 -0.0054847067222
    outer loop
      vertex -0.00200154492632 -0.0866506770253 -0.000128244035295
      vertex 0.544629573822 -0.0661366730928 -0.00299240555614
      vertex 0.533211767673 -0.0550730638206 -0.00299561303109
    endloop
  endfacet
  facet normal -0 0.985345959663 0.170567691326
    outer loop
      vertex -0.00213272543624 -0.0422933138907 -0.000259264197666
      vertex 1.34431266785 -0.0462055876851 -0.000936495664064
      vertex 2.68826818466 -0.0422933138907 -0.000259264197666
    endloop
  endfacet
  facet normal -0.000553643098101 0.93579941988 0.352532446384
    outer loop
      vertex 0.548936009407 -0.0504241101444 -0.00299625447951
      vertex 1.34431266785 -0.0462055876851 -0.000936495664064
      vertex -0.00213272543624 -0.0422933138907 -0.000259264197666
    endloop
  endfacet
  facet normal -0.00260559236631 0.999992072582 -0.00300697120838
    outer loop
      vertex 0.548936009407 -0.0504241101444 -0.00299625447951
      vertex 1.33319056034 -0.0579230114818 -0.000930241367314
      vertex 1.34431266785 -0.0462055876851 -0.000936495664064
    endloop
  endfacet
  facet normal -0.00262513337657 0.999996066093 -0.000964434933849
    outer loop
      vertex 0.544629573822 -0.0661366730928 -0.00299240555614
      vertex 1.33319056034 -0.0579230114818 -0.000930241367314
      vertex 0.548936009407 -0.0504241101444 -0.00299625447951
    endloop
  endfacet
  facet normal -0.00253933761269 0.999970376492 0.00726602226496
    outer loop
      vertex 0.544629573822 -0.0661366730928 -0.00299240555614
      vertex 1.34884929657 -0.0630423203111 -0.000927675457206
      vertex 1.33319056034 -0.0579230114818 -0.000930241367314
    endloop
  endfacet
  facet normal -0.00476248934865 0.999787807465 -0.0200402773917
    outer loop
      vertex 2.68794083595 -0.0868087932467 6.82060199324e-05
      vertex 2.15174055099 -0.0614559650421 -0.00299416971393
      vertex 2.13887238503 -0.0645940452814 -0.00299256597646
    endloop
  endfacet
  facet normal -0.00536134094 0.999958276749 -0.0073954355903
    outer loop
      vertex 2.68826818466 -0.0422933138907 -0.000259264197666
      vertex 2.15174055099 -0.0614559650421 -0.00299416971393
      vertex 2.68794083595 -0.0868087932467 6.82060199324e-05
    endloop
  endfacet
  facet normal -0.00504722213373 0.999986290932 0.00140345143154
    outer loop
      vertex 2.68826818466 -0.0422933138907 -0.000259264197666
      vertex 2.14701509476 -0.0469756312668 -0.00299769779667
      vertex 2.15174055099 -0.0614559650421 -0.00299416971393
    endloop
  endfacet
  facet normal 0.00141496560536 0.78328359127 0.621662974358
    outer loop
      vertex 1.34431266785 -0.0462055876851 -0.000936495664064
      vertex 2.14701509476 -0.0469756312668 -0.00299769779667
      vertex 2.68826818466 -0.0422933138907 -0.000259264197666
    endloop
  endfacet
  facet normal 0.00256120972335 0.999973416328 0.00682814698666
    outer loop
      vertex 1.34431266785 -0.0462055876851 -0.000936495664064
      vertex 2.13291764259 -0.0520051755011 -0.00299593363889
      vertex 2.14701509476 -0.0469756312668 -0.00299769779667
    endloop
  endfacet
  facet normal 0.00262052961625 0.999995827675 -0.00122996186838
    outer loop
      vertex 1.34884929657 -0.0630423203111 -0.000927675457206
      vertex 2.13291764259 -0.0520051755011 -0.00299593363889
      vertex 1.34431266785 -0.0462055876851 -0.000936495664064
    endloop
  endfacet
  facet normal 0.00261665368453 0.999995470047 -0.00150522170588
    outer loop
      vertex 1.34884929657 -0.0630423203111 -0.000927675457206
      vertex 2.13887238503 -0.0645940452814 -0.00299256597646
      vertex 2.13291764259 -0.0520051755011 -0.00299593363889
    endloop
  endfacet
  facet normal -0.00336987781338 0.974165737629 -0.225809067488
    outer loop
      vertex -0.00200154492632 -0.0866506770253 -0.000128244035295
      vertex 1.34884929657 -0.0630423203111 -0.000927675457206
      vertex 0.544629573822 -0.0661366730928 -0.00299240555614
    endloop
  endfacet
  facet normal -7.07518993295e-05 0.999282062054 -0.0378862768412
    outer loop
      vertex 2.68794083595 -0.0868087932467 6.82060199324e-05
      vertex 1.34884929657 -0.0630423203111 -0.000927675457206
      vertex -0.00200154492632 -0.0866506770253 -0.000128244035295
    endloop
  endfacet
  facet normal 0.00296515109949 0.978112995625 -0.208053305745
    outer loop
      vertex 2.13887238503 -0.0645940452814 -0.00299256597646
      vertex 1.34884929657 -0.0630423203111 -0.000927675457206
      vertex 2.68794083595 -0.0868087932467 6.82060199324e-05
    endloop
  endfacet
  facet normal 0.00388260534965 0.995270371437 -0.0970658138394
    outer loop
      vertex 2.66939783096 -0.0233790893108 0.0186112374067
      vertex 2.38056778908 -0.025461634621 0.0199410840869
      vertex 2.40556788445 -0.0264616310596 0.0199410840869
    endloop
  endfacet
  facet normal 0 0.842819035053 -0.538197040558
    outer loop
      vertex 2.18869185448 -0.025461634621 0.0199410840869
      vertex 2.38056778908 -0.025461634621 0.0199410840869
      vertex 2.66939783096 -0.0233790893108 0.0186112374067
    endloop
  endfacet
  facet normal 0 0.842819035053 -0.538197040558
    outer loop
      vertex 2.66939783096 -0.0233790893108 0.0186112374067
      vertex 2.17989659309 -0.025461634621 0.0199410840869
      vertex 2.18869185448 -0.025461634621 0.0199410840869
    endloop
  endfacet
  facet normal 2.22761083129e-18 0.842819035053 -0.538197040558
    outer loop
      vertex 2.66939783096 -0.0233790893108 0.0186112374067
      vertex 2.09306740761 -0.025461634621 0.0199410840869
      vertex 2.17989659309 -0.025461634621 0.0199410840869
    endloop
  endfacet
  facet normal -5.7711745103e-19 0.842819035053 -0.538197040558
    outer loop
      vertex 2.66939783096 -0.0233790893108 0.0186112374067
      vertex 1.79306769371 -0.025461634621 0.0199410840869
      vertex 2.09306740761 -0.025461634621 0.0199410840869
    endloop
  endfacet
  facet normal 0.00086027267389 0.966837584972 -0.255390644073
    outer loop
      vertex 1.49619269371 -0.0244616251439 0.0199410840869
      vertex 1.79306769371 -0.025461634621 0.0199410840869
      vertex 2.66939783096 -0.0233790893108 0.0186112374067
    endloop
  endfacet
  facet normal 0.00117428076919 -0.937264919281 -0.34861600399
    outer loop
      vertex 0.0167117267847 -0.0231237150729 0.0185851063579
      vertex 1.19931769371 -0.0234616287053 0.0199410840869
      vertex 1.49619269371 -0.0244616251439 0.0199410840869
    endloop
  endfacet
  facet normal -0.00114347063936 0.999941885471 -0.0107200434431
    outer loop
      vertex 1.18056762218 -0.025461634621 0.0199410840869
      vertex 1.19931769371 -0.0234616287053 0.0199410840869
      vertex 0.0167117267847 -0.0231237150729 0.0185851063579
    endloop
  endfacet
  facet normal 1.11185709511e-18 0.865034043789 -0.5017131567
    outer loop
      vertex 0.0167117267847 -0.0231237150729 0.0185851063579
      vertex 0.893067717552 -0.025461634621 0.0199410840869
      vertex 1.18056762218 -0.025461634621 0.0199410840869
    endloop
  endfacet
  facet normal -2.31215352642e-07 0.86507165432 -0.501648306847
    outer loop
      vertex 0.593067586422 -0.025461634621 0.0199410039932
      vertex 0.893067717552 -0.025461634621 0.0199410840869
      vertex 0.0167117267847 -0.0231237150729 0.0185851063579
    endloop
  endfacet
  facet normal 0 0.865046918392 -0.501690983772
    outer loop
      vertex 0.0167117267847 -0.0231237150729 0.0185851063579
      vertex 0.50623857975 -0.025461634621 0.0199410039932
      vertex 0.593067586422 -0.025461634621 0.0199410039932
    endloop
  endfacet
  facet normal 0 0.865046918392 -0.501690983772
    outer loop
      vertex 0.497443854809 -0.025461634621 0.0199410039932
      vertex 0.50623857975 -0.025461634621 0.0199410039932
      vertex 0.0167117267847 -0.0231237150729 0.0185851063579
    endloop
  endfacet
  facet normal 9.07318077092e-19 0.865046918392 -0.501690983772
    outer loop
      vertex 0.0167117267847 -0.0231237150729 0.0185851063579
      vertex 0.305567711592 -0.025461634621 0.0199410039932
      vertex 0.497443854809 -0.025461634621 0.0199410039932
    endloop
  endfacet
  facet normal -0.00388556183316 0.995263159275 -0.0971400439739
    outer loop
      vertex 0.0167117267847 -0.0231237150729 0.0185851063579
      vertex 0.28056755662 -0.0264616310596 0.0199410039932
      vertex 0.305567711592 -0.025461634621 0.0199410039932
    endloop
  endfacet
  facet normal 6.53164897813e-05 0.665333747864 -0.746546030045
    outer loop
      vertex 2.66939783096 -0.0233790893108 0.0186112374067
      vertex 0.0167117267847 -0.0231237150729 0.0185851063579
      vertex 1.49619269371 -0.0244616251439 0.0199410840869
    endloop
  endfacet
  facet normal -2.92596187279e-08 0.490692287683 -0.871332943439
    outer loop
      vertex -0.00163622794207 -0.0130317443982 0.000237072890741
      vertex 2.66939783096 -0.0233790893108 0.0186112374067
      vertex 2.68777155876 -0.0130317443982 0.000237233252847
    endloop
  endfacet
  facet normal 7.960912626e-05 0.481877833605 -0.876238405704
    outer loop
      vertex 0.0167117267847 -0.0231237150729 0.0185851063579
      vertex 2.66939783096 -0.0233790893108 0.0186112374067
      vertex -0.00163622794207 -0.0130317443982 0.000237072890741
    endloop
  endfacet
  facet normal 0.0415306612849 0.996736705303 0.0692180022597
    outer loop
      vertex 2.38056778908 -0.124961622059 0.0199410840869
      vertex 2.68056774139 -0.124961622059 0.00744109693915
      vertex 2.40556788445 -0.109961621463 0.0199410840869
    endloop
  endfacet
  facet normal -0 0 1
    outer loop
      vertex 2.18429422379 -0.124961622059 0.0199410840869
      vertex 2.68056774139 -0.124961622059 0.00744109693915
      vertex 2.38056778908 -0.124961622059 0.0199410840869
    endloop
  endfacet
  facet normal -0 0 1
    outer loop
      vertex 2.09306740761 -0.124961622059 0.0199410840869
      vertex 2.68056774139 -0.124961622059 0.00744109693915
      vertex 2.18429422379 -0.124961622059 0.0199410840869
    endloop
  endfacet
  facet normal -0 0 1
    outer loop
      vertex 1.79306769371 -0.124961622059 0.0199410840869
      vertex 2.68056774139 -0.124961622059 0.00744109693915
      vertex 2.09306740761 -0.124961622059 0.0199410840869
    endloop
  endfacet
  facet normal -0 0 1
    outer loop
      vertex 1.49306762218 -0.124961622059 0.0199410840869
      vertex 2.68056774139 -0.124961622059 0.00744109693915
      vertex 1.79306769371 -0.124961622059 0.0199410840869
    endloop
  endfacet
  facet normal -0 0 1
    outer loop
      vertex 1.19306778908 -0.124961622059 0.0199410840869
      vertex 2.68056774139 -0.124961622059 0.00744109693915
      vertex 1.49306762218 -0.124961622059 0.0199410840869
    endloop
  endfacet
  facet normal 0 0 1
    outer loop
      vertex 1.19306778908 -0.124961622059 0.0199410840869
      vertex 0.00556779606268 -0.124961622059 0.00744109693915
      vertex 2.68056774139 -0.124961622059 0.00744109693915
    endloop
  endfacet
  facet normal -0 0 1
    outer loop
      vertex 0.893067717552 -0.124961622059 0.0199410840869
      vertex 0.00556779606268 -0.124961622059 0.00744109693915
      vertex 1.19306778908 -0.124961622059 0.0199410840869
    endloop
  endfacet
  facet normal -0 0 1
    outer loop
      vertex 0.593067586422 -0.124961622059 0.0199410039932
      vertex 0.00556779606268 -0.124961622059 0.00744109693915
      vertex 0.893067717552 -0.124961622059 0.0199410840869
    endloop
  endfacet
  facet normal -0 0 1
    outer loop
      vertex 0.501841306686 -0.124961622059 0.0199410039932
      vertex 0.00556779606268 -0.124961622059 0.00744109693915
      vertex 0.593067586422 -0.124961622059 0.0199410039932
    endloop
  endfacet
  facet normal -0 0 1
    outer loop
      vertex 0.305567711592 -0.124961622059 0.0199410039932
      vertex 0.00556779606268 -0.124961622059 0.00744109693915
      vertex 0.501841306686 -0.124961622059 0.0199410039932
    endloop
  endfacet
  facet normal -0.0415303967893 0.996736764908 0.0692177861929
    outer loop
      vertex 0.28056755662 -0.109961621463 0.0199410039932
      vertex 0.00556779606268 -0.124961622059 0.00744109693915
      vertex 0.305567711592 -0.124961622059 0.0199410039932
    endloop
  endfacet
  facet normal 0.0124774267897 0.999705910683 -0.0207957774401
    outer loop
      vertex 2.38056778908 -0.0949616283178 0.0199410840869
      vertex 2.40556788445 -0.109961621463 0.0199410840869
      vertex 2.67177510262 -0.0914746299386 0.0162339601666
    endloop
  endfacet
  facet normal 0 0.685150206089 -0.728401780128
    outer loop
      vertex 2.67177510262 -0.0914746299386 0.0162339601666
      vertex 2.18869185448 -0.0949616283178 0.0199410840869
      vertex 2.38056778908 -0.0949616283178 0.0199410840869
    endloop
  endfacet
  facet normal 3.59751337049e-17 0.685150206089 -0.728401780128
    outer loop
      vertex 2.67177510262 -0.0914746299386 0.0162339601666
      vertex 2.17989659309 -0.0949616283178 0.0199410840869
      vertex 2.18869185448 -0.0949616283178 0.0199410840869
    endloop
  endfacet
  facet normal 0 0.685150206089 -0.728401780128
    outer loop
      vertex 2.10556793213 -0.0949616283178 0.0199410840869
      vertex 2.17989659309 -0.0949616283178 0.0199410840869
      vertex 2.67177510262 -0.0914746299386 0.0162339601666
    endloop
  endfacet
  facet normal 0 0.685150206089 -0.728401780128
    outer loop
      vertex 2.67177510262 -0.0914746299386 0.0162339601666
      vertex 2.08056783676 -0.0949616283178 0.0199410840869
      vertex 2.10556793213 -0.0949616283178 0.0199410840869
    endloop
  endfacet
  facet normal 0 0.685150206089 -0.728401780128
    outer loop
      vertex 2.67177510262 -0.0914746299386 0.0162339601666
      vertex 1.80556774139 -0.0949616283178 0.0199410840869
      vertex 2.08056783676 -0.0949616283178 0.0199410840869
    endloop
  endfacet
  facet normal 0 0.685150206089 -0.728401780128
    outer loop
      vertex 1.78056764603 -0.0949616283178 0.0199410840869
      vertex 1.80556774139 -0.0949616283178 0.0199410840869
      vertex 2.67177510262 -0.0914746299386 0.0162339601666
    endloop
  endfacet
  facet normal 0 0.685150206089 -0.728401780128
    outer loop
      vertex 2.67177510262 -0.0914746299386 0.0162339601666
      vertex 1.50556778908 -0.0949616283178 0.0199410840869
      vertex 1.78056764603 -0.0949616283178 0.0199410840869
    endloop
  endfacet
  facet normal 0 0.685150206089 -0.728401780128
    outer loop
      vertex 2.67177510262 -0.0914746299386 0.0162339601666
      vertex 1.48056769371 -0.0949616283178 0.0199410840869
      vertex 1.50556778908 -0.0949616283178 0.0199410840869
    endloop
  endfacet
  facet normal -4.3930562299e-08 0.685142755508 -0.728408873081
    outer loop
      vertex 0.0143606597558 -0.0914746299386 0.0162337906659
      vertex 1.48056769371 -0.0949616283178 0.0199410840869
      vertex 2.67177510262 -0.0914746299386 0.0162339601666
    endloop
  endfacet
  facet normal 1.05701274575e-18 0.685133516788 -0.728417515755
    outer loop
      vertex 0.0143606597558 -0.0914746299386 0.0162337906659
      vertex 1.20556771755 -0.0949616283178 0.0199410840869
      vertex 1.48056769371 -0.0949616283178 0.0199410840869
    endloop
  endfacet
  facet normal 0 0.685133516788 -0.728417515755
    outer loop
      vertex 1.18056762218 -0.0949616283178 0.0199410840869
      vertex 1.20556771755 -0.0949616283178 0.0199410840869
      vertex 0.0143606597558 -0.0914746299386 0.0162337906659
    endloop
  endfacet
  facet normal 0 0.685133516788 -0.728417515755
    outer loop
      vertex 0.0143606597558 -0.0914746299386 0.0162337906659
      vertex 0.905567705631 -0.0949616283178 0.0199410840869
      vertex 1.18056762218 -0.0949616283178 0.0199410840869
    endloop
  endfacet
  facet normal 0 0.685133516788 -0.728417515755
    outer loop
      vertex 0.0143606597558 -0.0914746299386 0.0162337906659
      vertex 0.880567610264 -0.0949616283178 0.0199410840869
      vertex 0.905567705631 -0.0949616283178 0.0199410840869
    endloop
  endfacet
  facet normal -1.99776408749e-07 0.685158252716 -0.728394210339
    outer loop
      vertex 0.605567574501 -0.0949616283178 0.0199410039932
      vertex 0.880567610264 -0.0949616283178 0.0199410840869
      vertex 0.0143606597558 -0.0914746299386 0.0162337906659
    endloop
  endfacet
  facet normal 0 0.685141384602 -0.728410124779
    outer loop
      vertex 0.0143606597558 -0.0914746299386 0.0162337906659
      vertex 0.580567836761 -0.0949616283178 0.0199410039932
      vertex 0.605567574501 -0.0949616283178 0.0199410039932
    endloop
  endfacet
  facet normal -4.98921761959e-18 0.685141384602 -0.728410124779
    outer loop
      vertex 0.0143606597558 -0.0914746299386 0.0162337906659
      vertex 0.50623857975 -0.0949616283178 0.0199410039932
      vertex 0.580567836761 -0.0949616283178 0.0199410039932
    endloop
  endfacet
  facet normal 0 0.685141384602 -0.728410124779
    outer loop
      vertex 0.497443854809 -0.0949616283178 0.0199410039932
      vertex 0.50623857975 -0.0949616283178 0.0199410039932
      vertex 0.0143606597558 -0.0914746299386 0.0162337906659
    endloop
  endfacet
  facet normal -1.95272899437e-18 0.685141384602 -0.728410124779
    outer loop
      vertex 0.0143606597558 -0.0914746299386 0.0162337906659
      vertex 0.305567711592 -0.0949616283178 0.0199410039932
      vertex 0.497443854809 -0.0949616283178 0.0199410039932
    endloop
  endfacet
  facet normal -0.0124777387828 0.999705851078 -0.0207963641733
    outer loop
      vertex 0.0143606597558 -0.0914746299386 0.0162337906659
      vertex 0.28056755662 -0.109961621463 0.0199410039932
      vertex 0.305567711592 -0.0949616283178 0.0199410039932
    endloop
  endfacet
  facet normal 0.228495314717 -0.678075611591 -0.698572397232
    outer loop
      vertex 1.33929693699 -0.0639278590679 -0.00505889998749
      vertex 1.33319056034 -0.0579230114818 -0.000930241367314
      vertex 1.34884929657 -0.0630423203111 -0.000927675457206
    endloop
  endfacet
  facet normal 0.557444155216 0.830205082893 0.00394173990935
    outer loop
      vertex 1.339417696 -0.0468499958515 -0.00505889998749
      vertex 1.33319056034 -0.0579230114818 -0.000930241367314
      vertex 1.33929693699 -0.0639278590679 -0.00505889998749
    endloop
  endfacet
  facet normal 0.579146027565 -0.601699709892 0.550043046474
    outer loop
      vertex 1.339417696 -0.0468499958515 -0.00505889998749
      vertex 1.34431266785 -0.0462055876851 -0.000936495664064
      vertex 1.33319056034 -0.0579230114818 -0.000930241367314
    endloop
  endfacet
  facet normal -0.435531407595 0.61927729845 0.653305470943
    outer loop
      vertex 1.35319340229 -0.0560336858034 -0.00505889998749
      vertex 1.34431266785 -0.0462055876851 -0.000936495664064
      vertex 1.339417696 -0.0468499958515 -0.00505889998749
    endloop
  endfacet
  facet normal -0.546105384827 -0.824614644051 0.147579148412
    outer loop
      vertex 1.35319340229 -0.0560336858034 -0.00505889998749
      vertex 1.34884929657 -0.0630423203111 -0.000927675457206
      vertex 1.34431266785 -0.0462055876851 -0.000936495664064
    endloop
  endfacet
  facet normal -0.357082486153 0.690918922424 -0.628588199615
    outer loop
      vertex 1.33929693699 -0.0639278590679 -0.00505889998749
      vertex 1.34884929657 -0.0630423203111 -0.000927675457206
      vertex 1.35319340229 -0.0560336858034 -0.00505889998749
    endloop
  endfacet
  facet normal 0.00505988113582 0.999985814095 0.00166108587291
    outer loop
      vertex 2.40556788445 -0.0264616310596 0.0199410840869
      vertex 2.6694252491 -0.0397982634604 0.0185838248581
      vertex 2.66939783096 -0.0233790893108 0.0186112374067
    endloop
  endfacet
  facet normal 0 1 0
    outer loop
      vertex 2.38056778908 -0.037461631 0.0199410840869
      vertex 2.18869185448 -0.025461634621 0.0199410840869
      vertex 2.18429422379 -0.037461631 0.0199410840869
    endloop
  endfacet
  facet normal 0 1 -0
    outer loop
      vertex 2.38056778908 -0.025461634621 0.0199410840869
      vertex 2.18869185448 -0.025461634621 0.0199410840869
      vertex 2.38056778908 -0.037461631 0.0199410840869
    endloop
  endfacet
  facet normal 0 1 0
    outer loop
      vertex 0.893067717552 -0.025461634621 0.0199410840869
      vertex 1.19306778908 -0.037461631 0.0199410840869
      vertex 1.18056762218 -0.025461634621 0.0199410840869
    endloop
  endfacet
  facet normal -0 1 0
    outer loop
      vertex 0.905567705631 -0.037461631 0.0199410840869
      vertex 1.19306778908 -0.037461631 0.0199410840869
      vertex 0.893067717552 -0.025461634621 0.0199410840869
    endloop
  endfacet
  facet normal -2.9157703807e-07 1 3.03726096718e-07
    outer loop
      vertex 0.880567610264 -0.037461631 0.0199410840869
      vertex 0.593067586422 -0.025461634621 0.0199410039932
      vertex 0.605567574501 -0.037461631 0.0199410039932
    endloop
  endfacet
  facet normal -2.67278835508e-07 1 -2.78418156086e-07
    outer loop
      vertex 0.893067717552 -0.025461634621 0.0199410840869
      vertex 0.593067586422 -0.025461634621 0.0199410039932
      vertex 0.880567610264 -0.037461631 0.0199410840869
    endloop
  endfacet
  facet normal 0 1 0
    outer loop
      vertex 0.305567711592 -0.025461634621 0.0199410039932
      vertex 0.501841306686 -0.037461631 0.0199410039932
      vertex 0.497443854809 -0.025461634621 0.0199410039932
    endloop
  endfacet
  facet normal -0 1 0
    outer loop
      vertex 0.305567711592 -0.037461631 0.0199410039932
      vertex 0.501841306686 -0.037461631 0.0199410039932
      vertex 0.305567711592 -0.025461634621 0.0199410039932
    endloop
  endfacet
  facet normal -0.00558678992093 0.999347686768 0.0356795564294
    outer loop
      vertex 0.28056755662 -0.0264616310596 0.0199410039932
      vertex 0.0167117267847 -0.0231237150729 0.0185851063579
      vertex 0.0161004047841 -0.0401552245021 0.0179736167192
    endloop
  endfacet
  facet normal 0 1 0
    outer loop
      vertex 0.580567836761 -0.037461631 0.0199410039932
      vertex 0.50623857975 -0.025461634621 0.0199410039932
      vertex 0.501841306686 -0.037461631 0.0199410039932
    endloop
  endfacet
  facet normal 0 1 0
    outer loop
      vertex 0.593067586422 -0.025461634621 0.0199410039932
      vertex 0.50623857975 -0.025461634621 0.0199410039932
      vertex 0.580567836761 -0.037461631 0.0199410039932
    endloop
  endfacet
  facet normal 0 1 0
    outer loop
      vertex 2.09306740761 -0.025461634621 0.0199410840869
      vertex 2.18429422379 -0.037461631 0.0199410840869
      vertex 2.17989659309 -0.025461634621 0.0199410840869
    endloop
  endfacet
  facet normal -0 1 0
    outer loop
      vertex 2.10556793213 -0.037461631 0.0199410840869
      vertex 2.18429422379 -0.037461631 0.0199410840869
      vertex 2.09306740761 -0.025461634621 0.0199410840869
    endloop
  endfacet
  facet normal 0 1 0
    outer loop
      vertex 2.08056783676 -0.037461631 0.0199410840869
      vertex 1.79306769371 -0.025461634621 0.0199410840869
      vertex 1.80556774139 -0.037461631 0.0199410840869
    endloop
  endfacet
  facet normal 0 1 0
    outer loop
      vertex 2.09306740761 -0.025461634621 0.0199410840869
      vertex 1.79306769371 -0.025461634621 0.0199410840869
      vertex 2.08056783676 -0.037461631 0.0199410840869
    endloop
  endfacet
  facet normal 0 1 0
    outer loop
      vertex 1.19931769371 -0.0234616287053 0.0199410840869
      vertex 1.48056769371 -0.037461631 0.0199410840869
      vertex 1.49619269371 -0.0244616251439 0.0199410840869
    endloop
  endfacet
  facet normal -0 1 0
    outer loop
      vertex 1.19306778908 -0.037461631 0.0199410840869
      vertex 1.48056769371 -0.037461631 0.0199410840869
      vertex 1.19931769371 -0.0234616287053 0.0199410840869
    endloop
  endfacet
  facet normal 0 1 0
    outer loop
      vertex 1.78056764603 -0.037461631 0.0199410840869
      vertex 1.49619269371 -0.0244616251439 0.0199410840869
      vertex 1.50556778908 -0.037461631 0.0199410840869
    endloop
  endfacet
  facet normal 0 1 0
    outer loop
      vertex 1.79306769371 -0.025461634621 0.0199410840869
      vertex 1.49619269371 -0.0244616251439 0.0199410840869
      vertex 1.78056764603 -0.037461631 0.0199410840869
    endloop
  endfacet
  facet normal 0 1 0
    outer loop
      vertex 2.38056778908 -0.124961622059 0.0199410840869
      vertex 2.18869185448 -0.0949616283178 0.0199410840869
      vertex 2.18429422379 -0.124961622059 0.0199410840869
    endloop
  endfacet
  facet normal 0 1 -0
    outer loop
      vertex 2.38056778908 -0.0949616283178 0.0199410840869
      vertex 2.18869185448 -0.0949616283178 0.0199410840869
      vertex 2.38056778908 -0.124961622059 0.0199410840869
    endloop
  endfacet
  facet normal 0.0305961109698 0.968704342842 0.246324494481
    outer loop
      vertex 2.67177510262 -0.0914746299386 0.0162339601666
      vertex 2.40556788445 -0.109961621463 0.0199410840869
      vertex 2.68056774139 -0.124961622059 0.00744109693915
    endloop
  endfacet
  facet normal -2.67278835508e-07 1 -1.11366190936e-07
    outer loop
      vertex 0.893067717552 -0.124961622059 0.0199410840869
      vertex 0.605567574501 -0.0949616283178 0.0199410039932
      vertex 0.593067586422 -0.124961622059 0.0199410039932
    endloop
  endfacet
  facet normal -2.9157703807e-07 1 1.21491595451e-07
    outer loop
      vertex 0.880567610264 -0.0949616283178 0.0199410840869
      vertex 0.605567574501 -0.0949616283178 0.0199410039932
      vertex 0.893067717552 -0.124961622059 0.0199410840869
    endloop
  endfacet
  facet normal 0 1 0
    outer loop
      vertex 0.905567705631 -0.0949616283178 0.0199410840869
      vertex 1.19306778908 -0.124961622059 0.0199410840869
      vertex 1.18056762218 -0.0949616283178 0.0199410840869
    endloop
  endfacet
  facet normal -0 1 0
    outer loop
      vertex 0.893067717552 -0.124961622059 0.0199410840869
      vertex 1.19306778908 -0.124961622059 0.0199410840869
      vertex 0.905567705631 -0.0949616283178 0.0199410840869
    endloop
  endfacet
  facet normal -0.0305961556733 0.96870559454 0.246319651604
    outer loop
      vertex 0.28056755662 -0.109961621463 0.0199410039932
      vertex 0.0143606597558 -0.0914746299386 0.0162337906659
      vertex 0.00556779606268 -0.124961622059 0.00744109693915
    endloop
  endfacet
  facet normal 0 1 0
    outer loop
      vertex 0.305567711592 -0.0949616283178 0.0199410039932
      vertex 0.501841306686 -0.124961622059 0.0199410039932
      vertex 0.497443854809 -0.0949616283178 0.0199410039932
    endloop
  endfacet
  facet normal -0 1 0
    outer loop
      vertex 0.305567711592 -0.124961622059 0.0199410039932
      vertex 0.501841306686 -0.124961622059 0.0199410039932
      vertex 0.305567711592 -0.0949616283178 0.0199410039932
    endloop
  endfacet
  facet normal 0 1 0
    outer loop
      vertex 0.593067586422 -0.124961622059 0.0199410039932
      vertex 0.50623857975 -0.0949616283178 0.0199410039932
      vertex 0.501841306686 -0.124961622059 0.0199410039932
    endloop
  endfacet
  facet normal 0 1 -0
    outer loop
      vertex 0.580567836761 -0.0949616283178 0.0199410039932
      vertex 0.50623857975 -0.0949616283178 0.0199410039932
      vertex 0.593067586422 -0.124961622059 0.0199410039932
    endloop
  endfacet
  facet normal 0 1 0
    outer loop
      vertex 2.09306740761 -0.124961622059 0.0199410840869
      vertex 1.80556774139 -0.0949616283178 0.0199410840869
      vertex 1.79306769371 -0.124961622059 0.0199410840869
    endloop
  endfacet
  facet normal 0 1 -0
    outer loop
      vertex 2.08056783676 -0.0949616283178 0.0199410840869
      vertex 1.80556774139 -0.0949616283178 0.0199410840869
      vertex 2.09306740761 -0.124961622059 0.0199410840869
    endloop
  endfacet
  facet normal 0 1 0
    outer loop
      vertex 2.10556793213 -0.0949616283178 0.0199410840869
      vertex 2.18429422379 -0.124961622059 0.0199410840869
      vertex 2.17989659309 -0.0949616283178 0.0199410840869
    endloop
  endfacet
  facet normal -0 1 0
    outer loop
      vertex 2.09306740761 -0.124961622059 0.0199410840869
      vertex 2.18429422379 -0.124961622059 0.0199410840869
      vertex 2.10556793213 -0.0949616283178 0.0199410840869
    endloop
  endfacet
  facet normal 0 1 0
    outer loop
      vertex 1.20556771755 -0.0949616283178 0.0199410840869
      vertex 1.49306762218 -0.124961622059 0.0199410840869
      vertex 1.48056769371 -0.0949616283178 0.0199410840869
    endloop
  endfacet
  facet normal -0 1 0
    outer loop
      vertex 1.19306778908 -0.124961622059 0.0199410840869
      vertex 1.49306762218 -0.124961622059 0.0199410840869
      vertex 1.20556771755 -0.0949616283178 0.0199410840869
    endloop
  endfacet
  facet normal 0 1 0
    outer loop
      vertex 1.79306769371 -0.124961622059 0.0199410840869
      vertex 1.50556778908 -0.0949616283178 0.0199410840869
      vertex 1.49306762218 -0.124961622059 0.0199410840869
    endloop
  endfacet
  facet normal 0 1 -0
    outer loop
      vertex 1.78056764603 -0.0949616283178 0.0199410840869
      vertex 1.50556778908 -0.0949616283178 0.0199410840869
      vertex 1.79306769371 -0.124961622059 0.0199410840869
    endloop
  endfacet
  facet normal -0.491328269243 -0.000829728262033 -0.870974063873
    outer loop
      vertex 2.66942381859 -0.0231237150729 0.271297067404
      vertex 2.68777155876 -0.0130317443982 0.000237233252847
      vertex 2.66939783096 -0.0233790893108 0.0186112374067
    endloop
  endfacet
  facet normal -0.481945425272 -0 -0.876201212406
    outer loop
      vertex 2.68777155876 -0.0130317443982 0.2896451056
      vertex 2.68777155876 -0.0130317443982 0.000237233252847
      vertex 2.66942381859 -0.0231237150729 0.271297067404
    endloop
  endfacet
  facet normal -0.999998629093 -9.35181597015e-05 0.00167001236696
    outer loop
      vertex 2.66940116882 -0.0395444259048 0.271274477243
      vertex 2.66939783096 -0.0233790893108 0.0186112374067
      vertex 2.6694252491 -0.0397982634604 0.0185838248581
    endloop
  endfacet
  facet normal -0.999999046326 0.000101421872387 -0.00137688859832
    outer loop
      vertex 2.66942381859 -0.0231237150729 0.271297067404
      vertex 2.66939783096 -0.0233790893108 0.0186112374067
      vertex 2.66940116882 -0.0395444259048 0.271274477243
    endloop
  endfacet
  facet normal -0.999972939491 -0.000305376190227 -0.00735027436167
    outer loop
      vertex 2.68785119057 -0.0869705229998 0.289724647999
      vertex 2.68826818466 -0.0422933138907 -0.000259264197666
      vertex 2.68794083595 -0.0868087932467 6.82060199324e-05
    endloop
  endfacet
  facet normal -0.999956429005 -0 -0.00933220889419
    outer loop
      vertex 2.68826818466 -0.0422933138907 0.290141522884
      vertex 2.68826818466 -0.0422933138907 -0.000259264197666
      vertex 2.68785119057 -0.0869705229998 0.289724647999
    endloop
  endfacet
  facet normal -0.96721470356 0 0.253959983587
    outer loop
      vertex 2.68056774139 -0.124961622059 0.282441169024
      vertex 2.67177510262 -0.0914746299386 0.0162339601666
      vertex 2.68056774139 -0.124961622059 0.00744109693915
    endloop
  endfacet
  facet normal -0.96721470356 0 0.253959983587
    outer loop
      vertex 2.67177510262 -0.0914746299386 0.273648381233
      vertex 2.67177510262 -0.0914746299386 0.0162339601666
      vertex 2.68056774139 -0.124961622059 0.282441169024
    endloop
  endfacet
  facet normal 0.997935295105 0 0.0642269104719
    outer loop
      vertex 2.68777155876 -0.0130317443982 0.2896451056
      vertex 2.68056774139 -0.124961622059 0.00744109693915
      vertex 2.68777155876 -0.0130317443982 0.000237233252847
    endloop
  endfacet
  facet normal 0.997935295105 0 0.0642269104719
    outer loop
      vertex 2.68056774139 -0.124961622059 0.282441169024
      vertex 2.68056774139 -0.124961622059 0.00744109693915
      vertex 2.68777155876 -0.0130317443982 0.2896451056
    endloop
  endfacet
  facet normal -0 1 0
    outer loop
      vertex 2.38056778908 -0.025461634621 0.269941180944
      vertex 2.40556788445 -0.0264616310596 0.269941180944
      vertex 2.38056778908 -0.0214616265148 0.269941180944
    endloop
  endfacet
  facet normal 0 1 0
    outer loop
      vertex 2.40556788445 -0.109961621463 0.269941180944
      vertex 2.38056778908 -0.037461631 0.269941180944
      vertex 2.38056778908 -0.0949616283178 0.269941180944
    endloop
  endfacet
  facet normal 0 1 -0
    outer loop
      vertex 2.40556788445 -0.0264616310596 0.269941180944
      vertex 2.38056778908 -0.037461631 0.269941180944
      vertex 2.40556788445 -0.109961621463 0.269941180944
    endloop
  endfacet
  facet normal 0 1 0
    outer loop
      vertex 0.905567705631 -0.0949616283178 0.269941091537
      vertex 0.880567610264 -0.037461631 0.269941091537
      vertex 0.880567610264 -0.0949616283178 0.269941091537
    endloop
  endfacet
  facet normal 0 1 -0
    outer loop
      vertex 0.905567705631 -0.037461631 0.269941091537
      vertex 0.880567610264 -0.037461631 0.269941091537
      vertex 0.905567705631 -0.0949616283178 0.269941091537
    endloop
  endfacet
  facet normal 0 1 0
    outer loop
      vertex 0.28056755662 -0.0264616310596 0.269941002131
      vertex 0.305567651987 -0.025461634621 0.269941002131
      vertex 0.305567651987 -0.0214616265148 0.269941002131
    endloop
  endfacet
  facet normal 0 1 0
    outer loop
      vertex 0.305567651987 -0.0949616283178 0.269941002131
      vertex 0.28056755662 -0.0264616310596 0.269941002131
      vertex 0.28056755662 -0.109961621463 0.269941002131
    endloop
  endfacet
  facet normal 0 1 -0
    outer loop
      vertex 0.305567651987 -0.037461631 0.269941002131
      vertex 0.28056755662 -0.0264616310596 0.269941002131
      vertex 0.305567651987 -0.0949616283178 0.269941002131
    endloop
  endfacet
  facet normal 0 1 0
    outer loop
      vertex 0.50623857975 -0.0949616283178 0.269941091537
      vertex 0.497443854809 -0.037461631 0.269941091537
      vertex 0.497443854809 -0.0949616283178 0.269941091537
    endloop
  endfacet
  facet normal 0 1 -0
    outer loop
      vertex 0.50623857975 -0.037461631 0.269941091537
      vertex 0.497443854809 -0.037461631 0.269941091537
      vertex 0.50623857975 -0.0949616283178 0.269941091537
    endloop
  endfacet
  facet normal 0 1 0
    outer loop
      vertex 0.605567574501 -0.0949616283178 0.269941091537
      vertex 0.580567836761 -0.037461631 0.269941091537
      vertex 0.580567836761 -0.0949616283178 0.269941091537
    endloop
  endfacet
  facet normal 0 1 -0
    outer loop
      vertex 0.605567574501 -0.037461631 0.269941091537
      vertex 0.580567836761 -0.037461631 0.269941091537
      vertex 0.605567574501 -0.0949616283178 0.269941091537
    endloop
  endfacet
  facet normal -0 1 0
    outer loop
      vertex 2.17989659309 -0.025461634621 0.269941091537
      vertex 2.18869185448 -0.025461634621 0.269941091537
      vertex 2.18429422379 -0.0214616265148 0.269941091537
    endloop
  endfacet
  facet normal 0 1 0
    outer loop
      vertex 2.18869185448 -0.0949616283178 0.269941091537
      vertex 2.18429422379 -0.037461631 0.269941091537
      vertex 2.17989659309 -0.0949616283178 0.269941091537
    endloop
  endfacet
  facet normal 0 1 0
    outer loop
      vertex 2.10556793213 -0.0949616283178 0.269941091537
      vertex 2.08056783676 -0.037461631 0.269941091537
      vertex 2.08056783676 -0.0949616283178 0.269941091537
    endloop
  endfacet
  facet normal 0 1 -0
    outer loop
      vertex 2.10556793213 -0.037461631 0.269941091537
      vertex 2.08056783676 -0.037461631 0.269941091537
      vertex 2.10556793213 -0.0949616283178 0.269941091537
    endloop
  endfacet
  facet normal -0 1 0
    outer loop
      vertex 1.18056762218 -0.025461634621 0.269941091537
      vertex 1.20556771755 -0.025461634621 0.269941091537
      vertex 1.19306778908 -0.0214616265148 0.269941091537
    endloop
  endfacet
  facet normal 0 1 0
    outer loop
      vertex 1.20556771755 -0.0949616283178 0.269941091537
      vertex 1.18056762218 -0.037461631 0.269941091537
      vertex 1.18056762218 -0.0949616283178 0.269941091537
    endloop
  endfacet
  facet normal 0 1 -0
    outer loop
      vertex 1.20556771755 -0.037461631 0.269941091537
      vertex 1.18056762218 -0.037461631 0.269941091537
      vertex 1.20556771755 -0.0949616283178 0.269941091537
    endloop
  endfacet
  facet normal 0 1 0
    outer loop
      vertex 1.80556774139 -0.0949616283178 0.269941091537
      vertex 1.78056764603 -0.037461631 0.269941091537
      vertex 1.78056764603 -0.0949616283178 0.269941091537
    endloop
  endfacet
  facet normal 0 1 -0
    outer loop
      vertex 1.80556774139 -0.037461631 0.269941091537
      vertex 1.78056764603 -0.037461631 0.269941091537
      vertex 1.80556774139 -0.0949616283178 0.269941091537
    endloop
  endfacet
  facet normal 0 1 0
    outer loop
      vertex 1.50556766987 -0.0949616283178 0.269941091537
      vertex 1.49306762218 -0.037461631 0.269941091537
      vertex 1.48056769371 -0.0949616283178 0.269941091537
    endloop
  endfacet
  facet normal 0.0415306612849 -0.996736705303 0.0692180022597
    outer loop
      vertex 2.38056778908 -0.124961622059 0.269941180944
      vertex 2.40556788445 -0.109961621463 0.269941180944
      vertex 2.68056774139 -0.124961622059 0.282441169024
    endloop
  endfacet
  facet normal 0 0 1
    outer loop
      vertex 2.68056774139 -0.124961622059 0.282441169024
      vertex 2.18429422379 -0.124961622059 0.269941091537
      vertex 2.38056778908 -0.124961622059 0.269941180944
    endloop
  endfacet
  facet normal 0 0 1
    outer loop
      vertex 2.09306740761 -0.124961622059 0.269941091537
      vertex 2.18429422379 -0.124961622059 0.269941091537
      vertex 2.68056774139 -0.124961622059 0.282441169024
    endloop
  endfacet
  facet normal 0 0 1
    outer loop
      vertex 2.68056774139 -0.124961622059 0.282441169024
      vertex 1.79306769371 -0.124961622059 0.269941091537
      vertex 2.09306740761 -0.124961622059 0.269941091537
    endloop
  endfacet
  facet normal 0 0 1
    outer loop
      vertex 2.68056774139 -0.124961622059 0.282441169024
      vertex 1.49306762218 -0.124961622059 0.269941091537
      vertex 1.79306769371 -0.124961622059 0.269941091537
    endloop
  endfacet
  facet normal -0 0 1
    outer loop
      vertex 0.00556771596894 -0.124961622059 0.282441020012
      vertex 1.49306762218 -0.124961622059 0.269941091537
      vertex 2.68056774139 -0.124961622059 0.282441169024
    endloop
  endfacet
  facet normal 0 0 1
    outer loop
      vertex 0.00556771596894 -0.124961622059 0.282441020012
      vertex 1.19306778908 -0.124961622059 0.269941091537
      vertex 1.49306762218 -0.124961622059 0.269941091537
    endloop
  endfacet
  facet normal 0 0 1
    outer loop
      vertex 0.00556771596894 -0.124961622059 0.282441020012
      vertex 0.893067717552 -0.124961622059 0.269941091537
      vertex 1.19306778908 -0.124961622059 0.269941091537
    endloop
  endfacet
  facet normal 0 -0 1
    outer loop
      vertex 0.593067586422 -0.124961622059 0.269941091537
      vertex 0.893067717552 -0.124961622059 0.269941091537
      vertex 0.00556771596894 -0.124961622059 0.282441020012
    endloop
  endfacet
  facet normal 0 0 1
    outer loop
      vertex 0.00556771596894 -0.124961622059 0.282441020012
      vertex 0.501841306686 -0.124961622059 0.269941091537
      vertex 0.593067586422 -0.124961622059 0.269941091537
    endloop
  endfacet
  facet normal 0 0 1
    outer loop
      vertex 0.00556771596894 -0.124961622059 0.282441020012
      vertex 0.305567651987 -0.124961622059 0.269941002131
      vertex 0.501841306686 -0.124961622059 0.269941091537
    endloop
  endfacet
  facet normal -0.0415307618678 -0.996736705303 0.0692181661725
    outer loop
      vertex 0.00556771596894 -0.124961622059 0.282441020012
      vertex 0.28056755662 -0.109961621463 0.269941002131
      vertex 0.305567651987 -0.124961622059 0.269941002131
    endloop
  endfacet
  facet normal -0.00787659361959 0.99996894598 -0.000274592428468
    outer loop
      vertex -0.00163638836239 -0.0130317443982 0.289645016193
      vertex 0.537781476974 -0.0645940452814 0.293908089399
      vertex 0.538537859917 -0.0484457537532 0.293909609318
    endloop
  endfacet
  facet normal -0.0141109237447 0.997777223587 0.0651269182563
    outer loop
      vertex 0.00556771596894 -0.124961622059 0.282441020012
      vertex 0.537781476974 -0.0645940452814 0.293908089399
      vertex -0.00163638836239 -0.0130317443982 0.289645016193
    endloop
  endfacet
  facet normal -3.33917107298e-08 0.995535492897 -0.0943878814578
    outer loop
      vertex -0.00163638836239 -0.0130317443982 0.289645016193
      vertex 1.34659326077 -0.0471502542496 0.292879879475
      vertex 2.68777155876 -0.0130317443982 0.2896451056
    endloop
  endfacet
  facet normal 0.00104575569276 0.990808904171 -0.135265216231
    outer loop
      vertex 0.538537859917 -0.0484457537532 0.293909609318
      vertex 1.34659326077 -0.0471502542496 0.292879879475
      vertex -0.00163638836239 -0.0130317443982 0.289645016193
    endloop
  endfacet
  facet normal -0.000368818698917 0.657975614071 -0.753039181232
    outer loop
      vertex 0.538537859917 -0.0484457537532 0.293909609318
      vertex 1.33433043957 -0.0489572733641 0.294941097498
      vertex 1.34659326077 -0.0471502542496 0.292879879475
    endloop
  endfacet
  facet normal -0.00129764119629 0.999996542931 0.00227496842854
    outer loop
      vertex 0.552471101284 -0.0564329437912 0.293909519911
      vertex 1.33433043957 -0.0489572733641 0.294941097498
      vertex 0.538537859917 -0.0484457537532 0.293909609318
    endloop
  endfacet
  facet normal -0.00066793296719 0.997697532177 0.0678171366453
    outer loop
      vertex 0.552471101284 -0.0564329437912 0.293909519911
      vertex 1.33935749531 -0.0642005577683 0.293908327818
      vertex 1.33433043957 -0.0489572733641 0.294941097498
    endloop
  endfacet
  facet normal -2.14074390215e-07 1 0.000175238455995
    outer loop
      vertex 0.537781476974 -0.0645940452814 0.293908089399
      vertex 1.33935749531 -0.0642005577683 0.293908327818
      vertex 0.552471101284 -0.0564329437912 0.293909519911
    endloop
  endfacet
  facet normal 0.00332567188889 0.991894245148 0.127022832632
    outer loop
      vertex 2.68056774139 -0.124961622059 0.282441169024
      vertex 2.1472928524 -0.0493678487837 0.293909758329
      vertex 2.14642000198 -0.0655387043953 0.291841834784
    endloop
  endfacet
  facet normal 0.0122436936945 0.997809588909 0.0650082528591
    outer loop
      vertex 2.68777155876 -0.0130317443982 0.2896451056
      vertex 2.1472928524 -0.0493678487837 0.293909758329
      vertex 2.68056774139 -0.124961622059 0.282441169024
    endloop
  endfacet
  facet normal -0.000915306911338 0.99151545763 -0.12998560071
    outer loop
      vertex 1.34659326077 -0.0471502542496 0.292879879475
      vertex 2.1472928524 -0.0493678487837 0.293909758329
      vertex 2.68777155876 -0.0130317443982 0.2896451056
    endloop
  endfacet
  facet normal -0.00172014487907 0.986644983292 0.162876397371
    outer loop
      vertex 1.34659326077 -0.0471502542496 0.292879879475
      vertex 2.13291764259 -0.0554756075144 0.292876422405
      vertex 2.1472928524 -0.0493678487837 0.293909758329
    endloop
  endfacet
  facet normal 0.00268113613129 0.967507064342 -0.252829760313
    outer loop
      vertex 1.34659326077 -0.0471502542496 0.292879879475
      vertex 2.13584780693 -0.0634078085423 0.294941157103
      vertex 2.13291764259 -0.0554756075144 0.292876422405
    endloop
  endfacet
  facet normal -0.00393655197695 0.997904479504 0.0645846650004
    outer loop
      vertex 1.34883701801 -0.0633213594556 0.291842132807
      vertex 2.13584780693 -0.0634078085423 0.294941157103
      vertex 1.34659326077 -0.0471502542496 0.292879879475
    endloop
  endfacet
  facet normal -0.00141871615779 0.386024087667 -0.922487616539
    outer loop
      vertex 1.33935749531 -0.0642005577683 0.293908327818
      vertex 2.13584780693 -0.0634078085423 0.294941157103
      vertex 1.34883701801 -0.0633213594556 0.291842132807
    endloop
  endfacet
  facet normal 9.16971912375e-05 0.982284188271 0.187397360802
    outer loop
      vertex 0.00556771596894 -0.124961622059 0.282441020012
      vertex 1.33935749531 -0.0642005577683 0.293908327818
      vertex 0.537781476974 -0.0645940452814 0.293908089399
    endloop
  endfacet
  facet normal -5.5228571938e-08 0.982653141022 0.185452908278
    outer loop
      vertex 2.68056774139 -0.124961622059 0.282441169024
      vertex 1.33935749531 -0.0642005577683 0.293908327818
      vertex 0.00556771596894 -0.124961622059 0.282441020012
    endloop
  endfacet
  facet normal 0.0023113139905 0.990712463856 0.135953858495
    outer loop
      vertex 2.14642000198 -0.0655387043953 0.291841834784
      vertex 1.33935749531 -0.0642005577683 0.293908327818
      vertex 2.68056774139 -0.124961622059 0.282441169024
    endloop
  endfacet
  facet normal 8.51063887239e-05 0.566746413708 0.823892295361
    outer loop
      vertex 2.13584780693 -0.0634078085423 0.294941157103
      vertex 1.33935749531 -0.0642005577683 0.293908327818
      vertex 2.14642000198 -0.0655387043953 0.291841834784
    endloop
  endfacet
  facet normal 1.6164928951e-08 -0.481938779354 -0.876204907894
    outer loop
      vertex 2.66942381859 -0.0231237150729 0.271297067404
      vertex -0.00163638836239 -0.0130317443982 0.289645016193
      vertex 2.68777155876 -0.0130317443982 0.2896451056
    endloop
  endfacet
  facet normal 7.89737623563e-06 -0.481057673693 -0.876688957214
    outer loop
      vertex 0.0161000844091 -0.022764230147 0.271908640862
      vertex -0.00163638836239 -0.0130317443982 0.289645016193
      vertex 2.66942381859 -0.0231237150729 0.271297067404
    endloop
  endfacet
  facet normal 0.00388553575613 -0.99526321888 -0.0971390753984
    outer loop
      vertex 2.38056778908 -0.025461634621 0.269941180944
      vertex 2.66942381859 -0.0231237150729 0.271297067404
      vertex 2.40556788445 -0.0264616310596 0.269941180944
    endloop
  endfacet
  facet normal 4.06695534139e-07 -0.865070343018 -0.501650571823
    outer loop
      vertex 2.18869185448 -0.025461634621 0.269941091537
      vertex 2.66942381859 -0.0231237150729 0.271297067404
      vertex 2.38056778908 -0.025461634621 0.269941180944
    endloop
  endfacet
  facet normal 0 -0.865034043789 -0.5017131567
    outer loop
      vertex 2.17989659309 -0.025461634621 0.269941091537
      vertex 2.66942381859 -0.0231237150729 0.271297067404
      vertex 2.18869185448 -0.025461634621 0.269941091537
    endloop
  endfacet
  facet normal 0 -0.865034043789 -0.5017131567
    outer loop
      vertex 2.09306740761 -0.025461634621 0.269941091537
      vertex 2.66942381859 -0.0231237150729 0.271297067404
      vertex 2.17989659309 -0.025461634621 0.269941091537
    endloop
  endfacet
  facet normal 0 -0.865034043789 -0.5017131567
    outer loop
      vertex 1.79306769371 -0.025461634621 0.269941091537
      vertex 2.66942381859 -0.0231237150729 0.271297067404
      vertex 2.09306740761 -0.025461634621 0.269941091537
    endloop
  endfacet
  facet normal 0 -0.865034043789 -0.5017131567
    outer loop
      vertex 1.50556766987 -0.025461634621 0.269941091537
      vertex 2.66942381859 -0.0231237150729 0.271297067404
      vertex 1.79306769371 -0.025461634621 0.269941091537
    endloop
  endfacet
  facet normal 0.00114347040653 -0.999941885471 -0.0107200350612
    outer loop
      vertex 1.48681759834 -0.0234616287053 0.269941091537
      vertex 2.66942381859 -0.0231237150729 0.271297067404
      vertex 1.50556766987 -0.025461634621 0.269941091537
    endloop
  endfacet
  facet normal 6.21399449301e-05 -0.29249972105 -0.956265628338
    outer loop
      vertex 1.48681759834 -0.0234616287053 0.269941091537
      vertex 0.0161000844091 -0.022764230147 0.271908640862
      vertex 2.66942381859 -0.0231237150729 0.271297067404
    endloop
  endfacet
  facet normal -0.00123511906713 -0.984799981117 -0.173687949777
    outer loop
      vertex 1.20556771755 -0.025461634621 0.269941091537
      vertex 0.0161000844091 -0.022764230147 0.271908640862
      vertex 1.48681759834 -0.0234616287053 0.269941091537
    endloop
  endfacet
  facet normal 0 -0.80790913105 -0.589307069778
    outer loop
      vertex 1.18056762218 -0.025461634621 0.269941091537
      vertex 0.0161000844091 -0.022764230147 0.271908640862
      vertex 1.20556771755 -0.025461634621 0.269941091537
    endloop
  endfacet
  facet normal 0 -0.80790913105 -0.589307069778
    outer loop
      vertex 0.893067717552 -0.025461634621 0.269941091537
      vertex 0.0161000844091 -0.022764230147 0.271908640862
      vertex 1.18056762218 -0.025461634621 0.269941091537
    endloop
  endfacet
  facet normal 0 -0.80790913105 -0.589307069778
    outer loop
      vertex 0.593067586422 -0.025461634621 0.269941091537
      vertex 0.0161000844091 -0.022764230147 0.271908640862
      vertex 0.893067717552 -0.025461634621 0.269941091537
    endloop
  endfacet
  facet normal 0 -0.80790913105 -0.589307069778
    outer loop
      vertex 0.501841306686 -0.025461634621 0.269941091537
      vertex 0.0161000844091 -0.022764230147 0.271908640862
      vertex 0.593067586422 -0.025461634621 0.269941091537
    endloop
  endfacet
  facet normal 3.71297488755e-07 -0.80787730217 -0.589350700378
    outer loop
      vertex 0.305567651987 -0.025461634621 0.269941002131
      vertex 0.0161000844091 -0.022764230147 0.271908640862
      vertex 0.501841306686 -0.025461634621 0.269941091537
    endloop
  endfacet
  facet normal -0.00546137429774 -0.990620136261 -0.136535316706
    outer loop
      vertex 0.28056755662 -0.0264616310596 0.269941002131
      vertex 0.0161000844091 -0.022764230147 0.271908640862
      vertex 0.305567651987 -0.025461634621 0.269941002131
    endloop
  endfacet
  facet normal 0.00454141525552 -0.999936401844 0.010321428068
    outer loop
      vertex 2.66940116882 -0.0395444259048 0.271274477243
      vertex 2.38056778908 -0.037461631 0.269941180944
      vertex 2.40556788445 -0.0264616310596 0.269941180944
    endloop
  endfacet
  facet normal 3.87090381082e-07 -0.842239558697 0.539103507996
    outer loop
      vertex 2.66940116882 -0.0395444259048 0.271274477243
      vertex 2.18429422379 -0.037461631 0.269941091537
      vertex 2.38056778908 -0.037461631 0.269941180944
    endloop
  endfacet
  facet normal 0 -0.842198610306 0.539167463779
    outer loop
      vertex 2.66940116882 -0.0395444259048 0.271274477243
      vertex 2.10556793213 -0.037461631 0.269941091537
      vertex 2.18429422379 -0.037461631 0.269941091537
    endloop
  endfacet
  facet normal 9.09721243567e-18 -0.842198610306 0.539167463779
    outer loop
      vertex 2.66940116882 -0.0395444259048 0.271274477243
      vertex 2.08056783676 -0.037461631 0.269941091537
      vertex 2.10556793213 -0.037461631 0.269941091537
    endloop
  endfacet
  facet normal 0 -0.842198610306 0.539167463779
    outer loop
      vertex 1.80556774139 -0.037461631 0.269941091537
      vertex 2.08056783676 -0.037461631 0.269941091537
      vertex 2.66940116882 -0.0395444259048 0.271274477243
    endloop
  endfacet
  facet normal -1.05191615512e-17 -0.842198610306 0.539167463779
    outer loop
      vertex 2.66940116882 -0.0395444259048 0.271274477243
      vertex 1.78056764603 -0.037461631 0.269941091537
      vertex 1.80556774139 -0.037461631 0.269941091537
    endloop
  endfacet
  facet normal 0 -0.842198610306 0.539167463779
    outer loop
      vertex 2.66940116882 -0.0395444259048 0.271274477243
      vertex 1.49306762218 -0.037461631 0.269941091537
      vertex 1.78056764603 -0.037461631 0.269941091537
    endloop
  endfacet
  facet normal -0.00665528140962 -0.999863445759 0.0151256835088
    outer loop
      vertex 0.305567651987 -0.037461631 0.269941002131
      vertex 0.0161003246903 -0.0401552245021 0.27190849185
      vertex 0.28056755662 -0.0264616310596 0.269941002131
    endloop
  endfacet
  facet normal 3.79629341296e-07 -0.807499647141 0.589868068695
    outer loop
      vertex 0.497443854809 -0.037461631 0.269941091537
      vertex 0.0161003246903 -0.0401552245021 0.27190849185
      vertex 0.305567651987 -0.037461631 0.269941002131
    endloop
  endfacet
  facet normal 0 -0.807531952858 0.589823842049
    outer loop
      vertex 0.50623857975 -0.037461631 0.269941091537
      vertex 0.0161003246903 -0.0401552245021 0.27190849185
      vertex 0.497443854809 -0.037461631 0.269941091537
    endloop
  endfacet
  facet normal 0 -0.807531952858 0.589823842049
    outer loop
      vertex 0.580567836761 -0.037461631 0.269941091537
      vertex 0.0161003246903 -0.0401552245021 0.27190849185
      vertex 0.50623857975 -0.037461631 0.269941091537
    endloop
  endfacet
  facet normal 0 -0.807531952858 0.589823842049
    outer loop
      vertex 0.605567574501 -0.037461631 0.269941091537
      vertex 0.0161003246903 -0.0401552245021 0.27190849185
      vertex 0.580567836761 -0.037461631 0.269941091537
    endloop
  endfacet
  facet normal 0 -0.807531952858 0.589823842049
    outer loop
      vertex 0.880567610264 -0.037461631 0.269941091537
      vertex 0.0161003246903 -0.0401552245021 0.27190849185
      vertex 0.605567574501 -0.037461631 0.269941091537
    endloop
  endfacet
  facet normal 0 -0.807531952858 0.589823842049
    outer loop
      vertex 0.905567705631 -0.037461631 0.269941091537
      vertex 0.0161003246903 -0.0401552245021 0.27190849185
      vertex 0.880567610264 -0.037461631 0.269941091537
    endloop
  endfacet
  facet normal 0 -0.807531952858 0.589823842049
    outer loop
      vertex 1.18056762218 -0.037461631 0.269941091537
      vertex 0.0161003246903 -0.0401552245021 0.27190849185
      vertex 0.905567705631 -0.037461631 0.269941091537
    endloop
  endfacet
  facet normal 0 -0.807531952858 0.589823842049
    outer loop
      vertex 1.20556771755 -0.037461631 0.269941091537
      vertex 0.0161003246903 -0.0401552245021 0.27190849185
      vertex 1.18056762218 -0.037461631 0.269941091537
    endloop
  endfacet
  facet normal 0 -0.807531952858 0.589823842049
    outer loop
      vertex 1.49306762218 -0.037461631 0.269941091537
      vertex 0.0161003246903 -0.0401552245021 0.27190849185
      vertex 1.20556771755 -0.037461631 0.269941091537
    endloop
  endfacet
  facet normal -6.68327702442e-05 -0.824632883072 0.565668284893
    outer loop
      vertex 2.66940116882 -0.0395444259048 0.271274477243
      vertex 0.0161003246903 -0.0401552245021 0.27190849185
      vertex 1.49306762218 -0.037461631 0.269941091537
    endloop
  endfacet
  facet normal -0.0443626716733 -0.0614786110818 -0.997122049332
    outer loop
      vertex 0.537781476974 -0.0645940452814 0.293908089399
      vertex 0.54882478714 -0.0642937943339 0.290809065104
      vertex 0.00611889874563 -0.0889891013503 0.281889677048
    endloop
  endfacet
  facet normal 0.0139871370047 -0.983612775803 -0.179750666022
    outer loop
      vertex -0.00225011445582 -0.0425418913364 0.290258675814
      vertex 0.537781476974 -0.0645940452814 0.293908089399
      vertex 0.00611889874563 -0.0889891013503 0.281889677048
    endloop
  endfacet
  facet normal 0.00674856314436 -0.999977231026 0.000221755602979
    outer loop
      vertex 0.538537859917 -0.0484457537532 0.293909609318
      vertex 0.537781476974 -0.0645940452814 0.293908089399
      vertex -0.00225011445582 -0.0425418913364 0.290258675814
    endloop
  endfacet
  facet normal -0.00315682031214 -0.695034503937 0.718969464302
    outer loop
      vertex -0.00225011445582 -0.0425418913364 0.290258675814
      vertex 0.545100569725 -0.0454868376255 0.290818989277
      vertex 0.538537859917 -0.0484457537532 0.293909609318
    endloop
  endfacet
  facet normal 0.0026591825299 -0.971374869347 -0.237536966801
    outer loop
      vertex 0.00611889874563 -0.0889891013503 0.281889677048
      vertex 1.34883701801 -0.0633213594556 0.291842132807
      vertex 2.68785119057 -0.0869705229998 0.289724647999
    endloop
  endfacet
  facet normal 0.000828584772535 -0.946213424206 -0.323542118073
    outer loop
      vertex 0.54882478714 -0.0642937943339 0.290809065104
      vertex 1.34883701801 -0.0633213594556 0.291842132807
      vertex 0.00611889874563 -0.0889891013503 0.281889677048
    endloop
  endfacet
  facet normal -0.00161917251535 0.385243147612 -0.922813653946
    outer loop
      vertex 0.54882478714 -0.0642937943339 0.290809065104
      vertex 1.33935749531 -0.0642005577683 0.293908327818
      vertex 1.34883701801 -0.0633213594556 0.291842132807
    endloop
  endfacet
  facet normal 0.00380186876282 -0.961479663849 0.27484986186
    outer loop
      vertex 0.54882478714 -0.0642937943339 0.290809065104
      vertex 1.33205080032 -0.0534800291061 0.290814846754
      vertex 1.33935749531 -0.0642005577683 0.293908327818
    endloop
  endfacet
  facet normal -0.00508705619723 -0.929437100887 -0.368945479393
    outer loop
      vertex 0.552471101284 -0.0564329437912 0.293909519911
      vertex 1.33205080032 -0.0534800291061 0.290814846754
      vertex 0.54882478714 -0.0642937943339 0.290809065104
    endloop
  endfacet
  facet normal -0.0049741063267 -0.947249233723 -0.320459216833
    outer loop
      vertex 0.552471101284 -0.0564329437912 0.293909519911
      vertex 1.34659326077 -0.0471502542496 0.292879879475
      vertex 1.33205080032 -0.0534800291061 0.290814846754
    endloop
  endfacet
  facet normal 0.00191399140749 -0.962711393833 0.270523756742
    outer loop
      vertex 0.545100569725 -0.0454868376255 0.290818989277
      vertex 1.34659326077 -0.0471502542496 0.292879879475
      vertex 0.552471101284 -0.0564329437912 0.293909519911
    endloop
  endfacet
  facet normal 0.00513407681137 -0.665015995502 0.746811509132
    outer loop
      vertex 2.1472928524 -0.0493678487837 0.293909758329
      vertex 2.13745427132 -0.0466827601194 0.290818452835
      vertex 2.68826818466 -0.0422933138907 0.290141522884
    endloop
  endfacet
  facet normal -0.00857341848314 -0.99182754755 -0.127297565341
    outer loop
      vertex 2.68826818466 -0.0422933138907 0.290141522884
      vertex 2.14642000198 -0.0655387043953 0.291841834784
      vertex 2.1472928524 -0.0493678487837 0.293909758329
    endloop
  endfacet
  facet normal -0.00353950727731 -0.999949872494 -0.0093633858487
    outer loop
      vertex 2.68785119057 -0.0869705229998 0.289724647999
      vertex 2.14642000198 -0.0655387043953 0.291841834784
      vertex 2.68826818466 -0.0422933138907 0.290141522884
    endloop
  endfacet
  facet normal 0.00320876692422 -0.905619382858 -0.424079298973
    outer loop
      vertex -0.00225011445582 -0.0425418913364 0.290258675814
      vertex 1.34659326077 -0.0471502542496 0.292879879475
      vertex 0.545100569725 -0.0454868376255 0.290818989277
    endloop
  endfacet
  facet normal 7.63407933846e-06 -0.87018674612 0.492722064257
    outer loop
      vertex 2.68826818466 -0.0422933138907 0.290141522884
      vertex 1.34659326077 -0.0471502542496 0.292879879475
      vertex -0.00225011445582 -0.0425418913364 0.290258675814
    endloop
  endfacet
  facet normal -0.00267075980082 -0.983007609844 -0.18354550004
    outer loop
      vertex 2.13745427132 -0.0466827601194 0.290818452835
      vertex 1.34659326077 -0.0471502542496 0.292879879475
      vertex 2.68826818466 -0.0422933138907 0.290141522884
    endloop
  endfacet
  facet normal -0.00263889599591 -0.997967123985 -0.0636763349175
    outer loop
      vertex 2.13745427132 -0.0466827601194 0.290818452835
      vertex 1.34883701801 -0.0633213594556 0.291842132807
      vertex 1.34659326077 -0.0471502542496 0.292879879475
    endloop
  endfacet
  facet normal 0.00358171225525 -0.973268687725 0.229641437531
    outer loop
      vertex 2.13291764259 -0.0554756075144 0.292876422405
      vertex 1.34883701801 -0.0633213594556 0.291842132807
      vertex 2.13745427132 -0.0466827601194 0.290818452835
    endloop
  endfacet
  facet normal 0.000284999608994 -0.994717538357 -0.102649591863
    outer loop
      vertex 2.14642000198 -0.0655387043953 0.291841834784
      vertex 1.34883701801 -0.0633213594556 0.291842132807
      vertex 2.13291764259 -0.0554756075144 0.292876422405
    endloop
  endfacet
  facet normal 0.000293325079838 -0.994403958321 -0.105644233525
    outer loop
      vertex 2.14642000198 -0.0655387043953 0.291841834784
      vertex 2.68785119057 -0.0869705229998 0.289724647999
      vertex 1.34883701801 -0.0633213594556 0.291842132807
    endloop
  endfacet
  facet normal 0.0124776959419 -0.999705851078 -0.0207962263376
    outer loop
      vertex 2.38056778908 -0.0949616283178 0.269941180944
      vertex 2.67177510262 -0.0914746299386 0.273648381233
      vertex 2.40556788445 -0.109961621463 0.269941180944
    endloop
  endfacet
  facet normal 3.221122995e-07 -0.685155749321 -0.728396594524
    outer loop
      vertex 2.18869185448 -0.0949616283178 0.269941091537
      vertex 2.67177510262 -0.0914746299386 0.273648381233
      vertex 2.38056778908 -0.0949616283178 0.269941180944
    endloop
  endfacet
  facet normal 0 -0.685133516788 -0.728417515755
    outer loop
      vertex 2.17989659309 -0.0949616283178 0.269941091537
      vertex 2.67177510262 -0.0914746299386 0.273648381233
      vertex 2.18869185448 -0.0949616283178 0.269941091537
    endloop
  endfacet
  facet normal 0 -0.685133516788 -0.728417515755
    outer loop
      vertex 2.10556793213 -0.0949616283178 0.269941091537
      vertex 2.67177510262 -0.0914746299386 0.273648381233
      vertex 2.17989659309 -0.0949616283178 0.269941091537
    endloop
  endfacet
  facet normal 0 -0.685133516788 -0.728417515755
    outer loop
      vertex 2.08056783676 -0.0949616283178 0.269941091537
      vertex 2.67177510262 -0.0914746299386 0.273648381233
      vertex 2.10556793213 -0.0949616283178 0.269941091537
    endloop
  endfacet
  facet normal 0 -0.685133516788 -0.728417515755
    outer loop
      vertex 1.80556774139 -0.0949616283178 0.269941091537
      vertex 2.67177510262 -0.0914746299386 0.273648381233
      vertex 2.08056783676 -0.0949616283178 0.269941091537
    endloop
  endfacet
  facet normal 0 -0.685133516788 -0.728417515755
    outer loop
      vertex 1.78056764603 -0.0949616283178 0.269941091537
      vertex 2.67177510262 -0.0914746299386 0.273648381233
      vertex 1.80556774139 -0.0949616283178 0.269941091537
    endloop
  endfacet
  facet normal 0 -0.685133516788 -0.728417515755
    outer loop
      vertex 1.50556766987 -0.0949616283178 0.269941091537
      vertex 2.67177510262 -0.0914746299386 0.273648381233
      vertex 1.78056764603 -0.0949616283178 0.269941091537
    endloop
  endfacet
  facet normal 0 -0.685133516788 -0.728417515755
    outer loop
      vertex 1.48056769371 -0.0949616283178 0.269941091537
      vertex 2.67177510262 -0.0914746299386 0.273648381233
      vertex 1.50556766987 -0.0949616283178 0.269941091537
    endloop
  endfacet
  facet normal -0.000841470668092 -0.528254508972 -0.849085688591
    outer loop
      vertex 1.48056769371 -0.0949616283178 0.269941091537
      vertex 0.00611889874563 -0.0889891013503 0.281889677048
      vertex 2.67177510262 -0.0914746299386 0.273648381233
    endloop
  endfacet
  facet normal 0 -0.447107940912 -0.894479990005
    outer loop
      vertex 1.20556771755 -0.0949616283178 0.269941091537
      vertex 0.00611889874563 -0.0889891013503 0.281889677048
      vertex 1.48056769371 -0.0949616283178 0.269941091537
    endloop
  endfacet
  facet normal 0 -0.447107940912 -0.894479990005
    outer loop
      vertex 1.18056762218 -0.0949616283178 0.269941091537
      vertex 0.00611889874563 -0.0889891013503 0.281889677048
      vertex 1.20556771755 -0.0949616283178 0.269941091537
    endloop
  endfacet
  facet normal 0 -0.447107940912 -0.894479990005
    outer loop
      vertex 0.905567705631 -0.0949616283178 0.269941091537
      vertex 0.00611889874563 -0.0889891013503 0.281889677048
      vertex 1.18056762218 -0.0949616283178 0.269941091537
    endloop
  endfacet
  facet normal 0 -0.447107940912 -0.894479990005
    outer loop
      vertex 0.880567610264 -0.0949616283178 0.269941091537
      vertex 0.00611889874563 -0.0889891013503 0.281889677048
      vertex 0.905567705631 -0.0949616283178 0.269941091537
    endloop
  endfacet
  facet normal 0 -0.447107940912 -0.894479990005
    outer loop
      vertex 0.605567574501 -0.0949616283178 0.269941091537
      vertex 0.00611889874563 -0.0889891013503 0.281889677048
      vertex 0.880567610264 -0.0949616283178 0.269941091537
    endloop
  endfacet
  facet normal 0 -0.447107940912 -0.894479990005
    outer loop
      vertex 0.580567836761 -0.0949616283178 0.269941091537
      vertex 0.00611889874563 -0.0889891013503 0.281889677048
      vertex 0.605567574501 -0.0949616283178 0.269941091537
    endloop
  endfacet
  facet normal 0 -0.447107940912 -0.894479990005
    outer loop
      vertex 0.50623857975 -0.0949616283178 0.269941091537
      vertex 0.00611889874563 -0.0889891013503 0.281889677048
      vertex 0.580567836761 -0.0949616283178 0.269941091537
    endloop
  endfacet
  facet normal 0 -0.447107940912 -0.894479990005
    outer loop
      vertex 0.497443854809 -0.0949616283178 0.269941091537
      vertex 0.00611889874563 -0.0889891013503 0.281889677048
      vertex 0.50623857975 -0.0949616283178 0.269941091537
    endloop
  endfacet
  facet normal 2.10195352679e-07 -0.447101026773 -0.894483447075
    outer loop
      vertex 0.305567651987 -0.0949616283178 0.269941002131
      vertex 0.00611889874563 -0.0889891013503 0.281889677048
      vertex 0.497443854809 -0.0949616283178 0.269941091537
    endloop
  endfacet
  facet normal -0.0385101474822 -0.997194766998 -0.0641837865114
    outer loop
      vertex 0.28056755662 -0.109961621463 0.269941002131
      vertex 0.00611889874563 -0.0889891013503 0.281889677048
      vertex 0.305567651987 -0.0949616283178 0.269941002131
    endloop
  endfacet
  facet normal -0.25215613842 -0.854565560818 -0.454020917416
    outer loop
      vertex 0.552471101284 -0.0564329437912 0.293909519911
      vertex 0.54882478714 -0.0642937943339 0.290809065104
      vertex 0.537781476974 -0.0645940452814 0.293908089399
    endloop
  endfacet
  facet normal -0.232913404703 -0.883557796478 0.406296610832
    outer loop
      vertex 0.538537859917 -0.0484457537532 0.293909609318
      vertex 0.545100569725 -0.0454868376255 0.290818989277
      vertex 0.552471101284 -0.0564329437912 0.293909519911
    endloop
  endfacet
  facet normal 0.217055261135 0.664186418056 0.715362429619
    outer loop
      vertex 1.33433043957 -0.0489572733641 0.294941097498
      vertex 1.33205080032 -0.0534800291061 0.290814846754
      vertex 1.34659326077 -0.0471502542496 0.292879879475
    endloop
  endfacet
  facet normal 0.684858798981 -0.67613941431 -0.271668732166
    outer loop
      vertex 1.33935749531 -0.0642005577683 0.293908327818
      vertex 1.33205080032 -0.0534800291061 0.290814846754
      vertex 1.33433043957 -0.0489572733641 0.294941097498
    endloop
  endfacet
  facet normal 0.202972084284 -0.924997925758 0.321218311787
    outer loop
      vertex 2.13291764259 -0.0554756075144 0.292876422405
      vertex 2.13745427132 -0.0466827601194 0.290818452835
      vertex 2.1472928524 -0.0493678487837 0.293909758329
    endloop
  endfacet
  facet normal 0.327764481306 0.877718448639 -0.349543660879
    outer loop
      vertex 2.13584780693 -0.0634078085423 0.294941157103
      vertex 2.14642000198 -0.0655387043953 0.291841834784
      vertex 2.13291764259 -0.0554756075144 0.292876422405
    endloop
  endfacet
  facet normal 0 -1 0
    outer loop
      vertex 1.48056769371 -0.0949616283178 0.269941091537
      vertex 1.19306778908 -0.124961622059 0.269941091537
      vertex 1.20556771755 -0.0949616283178 0.269941091537
    endloop
  endfacet
  facet normal -0 -1 0
    outer loop
      vertex 1.49306762218 -0.124961622059 0.269941091537
      vertex 1.19306778908 -0.124961622059 0.269941091537
      vertex 1.48056769371 -0.0949616283178 0.269941091537
    endloop
  endfacet
  facet normal 0 -1 0
    outer loop
      vertex 1.49306762218 -0.124961622059 0.269941091537
      vertex 1.78056764603 -0.0949616283178 0.269941091537
      vertex 1.79306769371 -0.124961622059 0.269941091537
    endloop
  endfacet
  facet normal 0 -1 0
    outer loop
      vertex 1.50556766987 -0.0949616283178 0.269941091537
      vertex 1.78056764603 -0.0949616283178 0.269941091537
      vertex 1.49306762218 -0.124961622059 0.269941091537
    endloop
  endfacet
  facet normal 0 -1 0
    outer loop
      vertex 1.79306769371 -0.124961622059 0.269941091537
      vertex 2.08056783676 -0.0949616283178 0.269941091537
      vertex 2.09306740761 -0.124961622059 0.269941091537
    endloop
  endfacet
  facet normal 0 -1 0
    outer loop
      vertex 1.80556774139 -0.0949616283178 0.269941091537
      vertex 2.08056783676 -0.0949616283178 0.269941091537
      vertex 1.79306769371 -0.124961622059 0.269941091537
    endloop
  endfacet
  facet normal 0 -1 0
    outer loop
      vertex 1.18056762218 -0.0949616283178 0.269941091537
      vertex 0.893067717552 -0.124961622059 0.269941091537
      vertex 0.905567705631 -0.0949616283178 0.269941091537
    endloop
  endfacet
  facet normal -0 -1 0
    outer loop
      vertex 1.19306778908 -0.124961622059 0.269941091537
      vertex 0.893067717552 -0.124961622059 0.269941091537
      vertex 1.18056762218 -0.0949616283178 0.269941091537
    endloop
  endfacet
  facet normal 0 -1 0
    outer loop
      vertex 2.09306740761 -0.124961622059 0.269941091537
      vertex 2.17989659309 -0.0949616283178 0.269941091537
      vertex 2.18429422379 -0.124961622059 0.269941091537
    endloop
  endfacet
  facet normal 0 -1 0
    outer loop
      vertex 2.10556793213 -0.0949616283178 0.269941091537
      vertex 2.17989659309 -0.0949616283178 0.269941091537
      vertex 2.09306740761 -0.124961622059 0.269941091537
    endloop
  endfacet
  facet normal 4.59596549263e-07 -1 -3.50377152758e-22
    outer loop
      vertex 2.18429422379 -0.124961622059 0.269941091537
      vertex 2.38056778908 -0.0949616283178 0.269941180944
      vertex 2.38056778908 -0.124961622059 0.269941180944
    endloop
  endfacet
  facet normal 4.70130032681e-07 -1 6.89147299227e-08
    outer loop
      vertex 2.18869185448 -0.0949616283178 0.269941091537
      vertex 2.38056778908 -0.0949616283178 0.269941180944
      vertex 2.18429422379 -0.124961622059 0.269941091537
    endloop
  endfacet
  facet normal 0 -1 0
    outer loop
      vertex 0.580567836761 -0.0949616283178 0.269941091537
      vertex 0.501841306686 -0.124961622059 0.269941091537
      vertex 0.50623857975 -0.0949616283178 0.269941091537
    endloop
  endfacet
  facet normal -0 -1 0
    outer loop
      vertex 0.593067586422 -0.124961622059 0.269941091537
      vertex 0.501841306686 -0.124961622059 0.269941091537
      vertex 0.580567836761 -0.0949616283178 0.269941091537
    endloop
  endfacet
  facet normal 0 -1 0
    outer loop
      vertex 0.893067717552 -0.124961622059 0.269941091537
      vertex 0.605567574501 -0.0949616283178 0.269941091537
      vertex 0.880567610264 -0.0949616283178 0.269941091537
    endloop
  endfacet
  facet normal 0 -1 0
    outer loop
      vertex 0.593067586422 -0.124961622059 0.269941091537
      vertex 0.605567574501 -0.0949616283178 0.269941091537
      vertex 0.893067717552 -0.124961622059 0.269941091537
    endloop
  endfacet
  facet normal 4.70129435826e-07 -1 0
    outer loop
      vertex 0.497443854809 -0.0949616283178 0.269941091537
      vertex 0.305567651987 -0.124961622059 0.269941002131
      vertex 0.305567651987 -0.0949616283178 0.269941002131
    endloop
  endfacet
  facet normal 4.59596378732e-07 -1 -6.73681839203e-08
    outer loop
      vertex 0.501841306686 -0.124961622059 0.269941091537
      vertex 0.305567651987 -0.124961622059 0.269941002131
      vertex 0.497443854809 -0.0949616283178 0.269941091537
    endloop
  endfacet
  facet normal 0.0305962562561 -0.968704938889 0.246322274208
    outer loop
      vertex 2.40556788445 -0.109961621463 0.269941180944
      vertex 2.67177510262 -0.0914746299386 0.273648381233
      vertex 2.68056774139 -0.124961622059 0.282441169024
    endloop
  endfacet
  facet normal -0.0446067154408 -0.99889755249 0.0146264098585
    outer loop
      vertex 0.00611889874563 -0.0889891013503 0.281889677048
      vertex 0.28056755662 -0.109961621463 0.269941002131
      vertex 0.00556771596894 -0.124961622059 0.282441020012
    endloop
  endfacet
  facet normal 0 -1 0
    outer loop
      vertex 1.48681759834 -0.0234616287053 0.269941091537
      vertex 1.20556771755 -0.037461631 0.269941091537
      vertex 1.20556771755 -0.025461634621 0.269941091537
    endloop
  endfacet
  facet normal -0 -1 0
    outer loop
      vertex 1.49306762218 -0.037461631 0.269941091537
      vertex 1.20556771755 -0.037461631 0.269941091537
      vertex 1.48681759834 -0.0234616287053 0.269941091537
    endloop
  endfacet
  facet normal 0 -1 0
    outer loop
      vertex 1.49306762218 -0.037461631 0.269941091537
      vertex 1.79306769371 -0.025461634621 0.269941091537
      vertex 1.78056764603 -0.037461631 0.269941091537
    endloop
  endfacet
  facet normal 0 -1 0
    outer loop
      vertex 1.50556766987 -0.025461634621 0.269941091537
      vertex 1.79306769371 -0.025461634621 0.269941091537
      vertex 1.49306762218 -0.037461631 0.269941091537
    endloop
  endfacet
  facet normal 0 -1 0
    outer loop
      vertex 1.80556774139 -0.037461631 0.269941091537
      vertex 2.09306740761 -0.025461634621 0.269941091537
      vertex 2.08056783676 -0.037461631 0.269941091537
    endloop
  endfacet
  facet normal 0 -1 0
    outer loop
      vertex 1.79306769371 -0.025461634621 0.269941091537
      vertex 2.09306740761 -0.025461634621 0.269941091537
      vertex 1.80556774139 -0.037461631 0.269941091537
    endloop
  endfacet
  facet normal 0 -1 0
    outer loop
      vertex 1.18056762218 -0.025461634621 0.269941091537
      vertex 0.905567705631 -0.037461631 0.269941091537
      vertex 0.893067717552 -0.025461634621 0.269941091537
    endloop
  endfacet
  facet normal -0 -1 -0
    outer loop
      vertex 1.18056762218 -0.037461631 0.269941091537
      vertex 0.905567705631 -0.037461631 0.269941091537
      vertex 1.18056762218 -0.025461634621 0.269941091537
    endloop
  endfacet
  facet normal 0 -1 0
    outer loop
      vertex 2.10556793213 -0.037461631 0.269941091537
      vertex 2.17989659309 -0.025461634621 0.269941091537
      vertex 2.18429422379 -0.037461631 0.269941091537
    endloop
  endfacet
  facet normal 0 -1 0
    outer loop
      vertex 2.09306740761 -0.025461634621 0.269941091537
      vertex 2.17989659309 -0.025461634621 0.269941091537
      vertex 2.10556793213 -0.037461631 0.269941091537
    endloop
  endfacet
  facet normal 4.59596549263e-07 -1 0
    outer loop
      vertex 2.18429422379 -0.037461631 0.269941091537
      vertex 2.38056778908 -0.025461634621 0.269941180944
      vertex 2.38056778908 -0.037461631 0.269941180944
    endloop
  endfacet
  facet normal 4.70130032681e-07 -1 1.72286831912e-07
    outer loop
      vertex 2.18869185448 -0.025461634621 0.269941091537
      vertex 2.38056778908 -0.025461634621 0.269941180944
      vertex 2.18429422379 -0.037461631 0.269941091537
    endloop
  endfacet
  facet normal 0 -1 0
    outer loop
      vertex 0.593067586422 -0.025461634621 0.269941091537
      vertex 0.50623857975 -0.037461631 0.269941091537
      vertex 0.501841306686 -0.025461634621 0.269941091537
    endloop
  endfacet
  facet normal -0 -1 -0
    outer loop
      vertex 0.580567836761 -0.037461631 0.269941091537
      vertex 0.50623857975 -0.037461631 0.269941091537
      vertex 0.593067586422 -0.025461634621 0.269941091537
    endloop
  endfacet
  facet normal 0 -1 0
    outer loop
      vertex 0.605567574501 -0.037461631 0.269941091537
      vertex 0.893067717552 -0.025461634621 0.269941091537
      vertex 0.880567610264 -0.037461631 0.269941091537
    endloop
  endfacet
  facet normal 0 -1 0
    outer loop
      vertex 0.593067586422 -0.025461634621 0.269941091537
      vertex 0.893067717552 -0.025461634621 0.269941091537
      vertex 0.605567574501 -0.037461631 0.269941091537
    endloop
  endfacet
  facet normal 4.59596378732e-07 -1 0
    outer loop
      vertex 0.501841306686 -0.025461634621 0.269941091537
      vertex 0.305567651987 -0.037461631 0.269941002131
      vertex 0.305567651987 -0.025461634621 0.269941002131
    endloop
  endfacet
  facet normal 4.70129435826e-07 -1 1.72280323341e-07
    outer loop
      vertex 0.497443854809 -0.037461631 0.269941091537
      vertex 0.305567651987 -0.037461631 0.269941002131
      vertex 0.501841306686 -0.025461634621 0.269941091537
    endloop
  endfacet
  facet normal -0.00743968179449 -0.999972343445 -7.96550102677e-06
    outer loop
      vertex 0.28056755662 -0.0264616310596 0.269941002131
      vertex 0.0161003246903 -0.0401552245021 0.27190849185
      vertex 0.0161000844091 -0.022764230147 0.271908640862
    endloop
  endfacet
  facet normal 0.00512134982273 -0.999985933304 -0.00136873708107
    outer loop
      vertex 2.40556788445 -0.0264616310596 0.269941180944
      vertex 2.66942381859 -0.0231237150729 0.271297067404
      vertex 2.66940116882 -0.0395444259048 0.271274477243
    endloop
  endfacet
endsolid "27304205T"
