solid "27454206"
  facet normal -1 0 0
    outer loop
      vertex 0.0250000096858 -0.0325000062585 1.78750097752
      vertex 0.0250000096858 -0.0899999961257 1.81250095367
      vertex 0.0250000096858 -0.0325000062585 1.81250095367
    endloop
  endfacet
  facet normal -1 0 0
    outer loop
      vertex 0.0250000096858 -0.0899999961257 1.78750097752
      vertex 0.0250000096858 -0.0899999961257 1.81250095367
      vertex 0.0250000096858 -0.0325000062585 1.78750097752
    endloop
  endfacet
  facet normal 0.913028717041 0.00154703867156 0.407892405987
    outer loop
      vertex 0.0707560703158 -0.0705654546618 1.78750097752
      vertex 0.0659676119685 -0.0811891406775 1.81250095367
      vertex 0.0654282644391 -0.0824912339449 1.78750097752
    endloop
  endfacet
  facet normal 0.897361695766 -0.0155323389918 0.44102242589
    outer loop
      vertex 0.0707560703158 -0.0705654546618 1.78750097752
      vertex 0.0715430378914 -0.0698446556926 1.81250095367
      vertex 0.0659676119685 -0.0811891406775 1.81250095367
    endloop
  endfacet
  facet normal -0.513878643513 0.0408820845187 0.856888234615
    outer loop
      vertex 0.0707560703158 -0.0705654546618 1.78750097752
      vertex 0.0835322216153 -0.0770346075296 1.81250095367
      vertex 0.0715430378914 -0.0698446556926 1.81250095367
    endloop
  endfacet
  facet normal -0.299231350422 -0.0928176790476 0.949655473232
    outer loop
      vertex 0.0832454189658 -0.0745007768273 1.78750097752
      vertex 0.0835322216153 -0.0770346075296 1.81250095367
      vertex 0.0707560703158 -0.0705654546618 1.78750097752
    endloop
  endfacet
  facet normal -0.974761545658 0.0335524640977 -0.220712810755
    outer loop
      vertex 0.0801438465714 -0.0881986394525 1.78750097752
      vertex 0.0835322216153 -0.0770346075296 1.81250095367
      vertex 0.0832454189658 -0.0745007768273 1.78750097752
    endloop
  endfacet
  facet normal -0.896177828312 -0.0739056766033 -0.437496513128
    outer loop
      vertex 0.0801438465714 -0.0881986394525 1.78750097752
      vertex 0.0772730112076 -0.0898561105132 1.81250095367
      vertex 0.0835322216153 -0.0770346075296 1.81250095367
    endloop
  endfacet
  facet normal 0.603896319866 0.121573604643 -0.787736713886
    outer loop
      vertex 0.0801438465714 -0.0881986394525 1.78750097752
      vertex 0.0659676119685 -0.0811891406775 1.81250095367
      vertex 0.0772730112076 -0.0898561105132 1.81250095367
    endloop
  endfacet
  facet normal 0.361029982567 -0.056271199137 -0.930854916573
    outer loop
      vertex 0.0654282644391 -0.0824912339449 1.78750097752
      vertex 0.0659676119685 -0.0811891406775 1.81250095367
      vertex 0.0801438465714 -0.0881986394525 1.78750097752
    endloop
  endfacet
  facet normal 0.813858449459 0.0126986177638 0.580924451351
    outer loop
      vertex 0.147153392434 -0.0607494115829 1.78750097752
      vertex 0.14010964334 -0.0700710117817 1.81250095367
      vertex 0.139570295811 -0.0713731050491 1.78750097752
    endloop
  endfacet
  facet normal 0.703285753727 -0.0657838732004 0.707857072353
    outer loop
      vertex 0.147153392434 -0.0607494115829 1.78750097752
      vertex 0.150355383754 -0.0598914399743 1.81250095367
      vertex 0.14010964334 -0.0700710117817 1.81250095367
    endloop
  endfacet
  facet normal -0.794453561306 0.122170142829 0.594910025597
    outer loop
      vertex 0.147153392434 -0.0607494115829 1.78750097752
      vertex 0.158866792917 -0.0712577328086 1.81250095367
      vertex 0.150355383754 -0.0598914399743 1.81250095367
    endloop
  endfacet
  facet normal -0.643217265606 -0.0203576385975 0.765413045883
    outer loop
      vertex 0.159316763282 -0.0709709376097 1.78750097752
      vertex 0.158866792917 -0.0712577328086 1.81250095367
      vertex 0.147153392434 -0.0607494115829 1.78750097752
    endloop
  endfacet
  facet normal -0.582669198513 -0.0011639179429 -0.812708616257
    outer loop
      vertex 0.147371605039 -0.0795349776745 1.78750097752
      vertex 0.158866792917 -0.0712577328086 1.81250095367
      vertex 0.159316763282 -0.0709709376097 1.78750097752
    endloop
  endfacet
  facet normal -0.54851436615 -0.0245079007 -0.835781872272
    outer loop
      vertex 0.147371605039 -0.0795349776745 1.78750097752
      vertex 0.145974293351 -0.07971893996 1.81250095367
      vertex 0.158866792917 -0.0712577328086 1.81250095367
    endloop
  endfacet
  facet normal 0.853378772736 0.0515147708356 -0.518739700317
    outer loop
      vertex 0.147371605039 -0.0795349776745 1.78750097752
      vertex 0.14010964334 -0.0700710117817 1.81250095367
      vertex 0.145974293351 -0.07971893996 1.81250095367
    endloop
  endfacet
  facet normal 0.721934378147 -0.0515147447586 -0.690041303635
    outer loop
      vertex 0.139570295811 -0.0713731050491 1.78750097752
      vertex 0.14010964334 -0.0700710117817 1.81250095367
      vertex 0.147371605039 -0.0795349776745 1.78750097752
    endloop
  endfacet
  facet normal 0.876869022846 -0.0227385051548 0.480191320181
    outer loop
      vertex 0.216583162546 -0.0665136352181 1.78750097752
      vertex 0.219993323088 -0.0614702105522 1.81250095367
      vertex 0.214570298791 -0.0713731050491 1.81250095367
    endloop
  endfacet
  facet normal 0.00137679663021 0.197572603822 0.980287313461
    outer loop
      vertex 0.233239144087 -0.0664902403951 1.78750097752
      vertex 0.219993323088 -0.0614702105522 1.81250095367
      vertex 0.216583162546 -0.0665136352181 1.78750097752
    endloop
  endfacet
  facet normal -0.261551469564 0.0549188405275 0.963625848293
    outer loop
      vertex 0.233239144087 -0.0664902403951 1.78750097752
      vertex 0.233931973577 -0.06525349617 1.81250095367
      vertex 0.219993323088 -0.0614702105522 1.81250095367
    endloop
  endfacet
  facet normal -0.919304013252 0.00600987952203 -0.393502235413
    outer loop
      vertex 0.233239144087 -0.0664902403951 1.78750097752
      vertex 0.22834418714 -0.0783077478409 1.81250095367
      vertex 0.233931973577 -0.06525349617 1.81250095367
    endloop
  endfacet
  facet normal -0.855843484402 0.0743824765086 -0.511858582497
    outer loop
      vertex 0.225355386734 -0.0796721503139 1.78750097752
      vertex 0.22834418714 -0.0783077478409 1.81250095367
      vertex 0.233239144087 -0.0664902403951 1.78750097752
    endloop
  endfacet
  facet normal 0.447342395782 -0.101973369718 -0.888530373573
    outer loop
      vertex 0.225355386734 -0.0796721503139 1.78750097752
      vertex 0.214570298791 -0.0713731050491 1.81250095367
      vertex 0.22834418714 -0.0783077478409 1.81250095367
    endloop
  endfacet
  facet normal 0.819624364376 0.172201767564 -0.546408712864
    outer loop
      vertex 0.216583162546 -0.0665136352181 1.78750097752
      vertex 0.214570298791 -0.0713731050491 1.81250095367
      vertex 0.225355386734 -0.0796721503139 1.78750097752
    endloop
  endfacet
  facet normal 0 0 -1
    outer loop
      vertex 0.0250000096858 -0.0164999980479 1.81250095367
      vertex 0.425000011921 -0.0164999980479 1.78750097752
      vertex 0.0250000096858 -0.0164999980479 1.78750097752
    endloop
  endfacet
  facet normal -0 -0 -1
    outer loop
      vertex 0.425000011921 -0.0164999980479 1.81250095367
      vertex 0.425000011921 -0.0164999980479 1.78750097752
      vertex 0.0250000096858 -0.0164999980479 1.81250095367
    endloop
  endfacet
  facet normal 0 1 -0
    outer loop
      vertex 0.233931973577 -0.06525349617 1.81250095367
      vertex 0.22834418714 -0.0783077478409 1.81250095367
      vertex 0.425000011921 -0.0899999961257 1.81250095367
    endloop
  endfacet
  facet normal 0 1 0
    outer loop
      vertex 0.22834418714 -0.0783077478409 1.81250095367
      vertex 0.158866792917 -0.0712577328086 1.81250095367
      vertex 0.145974293351 -0.07971893996 1.81250095367
    endloop
  endfacet
  facet normal 0 1 -0
    outer loop
      vertex 0.214570298791 -0.0713731050491 1.81250095367
      vertex 0.158866792917 -0.0712577328086 1.81250095367
      vertex 0.22834418714 -0.0783077478409 1.81250095367
    endloop
  endfacet
  facet normal 0 1 0
    outer loop
      vertex 0.219993323088 -0.0614702105522 1.81250095367
      vertex 0.158866792917 -0.0712577328086 1.81250095367
      vertex 0.214570298791 -0.0713731050491 1.81250095367
    endloop
  endfacet
  facet normal 0 1 0
    outer loop
      vertex 0.219993323088 -0.0614702105522 1.81250095367
      vertex 0.150355383754 -0.0598914399743 1.81250095367
      vertex 0.158866792917 -0.0712577328086 1.81250095367
    endloop
  endfacet
  facet normal -0 1 0
    outer loop
      vertex 0.0715430378914 -0.0698446556926 1.81250095367
      vertex 0.14010964334 -0.0700710117817 1.81250095367
      vertex 0.150355383754 -0.0598914399743 1.81250095367
    endloop
  endfacet
  facet normal 0 1 0
    outer loop
      vertex 0.0835322216153 -0.0770346075296 1.81250095367
      vertex 0.14010964334 -0.0700710117817 1.81250095367
      vertex 0.0715430378914 -0.0698446556926 1.81250095367
    endloop
  endfacet
  facet normal 0 1 0
    outer loop
      vertex 0.0250000096858 -0.0325000062585 1.81250095367
      vertex 0.0715430378914 -0.0698446556926 1.81250095367
      vertex 0.150355383754 -0.0598914399743 1.81250095367
    endloop
  endfacet
  facet normal 0 1 0
    outer loop
      vertex 0.0250000096858 -0.0899999961257 1.81250095367
      vertex 0.0772730112076 -0.0898561105132 1.81250095367
      vertex 0.0659676119685 -0.0811891406775 1.81250095367
    endloop
  endfacet
  facet normal 0 1 0
    outer loop
      vertex 0.0250000096858 -0.119999997318 1.81250095367
      vertex 0.0772730112076 -0.0898561105132 1.81250095367
      vertex 0.0250000096858 -0.0899999961257 1.81250095367
    endloop
  endfacet
  facet normal 0 1 0
    outer loop
      vertex 0.0250000096858 -0.0325000062585 1.81250095367
      vertex 0.0659676119685 -0.0811891406775 1.81250095367
      vertex 0.0715430378914 -0.0698446556926 1.81250095367
    endloop
  endfacet
  facet normal 0 1 0
    outer loop
      vertex 0.0250000096858 -0.0899999961257 1.81250095367
      vertex 0.0659676119685 -0.0811891406775 1.81250095367
      vertex 0.0250000096858 -0.0325000062585 1.81250095367
    endloop
  endfacet
  facet normal 0 1 0
    outer loop
      vertex 0.150355383754 -0.0598914399743 1.81250095367
      vertex 0.0250000096858 -0.0205000042915 1.81250095367
      vertex 0.0250000096858 -0.0325000062585 1.81250095367
    endloop
  endfacet
  facet normal 0 1 0
    outer loop
      vertex 0.150355383754 -0.0598914399743 1.81250095367
      vertex 0.0250000096858 -0.0164999980479 1.81250095367
      vertex 0.0250000096858 -0.0205000042915 1.81250095367
    endloop
  endfacet
  facet normal 0 1 0
    outer loop
      vertex 0.219993323088 -0.0614702105522 1.81250095367
      vertex 0.0250000096858 -0.0164999980479 1.81250095367
      vertex 0.150355383754 -0.0598914399743 1.81250095367
    endloop
  endfacet
  facet normal 0 1 0
    outer loop
      vertex 0.219993323088 -0.0614702105522 1.81250095367
      vertex 0.425000011921 -0.0164999980479 1.81250095367
      vertex 0.0250000096858 -0.0164999980479 1.81250095367
    endloop
  endfacet
  facet normal 0 1 0
    outer loop
      vertex 0.425000011921 -0.0205000042915 1.81250095367
      vertex 0.425000011921 -0.0164999980479 1.81250095367
      vertex 0.219993323088 -0.0614702105522 1.81250095367
    endloop
  endfacet
  facet normal 0 1 0
    outer loop
      vertex 0.425000011921 -0.0325000062585 1.81250095367
      vertex 0.219993323088 -0.0614702105522 1.81250095367
      vertex 0.233931973577 -0.06525349617 1.81250095367
    endloop
  endfacet
  facet normal 0 1 -0
    outer loop
      vertex 0.425000011921 -0.0205000042915 1.81250095367
      vertex 0.219993323088 -0.0614702105522 1.81250095367
      vertex 0.425000011921 -0.0325000062585 1.81250095367
    endloop
  endfacet
  facet normal 0 1 -0
    outer loop
      vertex 0.425000011921 -0.0325000062585 1.81250095367
      vertex 0.233931973577 -0.06525349617 1.81250095367
      vertex 0.425000011921 -0.0899999961257 1.81250095367
    endloop
  endfacet
  facet normal -0 1 0
    outer loop
      vertex 0.0835322216153 -0.0770346075296 1.81250095367
      vertex 0.145974293351 -0.07971893996 1.81250095367
      vertex 0.14010964334 -0.0700710117817 1.81250095367
    endloop
  endfacet
  facet normal 0 1 0
    outer loop
      vertex 0.0772730112076 -0.0898561105132 1.81250095367
      vertex 0.145974293351 -0.07971893996 1.81250095367
      vertex 0.0835322216153 -0.0770346075296 1.81250095367
    endloop
  endfacet
  facet normal 0 1 0
    outer loop
      vertex 0.0250000096858 -0.119999997318 1.81250095367
      vertex 0.145974293351 -0.07971893996 1.81250095367
      vertex 0.0772730112076 -0.0898561105132 1.81250095367
    endloop
  endfacet
  facet normal 0 1 0
    outer loop
      vertex 0.0250000096858 -0.119999997318 1.81250095367
      vertex 0.22834418714 -0.0783077478409 1.81250095367
      vertex 0.145974293351 -0.07971893996 1.81250095367
    endloop
  endfacet
  facet normal 0 1 0
    outer loop
      vertex 0.425000011921 -0.119999997318 1.81250095367
      vertex 0.22834418714 -0.0783077478409 1.81250095367
      vertex 0.0250000096858 -0.119999997318 1.81250095367
    endloop
  endfacet
  facet normal 0 1 -0
    outer loop
      vertex 0.425000011921 -0.0899999961257 1.81250095367
      vertex 0.22834418714 -0.0783077478409 1.81250095367
      vertex 0.425000011921 -0.119999997318 1.81250095367
    endloop
  endfacet
  facet normal 0 0 1
    outer loop
      vertex 0.0250000096858 -0.119999997318 1.78750097752
      vertex 0.425000011921 -0.119999997318 1.81250095367
      vertex 0.0250000096858 -0.119999997318 1.81250095367
    endloop
  endfacet
  facet normal 0 -0 1
    outer loop
      vertex 0.425000011921 -0.119999997318 1.78750097752
      vertex 0.425000011921 -0.119999997318 1.81250095367
      vertex 0.0250000096858 -0.119999997318 1.78750097752
    endloop
  endfacet
  facet normal 0 -1 0
    outer loop
      vertex 0.425000011921 -0.0164999980479 1.78750097752
      vertex 0.233239144087 -0.0664902403951 1.78750097752
      vertex 0.0250000096858 -0.0164999980479 1.78750097752
    endloop
  endfacet
  facet normal -0 -1 -0
    outer loop
      vertex 0.425000011921 -0.0205000042915 1.78750097752
      vertex 0.233239144087 -0.0664902403951 1.78750097752
      vertex 0.425000011921 -0.0164999980479 1.78750097752
    endloop
  endfacet
  facet normal -0 -1 -0
    outer loop
      vertex 0.425000011921 -0.0325000062585 1.78750097752
      vertex 0.233239144087 -0.0664902403951 1.78750097752
      vertex 0.425000011921 -0.0205000042915 1.78750097752
    endloop
  endfacet
  facet normal 0 -1 -0
    outer loop
      vertex 0.425000011921 -0.0899999961257 1.78750097752
      vertex 0.233239144087 -0.0664902403951 1.78750097752
      vertex 0.425000011921 -0.0325000062585 1.78750097752
    endloop
  endfacet
  facet normal 0 -1 0
    outer loop
      vertex 0.225355386734 -0.0796721503139 1.78750097752
      vertex 0.233239144087 -0.0664902403951 1.78750097752
      vertex 0.425000011921 -0.0899999961257 1.78750097752
    endloop
  endfacet
  facet normal 0 -1 0
    outer loop
      vertex 0.233239144087 -0.0664902403951 1.78750097752
      vertex 0.147153392434 -0.0607494115829 1.78750097752
      vertex 0.0250000096858 -0.0164999980479 1.78750097752
    endloop
  endfacet
  facet normal 0 -1 -0
    outer loop
      vertex 0.216583162546 -0.0665136352181 1.78750097752
      vertex 0.147153392434 -0.0607494115829 1.78750097752
      vertex 0.233239144087 -0.0664902403951 1.78750097752
    endloop
  endfacet
  facet normal -0 -1 0
    outer loop
      vertex 0.216583162546 -0.0665136352181 1.78750097752
      vertex 0.159316763282 -0.0709709376097 1.78750097752
      vertex 0.147153392434 -0.0607494115829 1.78750097752
    endloop
  endfacet
  facet normal 0 -1 0
    outer loop
      vertex 0.225355386734 -0.0796721503139 1.78750097752
      vertex 0.159316763282 -0.0709709376097 1.78750097752
      vertex 0.216583162546 -0.0665136352181 1.78750097752
    endloop
  endfacet
  facet normal 0 -1 0
    outer loop
      vertex 0.225355386734 -0.0796721503139 1.78750097752
      vertex 0.147371605039 -0.0795349776745 1.78750097752
      vertex 0.159316763282 -0.0709709376097 1.78750097752
    endloop
  endfacet
  facet normal 0 -1 -0
    outer loop
      vertex 0.425000011921 -0.119999997318 1.78750097752
      vertex 0.225355386734 -0.0796721503139 1.78750097752
      vertex 0.425000011921 -0.0899999961257 1.78750097752
    endloop
  endfacet
  facet normal 0 -1 0
    outer loop
      vertex 0.0250000096858 -0.119999997318 1.78750097752
      vertex 0.225355386734 -0.0796721503139 1.78750097752
      vertex 0.425000011921 -0.119999997318 1.78750097752
    endloop
  endfacet
  facet normal 0 -1 0
    outer loop
      vertex 0.147371605039 -0.0795349776745 1.78750097752
      vertex 0.225355386734 -0.0796721503139 1.78750097752
      vertex 0.0250000096858 -0.119999997318 1.78750097752
    endloop
  endfacet
  facet normal 0 -1 0
    outer loop
      vertex 0.0250000096858 -0.0899999961257 1.78750097752
      vertex 0.0707560703158 -0.0705654546618 1.78750097752
      vertex 0.0654282644391 -0.0824912339449 1.78750097752
    endloop
  endfacet
  facet normal 0 -1 0
    outer loop
      vertex 0.0250000096858 -0.0325000062585 1.78750097752
      vertex 0.0707560703158 -0.0705654546618 1.78750097752
      vertex 0.0250000096858 -0.0899999961257 1.78750097752
    endloop
  endfacet
  facet normal 0 -1 0
    outer loop
      vertex 0.147153392434 -0.0607494115829 1.78750097752
      vertex 0.0250000096858 -0.0205000042915 1.78750097752
      vertex 0.0250000096858 -0.0164999980479 1.78750097752
    endloop
  endfacet
  facet normal 0 -1 0
    outer loop
      vertex 0.147153392434 -0.0607494115829 1.78750097752
      vertex 0.0250000096858 -0.0325000062585 1.78750097752
      vertex 0.0250000096858 -0.0205000042915 1.78750097752
    endloop
  endfacet
  facet normal -0 -1 0
    outer loop
      vertex 0.147153392434 -0.0607494115829 1.78750097752
      vertex 0.0707560703158 -0.0705654546618 1.78750097752
      vertex 0.0250000096858 -0.0325000062585 1.78750097752
    endloop
  endfacet
  facet normal 0 -1 0
    outer loop
      vertex 0.147153392434 -0.0607494115829 1.78750097752
      vertex 0.0832454189658 -0.0745007768273 1.78750097752
      vertex 0.0707560703158 -0.0705654546618 1.78750097752
    endloop
  endfacet
  facet normal -0 -1 -0
    outer loop
      vertex 0.139570295811 -0.0713731050491 1.78750097752
      vertex 0.0832454189658 -0.0745007768273 1.78750097752
      vertex 0.147153392434 -0.0607494115829 1.78750097752
    endloop
  endfacet
  facet normal 0 -1 0
    outer loop
      vertex 0.147371605039 -0.0795349776745 1.78750097752
      vertex 0.0832454189658 -0.0745007768273 1.78750097752
      vertex 0.139570295811 -0.0713731050491 1.78750097752
    endloop
  endfacet
  facet normal -0 -1 0
    outer loop
      vertex 0.147371605039 -0.0795349776745 1.78750097752
      vertex 0.0801438465714 -0.0881986394525 1.78750097752
      vertex 0.0832454189658 -0.0745007768273 1.78750097752
    endloop
  endfacet
  facet normal 0 -1 0
    outer loop
      vertex 0.0250000096858 -0.119999997318 1.78750097752
      vertex 0.0801438465714 -0.0881986394525 1.78750097752
      vertex 0.147371605039 -0.0795349776745 1.78750097752
    endloop
  endfacet
  facet normal 0 -1 0
    outer loop
      vertex 0.0250000096858 -0.0899999961257 1.78750097752
      vertex 0.0801438465714 -0.0881986394525 1.78750097752
      vertex 0.0250000096858 -0.119999997318 1.78750097752
    endloop
  endfacet
  facet normal 0 -1 0
    outer loop
      vertex 0.0250000096858 -0.0899999961257 1.78750097752
      vertex 0.0654282644391 -0.0824912339449 1.78750097752
      vertex 0.0801438465714 -0.0881986394525 1.78750097752
    endloop
  endfacet
  facet normal -1 0 0
    outer loop
      vertex 0.0250000096858 -0.0164999980479 1.78750097752
      vertex 0.0250000096858 -0.0205000042915 1.81250095367
      vertex 0.0250000096858 -0.0164999980479 1.81250095367
    endloop
  endfacet
  facet normal -1 0 0
    outer loop
      vertex 0.0250000096858 -0.0205000042915 1.78750097752
      vertex 0.0250000096858 -0.0205000042915 1.81250095367
      vertex 0.0250000096858 -0.0164999980479 1.78750097752
    endloop
  endfacet
  facet normal 0.322352677584 0.309248864651 0.894680917263
    outer loop
      vertex 0.38540789485 -0.0761107131839 0.36258149147
      vertex 0.393983066082 -0.0728600472212 0.363047391176
      vertex 0.383716076612 -0.0730324164033 0.373250752687
    endloop
  endfacet
  facet normal 0.678905308247 0.678394794464 0.280834496021
    outer loop
      vertex 0.393983066082 -0.0728600472212 0.363047391176
      vertex 0.385279685259 -0.0674126967788 0.374012380838
      vertex 0.383716076612 -0.0730324164033 0.373250752687
    endloop
  endfacet
  facet normal 0.799696564674 0.595065414906 -0.0798909813166
    outer loop
      vertex 0.393983066082 -0.0728600472212 0.363047391176
      vertex 0.395165652037 -0.0640635788441 0.360277175903
      vertex 0.385279685259 -0.0674126967788 0.374012380838
    endloop
  endfacet
  facet normal 0.680983185768 0.594426453114 -0.427690446377
    outer loop
      vertex 0.385279685259 -0.0674126967788 0.374012380838
      vertex 0.395165652037 -0.0640635788441 0.360277175903
      vertex 0.384867191315 -0.0627821832895 0.371153235435
    endloop
  endfacet
  facet normal 0.253779828548 0.12733219564 -0.95884424448
    outer loop
      vertex 0.384867191315 -0.0627821832895 0.371153235435
      vertex 0.395165652037 -0.0640635788441 0.360277175903
      vertex 0.383996784687 -0.0613116919994 0.361814886332
    endloop
  endfacet
  facet normal -0.108706772327 -0.993856668472 -0.0207778550684
    outer loop
      vertex 0.384378999472 -0.0720540136099 0.28648519516
      vertex 0.395159363747 -0.0642450675368 0.285469293594
      vertex 0.39311850071 -0.0749225318432 0.285469293594
    endloop
  endfacet
  facet normal -0.020011132583 -0.994607150555 0.101765371859
    outer loop
      vertex 0.395159363747 -0.0642450675368 0.285469293594
      vertex 0.384378999472 -0.0720540136099 0.28648519516
      vertex 0.385995000601 -0.0624429881573 0.285469293594
    endloop
  endfacet
  facet normal -1 0 0
    outer loop
      vertex 0.264999985695 -0.0626975521445 0.371060699224
      vertex 0.264999985695 -0.0687067881227 0.361393660307
      vertex 0.264999985695 -0.0745778009295 0.370976686478
    endloop
  endfacet
  facet normal -0.0508444756269 -0.527250409126 -0.84818738699
    outer loop
      vertex 0.383996784687 -0.0613116919994 0.361814886332
      vertex 0.264999985695 -0.0687067881227 0.361393660307
      vertex 0.264999985695 -0.0626975521445 0.371060699224
    endloop
  endfacet
  facet normal -0.0288532394916 -0.857814252377 -0.513149261475
    outer loop
      vertex 0.380914956331 -0.0662491470575 0.358964949846
      vertex 0.264999985695 -0.0687067881227 0.361393660307
      vertex 0.383996784687 -0.0613116919994 0.361814886332
    endloop
  endfacet
  facet normal -0.0161391831934 -0.978471934795 0.205747947097
    outer loop
      vertex 0.381476163864 -0.0734051316977 0.360460400581
      vertex 0.264999985695 -0.0687067881227 0.361393660307
      vertex 0.380914956331 -0.0662491470575 0.358964949846
    endloop
  endfacet
  facet normal -0.0385526120663 -0.522013604641 0.852065443993
    outer loop
      vertex 0.381476163864 -0.0734051316977 0.360460400581
      vertex 0.264999985695 -0.0745778009295 0.370976686478
      vertex 0.264999985695 -0.0687067881227 0.361393660307
    endloop
  endfacet
  facet normal -0.060191385448 -0.741217434406 0.66856098175
    outer loop
      vertex 0.38540789485 -0.0761107131839 0.36258149147
      vertex 0.264999985695 -0.0745778009295 0.370976686478
      vertex 0.381476163864 -0.0734051316977 0.360460400581
    endloop
  endfacet
  facet normal 0.00717293936759 0.278255343437 0.960480332375
    outer loop
      vertex 0.383716076612 -0.0730324164033 0.373250752687
      vertex 0.264999985695 -0.0745778009295 0.370976686478
      vertex 0.38540789485 -0.0761107131839 0.36258149147
    endloop
  endfacet
  facet normal -0.0190594382584 0.999793350697 0.00706967106089
    outer loop
      vertex 0.383716076612 -0.0730324164033 0.373250752687
      vertex 0.264999985695 -0.0626975521445 0.371060699224
      vertex 0.264999985695 -0.0745778009295 0.370976686478
    endloop
  endfacet
  facet normal -0.0292816888541 0.991568088531 0.126235216856
    outer loop
      vertex 0.385279685259 -0.0674126967788 0.374012380838
      vertex 0.264999985695 -0.0626975521445 0.371060699224
      vertex 0.383716076612 -0.0730324164033 0.373250752687
    endloop
  endfacet
  facet normal -0.000285967253149 0.85088288784 -0.52535533905
    outer loop
      vertex 0.384867191315 -0.0627821832895 0.371153235435
      vertex 0.264999985695 -0.0626975521445 0.371060699224
      vertex 0.385279685259 -0.0674126967788 0.374012380838
    endloop
  endfacet
  facet normal 0.000577377388254 0.155498355627 -0.987836003304
    outer loop
      vertex 0.383996784687 -0.0613116919994 0.361814886332
      vertex 0.264999985695 -0.0626975521445 0.371060699224
      vertex 0.384867191315 -0.0627821832895 0.371153235435
    endloop
  endfacet
  facet normal 0.236949667335 -0.0173218417913 -0.971367478371
    outer loop
      vertex 0.394687980413 -0.0647990331054 0.31250089407
      vertex 0.383996784687 -0.0613116919994 0.361814886332
      vertex 0.395165652037 -0.0640635788441 0.360277175903
    endloop
  endfacet
  facet normal 0.0090995663777 -0.0685748532414 -0.997604489326
    outer loop
      vertex 0.384029090405 -0.0647018104792 0.31250089407
      vertex 0.383996784687 -0.0613116919994 0.361814886332
      vertex 0.394687980413 -0.0647990331054 0.31250089407
    endloop
  endfacet
  facet normal -0.837701737881 -0.0380016490817 -0.544804275036
    outer loop
      vertex 0.384029090405 -0.0647018104792 0.31250089407
      vertex 0.380914956331 -0.0662491470575 0.358964949846
      vertex 0.383996784687 -0.0613116919994 0.361814886332
    endloop
  endfacet
  facet normal -0.993277907372 -0.0696506276727 0.0924540609121
    outer loop
      vertex 0.384029090405 -0.0647018104792 0.31250089407
      vertex 0.381476163864 -0.0734051316977 0.360460400581
      vertex 0.380914956331 -0.0662491470575 0.358964949846
    endloop
  endfacet
  facet normal -0.917446732521 -0.117799259722 0.380019515753
    outer loop
      vertex 0.388426870108 -0.0753189772367 0.31250089407
      vertex 0.381476163864 -0.0734051316977 0.360460400581
      vertex 0.384029090405 -0.0647018104792 0.31250089407
    endloop
  endfacet
  facet normal -0.549208819866 -0.0462987720966 0.834401667118
    outer loop
      vertex 0.388426870108 -0.0753189772367 0.31250089407
      vertex 0.38540789485 -0.0761107131839 0.36258149147
      vertex 0.381476163864 -0.0734051316977 0.360460400581
    endloop
  endfacet
  facet normal 0.354145437479 0.00656448258087 0.935167312622
    outer loop
      vertex 0.388426870108 -0.0753189772367 0.31250089407
      vertex 0.393983066082 -0.0728600472212 0.363047391176
      vertex 0.38540789485 -0.0761107131839 0.36258149147
    endloop
  endfacet
  facet normal 0.8572473526 -0.0694108381867 0.510204970837
    outer loop
      vertex 0.394687980413 -0.0647990331054 0.31250089407
      vertex 0.393983066082 -0.0728600472212 0.363047391176
      vertex 0.388426870108 -0.0753189772367 0.31250089407
    endloop
  endfacet
  facet normal 0.990725696087 -0.0078166872263 0.135652065277
    outer loop
      vertex 0.395165652037 -0.0640635788441 0.360277175903
      vertex 0.393983066082 -0.0728600472212 0.363047391176
      vertex 0.394687980413 -0.0647990331054 0.31250089407
    endloop
  endfacet
  facet normal -1 0 0
    outer loop
      vertex 0.0250000096858 -0.0215000007302 0.287500977516
      vertex 0.0250000096858 -0.0899999961257 0.31250089407
      vertex 0.0250000096858 -0.0325000062585 0.31250089407
    endloop
  endfacet
  facet normal -1 0 0
    outer loop
      vertex 0.0250000096858 -0.0899999961257 0.287500977516
      vertex 0.0250000096858 -0.0899999961257 0.31250089407
      vertex 0.0250000096858 -0.0215000007302 0.287500977516
    endloop
  endfacet
  facet normal 0.867372870445 0.034778971225 0.496442019939
    outer loop
      vertex 0.0707560703158 -0.0705654546618 0.287500977516
      vertex 0.0684120431542 -0.0729094743729 0.31250089407
      vertex 0.0645702928305 -0.081373102963 0.287500977516
    endloop
  endfacet
  facet normal -0.106102906168 -0.102681860328 0.989039242268
    outer loop
      vertex 0.0707560703158 -0.0705654546618 0.287500977516
      vertex 0.0832454189658 -0.0745007768273 0.31250089407
      vertex 0.0684120431542 -0.0729094743729 0.31250089407
    endloop
  endfacet
  facet normal -0.300528675318 0 0.953772783279
    outer loop
      vertex 0.0832454189658 -0.0745007768273 0.287500977516
      vertex 0.0832454189658 -0.0745007768273 0.31250089407
      vertex 0.0707560703158 -0.0705654546618 0.287500977516
    endloop
  endfacet
  facet normal -0.999816417694 0 -0.0191600676626
    outer loop
      vertex 0.0832454189658 -0.0745007768273 0.287500977516
      vertex 0.0830146819353 -0.0865411683917 0.31250089407
      vertex 0.0832454189658 -0.0745007768273 0.31250089407
    endloop
  endfacet
  facet normal -0.920835375786 0.162274509668 -0.354583054781
    outer loop
      vertex 0.0781430900097 -0.0877512767911 0.287500977516
      vertex 0.0830146819353 -0.0865411683917 0.31250089407
      vertex 0.0832454189658 -0.0745007768273 0.287500977516
    endloop
  endfacet
  facet normal -0.157661497593 -0.0170694440603 -0.987345695496
    outer loop
      vertex 0.0781430900097 -0.0877512767911 0.287500977516
      vertex 0.0701163113117 -0.0886008068919 0.31250089407
      vertex 0.0830146819353 -0.0865411683917 0.31250089407
    endloop
  endfacet
  facet normal 0.419473797083 0.165014714003 -0.892643213272
    outer loop
      vertex 0.0645702928305 -0.081373102963 0.287500977516
      vertex 0.0701163113117 -0.0886008068919 0.31250089407
      vertex 0.0781430900097 -0.0877512767911 0.287500977516
    endloop
  endfacet
  facet normal 0.976800918579 -0.186022758484 -0.106092192233
    outer loop
      vertex 0.0645702928305 -0.081373102963 0.287500977516
      vertex 0.0684120431542 -0.0729094743729 0.31250089407
      vertex 0.0701163113117 -0.0886008068919 0.31250089407
    endloop
  endfacet
  facet normal 0.857993662357 -0.141600072384 0.493757277727
    outer loop
      vertex 0.141361102462 -0.070828743279 0.287500977516
      vertex 0.151080027223 -0.0611098110676 0.31250089407
      vertex 0.142772302032 -0.0755460187793 0.31250089407
    endloop
  endfacet
  facet normal 0.488678395748 0.144514784217 0.860412061214
    outer loop
      vertex 0.155546009541 -0.0627722963691 0.287500977516
      vertex 0.151080027223 -0.0611098110676 0.31250089407
      vertex 0.141361102462 -0.070828743279 0.287500977516
    endloop
  endfacet
  facet normal -0.884474813938 -0.128168165684 0.448639273643
    outer loop
      vertex 0.155546009541 -0.0627722963691 0.287500977516
      vertex 0.158198624849 -0.0751438513398 0.31250089407
      vertex 0.151080027223 -0.0611098110676 0.31250089407
    endloop
  endfacet
  facet normal -0.992660522461 0.11813288182 -0.0258790291846
    outer loop
      vertex 0.155143842101 -0.0781986415386 0.287500977516
      vertex 0.158198624849 -0.0751438513398 0.31250089407
      vertex 0.155546009541 -0.0627722963691 0.287500977516
    endloop
  endfacet
  facet normal -0.0258790366352 -0.118132978678 -0.992660522461
    outer loop
      vertex 0.155143842101 -0.0781986415386 0.287500977516
      vertex 0.142772302032 -0.0755460187793 0.31250089407
      vertex 0.158198624849 -0.0751438513398 0.31250089407
    endloop
  endfacet
  facet normal 0.466999173164 0.138433605433 -0.873354375362
    outer loop
      vertex 0.141361102462 -0.070828743279 0.287500977516
      vertex 0.142772302032 -0.0755460187793 0.31250089407
      vertex 0.155143842101 -0.0781986415386 0.287500977516
    endloop
  endfacet
  facet normal 0.876775503159 0.027022106573 0.480140119791
    outer loop
      vertex 0.219962835312 -0.0629328638315 0.287500977516
      vertex 0.219993323088 -0.0614702105522 0.31250089407
      vertex 0.214570298791 -0.0713731050491 0.31250089407
    endloop
  endfacet
  facet normal -0.564916849136 0.0488806441426 0.823698759079
    outer loop
      vertex 0.219962835312 -0.0629328638315 0.287500977516
      vertex 0.233638897538 -0.070828743279 0.31250089407
      vertex 0.219993323088 -0.0614702105522 0.31250089407
    endloop
  endfacet
  facet normal -0.506107330322 0.00446737883613 0.862458944321
    outer loop
      vertex 0.234032392502 -0.0711891427636 0.287500977516
      vertex 0.233638897538 -0.070828743279 0.31250089407
      vertex 0.219962835312 -0.0629328638315 0.287500977516
    endloop
  endfacet
  facet normal -0.606190562248 -0.021002387628 -0.795042097569
    outer loop
      vertex 0.234032392502 -0.0711891427636 0.287500977516
      vertex 0.222040429711 -0.0796721503139 0.31250089407
      vertex 0.233638897538 -0.070828743279 0.31250089407
    endloop
  endfacet
  facet normal -0.476119875908 0.0690854340792 -0.876662433147
    outer loop
      vertex 0.220471695065 -0.0785540193319 0.287500977516
      vertex 0.222040429711 -0.0796721503139 0.31250089407
      vertex 0.234032392502 -0.0711891427636 0.287500977516
    endloop
  endfacet
  facet normal 0.743146181107 -0.0167145710438 -0.668920278549
    outer loop
      vertex 0.220471695065 -0.0785540193319 0.287500977516
      vertex 0.214570298791 -0.0713731050491 0.31250089407
      vertex 0.222040429711 -0.0796721503139 0.31250089407
    endloop
  endfacet
  facet normal 0.974761664867 0.220978453755 -0.0317526124418
    outer loop
      vertex 0.219962835312 -0.0629328638315 0.287500977516
      vertex 0.214570298791 -0.0713731050491 0.31250089407
      vertex 0.220471695065 -0.0785540193319 0.287500977516
    endloop
  endfacet
  facet normal 1.73824354307e-18 -0.196116968989 -0.980580508709
    outer loop
      vertex 0.0250000096858 -0.0164999980479 0.31250089407
      vertex 0.425000011921 -0.0215000007302 0.287500977516
      vertex 0.0250000096858 -0.0215000007302 0.287500977516
    endloop
  endfacet
  facet normal -0 -0.196116968989 -0.980580508709
    outer loop
      vertex 0.425000011921 -0.0164999980479 0.31250089407
      vertex 0.425000011921 -0.0215000007302 0.287500977516
      vertex 0.0250000096858 -0.0164999980479 0.31250089407
    endloop
  endfacet
  facet normal 0 0 1
    outer loop
      vertex 0.0250000096858 -0.119999997318 0.287500977516
      vertex 0.425000011921 -0.119999997318 0.31250089407
      vertex 0.0250000096858 -0.119999997318 0.31250089407
    endloop
  endfacet
  facet normal 0 -0 1
    outer loop
      vertex 0.425000011921 -0.119999997318 0.287500977516
      vertex 0.425000011921 -0.119999997318 0.31250089407
      vertex 0.0250000096858 -0.119999997318 0.287500977516
    endloop
  endfacet
  facet normal -0 1 0
    outer loop
      vertex 0.384029090405 -0.0647018104792 0.31250089407
      vertex 0.394687980413 -0.0647990331054 0.31250089407
      vertex 0.425000011921 -0.0325000062585 0.31250089407
    endloop
  endfacet
  facet normal 0 1 0
    outer loop
      vertex 0.425000011921 -0.0899999961257 0.31250089407
      vertex 0.394687980413 -0.0647990331054 0.31250089407
      vertex 0.388426870108 -0.0753189772367 0.31250089407
    endloop
  endfacet
  facet normal 0 1 -0
    outer loop
      vertex 0.425000011921 -0.0325000062585 0.31250089407
      vertex 0.394687980413 -0.0647990331054 0.31250089407
      vertex 0.425000011921 -0.0899999961257 0.31250089407
    endloop
  endfacet
  facet normal 0 1 0
    outer loop
      vertex 0.0250000096858 -0.119999997318 0.31250089407
      vertex 0.0701163113117 -0.0886008068919 0.31250089407
      vertex 0.0250000096858 -0.0899999961257 0.31250089407
    endloop
  endfacet
  facet normal 0 1 0
    outer loop
      vertex 0.0250000096858 -0.0899999961257 0.31250089407
      vertex 0.0684120431542 -0.0729094743729 0.31250089407
      vertex 0.0250000096858 -0.0325000062585 0.31250089407
    endloop
  endfacet
  facet normal 0 1 0
    outer loop
      vertex 0.0701163113117 -0.0886008068919 0.31250089407
      vertex 0.0684120431542 -0.0729094743729 0.31250089407
      vertex 0.0250000096858 -0.0899999961257 0.31250089407
    endloop
  endfacet
  facet normal -0 1 0
    outer loop
      vertex 0.0250000096858 -0.0205000042915 0.31250089407
      vertex 0.151080027223 -0.0611098110676 0.31250089407
      vertex 0.0250000096858 -0.0164999980479 0.31250089407
    endloop
  endfacet
  facet normal -0 1 0
    outer loop
      vertex 0.0250000096858 -0.0325000062585 0.31250089407
      vertex 0.151080027223 -0.0611098110676 0.31250089407
      vertex 0.0250000096858 -0.0205000042915 0.31250089407
    endloop
  endfacet
  facet normal 0 1 0
    outer loop
      vertex 0.0684120431542 -0.0729094743729 0.31250089407
      vertex 0.151080027223 -0.0611098110676 0.31250089407
      vertex 0.0250000096858 -0.0325000062585 0.31250089407
    endloop
  endfacet
  facet normal 0 1 0
    outer loop
      vertex 0.0832454189658 -0.0745007768273 0.31250089407
      vertex 0.151080027223 -0.0611098110676 0.31250089407
      vertex 0.0684120431542 -0.0729094743729 0.31250089407
    endloop
  endfacet
  facet normal -0 1 0
    outer loop
      vertex 0.0832454189658 -0.0745007768273 0.31250089407
      vertex 0.142772302032 -0.0755460187793 0.31250089407
      vertex 0.151080027223 -0.0611098110676 0.31250089407
    endloop
  endfacet
  facet normal 0 1 0
    outer loop
      vertex 0.142772302032 -0.0755460187793 0.31250089407
      vertex 0.0832454189658 -0.0745007768273 0.31250089407
      vertex 0.0830146819353 -0.0865411683917 0.31250089407
    endloop
  endfacet
  facet normal 0 1 0
    outer loop
      vertex 0.425000011921 -0.119999997318 0.31250089407
      vertex 0.222040429711 -0.0796721503139 0.31250089407
      vertex 0.0250000096858 -0.119999997318 0.31250089407
    endloop
  endfacet
  facet normal 0 1 -0
    outer loop
      vertex 0.425000011921 -0.0899999961257 0.31250089407
      vertex 0.222040429711 -0.0796721503139 0.31250089407
      vertex 0.425000011921 -0.119999997318 0.31250089407
    endloop
  endfacet
  facet normal 0 1 -0
    outer loop
      vertex 0.388426870108 -0.0753189772367 0.31250089407
      vertex 0.222040429711 -0.0796721503139 0.31250089407
      vertex 0.425000011921 -0.0899999961257 0.31250089407
    endloop
  endfacet
  facet normal 0 1 0
    outer loop
      vertex 0.388426870108 -0.0753189772367 0.31250089407
      vertex 0.233638897538 -0.070828743279 0.31250089407
      vertex 0.222040429711 -0.0796721503139 0.31250089407
    endloop
  endfacet
  facet normal 0 1 -0
    outer loop
      vertex 0.384029090405 -0.0647018104792 0.31250089407
      vertex 0.233638897538 -0.070828743279 0.31250089407
      vertex 0.388426870108 -0.0753189772367 0.31250089407
    endloop
  endfacet
  facet normal 0 1 0
    outer loop
      vertex 0.384029090405 -0.0647018104792 0.31250089407
      vertex 0.219993323088 -0.0614702105522 0.31250089407
      vertex 0.233638897538 -0.070828743279 0.31250089407
    endloop
  endfacet
  facet normal 0 1 0
    outer loop
      vertex 0.425000011921 -0.0325000062585 0.31250089407
      vertex 0.219993323088 -0.0614702105522 0.31250089407
      vertex 0.384029090405 -0.0647018104792 0.31250089407
    endloop
  endfacet
  facet normal 0 1 -0
    outer loop
      vertex 0.425000011921 -0.0205000042915 0.31250089407
      vertex 0.219993323088 -0.0614702105522 0.31250089407
      vertex 0.425000011921 -0.0325000062585 0.31250089407
    endloop
  endfacet
  facet normal 0 1 -0
    outer loop
      vertex 0.425000011921 -0.0164999980479 0.31250089407
      vertex 0.219993323088 -0.0614702105522 0.31250089407
      vertex 0.425000011921 -0.0205000042915 0.31250089407
    endloop
  endfacet
  facet normal 0 1 0
    outer loop
      vertex 0.0250000096858 -0.0164999980479 0.31250089407
      vertex 0.219993323088 -0.0614702105522 0.31250089407
      vertex 0.425000011921 -0.0164999980479 0.31250089407
    endloop
  endfacet
  facet normal -0 1 0
    outer loop
      vertex 0.151080027223 -0.0611098110676 0.31250089407
      vertex 0.219993323088 -0.0614702105522 0.31250089407
      vertex 0.0250000096858 -0.0164999980479 0.31250089407
    endloop
  endfacet
  facet normal 0 1 0
    outer loop
      vertex 0.151080027223 -0.0611098110676 0.31250089407
      vertex 0.214570298791 -0.0713731050491 0.31250089407
      vertex 0.219993323088 -0.0614702105522 0.31250089407
    endloop
  endfacet
  facet normal 0 1 0
    outer loop
      vertex 0.158198624849 -0.0751438513398 0.31250089407
      vertex 0.214570298791 -0.0713731050491 0.31250089407
      vertex 0.151080027223 -0.0611098110676 0.31250089407
    endloop
  endfacet
  facet normal 0 1 0
    outer loop
      vertex 0.0250000096858 -0.119999997318 0.31250089407
      vertex 0.0830146819353 -0.0865411683917 0.31250089407
      vertex 0.0701163113117 -0.0886008068919 0.31250089407
    endloop
  endfacet
  facet normal 0 1 0
    outer loop
      vertex 0.0250000096858 -0.119999997318 0.31250089407
      vertex 0.142772302032 -0.0755460187793 0.31250089407
      vertex 0.0830146819353 -0.0865411683917 0.31250089407
    endloop
  endfacet
  facet normal 0 1 0
    outer loop
      vertex 0.222040429711 -0.0796721503139 0.31250089407
      vertex 0.142772302032 -0.0755460187793 0.31250089407
      vertex 0.0250000096858 -0.119999997318 0.31250089407
    endloop
  endfacet
  facet normal 0 1 0
    outer loop
      vertex 0.222040429711 -0.0796721503139 0.31250089407
      vertex 0.158198624849 -0.0751438513398 0.31250089407
      vertex 0.142772302032 -0.0755460187793 0.31250089407
    endloop
  endfacet
  facet normal 0 1 -0
    outer loop
      vertex 0.214570298791 -0.0713731050491 0.31250089407
      vertex 0.158198624849 -0.0751438513398 0.31250089407
      vertex 0.222040429711 -0.0796721503139 0.31250089407
    endloop
  endfacet
  facet normal 0.0583403147757 -0.998234450817 0.0111509757116
    outer loop
      vertex 0.425000011921 -0.0899999961257 0.287500977516
      vertex 0.39311850071 -0.0749225318432 0.285469293594
      vertex 0.395159363747 -0.0642450675368 0.285469293594
    endloop
  endfacet
  facet normal -0.312206864357 -0.595284283161 0.740380644798
    outer loop
      vertex 0.384378999472 -0.0720540136099 0.28648519516
      vertex 0.39311850071 -0.0749225318432 0.285469293594
      vertex 0.425000011921 -0.0899999961257 0.287500977516
    endloop
  endfacet
  facet normal 0.00821077823639 -0.999094128609 -0.0417554043233
    outer loop
      vertex 0.425000011921 -0.0215000007302 0.287500977516
      vertex 0.395159363747 -0.0642450675368 0.285469293594
      vertex 0.385995000601 -0.0624429881573 0.285469293594
    endloop
  endfacet
  facet normal 0 -1 0
    outer loop
      vertex 0.0645702928305 -0.081373102963 0.287500977516
      vertex 0.0781430900097 -0.0877512767911 0.287500977516
      vertex 0.0250000096858 -0.0899999961257 0.287500977516
    endloop
  endfacet
  facet normal 0 -1 0
    outer loop
      vertex 0.0781430900097 -0.0877512767911 0.287500977516
      vertex 0.141361102462 -0.070828743279 0.287500977516
      vertex 0.155143842101 -0.0781986415386 0.287500977516
    endloop
  endfacet
  facet normal 0 -1 0
    outer loop
      vertex 0.0832454189658 -0.0745007768273 0.287500977516
      vertex 0.141361102462 -0.070828743279 0.287500977516
      vertex 0.0781430900097 -0.0877512767911 0.287500977516
    endloop
  endfacet
  facet normal -0 -1 0
    outer loop
      vertex 0.141361102462 -0.070828743279 0.287500977516
      vertex 0.0832454189658 -0.0745007768273 0.287500977516
      vertex 0.0707560703158 -0.0705654546618 0.287500977516
    endloop
  endfacet
  facet normal -0.012393726036 -0.998040437698 -0.0613323375583
    outer loop
      vertex 0.385995000601 -0.0624429881573 0.285469293594
      vertex 0.219962835312 -0.0629328638315 0.287500977516
      vertex 0.425000011921 -0.0215000007302 0.287500977516
    endloop
  endfacet
  facet normal -0.0121720023453 -0.999710738659 0.0207423437387
    outer loop
      vertex 0.385995000601 -0.0624429881573 0.285469293594
      vertex 0.234032392502 -0.0711891427636 0.287500977516
      vertex 0.219962835312 -0.0629328638315 0.287500977516
    endloop
  endfacet
  facet normal -0.00731734046713 -0.994561374187 0.103894889355
    outer loop
      vertex 0.384378999472 -0.0720540136099 0.28648519516
      vertex 0.234032392502 -0.0711891427636 0.287500977516
      vertex 0.385995000601 -0.0624429881573 0.285469293594
    endloop
  endfacet
  facet normal -0.00668495986611 -0.999901890755 -0.01230877731
    outer loop
      vertex 0.220471695065 -0.0785540193319 0.287500977516
      vertex 0.234032392502 -0.0711891427636 0.287500977516
      vertex 0.384378999472 -0.0720540136099 0.28648519516
    endloop
  endfacet
  facet normal 0 -1 0
    outer loop
      vertex 0.155143842101 -0.0781986415386 0.287500977516
      vertex 0.219962835312 -0.0629328638315 0.287500977516
      vertex 0.220471695065 -0.0785540193319 0.287500977516
    endloop
  endfacet
  facet normal 0 -1 0
    outer loop
      vertex 0.155546009541 -0.0627722963691 0.287500977516
      vertex 0.219962835312 -0.0629328638315 0.287500977516
      vertex 0.155143842101 -0.0781986415386 0.287500977516
    endloop
  endfacet
  facet normal 0 -1 -0
    outer loop
      vertex 0.155546009541 -0.0627722963691 0.287500977516
      vertex 0.0250000096858 -0.0215000007302 0.287500977516
      vertex 0.219962835312 -0.0629328638315 0.287500977516
    endloop
  endfacet
  facet normal 0 -1 0
    outer loop
      vertex 0.0707560703158 -0.0705654546618 0.287500977516
      vertex 0.155546009541 -0.0627722963691 0.287500977516
      vertex 0.141361102462 -0.070828743279 0.287500977516
    endloop
  endfacet
  facet normal 0 -1 0
    outer loop
      vertex 0.0250000096858 -0.0215000007302 0.287500977516
      vertex 0.155546009541 -0.0627722963691 0.287500977516
      vertex 0.0707560703158 -0.0705654546618 0.287500977516
    endloop
  endfacet
  facet normal 0 -1 0
    outer loop
      vertex 0.0250000096858 -0.0899999961257 0.287500977516
      vertex 0.0707560703158 -0.0705654546618 0.287500977516
      vertex 0.0645702928305 -0.081373102963 0.287500977516
    endloop
  endfacet
  facet normal 0 -1 0
    outer loop
      vertex 0.0250000096858 -0.0215000007302 0.287500977516
      vertex 0.0707560703158 -0.0705654546618 0.287500977516
      vertex 0.0250000096858 -0.0899999961257 0.287500977516
    endloop
  endfacet
  facet normal 0 -1 0
    outer loop
      vertex 0.0250000096858 -0.0899999961257 0.287500977516
      vertex 0.0781430900097 -0.0877512767911 0.287500977516
      vertex 0.0250000096858 -0.119999997318 0.287500977516
    endloop
  endfacet
  facet normal 0 -1 0
    outer loop
      vertex 0.155143842101 -0.0781986415386 0.287500977516
      vertex 0.0250000096858 -0.119999997318 0.287500977516
      vertex 0.0781430900097 -0.0877512767911 0.287500977516
    endloop
  endfacet
  facet normal -0 -1 0
    outer loop
      vertex 0.220471695065 -0.0785540193319 0.287500977516
      vertex 0.0250000096858 -0.119999997318 0.287500977516
      vertex 0.155143842101 -0.0781986415386 0.287500977516
    endloop
  endfacet
  facet normal 0 -1 0
    outer loop
      vertex 0.220471695065 -0.0785540193319 0.287500977516
      vertex 0.425000011921 -0.119999997318 0.287500977516
      vertex 0.0250000096858 -0.119999997318 0.287500977516
    endloop
  endfacet
  facet normal -0.00361953466199 -0.997899651527 0.0646775439382
    outer loop
      vertex 0.425000011921 -0.0899999961257 0.287500977516
      vertex 0.220471695065 -0.0785540193319 0.287500977516
      vertex 0.384378999472 -0.0720540136099 0.28648519516
    endloop
  endfacet
  facet normal 0 -1 -0
    outer loop
      vertex 0.425000011921 -0.119999997318 0.287500977516
      vertex 0.220471695065 -0.0785540193319 0.287500977516
      vertex 0.425000011921 -0.0899999961257 0.287500977516
    endloop
  endfacet
  facet normal 0.0679274722934 -0.99769026041 0
    outer loop
      vertex 0.425000011921 -0.0899999961257 0.287500977516
      vertex 0.395159363747 -0.0642450675368 0.285469293594
      vertex 0.425000011921 -0.0215000007302 0.287500977516
    endloop
  endfacet
  facet normal 0 -1 0
    outer loop
      vertex 0.0250000096858 -0.0215000007302 0.287500977516
      vertex 0.425000011921 -0.0215000007302 0.287500977516
      vertex 0.219962835312 -0.0629328638315 0.287500977516
    endloop
  endfacet
  facet normal -1 0 0
    outer loop
      vertex 0.0250000096858 -0.0215000007302 0.287500977516
      vertex 0.0250000096858 -0.0205000042915 0.31250089407
      vertex 0.0250000096858 -0.0164999980479 0.31250089407
    endloop
  endfacet
  facet normal 0 0 1
    outer loop
      vertex 0.0250000096858 -0.119999997318 0.6125010252
      vertex 0.0250000096858 -0.119999997318 0.587500989437
      vertex 0.098455876112 -0.119999997318 0.587500989437
    endloop
  endfacet
  facet normal 0 0 1
    outer loop
      vertex 0.351544141769 -0.119999997318 0.587500989437
      vertex 0.0250000096858 -0.119999997318 0.6125010252
      vertex 0.098455876112 -0.119999997318 0.587500989437
    endloop
  endfacet
  facet normal 0 0 1
    outer loop
      vertex 0.425000011921 -0.119999997318 0.6125010252
      vertex 0.0250000096858 -0.119999997318 0.6125010252
      vertex 0.351544141769 -0.119999997318 0.587500989437
    endloop
  endfacet
  facet normal 0 0 1
    outer loop
      vertex 0.425000011921 -0.119999997318 0.6125010252
      vertex 0.351544141769 -0.119999997318 0.587500989437
      vertex 0.425000011921 -0.119999997318 0.587500989437
    endloop
  endfacet
  facet normal 0 0 -1
    outer loop
      vertex 0.0943528041244 -0.0164999980479 0.587500989437
      vertex 0.0250000096858 -0.0164999980479 0.587500989437
      vertex 0.0250000096858 -0.0164999980479 0.6125010252
    endloop
  endfacet
  facet normal 0 -0 -1
    outer loop
      vertex 0.0943528041244 -0.0164999980479 0.587500989437
      vertex 0.102558963001 -0.0164999980479 0.587500989437
      vertex 0.0250000096858 -0.0164999980479 0.508774518967
    endloop
  endfacet
  facet normal 0 0 -1
    outer loop
      vertex 0.0250000096858 -0.0164999980479 0.6125010252
      vertex 0.102558963001 -0.0164999980479 0.587500989437
      vertex 0.0943528041244 -0.0164999980479 0.587500989437
    endloop
  endfacet
  facet normal 0 0 -1
    outer loop
      vertex 0.0250000096858 -0.0164999980479 0.6125010252
      vertex 0.34744104743 -0.0164999980479 0.587500989437
      vertex 0.102558963001 -0.0164999980479 0.587500989437
    endloop
  endfacet
  facet normal -0 0 -1
    outer loop
      vertex 0.425000011921 -0.0164999980479 0.600001037121
      vertex 0.34744104743 -0.0164999980479 0.587500989437
      vertex 0.0250000096858 -0.0164999980479 0.6125010252
    endloop
  endfacet
  facet normal 0 0 -1
    outer loop
      vertex 0.355647206306 -0.0164999980479 0.587500989437
      vertex 0.34744104743 -0.0164999980479 0.587500989437
      vertex 0.425000011921 -0.0164999980479 0.600001037121
    endloop
  endfacet
  facet normal 0 0 -1
    outer loop
      vertex 0.425000011921 -0.0164999980479 0.508774518967
      vertex 0.34744104743 -0.0164999980479 0.587500989437
      vertex 0.355647206306 -0.0164999980479 0.587500989437
    endloop
  endfacet
  facet normal -0.743710517883 -0.66785132885 0.0294831711799
    outer loop
      vertex 0.425000011921 -0.0899999961257 0.504377067089
      vertex 0.351544141769 -0.119999997318 0.587500989437
      vertex 0.34744104743 -0.0164999980479 0.587500989437
    endloop
  endfacet
  facet normal -0.727529108524 -0.678822815418 0.0995036959648
    outer loop
      vertex 0.425000011921 -0.119999997318 0.508774518967
      vertex 0.351544141769 -0.119999997318 0.587500989437
      vertex 0.425000011921 -0.0899999961257 0.504377067089
    endloop
  endfacet
  facet normal -0.705818414688 -0.706330180168 -0.0540186911821
    outer loop
      vertex 0.34744104743 -0.0164999980479 0.587500989437
      vertex 0.425000011921 -0.0325000062585 0.508774518967
      vertex 0.425000011921 -0.0899999961257 0.504377067089
    endloop
  endfacet
  facet normal -0.715460062027 -0.655993819237 0.240393355489
    outer loop
      vertex 0.34744104743 -0.0164999980479 0.587500989437
      vertex 0.425000011921 -0.0205000042915 0.504377067089
      vertex 0.425000011921 -0.0325000062585 0.508774518967
    endloop
  endfacet
  facet normal -0.564010024071 -0.555646181107 -0.610860049725
    outer loop
      vertex 0.425000011921 -0.0164999980479 0.508774518967
      vertex 0.425000011921 -0.0205000042915 0.504377067089
      vertex 0.34744104743 -0.0164999980479 0.587500989437
    endloop
  endfacet
  facet normal 0.727529108524 0.678822815418 0.0995036959648
    outer loop
      vertex 0.425000011921 -0.0899999961257 0.513172030449
      vertex 0.351544141769 -0.119999997318 0.587500989437
      vertex 0.425000011921 -0.119999997318 0.508774518967
    endloop
  endfacet
  facet normal 0.716694176197 0.696808576584 0.0284120831639
    outer loop
      vertex 0.425000011921 -0.0899999961257 0.513172030449
      vertex 0.355647206306 -0.0164999980479 0.587500989437
      vertex 0.351544141769 -0.119999997318 0.587500989437
    endloop
  endfacet
  facet normal 0.754448831081 0.654447734356 -0.0500508286059
    outer loop
      vertex 0.425000011921 -0.0325000062585 0.508774518967
      vertex 0.355647206306 -0.0164999980479 0.587500989437
      vertex 0.425000011921 -0.0899999961257 0.513172030449
    endloop
  endfacet
  facet normal 0.702272415161 0.668439209461 0.244954049587
    outer loop
      vertex 0.425000011921 -0.0205000042915 0.513172030449
      vertex 0.355647206306 -0.0164999980479 0.587500989437
      vertex 0.425000011921 -0.0325000062585 0.508774518967
    endloop
  endfacet
  facet normal 0.60701084137 0.534736692905 -0.587872862816
    outer loop
      vertex 0.425000011921 -0.0164999980479 0.508774518967
      vertex 0.355647206306 -0.0164999980479 0.587500989437
      vertex 0.425000011921 -0.0205000042915 0.513172030449
    endloop
  endfacet
  facet normal -1 0 0
    outer loop
      vertex 0.0250000096858 -0.0325000062585 0.504377067089
      vertex 0.0250000096858 -0.0899999961257 0.513172030449
      vertex 0.0250000096858 -0.0325000062585 0.513172030449
    endloop
  endfacet
  facet normal -1 0 0
    outer loop
      vertex 0.0250000096858 -0.0899999961257 0.504377067089
      vertex 0.0250000096858 -0.0899999961257 0.513172030449
      vertex 0.0250000096858 -0.0325000062585 0.504377067089
    endloop
  endfacet
  facet normal 0.727529168129 -0.678822696209 0.0995036810637
    outer loop
      vertex 0.0250000096858 -0.0899999961257 0.504377067089
      vertex 0.098455876112 -0.119999997318 0.587500989437
      vertex 0.0250000096858 -0.119999997318 0.508774518967
    endloop
  endfacet
  facet normal 0.743710637093 -0.667851209641 0.0294831749052
    outer loop
      vertex 0.0250000096858 -0.0899999961257 0.504377067089
      vertex 0.102558963001 -0.0164999980479 0.587500989437
      vertex 0.098455876112 -0.119999997318 0.587500989437
    endloop
  endfacet
  facet normal 0.731157779694 -0.682208418846 0
    outer loop
      vertex 0.0250000096858 -0.0325000062585 0.504377067089
      vertex 0.102558963001 -0.0164999980479 0.587500989437
      vertex 0.0250000096858 -0.0899999961257 0.504377067089
    endloop
  endfacet
  facet normal 0.683096468449 -0.685734331608 -0.251291960478
    outer loop
      vertex 0.0250000096858 -0.0205000042915 0.508774518967
      vertex 0.102558963001 -0.0164999980479 0.587500989437
      vertex 0.0250000096858 -0.0325000062585 0.504377067089
    endloop
  endfacet
  facet normal 0.712369084358 -0.701804995537 0
    outer loop
      vertex 0.0250000096858 -0.0164999980479 0.508774518967
      vertex 0.102558963001 -0.0164999980479 0.587500989437
      vertex 0.0250000096858 -0.0205000042915 0.508774518967
    endloop
  endfacet
  facet normal -0.716694295406 0.696808457375 0.0284120868891
    outer loop
      vertex 0.0250000096858 -0.0899999961257 0.513172030449
      vertex 0.098455876112 -0.119999997318 0.587500989437
      vertex 0.0943528041244 -0.0164999980479 0.587500989437
    endloop
  endfacet
  facet normal -0.727529168129 0.678822696209 0.0995036810637
    outer loop
      vertex 0.0250000096858 -0.119999997318 0.508774518967
      vertex 0.098455876112 -0.119999997318 0.587500989437
      vertex 0.0250000096858 -0.0899999961257 0.513172030449
    endloop
  endfacet
  facet normal -0.731157779694 0.682208418846 0
    outer loop
      vertex 0.0943528041244 -0.0164999980479 0.587500989437
      vertex 0.0250000096858 -0.0325000062585 0.513172030449
      vertex 0.0250000096858 -0.0899999961257 0.513172030449
    endloop
  endfacet
  facet normal -0.735537946224 0.63611638546 -0.233109131455
    outer loop
      vertex 0.0943528041244 -0.0164999980479 0.587500989437
      vertex 0.0250000096858 -0.0205000042915 0.508774518967
      vertex 0.0250000096858 -0.0325000062585 0.513172030449
    endloop
  endfacet
  facet normal -0.750365793705 0.661022782326 0
    outer loop
      vertex 0.0250000096858 -0.0164999980479 0.508774518967
      vertex 0.0250000096858 -0.0205000042915 0.508774518967
      vertex 0.0943528041244 -0.0164999980479 0.587500989437
    endloop
  endfacet
  facet normal -1 0 0
    outer loop
      vertex 0.0250000096858 -0.0325000062585 0.587500989437
      vertex 0.0250000096858 -0.0899999961257 0.6125010252
      vertex 0.0250000096858 -0.0325000062585 0.6125010252
    endloop
  endfacet
  facet normal -1 0 0
    outer loop
      vertex 0.0250000096858 -0.0899999961257 0.587500989437
      vertex 0.0250000096858 -0.0899999961257 0.6125010252
      vertex 0.0250000096858 -0.0325000062585 0.587500989437
    endloop
  endfacet
  facet normal 0.682260274887 -0.032758846879 0.730375051498
    outer loop
      vertex 0.0758618116379 -0.0708254352212 0.587500989437
      vertex 0.0659676119685 -0.0811891406775 0.6125010252
      vertex 0.0645702928305 -0.081373102963 0.587500989437
    endloop
  endfacet
  facet normal 0.721637129784 -0.00137852295302 0.692270159721
    outer loop
      vertex 0.0758618116379 -0.0708254352212 0.587500989437
      vertex 0.0762553066015 -0.0704650357366 0.6125010252
      vertex 0.0659676119685 -0.0811891406775 0.6125010252
    endloop
  endfacet
  facet normal -0.684671401978 0.021279040724 0.728541195393
    outer loop
      vertex 0.0758618116379 -0.0708254352212 0.587500989437
      vertex 0.08529253304 -0.0789580792189 0.6125010252
      vertex 0.0762553066015 -0.0704650357366 0.6125010252
    endloop
  endfacet
  facet normal -0.77879178524 0.0919268801808 0.620510101318
    outer loop
      vertex 0.0847189351916 -0.081941857934 0.587500989437
      vertex 0.08529253304 -0.0789580792189 0.6125010252
      vertex 0.0758618116379 -0.0708254352212 0.587500989437
    endloop
  endfacet
  facet normal -0.80433267355 -0.0521874837577 -0.591882944107
    outer loop
      vertex 0.0847189351916 -0.081941857934 0.587500989437
      vertex 0.0772730112076 -0.0898561105132 0.6125010252
      vertex 0.08529253304 -0.0789580792189 0.6125010252
    endloop
  endfacet
  facet normal -0.520485043526 0.112916000187 -0.84637182951
    outer loop
      vertex 0.0723716020584 -0.0895349830389 0.587500989437
      vertex 0.0772730112076 -0.0898561105132 0.6125010252
      vertex 0.0847189351916 -0.081941857934 0.587500989437
    endloop
  endfacet
  facet normal 0.604821145535 -0.108444653451 -0.788943052292
    outer loop
      vertex 0.0723716020584 -0.0895349830389 0.587500989437
      vertex 0.0659676119685 -0.0811891406775 0.6125010252
      vertex 0.0772730112076 -0.0898561105132 0.6125010252
    endloop
  endfacet
  facet normal 0.722147583961 -0.0454417653382 -0.690244853497
    outer loop
      vertex 0.0645702928305 -0.081373102963 0.587500989437
      vertex 0.0659676119685 -0.0811891406775 0.6125010252
      vertex 0.0723716020584 -0.0895349830389 0.587500989437
    endloop
  endfacet
  facet normal 0.952168762684 0.117866620421 0.281925618649
    outer loop
      vertex 0.147153392434 -0.0607494115829 0.587500989437
      vertex 0.140967622399 -0.0711891427636 0.6125010252
      vertex 0.142772302032 -0.0755460187793 0.587500989437
    endloop
  endfacet
  facet normal 0.699698150158 -0.120910979807 0.704132795334
    outer loop
      vertex 0.147153392434 -0.0607494115829 0.587500989437
      vertex 0.151473522186 -0.0607494115829 0.6125010252
      vertex 0.140967622399 -0.0711891427636 0.6125010252
    endloop
  endfacet
  facet normal -0.71018654108 0.122723422945 0.693234443665
    outer loop
      vertex 0.158130049706 -0.0719944834709 0.587500989437
      vertex 0.151473522186 -0.0607494115829 0.6125010252
      vertex 0.147153392434 -0.0607494115829 0.587500989437
    endloop
  endfacet
  facet normal -0.94417142868 -0.112038597465 0.309818774462
    outer loop
      vertex 0.158130049706 -0.0719944834709 0.587500989437
      vertex 0.156351357698 -0.0756146088243 0.6125010252
      vertex 0.151473522186 -0.0607494115829 0.6125010252
    endloop
  endfacet
  facet normal -0.223566308618 0.124084785581 -0.966758012772
    outer loop
      vertex 0.142772302032 -0.0755460187793 0.587500989437
      vertex 0.156351357698 -0.0756146088243 0.6125010252
      vertex 0.158130049706 -0.0719944834709 0.587500989437
    endloop
  endfacet
  facet normal 0.273499667645 -0.145946025848 -0.950735330582
    outer loop
      vertex 0.142772302032 -0.0755460187793 0.587500989437
      vertex 0.140967622399 -0.0711891427636 0.6125010252
      vertex 0.156351357698 -0.0756146088243 0.6125010252
    endloop
  endfacet
  facet normal 0.586669504642 -0.114994198084 0.801620364189
    outer loop
      vertex 0.219962835312 -0.0629328638315 0.587500989437
      vertex 0.227846607566 -0.0607494115829 0.6125010252
      vertex 0.21510964632 -0.0700710117817 0.6125010252
    endloop
  endfacet
  facet normal -0.515432298183 0.234526544809 0.82421284914
    outer loop
      vertex 0.233559027314 -0.0714354217052 0.587500989437
      vertex 0.227846607566 -0.0607494115829 0.6125010252
      vertex 0.219962835312 -0.0629328638315 0.587500989437
    endloop
  endfacet
  facet normal -0.927568554878 -0.0539026334882 0.36974465847
    outer loop
      vertex 0.233559027314 -0.0714354217052 0.587500989437
      vertex 0.233529791236 -0.0750066787004 0.6125010252
      vertex 0.227846607566 -0.0607494115829 0.6125010252
    endloop
  endfacet
  facet normal -0.451364606619 0.125672325492 -0.883445799351
    outer loop
      vertex 0.233559027314 -0.0714354217052 0.587500989437
      vertex 0.223342522979 -0.0802114978433 0.6125010252
      vertex 0.233529791236 -0.0750066787004 0.6125010252
    endloop
  endfacet
  facet normal -0.326723575592 0.191384762526 -0.92553961277
    outer loop
      vertex 0.217956259847 -0.0769433379173 0.587500989437
      vertex 0.223342522979 -0.0802114978433 0.6125010252
      vertex 0.233559027314 -0.0714354217052 0.587500989437
    endloop
  endfacet
  facet normal 0.773567914963 -0.0845633968711 -0.628045976162
    outer loop
      vertex 0.217956259847 -0.0769433379173 0.587500989437
      vertex 0.21510964632 -0.0700710117817 0.6125010252
      vertex 0.223342522979 -0.0802114978433 0.6125010252
    endloop
  endfacet
  facet normal 0.978703737259 0.149970918894 0.140170484781
    outer loop
      vertex 0.219962835312 -0.0629328638315 0.587500989437
      vertex 0.21510964632 -0.0700710117817 0.6125010252
      vertex 0.217956259847 -0.0769433379173 0.587500989437
    endloop
  endfacet
  facet normal 0 1 0
    outer loop
      vertex 0.425000011921 -0.0899999961257 0.6125010252
      vertex 0.233529791236 -0.0750066787004 0.6125010252
      vertex 0.223342522979 -0.0802114978433 0.6125010252
    endloop
  endfacet
  facet normal 0 1 -0
    outer loop
      vertex 0.21510964632 -0.0700710117817 0.6125010252
      vertex 0.156351357698 -0.0756146088243 0.6125010252
      vertex 0.223342522979 -0.0802114978433 0.6125010252
    endloop
  endfacet
  facet normal 0 1 0
    outer loop
      vertex 0.21510964632 -0.0700710117817 0.6125010252
      vertex 0.151473522186 -0.0607494115829 0.6125010252
      vertex 0.156351357698 -0.0756146088243 0.6125010252
    endloop
  endfacet
  facet normal 0 1 0
    outer loop
      vertex 0.227846607566 -0.0607494115829 0.6125010252
      vertex 0.151473522186 -0.0607494115829 0.6125010252
      vertex 0.21510964632 -0.0700710117817 0.6125010252
    endloop
  endfacet
  facet normal -0 1 0
    outer loop
      vertex 0.0762553066015 -0.0704650357366 0.6125010252
      vertex 0.140967622399 -0.0711891427636 0.6125010252
      vertex 0.151473522186 -0.0607494115829 0.6125010252
    endloop
  endfacet
  facet normal 0 1 0
    outer loop
      vertex 0.0250000096858 -0.0325000062585 0.6125010252
      vertex 0.0762553066015 -0.0704650357366 0.6125010252
      vertex 0.151473522186 -0.0607494115829 0.6125010252
    endloop
  endfacet
  facet normal 0 1 0
    outer loop
      vertex 0.0250000096858 -0.0899999961257 0.6125010252
      vertex 0.0772730112076 -0.0898561105132 0.6125010252
      vertex 0.0659676119685 -0.0811891406775 0.6125010252
    endloop
  endfacet
  facet normal 0 1 0
    outer loop
      vertex 0.0250000096858 -0.119999997318 0.6125010252
      vertex 0.0772730112076 -0.0898561105132 0.6125010252
      vertex 0.0250000096858 -0.0899999961257 0.6125010252
    endloop
  endfacet
  facet normal 0 1 0
    outer loop
      vertex 0.0250000096858 -0.0325000062585 0.6125010252
      vertex 0.0659676119685 -0.0811891406775 0.6125010252
      vertex 0.0762553066015 -0.0704650357366 0.6125010252
    endloop
  endfacet
  facet normal 0 1 0
    outer loop
      vertex 0.0250000096858 -0.0899999961257 0.6125010252
      vertex 0.0659676119685 -0.0811891406775 0.6125010252
      vertex 0.0250000096858 -0.0325000062585 0.6125010252
    endloop
  endfacet
  facet normal 0 1 0
    outer loop
      vertex 0.151473522186 -0.0607494115829 0.6125010252
      vertex 0.0250000096858 -0.0205000042915 0.6125010252
      vertex 0.0250000096858 -0.0325000062585 0.6125010252
    endloop
  endfacet
  facet normal 0 1 0
    outer loop
      vertex 0.151473522186 -0.0607494115829 0.6125010252
      vertex 0.0250000096858 -0.0164999980479 0.6125010252
      vertex 0.0250000096858 -0.0205000042915 0.6125010252
    endloop
  endfacet
  facet normal 0 1 0
    outer loop
      vertex 0.227846607566 -0.0607494115829 0.6125010252
      vertex 0.0250000096858 -0.0164999980479 0.6125010252
      vertex 0.151473522186 -0.0607494115829 0.6125010252
    endloop
  endfacet
  facet normal 0.0309194847941 0.989420890808 -0.141740009189
    outer loop
      vertex 0.227846607566 -0.0607494115829 0.6125010252
      vertex 0.425000011921 -0.0164999980479 0.600001037121
      vertex 0.0250000096858 -0.0164999980479 0.6125010252
    endloop
  endfacet
  facet normal -0.190865471959 0.299172490835 -0.934915065765
    outer loop
      vertex 0.425000011921 -0.0205000042915 0.6125010252
      vertex 0.425000011921 -0.0164999980479 0.600001037121
      vertex 0.227846607566 -0.0607494115829 0.6125010252
    endloop
  endfacet
  facet normal 0 1 -0
    outer loop
      vertex 0.425000011921 -0.0205000042915 0.6125010252
      vertex 0.227846607566 -0.0607494115829 0.6125010252
      vertex 0.425000011921 -0.0325000062585 0.6125010252
    endloop
  endfacet
  facet normal 0 1 0
    outer loop
      vertex 0.425000011921 -0.0899999961257 0.6125010252
      vertex 0.227846607566 -0.0607494115829 0.6125010252
      vertex 0.233529791236 -0.0750066787004 0.6125010252
    endloop
  endfacet
  facet normal 0 1 -0
    outer loop
      vertex 0.425000011921 -0.0325000062585 0.6125010252
      vertex 0.227846607566 -0.0607494115829 0.6125010252
      vertex 0.425000011921 -0.0899999961257 0.6125010252
    endloop
  endfacet
  facet normal 0 1 0
    outer loop
      vertex 0.08529253304 -0.0789580792189 0.6125010252
      vertex 0.140967622399 -0.0711891427636 0.6125010252
      vertex 0.0762553066015 -0.0704650357366 0.6125010252
    endloop
  endfacet
  facet normal 0 1 0
    outer loop
      vertex 0.08529253304 -0.0789580792189 0.6125010252
      vertex 0.156351357698 -0.0756146088243 0.6125010252
      vertex 0.140967622399 -0.0711891427636 0.6125010252
    endloop
  endfacet
  facet normal 0 1 0
    outer loop
      vertex 0.0772730112076 -0.0898561105132 0.6125010252
      vertex 0.156351357698 -0.0756146088243 0.6125010252
      vertex 0.08529253304 -0.0789580792189 0.6125010252
    endloop
  endfacet
  facet normal 0 1 0
    outer loop
      vertex 0.0250000096858 -0.119999997318 0.6125010252
      vertex 0.156351357698 -0.0756146088243 0.6125010252
      vertex 0.0772730112076 -0.0898561105132 0.6125010252
    endloop
  endfacet
  facet normal 0 1 0
    outer loop
      vertex 0.0250000096858 -0.119999997318 0.6125010252
      vertex 0.223342522979 -0.0802114978433 0.6125010252
      vertex 0.156351357698 -0.0756146088243 0.6125010252
    endloop
  endfacet
  facet normal 0 1 0
    outer loop
      vertex 0.425000011921 -0.119999997318 0.6125010252
      vertex 0.223342522979 -0.0802114978433 0.6125010252
      vertex 0.0250000096858 -0.119999997318 0.6125010252
    endloop
  endfacet
  facet normal 0 1 -0
    outer loop
      vertex 0.425000011921 -0.0899999961257 0.6125010252
      vertex 0.223342522979 -0.0802114978433 0.6125010252
      vertex 0.425000011921 -0.119999997318 0.6125010252
    endloop
  endfacet
  facet normal 0.0548495091498 -0.304316610098 -0.950990498066
    outer loop
      vertex 0.425000011921 -0.0205000042915 0.587500989437
      vertex 0.355647206306 -0.0164999980479 0.587500989437
      vertex 0.425000011921 -0.0164999980479 0.600001037121
    endloop
  endfacet
  facet normal 0 -1 -0
    outer loop
      vertex 0.425000011921 -0.0325000062585 0.587500989437
      vertex 0.355647206306 -0.0164999980479 0.587500989437
      vertex 0.425000011921 -0.0205000042915 0.587500989437
    endloop
  endfacet
  facet normal 0 -1 -0
    outer loop
      vertex 0.425000011921 -0.0899999961257 0.587500989437
      vertex 0.355647206306 -0.0164999980479 0.587500989437
      vertex 0.425000011921 -0.0325000062585 0.587500989437
    endloop
  endfacet
  facet normal -0 -1 0
    outer loop
      vertex 0.425000011921 -0.0899999961257 0.587500989437
      vertex 0.351544141769 -0.119999997318 0.587500989437
      vertex 0.355647206306 -0.0164999980479 0.587500989437
    endloop
  endfacet
  facet normal -0 -1 -0
    outer loop
      vertex 0.425000011921 -0.119999997318 0.587500989437
      vertex 0.351544141769 -0.119999997318 0.587500989437
      vertex 0.425000011921 -0.0899999961257 0.587500989437
    endloop
  endfacet
  facet normal -0 -1 0
    outer loop
      vertex 0.0758618116379 -0.0708254352212 0.587500989437
      vertex 0.0645702928305 -0.081373102963 0.587500989437
      vertex 0.0250000096858 -0.0325000062585 0.587500989437
    endloop
  endfacet
  facet normal 0 -1 -0
    outer loop
      vertex 0.0847189351916 -0.081941857934 0.587500989437
      vertex 0.0758618116379 -0.0708254352212 0.587500989437
      vertex 0.0943528041244 -0.0164999980479 0.587500989437
    endloop
  endfacet
  facet normal 0 -1 0
    outer loop
      vertex 0.098455876112 -0.119999997318 0.587500989437
      vertex 0.0723716020584 -0.0895349830389 0.587500989437
      vertex 0.0847189351916 -0.081941857934 0.587500989437
    endloop
  endfacet
  facet normal 0 -1 0
    outer loop
      vertex 0.0250000096858 -0.0205000042915 0.587500989437
      vertex 0.0943528041244 -0.0164999980479 0.587500989437
      vertex 0.0758618116379 -0.0708254352212 0.587500989437
    endloop
  endfacet
  facet normal 0 -1 0
    outer loop
      vertex 0.0250000096858 -0.0164999980479 0.587500989437
      vertex 0.0943528041244 -0.0164999980479 0.587500989437
      vertex 0.0250000096858 -0.0205000042915 0.587500989437
    endloop
  endfacet
  facet normal 0 -1 0
    outer loop
      vertex 0.0250000096858 -0.0205000042915 0.587500989437
      vertex 0.0758618116379 -0.0708254352212 0.587500989437
      vertex 0.0250000096858 -0.0325000062585 0.587500989437
    endloop
  endfacet
  facet normal 0 -1 0
    outer loop
      vertex 0.0250000096858 -0.0325000062585 0.587500989437
      vertex 0.0645702928305 -0.081373102963 0.587500989437
      vertex 0.0250000096858 -0.0899999961257 0.587500989437
    endloop
  endfacet
  facet normal 0 -1 0
    outer loop
      vertex 0.0250000096858 -0.119999997318 0.587500989437
      vertex 0.0645702928305 -0.081373102963 0.587500989437
      vertex 0.0723716020584 -0.0895349830389 0.587500989437
    endloop
  endfacet
  facet normal 0 -1 0
    outer loop
      vertex 0.0250000096858 -0.0899999961257 0.587500989437
      vertex 0.0645702928305 -0.081373102963 0.587500989437
      vertex 0.0250000096858 -0.119999997318 0.587500989437
    endloop
  endfacet
  facet normal 0 -1 0
    outer loop
      vertex 0.0250000096858 -0.119999997318 0.587500989437
      vertex 0.0723716020584 -0.0895349830389 0.587500989437
      vertex 0.098455876112 -0.119999997318 0.587500989437
    endloop
  endfacet
  facet normal 0 -1 0
    outer loop
      vertex 0.098455876112 -0.119999997318 0.587500989437
      vertex 0.0847189351916 -0.081941857934 0.587500989437
      vertex 0.0943528041244 -0.0164999980479 0.587500989437
    endloop
  endfacet
  facet normal 0 -1 0
    outer loop
      vertex 0.34744104743 -0.0164999980479 0.587500989437
      vertex 0.219962835312 -0.0629328638315 0.587500989437
      vertex 0.102558963001 -0.0164999980479 0.587500989437
    endloop
  endfacet
  facet normal 0 -1 0
    outer loop
      vertex 0.34744104743 -0.0164999980479 0.587500989437
      vertex 0.233559027314 -0.0714354217052 0.587500989437
      vertex 0.219962835312 -0.0629328638315 0.587500989437
    endloop
  endfacet
  facet normal 0 -1 0
    outer loop
      vertex 0.351544141769 -0.119999997318 0.587500989437
      vertex 0.233559027314 -0.0714354217052 0.587500989437
      vertex 0.34744104743 -0.0164999980479 0.587500989437
    endloop
  endfacet
  facet normal 0 -1 0
    outer loop
      vertex 0.098455876112 -0.119999997318 0.587500989437
      vertex 0.142772302032 -0.0755460187793 0.587500989437
      vertex 0.158130049706 -0.0719944834709 0.587500989437
    endloop
  endfacet
  facet normal 0 -1 0
    outer loop
      vertex 0.351544141769 -0.119999997318 0.587500989437
      vertex 0.217956259847 -0.0769433379173 0.587500989437
      vertex 0.233559027314 -0.0714354217052 0.587500989437
    endloop
  endfacet
  facet normal 0 -1 0
    outer loop
      vertex 0.098455876112 -0.119999997318 0.587500989437
      vertex 0.217956259847 -0.0769433379173 0.587500989437
      vertex 0.351544141769 -0.119999997318 0.587500989437
    endloop
  endfacet
  facet normal 0 -1 0
    outer loop
      vertex 0.158130049706 -0.0719944834709 0.587500989437
      vertex 0.217956259847 -0.0769433379173 0.587500989437
      vertex 0.098455876112 -0.119999997318 0.587500989437
    endloop
  endfacet
  facet normal 0 -1 0
    outer loop
      vertex 0.158130049706 -0.0719944834709 0.587500989437
      vertex 0.219962835312 -0.0629328638315 0.587500989437
      vertex 0.217956259847 -0.0769433379173 0.587500989437
    endloop
  endfacet
  facet normal 0 -1 0
    outer loop
      vertex 0.147153392434 -0.0607494115829 0.587500989437
      vertex 0.219962835312 -0.0629328638315 0.587500989437
      vertex 0.158130049706 -0.0719944834709 0.587500989437
    endloop
  endfacet
  facet normal 0 -1 -0
    outer loop
      vertex 0.147153392434 -0.0607494115829 0.587500989437
      vertex 0.102558963001 -0.0164999980479 0.587500989437
      vertex 0.219962835312 -0.0629328638315 0.587500989437
    endloop
  endfacet
  facet normal 0 -1 -0
    outer loop
      vertex 0.142772302032 -0.0755460187793 0.587500989437
      vertex 0.102558963001 -0.0164999980479 0.587500989437
      vertex 0.147153392434 -0.0607494115829 0.587500989437
    endloop
  endfacet
  facet normal -0 -1 0
    outer loop
      vertex 0.142772302032 -0.0755460187793 0.587500989437
      vertex 0.098455876112 -0.119999997318 0.587500989437
      vertex 0.102558963001 -0.0164999980479 0.587500989437
    endloop
  endfacet
  facet normal -1 0 0
    outer loop
      vertex 0.0250000096858 -0.0164999980479 0.587500989437
      vertex 0.0250000096858 -0.0205000042915 0.6125010252
      vertex 0.0250000096858 -0.0164999980479 0.6125010252
    endloop
  endfacet
  facet normal -1 0 0
    outer loop
      vertex 0.0250000096858 -0.0205000042915 0.587500989437
      vertex 0.0250000096858 -0.0205000042915 0.6125010252
      vertex 0.0250000096858 -0.0164999980479 0.587500989437
    endloop
  endfacet
  facet normal 0 0 1
    outer loop
      vertex 0.098455876112 -0.119999997318 2.11250090599
      vertex 0.0250000096858 -0.119999997318 2.11250090599
      vertex 0.0250000096858 -0.119999997318 2.08750104904
    endloop
  endfacet
  facet normal 0 0 1
    outer loop
      vertex 0.0250000096858 -0.119999997318 2.08750104904
      vertex 0.351544141769 -0.119999997318 2.11250090599
      vertex 0.098455876112 -0.119999997318 2.11250090599
    endloop
  endfacet
  facet normal 0 0 1
    outer loop
      vertex 0.425000011921 -0.119999997318 2.08750104904
      vertex 0.351544141769 -0.119999997318 2.11250090599
      vertex 0.0250000096858 -0.119999997318 2.08750104904
    endloop
  endfacet
  facet normal -0 0 1
    outer loop
      vertex 0.351544141769 -0.119999997318 2.11250090599
      vertex 0.425000011921 -0.119999997318 2.08750104904
      vertex 0.425000011921 -0.119999997318 2.11250090599
    endloop
  endfacet
  facet normal 0 0 -1
    outer loop
      vertex 0.0250000096858 -0.0164999980479 2.08750104904
      vertex 0.0250000096858 -0.0164999980479 2.11250090599
      vertex 0.0943528041244 -0.0164999980479 2.11250090599
    endloop
  endfacet
  facet normal 0 0 -1
    outer loop
      vertex 0.102558963001 -0.0164999980479 2.11250090599
      vertex 0.0943528041244 -0.0164999980479 2.11250090599
      vertex 0.0250000096858 -0.0164999980479 2.19122743607
    endloop
  endfacet
  facet normal -0 0 -1
    outer loop
      vertex 0.102558963001 -0.0164999980479 2.11250090599
      vertex 0.0250000096858 -0.0164999980479 2.08750104904
      vertex 0.0943528041244 -0.0164999980479 2.11250090599
    endloop
  endfacet
  facet normal -0 0 -1
    outer loop
      vertex 0.34744104743 -0.0164999980479 2.11250090599
      vertex 0.0250000096858 -0.0164999980479 2.08750104904
      vertex 0.102558963001 -0.0164999980479 2.11250090599
    endloop
  endfacet
  facet normal -0 0 -1
    outer loop
      vertex 0.425000011921 -0.0164999980479 2.10000109673
      vertex 0.0250000096858 -0.0164999980479 2.08750104904
      vertex 0.34744104743 -0.0164999980479 2.11250090599
    endloop
  endfacet
  facet normal 0 0 -1
    outer loop
      vertex 0.34744104743 -0.0164999980479 2.11250090599
      vertex 0.355647206306 -0.0164999980479 2.11250090599
      vertex 0.425000011921 -0.0164999980479 2.10000109673
    endloop
  endfacet
  facet normal 0 0 -1
    outer loop
      vertex 0.34744104743 -0.0164999980479 2.11250090599
      vertex 0.425000011921 -0.0164999980479 2.19122743607
      vertex 0.355647206306 -0.0164999980479 2.11250090599
    endloop
  endfacet
  facet normal -0.727529585361 0.678822577 0.0995018407702
    outer loop
      vertex 0.425000011921 -0.0899999961257 2.19562482834
      vertex 0.351544141769 -0.119999997318 2.11250090599
      vertex 0.425000011921 -0.119999997318 2.19122743607
    endloop
  endfacet
  facet normal -0.743710517883 0.66785132885 0.0294831711799
    outer loop
      vertex 0.425000011921 -0.0899999961257 2.19562482834
      vertex 0.34744104743 -0.0164999980479 2.11250090599
      vertex 0.351544141769 -0.119999997318 2.11250090599
    endloop
  endfacet
  facet normal -0.70581895113 0.706329762936 -0.0540176704526
    outer loop
      vertex 0.425000011921 -0.0325000062585 2.19122743607
      vertex 0.34744104743 -0.0164999980479 2.11250090599
      vertex 0.425000011921 -0.0899999961257 2.19562482834
    endloop
  endfacet
  facet normal -0.715460717678 0.655994653702 0.240389242768
    outer loop
      vertex 0.425000011921 -0.0205000042915 2.19562482834
      vertex 0.34744104743 -0.0164999980479 2.11250090599
      vertex 0.425000011921 -0.0325000062585 2.19122743607
    endloop
  endfacet
  facet normal -0.564014256001 0.55564981699 -0.610852837563
    outer loop
      vertex 0.425000011921 -0.0164999980479 2.19122743607
      vertex 0.34744104743 -0.0164999980479 2.11250090599
      vertex 0.425000011921 -0.0205000042915 2.19562482834
    endloop
  endfacet
  facet normal 0.716694951057 -0.696807801723 0.0284121129662
    outer loop
      vertex 0.425000011921 -0.0899999961257 2.18683004379
      vertex 0.351544141769 -0.119999997318 2.11250090599
      vertex 0.355647206306 -0.0164999980479 2.11250090599
    endloop
  endfacet
  facet normal 0.727529585361 -0.678822577 0.0995018407702
    outer loop
      vertex 0.425000011921 -0.119999997318 2.19122743607
      vertex 0.351544141769 -0.119999997318 2.11250090599
      vertex 0.425000011921 -0.0899999961257 2.18683004379
    endloop
  endfacet
  facet normal 0.754449129105 -0.654447495937 -0.050049893558
    outer loop
      vertex 0.355647206306 -0.0164999980479 2.11250090599
      vertex 0.425000011921 -0.0325000062585 2.19122743607
      vertex 0.425000011921 -0.0899999961257 2.18683004379
    endloop
  endfacet
  facet normal 0.702274084091 -0.668439090252 0.244949519634
    outer loop
      vertex 0.355647206306 -0.0164999980479 2.11250090599
      vertex 0.425000011921 -0.0205000042915 2.18683004379
      vertex 0.425000011921 -0.0325000062585 2.19122743607
    endloop
  endfacet
  facet normal 0.607015073299 -0.534739851952 -0.587865591049
    outer loop
      vertex 0.425000011921 -0.0164999980479 2.19122743607
      vertex 0.425000011921 -0.0205000042915 2.18683004379
      vertex 0.355647206306 -0.0164999980479 2.11250090599
    endloop
  endfacet
  facet normal -1 0 0
    outer loop
      vertex 0.0250000096858 -0.0325000062585 2.18683004379
      vertex 0.0250000096858 -0.0899999961257 2.19562482834
      vertex 0.0250000096858 -0.0325000062585 2.19562482834
    endloop
  endfacet
  facet normal -1 0 0
    outer loop
      vertex 0.0250000096858 -0.0899999961257 2.18683004379
      vertex 0.0250000096858 -0.0899999961257 2.19562482834
      vertex 0.0250000096858 -0.0325000062585 2.18683004379
    endloop
  endfacet
  facet normal 0.743710637093 0.667851209641 0.0294831749052
    outer loop
      vertex 0.0250000096858 -0.0899999961257 2.19562482834
      vertex 0.098455876112 -0.119999997318 2.11250090599
      vertex 0.102558963001 -0.0164999980479 2.11250090599
    endloop
  endfacet
  facet normal 0.727529704571 0.67882245779 0.0995018258691
    outer loop
      vertex 0.0250000096858 -0.119999997318 2.19122743607
      vertex 0.098455876112 -0.119999997318 2.11250090599
      vertex 0.0250000096858 -0.0899999961257 2.19562482834
    endloop
  endfacet
  facet normal 0.731157779694 0.682208418846 1.31983535641e-16
    outer loop
      vertex 0.102558963001 -0.0164999980479 2.11250090599
      vertex 0.0250000096858 -0.0325000062585 2.19562482834
      vertex 0.0250000096858 -0.0899999961257 2.19562482834
    endloop
  endfacet
  facet normal 0.683097779751 0.685734689236 -0.251287490129
    outer loop
      vertex 0.102558963001 -0.0164999980479 2.11250090599
      vertex 0.0250000096858 -0.0205000042915 2.19122743607
      vertex 0.0250000096858 -0.0325000062585 2.19562482834
    endloop
  endfacet
  facet normal 0.712369441986 0.701804637909 -0
    outer loop
      vertex 0.0250000096858 -0.0164999980479 2.19122743607
      vertex 0.0250000096858 -0.0205000042915 2.19122743607
      vertex 0.102558963001 -0.0164999980479 2.11250090599
    endloop
  endfacet
  facet normal -0.727529704571 -0.67882245779 0.0995018258691
    outer loop
      vertex 0.0250000096858 -0.0899999961257 2.18683004379
      vertex 0.098455876112 -0.119999997318 2.11250090599
      vertex 0.0250000096858 -0.119999997318 2.19122743607
    endloop
  endfacet
  facet normal -0.716695070267 -0.696807682514 0.0284121166915
    outer loop
      vertex 0.0250000096858 -0.0899999961257 2.18683004379
      vertex 0.0943528041244 -0.0164999980479 2.11250090599
      vertex 0.098455876112 -0.119999997318 2.11250090599
    endloop
  endfacet
  facet normal -0.731158494949 -0.682207643986 0
    outer loop
      vertex 0.0250000096858 -0.0325000062585 2.18683004379
      vertex 0.0943528041244 -0.0164999980479 2.11250090599
      vertex 0.0250000096858 -0.0899999961257 2.18683004379
    endloop
  endfacet
  facet normal -0.735538899899 -0.636116802692 -0.233105003834
    outer loop
      vertex 0.0250000096858 -0.0205000042915 2.19122743607
      vertex 0.0943528041244 -0.0164999980479 2.11250090599
      vertex 0.0250000096858 -0.0325000062585 2.18683004379
    endloop
  endfacet
  facet normal -0.750366151333 -0.661022424698 0
    outer loop
      vertex 0.0250000096858 -0.0164999980479 2.19122743607
      vertex 0.0943528041244 -0.0164999980479 2.11250090599
      vertex 0.0250000096858 -0.0205000042915 2.19122743607
    endloop
  endfacet
  facet normal -1 0 0
    outer loop
      vertex 0.0250000096858 -0.0325000062585 2.08750104904
      vertex 0.0250000096858 -0.0899999961257 2.11250090599
      vertex 0.0250000096858 -0.0325000062585 2.11250090599
    endloop
  endfacet
  facet normal -1 0 0
    outer loop
      vertex 0.0250000096858 -0.0899999961257 2.08750104904
      vertex 0.0250000096858 -0.0899999961257 2.11250090599
      vertex 0.0250000096858 -0.0325000062585 2.08750104904
    endloop
  endfacet
  facet normal 0.682440936565 0.0233279485255 0.730568408966
    outer loop
      vertex 0.0758618116379 -0.0708254352212 2.08750104904
      vertex 0.0651096403599 -0.0800710171461 2.11250090599
      vertex 0.0645702928305 -0.081373102963 2.08750104904
    endloop
  endfacet
  facet normal 0.624990999699 -0.0198025852442 0.780380785465
    outer loop
      vertex 0.0758618116379 -0.0708254352212 2.08750104904
      vertex 0.0765420943499 -0.0709149912 2.11250090599
      vertex 0.0651096403599 -0.0800710171461 2.11250090599
    endloop
  endfacet
  facet normal -0.781961500645 0.0190463382751 0.623035609722
    outer loop
      vertex 0.0847189351916 -0.081941857934 2.08750104904
      vertex 0.0765420943499 -0.0709149912 2.11250090599
      vertex 0.0758618116379 -0.0708254352212 2.08750104904
    endloop
  endfacet
  facet normal -0.902874529362 -0.112267367542 0.414986222982
    outer loop
      vertex 0.0847189351916 -0.081941857934 2.08750104904
      vertex 0.0832454189658 -0.0854992344975 2.11250090599
      vertex 0.0765420943499 -0.0709149912 2.11250090599
    endloop
  endfacet
  facet normal -0.521710813046 0.0899687707424 -0.84836512804
    outer loop
      vertex 0.0723716020584 -0.0895349830389 2.08750104904
      vertex 0.0832454189658 -0.0854992344975 2.11250090599
      vertex 0.0847189351916 -0.081941857934 2.08750104904
    endloop
  endfacet
  facet normal -0.325162738562 -0.0112163126469 -0.945591568947
    outer loop
      vertex 0.0723716020584 -0.0895349830389 2.08750104904
      vertex 0.0709742829204 -0.0897189378738 2.11250090599
      vertex 0.0832454189658 -0.0854992344975 2.11250090599
    endloop
  endfacet
  facet normal 0.853378772736 0.0515150465071 -0.518739700317
    outer loop
      vertex 0.0723716020584 -0.0895349830389 2.08750104904
      vertex 0.0651096403599 -0.0800710171461 2.11250090599
      vertex 0.0709742829204 -0.0897189378738 2.11250090599
    endloop
  endfacet
  facet normal 0.721934497356 -0.0515150725842 -0.690041184425
    outer loop
      vertex 0.0645702928305 -0.081373102963 2.08750104904
      vertex 0.0651096403599 -0.0800710171461 2.11250090599
      vertex 0.0723716020584 -0.0895349830389 2.08750104904
    endloop
  endfacet
  facet normal 0.874431550503 -0.137168899179 0.465353786945
    outer loop
      vertex 0.141361102462 -0.070828743279 2.08750104904
      vertex 0.150177687407 -0.0616307780147 2.11250090599
      vertex 0.142772302032 -0.0755460187793 2.11250090599
    endloop
  endfacet
  facet normal 0.488698929548 0.144229635596 0.860448241234
    outer loop
      vertex 0.155546009541 -0.0627722963691 2.08750104904
      vertex 0.150177687407 -0.0616307780147 2.11250090599
      vertex 0.141361102462 -0.070828743279 2.08750104904
    endloop
  endfacet
  facet normal -0.848943769932 -0.159288421273 0.503906428814
    outer loop
      vertex 0.155546009541 -0.0627722963691 2.08750104904
      vertex 0.158198624849 -0.0751438513398 2.11250090599
      vertex 0.150177687407 -0.0616307780147 2.11250090599
    endloop
  endfacet
  facet normal -0.992660462856 0.118133254349 -0.0258790273219
    outer loop
      vertex 0.155143842101 -0.0781986415386 2.08750104904
      vertex 0.158198624849 -0.0751438513398 2.11250090599
      vertex 0.155546009541 -0.0627722963691 2.08750104904
    endloop
  endfacet
  facet normal -0.0258790366352 -0.118133358657 -0.992660462856
    outer loop
      vertex 0.155143842101 -0.0781986415386 2.08750104904
      vertex 0.142772302032 -0.0755460187793 2.11250090599
      vertex 0.158198624849 -0.0751438513398 2.11250090599
    endloop
  endfacet
  facet normal 0.466999143362 0.138434037566 -0.873354375362
    outer loop
      vertex 0.141361102462 -0.070828743279 2.08750104904
      vertex 0.142772302032 -0.0755460187793 2.11250090599
      vertex 0.155143842101 -0.0781986415386 2.08750104904
    endloop
  endfacet
  facet normal -0.0532032735646 -0.0944084078074 0.994110882282
    outer loop
      vertex 0.219962835312 -0.0629328638315 2.08750104904
      vertex 0.232336804271 -0.0659692808986 2.11250090599
      vertex 0.21639919281 -0.0651163235307 2.11250090599
    endloop
  endfacet
  facet normal -0.523605048656 0.15747076273 0.837281703949
    outer loop
      vertex 0.233559027314 -0.0714354217052 2.08750104904
      vertex 0.232336804271 -0.0659692808986 2.11250090599
      vertex 0.219962835312 -0.0629328638315 2.08750104904
    endloop
  endfacet
  facet normal -0.768585324287 -0.17228667438 -0.61611187458
    outer loop
      vertex 0.233559027314 -0.0714354217052 2.08750104904
      vertex 0.222662240267 -0.0780380740762 2.11250090599
      vertex 0.232336804271 -0.0659692808986 2.11250090599
    endloop
  endfacet
  facet normal -0.331092625856 0.1033962816 -0.937916219234
    outer loop
      vertex 0.217956259847 -0.0769433379173 2.08750104904
      vertex 0.222662240267 -0.0780380740762 2.11250090599
      vertex 0.233559027314 -0.0714354217052 2.08750104904
    endloop
  endfacet
  facet normal 0.889875769615 -0.148624002934 -0.431314259768
    outer loop
      vertex 0.217956259847 -0.0769433379173 2.08750104904
      vertex 0.21639919281 -0.0651163235307 2.11250090599
      vertex 0.222662240267 -0.0780380740762 2.11250090599
    endloop
  endfacet
  facet normal 0.981798291206 0.127671122551 0.140613690019
    outer loop
      vertex 0.219962835312 -0.0629328638315 2.08750104904
      vertex 0.21639919281 -0.0651163235307 2.11250090599
      vertex 0.217956259847 -0.0769433379173 2.08750104904
    endloop
  endfacet
  facet normal 0 1 -0
    outer loop
      vertex 0.232336804271 -0.0659692808986 2.11250090599
      vertex 0.222662240267 -0.0780380740762 2.11250090599
      vertex 0.351544141769 -0.119999997318 2.11250090599
    endloop
  endfacet
  facet normal 0 1 0
    outer loop
      vertex 0.158198624849 -0.0751438513398 2.11250090599
      vertex 0.142772302032 -0.0755460187793 2.11250090599
      vertex 0.098455876112 -0.119999997318 2.11250090599
    endloop
  endfacet
  facet normal 0 1 0
    outer loop
      vertex 0.102558963001 -0.0164999980479 2.11250090599
      vertex 0.21639919281 -0.0651163235307 2.11250090599
      vertex 0.232336804271 -0.0659692808986 2.11250090599
    endloop
  endfacet
  facet normal -0 1 0
    outer loop
      vertex 0.150177687407 -0.0616307780147 2.11250090599
      vertex 0.21639919281 -0.0651163235307 2.11250090599
      vertex 0.102558963001 -0.0164999980479 2.11250090599
    endloop
  endfacet
  facet normal 0 1 0
    outer loop
      vertex 0.158198624849 -0.0751438513398 2.11250090599
      vertex 0.21639919281 -0.0651163235307 2.11250090599
      vertex 0.150177687407 -0.0616307780147 2.11250090599
    endloop
  endfacet
  facet normal -0 1 0
    outer loop
      vertex 0.158198624849 -0.0751438513398 2.11250090599
      vertex 0.222662240267 -0.0780380740762 2.11250090599
      vertex 0.21639919281 -0.0651163235307 2.11250090599
    endloop
  endfacet
  facet normal 0 1 0
    outer loop
      vertex 0.098455876112 -0.119999997318 2.11250090599
      vertex 0.222662240267 -0.0780380740762 2.11250090599
      vertex 0.158198624849 -0.0751438513398 2.11250090599
    endloop
  endfacet
  facet normal 0 1 0
    outer loop
      vertex 0.351544141769 -0.119999997318 2.11250090599
      vertex 0.222662240267 -0.0780380740762 2.11250090599
      vertex 0.098455876112 -0.119999997318 2.11250090599
    endloop
  endfacet
  facet normal 0 1 0
    outer loop
      vertex 0.102558963001 -0.0164999980479 2.11250090599
      vertex 0.142772302032 -0.0755460187793 2.11250090599
      vertex 0.150177687407 -0.0616307780147 2.11250090599
    endloop
  endfacet
  facet normal 0 1 0
    outer loop
      vertex 0.098455876112 -0.119999997318 2.11250090599
      vertex 0.142772302032 -0.0755460187793 2.11250090599
      vertex 0.102558963001 -0.0164999980479 2.11250090599
    endloop
  endfacet
  facet normal 0 1 0
    outer loop
      vertex 0.102558963001 -0.0164999980479 2.11250090599
      vertex 0.232336804271 -0.0659692808986 2.11250090599
      vertex 0.34744104743 -0.0164999980479 2.11250090599
    endloop
  endfacet
  facet normal 0 1 -0
    outer loop
      vertex 0.34744104743 -0.0164999980479 2.11250090599
      vertex 0.232336804271 -0.0659692808986 2.11250090599
      vertex 0.351544141769 -0.119999997318 2.11250090599
    endloop
  endfacet
  facet normal 0.0309694334865 -0.991025626659 -0.130034789443
    outer loop
      vertex 0.425000011921 -0.0164999980479 2.10000109673
      vertex 0.219962835312 -0.0629328638315 2.08750104904
      vertex 0.0250000096858 -0.0164999980479 2.08750104904
    endloop
  endfacet
  facet normal 0.0608513467014 -0.998146831989 0
    outer loop
      vertex 0.425000011921 -0.0205000042915 2.10000109673
      vertex 0.219962835312 -0.0629328638315 2.08750104904
      vertex 0.425000011921 -0.0164999980479 2.10000109673
    endloop
  endfacet
  facet normal -0.106463931501 -0.68859732151 -0.717285990715
    outer loop
      vertex 0.425000011921 -0.0325000062585 2.08750104904
      vertex 0.219962835312 -0.0629328638315 2.08750104904
      vertex 0.425000011921 -0.0205000042915 2.10000109673
    endloop
  endfacet
  facet normal 0 -1 0
    outer loop
      vertex 0.425000011921 -0.0325000062585 2.08750104904
      vertex 0.233559027314 -0.0714354217052 2.08750104904
      vertex 0.219962835312 -0.0629328638315 2.08750104904
    endloop
  endfacet
  facet normal 0 -1 -0
    outer loop
      vertex 0.425000011921 -0.0899999961257 2.08750104904
      vertex 0.233559027314 -0.0714354217052 2.08750104904
      vertex 0.425000011921 -0.0325000062585 2.08750104904
    endloop
  endfacet
  facet normal 0 -1 0
    outer loop
      vertex 0.219962835312 -0.0629328638315 2.08750104904
      vertex 0.155546009541 -0.0627722963691 2.08750104904
      vertex 0.0250000096858 -0.0164999980479 2.08750104904
    endloop
  endfacet
  facet normal -0 -1 0
    outer loop
      vertex 0.219962835312 -0.0629328638315 2.08750104904
      vertex 0.155143842101 -0.0781986415386 2.08750104904
      vertex 0.155546009541 -0.0627722963691 2.08750104904
    endloop
  endfacet
  facet normal -0 -1 -0
    outer loop
      vertex 0.217956259847 -0.0769433379173 2.08750104904
      vertex 0.155143842101 -0.0781986415386 2.08750104904
      vertex 0.219962835312 -0.0629328638315 2.08750104904
    endloop
  endfacet
  facet normal 0 -1 -0
    outer loop
      vertex 0.425000011921 -0.119999997318 2.08750104904
      vertex 0.233559027314 -0.0714354217052 2.08750104904
      vertex 0.425000011921 -0.0899999961257 2.08750104904
    endloop
  endfacet
  facet normal 0 -1 0
    outer loop
      vertex 0.425000011921 -0.119999997318 2.08750104904
      vertex 0.217956259847 -0.0769433379173 2.08750104904
      vertex 0.233559027314 -0.0714354217052 2.08750104904
    endloop
  endfacet
  facet normal 0 -1 0
    outer loop
      vertex 0.0250000096858 -0.119999997318 2.08750104904
      vertex 0.217956259847 -0.0769433379173 2.08750104904
      vertex 0.425000011921 -0.119999997318 2.08750104904
    endloop
  endfacet
  facet normal 0 -1 0
    outer loop
      vertex 0.155143842101 -0.0781986415386 2.08750104904
      vertex 0.217956259847 -0.0769433379173 2.08750104904
      vertex 0.0250000096858 -0.119999997318 2.08750104904
    endloop
  endfacet
  facet normal 0 -1 0
    outer loop
      vertex 0.0250000096858 -0.0899999961257 2.08750104904
      vertex 0.0758618116379 -0.0708254352212 2.08750104904
      vertex 0.0645702928305 -0.081373102963 2.08750104904
    endloop
  endfacet
  facet normal 0 -1 0
    outer loop
      vertex 0.0250000096858 -0.0325000062585 2.08750104904
      vertex 0.0758618116379 -0.0708254352212 2.08750104904
      vertex 0.0250000096858 -0.0899999961257 2.08750104904
    endloop
  endfacet
  facet normal 0 -1 0
    outer loop
      vertex 0.155546009541 -0.0627722963691 2.08750104904
      vertex 0.0250000096858 -0.0205000042915 2.08750104904
      vertex 0.0250000096858 -0.0164999980479 2.08750104904
    endloop
  endfacet
  facet normal 0 -1 0
    outer loop
      vertex 0.155546009541 -0.0627722963691 2.08750104904
      vertex 0.0250000096858 -0.0325000062585 2.08750104904
      vertex 0.0250000096858 -0.0205000042915 2.08750104904
    endloop
  endfacet
  facet normal -0 -1 0
    outer loop
      vertex 0.155546009541 -0.0627722963691 2.08750104904
      vertex 0.0758618116379 -0.0708254352212 2.08750104904
      vertex 0.0250000096858 -0.0325000062585 2.08750104904
    endloop
  endfacet
  facet normal 0 -1 -0
    outer loop
      vertex 0.141361102462 -0.070828743279 2.08750104904
      vertex 0.0758618116379 -0.0708254352212 2.08750104904
      vertex 0.155546009541 -0.0627722963691 2.08750104904
    endloop
  endfacet
  facet normal -0 -1 0
    outer loop
      vertex 0.141361102462 -0.070828743279 2.08750104904
      vertex 0.0847189351916 -0.081941857934 2.08750104904
      vertex 0.0758618116379 -0.0708254352212 2.08750104904
    endloop
  endfacet
  facet normal -0 -1 0
    outer loop
      vertex 0.155143842101 -0.0781986415386 2.08750104904
      vertex 0.0847189351916 -0.081941857934 2.08750104904
      vertex 0.141361102462 -0.070828743279 2.08750104904
    endloop
  endfacet
  facet normal 0 -1 0
    outer loop
      vertex 0.155143842101 -0.0781986415386 2.08750104904
      vertex 0.0723716020584 -0.0895349830389 2.08750104904
      vertex 0.0847189351916 -0.081941857934 2.08750104904
    endloop
  endfacet
  facet normal 0 -1 0
    outer loop
      vertex 0.0250000096858 -0.119999997318 2.08750104904
      vertex 0.0723716020584 -0.0895349830389 2.08750104904
      vertex 0.155143842101 -0.0781986415386 2.08750104904
    endloop
  endfacet
  facet normal 0 -1 0
    outer loop
      vertex 0.0250000096858 -0.0899999961257 2.08750104904
      vertex 0.0723716020584 -0.0895349830389 2.08750104904
      vertex 0.0250000096858 -0.119999997318 2.08750104904
    endloop
  endfacet
  facet normal 0 -1 0
    outer loop
      vertex 0.0645702928305 -0.081373102963 2.08750104904
      vertex 0.0723716020584 -0.0895349830389 2.08750104904
      vertex 0.0250000096858 -0.0899999961257 2.08750104904
    endloop
  endfacet
  facet normal 0.177377939224 0.984142780304 0
    outer loop
      vertex 0.425000011921 -0.0205000042915 2.10000109673
      vertex 0.425000011921 -0.0164999980479 2.10000109673
      vertex 0.355647206306 -0.0164999980479 2.11250090599
    endloop
  endfacet
  facet normal -0 1 0
    outer loop
      vertex 0.351544141769 -0.119999997318 2.11250090599
      vertex 0.425000011921 -0.119999997318 2.11250090599
      vertex 0.425000011921 -0.0899999961257 2.11250090599
    endloop
  endfacet
  facet normal 0.164168477058 0.683139503002 -0.711596190929
    outer loop
      vertex 0.355647206306 -0.0164999980479 2.11250090599
      vertex 0.425000011921 -0.0325000062585 2.11250090599
      vertex 0.425000011921 -0.0205000042915 2.10000109673
    endloop
  endfacet
  facet normal 0 1 0
    outer loop
      vertex 0.355647206306 -0.0164999980479 2.11250090599
      vertex 0.425000011921 -0.0899999961257 2.11250090599
      vertex 0.425000011921 -0.0325000062585 2.11250090599
    endloop
  endfacet
  facet normal 0 1 0
    outer loop
      vertex 0.351544141769 -0.119999997318 2.11250090599
      vertex 0.425000011921 -0.0899999961257 2.11250090599
      vertex 0.355647206306 -0.0164999980479 2.11250090599
    endloop
  endfacet
  facet normal -0 1 0
    outer loop
      vertex 0.0765420943499 -0.0709149912 2.11250090599
      vertex 0.0832454189658 -0.0854992344975 2.11250090599
      vertex 0.0943528041244 -0.0164999980479 2.11250090599
    endloop
  endfacet
  facet normal -0 1 0
    outer loop
      vertex 0.0709742829204 -0.0897189378738 2.11250090599
      vertex 0.098455876112 -0.119999997318 2.11250090599
      vertex 0.0832454189658 -0.0854992344975 2.11250090599
    endloop
  endfacet
  facet normal 0 1 -0
    outer loop
      vertex 0.0709742829204 -0.0897189378738 2.11250090599
      vertex 0.0250000096858 -0.119999997318 2.11250090599
      vertex 0.098455876112 -0.119999997318 2.11250090599
    endloop
  endfacet
  facet normal 0 1 -0
    outer loop
      vertex 0.0651096403599 -0.0800710171461 2.11250090599
      vertex 0.0250000096858 -0.119999997318 2.11250090599
      vertex 0.0709742829204 -0.0897189378738 2.11250090599
    endloop
  endfacet
  facet normal 0 1 0
    outer loop
      vertex 0.0651096403599 -0.0800710171461 2.11250090599
      vertex 0.0250000096858 -0.0899999961257 2.11250090599
      vertex 0.0250000096858 -0.119999997318 2.11250090599
    endloop
  endfacet
  facet normal 0 1 0
    outer loop
      vertex 0.0651096403599 -0.0800710171461 2.11250090599
      vertex 0.0250000096858 -0.0325000062585 2.11250090599
      vertex 0.0250000096858 -0.0899999961257 2.11250090599
    endloop
  endfacet
  facet normal 0 1 0
    outer loop
      vertex 0.0765420943499 -0.0709149912 2.11250090599
      vertex 0.0250000096858 -0.0325000062585 2.11250090599
      vertex 0.0651096403599 -0.0800710171461 2.11250090599
    endloop
  endfacet
  facet normal 0 1 0
    outer loop
      vertex 0.0250000096858 -0.0205000042915 2.11250090599
      vertex 0.0250000096858 -0.0325000062585 2.11250090599
      vertex 0.0765420943499 -0.0709149912 2.11250090599
    endloop
  endfacet
  facet normal 0 1 0
    outer loop
      vertex 0.0943528041244 -0.0164999980479 2.11250090599
      vertex 0.0250000096858 -0.0205000042915 2.11250090599
      vertex 0.0765420943499 -0.0709149912 2.11250090599
    endloop
  endfacet
  facet normal 0 1 0
    outer loop
      vertex 0.0250000096858 -0.0164999980479 2.11250090599
      vertex 0.0250000096858 -0.0205000042915 2.11250090599
      vertex 0.0943528041244 -0.0164999980479 2.11250090599
    endloop
  endfacet
  facet normal 0 1 -0
    outer loop
      vertex 0.0943528041244 -0.0164999980479 2.11250090599
      vertex 0.0832454189658 -0.0854992344975 2.11250090599
      vertex 0.098455876112 -0.119999997318 2.11250090599
    endloop
  endfacet
  facet normal -1 0 0
    outer loop
      vertex 0.0250000096858 -0.0164999980479 2.08750104904
      vertex 0.0250000096858 -0.0205000042915 2.11250090599
      vertex 0.0250000096858 -0.0164999980479 2.11250090599
    endloop
  endfacet
  facet normal -1 0 0
    outer loop
      vertex 0.0250000096858 -0.0205000042915 2.08750104904
      vertex 0.0250000096858 -0.0205000042915 2.11250090599
      vertex 0.0250000096858 -0.0164999980479 2.08750104904
    endloop
  endfacet
  facet normal 0 -0 1
    outer loop
      vertex 0.425000011921 -0.119999997318 2.38750100136
      vertex 0.425000011921 -0.119999997318 2.41250109673
      vertex 0.312496751547 -0.119999997318 2.41243433952
    endloop
  endfacet
  facet normal 0 0 1
    outer loop
      vertex 0.0250000096858 -0.119999997318 2.38750100136
      vertex 0.287496745586 -0.119999997318 2.41243433952
      vertex 0.0250000096858 -0.119999997318 2.41250109673
    endloop
  endfacet
  facet normal 0 0 1
    outer loop
      vertex 0.425000011921 -0.119999997318 2.38750100136
      vertex 0.287496745586 -0.119999997318 2.41243433952
      vertex 0.0250000096858 -0.119999997318 2.38750100136
    endloop
  endfacet
  facet normal 0 0 1
    outer loop
      vertex 0.312496751547 -0.119999997318 2.41243433952
      vertex 0.287496745586 -0.119999997318 2.41243433952
      vertex 0.425000011921 -0.119999997318 2.38750100136
    endloop
  endfacet
  facet normal 0 0 1
    outer loop
      vertex 0.312496751547 -0.119999997318 2.41243433952
      vertex 0.287496745586 -0.119999997318 2.67493438721
      vertex 0.287496745586 -0.119999997318 2.41243433952
    endloop
  endfacet
  facet normal 0 0 1
    outer loop
      vertex 0.312496751547 -0.119999997318 2.67493438721
      vertex 0.287496745586 -0.119999997318 2.67493438721
      vertex 0.312496751547 -0.119999997318 2.41243433952
    endloop
  endfacet
  facet normal -1 0 0
    outer loop
      vertex 0.287496745586 -0.119999997318 2.41243433952
      vertex 0.287496745586 -0.0717431679368 2.45693087578
      vertex 0.287496745586 -0.0164999980479 2.41243433952
    endloop
  endfacet
  facet normal -1 0 0
    outer loop
      vertex 0.287496745586 -0.119999997318 2.41243433952
      vertex 0.287496745586 -0.0866473764181 2.45693421364
      vertex 0.287496745586 -0.0717431679368 2.45693087578
    endloop
  endfacet
  facet normal -1 0 0
    outer loop
      vertex 0.287496745586 -0.119999997318 2.67493438721
      vertex 0.287496745586 -0.0758627429605 2.54507827759
      vertex 0.287496745586 -0.0797324255109 2.53340625763
    endloop
  endfacet
  facet normal -1 -0 0
    outer loop
      vertex 0.287496745586 -0.0899999961257 2.67493438721
      vertex 0.287496745586 -0.0758627429605 2.54507827759
      vertex 0.287496745586 -0.119999997318 2.67493438721
    endloop
  endfacet
  facet normal -1 0 0
    outer loop
      vertex 0.287496745586 -0.0899999961257 2.67493438721
      vertex 0.287496745586 -0.0614341422915 2.54197216034
      vertex 0.287496745586 -0.0758627429605 2.54507827759
    endloop
  endfacet
  facet normal -1 0 0
    outer loop
      vertex 0.287496745586 -0.0325000062585 2.67493438721
      vertex 0.287496745586 -0.0614341422915 2.54197216034
      vertex 0.287496745586 -0.0899999961257 2.67493438721
    endloop
  endfacet
  facet normal -1 0 0
    outer loop
      vertex 0.287496745586 -0.0205000042915 2.67493438721
      vertex 0.287496745586 -0.0614341422915 2.54197216034
      vertex 0.287496745586 -0.0325000062585 2.67493438721
    endloop
  endfacet
  facet normal -1 0 0
    outer loop
      vertex 0.287496745586 -0.0164999980479 2.67493438721
      vertex 0.287496745586 -0.0614341422915 2.54197216034
      vertex 0.287496745586 -0.0205000042915 2.67493438721
    endloop
  endfacet
  facet normal -1 0 0
    outer loop
      vertex 0.287496745586 -0.0164999980479 2.41243433952
      vertex 0.287496745586 -0.0614341422915 2.54197216034
      vertex 0.287496745586 -0.0164999980479 2.67493438721
    endloop
  endfacet
  facet normal -1 0 -0
    outer loop
      vertex 0.287496745586 -0.0717431679368 2.45693087578
      vertex 0.287496745586 -0.0614341422915 2.54197216034
      vertex 0.287496745586 -0.0164999980479 2.41243433952
    endloop
  endfacet
  facet normal -1 0 0
    outer loop
      vertex 0.287496745586 -0.0717431679368 2.45693087578
      vertex 0.287496745586 -0.0678369626403 2.52799010277
      vertex 0.287496745586 -0.0614341422915 2.54197216034
    endloop
  endfacet
  facet normal -1 0 -0
    outer loop
      vertex 0.287496745586 -0.0776590257883 2.47048687935
      vertex 0.287496745586 -0.0678369626403 2.52799010277
      vertex 0.287496745586 -0.0717431679368 2.45693087578
    endloop
  endfacet
  facet normal -1 0 0
    outer loop
      vertex 0.287496745586 -0.0776590257883 2.47048687935
      vertex 0.287496745586 -0.0797324255109 2.53340625763
      vertex 0.287496745586 -0.0678369626403 2.52799010277
    endloop
  endfacet
  facet normal -1 -0 0
    outer loop
      vertex 0.287496745586 -0.0797324255109 2.53340625763
      vertex 0.287496745586 -0.0776590257883 2.47048687935
      vertex 0.287496745586 -0.0866473764181 2.45693421364
    endloop
  endfacet
  facet normal -1 -0 0
    outer loop
      vertex 0.287496745586 -0.119999997318 2.67493438721
      vertex 0.287496745586 -0.0866473764181 2.45693421364
      vertex 0.287496745586 -0.119999997318 2.41243433952
    endloop
  endfacet
  facet normal -1 0 0
    outer loop
      vertex 0.287496745586 -0.0797324255109 2.53340625763
      vertex 0.287496745586 -0.0866473764181 2.45693421364
      vertex 0.287496745586 -0.119999997318 2.67493438721
    endloop
  endfacet
  facet normal -0.0186248458922 0.196081131697 -0.980410754681
    outer loop
      vertex 0.287496745586 -0.0164999980479 2.41243433952
      vertex 0.0250000096858 -0.0164999980479 2.38750100136
      vertex 0.0250000096858 -0.0215000007302 2.41250109673
    endloop
  endfacet
  facet normal 0 0 -1
    outer loop
      vertex 0.425000011921 -0.0164999980479 2.38750100136
      vertex 0.0250000096858 -0.0164999980479 2.38750100136
      vertex 0.287496745586 -0.0164999980479 2.41243433952
    endloop
  endfacet
  facet normal 0.0434227176011 0.195930168033 -0.979655981064
    outer loop
      vertex 0.425000011921 -0.0164999980479 2.38750100136
      vertex 0.312496751547 -0.0164999980479 2.41243433952
      vertex 0.425000011921 -0.0215000007302 2.41250109673
    endloop
  endfacet
  facet normal 0 0 -1
    outer loop
      vertex 0.287496745586 -0.0164999980479 2.41243433952
      vertex 0.312496751547 -0.0164999980479 2.41243433952
      vertex 0.425000011921 -0.0164999980479 2.38750100136
    endloop
  endfacet
  facet normal 0 0.0190441738814 -0.999818623066
    outer loop
      vertex 0.287496745586 -0.0164999980479 2.41243433952
      vertex 0.312496751547 -0.0215000007302 2.67493438721
      vertex 0.312496751547 -0.0164999980479 2.41243433952
    endloop
  endfacet
  facet normal 0.196116179228 0 -0.980580687523
    outer loop
      vertex 0.287496745586 -0.0164999980479 2.67493438721
      vertex 0.312496751547 -0.0215000007302 2.67493438721
      vertex 0.287496745586 -0.0164999980479 2.41243433952
    endloop
  endfacet
  facet normal 1 0 0
    outer loop
      vertex 0.312496751547 -0.119999997318 2.41243433952
      vertex 0.312496751547 -0.0733526572585 2.45693421364
      vertex 0.312496751547 -0.0882568731904 2.45693087578
    endloop
  endfacet
  facet normal 1 0 0
    outer loop
      vertex 0.312496751547 -0.0164999980479 2.41243433952
      vertex 0.312496751547 -0.0733526572585 2.45693421364
      vertex 0.312496751547 -0.119999997318 2.41243433952
    endloop
  endfacet
  facet normal 1 -0 0
    outer loop
      vertex 0.312496751547 -0.119999997318 2.41243433952
      vertex 0.312496751547 -0.0826968923211 2.47048687935
      vertex 0.312496751547 -0.119999997318 2.67493438721
    endloop
  endfacet
  facet normal 1 0 0
    outer loop
      vertex 0.312496751547 -0.119999997318 2.41243433952
      vertex 0.312496751547 -0.0882568731904 2.45693087578
      vertex 0.312496751547 -0.0826968923211 2.47048687935
    endloop
  endfacet
  facet normal 1 0 0
    outer loop
      vertex 0.312496751547 -0.0826968923211 2.47048687935
      vertex 0.312496751547 -0.0721630752087 2.52799010277
      vertex 0.312496751547 -0.0796855762601 2.5411131382
    endloop
  endfacet
  facet normal 1 -0 0
    outer loop
      vertex 0.312496751547 -0.0733526572585 2.45693421364
      vertex 0.312496751547 -0.0721630752087 2.52799010277
      vertex 0.312496751547 -0.0826968923211 2.47048687935
    endloop
  endfacet
  facet normal 1 0 0
    outer loop
      vertex 0.312496751547 -0.0733526572585 2.45693421364
      vertex 0.312496751547 -0.0603144615889 2.53779363632
      vertex 0.312496751547 -0.0721630752087 2.52799010277
    endloop
  endfacet
  facet normal 1 0 0
    outer loop
      vertex 0.312496751547 -0.0164999980479 2.41243433952
      vertex 0.312496751547 -0.0603144615889 2.53779363632
      vertex 0.312496751547 -0.0733526572585 2.45693421364
    endloop
  endfacet
  facet normal 1 0 0
    outer loop
      vertex 0.312496751547 -0.0215000007302 2.67493438721
      vertex 0.312496751547 -0.0603144615889 2.53779363632
      vertex 0.312496751547 -0.0164999980479 2.41243433952
    endloop
  endfacet
  facet normal 1 0 0
    outer loop
      vertex 0.312496751547 -0.0215000007302 2.67493438721
      vertex 0.312496751547 -0.068956643343 2.54774451256
      vertex 0.312496751547 -0.0603144615889 2.53779363632
    endloop
  endfacet
  facet normal 1 0 0
    outer loop
      vertex 0.312496751547 -0.0899999961257 2.67493438721
      vertex 0.312496751547 -0.068956643343 2.54774451256
      vertex 0.312496751547 -0.0215000007302 2.67493438721
    endloop
  endfacet
  facet normal 1 -0 0
    outer loop
      vertex 0.312496751547 -0.0796855762601 2.5411131382
      vertex 0.312496751547 -0.068956643343 2.54774451256
      vertex 0.312496751547 -0.0899999961257 2.67493438721
    endloop
  endfacet
  facet normal 1 0 0
    outer loop
      vertex 0.312496751547 -0.119999997318 2.67493438721
      vertex 0.312496751547 -0.0796855762601 2.5411131382
      vertex 0.312496751547 -0.0899999961257 2.67493438721
    endloop
  endfacet
  facet normal 1 0 -0
    outer loop
      vertex 0.312496751547 -0.0796855762601 2.5411131382
      vertex 0.312496751547 -0.119999997318 2.67493438721
      vertex 0.312496751547 -0.0826968923211 2.47048687935
    endloop
  endfacet
  facet normal 0.000123455989524 0.999999940395 0.000232152422541
    outer loop
      vertex 0.312496751547 -0.0733526572585 2.45693421364
      vertex 0.287496745586 -0.0866473764181 2.45693421364
      vertex 0.312496751547 -0.0882568731904 2.45693087578
    endloop
  endfacet
  facet normal -0.00012345603318 0.999999940395 -0.000232152509852
    outer loop
      vertex 0.312496751547 -0.0733526572585 2.45693421364
      vertex 0.287496745586 -0.0717431679368 2.45693087578
      vertex 0.287496745586 -0.0866473764181 2.45693421364
    endloop
  endfacet
  facet normal -0.0588481761515 -0.399278581142 0.914939045906
    outer loop
      vertex 0.312496751547 -0.0733526572585 2.45693421364
      vertex 0.287496745586 -0.0776590257883 2.47048687935
      vertex 0.287496745586 -0.0717431679368 2.45693087578
    endloop
  endfacet
  facet normal -0.163665980101 -0.559980154037 0.81217956543
    outer loop
      vertex 0.312496751547 -0.0826968923211 2.47048687935
      vertex 0.287496745586 -0.0776590257883 2.47048687935
      vertex 0.312496751547 -0.0733526572585 2.45693421364
    endloop
  endfacet
  facet normal 0.165617749095 -0.545076668262 -0.821865081787
    outer loop
      vertex 0.312496751547 -0.0826968923211 2.47048687935
      vertex 0.287496745586 -0.0866473764181 2.45693421364
      vertex 0.287496745586 -0.0776590257883 2.47048687935
    endloop
  endfacet
  facet normal 0.0594068579376 -0.378799557686 -0.923570096493
    outer loop
      vertex 0.312496751547 -0.0882568731904 2.45693087578
      vertex 0.287496745586 -0.0866473764181 2.45693421364
      vertex 0.312496751547 -0.0826968923211 2.47048687935
    endloop
  endfacet
  facet normal 0.0715239867568 0.907769262791 -0.413327127695
    outer loop
      vertex 0.287496745586 -0.0797324255109 2.53340625763
      vertex 0.312496751547 -0.0721630752087 2.52799010277
      vertex 0.287496745586 -0.0678369626403 2.52799010277
    endloop
  endfacet
  facet normal -0.153106659651 0.491453170776 -0.857340157032
    outer loop
      vertex 0.287496745586 -0.0797324255109 2.53340625763
      vertex 0.312496751547 -0.0796855762601 2.5411131382
      vertex 0.312496751547 -0.0721630752087 2.52799010277
    endloop
  endfacet
  facet normal -0.109647102654 0.765822350979 0.633635282516
    outer loop
      vertex 0.312496751547 -0.0603144615889 2.53779363632
      vertex 0.287496745586 -0.0678369626403 2.52799010277
      vertex 0.312496751547 -0.0721630752087 2.52799010277
    endloop
  endfacet
  facet normal 0.109647586942 0.413839936256 0.90372222662
    outer loop
      vertex 0.312496751547 -0.0603144615889 2.53779363632
      vertex 0.287496745586 -0.0614341422915 2.54197216034
      vertex 0.287496745586 -0.0678369626403 2.52799010277
    endloop
  endfacet
  facet normal -0.0755690708756 -0.653836429119 0.752852737904
    outer loop
      vertex 0.312496751547 -0.068956643343 2.54774451256
      vertex 0.287496745586 -0.0614341422915 2.54197216034
      vertex 0.312496751547 -0.0603144615889 2.53779363632
    endloop
  endfacet
  facet normal 0.160297825933 -0.964964866638 0.20771946013
    outer loop
      vertex 0.312496751547 -0.068956643343 2.54774451256
      vertex 0.287496745586 -0.0758627429605 2.54507827759
      vertex 0.287496745586 -0.0614341422915 2.54197216034
    endloop
  endfacet
  facet normal -0.0544352754951 -0.849370419979 -0.524982571602
    outer loop
      vertex 0.312496751547 -0.0796855762601 2.5411131382
      vertex 0.287496745586 -0.0758627429605 2.54507827759
      vertex 0.312496751547 -0.068956643343 2.54774451256
    endloop
  endfacet
  facet normal 0.0948034971952 -0.313279032707 -0.944917201996
    outer loop
      vertex 0.312496751547 -0.0796855762601 2.5411131382
      vertex 0.287496745586 -0.0797324255109 2.53340625763
      vertex 0.287496745586 -0.0758627429605 2.54507827759
    endloop
  endfacet
  facet normal 0.0295134726912 -0.169052243233 -0.985165119171
    outer loop
      vertex 0.382470846176 -0.0615752600133 2.33632421494
      vertex 0.391713678837 -0.0617382563651 2.33698797226
      vertex 0.380753010511 -0.0632563233376 2.32622766495
    endloop
  endfacet
  facet normal 0.410324186087 -0.523332476616 -0.746831417084
    outer loop
      vertex 0.391713678837 -0.0617382563651 2.33698797226
      vertex 0.391491740942 -0.066550925374 2.32994604111
      vertex 0.380753010511 -0.0632563233376 2.32622766495
    endloop
  endfacet
  facet normal 0.768581748009 -0.377307146788 -0.516644358635
    outer loop
      vertex 0.391713678837 -0.0617382563651 2.33698797226
      vertex 0.397294819355 -0.0671891495585 2.34089303017
      vertex 0.391491740942 -0.066550925374 2.32994604111
    endloop
  endfacet
  facet normal 0.385080754757 -0.887302517891 -0.253785401583
    outer loop
      vertex 0.380753010511 -0.0632563233376 2.32622766495
      vertex 0.391491740942 -0.066550925374 2.32994604111
      vertex 0.385113537312 -0.0703538358212 2.32609009743
    endloop
  endfacet
  facet normal 0.644701361656 -0.60277557373 0.470129549503
    outer loop
      vertex 0.391491740942 -0.066550925374 2.32994604111
      vertex 0.394292771816 -0.073610112071 2.3384475708
      vertex 0.385113537312 -0.0703538358212 2.32609009743
    endloop
  endfacet
  facet normal 0.85597127676 -0.466722846031 0.222447544336
    outer loop
      vertex 0.397294819355 -0.0671891495585 2.34089303017
      vertex 0.394292771816 -0.073610112071 2.3384475708
      vertex 0.391491740942 -0.066550925374 2.32994604111
    endloop
  endfacet
  facet normal 0.536554038525 -0.56397163868 0.627730667591
    outer loop
      vertex 0.385113537312 -0.0703538358212 2.32609009743
      vertex 0.394292771816 -0.073610112071 2.3384475708
      vertex 0.38377481699 -0.0752952471375 2.33031654358
    endloop
  endfacet
  facet normal 0.0703554600477 0.114363640547 0.990944504738
    outer loop
      vertex 0.382598549128 -0.0743566229939 2.33917331696
      vertex 0.38377481699 -0.0752952471375 2.33031654358
      vertex 0.394292771816 -0.073610112071 2.3384475708
    endloop
  endfacet
  facet normal 0 1 0
    outer loop
      vertex 0.383652716875 -0.0707166194916 2.4144692421
      vertex 0.397399365902 -0.0679221153259 2.4144692421
      vertex 0.389999985695 -0.0615787245333 2.4144692421
    endloop
  endfacet
  facet normal 0 1 0
    outer loop
      vertex 0.397399365902 -0.0679221153259 2.4144692421
      vertex 0.383652716875 -0.0707166194916 2.4144692421
      vertex 0.392711371183 -0.0752349495888 2.4144692421
    endloop
  endfacet
  facet normal 0.691814661026 0.0188216306269 -0.721829771996
    outer loop
      vertex 0.391713678837 -0.0617382563651 2.33698797226
      vertex 0.39455857873 -0.0657819956541 2.38750100136
      vertex 0.397294819355 -0.0671891495585 2.34089303017
    endloop
  endfacet
  facet normal 0.0118957646191 0.0791267380118 -0.996793568134
    outer loop
      vertex 0.382470846176 -0.0615752600133 2.33632421494
      vertex 0.39455857873 -0.0657819956541 2.38750100136
      vertex 0.391713678837 -0.0617382563651 2.33698797226
    endloop
  endfacet
  facet normal -0.155805841088 0.117421150208 -0.980783760548
    outer loop
      vertex 0.382470846176 -0.0615752600133 2.33632421494
      vertex 0.383542478085 -0.0675319954753 2.38750100136
      vertex 0.39455857873 -0.0657819956541 2.38750100136
    endloop
  endfacet
  facet normal -0.983036994934 0.0413820035756 -0.178677842021
    outer loop
      vertex 0.38152384758 -0.0679555460811 2.3413772583
      vertex 0.383542478085 -0.0675319954753 2.38750100136
      vertex 0.382470846176 -0.0615752600133 2.33632421494
    endloop
  endfacet
  facet normal -0.98258882761 0.0446592569351 0.180346131325
    outer loop
      vertex 0.382598549128 -0.0743566229939 2.33917331696
      vertex 0.383542478085 -0.0675319954753 2.38750100136
      vertex 0.38152384758 -0.0679555460811 2.3413772583
    endloop
  endfacet
  facet normal -0.824162423611 0.0949433669448 0.55833864212
    outer loop
      vertex 0.382598549128 -0.0743566229939 2.33917331696
      vertex 0.389241158962 -0.0759438201785 2.38750100136
      vertex 0.383542478085 -0.0675319954753 2.38750100136
    endloop
  endfacet
  facet normal 0.0611089393497 -0.0411525294185 0.997282385826
    outer loop
      vertex 0.394292771816 -0.073610112071 2.3384475708
      vertex 0.389241158962 -0.0759438201785 2.38750100136
      vertex 0.382598549128 -0.0743566229939 2.33917331696
    endloop
  endfacet
  facet normal 0.883913755417 0.0690219253302 0.462528377771
    outer loop
      vertex 0.394292771816 -0.073610112071 2.3384475708
      vertex 0.39455857873 -0.0657819956541 2.38750100136
      vertex 0.389241158962 -0.0759438201785 2.38750100136
    endloop
  endfacet
  facet normal 0.894053697586 0.0658651143312 0.443091154099
    outer loop
      vertex 0.397294819355 -0.0671891495585 2.34089303017
      vertex 0.39455857873 -0.0657819956541 2.38750100136
      vertex 0.394292771816 -0.073610112071 2.3384475708
    endloop
  endfacet
  facet normal -1 -0 0
    outer loop
      vertex 0.264999985695 -0.0704093277454 2.33729171753
      vertex 0.264999985695 -0.0623181425035 2.32889866829
      vertex 0.264999985695 -0.0732458457351 2.32627367973
    endloop
  endfacet
  facet normal 0.00418837647885 -0.164931714535 -0.986296117306
    outer loop
      vertex 0.380753010511 -0.0632563233376 2.32622766495
      vertex 0.264999985695 -0.0623181425035 2.32889866829
      vertex 0.382470846176 -0.0615752600133 2.33632421494
    endloop
  endfacet
  facet normal -0.0205380562693 -0.97213691473 -0.233512282372
    outer loop
      vertex 0.380753010511 -0.0632563233376 2.32622766495
      vertex 0.264999985695 -0.0732458457351 2.32627367973
      vertex 0.264999985695 -0.0623181425035 2.32889866829
    endloop
  endfacet
  facet normal -0.0019654550124 -0.999832868576 -0.0181759260595
    outer loop
      vertex 0.385113537312 -0.0703538358212 2.32609009743
      vertex 0.264999985695 -0.0732458457351 2.32627367973
      vertex 0.380753010511 -0.0632563233376 2.32622766495
    endloop
  endfacet
  facet normal 0.0145447934046 -0.757916331291 0.652189612389
    outer loop
      vertex 0.38377481699 -0.0752952471375 2.33031654358
      vertex 0.264999985695 -0.0732458457351 2.32627367973
      vertex 0.385113537312 -0.0703538358212 2.32609009743
    endloop
  endfacet
  facet normal -0.0251878518611 0.249235138297 0.968115389347
    outer loop
      vertex 0.38377481699 -0.0752952471375 2.33031654358
      vertex 0.264999985695 -0.0704093277454 2.33729171753
      vertex 0.264999985695 -0.0732458457351 2.32627367973
    endloop
  endfacet
  facet normal -0.0349860824645 0.100728571415 0.994298636913
    outer loop
      vertex 0.382598549128 -0.0743566229939 2.33917331696
      vertex 0.264999985695 -0.0704093277454 2.33729171753
      vertex 0.38377481699 -0.0752952471375 2.33031654358
    endloop
  endfacet
  facet normal -0.026156341657 0.943843245506 0.329356580973
    outer loop
      vertex 0.38152384758 -0.0679555460811 2.3413772583
      vertex 0.264999985695 -0.0704093277454 2.33729171753
      vertex 0.382598549128 -0.0743566229939 2.33917331696
    endloop
  endfacet
  facet normal -0.0405007898808 0.780354499817 -0.624024450779
    outer loop
      vertex 0.382470846176 -0.0615752600133 2.33632421494
      vertex 0.264999985695 -0.0704093277454 2.33729171753
      vertex 0.38152384758 -0.0679555460811 2.3413772583
    endloop
  endfacet
  facet normal -0.0483679063618 0.693226635456 -0.71909481287
    outer loop
      vertex 0.382470846176 -0.0615752600133 2.33632421494
      vertex 0.264999985695 -0.0623181425035 2.32889866829
      vertex 0.264999985695 -0.0704093277454 2.33729171753
    endloop
  endfacet
  facet normal -1 0 0
    outer loop
      vertex 0.0250000096858 -0.0325000062585 2.38750100136
      vertex 0.0250000096858 -0.0899999961257 2.41250109673
      vertex 0.0250000096858 -0.0215000007302 2.41250109673
    endloop
  endfacet
  facet normal -1 0 0
    outer loop
      vertex 0.0250000096858 -0.0899999961257 2.38750100136
      vertex 0.0250000096858 -0.0899999961257 2.41250109673
      vertex 0.0250000096858 -0.0325000062585 2.38750100136
    endloop
  endfacet
  facet normal 0.329580426216 -0.000644442508928 0.944127261639
    outer loop
      vertex 0.0801438465714 -0.071801379323 2.38750100136
      vertex 0.0667608380318 -0.0764902457595 2.41250109673
      vertex 0.0662519857287 -0.0766508132219 2.38750100136
    endloop
  endfacet
  facet normal 0.0885016098619 -0.137648865581 0.986519277096
    outer loop
      vertex 0.0801438465714 -0.071801379323 2.38750100136
      vertex 0.0831300541759 -0.0750217437744 2.41250109673
      vertex 0.0667608380318 -0.0764902457595 2.41250109673
    endloop
  endfacet
  facet normal -0.971551716328 0.0877120867372 0.219986021519
    outer loop
      vertex 0.0832454189658 -0.0854992344975 2.38750100136
      vertex 0.0831300541759 -0.0750217437744 2.41250109673
      vertex 0.0801438465714 -0.071801379323 2.38750100136
    endloop
  endfacet
  facet normal -0.878131091595 -0.188362374902 -0.439778804779
    outer loop
      vertex 0.0832454189658 -0.0854992344975 2.38750100136
      vertex 0.0759709253907 -0.0893167704344 2.41250109673
      vertex 0.0831300541759 -0.0750217437744 2.41250109673
    endloop
  endfacet
  facet normal -0.324781030416 0.0497187077999 -0.944481492043
    outer loop
      vertex 0.0709742829204 -0.0897189378738 2.38750100136
      vertex 0.0759709253907 -0.0893167704344 2.41250109673
      vertex 0.0832454189658 -0.0854992344975 2.38750100136
    endloop
  endfacet
  facet normal 0.800565779209 -0.169252067804 -0.5748462677
    outer loop
      vertex 0.0709742829204 -0.0897189378738 2.38750100136
      vertex 0.0667608380318 -0.0764902457595 2.41250109673
      vertex 0.0759709253907 -0.0893167704344 2.41250109673
    endloop
  endfacet
  facet normal 0.940265476704 -0.0213202405721 -0.339773923159
    outer loop
      vertex 0.0662519857287 -0.0766508132219 2.38750100136
      vertex 0.0667608380318 -0.0764902457595 2.41250109673
      vertex 0.0709742829204 -0.0897189378738 2.38750100136
    endloop
  endfacet
  facet normal 0.866495728493 -0.13935777545 0.479337602854
    outer loop
      vertex 0.141361102462 -0.070828743279 2.38750100136
      vertex 0.150520965457 -0.0615387968719 2.41250109673
      vertex 0.142772302032 -0.0755460187793 2.41250109673
    endloop
  endfacet
  facet normal 0.488946020603 0.140754371881 0.860883235931
    outer loop
      vertex 0.155546009541 -0.0627722963691 2.38750100136
      vertex 0.150520965457 -0.0615387968719 2.41250109673
      vertex 0.141361102462 -0.070828743279 2.38750100136
    endloop
  endfacet
  facet normal -0.861158967018 -0.149115756154 0.485972970724
    outer loop
      vertex 0.155546009541 -0.0627722963691 2.38750100136
      vertex 0.158198624849 -0.0751438513398 2.41250109673
      vertex 0.150520965457 -0.0615387968719 2.41250109673
    endloop
  endfacet
  facet normal -0.99266064167 0.118131756783 -0.0258790310472
    outer loop
      vertex 0.155143842101 -0.0781986415386 2.38750100136
      vertex 0.158198624849 -0.0751438513398 2.41250109673
      vertex 0.155546009541 -0.0627722963691 2.38750100136
    endloop
  endfacet
  facet normal -0.0258790403605 -0.11813185364 -0.99266064167
    outer loop
      vertex 0.155143842101 -0.0781986415386 2.38750100136
      vertex 0.142772302032 -0.0755460187793 2.41250109673
      vertex 0.158198624849 -0.0751438513398 2.41250109673
    endloop
  endfacet
  facet normal 0.466999262571 0.13843229413 -0.873354554176
    outer loop
      vertex 0.141361102462 -0.070828743279 2.38750100136
      vertex 0.142772302032 -0.0755460187793 2.41250109673
      vertex 0.155143842101 -0.0781986415386 2.38750100136
    endloop
  endfacet
  facet normal 0.966140031815 -0.0578202009201 0.251456290483
    outer loop
      vertex 0.21596762538 -0.0711891427636 2.38750100136
      vertex 0.219993323088 -0.0614702105522 2.41250109673
      vertex 0.216470211744 -0.0750066787004 2.41250109673
    endloop
  endfacet
  facet normal 0.788406074047 0.108444310725 0.605521023273
    outer loop
      vertex 0.224644616246 -0.0598914399743 2.38750100136
      vertex 0.219993323088 -0.0614702105522 2.41250109673
      vertex 0.21596762538 -0.0711891427636 2.38750100136
    endloop
  endfacet
  facet normal -0.349763035774 -0.123717106879 0.928633332253
    outer loop
      vertex 0.224644616246 -0.0598914399743 2.38750100136
      vertex 0.23374800384 -0.0666508078575 2.41250109673
      vertex 0.219993323088 -0.0614702105522 2.41250109673
    endloop
  endfacet
  facet normal -0.603210747242 0.00400726730004 0.797571778297
    outer loop
      vertex 0.234534978867 -0.0673716068268 2.38750100136
      vertex 0.23374800384 -0.0666508078575 2.41250109673
      vertex 0.224644616246 -0.0598914399743 2.38750100136
    endloop
  endfacet
  facet normal -0.930932998657 -0.039770744741 -0.363017976284
    outer loop
      vertex 0.234534978867 -0.0673716068268 2.38750100136
      vertex 0.228670328856 -0.0796721503139 2.41250109673
      vertex 0.23374800384 -0.0666508078575 2.41250109673
    endloop
  endfacet
  facet normal -0.881625235081 0.0250650495291 -0.47128406167
    outer loop
      vertex 0.227959558368 -0.0796721503139 2.38750100136
      vertex 0.228670328856 -0.0796721503139 2.41250109673
      vertex 0.234534978867 -0.0673716068268 2.38750100136
    endloop
  endfacet
  facet normal 0.357167214155 -0.010154443793 -0.933985233307
    outer loop
      vertex 0.227959558368 -0.0796721503139 2.38750100136
      vertex 0.216470211744 -0.0750066787004 2.41250109673
      vertex 0.228670328856 -0.0796721503139 2.41250109673
    endloop
  endfacet
  facet normal 0.573850154877 0.112337216735 -0.811219036579
    outer loop
      vertex 0.21596762538 -0.0711891427636 2.38750100136
      vertex 0.216470211744 -0.0750066787004 2.41250109673
      vertex 0.227959558368 -0.0796721503139 2.38750100136
    endloop
  endfacet
  facet normal 0 1 0
    outer loop
      vertex 0.0759709253907 -0.0893167704344 2.41250109673
      vertex 0.0667608380318 -0.0764902457595 2.41250109673
      vertex 0.0250000096858 -0.0899999961257 2.41250109673
    endloop
  endfacet
  facet normal 0 1 0
    outer loop
      vertex 0.0250000096858 -0.119999997318 2.41250109673
      vertex 0.0759709253907 -0.0893167704344 2.41250109673
      vertex 0.0250000096858 -0.0899999961257 2.41250109673
    endloop
  endfacet
  facet normal 0.000254429818597 0.999999880791 0.000422658398747
    outer loop
      vertex 0.287496745586 -0.119999997318 2.41243433952
      vertex 0.0759709253907 -0.0893167704344 2.41250109673
      vertex 0.0250000096858 -0.119999997318 2.41250109673
    endloop
  endfacet
  facet normal 0 1 0
    outer loop
      vertex 0.0250000096858 -0.0899999961257 2.41250109673
      vertex 0.0667608380318 -0.0764902457595 2.41250109673
      vertex 0.0250000096858 -0.0215000007302 2.41250109673
    endloop
  endfacet
  facet normal 0.000240092704189 0.999999701977 -0.000752686581109
    outer loop
      vertex 0.0250000096858 -0.0215000007302 2.41250109673
      vertex 0.150520965457 -0.0615387968719 2.41250109673
      vertex 0.287496745586 -0.0164999980479 2.41243433952
    endloop
  endfacet
  facet normal 0 1 0
    outer loop
      vertex 0.150520965457 -0.0615387968719 2.41250109673
      vertex 0.0667608380318 -0.0764902457595 2.41250109673
      vertex 0.0831300541759 -0.0750217437744 2.41250109673
    endloop
  endfacet
  facet normal 0 1 0
    outer loop
      vertex 0.150520965457 -0.0615387968719 2.41250109673
      vertex 0.0250000096858 -0.0215000007302 2.41250109673
      vertex 0.0667608380318 -0.0764902457595 2.41250109673
    endloop
  endfacet
  facet normal 0.000895840697922 0.999999523163 0.00034933371353
    outer loop
      vertex 0.23374800384 -0.0666508078575 2.41250109673
      vertex 0.228670328856 -0.0796721503139 2.41250109673
      vertex 0.287496745586 -0.119999997318 2.41243433952
    endloop
  endfacet
  facet normal 0.00124257721473 0.99999922514 -0
    outer loop
      vertex 0.287496745586 -0.0164999980479 2.41243433952
      vertex 0.23374800384 -0.0666508078575 2.41250109673
      vertex 0.287496745586 -0.119999997318 2.41243433952
    endloop
  endfacet
  facet normal 0.00035733889672 0.999999463558 -0.000948747503571
    outer loop
      vertex 0.219993323088 -0.0614702105522 2.41250109673
      vertex 0.23374800384 -0.0666508078575 2.41250109673
      vertex 0.287496745586 -0.0164999980479 2.41243433952
    endloop
  endfacet
  facet normal -1.46838237924e-06 0.999998867512 -0.00148734124377
    outer loop
      vertex 0.150520965457 -0.0615387968719 2.41250109673
      vertex 0.219993323088 -0.0614702105522 2.41250109673
      vertex 0.287496745586 -0.0164999980479 2.41243433952
    endloop
  endfacet
  facet normal -0 1 0
    outer loop
      vertex 0.150520965457 -0.0615387968719 2.41250109673
      vertex 0.216470211744 -0.0750066787004 2.41250109673
      vertex 0.219993323088 -0.0614702105522 2.41250109673
    endloop
  endfacet
  facet normal 0 1 0
    outer loop
      vertex 0.158198624849 -0.0751438513398 2.41250109673
      vertex 0.216470211744 -0.0750066787004 2.41250109673
      vertex 0.150520965457 -0.0615387968719 2.41250109673
    endloop
  endfacet
  facet normal -0 1 0
    outer loop
      vertex 0.0831300541759 -0.0750217437744 2.41250109673
      vertex 0.142772302032 -0.0755460187793 2.41250109673
      vertex 0.150520965457 -0.0615387968719 2.41250109673
    endloop
  endfacet
  facet normal 0 1 0
    outer loop
      vertex 0.0759709253907 -0.0893167704344 2.41250109673
      vertex 0.142772302032 -0.0755460187793 2.41250109673
      vertex 0.0831300541759 -0.0750217437744 2.41250109673
    endloop
  endfacet
  facet normal 0.000185329467058 0.999999582767 0.000899025879335
    outer loop
      vertex 0.287496745586 -0.119999997318 2.41243433952
      vertex 0.142772302032 -0.0755460187793 2.41250109673
      vertex 0.0759709253907 -0.0893167704344 2.41250109673
    endloop
  endfacet
  facet normal 3.61034508387e-05 0.999999046326 0.00138484558556
    outer loop
      vertex 0.287496745586 -0.119999997318 2.41243433952
      vertex 0.158198624849 -0.0751438513398 2.41250109673
      vertex 0.142772302032 -0.0755460187793 2.41250109673
    endloop
  endfacet
  facet normal -0.000117422147014 0.99999833107 0.00182738294825
    outer loop
      vertex 0.228670328856 -0.0796721503139 2.41250109673
      vertex 0.158198624849 -0.0751438513398 2.41250109673
      vertex 0.287496745586 -0.119999997318 2.41243433952
    endloop
  endfacet
  facet normal 0 1 -0
    outer loop
      vertex 0.216470211744 -0.0750066787004 2.41250109673
      vertex 0.158198624849 -0.0751438513398 2.41250109673
      vertex 0.228670328856 -0.0796721503139 2.41250109673
    endloop
  endfacet
  facet normal 0.071129463613 0.99746710062 -0
    outer loop
      vertex 0.425000011921 -0.0215000007302 2.41250109673
      vertex 0.397399365902 -0.0679221153259 2.4144692421
      vertex 0.425000011921 -0.0899999961257 2.41250109673
    endloop
  endfacet
  facet normal 0.0240592546761 0.999316513538 -0.0280643962324
    outer loop
      vertex 0.425000011921 -0.0215000007302 2.41250109673
      vertex 0.389999985695 -0.0615787245333 2.4144692421
      vertex 0.397399365902 -0.0679221153259 2.4144692421
    endloop
  endfacet
  facet normal 0.00152778462507 0.998859643936 -0.0477182902396
    outer loop
      vertex 0.389999985695 -0.0615787245333 2.4144692421
      vertex 0.425000011921 -0.0215000007302 2.41250109673
      vertex 0.312496751547 -0.0164999980479 2.41243433952
    endloop
  endfacet
  facet normal -0.0186964944005 0.999740839005 -0.0129867438227
    outer loop
      vertex 0.383652716875 -0.0707166194916 2.4144692421
      vertex 0.389999985695 -0.0615787245333 2.4144692421
      vertex 0.312496751547 -0.0164999980479 2.41243433952
    endloop
  endfacet
  facet normal -0.0285873450339 0.999591290951 0
    outer loop
      vertex 0.312496751547 -0.119999997318 2.41243433952
      vertex 0.383652716875 -0.0707166194916 2.4144692421
      vertex 0.312496751547 -0.0164999980479 2.41243433952
    endloop
  endfacet
  facet normal -0.0119688920677 0.999640405178 0.0239959619939
    outer loop
      vertex 0.312496751547 -0.119999997318 2.41243433952
      vertex 0.392711371183 -0.0752349495888 2.4144692421
      vertex 0.383652716875 -0.0707166194916 2.4144692421
    endloop
  endfacet
  facet normal -0.000593060802203 0.999015808105 0.0443519502878
    outer loop
      vertex 0.425000011921 -0.119999997318 2.41250109673
      vertex 0.392711371183 -0.0752349495888 2.4144692421
      vertex 0.312496751547 -0.119999997318 2.41243433952
    endloop
  endfacet
  facet normal 0.0608436055481 0.998147308826 -0
    outer loop
      vertex 0.425000011921 -0.0899999961257 2.41250109673
      vertex 0.392711371183 -0.0752349495888 2.4144692421
      vertex 0.425000011921 -0.119999997318 2.41250109673
    endloop
  endfacet
  facet normal 0.0470643825829 0.99843609333 0.0301713347435
    outer loop
      vertex 0.425000011921 -0.0899999961257 2.41250109673
      vertex 0.397399365902 -0.0679221153259 2.4144692421
      vertex 0.392711371183 -0.0752349495888 2.4144692421
    endloop
  endfacet
  facet normal 0 -1 0
    outer loop
      vertex 0.425000011921 -0.0899999961257 2.38750100136
      vertex 0.389241158962 -0.0759438201785 2.38750100136
      vertex 0.39455857873 -0.0657819956541 2.38750100136
    endloop
  endfacet
  facet normal -0 -1 -0
    outer loop
      vertex 0.39455857873 -0.0657819956541 2.38750100136
      vertex 0.383542478085 -0.0675319954753 2.38750100136
      vertex 0.425000011921 -0.0325000062585 2.38750100136
    endloop
  endfacet
  facet normal 0 -1 0
    outer loop
      vertex 0.0250000096858 -0.0325000062585 2.38750100136
      vertex 0.0801438465714 -0.071801379323 2.38750100136
      vertex 0.0662519857287 -0.0766508132219 2.38750100136
    endloop
  endfacet
  facet normal 0 -1 0
    outer loop
      vertex 0.0662519857287 -0.0766508132219 2.38750100136
      vertex 0.0709742829204 -0.0897189378738 2.38750100136
      vertex 0.0250000096858 -0.0899999961257 2.38750100136
    endloop
  endfacet
  facet normal 0 -1 0
    outer loop
      vertex 0.0832454189658 -0.0854992344975 2.38750100136
      vertex 0.141361102462 -0.070828743279 2.38750100136
      vertex 0.155143842101 -0.0781986415386 2.38750100136
    endloop
  endfacet
  facet normal 0 -1 0
    outer loop
      vertex 0.0801438465714 -0.071801379323 2.38750100136
      vertex 0.141361102462 -0.070828743279 2.38750100136
      vertex 0.0832454189658 -0.0854992344975 2.38750100136
    endloop
  endfacet
  facet normal 0 -1 -0
    outer loop
      vertex 0.383542478085 -0.0675319954753 2.38750100136
      vertex 0.224644616246 -0.0598914399743 2.38750100136
      vertex 0.425000011921 -0.0325000062585 2.38750100136
    endloop
  endfacet
  facet normal 0 -1 0
    outer loop
      vertex 0.383542478085 -0.0675319954753 2.38750100136
      vertex 0.234534978867 -0.0673716068268 2.38750100136
      vertex 0.224644616246 -0.0598914399743 2.38750100136
    endloop
  endfacet
  facet normal -0 -1 0
    outer loop
      vertex 0.383542478085 -0.0675319954753 2.38750100136
      vertex 0.227959558368 -0.0796721503139 2.38750100136
      vertex 0.234534978867 -0.0673716068268 2.38750100136
    endloop
  endfacet
  facet normal -0 -1 0
    outer loop
      vertex 0.389241158962 -0.0759438201785 2.38750100136
      vertex 0.227959558368 -0.0796721503139 2.38750100136
      vertex 0.383542478085 -0.0675319954753 2.38750100136
    endloop
  endfacet
  facet normal 0 -1 0
    outer loop
      vertex 0.155143842101 -0.0781986415386 2.38750100136
      vertex 0.21596762538 -0.0711891427636 2.38750100136
      vertex 0.227959558368 -0.0796721503139 2.38750100136
    endloop
  endfacet
  facet normal 0 -1 0
    outer loop
      vertex 0.155546009541 -0.0627722963691 2.38750100136
      vertex 0.21596762538 -0.0711891427636 2.38750100136
      vertex 0.155143842101 -0.0781986415386 2.38750100136
    endloop
  endfacet
  facet normal 0 -1 0
    outer loop
      vertex 0.155546009541 -0.0627722963691 2.38750100136
      vertex 0.224644616246 -0.0598914399743 2.38750100136
      vertex 0.21596762538 -0.0711891427636 2.38750100136
    endloop
  endfacet
  facet normal 0 -1 -0
    outer loop
      vertex 0.155546009541 -0.0627722963691 2.38750100136
      vertex 0.0250000096858 -0.0164999980479 2.38750100136
      vertex 0.224644616246 -0.0598914399743 2.38750100136
    endloop
  endfacet
  facet normal 0 -1 0
    outer loop
      vertex 0.0250000096858 -0.0205000042915 2.38750100136
      vertex 0.0250000096858 -0.0164999980479 2.38750100136
      vertex 0.155546009541 -0.0627722963691 2.38750100136
    endloop
  endfacet
  facet normal 0 -1 0
    outer loop
      vertex 0.0801438465714 -0.071801379323 2.38750100136
      vertex 0.155546009541 -0.0627722963691 2.38750100136
      vertex 0.141361102462 -0.070828743279 2.38750100136
    endloop
  endfacet
  facet normal 0 -1 0
    outer loop
      vertex 0.0250000096858 -0.0325000062585 2.38750100136
      vertex 0.155546009541 -0.0627722963691 2.38750100136
      vertex 0.0801438465714 -0.071801379323 2.38750100136
    endloop
  endfacet
  facet normal 0 -1 0
    outer loop
      vertex 0.0250000096858 -0.0205000042915 2.38750100136
      vertex 0.155546009541 -0.0627722963691 2.38750100136
      vertex 0.0250000096858 -0.0325000062585 2.38750100136
    endloop
  endfacet
  facet normal 0 -1 0
    outer loop
      vertex 0.0250000096858 -0.0325000062585 2.38750100136
      vertex 0.0662519857287 -0.0766508132219 2.38750100136
      vertex 0.0250000096858 -0.0899999961257 2.38750100136
    endloop
  endfacet
  facet normal 0 -1 0
    outer loop
      vertex 0.0250000096858 -0.119999997318 2.38750100136
      vertex 0.0709742829204 -0.0897189378738 2.38750100136
      vertex 0.0832454189658 -0.0854992344975 2.38750100136
    endloop
  endfacet
  facet normal 0 -1 0
    outer loop
      vertex 0.0250000096858 -0.0899999961257 2.38750100136
      vertex 0.0709742829204 -0.0897189378738 2.38750100136
      vertex 0.0250000096858 -0.119999997318 2.38750100136
    endloop
  endfacet
  facet normal 0 -1 0
    outer loop
      vertex 0.155143842101 -0.0781986415386 2.38750100136
      vertex 0.0250000096858 -0.119999997318 2.38750100136
      vertex 0.0832454189658 -0.0854992344975 2.38750100136
    endloop
  endfacet
  facet normal -0 -1 0
    outer loop
      vertex 0.227959558368 -0.0796721503139 2.38750100136
      vertex 0.0250000096858 -0.119999997318 2.38750100136
      vertex 0.155143842101 -0.0781986415386 2.38750100136
    endloop
  endfacet
  facet normal 0 -1 0
    outer loop
      vertex 0.227959558368 -0.0796721503139 2.38750100136
      vertex 0.425000011921 -0.119999997318 2.38750100136
      vertex 0.0250000096858 -0.119999997318 2.38750100136
    endloop
  endfacet
  facet normal 0 -1 0
    outer loop
      vertex 0.425000011921 -0.0899999961257 2.38750100136
      vertex 0.227959558368 -0.0796721503139 2.38750100136
      vertex 0.389241158962 -0.0759438201785 2.38750100136
    endloop
  endfacet
  facet normal 0 -1 -0
    outer loop
      vertex 0.425000011921 -0.119999997318 2.38750100136
      vertex 0.227959558368 -0.0796721503139 2.38750100136
      vertex 0.425000011921 -0.0899999961257 2.38750100136
    endloop
  endfacet
  facet normal 0 -1 -0
    outer loop
      vertex 0.425000011921 -0.0899999961257 2.38750100136
      vertex 0.39455857873 -0.0657819956541 2.38750100136
      vertex 0.425000011921 -0.0325000062585 2.38750100136
    endloop
  endfacet
  facet normal 0 -1 0
    outer loop
      vertex 0.224644616246 -0.0598914399743 2.38750100136
      vertex 0.425000011921 -0.0205000042915 2.38750100136
      vertex 0.425000011921 -0.0325000062585 2.38750100136
    endloop
  endfacet
  facet normal 0 -1 0
    outer loop
      vertex 0.224644616246 -0.0598914399743 2.38750100136
      vertex 0.425000011921 -0.0164999980479 2.38750100136
      vertex 0.425000011921 -0.0205000042915 2.38750100136
    endloop
  endfacet
  facet normal 0 -1 0
    outer loop
      vertex 0.0250000096858 -0.0164999980479 2.38750100136
      vertex 0.425000011921 -0.0164999980479 2.38750100136
      vertex 0.224644616246 -0.0598914399743 2.38750100136
    endloop
  endfacet
  facet normal 0 1 0
    outer loop
      vertex 0.312496751547 -0.0899999961257 2.67493438721
      vertex 0.287496745586 -0.0325000062585 2.67493438721
      vertex 0.287496745586 -0.0899999961257 2.67493438721
    endloop
  endfacet
  facet normal 0 1 -0
    outer loop
      vertex 0.312496751547 -0.0215000007302 2.67493438721
      vertex 0.287496745586 -0.0325000062585 2.67493438721
      vertex 0.312496751547 -0.0899999961257 2.67493438721
    endloop
  endfacet
  facet normal -0 1 0
    outer loop
      vertex 0.287496745586 -0.0205000042915 2.67493438721
      vertex 0.312496751547 -0.0215000007302 2.67493438721
      vertex 0.287496745586 -0.0164999980479 2.67493438721
    endloop
  endfacet
  facet normal 0 0.999439835548 -0.0334659405053
    outer loop
      vertex 0.449999988079 -0.119999997318 2.70000100136
      vertex 0.00401824759319 3.85360587885e-09 2.69598293304
      vertex 3.47693784875e-09 -0.119999997318 2.70000100136
    endloop
  endfacet
  facet normal 0 0.999439835548 -0.0334659405053
    outer loop
      vertex 0.445981740952 3.85360587885e-09 2.69598293304
      vertex 0.00401824759319 3.85360587885e-09 2.69598293304
      vertex 0.449999988079 -0.119999997318 2.70000100136
    endloop
  endfacet
  facet normal 0 0 1
    outer loop
      vertex 0.287496745586 -0.119999997318 2.67493438721
      vertex 3.47693784875e-09 -0.119999997318 2.70000100136
      vertex 0.0250000096858 -0.119999997318 2.67500090599
    endloop
  endfacet
  facet normal 0 -0 1
    outer loop
      vertex 0.287496745586 -0.119999997318 2.67493438721
      vertex 0.449999988079 -0.119999997318 2.70000100136
      vertex 3.47693784875e-09 -0.119999997318 2.70000100136
    endloop
  endfacet
  facet normal 0 -0 1
    outer loop
      vertex 0.312496751547 -0.119999997318 2.67493438721
      vertex 0.449999988079 -0.119999997318 2.70000100136
      vertex 0.287496745586 -0.119999997318 2.67493438721
    endloop
  endfacet
  facet normal 0 -0 1
    outer loop
      vertex 0.425000011921 -0.119999997318 2.67500090599
      vertex 0.449999988079 -0.119999997318 2.70000100136
      vertex 0.312496751547 -0.119999997318 2.67493438721
    endloop
  endfacet
  facet normal -0 -0.678646981716 -0.734464645386
    outer loop
      vertex 0.42870721221 -0.086513005197 2.67870807648
      vertex 0.287496745586 -0.0899999961257 2.67493438721
      vertex 0.0212928280234 -0.086513005197 2.67870807648
    endloop
  endfacet
  facet normal 1.38735278277e-17 -0.678646981716 -0.734464645386
    outer loop
      vertex 0.42870721221 -0.086513005197 2.67870807648
      vertex 0.312496751547 -0.0899999961257 2.67493438721
      vertex 0.287496745586 -0.0899999961257 2.67493438721
    endloop
  endfacet
  facet normal 0 0.277304261923 -0.960782170296
    outer loop
      vertex 0.00512699224055 -0.0818471685052 0.00512794265524
      vertex 0.0212928280234 -0.086513005197 0.0212937779725
      vertex 0.42870721221 -0.086513005197 0.0212937779725
    endloop
  endfacet
  facet normal 0.277374714613 -7.63231073506e-05 -0.960761785507
    outer loop
      vertex 0.00480995513499 -0.0815419405699 2.69519114494
      vertex 0.0212928280234 -0.086513005197 0.0212937779725
      vertex 0.00512699224055 -0.0818471685052 0.00512794265524
    endloop
  endfacet
  facet normal 0.288744091988 0 -0.95740634203
    outer loop
      vertex 0.0212928280234 -0.086513005197 2.67870807648
      vertex 0.0212928280234 -0.086513005197 0.0212937779725
      vertex 0.00480995513499 -0.0815419405699 2.69519114494
    endloop
  endfacet
  facet normal 1.15951686386e-18 0.277304261923 -0.960782170296
    outer loop
      vertex 0.42870721221 -0.086513005197 0.0212937779725
      vertex 0.444873005152 -0.0818471685052 0.00512794265524
      vertex 0.00512699224055 -0.0818471685052 0.00512794265524
    endloop
  endfacet
  facet normal -0.277334690094 -3.22656414937e-05 -0.960773348808
    outer loop
      vertex 0.42870721221 -0.086513005197 0.0212937779725
      vertex 0.445177972317 -0.0816687941551 2.6951789856
      vertex 0.444873005152 -0.0818471685052 0.00512794265524
    endloop
  endfacet
  facet normal -0.282159268856 -0 -0.959367573261
    outer loop
      vertex 0.42870721221 -0.086513005197 2.67870807648
      vertex 0.445177972317 -0.0816687941551 2.6951789856
      vertex 0.42870721221 -0.086513005197 0.0212937779725
    endloop
  endfacet
  facet normal 0.000268605421297 -0.282405853271 -0.959294974804
    outer loop
      vertex 0.42870721221 -0.086513005197 2.67870807648
      vertex 0.00480995513499 -0.0815419405699 2.69519114494
      vertex 0.445177972317 -0.0816687941551 2.6951789856
    endloop
  endfacet
  facet normal 0 -0.288744091988 -0.95740634203
    outer loop
      vertex 0.0212928280234 -0.086513005197 2.67870807648
      vertex 0.00480995513499 -0.0815419405699 2.69519114494
      vertex 0.42870721221 -0.086513005197 2.67870807648
    endloop
  endfacet
  facet normal -0 -1 -0.000232970429352
    outer loop
      vertex 0.445200324059 -0.0373316816986 2.69520139694
      vertex 0.00480995513499 -0.0815419405699 2.69519114494
      vertex 0.00479965563864 -0.0373316816986 2.69520139694
    endloop
  endfacet
  facet normal -2.726340972e-05 -0.999999880791 -0.000504548661411
    outer loop
      vertex 0.445177972317 -0.0816687941551 2.6951789856
      vertex 0.00480995513499 -0.0815419405699 2.69519114494
      vertex 0.445200324059 -0.0373316816986 2.69520139694
    endloop
  endfacet
  facet normal 0.000703985802829 -0.115772843361 0.993275463581
    outer loop
      vertex 0.00479965563864 -0.0373316816986 2.69520139694
      vertex 0.0230325888842 -0.0351935885847 2.67696833611
      vertex 0.426357358694 -0.0348366312683 2.67635846138
    endloop
  endfacet
  facet normal 0.116216883063 -0.000253895792412 0.993223845959
    outer loop
      vertex 0.00479965563864 -0.0373316816986 2.69520139694
      vertex 0.0236905217171 -0.0344383530319 0.0236915107816
      vertex 0.0230325888842 -0.0351935885847 2.67696833611
    endloop
  endfacet
  facet normal 0.151394754648 -0 0.98847335577
    outer loop
      vertex 0.00479965563864 -0.0373316816986 0.00480060605332
      vertex 0.0236905217171 -0.0344383530319 0.0236915107816
      vertex 0.00479965563864 -0.0373316816986 2.69520139694
    endloop
  endfacet
  facet normal -0.000841567583848 0.152216613293 0.988346815109
    outer loop
      vertex 0.00479965563864 -0.0373316816986 0.00480060605332
      vertex 0.42635256052 -0.0347878597677 0.0236483812332
      vertex 0.0236905217171 -0.0344383530319 0.0236915107816
    endloop
  endfacet
  facet normal 0 0.133754014969 0.991014540195
    outer loop
      vertex 0.445200324059 -0.0373316816986 0.00480060605332
      vertex 0.42635256052 -0.0347878597677 0.0236483812332
      vertex 0.00479965563864 -0.0373316816986 0.00480060605332
    endloop
  endfacet
  facet normal -0.133754014969 0 0.991014540195
    outer loop
      vertex 0.445200324059 -0.0373316816986 2.69520139694
      vertex 0.42635256052 -0.0347878597677 0.0236483812332
      vertex 0.445200324059 -0.0373316816986 0.00480060605332
    endloop
  endfacet
  facet normal -0.13124923408 -1.79900252988e-05 0.99134939909
    outer loop
      vertex 0.445200324059 -0.0373316816986 2.69520139694
      vertex 0.426357358694 -0.0348366312683 2.67635846138
      vertex 0.42635256052 -0.0347878597677 0.0236483812332
    endloop
  endfacet
  facet normal 0 -0.13126718998 0.991347014904
    outer loop
      vertex 0.00479965563864 -0.0373316816986 2.69520139694
      vertex 0.426357358694 -0.0348366312683 2.67635846138
      vertex 0.445200324059 -0.0373316816986 2.69520139694
    endloop
  endfacet
  facet normal -0.000770021579228 -0.832931756973 0.553375184536
    outer loop
      vertex 0.287496745586 -0.0325000062585 2.67493438721
      vertex 0.426357358694 -0.0348366312683 2.67635846138
      vertex 0.0230325888842 -0.0351935885847 2.67696833611
    endloop
  endfacet
  facet normal 0.00987426377833 -0.999699413776 0.0224415063858
    outer loop
      vertex 0.312496751547 -0.0215000007302 2.67493438721
      vertex 0.426357358694 -0.0348366312683 2.67635846138
      vertex 0.287496745586 -0.0325000062585 2.67493438721
    endloop
  endfacet
  facet normal 0.000722385069821 -0.816004574299 -0.578044950962
    outer loop
      vertex 0.426967650652 -0.0178025998175 2.67696857452
      vertex 0.287496745586 -0.0205000042915 2.67493438721
      vertex 0.0236440524459 -0.018162086606 2.67635703087
    endloop
  endfacet
  facet normal 0.00954721495509 -0.971051037312 -0.238681167364
    outer loop
      vertex 0.426967650652 -0.0178025998175 2.67696857452
      vertex 0.312496751547 -0.0215000007302 2.67493438721
      vertex 0.287496745586 -0.0205000042915 2.67493438721
    endloop
  endfacet
  facet normal -0.000705600017682 -0.118317380548 -0.992975592613
    outer loop
      vertex 0.00657383631915 -0.0161402281374 2.69342708588
      vertex 0.426967650652 -0.0178025998175 2.67696857452
      vertex 0.0236440524459 -0.018162086606 2.67635703087
    endloop
  endfacet
  facet normal -0 -0.100492663682 -0.994937777519
    outer loop
      vertex 0.443426162004 -0.0161402281374 2.69342708588
      vertex 0.426967650652 -0.0178025998175 2.67696857452
      vertex 0.00657383631915 -0.0161402281374 2.69342708588
    endloop
  endfacet
  facet normal -0 -0.987694680691 -0.156394332647
    outer loop
      vertex 0.445981740952 3.85360587885e-09 2.69598293304
      vertex 0.00657383631915 -0.0161402281374 2.69342708588
      vertex 0.00401824759319 3.85360587885e-09 2.69598293304
    endloop
  endfacet
  facet normal -0 -0.987694680691 -0.156394332647
    outer loop
      vertex 0.443426162004 -0.0161402281374 2.69342708588
      vertex 0.00657383631915 -0.0161402281374 2.69342708588
      vertex 0.445981740952 3.85360587885e-09 2.69598293304
    endloop
  endfacet
  facet normal 0.000587911694311 -0.993934690952 -0.109970383346
    outer loop
      vertex 0.312496751547 -0.119999997318 2.67493438721
      vertex 0.42870721221 -0.086513005197 2.67870807648
      vertex 0.425000011921 -0.119999997318 2.67500090599
    endloop
  endfacet
  facet normal 0.0324566289783 -0.999473154545 0
    outer loop
      vertex 0.312496751547 -0.0899999961257 2.67493438721
      vertex 0.42870721221 -0.086513005197 2.67870807648
      vertex 0.312496751547 -0.119999997318 2.67493438721
    endloop
  endfacet
  facet normal -0.000251971621765 -0.993930757046 -0.11000713706
    outer loop
      vertex 0.0212928280234 -0.086513005197 2.67870807648
      vertex 0.287496745586 -0.119999997318 2.67493438721
      vertex 0.0250000096858 -0.119999997318 2.67500090599
    endloop
  endfacet
  facet normal -0.0141748795286 -0.999899506569 0
    outer loop
      vertex 0.287496745586 -0.0899999961257 2.67493438721
      vertex 0.287496745586 -0.119999997318 2.67493438721
      vertex 0.0212928280234 -0.086513005197 2.67870807648
    endloop
  endfacet
  facet normal 0.016620522365 -0.999241948128 -0.0352030694485
    outer loop
      vertex 0.426357358694 -0.0348366312683 2.67635846138
      vertex 0.312496751547 -0.0215000007302 2.67493438721
      vertex 0.426967650652 -0.0178025998175 2.67696857452
    endloop
  endfacet
  facet normal -0.00570407928899 -0.99934720993 0.0356736667454
    outer loop
      vertex 0.287496745586 -0.0205000042915 2.67493438721
      vertex 0.0230325888842 -0.0351935885847 2.67696833611
      vertex 0.0236440524459 -0.018162086606 2.67635703087
    endloop
  endfacet
  facet normal -0.00769089581445 -0.999970436096 -0
    outer loop
      vertex 0.287496745586 -0.0325000062585 2.67493438721
      vertex 0.0230325888842 -0.0351935885847 2.67696833611
      vertex 0.287496745586 -0.0205000042915 2.67493438721
    endloop
  endfacet
  facet normal -1 0 0
    outer loop
      vertex 0.0250000096858 -0.0205000042915 2.38750100136
      vertex 0.0250000096858 -0.0215000007302 2.41250109673
      vertex 0.0250000096858 -0.0164999980479 2.38750100136
    endloop
  endfacet
  facet normal -1 0 0
    outer loop
      vertex 0.0250000096858 -0.0325000062585 1.4875010252
      vertex 0.0250000096858 -0.0899999961257 1.51250100136
      vertex 0.0250000096858 -0.0325000062585 1.51250100136
    endloop
  endfacet
  facet normal -1 0 0
    outer loop
      vertex 0.0250000096858 -0.0899999961257 1.4875010252
      vertex 0.0250000096858 -0.0899999961257 1.51250100136
      vertex 0.0250000096858 -0.0325000062585 1.4875010252
    endloop
  endfacet
  facet normal 0.00662892730907 0.106062807143 -0.994337320328
    outer loop
      vertex 0.0250000096858 -0.0164999980479 1.50000095367
      vertex 0.425000011921 -0.0205000042915 1.51250100136
      vertex 0.425000011921 -0.0185000021011 1.49375104904
    endloop
  endfacet
  facet normal 0 0.304776310921 -0.952423989773
    outer loop
      vertex 0.0250000096858 -0.0205000042915 1.51250100136
      vertex 0.425000011921 -0.0205000042915 1.51250100136
      vertex 0.0250000096858 -0.0164999980479 1.50000095367
    endloop
  endfacet
  facet normal 0 1 0
    outer loop
      vertex 0.0250000096858 -0.0205000042915 1.51250100136
      vertex 0.425000011921 -0.0325000062585 1.51250100136
      vertex 0.425000011921 -0.0205000042915 1.51250100136
    endloop
  endfacet
  facet normal -0 1 0
    outer loop
      vertex 0.0250000096858 -0.0325000062585 1.51250100136
      vertex 0.425000011921 -0.0325000062585 1.51250100136
      vertex 0.0250000096858 -0.0205000042915 1.51250100136
    endloop
  endfacet
  facet normal 0 1 0
    outer loop
      vertex 0.0250000096858 -0.0325000062585 1.51250100136
      vertex 0.425000011921 -0.0899999961257 1.51250100136
      vertex 0.425000011921 -0.0325000062585 1.51250100136
    endloop
  endfacet
  facet normal -0 1 0
    outer loop
      vertex 0.0250000096858 -0.0899999961257 1.51250100136
      vertex 0.425000011921 -0.0899999961257 1.51250100136
      vertex 0.0250000096858 -0.0325000062585 1.51250100136
    endloop
  endfacet
  facet normal -0 0.923076987267 0.384615182877
    outer loop
      vertex 0.0250000096858 -0.0899999961257 1.51250100136
      vertex 0.425000011921 -0.119999997318 1.50000095367
      vertex 0.425000011921 -0.0899999961257 1.51250100136
    endloop
  endfacet
  facet normal -0 0.923076987267 0.384615182877
    outer loop
      vertex 0.0250000096858 -0.119999997318 1.50000095367
      vertex 0.425000011921 -0.119999997318 1.50000095367
      vertex 0.0250000096858 -0.0899999961257 1.51250100136
    endloop
  endfacet
  facet normal 0 -0.923077106476 0.384614914656
    outer loop
      vertex 0.0250000096858 -0.119999997318 1.50000095367
      vertex 0.425000011921 -0.0899999961257 1.4875010252
      vertex 0.425000011921 -0.119999997318 1.50000095367
    endloop
  endfacet
  facet normal 0 -0.923077106476 0.384614914656
    outer loop
      vertex 0.0250000096858 -0.0899999961257 1.4875010252
      vertex 0.425000011921 -0.0899999961257 1.4875010252
      vertex 0.0250000096858 -0.119999997318 1.50000095367
    endloop
  endfacet
  facet normal 0 -1 0
    outer loop
      vertex 0.0250000096858 -0.0899999961257 1.4875010252
      vertex 0.425000011921 -0.0325000062585 1.4875010252
      vertex 0.425000011921 -0.0899999961257 1.4875010252
    endloop
  endfacet
  facet normal 0 -1 0
    outer loop
      vertex 0.0250000096858 -0.0325000062585 1.4875010252
      vertex 0.425000011921 -0.0325000062585 1.4875010252
      vertex 0.0250000096858 -0.0899999961257 1.4875010252
    endloop
  endfacet
  facet normal 0 -0.913138270378 -0.407649993896
    outer loop
      vertex 0.0250000096858 -0.0325000062585 1.4875010252
      vertex 0.425000011921 -0.0185000021011 1.49375104904
      vertex 0.425000011921 -0.0325000062585 1.4875010252
    endloop
  endfacet
  facet normal 0.0156230581924 -0.999877929688 0
    outer loop
      vertex 0.0250000096858 -0.0205000042915 1.4875010252
      vertex 0.425000011921 -0.0185000021011 1.49375104904
      vertex 0.0250000096858 -0.0325000062585 1.4875010252
    endloop
  endfacet
  facet normal -8.38239200274e-10 -0.304776519537 -0.952423870564
    outer loop
      vertex 0.0250000096858 -0.0164999980479 1.50000095367
      vertex 0.425000011921 -0.0185000021011 1.49375104904
      vertex 0.0250000096858 -0.0205000042915 1.4875010252
    endloop
  endfacet
  facet normal -1 0 0
    outer loop
      vertex 0.0250000096858 -0.0205000042915 1.4875010252
      vertex 0.0250000096858 -0.0205000042915 1.51250100136
      vertex 0.0250000096858 -0.0164999980479 1.50000095367
    endloop
  endfacet
  facet normal -1 0 0
    outer loop
      vertex 0.0250000096858 -0.0325000062585 0.887500941753
      vertex 0.0250000096858 -0.0899999961257 0.912500977516
      vertex 0.0250000096858 -0.0325000062585 0.912500977516
    endloop
  endfacet
  facet normal -1 0 0
    outer loop
      vertex 0.0250000096858 -0.0899999961257 0.887500941753
      vertex 0.0250000096858 -0.0899999961257 0.912500977516
      vertex 0.0250000096858 -0.0325000062585 0.887500941753
    endloop
  endfacet
  facet normal 0.897032737732 -0.0312098003924 0.440860778093
    outer loop
      vertex 0.0676631852984 -0.0759692788124 0.887500941753
      vertex 0.0715430378914 -0.0698446556926 0.912500977516
      vertex 0.0659676119685 -0.0811891406775 0.912500977516
    endloop
  endfacet
  facet normal -0.493967890739 0.2784512043 0.823687195778
    outer loop
      vertex 0.0676631852984 -0.0759692788124 0.887500941753
      vertex 0.0835322216153 -0.0770346075296 0.912500977516
      vertex 0.0715430378914 -0.0698446556926 0.912500977516
    endloop
  endfacet
  facet normal 0.0933420285583 -0.101455785334 0.990451395512
    outer loop
      vertex 0.0832454189658 -0.0745007768273 0.887500941753
      vertex 0.0835322216153 -0.0770346075296 0.912500977516
      vertex 0.0676631852984 -0.0759692788124 0.887500941753
    endloop
  endfacet
  facet normal -0.932169854641 0.047074213624 -0.358947575092
    outer loop
      vertex 0.0781430900097 -0.0877512767911 0.887500941753
      vertex 0.0835322216153 -0.0770346075296 0.912500977516
      vertex 0.0832454189658 -0.0745007768273 0.887500941753
    endloop
  endfacet
  facet normal -0.898621022701 0.00565975671634 -0.438689231873
    outer loop
      vertex 0.0781430900097 -0.0877512767911 0.887500941753
      vertex 0.0772730112076 -0.0898561105132 0.912500977516
      vertex 0.0835322216153 -0.0770346075296 0.912500977516
    endloop
  endfacet
  facet normal 0.606067478657 0.087653554976 -0.790568828583
    outer loop
      vertex 0.0781430900097 -0.0877512767911 0.887500941753
      vertex 0.0659676119685 -0.0811891406775 0.912500977516
      vertex 0.0772730112076 -0.0898561105132 0.912500977516
    endloop
  endfacet
  facet normal 0.73413079977 0.186132922769 -0.652998030186
    outer loop
      vertex 0.0676631852984 -0.0759692788124 0.887500941753
      vertex 0.0659676119685 -0.0811891406775 0.912500977516
      vertex 0.0781430900097 -0.0877512767911 0.887500941753
    endloop
  endfacet
  facet normal 0.813858449459 0.0126985767856 0.580924451351
    outer loop
      vertex 0.147153392434 -0.0607494115829 0.887500941753
      vertex 0.14010964334 -0.0700710117817 0.912500977516
      vertex 0.139570295811 -0.0713731050491 0.887500941753
    endloop
  endfacet
  facet normal 0.703285753727 -0.0657836571336 0.707857072353
    outer loop
      vertex 0.147153392434 -0.0607494115829 0.887500941753
      vertex 0.150355383754 -0.0598914399743 0.912500977516
      vertex 0.14010964334 -0.0700710117817 0.912500977516
    endloop
  endfacet
  facet normal -0.794453620911 0.122169755399 0.594910085201
    outer loop
      vertex 0.147153392434 -0.0607494115829 0.887500941753
      vertex 0.158866792917 -0.0712577328086 0.912500977516
      vertex 0.150355383754 -0.0598914399743 0.912500977516
    endloop
  endfacet
  facet normal -0.643217265606 -0.0203575734049 0.765413045883
    outer loop
      vertex 0.159316763282 -0.0709709376097 0.887500941753
      vertex 0.158866792917 -0.0712577328086 0.912500977516
      vertex 0.147153392434 -0.0607494115829 0.887500941753
    endloop
  endfacet
  facet normal -0.582669198513 -0.00116391421761 -0.812708616257
    outer loop
      vertex 0.147371605039 -0.0795349776745 0.887500941753
      vertex 0.158866792917 -0.0712577328086 0.912500977516
      vertex 0.159316763282 -0.0709709376097 0.887500941753
    endloop
  endfacet
  facet normal -0.54851436615 -0.0245078224689 -0.835781872272
    outer loop
      vertex 0.147371605039 -0.0795349776745 0.887500941753
      vertex 0.145974293351 -0.07971893996 0.912500977516
      vertex 0.158866792917 -0.0712577328086 0.912500977516
    endloop
  endfacet
  facet normal 0.853378772736 0.0515146031976 -0.518739700317
    outer loop
      vertex 0.147371605039 -0.0795349776745 0.887500941753
      vertex 0.14010964334 -0.0700710117817 0.912500977516
      vertex 0.145974293351 -0.07971893996 0.912500977516
    endloop
  endfacet
  facet normal 0.721934378147 -0.0515145808458 -0.690041303635
    outer loop
      vertex 0.139570295811 -0.0713731050491 0.887500941753
      vertex 0.14010964334 -0.0700710117817 0.912500977516
      vertex 0.147371605039 -0.0795349776745 0.887500941753
    endloop
  endfacet
  facet normal 0.876869022846 -0.0227384325117 0.480191320181
    outer loop
      vertex 0.216583162546 -0.0665136352181 0.887500941753
      vertex 0.219993323088 -0.0614702105522 0.912500977516
      vertex 0.214570298791 -0.0713731050491 0.912500977516
    endloop
  endfacet
  facet normal 0.00137679686304 0.197571992874 0.980287432671
    outer loop
      vertex 0.233239144087 -0.0664902403951 0.887500941753
      vertex 0.219993323088 -0.0614702105522 0.912500977516
      vertex 0.216583162546 -0.0665136352181 0.887500941753
    endloop
  endfacet
  facet normal -0.261551469564 0.0549186617136 0.963625848293
    outer loop
      vertex 0.233239144087 -0.0664902403951 0.887500941753
      vertex 0.233931973577 -0.06525349617 0.912500977516
      vertex 0.219993323088 -0.0614702105522 0.912500977516
    endloop
  endfacet
  facet normal -0.919304013252 0.00600986042991 -0.393502235413
    outer loop
      vertex 0.233239144087 -0.0664902403951 0.887500941753
      vertex 0.22834418714 -0.0783077478409 0.912500977516
      vertex 0.233931973577 -0.06525349617 0.912500977516
    endloop
  endfacet
  facet normal -0.855843484402 0.07438223809 -0.511858582497
    outer loop
      vertex 0.225355386734 -0.0796721503139 0.887500941753
      vertex 0.22834418714 -0.0783077478409 0.912500977516
      vertex 0.233239144087 -0.0664902403951 0.887500941753
    endloop
  endfacet
  facet normal 0.447342395782 -0.101973041892 -0.888530373573
    outer loop
      vertex 0.225355386734 -0.0796721503139 0.887500941753
      vertex 0.214570298791 -0.0713731050491 0.912500977516
      vertex 0.22834418714 -0.0783077478409 0.912500977516
    endloop
  endfacet
  facet normal 0.819624423981 0.172201231122 -0.546408712864
    outer loop
      vertex 0.216583162546 -0.0665136352181 0.887500941753
      vertex 0.214570298791 -0.0713731050491 0.912500977516
      vertex 0.225355386734 -0.0796721503139 0.887500941753
    endloop
  endfacet
  facet normal 0 0 -1
    outer loop
      vertex 0.0250000096858 -0.0164999980479 0.912500977516
      vertex 0.425000011921 -0.0164999980479 0.887500941753
      vertex 0.0250000096858 -0.0164999980479 0.887500941753
    endloop
  endfacet
  facet normal -0 -0 -1
    outer loop
      vertex 0.425000011921 -0.0164999980479 0.912500977516
      vertex 0.425000011921 -0.0164999980479 0.887500941753
      vertex 0.0250000096858 -0.0164999980479 0.912500977516
    endloop
  endfacet
  facet normal 0 1 -0
    outer loop
      vertex 0.233931973577 -0.06525349617 0.912500977516
      vertex 0.22834418714 -0.0783077478409 0.912500977516
      vertex 0.425000011921 -0.0899999961257 0.912500977516
    endloop
  endfacet
  facet normal 0 1 0
    outer loop
      vertex 0.22834418714 -0.0783077478409 0.912500977516
      vertex 0.158866792917 -0.0712577328086 0.912500977516
      vertex 0.145974293351 -0.07971893996 0.912500977516
    endloop
  endfacet
  facet normal 0 1 -0
    outer loop
      vertex 0.214570298791 -0.0713731050491 0.912500977516
      vertex 0.158866792917 -0.0712577328086 0.912500977516
      vertex 0.22834418714 -0.0783077478409 0.912500977516
    endloop
  endfacet
  facet normal 0 1 0
    outer loop
      vertex 0.219993323088 -0.0614702105522 0.912500977516
      vertex 0.158866792917 -0.0712577328086 0.912500977516
      vertex 0.214570298791 -0.0713731050491 0.912500977516
    endloop
  endfacet
  facet normal 0 1 0
    outer loop
      vertex 0.219993323088 -0.0614702105522 0.912500977516
      vertex 0.150355383754 -0.0598914399743 0.912500977516
      vertex 0.158866792917 -0.0712577328086 0.912500977516
    endloop
  endfacet
  facet normal -0 1 0
    outer loop
      vertex 0.0715430378914 -0.0698446556926 0.912500977516
      vertex 0.14010964334 -0.0700710117817 0.912500977516
      vertex 0.150355383754 -0.0598914399743 0.912500977516
    endloop
  endfacet
  facet normal 0 1 0
    outer loop
      vertex 0.0835322216153 -0.0770346075296 0.912500977516
      vertex 0.14010964334 -0.0700710117817 0.912500977516
      vertex 0.0715430378914 -0.0698446556926 0.912500977516
    endloop
  endfacet
  facet normal 0 1 0
    outer loop
      vertex 0.0250000096858 -0.0325000062585 0.912500977516
      vertex 0.0715430378914 -0.0698446556926 0.912500977516
      vertex 0.150355383754 -0.0598914399743 0.912500977516
    endloop
  endfacet
  facet normal 0 1 0
    outer loop
      vertex 0.0250000096858 -0.0899999961257 0.912500977516
      vertex 0.0772730112076 -0.0898561105132 0.912500977516
      vertex 0.0659676119685 -0.0811891406775 0.912500977516
    endloop
  endfacet
  facet normal 0 1 0
    outer loop
      vertex 0.0250000096858 -0.119999997318 0.912500977516
      vertex 0.0772730112076 -0.0898561105132 0.912500977516
      vertex 0.0250000096858 -0.0899999961257 0.912500977516
    endloop
  endfacet
  facet normal 0 1 0
    outer loop
      vertex 0.0250000096858 -0.0325000062585 0.912500977516
      vertex 0.0659676119685 -0.0811891406775 0.912500977516
      vertex 0.0715430378914 -0.0698446556926 0.912500977516
    endloop
  endfacet
  facet normal 0 1 0
    outer loop
      vertex 0.0250000096858 -0.0899999961257 0.912500977516
      vertex 0.0659676119685 -0.0811891406775 0.912500977516
      vertex 0.0250000096858 -0.0325000062585 0.912500977516
    endloop
  endfacet
  facet normal 0 1 0
    outer loop
      vertex 0.150355383754 -0.0598914399743 0.912500977516
      vertex 0.0250000096858 -0.0205000042915 0.912500977516
      vertex 0.0250000096858 -0.0325000062585 0.912500977516
    endloop
  endfacet
  facet normal 0 1 0
    outer loop
      vertex 0.150355383754 -0.0598914399743 0.912500977516
      vertex 0.0250000096858 -0.0164999980479 0.912500977516
      vertex 0.0250000096858 -0.0205000042915 0.912500977516
    endloop
  endfacet
  facet normal 0 1 0
    outer loop
      vertex 0.219993323088 -0.0614702105522 0.912500977516
      vertex 0.0250000096858 -0.0164999980479 0.912500977516
      vertex 0.150355383754 -0.0598914399743 0.912500977516
    endloop
  endfacet
  facet normal 0 1 0
    outer loop
      vertex 0.219993323088 -0.0614702105522 0.912500977516
      vertex 0.425000011921 -0.0164999980479 0.912500977516
      vertex 0.0250000096858 -0.0164999980479 0.912500977516
    endloop
  endfacet
  facet normal 0 1 0
    outer loop
      vertex 0.425000011921 -0.0205000042915 0.912500977516
      vertex 0.425000011921 -0.0164999980479 0.912500977516
      vertex 0.219993323088 -0.0614702105522 0.912500977516
    endloop
  endfacet
  facet normal 0 1 0
    outer loop
      vertex 0.425000011921 -0.0325000062585 0.912500977516
      vertex 0.219993323088 -0.0614702105522 0.912500977516
      vertex 0.233931973577 -0.06525349617 0.912500977516
    endloop
  endfacet
  facet normal 0 1 -0
    outer loop
      vertex 0.425000011921 -0.0205000042915 0.912500977516
      vertex 0.219993323088 -0.0614702105522 0.912500977516
      vertex 0.425000011921 -0.0325000062585 0.912500977516
    endloop
  endfacet
  facet normal 0 1 -0
    outer loop
      vertex 0.425000011921 -0.0325000062585 0.912500977516
      vertex 0.233931973577 -0.06525349617 0.912500977516
      vertex 0.425000011921 -0.0899999961257 0.912500977516
    endloop
  endfacet
  facet normal -0 1 0
    outer loop
      vertex 0.0835322216153 -0.0770346075296 0.912500977516
      vertex 0.145974293351 -0.07971893996 0.912500977516
      vertex 0.14010964334 -0.0700710117817 0.912500977516
    endloop
  endfacet
  facet normal 0 1 0
    outer loop
      vertex 0.0772730112076 -0.0898561105132 0.912500977516
      vertex 0.145974293351 -0.07971893996 0.912500977516
      vertex 0.0835322216153 -0.0770346075296 0.912500977516
    endloop
  endfacet
  facet normal 0 1 0
    outer loop
      vertex 0.0250000096858 -0.119999997318 0.912500977516
      vertex 0.145974293351 -0.07971893996 0.912500977516
      vertex 0.0772730112076 -0.0898561105132 0.912500977516
    endloop
  endfacet
  facet normal 0 1 0
    outer loop
      vertex 0.0250000096858 -0.119999997318 0.912500977516
      vertex 0.22834418714 -0.0783077478409 0.912500977516
      vertex 0.145974293351 -0.07971893996 0.912500977516
    endloop
  endfacet
  facet normal 0 1 0
    outer loop
      vertex 0.425000011921 -0.119999997318 0.912500977516
      vertex 0.22834418714 -0.0783077478409 0.912500977516
      vertex 0.0250000096858 -0.119999997318 0.912500977516
    endloop
  endfacet
  facet normal 0 1 -0
    outer loop
      vertex 0.425000011921 -0.0899999961257 0.912500977516
      vertex 0.22834418714 -0.0783077478409 0.912500977516
      vertex 0.425000011921 -0.119999997318 0.912500977516
    endloop
  endfacet
  facet normal 0 0 1
    outer loop
      vertex 0.0250000096858 -0.119999997318 0.887500941753
      vertex 0.425000011921 -0.119999997318 0.912500977516
      vertex 0.0250000096858 -0.119999997318 0.912500977516
    endloop
  endfacet
  facet normal 0 -0 1
    outer loop
      vertex 0.425000011921 -0.119999997318 0.887500941753
      vertex 0.425000011921 -0.119999997318 0.912500977516
      vertex 0.0250000096858 -0.119999997318 0.887500941753
    endloop
  endfacet
  facet normal 0 -1 0
    outer loop
      vertex 0.425000011921 -0.0164999980479 0.887500941753
      vertex 0.233239144087 -0.0664902403951 0.887500941753
      vertex 0.0250000096858 -0.0164999980479 0.887500941753
    endloop
  endfacet
  facet normal -0 -1 -0
    outer loop
      vertex 0.425000011921 -0.0205000042915 0.887500941753
      vertex 0.233239144087 -0.0664902403951 0.887500941753
      vertex 0.425000011921 -0.0164999980479 0.887500941753
    endloop
  endfacet
  facet normal -0 -1 -0
    outer loop
      vertex 0.425000011921 -0.0325000062585 0.887500941753
      vertex 0.233239144087 -0.0664902403951 0.887500941753
      vertex 0.425000011921 -0.0205000042915 0.887500941753
    endloop
  endfacet
  facet normal 0 -1 -0
    outer loop
      vertex 0.425000011921 -0.0899999961257 0.887500941753
      vertex 0.233239144087 -0.0664902403951 0.887500941753
      vertex 0.425000011921 -0.0325000062585 0.887500941753
    endloop
  endfacet
  facet normal 0 -1 0
    outer loop
      vertex 0.225355386734 -0.0796721503139 0.887500941753
      vertex 0.233239144087 -0.0664902403951 0.887500941753
      vertex 0.425000011921 -0.0899999961257 0.887500941753
    endloop
  endfacet
  facet normal 0 -1 0
    outer loop
      vertex 0.233239144087 -0.0664902403951 0.887500941753
      vertex 0.147153392434 -0.0607494115829 0.887500941753
      vertex 0.0250000096858 -0.0164999980479 0.887500941753
    endloop
  endfacet
  facet normal 0 -1 -0
    outer loop
      vertex 0.216583162546 -0.0665136352181 0.887500941753
      vertex 0.147153392434 -0.0607494115829 0.887500941753
      vertex 0.233239144087 -0.0664902403951 0.887500941753
    endloop
  endfacet
  facet normal -0 -1 0
    outer loop
      vertex 0.216583162546 -0.0665136352181 0.887500941753
      vertex 0.159316763282 -0.0709709376097 0.887500941753
      vertex 0.147153392434 -0.0607494115829 0.887500941753
    endloop
  endfacet
  facet normal 0 -1 0
    outer loop
      vertex 0.225355386734 -0.0796721503139 0.887500941753
      vertex 0.159316763282 -0.0709709376097 0.887500941753
      vertex 0.216583162546 -0.0665136352181 0.887500941753
    endloop
  endfacet
  facet normal 0 -1 0
    outer loop
      vertex 0.225355386734 -0.0796721503139 0.887500941753
      vertex 0.147371605039 -0.0795349776745 0.887500941753
      vertex 0.159316763282 -0.0709709376097 0.887500941753
    endloop
  endfacet
  facet normal 0 -1 -0
    outer loop
      vertex 0.425000011921 -0.119999997318 0.887500941753
      vertex 0.225355386734 -0.0796721503139 0.887500941753
      vertex 0.425000011921 -0.0899999961257 0.887500941753
    endloop
  endfacet
  facet normal 0 -1 0
    outer loop
      vertex 0.0250000096858 -0.119999997318 0.887500941753
      vertex 0.225355386734 -0.0796721503139 0.887500941753
      vertex 0.425000011921 -0.119999997318 0.887500941753
    endloop
  endfacet
  facet normal 0 -1 0
    outer loop
      vertex 0.147371605039 -0.0795349776745 0.887500941753
      vertex 0.225355386734 -0.0796721503139 0.887500941753
      vertex 0.0250000096858 -0.119999997318 0.887500941753
    endloop
  endfacet
  facet normal 0 -1 0
    outer loop
      vertex 0.0250000096858 -0.0325000062585 0.887500941753
      vertex 0.0676631852984 -0.0759692788124 0.887500941753
      vertex 0.0250000096858 -0.0899999961257 0.887500941753
    endloop
  endfacet
  facet normal 0 -1 0
    outer loop
      vertex 0.147153392434 -0.0607494115829 0.887500941753
      vertex 0.0250000096858 -0.0205000042915 0.887500941753
      vertex 0.0250000096858 -0.0164999980479 0.887500941753
    endloop
  endfacet
  facet normal 0 -1 0
    outer loop
      vertex 0.147153392434 -0.0607494115829 0.887500941753
      vertex 0.0250000096858 -0.0325000062585 0.887500941753
      vertex 0.0250000096858 -0.0205000042915 0.887500941753
    endloop
  endfacet
  facet normal -0 -1 0
    outer loop
      vertex 0.147153392434 -0.0607494115829 0.887500941753
      vertex 0.0676631852984 -0.0759692788124 0.887500941753
      vertex 0.0250000096858 -0.0325000062585 0.887500941753
    endloop
  endfacet
  facet normal 0 -1 0
    outer loop
      vertex 0.147153392434 -0.0607494115829 0.887500941753
      vertex 0.0832454189658 -0.0745007768273 0.887500941753
      vertex 0.0676631852984 -0.0759692788124 0.887500941753
    endloop
  endfacet
  facet normal -0 -1 -0
    outer loop
      vertex 0.139570295811 -0.0713731050491 0.887500941753
      vertex 0.0832454189658 -0.0745007768273 0.887500941753
      vertex 0.147153392434 -0.0607494115829 0.887500941753
    endloop
  endfacet
  facet normal 0 -1 0
    outer loop
      vertex 0.147371605039 -0.0795349776745 0.887500941753
      vertex 0.0832454189658 -0.0745007768273 0.887500941753
      vertex 0.139570295811 -0.0713731050491 0.887500941753
    endloop
  endfacet
  facet normal -0 -1 0
    outer loop
      vertex 0.147371605039 -0.0795349776745 0.887500941753
      vertex 0.0781430900097 -0.0877512767911 0.887500941753
      vertex 0.0832454189658 -0.0745007768273 0.887500941753
    endloop
  endfacet
  facet normal 0 -1 0
    outer loop
      vertex 0.0250000096858 -0.119999997318 0.887500941753
      vertex 0.0781430900097 -0.0877512767911 0.887500941753
      vertex 0.147371605039 -0.0795349776745 0.887500941753
    endloop
  endfacet
  facet normal 0 -1 0
    outer loop
      vertex 0.0250000096858 -0.0899999961257 0.887500941753
      vertex 0.0781430900097 -0.0877512767911 0.887500941753
      vertex 0.0250000096858 -0.119999997318 0.887500941753
    endloop
  endfacet
  facet normal 0 -1 0
    outer loop
      vertex 0.0676631852984 -0.0759692788124 0.887500941753
      vertex 0.0781430900097 -0.0877512767911 0.887500941753
      vertex 0.0250000096858 -0.0899999961257 0.887500941753
    endloop
  endfacet
  facet normal -1 0 0
    outer loop
      vertex 0.0250000096858 -0.0164999980479 0.887500941753
      vertex 0.0250000096858 -0.0205000042915 0.912500977516
      vertex 0.0250000096858 -0.0164999980479 0.912500977516
    endloop
  endfacet
  facet normal -1 0 0
    outer loop
      vertex 0.0250000096858 -0.0205000042915 0.887500941753
      vertex 0.0250000096858 -0.0205000042915 0.912500977516
      vertex 0.0250000096858 -0.0164999980479 0.887500941753
    endloop
  endfacet
  facet normal -1 0 0
    outer loop
      vertex 0.0250000096858 -0.0325000062585 1.18750095367
      vertex 0.0250000096858 -0.0899999961257 1.21250104904
      vertex 0.0250000096858 -0.0325000062585 1.21250104904
    endloop
  endfacet
  facet normal -1 0 0
    outer loop
      vertex 0.0250000096858 -0.0899999961257 1.18750095367
      vertex 0.0250000096858 -0.0899999961257 1.21250104904
      vertex 0.0250000096858 -0.0325000062585 1.18750095367
    endloop
  endfacet
  facet normal -6.82556722253e-09 0.304775178432 -0.952424347401
    outer loop
      vertex 0.0250000096858 -0.0185000021011 1.2062510252
      vertex 0.425000011921 -0.0205000042915 1.21250104904
      vertex 0.425000011921 -0.0164999980479 1.20000100136
    endloop
  endfacet
  facet normal -0.0156231587753 0.999877929688 5.78672858706e-17
    outer loop
      vertex 0.0250000096858 -0.0185000021011 1.2062510252
      vertex 0.425000011921 -0.0325000062585 1.21250104904
      vertex 0.425000011921 -0.0205000042915 1.21250104904
    endloop
  endfacet
  facet normal 0 0.913137316704 -0.407652169466
    outer loop
      vertex 0.0250000096858 -0.0325000062585 1.21250104904
      vertex 0.425000011921 -0.0325000062585 1.21250104904
      vertex 0.0250000096858 -0.0185000021011 1.2062510252
    endloop
  endfacet
  facet normal 0 1 0
    outer loop
      vertex 0.0250000096858 -0.0325000062585 1.21250104904
      vertex 0.425000011921 -0.0899999961257 1.21250104904
      vertex 0.425000011921 -0.0325000062585 1.21250104904
    endloop
  endfacet
  facet normal -0 1 0
    outer loop
      vertex 0.0250000096858 -0.0899999961257 1.21250104904
      vertex 0.425000011921 -0.0899999961257 1.21250104904
      vertex 0.0250000096858 -0.0325000062585 1.21250104904
    endloop
  endfacet
  facet normal -0 0.923076450825 0.384616494179
    outer loop
      vertex 0.0250000096858 -0.0899999961257 1.21250104904
      vertex 0.425000011921 -0.119999997318 1.20000100136
      vertex 0.425000011921 -0.0899999961257 1.21250104904
    endloop
  endfacet
  facet normal -0 0.923076450825 0.384616494179
    outer loop
      vertex 0.0250000096858 -0.119999997318 1.20000100136
      vertex 0.425000011921 -0.119999997318 1.20000100136
      vertex 0.0250000096858 -0.0899999961257 1.21250104904
    endloop
  endfacet
  facet normal 0 -0.923076331615 0.3846167624
    outer loop
      vertex 0.0250000096858 -0.119999997318 1.20000100136
      vertex 0.425000011921 -0.0899999961257 1.18750095367
      vertex 0.425000011921 -0.119999997318 1.20000100136
    endloop
  endfacet
  facet normal 0 -0.923076331615 0.3846167624
    outer loop
      vertex 0.0250000096858 -0.0899999961257 1.18750095367
      vertex 0.425000011921 -0.0899999961257 1.18750095367
      vertex 0.0250000096858 -0.119999997318 1.20000100136
    endloop
  endfacet
  facet normal 0 -1 0
    outer loop
      vertex 0.0250000096858 -0.0899999961257 1.18750095367
      vertex 0.425000011921 -0.0325000062585 1.18750095367
      vertex 0.425000011921 -0.0899999961257 1.18750095367
    endloop
  endfacet
  facet normal 0 -1 0
    outer loop
      vertex 0.0250000096858 -0.0325000062585 1.18750095367
      vertex 0.425000011921 -0.0325000062585 1.18750095367
      vertex 0.0250000096858 -0.0899999961257 1.18750095367
    endloop
  endfacet
  facet normal 0 -1 0
    outer loop
      vertex 0.0250000096858 -0.0325000062585 1.18750095367
      vertex 0.425000011921 -0.0205000042915 1.18750095367
      vertex 0.425000011921 -0.0325000062585 1.18750095367
    endloop
  endfacet
  facet normal 0 -1 0
    outer loop
      vertex 0.0250000096858 -0.0205000042915 1.18750095367
      vertex 0.425000011921 -0.0205000042915 1.18750095367
      vertex 0.0250000096858 -0.0325000062585 1.18750095367
    endloop
  endfacet
  facet normal 0 -0.304774969816 -0.952424407005
    outer loop
      vertex 0.0250000096858 -0.0205000042915 1.18750095367
      vertex 0.425000011921 -0.0164999980479 1.20000100136
      vertex 0.425000011921 -0.0205000042915 1.18750095367
    endloop
  endfacet
  facet normal -0.00662892591208 -0.106062352657 -0.994337379932
    outer loop
      vertex 0.0250000096858 -0.0185000021011 1.2062510252
      vertex 0.425000011921 -0.0164999980479 1.20000100136
      vertex 0.0250000096858 -0.0205000042915 1.18750095367
    endloop
  endfacet
  facet normal -0.999983251095 -0.00323479482904 -0.00479950755835
    outer loop
      vertex 3.47693784875e-09 -0.119999997318 2.70000100136
      vertex 0.00206472771242 -0.0534888505936 2.16040921211
      vertex 0.00206655845977 -0.0611750409007 2.14843916893
    endloop
  endfacet
  facet normal -0.999439477921 0.000302094384097 -0.0334767140448
    outer loop
      vertex 0.00401824759319 3.85360587885e-09 2.69598293304
      vertex 0.00206472771242 -0.0534888505936 2.16040921211
      vertex 3.47693784875e-09 -0.119999997318 2.70000100136
    endloop
  endfacet
  facet normal -0.996639549732 -0.00453293556347 -0.0817866921425
    outer loop
      vertex 0.00309173902497 -0.0412720292807 2.15502929688
      vertex 0.00206472771242 -0.0534888505936 2.16040921211
      vertex 0.00401824759319 3.85360587885e-09 2.69598293304
    endloop
  endfacet
  facet normal -1 -0 0
    outer loop
      vertex 3.47693784875e-09 -0.119999997318 2.70000100136
      vertex 3.47693784875e-09 -0.0616188943386 1.34856343269
      vertex 3.47693784875e-09 -0.119999997318 9.53674316406e-07
    endloop
  endfacet
  facet normal -0.998257994652 0.0025463856291 -0.058945119381
    outer loop
      vertex 0.00206655845977 -0.0611750409007 2.14843916893
      vertex 3.47693784875e-09 -0.0616188943386 1.34856343269
      vertex 3.47693784875e-09 -0.119999997318 2.70000100136
    endloop
  endfacet
  facet normal -0.999983787537 0.00258637103252 0.00507801910862
    outer loop
      vertex 0.00206655845977 -0.0611750409007 2.14843916893
      vertex 3.47693784875e-09 -0.0563135556877 1.35897982121
      vertex 3.47693784875e-09 -0.0616188943386 1.34856343269
    endloop
  endfacet
  facet normal -0.999990582466 0.0026388480328 -0.00344084156677
    outer loop
      vertex 0.00206537148915 -0.0549145378172 2.13982629776
      vertex 3.47693784875e-09 -0.0563135556877 1.35897982121
      vertex 0.00206655845977 -0.0611750409007 2.14843916893
    endloop
  endfacet
  facet normal -0.972461879253 0.00215464597568 -0.233052000403
    outer loop
      vertex 0.00206537148915 -0.0549145378172 2.13982629776
      vertex 0.00309260399081 -0.0433911122382 1.35704684258
      vertex 3.47693784875e-09 -0.0563135556877 1.35897982121
    endloop
  endfacet
  facet normal -0.987509310246 -0.00361476209946 0.1575191468
    outer loop
      vertex 3.47693784875e-09 -0.0420678369701 2.14424395561
      vertex 0.00309260399081 -0.0433911122382 1.35704684258
      vertex 0.00206537148915 -0.0549145378172 2.13982629776
    endloop
  endfacet
  facet normal -0.920814216137 -0.00296195829287 0.38999029994
    outer loop
      vertex 3.47693784875e-09 -0.0420678369701 2.14424395561
      vertex 0.00206140847877 -0.0408719070256 1.34593009949
      vertex 0.00309260399081 -0.0433911122382 1.35704684258
    endloop
  endfacet
  facet normal -0.999986290932 -0.00329115707427 -0.00407746201381
    outer loop
      vertex 0.0020628971979 -0.047043543309 0.539850592613
      vertex 0.00206080498174 -0.0398039259017 0.549455583096
      vertex 0.00401824759319 3.85360587885e-09 0.00401919800788
    endloop
  endfacet
  facet normal -0.999992132187 -0.00376063538715 0.00126970768906
    outer loop
      vertex 0.00401824759319 3.85360587885e-09 0.00401919800788
      vertex 0.00206601526588 -0.0589417368174 0.543038666248
      vertex 0.0020628971979 -0.047043543309 0.539850592613
    endloop
  endfacet
  facet normal -0.999439895153 3.96333634853e-05 -0.0334652848542
    outer loop
      vertex 3.47693784875e-09 -0.119999997318 9.53674316406e-07
      vertex 0.00206601526588 -0.0589417368174 0.543038666248
      vertex 0.00401824759319 3.85360587885e-09 0.00401919800788
    endloop
  endfacet
  facet normal -0.00878067873418 0.0760858952999 0.997062623501
    outer loop
      vertex 0.00401824759319 3.85360587885e-09 2.69598293304
      vertex 3.47693784875e-09 -0.0420678369701 2.14424395561
      vertex 0.00309173902497 -0.0412720292807 2.15502929688
    endloop
  endfacet
  facet normal -0.99204236269 -0.00237307068892 -0.125882014632
    outer loop
      vertex 0.00401824759319 3.85360587885e-09 2.69598293304
      vertex 0.00206140847877 -0.0408719070256 1.34593009949
      vertex 3.47693784875e-09 -0.0420678369701 2.14424395561
    endloop
  endfacet
  facet normal -0.998855829239 0 -0.0478225797415
    outer loop
      vertex 0.00401824759319 3.85360587885e-09 0.00401919800788
      vertex 0.00206140847877 -0.0408719070256 1.34593009949
      vertex 0.00401824759319 3.85360587885e-09 2.69598293304
    endloop
  endfacet
  facet normal -0.998746931553 6.78619326209e-05 -0.0500454157591
    outer loop
      vertex 0.00206080498174 -0.0398039259017 0.549455583096
      vertex 0.00206140847877 -0.0408719070256 1.34593009949
      vertex 0.00401824759319 3.85360587885e-09 0.00401919800788
    endloop
  endfacet
  facet normal -0.99467253685 0.000138978866744 -0.103085011244
    outer loop
      vertex 0.00206080498174 -0.0398039259017 0.549455583096
      vertex 0.00103236560244 -0.0507930144668 1.3398629427
      vertex 0.00206140847877 -0.0408719070256 1.34593009949
    endloop
  endfacet
  facet normal -0.99999499321 -0.00134093943052 0.00286230957136
    outer loop
      vertex 0.00206140847877 -0.0442240871489 0.558440566063
      vertex 0.00103236560244 -0.0507930144668 1.3398629427
      vertex 0.00206080498174 -0.0398039259017 0.549455583096
    endloop
  endfacet
  facet normal -0.984130561352 0.00019568821881 -0.177445650101
    outer loop
      vertex 3.47693784875e-09 -0.0556586422026 0.56007784605
      vertex 0.00103236560244 -0.0507930144668 1.3398629427
      vertex 0.00206140847877 -0.0442240871489 0.558440566063
    endloop
  endfacet
  facet normal -0.995428681374 0.000721932156011 -0.0955048501492
    outer loop
      vertex 3.47693784875e-09 -0.0556586422026 0.56007784605
      vertex 3.47693784875e-09 -0.0616188943386 1.34856343269
      vertex 0.00103236560244 -0.0507930144668 1.3398629427
    endloop
  endfacet
  facet normal -0.947403848171 -0.00241915392689 0.320031344891
    outer loop
      vertex 0.00206661876291 -0.0617168582976 0.552182555199
      vertex 3.47693784875e-09 -0.0616188943386 1.34856343269
      vertex 3.47693784875e-09 -0.0556586422026 0.56007784605
    endloop
  endfacet
  facet normal -0.998194694519 -0.00259770499542 -0.0600051656365
    outer loop
      vertex 0.00206661876291 -0.0617168582976 0.552182555199
      vertex 3.47693784875e-09 -0.119999997318 9.53674316406e-07
      vertex 3.47693784875e-09 -0.0616188943386 1.34856343269
    endloop
  endfacet
  facet normal -0.999955713749 0.00279379053973 -0.00898791663349
    outer loop
      vertex 0.00206601526588 -0.0589417368174 0.543038666248
      vertex 3.47693784875e-09 -0.119999997318 9.53674316406e-07
      vertex 0.00206661876291 -0.0617168582976 0.552182555199
    endloop
  endfacet
  facet normal 0.999938547611 -0.00446569547057 0.0101492637768
    outer loop
      vertex 0.0250000096858 -0.0325000062585 0.31250089407
      vertex 0.0236905217171 -0.0344383530319 0.0236915107816
      vertex 0.0250000096858 -0.0215000007302 0.287500977516
    endloop
  endfacet
  facet normal 0.828629791737 0 0.559796988964
    outer loop
      vertex 0.0250000096858 -0.0325000062585 0.504377067089
      vertex 0.0236905217171 -0.0344383530319 0.0236915107816
      vertex 0.0250000096858 -0.0325000062585 0.31250089407
    endloop
  endfacet
  facet normal 0.828629791737 0 0.559796988964
    outer loop
      vertex 0.0250000096858 -0.0325000062585 0.513172030449
      vertex 0.0236905217171 -0.0344383530319 0.0236915107816
      vertex 0.0250000096858 -0.0325000062585 0.504377067089
    endloop
  endfacet
  facet normal 0.828629791737 0 0.559796988964
    outer loop
      vertex 0.0250000096858 -0.0325000062585 0.587500989437
      vertex 0.0236905217171 -0.0344383530319 0.0236915107816
      vertex 0.0250000096858 -0.0325000062585 0.513172030449
    endloop
  endfacet
  facet normal 0.828629791737 0 0.559796988964
    outer loop
      vertex 0.0250000096858 -0.0325000062585 0.6125010252
      vertex 0.0236905217171 -0.0344383530319 0.0236915107816
      vertex 0.0250000096858 -0.0325000062585 0.587500989437
    endloop
  endfacet
  facet normal 0.828629791737 0 0.559796988964
    outer loop
      vertex 0.0250000096858 -0.0325000062585 0.887500941753
      vertex 0.0236905217171 -0.0344383530319 0.0236915107816
      vertex 0.0250000096858 -0.0325000062585 0.6125010252
    endloop
  endfacet
  facet normal 0.828629791737 0 0.559796988964
    outer loop
      vertex 0.0250000096858 -0.0325000062585 0.912500977516
      vertex 0.0236905217171 -0.0344383530319 0.0236915107816
      vertex 0.0250000096858 -0.0325000062585 0.887500941753
    endloop
  endfacet
  facet normal 0.828629791737 0 0.559796988964
    outer loop
      vertex 0.0250000096858 -0.0325000062585 1.18750095367
      vertex 0.0236905217171 -0.0344383530319 0.0236915107816
      vertex 0.0250000096858 -0.0325000062585 0.912500977516
    endloop
  endfacet
  facet normal 0.828629791737 0 0.559796988964
    outer loop
      vertex 0.0250000096858 -0.0325000062585 1.21250104904
      vertex 0.0236905217171 -0.0344383530319 0.0236915107816
      vertex 0.0250000096858 -0.0325000062585 1.18750095367
    endloop
  endfacet
  facet normal 0.828629791737 0 0.559796988964
    outer loop
      vertex 0.0250000096858 -0.0325000062585 1.4875010252
      vertex 0.0236905217171 -0.0344383530319 0.0236915107816
      vertex 0.0250000096858 -0.0325000062585 1.21250104904
    endloop
  endfacet
  facet normal 0.815315723419 3.73607144866e-05 0.579016625881
    outer loop
      vertex 0.0250000096858 -0.0325000062585 1.4875010252
      vertex 0.0230325888842 -0.0351935885847 2.67696833611
      vertex 0.0236905217171 -0.0344383530319 0.0236915107816
    endloop
  endfacet
  facet normal 0.807529270649 0 0.589827537537
    outer loop
      vertex 0.0250000096858 -0.0325000062585 1.51250100136
      vertex 0.0230325888842 -0.0351935885847 2.67696833611
      vertex 0.0250000096858 -0.0325000062585 1.4875010252
    endloop
  endfacet
  facet normal 0.807529270649 0 0.589827537537
    outer loop
      vertex 0.0250000096858 -0.0325000062585 1.78750097752
      vertex 0.0230325888842 -0.0351935885847 2.67696833611
      vertex 0.0250000096858 -0.0325000062585 1.51250100136
    endloop
  endfacet
  facet normal 0.807529270649 0 0.589827537537
    outer loop
      vertex 0.0250000096858 -0.0325000062585 1.81250095367
      vertex 0.0230325888842 -0.0351935885847 2.67696833611
      vertex 0.0250000096858 -0.0325000062585 1.78750097752
    endloop
  endfacet
  facet normal 0.807529270649 0 0.589827537537
    outer loop
      vertex 0.0250000096858 -0.0325000062585 2.08750104904
      vertex 0.0230325888842 -0.0351935885847 2.67696833611
      vertex 0.0250000096858 -0.0325000062585 1.81250095367
    endloop
  endfacet
  facet normal 0.807529270649 0 0.589827537537
    outer loop
      vertex 0.0250000096858 -0.0325000062585 2.11250090599
      vertex 0.0230325888842 -0.0351935885847 2.67696833611
      vertex 0.0250000096858 -0.0325000062585 2.08750104904
    endloop
  endfacet
  facet normal 0.807529270649 0 0.589827537537
    outer loop
      vertex 0.0250000096858 -0.0325000062585 2.18683004379
      vertex 0.0230325888842 -0.0351935885847 2.67696833611
      vertex 0.0250000096858 -0.0325000062585 2.11250090599
    endloop
  endfacet
  facet normal 0.807529270649 0 0.589827537537
    outer loop
      vertex 0.0250000096858 -0.0325000062585 2.19562482834
      vertex 0.0230325888842 -0.0351935885847 2.67696833611
      vertex 0.0250000096858 -0.0325000062585 2.18683004379
    endloop
  endfacet
  facet normal 0.807529270649 0 0.589827537537
    outer loop
      vertex 0.0250000096858 -0.0325000062585 2.38750100136
      vertex 0.0230325888842 -0.0351935885847 2.67696833611
      vertex 0.0250000096858 -0.0325000062585 2.19562482834
    endloop
  endfacet
  facet normal 0.999863445759 0.00665501831099 0.0151251219213
    outer loop
      vertex 0.0250000096858 -0.0215000007302 2.41250109673
      vertex 0.0230325888842 -0.0351935885847 2.67696833611
      vertex 0.0250000096858 -0.0325000062585 2.38750100136
    endloop
  endfacet
  facet normal 0.99638825655 -0.00253124069422 0.0848764032125
    outer loop
      vertex 0.00479965563864 -0.0373316816986 2.69520139694
      vertex 0.00206472771242 -0.0534888505936 2.16040921211
      vertex 0.00309173902497 -0.0412720292807 2.15502929688
    endloop
  endfacet
  facet normal 0.999986886978 -0.00512100849301 -0.000234160412219
    outer loop
      vertex 0.00480995513499 -0.0815419405699 2.69519114494
      vertex 0.00206472771242 -0.0534888505936 2.16040921211
      vertex 0.00479965563864 -0.0373316816986 2.69520139694
    endloop
  endfacet
  facet normal 0.999959826469 -0.00473392894492 -0.00761049054563
    outer loop
      vertex 0.00480995513499 -0.0815419405699 2.69519114494
      vertex 0.00206655845977 -0.0611750409007 2.14843916893
      vertex 0.00206472771242 -0.0534888505936 2.16040921211
    endloop
  endfacet
  facet normal 0.962533414364 0 0.271163076162
    outer loop
      vertex 0.00479965563864 -0.0373316816986 2.69520139694
      vertex 0.00309260399081 -0.0433911122382 1.35704684258
      vertex 0.00479965563864 -0.0373316816986 0.00480060605332
    endloop
  endfacet
  facet normal 0.826235949993 0.00149682641495 0.56332218647
    outer loop
      vertex 0.00309173902497 -0.0412720292807 2.15502929688
      vertex 0.00309260399081 -0.0433911122382 1.35704684258
      vertex 0.00479965563864 -0.0373316816986 2.69520139694
    endloop
  endfacet
  facet normal 0.961928665638 -0.000724718440324 -0.273299664259
    outer loop
      vertex 0.00412438251078 -0.0449428372085 2.14136886597
      vertex 0.00309260399081 -0.0433911122382 1.35704684258
      vertex 0.00309173902497 -0.0412720292807 2.15502929688
    endloop
  endfacet
  facet normal 0.997910797596 -0.00118495803326 -0.0645956918597
    outer loop
      vertex 0.00412438251078 -0.0449428372085 2.14136886597
      vertex 0.00413206731901 -0.0595116280019 1.35365092754
      vertex 0.00309260399081 -0.0433911122382 1.35704684258
    endloop
  endfacet
  facet normal 0.979217946529 0.00375987985171 0.202775895596
    outer loop
      vertex 0.00206537148915 -0.0549145378172 2.13982629776
      vertex 0.00413206731901 -0.0595116280019 1.35365092754
      vertex 0.00412438251078 -0.0449428372085 2.14136886597
    endloop
  endfacet
  facet normal 0.999989449978 0.00260669155978 -0.00377576169558
    outer loop
      vertex 0.00206655845977 -0.0611750409007 2.14843916893
      vertex 0.00413206731901 -0.0595116280019 1.35365092754
      vertex 0.00206537148915 -0.0549145378172 2.13982629776
    endloop
  endfacet
  facet normal 0.999849259853 0.0049814498052 -0.0166310127825
    outer loop
      vertex 0.00206601526588 -0.0589417368174 0.543038666248
      vertex 0.00206661876291 -0.0617168582976 0.552182555199
      vertex 0.00512699224055 -0.0818471685052 0.00512794265524
    endloop
  endfacet
  facet normal 0.999958217144 0.00537546398118 -0.00739254429936
    outer loop
      vertex 0.00479965563864 -0.0373316816986 0.00480060605332
      vertex 0.00206601526588 -0.0589417368174 0.543038666248
      vertex 0.00512699224055 -0.0818471685052 0.00512794265524
    endloop
  endfacet
  facet normal 0.999985396862 0.0051446617581 -0.00164055021014
    outer loop
      vertex 0.00479965563864 -0.0373316816986 0.00480060605332
      vertex 0.0020628971979 -0.047043543309 0.539850592613
      vertex 0.00206601526588 -0.0589417368174 0.543038666248
    endloop
  endfacet
  facet normal 0.999967396259 0.0049996371381 0.00634413957596
    outer loop
      vertex 0.00206080498174 -0.0398039259017 0.549455583096
      vertex 0.0020628971979 -0.047043543309 0.539850592613
      vertex 0.00479965563864 -0.0373316816986 0.00480060605332
    endloop
  endfacet
  facet normal 0.015421285294 -0.00446096761152 0.999871134758
    outer loop
      vertex 0.00309260399081 -0.0433911122382 1.35704684258
      vertex 0.00206080498174 -0.0398039259017 0.549455583096
      vertex 0.00479965563864 -0.0373316816986 0.00480060605332
    endloop
  endfacet
  facet normal 0.999996066093 -0.001288649044 0.00248295255005
    outer loop
      vertex 0.00309260399081 -0.0433911122382 1.35704684258
      vertex 0.00206140847877 -0.0442240871489 0.558440566063
      vertex 0.00206080498174 -0.0398039259017 0.549455583096
    endloop
  endfacet
  facet normal -0.92790299654 0.00158701045439 0.372818350792
    outer loop
      vertex 0.00206140847877 -0.0408719070256 1.34593009949
      vertex 0.00206140847877 -0.0442240871489 0.558440566063
      vertex 0.00309260399081 -0.0433911122382 1.35704684258
    endloop
  endfacet
  facet normal 0.980526804924 -0.000835963583086 -0.196383431554
    outer loop
      vertex 0.00206140847877 -0.0408719070256 1.34593009949
      vertex 0.00412945216522 -0.0545424856246 0.560126841068
      vertex 0.00206140847877 -0.0442240871489 0.558440566063
    endloop
  endfacet
  facet normal 0.99437046051 0.00445867562667 0.105865322053
    outer loop
      vertex 0.00103236560244 -0.0507930144668 1.3398629427
      vertex 0.00412945216522 -0.0545424856246 0.560126841068
      vertex 0.00206140847877 -0.0408719070256 1.34593009949
    endloop
  endfacet
  facet normal 0.959515869617 0.00516531383619 0.281607270241
    outer loop
      vertex 0.00103236560244 -0.0507930144668 1.3398629427
      vertex 0.00206661876291 -0.0617168582976 0.552182555199
      vertex 0.00412945216522 -0.0545424856246 0.560126841068
    endloop
  endfacet
  facet normal 0.943874061108 -0.00334122520871 -0.330288678408
    outer loop
      vertex 0.00413206731901 -0.0595116280019 1.35365092754
      vertex 0.00206661876291 -0.0617168582976 0.552182555199
      vertex 0.00103236560244 -0.0507930144668 1.3398629427
    endloop
  endfacet
  facet normal 0.977325022221 0.00298300478607 -0.211723640561
    outer loop
      vertex 0.00480995513499 -0.0815419405699 2.69519114494
      vertex 0.00413206731901 -0.0595116280019 1.35365092754
      vertex 0.00206655845977 -0.0611750409007 2.14843916893
    endloop
  endfacet
  facet normal 0.999290585518 0.000113498150313 -0.0376603640616
    outer loop
      vertex 0.00512699224055 -0.0818471685052 0.00512794265524
      vertex 0.00413206731901 -0.0595116280019 1.35365092754
      vertex 0.00480995513499 -0.0815419405699 2.69519114494
    endloop
  endfacet
  facet normal 0.972380638123 -0.00314804422669 -0.233379438519
    outer loop
      vertex 0.00206661876291 -0.0617168582976 0.552182555199
      vertex 0.00413206731901 -0.0595116280019 1.35365092754
      vertex 0.00512699224055 -0.0818471685052 0.00512794265524
    endloop
  endfacet
  facet normal 0.995270013809 -0.00388278672472 -0.0970695838332
    outer loop
      vertex 0.0236701034009 -0.0184174627066 0.0236710738391
      vertex 0.0250000096858 -0.0205000042915 0.31250089407
      vertex 0.0250000096858 -0.0215000007302 0.287500977516
    endloop
  endfacet
  facet normal 0.842807412148 0 -0.538215279579
    outer loop
      vertex 0.0250000096858 -0.0205000042915 0.508774518967
      vertex 0.0250000096858 -0.0205000042915 0.31250089407
      vertex 0.0236701034009 -0.0184174627066 0.0236710738391
    endloop
  endfacet
  facet normal 0.842807412148 0 -0.538215279579
    outer loop
      vertex 0.0236701034009 -0.0184174627066 0.0236710738391
      vertex 0.0250000096858 -0.0205000042915 0.587500989437
      vertex 0.0250000096858 -0.0205000042915 0.508774518967
    endloop
  endfacet
  facet normal 0.842807412148 0 -0.538215279579
    outer loop
      vertex 0.0250000096858 -0.0205000042915 0.6125010252
      vertex 0.0250000096858 -0.0205000042915 0.587500989437
      vertex 0.0236701034009 -0.0184174627066 0.0236710738391
    endloop
  endfacet
  facet normal 0.842807412148 -6.34054360543e-19 -0.538215279579
    outer loop
      vertex 0.0236701034009 -0.0184174627066 0.0236710738391
      vertex 0.0250000096858 -0.0205000042915 0.887500941753
      vertex 0.0250000096858 -0.0205000042915 0.6125010252
    endloop
  endfacet
  facet normal 0.842807412148 1.05279652345e-17 -0.538215279579
    outer loop
      vertex 0.0236701034009 -0.0184174627066 0.0236710738391
      vertex 0.0250000096858 -0.0205000042915 0.912500977516
      vertex 0.0250000096858 -0.0205000042915 0.887500941753
    endloop
  endfacet
  facet normal 0.842807412148 0 -0.538215279579
    outer loop
      vertex 0.0250000096858 -0.0205000042915 1.18750095367
      vertex 0.0250000096858 -0.0205000042915 0.912500977516
      vertex 0.0236701034009 -0.0184174627066 0.0236710738391
    endloop
  endfacet
  facet normal 0.992198586464 0.000886502675712 -0.124664336443
    outer loop
      vertex 0.0236440524459 -0.018162086606 2.67635703087
      vertex 0.0250000096858 -0.0205000042915 1.4875010252
      vertex 0.0250000096858 -0.0185000021011 1.2062510252
    endloop
  endfacet
  facet normal 0.865036785603 0 -0.501708447933
    outer loop
      vertex 0.0250000096858 -0.0205000042915 1.51250100136
      vertex 0.0250000096858 -0.0205000042915 1.4875010252
      vertex 0.0236440524459 -0.018162086606 2.67635703087
    endloop
  endfacet
  facet normal 0.865036785603 -5.89490625427e-19 -0.501708447933
    outer loop
      vertex 0.0236440524459 -0.018162086606 2.67635703087
      vertex 0.0250000096858 -0.0205000042915 1.78750097752
      vertex 0.0250000096858 -0.0205000042915 1.51250100136
    endloop
  endfacet
  facet normal 0.865036785603 0 -0.501708447933
    outer loop
      vertex 0.0236440524459 -0.018162086606 2.67635703087
      vertex 0.0250000096858 -0.0205000042915 1.81250095367
      vertex 0.0250000096858 -0.0205000042915 1.78750097752
    endloop
  endfacet
  facet normal 0.865036785603 0 -0.501708447933
    outer loop
      vertex 0.0250000096858 -0.0205000042915 2.08750104904
      vertex 0.0250000096858 -0.0205000042915 1.81250095367
      vertex 0.0236440524459 -0.018162086606 2.67635703087
    endloop
  endfacet
  facet normal 0.865036785603 0 -0.501708447933
    outer loop
      vertex 0.0236440524459 -0.018162086606 2.67635703087
      vertex 0.0250000096858 -0.0205000042915 2.11250090599
      vertex 0.0250000096858 -0.0205000042915 2.08750104904
    endloop
  endfacet
  facet normal 0.865036785603 0 -0.501708447933
    outer loop
      vertex 0.0236440524459 -0.018162086606 2.67635703087
      vertex 0.0250000096858 -0.0205000042915 2.19122743607
      vertex 0.0250000096858 -0.0205000042915 2.11250090599
    endloop
  endfacet
  facet normal 0.865036785603 -8.95094105398e-19 -0.501708447933
    outer loop
      vertex 0.0236440524459 -0.018162086606 2.67635703087
      vertex 0.0250000096858 -0.0205000042915 2.38750100136
      vertex 0.0250000096858 -0.0205000042915 2.19122743607
    endloop
  endfacet
  facet normal 0.995262742043 0.00388573738746 -0.0971442833543
    outer loop
      vertex 0.0236440524459 -0.018162086606 2.67635703087
      vertex 0.0250000096858 -0.0215000007302 2.41250109673
      vertex 0.0250000096858 -0.0205000042915 2.38750100136
    endloop
  endfacet
  facet normal 0.999943852425 -0.00112378201447 -0.0105354860425
    outer loop
      vertex 0.0236701034009 -0.0184174627066 0.0236710738391
      vertex 0.0250000096858 -0.0185000021011 1.2062510252
      vertex 0.0250000096858 -0.0205000042915 1.18750095367
    endloop
  endfacet
  facet normal 0.144847348332 -9.38334633247e-05 -0.989454030991
    outer loop
      vertex 0.0236701034009 -0.0184174627066 0.0236710738391
      vertex 0.0236440524459 -0.018162086606 2.67635703087
      vertex 0.0250000096858 -0.0185000021011 1.2062510252
    endloop
  endfacet
  facet normal 0.132034599781 0 -0.991245090961
    outer loop
      vertex 0.00657383631915 -0.0161402281374 2.69342708588
      vertex 0.0236701034009 -0.0184174627066 0.0236710738391
      vertex 0.00657383631915 -0.0161402281374 0.00657480675727
    endloop
  endfacet
  facet normal 0.117528319359 -9.44498169702e-05 -0.993069529533
    outer loop
      vertex 0.0236440524459 -0.018162086606 2.67635703087
      vertex 0.0236701034009 -0.0184174627066 0.0236710738391
      vertex 0.00657383631915 -0.0161402281374 2.69342708588
    endloop
  endfacet
  facet normal 0.987695634365 0 -0.156388327479
    outer loop
      vertex 0.00401824759319 3.85360587885e-09 2.69598293304
      vertex 0.00657383631915 -0.0161402281374 0.00657480675727
      vertex 0.00401824759319 3.85360587885e-09 0.00401919800788
    endloop
  endfacet
  facet normal 0.987695634365 0 -0.156388327479
    outer loop
      vertex 0.00657383631915 -0.0161402281374 2.69342708588
      vertex 0.00657383631915 -0.0161402281374 0.00657480675727
      vertex 0.00401824759319 3.85360587885e-09 2.69598293304
    endloop
  endfacet
  facet normal 0 0 1
    outer loop
      vertex 0.0250000096858 -0.119999997318 0.287500977516
      vertex 3.47693784875e-09 -0.119999997318 9.53674316406e-07
      vertex 0.0250000096858 -0.119999997318 0.0250010192394
    endloop
  endfacet
  facet normal 0 0 1
    outer loop
      vertex 0.0250000096858 -0.119999997318 0.31250089407
      vertex 3.47693784875e-09 -0.119999997318 9.53674316406e-07
      vertex 0.0250000096858 -0.119999997318 0.287500977516
    endloop
  endfacet
  facet normal 0 0 1
    outer loop
      vertex 0.0250000096858 -0.119999997318 0.508774518967
      vertex 3.47693784875e-09 -0.119999997318 9.53674316406e-07
      vertex 0.0250000096858 -0.119999997318 0.31250089407
    endloop
  endfacet
  facet normal 0 0 1
    outer loop
      vertex 0.0250000096858 -0.119999997318 0.587500989437
      vertex 3.47693784875e-09 -0.119999997318 9.53674316406e-07
      vertex 0.0250000096858 -0.119999997318 0.508774518967
    endloop
  endfacet
  facet normal 0 0 1
    outer loop
      vertex 0.0250000096858 -0.119999997318 0.6125010252
      vertex 3.47693784875e-09 -0.119999997318 9.53674316406e-07
      vertex 0.0250000096858 -0.119999997318 0.587500989437
    endloop
  endfacet
  facet normal 0 0 1
    outer loop
      vertex 0.0250000096858 -0.119999997318 0.887500941753
      vertex 3.47693784875e-09 -0.119999997318 9.53674316406e-07
      vertex 0.0250000096858 -0.119999997318 0.6125010252
    endloop
  endfacet
  facet normal 0 0 1
    outer loop
      vertex 0.0250000096858 -0.119999997318 0.912500977516
      vertex 3.47693784875e-09 -0.119999997318 9.53674316406e-07
      vertex 0.0250000096858 -0.119999997318 0.887500941753
    endloop
  endfacet
  facet normal 0 0 1
    outer loop
      vertex 0.0250000096858 -0.119999997318 1.20000100136
      vertex 3.47693784875e-09 -0.119999997318 9.53674316406e-07
      vertex 0.0250000096858 -0.119999997318 0.912500977516
    endloop
  endfacet
  facet normal 0 0 1
    outer loop
      vertex 0.0250000096858 -0.119999997318 1.50000095367
      vertex 3.47693784875e-09 -0.119999997318 9.53674316406e-07
      vertex 0.0250000096858 -0.119999997318 1.20000100136
    endloop
  endfacet
  facet normal 0 0 1
    outer loop
      vertex 0.0250000096858 -0.119999997318 1.50000095367
      vertex 3.47693784875e-09 -0.119999997318 2.70000100136
      vertex 3.47693784875e-09 -0.119999997318 9.53674316406e-07
    endloop
  endfacet
  facet normal 0 0 1
    outer loop
      vertex 0.0250000096858 -0.119999997318 1.78750097752
      vertex 3.47693784875e-09 -0.119999997318 2.70000100136
      vertex 0.0250000096858 -0.119999997318 1.50000095367
    endloop
  endfacet
  facet normal 0 0 1
    outer loop
      vertex 0.0250000096858 -0.119999997318 1.81250095367
      vertex 3.47693784875e-09 -0.119999997318 2.70000100136
      vertex 0.0250000096858 -0.119999997318 1.78750097752
    endloop
  endfacet
  facet normal 0 0 1
    outer loop
      vertex 0.0250000096858 -0.119999997318 2.08750104904
      vertex 3.47693784875e-09 -0.119999997318 2.70000100136
      vertex 0.0250000096858 -0.119999997318 1.81250095367
    endloop
  endfacet
  facet normal 0 0 1
    outer loop
      vertex 0.0250000096858 -0.119999997318 2.11250090599
      vertex 3.47693784875e-09 -0.119999997318 2.70000100136
      vertex 0.0250000096858 -0.119999997318 2.08750104904
    endloop
  endfacet
  facet normal 0 0 1
    outer loop
      vertex 0.0250000096858 -0.119999997318 2.19122743607
      vertex 3.47693784875e-09 -0.119999997318 2.70000100136
      vertex 0.0250000096858 -0.119999997318 2.11250090599
    endloop
  endfacet
  facet normal 0 0 1
    outer loop
      vertex 0.0250000096858 -0.119999997318 2.38750100136
      vertex 3.47693784875e-09 -0.119999997318 2.70000100136
      vertex 0.0250000096858 -0.119999997318 2.19122743607
    endloop
  endfacet
  facet normal 0 0 1
    outer loop
      vertex 0.0250000096858 -0.119999997318 2.41250109673
      vertex 3.47693784875e-09 -0.119999997318 2.70000100136
      vertex 0.0250000096858 -0.119999997318 2.38750100136
    endloop
  endfacet
  facet normal 0 0 1
    outer loop
      vertex 0.0250000096858 -0.119999997318 2.67500090599
      vertex 3.47693784875e-09 -0.119999997318 2.70000100136
      vertex 0.0250000096858 -0.119999997318 2.41250109673
    endloop
  endfacet
  facet normal 0.685143351555 0 -0.72840821743
    outer loop
      vertex 0.0250000096858 -0.0899999961257 0.31250089407
      vertex 0.0250000096858 -0.0899999961257 0.287500977516
      vertex 0.0212928280234 -0.086513005197 0.0212937779725
    endloop
  endfacet
  facet normal 0.685143351555 0 -0.72840821743
    outer loop
      vertex 0.0212928280234 -0.086513005197 0.0212937779725
      vertex 0.0250000096858 -0.0899999961257 0.504377067089
      vertex 0.0250000096858 -0.0899999961257 0.31250089407
    endloop
  endfacet
  facet normal 0.685143351555 0 -0.72840821743
    outer loop
      vertex 0.0212928280234 -0.086513005197 0.0212937779725
      vertex 0.0250000096858 -0.0899999961257 0.513172030449
      vertex 0.0250000096858 -0.0899999961257 0.504377067089
    endloop
  endfacet
  facet normal 0.685143351555 0 -0.72840821743
    outer loop
      vertex 0.0250000096858 -0.0899999961257 0.587500989437
      vertex 0.0250000096858 -0.0899999961257 0.513172030449
      vertex 0.0212928280234 -0.086513005197 0.0212937779725
    endloop
  endfacet
  facet normal 0.685143351555 1.78290790471e-17 -0.72840821743
    outer loop
      vertex 0.0212928280234 -0.086513005197 0.0212937779725
      vertex 0.0250000096858 -0.0899999961257 0.6125010252
      vertex 0.0250000096858 -0.0899999961257 0.587500989437
    endloop
  endfacet
  facet normal 0.685143351555 0 -0.72840821743
    outer loop
      vertex 0.0212928280234 -0.086513005197 0.0212937779725
      vertex 0.0250000096858 -0.0899999961257 0.887500941753
      vertex 0.0250000096858 -0.0899999961257 0.6125010252
    endloop
  endfacet
  facet normal 0.685143351555 0 -0.72840821743
    outer loop
      vertex 0.0250000096858 -0.0899999961257 0.912500977516
      vertex 0.0250000096858 -0.0899999961257 0.887500941753
      vertex 0.0212928280234 -0.086513005197 0.0212937779725
    endloop
  endfacet
  facet normal 0.685143351555 0 -0.72840821743
    outer loop
      vertex 0.0212928280234 -0.086513005197 0.0212937779725
      vertex 0.0250000096858 -0.0899999961257 1.18750095367
      vertex 0.0250000096858 -0.0899999961257 0.912500977516
    endloop
  endfacet
  facet normal 0.685143351555 0 -0.72840821743
    outer loop
      vertex 0.0212928280234 -0.086513005197 0.0212937779725
      vertex 0.0250000096858 -0.0899999961257 1.21250104904
      vertex 0.0250000096858 -0.0899999961257 1.18750095367
    endloop
  endfacet
  facet normal 0.685143351555 0 -0.72840821743
    outer loop
      vertex 0.0212928280234 -0.086513005197 2.67870807648
      vertex 0.0250000096858 -0.0899999961257 1.21250104904
      vertex 0.0212928280234 -0.086513005197 0.0212937779725
    endloop
  endfacet
  facet normal 0.685143351555 1.05703125392e-18 -0.72840821743
    outer loop
      vertex 0.0212928280234 -0.086513005197 2.67870807648
      vertex 0.0250000096858 -0.0899999961257 1.4875010252
      vertex 0.0250000096858 -0.0899999961257 1.21250104904
    endloop
  endfacet
  facet normal 0.685143351555 0 -0.72840821743
    outer loop
      vertex 0.0250000096858 -0.0899999961257 1.51250100136
      vertex 0.0250000096858 -0.0899999961257 1.4875010252
      vertex 0.0212928280234 -0.086513005197 2.67870807648
    endloop
  endfacet
  facet normal 0.685143351555 0 -0.72840821743
    outer loop
      vertex 0.0212928280234 -0.086513005197 2.67870807648
      vertex 0.0250000096858 -0.0899999961257 1.78750097752
      vertex 0.0250000096858 -0.0899999961257 1.51250100136
    endloop
  endfacet
  facet normal 0.685143351555 0 -0.72840821743
    outer loop
      vertex 0.0212928280234 -0.086513005197 2.67870807648
      vertex 0.0250000096858 -0.0899999961257 1.81250095367
      vertex 0.0250000096858 -0.0899999961257 1.78750097752
    endloop
  endfacet
  facet normal 0.685143351555 0 -0.72840821743
    outer loop
      vertex 0.0250000096858 -0.0899999961257 2.08750104904
      vertex 0.0250000096858 -0.0899999961257 1.81250095367
      vertex 0.0212928280234 -0.086513005197 2.67870807648
    endloop
  endfacet
  facet normal 0.685143351555 -1.7829247792e-17 -0.72840821743
    outer loop
      vertex 0.0212928280234 -0.086513005197 2.67870807648
      vertex 0.0250000096858 -0.0899999961257 2.11250090599
      vertex 0.0250000096858 -0.0899999961257 2.08750104904
    endloop
  endfacet
  facet normal 0.685143351555 4.9892598058e-18 -0.72840821743
    outer loop
      vertex 0.0212928280234 -0.086513005197 2.67870807648
      vertex 0.0250000096858 -0.0899999961257 2.18683004379
      vertex 0.0250000096858 -0.0899999961257 2.11250090599
    endloop
  endfacet
  facet normal 0.685143351555 0 -0.72840821743
    outer loop
      vertex 0.0250000096858 -0.0899999961257 2.19562482834
      vertex 0.0250000096858 -0.0899999961257 2.18683004379
      vertex 0.0212928280234 -0.086513005197 2.67870807648
    endloop
  endfacet
  facet normal 0.685143351555 0 -0.72840821743
    outer loop
      vertex 0.0212928280234 -0.086513005197 2.67870807648
      vertex 0.0250000096858 -0.0899999961257 2.38750100136
      vertex 0.0250000096858 -0.0899999961257 2.19562482834
    endloop
  endfacet
  facet normal 0.685143351555 0 -0.72840821743
    outer loop
      vertex 0.0212928280234 -0.086513005197 2.67870807648
      vertex 0.0250000096858 -0.0899999961257 2.41250109673
      vertex 0.0250000096858 -0.0899999961257 2.38750100136
    endloop
  endfacet
  facet normal -0.464585185051 0.196881785989 0.863364458084
    outer loop
      vertex 3.47693784875e-09 -0.0420678369701 2.14424395561
      vertex 0.00412438251078 -0.0449428372085 2.14136886597
      vertex 0.00309173902497 -0.0412720292807 2.15502929688
    endloop
  endfacet
  facet normal 0.446071356535 0.865974187851 0.226073160768
    outer loop
      vertex 0.00206537148915 -0.0549145378172 2.13982629776
      vertex 0.00412438251078 -0.0449428372085 2.14136886597
      vertex 3.47693784875e-09 -0.0420678369701 2.14424395561
    endloop
  endfacet
  facet normal 0.103785835207 -0.451398998499 -0.886265993118
    outer loop
      vertex 3.47693784875e-09 -0.0563135556877 1.35897982121
      vertex 0.00413206731901 -0.0595116280019 1.35365092754
      vertex 3.47693784875e-09 -0.0616188943386 1.34856343269
    endloop
  endfacet
  facet normal -0.76161134243 -0.642276644707 -0.0861911177635
    outer loop
      vertex 3.47693784875e-09 -0.0563135556877 1.35897982121
      vertex 0.00309260399081 -0.0433911122382 1.35704684258
      vertex 0.00413206731901 -0.0595116280019 1.35365092754
    endloop
  endfacet
  facet normal -0.778236329556 0.45116430521 -0.436805486679
    outer loop
      vertex 3.47693784875e-09 -0.0616188943386 1.34856343269
      vertex 0.00413206731901 -0.0595116280019 1.35365092754
      vertex 0.00103236560244 -0.0507930144668 1.3398629427
    endloop
  endfacet
  facet normal -0.195943236351 -0.628726124763 -0.752535521984
    outer loop
      vertex 3.47693784875e-09 -0.0556586422026 0.56007784605
      vertex 0.00412945216522 -0.0545424856246 0.560126841068
      vertex 0.00206661876291 -0.0617168582976 0.552182555199
    endloop
  endfacet
  facet normal 0.0524767301977 -0.987169325352 0.150807440281
    outer loop
      vertex 0.00206140847877 -0.0442240871489 0.558440566063
      vertex 0.00412945216522 -0.0545424856246 0.560126841068
      vertex 3.47693784875e-09 -0.0556586422026 0.56007784605
    endloop
  endfacet
  facet normal 1 0 0
    outer loop
      vertex 0.0250000096858 -0.0205000042915 1.78750097752
      vertex 0.0250000096858 -0.0325000062585 1.51250100136
      vertex 0.0250000096858 -0.0205000042915 1.51250100136
    endloop
  endfacet
  facet normal 1 0 0
    outer loop
      vertex 0.0250000096858 -0.0325000062585 1.78750097752
      vertex 0.0250000096858 -0.0325000062585 1.51250100136
      vertex 0.0250000096858 -0.0205000042915 1.78750097752
    endloop
  endfacet
  facet normal 1 -0 0
    outer loop
      vertex 0.0250000096858 -0.0325000062585 1.81250095367
      vertex 0.0250000096858 -0.0205000042915 2.08750104904
      vertex 0.0250000096858 -0.0325000062585 2.08750104904
    endloop
  endfacet
  facet normal 1 0 0
    outer loop
      vertex 0.0250000096858 -0.0205000042915 1.81250095367
      vertex 0.0250000096858 -0.0205000042915 2.08750104904
      vertex 0.0250000096858 -0.0325000062585 1.81250095367
    endloop
  endfacet
  facet normal 0.999986588955 -0.00502588786185 -0.00126805191394
    outer loop
      vertex 0.0250000096858 -0.0215000007302 0.287500977516
      vertex 0.0236905217171 -0.0344383530319 0.0236915107816
      vertex 0.0236701034009 -0.0184174627066 0.0236710738391
    endloop
  endfacet
  facet normal 1 -0 0
    outer loop
      vertex 0.0250000096858 -0.0325000062585 0.31250089407
      vertex 0.0250000096858 -0.0205000042915 0.508774518967
      vertex 0.0250000096858 -0.0325000062585 0.504377067089
    endloop
  endfacet
  facet normal 1 0 0
    outer loop
      vertex 0.0250000096858 -0.0205000042915 0.31250089407
      vertex 0.0250000096858 -0.0205000042915 0.508774518967
      vertex 0.0250000096858 -0.0325000062585 0.31250089407
    endloop
  endfacet
  facet normal 1 0 0
    outer loop
      vertex 0.0250000096858 -0.0205000042915 0.587500989437
      vertex 0.0250000096858 -0.0325000062585 0.513172030449
      vertex 0.0250000096858 -0.0205000042915 0.508774518967
    endloop
  endfacet
  facet normal 1 0 0
    outer loop
      vertex 0.0250000096858 -0.0325000062585 0.587500989437
      vertex 0.0250000096858 -0.0325000062585 0.513172030449
      vertex 0.0250000096858 -0.0205000042915 0.587500989437
    endloop
  endfacet
  facet normal 1 -0 0
    outer loop
      vertex 0.0250000096858 -0.0325000062585 0.6125010252
      vertex 0.0250000096858 -0.0205000042915 0.887500941753
      vertex 0.0250000096858 -0.0325000062585 0.887500941753
    endloop
  endfacet
  facet normal 1 0 0
    outer loop
      vertex 0.0250000096858 -0.0205000042915 0.6125010252
      vertex 0.0250000096858 -0.0205000042915 0.887500941753
      vertex 0.0250000096858 -0.0325000062585 0.6125010252
    endloop
  endfacet
  facet normal 1 -0 0
    outer loop
      vertex 0.0250000096858 -0.0325000062585 2.11250090599
      vertex 0.0250000096858 -0.0205000042915 2.19122743607
      vertex 0.0250000096858 -0.0325000062585 2.18683004379
    endloop
  endfacet
  facet normal 1 0 0
    outer loop
      vertex 0.0250000096858 -0.0205000042915 2.11250090599
      vertex 0.0250000096858 -0.0205000042915 2.19122743607
      vertex 0.0250000096858 -0.0325000062585 2.11250090599
    endloop
  endfacet
  facet normal 1 -0 0
    outer loop
      vertex 0.0250000096858 -0.0325000062585 2.19562482834
      vertex 0.0250000096858 -0.0205000042915 2.38750100136
      vertex 0.0250000096858 -0.0325000062585 2.38750100136
    endloop
  endfacet
  facet normal 1 0 0
    outer loop
      vertex 0.0250000096858 -0.0205000042915 2.19122743607
      vertex 0.0250000096858 -0.0205000042915 2.38750100136
      vertex 0.0250000096858 -0.0325000062585 2.19562482834
    endloop
  endfacet
  facet normal 0.999347746372 0.00558700039983 0.0356778912246
    outer loop
      vertex 0.0250000096858 -0.0215000007302 2.41250109673
      vertex 0.0236440524459 -0.018162086606 2.67635703087
      vertex 0.0230325888842 -0.0351935885847 2.67696833611
    endloop
  endfacet
  facet normal 1 0 0
    outer loop
      vertex 0.0250000096858 -0.0205000042915 1.4875010252
      vertex 0.0250000096858 -0.0325000062585 1.21250104904
      vertex 0.0250000096858 -0.0185000021011 1.2062510252
    endloop
  endfacet
  facet normal 1 0 0
    outer loop
      vertex 0.0250000096858 -0.0325000062585 1.4875010252
      vertex 0.0250000096858 -0.0325000062585 1.21250104904
      vertex 0.0250000096858 -0.0205000042915 1.4875010252
    endloop
  endfacet
  facet normal 1 -0 0
    outer loop
      vertex 0.0250000096858 -0.0325000062585 0.912500977516
      vertex 0.0250000096858 -0.0205000042915 1.18750095367
      vertex 0.0250000096858 -0.0325000062585 1.18750095367
    endloop
  endfacet
  facet normal 1 0 0
    outer loop
      vertex 0.0250000096858 -0.0205000042915 0.912500977516
      vertex 0.0250000096858 -0.0205000042915 1.18750095367
      vertex 0.0250000096858 -0.0325000062585 0.912500977516
    endloop
  endfacet
  facet normal 1 -0 0
    outer loop
      vertex 0.0250000096858 -0.119999997318 1.81250095367
      vertex 0.0250000096858 -0.0899999961257 2.08750104904
      vertex 0.0250000096858 -0.119999997318 2.08750104904
    endloop
  endfacet
  facet normal 1 0 0
    outer loop
      vertex 0.0250000096858 -0.0899999961257 1.81250095367
      vertex 0.0250000096858 -0.0899999961257 2.08750104904
      vertex 0.0250000096858 -0.119999997318 1.81250095367
    endloop
  endfacet
  facet normal 1 0 0
    outer loop
      vertex 0.0250000096858 -0.0899999961257 1.78750097752
      vertex 0.0250000096858 -0.119999997318 1.50000095367
      vertex 0.0250000096858 -0.0899999961257 1.51250100136
    endloop
  endfacet
  facet normal 1 0 0
    outer loop
      vertex 0.0250000096858 -0.119999997318 1.78750097752
      vertex 0.0250000096858 -0.119999997318 1.50000095367
      vertex 0.0250000096858 -0.0899999961257 1.78750097752
    endloop
  endfacet
  facet normal 1 0 0
    outer loop
      vertex 0.0250000096858 -0.119999997318 0.508774518967
      vertex 0.0250000096858 -0.0899999961257 0.31250089407
      vertex 0.0250000096858 -0.0899999961257 0.504377067089
    endloop
  endfacet
  facet normal 1 -0 0
    outer loop
      vertex 0.0250000096858 -0.119999997318 0.31250089407
      vertex 0.0250000096858 -0.0899999961257 0.31250089407
      vertex 0.0250000096858 -0.119999997318 0.508774518967
    endloop
  endfacet
  facet normal 0.993927955627 0 -0.11003293097
    outer loop
      vertex 0.0212928280234 -0.086513005197 0.0212937779725
      vertex 0.0250000096858 -0.119999997318 0.287500977516
      vertex 0.0250000096858 -0.119999997318 0.0250010192394
    endloop
  endfacet
  facet normal 0.999903023243 -0.0139245754108 0
    outer loop
      vertex 0.0250000096858 -0.0899999961257 0.287500977516
      vertex 0.0250000096858 -0.119999997318 0.287500977516
      vertex 0.0212928280234 -0.086513005197 0.0212937779725
    endloop
  endfacet
  facet normal 1 -0 0
    outer loop
      vertex 0.0250000096858 -0.119999997318 0.6125010252
      vertex 0.0250000096858 -0.0899999961257 0.887500941753
      vertex 0.0250000096858 -0.119999997318 0.887500941753
    endloop
  endfacet
  facet normal 1 0 0
    outer loop
      vertex 0.0250000096858 -0.0899999961257 0.6125010252
      vertex 0.0250000096858 -0.0899999961257 0.887500941753
      vertex 0.0250000096858 -0.119999997318 0.6125010252
    endloop
  endfacet
  facet normal 1 0 0
    outer loop
      vertex 0.0250000096858 -0.0899999961257 0.587500989437
      vertex 0.0250000096858 -0.119999997318 0.508774518967
      vertex 0.0250000096858 -0.0899999961257 0.513172030449
    endloop
  endfacet
  facet normal 1 0 0
    outer loop
      vertex 0.0250000096858 -0.119999997318 0.587500989437
      vertex 0.0250000096858 -0.119999997318 0.508774518967
      vertex 0.0250000096858 -0.0899999961257 0.587500989437
    endloop
  endfacet
  facet normal 1 -0 0
    outer loop
      vertex 0.0250000096858 -0.119999997318 2.11250090599
      vertex 0.0250000096858 -0.0899999961257 2.18683004379
      vertex 0.0250000096858 -0.119999997318 2.19122743607
    endloop
  endfacet
  facet normal 1 0 0
    outer loop
      vertex 0.0250000096858 -0.0899999961257 2.11250090599
      vertex 0.0250000096858 -0.0899999961257 2.18683004379
      vertex 0.0250000096858 -0.119999997318 2.11250090599
    endloop
  endfacet
  facet normal 1 -0 0
    outer loop
      vertex 0.0250000096858 -0.119999997318 2.19122743607
      vertex 0.0250000096858 -0.0899999961257 2.38750100136
      vertex 0.0250000096858 -0.119999997318 2.38750100136
    endloop
  endfacet
  facet normal 1 0 -0
    outer loop
      vertex 0.0250000096858 -0.0899999961257 2.19562482834
      vertex 0.0250000096858 -0.0899999961257 2.38750100136
      vertex 0.0250000096858 -0.119999997318 2.19122743607
    endloop
  endfacet
  facet normal 0.993927955627 0 -0.11003293097
    outer loop
      vertex 0.0250000096858 -0.119999997318 2.41250109673
      vertex 0.0212928280234 -0.086513005197 2.67870807648
      vertex 0.0250000096858 -0.119999997318 2.67500090599
    endloop
  endfacet
  facet normal 0.999903023243 0.0139245837927 -0
    outer loop
      vertex 0.0250000096858 -0.0899999961257 2.41250109673
      vertex 0.0212928280234 -0.086513005197 2.67870807648
      vertex 0.0250000096858 -0.119999997318 2.41250109673
    endloop
  endfacet
  facet normal 1 0 0
    outer loop
      vertex 0.0250000096858 -0.0899999961257 1.4875010252
      vertex 0.0250000096858 -0.119999997318 1.20000100136
      vertex 0.0250000096858 -0.0899999961257 1.21250104904
    endloop
  endfacet
  facet normal 1 0 0
    outer loop
      vertex 0.0250000096858 -0.119999997318 1.50000095367
      vertex 0.0250000096858 -0.119999997318 1.20000100136
      vertex 0.0250000096858 -0.0899999961257 1.4875010252
    endloop
  endfacet
  facet normal 1 -0 0
    outer loop
      vertex 0.0250000096858 -0.119999997318 0.912500977516
      vertex 0.0250000096858 -0.0899999961257 1.18750095367
      vertex 0.0250000096858 -0.119999997318 1.20000100136
    endloop
  endfacet
  facet normal 1 0 0
    outer loop
      vertex 0.0250000096858 -0.0899999961257 0.912500977516
      vertex 0.0250000096858 -0.0899999961257 1.18750095367
      vertex 0.0250000096858 -0.119999997318 0.912500977516
    endloop
  endfacet
  facet normal 0.196885704994 -0.0187510307878 -0.980247139931
    outer loop
      vertex 0.287496745586 -0.0164999980479 0.0249409917742
      vertex 0.312496751547 -0.0164999980479 0.287440955639
      vertex 0.312496751547 -0.0215209573507 0.0249603837729
    endloop
  endfacet
  facet normal 0 0 -1
    outer loop
      vertex 0.287496745586 -0.0164999980479 0.287440955639
      vertex 0.312496751547 -0.0164999980479 0.287440955639
      vertex 0.287496745586 -0.0164999980479 0.0249409917742
    endloop
  endfacet
  facet normal 0 0 1
    outer loop
      vertex 0.312496751547 -0.119999997318 0.0249710064381
      vertex 0.287496745586 -0.119999997318 0.287440955639
      vertex 0.287496745586 -0.119999997318 0.0249710064381
    endloop
  endfacet
  facet normal 0 0 1
    outer loop
      vertex 0.312496751547 -0.119999997318 0.287440955639
      vertex 0.287496745586 -0.119999997318 0.287440955639
      vertex 0.312496751547 -0.119999997318 0.0249710064381
    endloop
  endfacet
  facet normal 1 0 0
    outer loop
      vertex 0.312496751547 -0.0164999980479 0.287440955639
      vertex 0.312496751547 -0.074493162334 0.245694577694
      vertex 0.312496751547 -0.0705523788929 0.233187869191
    endloop
  endfacet
  facet normal 1 0 0
    outer loop
      vertex 0.312496751547 -0.119999997318 0.287440955639
      vertex 0.312496751547 -0.0890976265073 0.2389819175
      vertex 0.312496751547 -0.074493162334 0.245694577694
    endloop
  endfacet
  facet normal 1 0 0
    outer loop
      vertex 0.312496751547 -0.119999997318 0.0249710064381
      vertex 0.312496751547 -0.0788791105151 0.163697108626
      vertex 0.312496751547 -0.0890976265073 0.2389819175
    endloop
  endfacet
  facet normal 1 -0 0
    outer loop
      vertex 0.312496751547 -0.0899691805243 0.0249710064381
      vertex 0.312496751547 -0.0788791105151 0.163697108626
      vertex 0.312496751547 -0.119999997318 0.0249710064381
    endloop
  endfacet
  facet normal 1 -0 0
    outer loop
      vertex 0.312496751547 -0.119999997318 0.0249710064381
      vertex 0.312496751547 -0.0890976265073 0.2389819175
      vertex 0.312496751547 -0.119999997318 0.287440955639
    endloop
  endfacet
  facet normal 1 0 0
    outer loop
      vertex 0.312496751547 -0.119999997318 0.287440955639
      vertex 0.312496751547 -0.074493162334 0.245694577694
      vertex 0.312496751547 -0.0164999980479 0.287440955639
    endloop
  endfacet
  facet normal 1 0 0
    outer loop
      vertex 0.312496751547 -0.0788791105151 0.163697108626
      vertex 0.312496751547 -0.0816597938538 0.227212041616
      vertex 0.312496751547 -0.0890976265073 0.2389819175
    endloop
  endfacet
  facet normal 1 -0 0
    outer loop
      vertex 0.312496751547 -0.0788791105151 0.163697108626
      vertex 0.312496751547 -0.0705523788929 0.233187869191
      vertex 0.312496751547 -0.0816597938538 0.227212041616
    endloop
  endfacet
  facet normal 1 0 -0
    outer loop
      vertex 0.312496751547 -0.0644931644201 0.170694544911
      vertex 0.312496751547 -0.0705523788929 0.233187869191
      vertex 0.312496751547 -0.0788791105151 0.163697108626
    endloop
  endfacet
  facet normal 1 -0 0
    outer loop
      vertex 0.312496751547 -0.0644931644201 0.170694544911
      vertex 0.312496751547 -0.0164999980479 0.287440955639
      vertex 0.312496751547 -0.0705523788929 0.233187869191
    endloop
  endfacet
  facet normal 1 0 0
    outer loop
      vertex 0.312496751547 -0.0646121278405 0.155268594623
      vertex 0.312496751547 -0.0164999980479 0.287440955639
      vertex 0.312496751547 -0.0644931644201 0.170694544911
    endloop
  endfacet
  facet normal 1 -0 0
    outer loop
      vertex 0.312496751547 -0.0215209573507 0.0249603837729
      vertex 0.312496751547 -0.0164999980479 0.287440955639
      vertex 0.312496751547 -0.0646121278405 0.155268594623
    endloop
  endfacet
  facet normal 1 0 0
    outer loop
      vertex 0.312496751547 -0.0215209573507 0.0249603837729
      vertex 0.312496751547 -0.0646121278405 0.155268594623
      vertex 0.312496751547 -0.0899691805243 0.0249710064381
    endloop
  endfacet
  facet normal 1 0 0
    outer loop
      vertex 0.312496751547 -0.0899691805243 0.0249710064381
      vertex 0.312496751547 -0.0646121278405 0.155268594623
      vertex 0.312496751547 -0.0788791105151 0.163697108626
    endloop
  endfacet
  facet normal 0 1 0
    outer loop
      vertex 0.287496745586 -0.0164999980479 0.287440955639
      vertex 0.312496751547 -0.119999997318 0.287440955639
      vertex 0.312496751547 -0.0164999980479 0.287440955639
    endloop
  endfacet
  facet normal -0 1 0
    outer loop
      vertex 0.287496745586 -0.119999997318 0.287440955639
      vertex 0.312496751547 -0.119999997318 0.287440955639
      vertex 0.287496745586 -0.0164999980479 0.287440955639
    endloop
  endfacet
  facet normal -0.0569710582495 0.53334236145 -0.843978822231
    outer loop
      vertex 0.312496751547 -0.0816597938538 0.227212041616
      vertex 0.287496745586 -0.0850797146559 0.229953363538
      vertex 0.312496751547 -0.0890976265073 0.2389819175
    endloop
  endfacet
  facet normal 0.122512951493 0.986953675747 0.104465633631
    outer loop
      vertex 0.312496751547 -0.0816597938538 0.227212041616
      vertex 0.287496745586 -0.0715957581997 0.231380596757
      vertex 0.287496745586 -0.0850797146559 0.229953363538
    endloop
  endfacet
  facet normal -0.0438464768231 0.879792392254 0.473331600428
    outer loop
      vertex 0.312496751547 -0.0705523788929 0.233187869191
      vertex 0.287496745586 -0.0715957581997 0.231380596757
      vertex 0.312496751547 -0.0816597938538 0.227212041616
    endloop
  endfacet
  facet normal 0.0438431985676 -0.0299779959023 0.998588562012
    outer loop
      vertex 0.312496751547 -0.0705523788929 0.233187869191
      vertex 0.287496745586 -0.0719742327929 0.243987888098
      vertex 0.287496745586 -0.0715957581997 0.231380596757
    endloop
  endfacet
  facet normal -0.0753682553768 -0.299672782421 0.95106035471
    outer loop
      vertex 0.312496751547 -0.074493162334 0.245694577694
      vertex 0.287496745586 -0.0719742327929 0.243987888098
      vertex 0.312496751547 -0.0705523788929 0.233187869191
    endloop
  endfacet
  facet normal 0.055040191859 -0.990637004375 0.12493570894
    outer loop
      vertex 0.312496751547 -0.074493162334 0.245694577694
      vertex 0.287496745586 -0.0855068713427 0.245694577694
      vertex 0.287496745586 -0.0719742327929 0.243987888098
    endloop
  endfacet
  facet normal -0.180948317051 -0.893618941307 -0.410734534264
    outer loop
      vertex 0.312496751547 -0.0890976265073 0.2389819175
      vertex 0.287496745586 -0.0855068713427 0.245694577694
      vertex 0.312496751547 -0.074493162334 0.245694577694
    endloop
  endfacet
  facet normal 0.149172976613 0.0268227625638 -0.988447248936
    outer loop
      vertex 0.312496751547 -0.0890976265073 0.2389819175
      vertex 0.287496745586 -0.0850797146559 0.229953363538
      vertex 0.287496745586 -0.0855068713427 0.245694577694
    endloop
  endfacet
  facet normal -0.131916001439 0.853454530239 -0.504195988178
    outer loop
      vertex 0.312496751547 -0.0646121278405 0.155268594623
      vertex 0.287496745586 -0.0781413391232 0.159397080541
      vertex 0.312496751547 -0.0788791105151 0.163697108626
    endloop
  endfacet
  facet normal 0.144426360726 0.988900363445 -0.0348873063922
    outer loop
      vertex 0.312496751547 -0.0646121278405 0.155268594623
      vertex 0.287496745586 -0.0620931908488 0.158830910921
      vertex 0.287496745586 -0.0781413391232 0.159397080541
    endloop
  endfacet
  facet normal -0.0991642326117 0.007673420012 0.995041489601
    outer loop
      vertex 0.312496751547 -0.0644931644201 0.170694544911
      vertex 0.287496745586 -0.0620931908488 0.158830910921
      vertex 0.312496751547 -0.0646121278405 0.155268594623
    endloop
  endfacet
  facet normal 0.105413615704 -0.405794382095 0.90786498785
    outer loop
      vertex 0.312496751547 -0.0644931644201 0.170694544911
      vertex 0.287496745586 -0.068055473268 0.172170042992
      vertex 0.287496745586 -0.0620931908488 0.158830910921
    endloop
  endfacet
  facet normal -0.11464125663 -0.893334269524 -0.434524148703
    outer loop
      vertex 0.312496751547 -0.0788791105151 0.163697108626
      vertex 0.287496745586 -0.068055473268 0.172170042992
      vertex 0.312496751547 -0.0644931644201 0.170694544911
    endloop
  endfacet
  facet normal 0.128674671054 -0.614565730095 -0.778300583363
    outer loop
      vertex 0.312496751547 -0.0788791105151 0.163697108626
      vertex 0.287496745586 -0.0781413391232 0.159397080541
      vertex 0.287496745586 -0.068055473268 0.172170042992
    endloop
  endfacet
  facet normal -0.000660361314658 -0.999999761581 -8.60138388816e-05
    outer loop
      vertex 0.312496751547 -0.0215209573507 0.0249603837729
      vertex 0.287496745586 -0.0899691805243 0.0249710064381
      vertex 0.287496745586 -0.0329034589231 0.0249759145081
    endloop
  endfacet
  facet normal 0 -1 0.000155176385306
    outer loop
      vertex 0.312496751547 -0.0899691805243 0.0249710064381
      vertex 0.287496745586 -0.0899691805243 0.0249710064381
      vertex 0.312496751547 -0.0215209573507 0.0249603837729
    endloop
  endfacet
  facet normal -0.00142039568163 -0.999939203262 0.0109343845397
    outer loop
      vertex 0.312496751547 -0.0215209573507 0.0249603837729
      vertex 0.287496745586 -0.0202381480485 0.0249818693846
      vertex 0.287496745586 -0.0164999980479 0.0249409917742
    endloop
  endfacet
  facet normal -1 0 0
    outer loop
      vertex 0.287496745586 -0.0715957581997 0.231380596757
      vertex 0.287496745586 -0.0719742327929 0.243987888098
      vertex 0.287496745586 -0.0164999980479 0.287440955639
    endloop
  endfacet
  facet normal -1 0 0
    outer loop
      vertex 0.287496745586 -0.068055473268 0.172170042992
      vertex 0.287496745586 -0.0850797146559 0.229953363538
      vertex 0.287496745586 -0.0715957581997 0.231380596757
    endloop
  endfacet
  facet normal -1 0 0
    outer loop
      vertex 0.287496745586 -0.0781413391232 0.159397080541
      vertex 0.287496745586 -0.0850797146559 0.229953363538
      vertex 0.287496745586 -0.068055473268 0.172170042992
    endloop
  endfacet
  facet normal -1 -0 0
    outer loop
      vertex 0.287496745586 -0.0855068713427 0.245694577694
      vertex 0.287496745586 -0.0850797146559 0.229953363538
      vertex 0.287496745586 -0.119999997318 0.287440955639
    endloop
  endfacet
  facet normal -1 -0 0
    outer loop
      vertex 0.287496745586 -0.0620931908488 0.158830910921
      vertex 0.287496745586 -0.0329034589231 0.0249759145081
      vertex 0.287496745586 -0.0899691805243 0.0249710064381
    endloop
  endfacet
  facet normal -1 0 0
    outer loop
      vertex 0.287496745586 -0.0620931908488 0.158830910921
      vertex 0.287496745586 -0.0325000062585 0.0250010192394
      vertex 0.287496745586 -0.0329034589231 0.0249759145081
    endloop
  endfacet
  facet normal -1 0 0
    outer loop
      vertex 0.287496745586 -0.0620931908488 0.158830910921
      vertex 0.287496745586 -0.0202381480485 0.0249818693846
      vertex 0.287496745586 -0.0325000062585 0.0250010192394
    endloop
  endfacet
  facet normal -1 0 0
    outer loop
      vertex 0.287496745586 -0.0164999980479 0.0249409917742
      vertex 0.287496745586 -0.0202381480485 0.0249818693846
      vertex 0.287496745586 -0.0620931908488 0.158830910921
    endloop
  endfacet
  facet normal -1 0 0
    outer loop
      vertex 0.287496745586 -0.0715957581997 0.231380596757
      vertex 0.287496745586 -0.0620931908488 0.158830910921
      vertex 0.287496745586 -0.068055473268 0.172170042992
    endloop
  endfacet
  facet normal -1 0 0
    outer loop
      vertex 0.287496745586 -0.0164999980479 0.287440955639
      vertex 0.287496745586 -0.0620931908488 0.158830910921
      vertex 0.287496745586 -0.0715957581997 0.231380596757
    endloop
  endfacet
  facet normal -1 0 0
    outer loop
      vertex 0.287496745586 -0.0164999980479 0.0249409917742
      vertex 0.287496745586 -0.0620931908488 0.158830910921
      vertex 0.287496745586 -0.0164999980479 0.287440955639
    endloop
  endfacet
  facet normal -1 0 0
    outer loop
      vertex 0.287496745586 -0.119999997318 0.287440955639
      vertex 0.287496745586 -0.0719742327929 0.243987888098
      vertex 0.287496745586 -0.0855068713427 0.245694577694
    endloop
  endfacet
  facet normal -1 0 0
    outer loop
      vertex 0.287496745586 -0.0164999980479 0.287440955639
      vertex 0.287496745586 -0.0719742327929 0.243987888098
      vertex 0.287496745586 -0.119999997318 0.287440955639
    endloop
  endfacet
  facet normal -1 0 0
    outer loop
      vertex 0.287496745586 -0.119999997318 0.0249710064381
      vertex 0.287496745586 -0.0850797146559 0.229953363538
      vertex 0.287496745586 -0.0781413391232 0.159397080541
    endloop
  endfacet
  facet normal -1 -0 0
    outer loop
      vertex 0.287496745586 -0.119999997318 0.287440955639
      vertex 0.287496745586 -0.0850797146559 0.229953363538
      vertex 0.287496745586 -0.119999997318 0.0249710064381
    endloop
  endfacet
  facet normal -1 0 0
    outer loop
      vertex 0.287496745586 -0.119999997318 0.0249710064381
      vertex 0.287496745586 -0.0781413391232 0.159397080541
      vertex 0.287496745586 -0.0899691805243 0.0249710064381
    endloop
  endfacet
  facet normal -1 0 0
    outer loop
      vertex 0.287496745586 -0.0899691805243 0.0249710064381
      vertex 0.287496745586 -0.0781413391232 0.159397080541
      vertex 0.287496745586 -0.0620931908488 0.158830910921
    endloop
  endfacet
  facet normal 0 0.987695455551 -0.156389534473
    outer loop
      vertex 0.443426162004 -0.0161402281374 0.00657480675727
      vertex 0.00401824759319 3.85360587885e-09 0.00401919800788
      vertex 0.00657383631915 -0.0161402281374 0.00657480675727
    endloop
  endfacet
  facet normal 0 0.987695455551 -0.156389534473
    outer loop
      vertex 0.445981740952 3.85360587885e-09 0.00401919800788
      vertex 0.00401824759319 3.85360587885e-09 0.00401919800788
      vertex 0.443426162004 -0.0161402281374 0.00657480675727
    endloop
  endfacet
  facet normal -9.3730077424e-06 0.132043808699 -0.991243898869
    outer loop
      vertex 0.426333516836 -0.0184131730348 0.0236674528569
      vertex 0.00657383631915 -0.0161402281374 0.00657480675727
      vertex 0.0236701034009 -0.0184174627066 0.0236710738391
    endloop
  endfacet
  facet normal 0 0.131817638874 -0.991273999214
    outer loop
      vertex 0.443426162004 -0.0161402281374 0.00657480675727
      vertex 0.00657383631915 -0.0161402281374 0.00657480675727
      vertex 0.426333516836 -0.0184131730348 0.0236674528569
    endloop
  endfacet
  facet normal 0.00764383841306 0.991171300411 -0.132366791368
    outer loop
      vertex 0.287496745586 -0.0202381480485 0.0249818693846
      vertex 0.312496751547 -0.0215209573507 0.0249603837729
      vertex 0.426333516836 -0.0184131730348 0.0236674528569
    endloop
  endfacet
  facet normal 1.07151458906e-06 0.811481356621 -0.584378302097
    outer loop
      vertex 0.426333516836 -0.0184131730348 0.0236674528569
      vertex 0.0236701034009 -0.0184174627066 0.0236710738391
      vertex 0.287496745586 -0.0202381480485 0.0249818693846
    endloop
  endfacet
  facet normal 0 0.999972939491 -0.00735312514007
    outer loop
      vertex 0.444873005152 -0.0818471685052 0.00512794265524
      vertex 0.00479965563864 -0.0373316816986 0.00480060605332
      vertex 0.00512699224055 -0.0818471685052 0.00512794265524
    endloop
  endfacet
  facet normal 0 0.999972939491 -0.00735312514007
    outer loop
      vertex 0.445200324059 -0.0373316816986 0.00480060605332
      vertex 0.00479965563864 -0.0373316816986 0.00480060605332
      vertex 0.444873005152 -0.0818471685052 0.00512794265524
    endloop
  endfacet
  facet normal 0 0.68486559391 -0.728669404984
    outer loop
      vertex 0.287496745586 -0.0899691805243 0.0249710064381
      vertex 0.42870721221 -0.086513005197 0.0212937779725
      vertex 0.0212928280234 -0.086513005197 0.0212937779725
    endloop
  endfacet
  facet normal 0 0.68486559391 -0.728669404984
    outer loop
      vertex 0.312496751547 -0.0899691805243 0.0249710064381
      vertex 0.42870721221 -0.086513005197 0.0212937779725
      vertex 0.287496745586 -0.0899691805243 0.0249710064381
    endloop
  endfacet
  facet normal -0 -0.999439835548 -0.0334666110575
    outer loop
      vertex 0.445981740952 3.85360587885e-09 0.00401919800788
      vertex 3.47693784875e-09 -0.119999997318 9.53674316406e-07
      vertex 0.00401824759319 3.85360587885e-09 0.00401919800788
    endloop
  endfacet
  facet normal -0 -0.999439835548 -0.0334666110575
    outer loop
      vertex 0.449999988079 -0.119999997318 9.53674316406e-07
      vertex 3.47693784875e-09 -0.119999997318 9.53674316406e-07
      vertex 0.445981740952 3.85360587885e-09 0.00401919800788
    endloop
  endfacet
  facet normal 0.0113884592429 0.999934494495 0.00115132180508
    outer loop
      vertex 0.312496751547 -0.0215209573507 0.0249603837729
      vertex 0.42635256052 -0.0347878597677 0.0236483812332
      vertex 0.426333516836 -0.0184131730348 0.0236674528569
    endloop
  endfacet
  facet normal -0.00497316289693 0.999986827374 -0.00126938137691
    outer loop
      vertex 0.287496745586 -0.0325000062585 0.0250010192394
      vertex 0.0236701034009 -0.0184174627066 0.0236710738391
      vertex 0.0236905217171 -0.0344383530319 0.0236915107816
    endloop
  endfacet
  facet normal -0.00495755206794 0.999986469746 -0.0015618117759
    outer loop
      vertex 0.287496745586 -0.0202381480485 0.0249818693846
      vertex 0.0236701034009 -0.0184174627066 0.0236710738391
      vertex 0.287496745586 -0.0325000062585 0.0250010192394
    endloop
  endfacet
  facet normal -0.00043227095739 0.802231252193 0.597013235092
    outer loop
      vertex 0.287496745586 -0.0329034589231 0.0249759145081
      vertex 0.0236905217171 -0.0344383530319 0.0236915107816
      vertex 0.42635256052 -0.0347878597677 0.0236483812332
    endloop
  endfacet
  facet normal -0.00449793925509 0.99805945158 0.0621057897806
    outer loop
      vertex 0.0236905217171 -0.0344383530319 0.0236915107816
      vertex 0.287496745586 -0.0329034589231 0.0249759145081
      vertex 0.287496745586 -0.0325000062585 0.0250010192394
    endloop
  endfacet
  facet normal 0.00929968152195 0.999775052071 0.0190613307059
    outer loop
      vertex 0.287496745586 -0.0329034589231 0.0249759145081
      vertex 0.42635256052 -0.0347878597677 0.0236483812332
      vertex 0.312496751547 -0.0215209573507 0.0249603837729
    endloop
  endfacet
  facet normal 0 0 1
    outer loop
      vertex 3.47693784875e-09 -0.119999997318 9.53674316406e-07
      vertex 0.287496745586 -0.119999997318 0.0249710064381
      vertex 0.0250000096858 -0.119999997318 0.0250010192394
    endloop
  endfacet
  facet normal 0 0 1
    outer loop
      vertex 0.449999988079 -0.119999997318 9.53674316406e-07
      vertex 0.287496745586 -0.119999997318 0.0249710064381
      vertex 3.47693784875e-09 -0.119999997318 9.53674316406e-07
    endloop
  endfacet
  facet normal 0 0 1
    outer loop
      vertex 0.449999988079 -0.119999997318 9.53674316406e-07
      vertex 0.312496751547 -0.119999997318 0.0249710064381
      vertex 0.287496745586 -0.119999997318 0.0249710064381
    endloop
  endfacet
  facet normal 0 0 1
    outer loop
      vertex 0.425000011921 -0.119999997318 0.0250010192394
      vertex 0.312496751547 -0.119999997318 0.0249710064381
      vertex 0.449999988079 -0.119999997318 9.53674316406e-07
    endloop
  endfacet
  facet normal 0.0282695721835 0.993867993355 -0.106898494065
    outer loop
      vertex 0.312496751547 -0.0899691805243 0.0249710064381
      vertex 0.425000011921 -0.119999997318 0.0250010192394
      vertex 0.42870721221 -0.086513005197 0.0212937779725
    endloop
  endfacet
  facet normal -0.000266782648396 0.999999940395 0
    outer loop
      vertex 0.312496751547 -0.119999997318 0.0249710064381
      vertex 0.425000011921 -0.119999997318 0.0250010192394
      vertex 0.312496751547 -0.0899691805243 0.0249710064381
    endloop
  endfacet
  facet normal 0.000113645699457 0.993926346302 -0.110047124326
    outer loop
      vertex 0.287496745586 -0.119999997318 0.0249710064381
      vertex 0.0212928280234 -0.086513005197 0.0212937779725
      vertex 0.0250000096858 -0.119999997318 0.0250010192394
    endloop
  endfacet
  facet normal -0.0138122588396 0.999904632568 0
    outer loop
      vertex 0.287496745586 -0.0899691805243 0.0249710064381
      vertex 0.0212928280234 -0.086513005197 0.0212937779725
      vertex 0.287496745586 -0.119999997318 0.0249710064381
    endloop
  endfacet
  facet normal 1 0 0
    outer loop
      vertex 0.425000011921 -0.0164999980479 1.81250095367
      vertex 0.425000011921 -0.0205000042915 1.78750097752
      vertex 0.425000011921 -0.0164999980479 1.78750097752
    endloop
  endfacet
  facet normal 1 0 0
    outer loop
      vertex 0.425000011921 -0.0205000042915 1.81250095367
      vertex 0.425000011921 -0.0205000042915 1.78750097752
      vertex 0.425000011921 -0.0164999980479 1.81250095367
    endloop
  endfacet
  facet normal 1 -0 0
    outer loop
      vertex 0.425000011921 -0.0899999961257 1.78750097752
      vertex 0.425000011921 -0.0325000062585 1.81250095367
      vertex 0.425000011921 -0.0899999961257 1.81250095367
    endloop
  endfacet
  facet normal 1 0 0
    outer loop
      vertex 0.425000011921 -0.0325000062585 1.78750097752
      vertex 0.425000011921 -0.0325000062585 1.81250095367
      vertex 0.425000011921 -0.0899999961257 1.78750097752
    endloop
  endfacet
  facet normal 1 0 0
    outer loop
      vertex 0.425000011921 -0.0205000042915 0.31250089407
      vertex 0.425000011921 -0.0215000007302 0.287500977516
      vertex 0.425000011921 -0.0164999980479 0.31250089407
    endloop
  endfacet
  facet normal 1 -0 0
    outer loop
      vertex 0.425000011921 -0.0899999961257 0.287500977516
      vertex 0.425000011921 -0.0325000062585 0.31250089407
      vertex 0.425000011921 -0.0899999961257 0.31250089407
    endloop
  endfacet
  facet normal 1 0 0
    outer loop
      vertex 0.425000011921 -0.0215000007302 0.287500977516
      vertex 0.425000011921 -0.0325000062585 0.31250089407
      vertex 0.425000011921 -0.0899999961257 0.287500977516
    endloop
  endfacet
  facet normal 1 -0 0
    outer loop
      vertex 0.425000011921 -0.0205000042915 0.504377067089
      vertex 0.425000011921 -0.0164999980479 0.508774518967
      vertex 0.425000011921 -0.0205000042915 0.513172030449
    endloop
  endfacet
  facet normal 1 -0 0
    outer loop
      vertex 0.425000011921 -0.0899999961257 0.504377067089
      vertex 0.425000011921 -0.0325000062585 0.508774518967
      vertex 0.425000011921 -0.0899999961257 0.513172030449
    endloop
  endfacet
  facet normal 1 0 0
    outer loop
      vertex 0.425000011921 -0.0205000042915 0.6125010252
      vertex 0.425000011921 -0.0205000042915 0.587500989437
      vertex 0.425000011921 -0.0164999980479 0.600001037121
    endloop
  endfacet
  facet normal 1 -0 0
    outer loop
      vertex 0.425000011921 -0.0899999961257 0.587500989437
      vertex 0.425000011921 -0.0325000062585 0.6125010252
      vertex 0.425000011921 -0.0899999961257 0.6125010252
    endloop
  endfacet
  facet normal 1 0 0
    outer loop
      vertex 0.425000011921 -0.0325000062585 0.587500989437
      vertex 0.425000011921 -0.0325000062585 0.6125010252
      vertex 0.425000011921 -0.0899999961257 0.587500989437
    endloop
  endfacet
  facet normal 1 0 0
    outer loop
      vertex 0.425000011921 -0.0205000042915 2.19562482834
      vertex 0.425000011921 -0.0205000042915 2.18683004379
      vertex 0.425000011921 -0.0164999980479 2.19122743607
    endloop
  endfacet
  facet normal 1 -0 0
    outer loop
      vertex 0.425000011921 -0.0899999961257 2.18683004379
      vertex 0.425000011921 -0.0325000062585 2.19122743607
      vertex 0.425000011921 -0.0899999961257 2.19562482834
    endloop
  endfacet
  facet normal 1 -0 0
    outer loop
      vertex 0.425000011921 -0.0899999961257 2.08750104904
      vertex 0.425000011921 -0.0325000062585 2.11250090599
      vertex 0.425000011921 -0.0899999961257 2.11250090599
    endloop
  endfacet
  facet normal 1 0 0
    outer loop
      vertex 0.425000011921 -0.0325000062585 2.08750104904
      vertex 0.425000011921 -0.0325000062585 2.11250090599
      vertex 0.425000011921 -0.0899999961257 2.08750104904
    endloop
  endfacet
  facet normal 1 0 0
    outer loop
      vertex 0.425000011921 -0.0215000007302 2.41250109673
      vertex 0.425000011921 -0.0205000042915 2.38750100136
      vertex 0.425000011921 -0.0164999980479 2.38750100136
    endloop
  endfacet
  facet normal 1 -0 0
    outer loop
      vertex 0.425000011921 -0.0899999961257 2.38750100136
      vertex 0.425000011921 -0.0215000007302 2.41250109673
      vertex 0.425000011921 -0.0899999961257 2.41250109673
    endloop
  endfacet
  facet normal 1 -0 0
    outer loop
      vertex 0.425000011921 -0.0325000062585 2.38750100136
      vertex 0.425000011921 -0.0215000007302 2.41250109673
      vertex 0.425000011921 -0.0899999961257 2.38750100136
    endloop
  endfacet
  facet normal 1 -0 0
    outer loop
      vertex 0.425000011921 -0.0899999961257 1.4875010252
      vertex 0.425000011921 -0.0325000062585 1.51250100136
      vertex 0.425000011921 -0.0899999961257 1.51250100136
    endloop
  endfacet
  facet normal 1 0 0
    outer loop
      vertex 0.425000011921 -0.0325000062585 1.4875010252
      vertex 0.425000011921 -0.0325000062585 1.51250100136
      vertex 0.425000011921 -0.0899999961257 1.4875010252
    endloop
  endfacet
  facet normal 1 0 0
    outer loop
      vertex 0.425000011921 -0.0164999980479 0.912500977516
      vertex 0.425000011921 -0.0205000042915 0.887500941753
      vertex 0.425000011921 -0.0164999980479 0.887500941753
    endloop
  endfacet
  facet normal 1 0 0
    outer loop
      vertex 0.425000011921 -0.0205000042915 0.912500977516
      vertex 0.425000011921 -0.0205000042915 0.887500941753
      vertex 0.425000011921 -0.0164999980479 0.912500977516
    endloop
  endfacet
  facet normal 1 -0 0
    outer loop
      vertex 0.425000011921 -0.0899999961257 0.887500941753
      vertex 0.425000011921 -0.0325000062585 0.912500977516
      vertex 0.425000011921 -0.0899999961257 0.912500977516
    endloop
  endfacet
  facet normal 1 0 0
    outer loop
      vertex 0.425000011921 -0.0325000062585 0.887500941753
      vertex 0.425000011921 -0.0325000062585 0.912500977516
      vertex 0.425000011921 -0.0899999961257 0.887500941753
    endloop
  endfacet
  facet normal 1 0 0
    outer loop
      vertex 0.425000011921 -0.0205000042915 1.21250104904
      vertex 0.425000011921 -0.0205000042915 1.18750095367
      vertex 0.425000011921 -0.0164999980479 1.20000100136
    endloop
  endfacet
  facet normal 1 -0 0
    outer loop
      vertex 0.425000011921 -0.0899999961257 1.18750095367
      vertex 0.425000011921 -0.0325000062585 1.21250104904
      vertex 0.425000011921 -0.0899999961257 1.21250104904
    endloop
  endfacet
  facet normal 1 0 0
    outer loop
      vertex 0.425000011921 -0.0325000062585 1.18750095367
      vertex 0.425000011921 -0.0325000062585 1.21250104904
      vertex 0.425000011921 -0.0899999961257 1.18750095367
    endloop
  endfacet
  facet normal 0 0 1
    outer loop
      vertex 0.449999988079 -0.119999997318 9.53674316406e-07
      vertex 0.425000011921 -0.119999997318 0.287500977516
      vertex 0.425000011921 -0.119999997318 0.0250010192394
    endloop
  endfacet
  facet normal 0 0 1
    outer loop
      vertex 0.425000011921 -0.119999997318 0.31250089407
      vertex 0.425000011921 -0.119999997318 0.287500977516
      vertex 0.449999988079 -0.119999997318 9.53674316406e-07
    endloop
  endfacet
  facet normal 0 0 1
    outer loop
      vertex 0.449999988079 -0.119999997318 9.53674316406e-07
      vertex 0.425000011921 -0.119999997318 0.508774518967
      vertex 0.425000011921 -0.119999997318 0.31250089407
    endloop
  endfacet
  facet normal 0 0 1
    outer loop
      vertex 0.425000011921 -0.119999997318 0.587500989437
      vertex 0.425000011921 -0.119999997318 0.508774518967
      vertex 0.449999988079 -0.119999997318 9.53674316406e-07
    endloop
  endfacet
  facet normal 0 0 1
    outer loop
      vertex 0.449999988079 -0.119999997318 9.53674316406e-07
      vertex 0.425000011921 -0.119999997318 0.6125010252
      vertex 0.425000011921 -0.119999997318 0.587500989437
    endloop
  endfacet
  facet normal 0 0 1
    outer loop
      vertex 0.449999988079 -0.119999997318 9.53674316406e-07
      vertex 0.425000011921 -0.119999997318 0.887500941753
      vertex 0.425000011921 -0.119999997318 0.6125010252
    endloop
  endfacet
  facet normal 0 0 1
    outer loop
      vertex 0.425000011921 -0.119999997318 0.912500977516
      vertex 0.425000011921 -0.119999997318 0.887500941753
      vertex 0.449999988079 -0.119999997318 9.53674316406e-07
    endloop
  endfacet
  facet normal 0 0 1
    outer loop
      vertex 0.449999988079 -0.119999997318 9.53674316406e-07
      vertex 0.425000011921 -0.119999997318 1.20000100136
      vertex 0.425000011921 -0.119999997318 0.912500977516
    endloop
  endfacet
  facet normal 0 0 1
    outer loop
      vertex 0.449999988079 -0.119999997318 2.70000100136
      vertex 0.425000011921 -0.119999997318 1.20000100136
      vertex 0.449999988079 -0.119999997318 9.53674316406e-07
    endloop
  endfacet
  facet normal 0 0 1
    outer loop
      vertex 0.449999988079 -0.119999997318 2.70000100136
      vertex 0.425000011921 -0.119999997318 1.50000095367
      vertex 0.425000011921 -0.119999997318 1.20000100136
    endloop
  endfacet
  facet normal 0 0 1
    outer loop
      vertex 0.449999988079 -0.119999997318 2.70000100136
      vertex 0.425000011921 -0.119999997318 1.78750097752
      vertex 0.425000011921 -0.119999997318 1.50000095367
    endloop
  endfacet
  facet normal 0 0 1
    outer loop
      vertex 0.449999988079 -0.119999997318 2.70000100136
      vertex 0.425000011921 -0.119999997318 1.81250095367
      vertex 0.425000011921 -0.119999997318 1.78750097752
    endloop
  endfacet
  facet normal -0 0 1
    outer loop
      vertex 0.425000011921 -0.119999997318 2.08750104904
      vertex 0.425000011921 -0.119999997318 1.81250095367
      vertex 0.449999988079 -0.119999997318 2.70000100136
    endloop
  endfacet
  facet normal 0 0 1
    outer loop
      vertex 0.449999988079 -0.119999997318 2.70000100136
      vertex 0.425000011921 -0.119999997318 2.11250090599
      vertex 0.425000011921 -0.119999997318 2.08750104904
    endloop
  endfacet
  facet normal 0 0 1
    outer loop
      vertex 0.449999988079 -0.119999997318 2.70000100136
      vertex 0.425000011921 -0.119999997318 2.19122743607
      vertex 0.425000011921 -0.119999997318 2.11250090599
    endloop
  endfacet
  facet normal 0 0 1
    outer loop
      vertex 0.449999988079 -0.119999997318 2.70000100136
      vertex 0.425000011921 -0.119999997318 2.38750100136
      vertex 0.425000011921 -0.119999997318 2.19122743607
    endloop
  endfacet
  facet normal 0 0 1
    outer loop
      vertex 0.449999988079 -0.119999997318 2.70000100136
      vertex 0.425000011921 -0.119999997318 2.41250109673
      vertex 0.425000011921 -0.119999997318 2.38750100136
    endloop
  endfacet
  facet normal -0 0 1
    outer loop
      vertex 0.425000011921 -0.119999997318 2.67500090599
      vertex 0.425000011921 -0.119999997318 2.41250109673
      vertex 0.449999988079 -0.119999997318 2.70000100136
    endloop
  endfacet
  facet normal 0.983896970749 0.0201872289181 0.177592813969
    outer loop
      vertex 0.447936683893 -0.0501114316285 2.15985679626
      vertex 0.449999988079 -0.039924710989 2.14891028404
      vertex 0.445981740952 3.85360587885e-09 2.69598293304
    endloop
  endfacet
  facet normal 0.999439120293 0.000514672603458 -0.0334838218987
    outer loop
      vertex 0.449999988079 -0.119999997318 2.70000100136
      vertex 0.447936683893 -0.0501114316285 2.15985679626
      vertex 0.445981740952 3.85360587885e-09 2.69598293304
    endloop
  endfacet
  facet normal 0.999989032745 -0.0034032932017 -0.00321947294287
    outer loop
      vertex 0.449999988079 -0.119999997318 2.70000100136
      vertex 0.44793343544 -0.0611750409007 2.14843916893
      vertex 0.447936683893 -0.0501114316285 2.15985679626
    endloop
  endfacet
  facet normal 0.998814105988 0 -0.0486860908568
    outer loop
      vertex 0.445981740952 3.85360587885e-09 2.69598293304
      vertex 0.44793894887 -0.0401531532407 1.35138952732
      vertex 0.445981740952 3.85360587885e-09 0.00401919800788
    endloop
  endfacet
  facet normal 0.990796327591 -0.00259926891886 -0.135335996747
    outer loop
      vertex 0.449999988079 -0.039924710989 2.14891028404
      vertex 0.44793894887 -0.0401531532407 1.35138952732
      vertex 0.445981740952 3.85360587885e-09 2.69598293304
    endloop
  endfacet
  facet normal 0.979797482491 -0.00258936034516 -0.199975475669
    outer loop
      vertex 0.449999988079 -0.039924710989 2.14891028404
      vertex 0.449999988079 -0.0501546002924 1.35885906219
      vertex 0.44793894887 -0.0401531532407 1.35138952732
    endloop
  endfacet
  facet normal 0.981751680374 0.00246215681545 0.190151587129
    outer loop
      vertex 0.447935730219 -0.0507000014186 2.13982629776
      vertex 0.449999988079 -0.0501546002924 1.35885906219
      vertex 0.449999988079 -0.039924710989 2.14891028404
    endloop
  endfacet
  facet normal 0.999994575977 0.00264453748241 -0.00195550499484
    outer loop
      vertex 0.44793343544 -0.0611750409007 2.14843916893
      vertex 0.449999988079 -0.0501546002924 1.35885906219
      vertex 0.447935730219 -0.0507000014186 2.13982629776
    endloop
  endfacet
  facet normal 0.999993979931 0.00258484249935 0.00232133618556
    outer loop
      vertex 0.44793343544 -0.0611750409007 2.14843916893
      vertex 0.449999988079 -0.0616188943386 1.34856343269
      vertex 0.449999988079 -0.0501546002924 1.35885906219
    endloop
  endfacet
  facet normal 0.983947217464 0.0245416611433 0.176764205098
    outer loop
      vertex 0.449999988079 -0.119999997318 9.53674316406e-07
      vertex 0.448967635632 -0.0507930144668 0.53986287117
      vertex 0.44690066576 -0.0605770759284 0.552262365818
    endloop
  endfacet
  facet normal 0.999434292316 -0.00238925754093 -0.0335464328527
    outer loop
      vertex 0.445981740952 3.85360587885e-09 0.00401919800788
      vertex 0.448967635632 -0.0507930144668 0.53986287117
      vertex 0.449999988079 -0.119999997318 9.53674316406e-07
    endloop
  endfacet
  facet normal 0.996626496315 -0.0132313221693 0.0809975638986
    outer loop
      vertex 0.449999988079 -0.039924710989 0.551091730595
      vertex 0.448967635632 -0.0507930144668 0.53986287117
      vertex 0.445981740952 3.85360587885e-09 0.00401919800788
    endloop
  endfacet
  facet normal 0.990813016891 0.00259025744162 -0.135214179754
    outer loop
      vertex 0.44793894887 -0.0401531532407 1.35138952732
      vertex 0.449999988079 -0.039924710989 0.551091730595
      vertex 0.445981740952 3.85360587885e-09 0.00401919800788
    endloop
  endfacet
  facet normal 0.975473105907 0.00244932645001 0.22010499239
    outer loop
      vertex 0.44793894887 -0.0401531532407 1.35138952732
      vertex 0.447936087847 -0.0489647835493 0.560691475868
      vertex 0.449999988079 -0.039924710989 0.551091730595
    endloop
  endfacet
  facet normal 1 -2.72008173852e-06 8.23804293759e-05
    outer loop
      vertex 0.447938591242 -0.0442240871489 1.34156143665
      vertex 0.447936087847 -0.0489647835493 0.560691475868
      vertex 0.44793894887 -0.0401531532407 1.35138952732
    endloop
  endfacet
  facet normal 0.977018415928 -0.001297196839 -0.213151097298
    outer loop
      vertex 0.447938591242 -0.0442240871489 1.34156143665
      vertex 0.449999988079 -0.0584461800754 0.557221055031
      vertex 0.447936087847 -0.0489647835493 0.560691475868
    endloop
  endfacet
  facet normal 0.999996244907 0.00264105037786 0.000710535037797
    outer loop
      vertex 0.447935253382 -0.0551005639136 1.33989965916
      vertex 0.449999988079 -0.0584461800754 0.557221055031
      vertex 0.447938591242 -0.0442240871489 1.34156143665
    endloop
  endfacet
  facet normal 0.952850222588 0.00121657084674 -0.303438514471
    outer loop
      vertex 0.449999988079 -0.0616188943386 1.34856343269
      vertex 0.449999988079 -0.0584461800754 0.557221055031
      vertex 0.447935253382 -0.0551005639136 1.33989965916
    endloop
  endfacet
  facet normal 0.998257994652 0.00254636071622 -0.0589445456862
    outer loop
      vertex 0.449999988079 -0.119999997318 2.70000100136
      vertex 0.449999988079 -0.0616188943386 1.34856343269
      vertex 0.44793343544 -0.0611750409007 2.14843916893
    endloop
  endfacet
  facet normal 1 -0 0
    outer loop
      vertex 0.449999988079 -0.119999997318 9.53674316406e-07
      vertex 0.449999988079 -0.0616188943386 1.34856343269
      vertex 0.449999988079 -0.119999997318 2.70000100136
    endloop
  endfacet
  facet normal 0.996206641197 -0.00376363843679 -0.0869374126196
    outer loop
      vertex 0.44690066576 -0.0605770759284 0.552262365818
      vertex 0.449999988079 -0.0616188943386 1.34856343269
      vertex 0.449999988079 -0.119999997318 9.53674316406e-07
    endloop
  endfacet
  facet normal 0.570119142532 -0.00329384789802 0.821555435658
    outer loop
      vertex 0.449999988079 -0.0584461800754 0.557221055031
      vertex 0.449999988079 -0.0616188943386 1.34856343269
      vertex 0.44690066576 -0.0605770759284 0.552262365818
    endloop
  endfacet
  facet normal -0.987695813179 0 -0.156387120485
    outer loop
      vertex 0.443426162004 -0.0161402281374 0.00657480675727
      vertex 0.445981740952 3.85360587885e-09 2.69598293304
      vertex 0.445981740952 3.85360587885e-09 0.00401919800788
    endloop
  endfacet
  facet normal -0.987695813179 -0 -0.156387120485
    outer loop
      vertex 0.443426162004 -0.0161402281374 2.69342708588
      vertex 0.445981740952 3.85360587885e-09 2.69598293304
      vertex 0.443426162004 -0.0161402281374 0.00657480675727
    endloop
  endfacet
  facet normal -0.132010772824 -0.000196554959984 -0.991248250008
    outer loop
      vertex 0.426967650652 -0.0178025998175 2.67696857452
      vertex 0.443426162004 -0.0161402281374 0.00657480675727
      vertex 0.426333516836 -0.0184131730348 0.0236674528569
    endloop
  endfacet
  facet normal -0.100492417812 -0 -0.994937837124
    outer loop
      vertex 0.443426162004 -0.0161402281374 2.69342708588
      vertex 0.443426162004 -0.0161402281374 0.00657480675727
      vertex 0.426967650652 -0.0178025998175 2.67696857452
    endloop
  endfacet
  facet normal -0.995247602463 -0.00389194651507 -0.0972985699773
    outer loop
      vertex 0.425000011921 -0.0205000042915 0.31250089407
      vertex 0.426333516836 -0.0184131730348 0.0236674528569
      vertex 0.425000011921 -0.0215000007302 0.287500977516
    endloop
  endfacet
  facet normal -0.842649579048 -0 -0.538462340832
    outer loop
      vertex 0.425000011921 -0.0205000042915 0.504377067089
      vertex 0.426333516836 -0.0184131730348 0.0236674528569
      vertex 0.425000011921 -0.0205000042915 0.31250089407
    endloop
  endfacet
  facet normal -0.842649579048 -0 -0.538462340832
    outer loop
      vertex 0.425000011921 -0.0205000042915 0.513172030449
      vertex 0.426333516836 -0.0184131730348 0.0236674528569
      vertex 0.425000011921 -0.0205000042915 0.504377067089
    endloop
  endfacet
  facet normal -0.842649579048 -0 -0.538462340832
    outer loop
      vertex 0.425000011921 -0.0205000042915 0.587500989437
      vertex 0.426333516836 -0.0184131730348 0.0236674528569
      vertex 0.425000011921 -0.0205000042915 0.513172030449
    endloop
  endfacet
  facet normal -0.842649579048 -0 -0.538462340832
    outer loop
      vertex 0.425000011921 -0.0205000042915 0.6125010252
      vertex 0.426333516836 -0.0184131730348 0.0236674528569
      vertex 0.425000011921 -0.0205000042915 0.587500989437
    endloop
  endfacet
  facet normal -0.842649579048 -0 -0.538462340832
    outer loop
      vertex 0.425000011921 -0.0205000042915 0.887500941753
      vertex 0.426333516836 -0.0184131730348 0.0236674528569
      vertex 0.425000011921 -0.0205000042915 0.6125010252
    endloop
  endfacet
  facet normal -0.842649579048 -0 -0.538462340832
    outer loop
      vertex 0.425000011921 -0.0205000042915 0.912500977516
      vertex 0.426333516836 -0.0184131730348 0.0236674528569
      vertex 0.425000011921 -0.0205000042915 0.887500941753
    endloop
  endfacet
  facet normal -0.842649579048 -0 -0.538462340832
    outer loop
      vertex 0.425000011921 -0.0205000042915 1.18750095367
      vertex 0.426333516836 -0.0184131730348 0.0236674528569
      vertex 0.425000011921 -0.0205000042915 0.912500977516
    endloop
  endfacet
  facet normal -0.842649579048 -0 -0.538462340832
    outer loop
      vertex 0.425000011921 -0.0205000042915 1.21250104904
      vertex 0.426333516836 -0.0184131730348 0.0236674528569
      vertex 0.425000011921 -0.0205000042915 1.18750095367
    endloop
  endfacet
  facet normal -0.992092072964 -0.000892509939149 -0.125509083271
    outer loop
      vertex 0.425000011921 -0.0185000021011 1.49375104904
      vertex 0.426333516836 -0.0184131730348 0.0236674528569
      vertex 0.425000011921 -0.0205000042915 1.21250104904
    endloop
  endfacet
  facet normal -0.244653016329 -0.000164655313711 -0.969610691071
    outer loop
      vertex 0.425000011921 -0.0185000021011 1.49375104904
      vertex 0.426967650652 -0.0178025998175 2.67696857452
      vertex 0.426333516836 -0.0184131730348 0.0236674528569
    endloop
  endfacet
  facet normal -0.999878466129 0.00165360199753 -0.0155024956912
    outer loop
      vertex 0.425000011921 -0.0205000042915 1.51250100136
      vertex 0.426967650652 -0.0178025998175 2.67696857452
      vertex 0.425000011921 -0.0185000021011 1.49375104904
    endloop
  endfacet
  facet normal -0.807898402214 -0 -0.589321792126
    outer loop
      vertex 0.425000011921 -0.0205000042915 1.78750097752
      vertex 0.426967650652 -0.0178025998175 2.67696857452
      vertex 0.425000011921 -0.0205000042915 1.51250100136
    endloop
  endfacet
  facet normal -0.807898402214 -0 -0.589321792126
    outer loop
      vertex 0.425000011921 -0.0205000042915 1.81250095367
      vertex 0.426967650652 -0.0178025998175 2.67696857452
      vertex 0.425000011921 -0.0205000042915 1.78750097752
    endloop
  endfacet
  facet normal -0.807898402214 -0 -0.589321792126
    outer loop
      vertex 0.425000011921 -0.0205000042915 2.10000109673
      vertex 0.426967650652 -0.0178025998175 2.67696857452
      vertex 0.425000011921 -0.0205000042915 1.81250095367
    endloop
  endfacet
  facet normal -0.807898402214 -0 -0.589321792126
    outer loop
      vertex 0.425000011921 -0.0205000042915 2.18683004379
      vertex 0.426967650652 -0.0178025998175 2.67696857452
      vertex 0.425000011921 -0.0205000042915 2.10000109673
    endloop
  endfacet
  facet normal -0.807898402214 -0 -0.589321792126
    outer loop
      vertex 0.425000011921 -0.0205000042915 2.19562482834
      vertex 0.426967650652 -0.0178025998175 2.67696857452
      vertex 0.425000011921 -0.0205000042915 2.18683004379
    endloop
  endfacet
  facet normal -0.807898402214 -0 -0.589321792126
    outer loop
      vertex 0.425000011921 -0.0205000042915 2.38750100136
      vertex 0.426967650652 -0.0178025998175 2.67696857452
      vertex 0.425000011921 -0.0205000042915 2.19562482834
    endloop
  endfacet
  facet normal -0.99062025547 0.00546132726595 -0.136534377933
    outer loop
      vertex 0.425000011921 -0.0215000007302 2.41250109673
      vertex 0.426967650652 -0.0178025998175 2.67696857452
      vertex 0.425000011921 -0.0205000042915 2.38750100136
    endloop
  endfacet
  facet normal -0.999934792519 -0.0045993514359 0.0104530267417
    outer loop
      vertex 0.42635256052 -0.0347878597677 0.0236483812332
      vertex 0.425000011921 -0.0325000062585 0.31250089407
      vertex 0.425000011921 -0.0215000007302 0.287500977516
    endloop
  endfacet
  facet normal -0.860823571682 0 0.508903563023
    outer loop
      vertex 0.42635256052 -0.0347878597677 0.0236483812332
      vertex 0.425000011921 -0.0325000062585 0.508774518967
      vertex 0.425000011921 -0.0325000062585 0.31250089407
    endloop
  endfacet
  facet normal -0.860823571682 2.21476430279e-18 0.508903563023
    outer loop
      vertex 0.42635256052 -0.0347878597677 0.0236483812332
      vertex 0.425000011921 -0.0325000062585 0.587500989437
      vertex 0.425000011921 -0.0325000062585 0.508774518967
    endloop
  endfacet
  facet normal -0.860823571682 -8.46558145583e-18 0.508903563023
    outer loop
      vertex 0.42635256052 -0.0347878597677 0.0236483812332
      vertex 0.425000011921 -0.0325000062585 0.6125010252
      vertex 0.425000011921 -0.0325000062585 0.587500989437
    endloop
  endfacet
  facet normal -0.860823571682 0 0.508903563023
    outer loop
      vertex 0.425000011921 -0.0325000062585 0.887500941753
      vertex 0.425000011921 -0.0325000062585 0.6125010252
      vertex 0.42635256052 -0.0347878597677 0.0236483812332
    endloop
  endfacet
  facet normal -0.860823571682 0 0.508903563023
    outer loop
      vertex 0.42635256052 -0.0347878597677 0.0236483812332
      vertex 0.425000011921 -0.0325000062585 0.912500977516
      vertex 0.425000011921 -0.0325000062585 0.887500941753
    endloop
  endfacet
  facet normal -0.860823571682 5.99452309846e-19 0.508903563023
    outer loop
      vertex 0.42635256052 -0.0347878597677 0.0236483812332
      vertex 0.425000011921 -0.0325000062585 1.18750095367
      vertex 0.425000011921 -0.0325000062585 0.912500977516
    endloop
  endfacet
  facet normal -0.860823571682 0 0.508903563023
    outer loop
      vertex 0.425000011921 -0.0325000062585 1.21250104904
      vertex 0.425000011921 -0.0325000062585 1.18750095367
      vertex 0.42635256052 -0.0347878597677 0.0236483812332
    endloop
  endfacet
  facet normal -0.999934375286 0.0046138134785 0.0104859955609
    outer loop
      vertex 0.425000011921 -0.0325000062585 2.38750100136
      vertex 0.426357358694 -0.0348366312683 2.67635846138
      vertex 0.425000011921 -0.0215000007302 2.41250109673
    endloop
  endfacet
  facet normal -0.864696502686 0 0.502294719219
    outer loop
      vertex 0.425000011921 -0.0325000062585 2.19122743607
      vertex 0.426357358694 -0.0348366312683 2.67635846138
      vertex 0.425000011921 -0.0325000062585 2.38750100136
    endloop
  endfacet
  facet normal -0.864696502686 0 0.502294719219
    outer loop
      vertex 0.425000011921 -0.0325000062585 2.11250090599
      vertex 0.426357358694 -0.0348366312683 2.67635846138
      vertex 0.425000011921 -0.0325000062585 2.19122743607
    endloop
  endfacet
  facet normal -0.864696502686 0 0.502294719219
    outer loop
      vertex 0.425000011921 -0.0325000062585 2.08750104904
      vertex 0.426357358694 -0.0348366312683 2.67635846138
      vertex 0.425000011921 -0.0325000062585 2.11250090599
    endloop
  endfacet
  facet normal -0.864696502686 0 0.502294719219
    outer loop
      vertex 0.425000011921 -0.0325000062585 1.81250095367
      vertex 0.426357358694 -0.0348366312683 2.67635846138
      vertex 0.425000011921 -0.0325000062585 2.08750104904
    endloop
  endfacet
  facet normal -0.864696502686 0 0.502294719219
    outer loop
      vertex 0.425000011921 -0.0325000062585 1.78750097752
      vertex 0.426357358694 -0.0348366312683 2.67635846138
      vertex 0.425000011921 -0.0325000062585 1.81250095367
    endloop
  endfacet
  facet normal -0.864696502686 0 0.502294719219
    outer loop
      vertex 0.425000011921 -0.0325000062585 1.51250100136
      vertex 0.426357358694 -0.0348366312683 2.67635846138
      vertex 0.425000011921 -0.0325000062585 1.78750097752
    endloop
  endfacet
  facet normal -0.864696502686 0 0.502294719219
    outer loop
      vertex 0.425000011921 -0.0325000062585 1.4875010252
      vertex 0.426357358694 -0.0348366312683 2.67635846138
      vertex 0.425000011921 -0.0325000062585 1.51250100136
    endloop
  endfacet
  facet normal -0.864696502686 0 0.502294719219
    outer loop
      vertex 0.425000011921 -0.0325000062585 1.21250104904
      vertex 0.426357358694 -0.0348366312683 2.67635846138
      vertex 0.425000011921 -0.0325000062585 1.4875010252
    endloop
  endfacet
  facet normal -0.862581431866 -7.74496129452e-06 0.505918204784
    outer loop
      vertex 0.42635256052 -0.0347878597677 0.0236483812332
      vertex 0.426357358694 -0.0348366312683 2.67635846138
      vertex 0.425000011921 -0.0325000062585 1.21250104904
    endloop
  endfacet
  facet normal -0.999974310398 -0.00484146503732 -0.00528914155439
    outer loop
      vertex 0.445177972317 -0.0816687941551 2.6951789856
      vertex 0.447936683893 -0.0501114316285 2.15985679626
      vertex 0.44793343544 -0.0611750409007 2.14843916893
    endloop
  endfacet
  facet normal -0.999986767769 -0.00512343086302 -0.000507113232743
    outer loop
      vertex 0.445200324059 -0.0373316816986 2.69520139694
      vertex 0.447936683893 -0.0501114316285 2.15985679626
      vertex 0.445177972317 -0.0816687941551 2.6951789856
    endloop
  endfacet
  facet normal -0.977710783482 1.46144284372e-05 0.209956273437
    outer loop
      vertex 0.445200324059 -0.0373316816986 2.69520139694
      vertex 0.445877939463 -0.0405252054334 2.14796805382
      vertex 0.447936683893 -0.0501114316285 2.15985679626
    endloop
  endfacet
  facet normal -0.999128103256 0.000110501379822 -0.0417495332658
    outer loop
      vertex 0.445177972317 -0.0816687941551 2.6951789856
      vertex 0.445866823196 -0.0616188943386 1.34856343269
      vertex 0.444873005152 -0.0818471685052 0.00512794265524
    endloop
  endfacet
  facet normal -0.980499267578 0.00242424383759 -0.196507826447
    outer loop
      vertex 0.44793343544 -0.0611750409007 2.14843916893
      vertex 0.445866823196 -0.0616188943386 1.34856343269
      vertex 0.445177972317 -0.0816687941551 2.6951789856
    endloop
  endfacet
  facet normal -0.999992609024 0.00258523505181 0.00285353790969
    outer loop
      vertex 0.44793343544 -0.0611750409007 2.14843916893
      vertex 0.445871382952 -0.0529613792896 1.3598780632
      vertex 0.445866823196 -0.0616188943386 1.34856343269
    endloop
  endfacet
  facet normal -0.999993681908 0.0026398494374 -0.00238950550556
    outer loop
      vertex 0.447935730219 -0.0507000014186 2.13982629776
      vertex 0.445871382952 -0.0529613792896 1.3598780632
      vertex 0.44793343544 -0.0611750409007 2.14843916893
    endloop
  endfacet
  facet normal -0.986993014812 0.00214629317634 -0.160748824477
    outer loop
      vertex 0.447935730219 -0.0507000014186 2.13982629776
      vertex 0.44793894887 -0.0401531532407 1.35138952732
      vertex 0.445871382952 -0.0529613792896 1.3598780632
    endloop
  endfacet
  facet normal -0.980558395386 -0.00262868427671 0.196209833026
    outer loop
      vertex 0.445877939463 -0.0405252054334 2.14796805382
      vertex 0.44793894887 -0.0401531532407 1.35138952732
      vertex 0.447935730219 -0.0507000014186 2.13982629776
    endloop
  endfacet
  facet normal -0.946803092957 -0.00142995244823 0.321810305119
    outer loop
      vertex 0.445200324059 -0.0373316816986 0.00480060605332
      vertex 0.448967635632 -0.0507930144668 0.53986287117
      vertex 0.445877343416 -0.0417211353779 0.54438740015
    endloop
  endfacet
  facet normal -0.999946475029 0.00722679262981 -0.0074060712941
    outer loop
      vertex 0.444873005152 -0.0818471685052 0.00512794265524
      vertex 0.448967635632 -0.0507930144668 0.53986287117
      vertex 0.445200324059 -0.0373316816986 0.00480060605332
    endloop
  endfacet
  facet normal -0.979461550713 -0.00420692516491 -0.201587185264
    outer loop
      vertex 0.444873005152 -0.0818471685052 0.00512794265524
      vertex 0.44690066576 -0.0605770759284 0.552262365818
      vertex 0.448967635632 -0.0507930144668 0.53986287117
    endloop
  endfacet
  facet normal -0.977847278118 -0.00243226857856 -0.209305539727
    outer loop
      vertex 0.445200324059 -0.0373316816986 2.69520139694
      vertex 0.44793894887 -0.0401531532407 1.35138952732
      vertex 0.445877939463 -0.0405252054334 2.14796805382
    endloop
  endfacet
  facet normal -0.717562794685 0 0.696493804455
    outer loop
      vertex 0.445200324059 -0.0373316816986 0.00480060605332
      vertex 0.44793894887 -0.0401531532407 1.35138952732
      vertex 0.445200324059 -0.0373316816986 2.69520139694
    endloop
  endfacet
  facet normal -0.991779744625 0.00228509656154 -0.127936154604
    outer loop
      vertex 0.445877343416 -0.0417211353779 0.54438740015
      vertex 0.44793894887 -0.0401531532407 1.35138952732
      vertex 0.445200324059 -0.0373316816986 0.00480060605332
    endloop
  endfacet
  facet normal -0.999978065491 0.00256648263894 0.00610708771273
    outer loop
      vertex 0.445877343416 -0.0417211353779 0.54438740015
      vertex 0.447938591242 -0.0442240871489 1.34156143665
      vertex 0.44793894887 -0.0401531532407 1.35138952732
    endloop
  endfacet
  facet normal -0.987791836262 0.00304316706024 -0.15574978292
    outer loop
      vertex 0.445877194405 -0.0419627092779 0.556705355644
      vertex 0.447938591242 -0.0442240871489 1.34156143665
      vertex 0.445877343416 -0.0417211353779 0.54438740015
    endloop
  endfacet
  facet normal -0.999996542931 0.00262619461864 9.42175174714e-05
    outer loop
      vertex 0.445877194405 -0.0419627092779 0.556705355644
      vertex 0.447935253382 -0.0551005639136 1.33989965916
      vertex 0.447938591242 -0.0442240871489 1.34156143665
    endloop
  endfacet
  facet normal -0.959038734436 -0.00223155878484 0.283266097307
    outer loop
      vertex 0.447936087847 -0.0489647835493 0.560691475868
      vertex 0.447935253382 -0.0551005639136 1.33989965916
      vertex 0.445877194405 -0.0419627092779 0.556705355644
    endloop
  endfacet
  facet normal -0.996092498302 0.000694358721375 -0.0883134305477
    outer loop
      vertex 0.44690066576 -0.0605770759284 0.552262365818
      vertex 0.447935253382 -0.0551005639136 1.33989965916
      vertex 0.447936087847 -0.0489647835493 0.560691475868
    endloop
  endfacet
  facet normal -0.953483998775 -0.000843514979351 -0.301442533731
    outer loop
      vertex 0.44690066576 -0.0605770759284 0.552262365818
      vertex 0.445866823196 -0.0616188943386 1.34856343269
      vertex 0.447935253382 -0.0551005639136 1.33989965916
    endloop
  endfacet
  facet normal -0.992333948612 -0.00112665561028 -0.123579971492
    outer loop
      vertex 0.44690066576 -0.0605770759284 0.552262365818
      vertex 0.444873005152 -0.0818471685052 0.00512794265524
      vertex 0.445866823196 -0.0616188943386 1.34856343269
    endloop
  endfacet
  facet normal -0.685143351555 -0 -0.72840821743
    outer loop
      vertex 0.425000011921 -0.0899999961257 0.31250089407
      vertex 0.42870721221 -0.086513005197 0.0212937779725
      vertex 0.425000011921 -0.0899999961257 0.287500977516
    endloop
  endfacet
  facet normal -0.685143351555 -0 -0.72840821743
    outer loop
      vertex 0.425000011921 -0.0899999961257 0.504377067089
      vertex 0.42870721221 -0.086513005197 0.0212937779725
      vertex 0.425000011921 -0.0899999961257 0.31250089407
    endloop
  endfacet
  facet normal -0.685143351555 -0 -0.72840821743
    outer loop
      vertex 0.425000011921 -0.0899999961257 0.513172030449
      vertex 0.42870721221 -0.086513005197 0.0212937779725
      vertex 0.425000011921 -0.0899999961257 0.504377067089
    endloop
  endfacet
  facet normal -0.685143351555 -0 -0.72840821743
    outer loop
      vertex 0.425000011921 -0.0899999961257 0.587500989437
      vertex 0.42870721221 -0.086513005197 0.0212937779725
      vertex 0.425000011921 -0.0899999961257 0.513172030449
    endloop
  endfacet
  facet normal -0.685143351555 -0 -0.72840821743
    outer loop
      vertex 0.425000011921 -0.0899999961257 0.6125010252
      vertex 0.42870721221 -0.086513005197 0.0212937779725
      vertex 0.425000011921 -0.0899999961257 0.587500989437
    endloop
  endfacet
  facet normal -0.685143351555 -0 -0.72840821743
    outer loop
      vertex 0.425000011921 -0.0899999961257 0.887500941753
      vertex 0.42870721221 -0.086513005197 0.0212937779725
      vertex 0.425000011921 -0.0899999961257 0.6125010252
    endloop
  endfacet
  facet normal -0.685143351555 -0 -0.72840821743
    outer loop
      vertex 0.425000011921 -0.0899999961257 0.912500977516
      vertex 0.42870721221 -0.086513005197 0.0212937779725
      vertex 0.425000011921 -0.0899999961257 0.887500941753
    endloop
  endfacet
  facet normal -0.685143351555 -0 -0.72840821743
    outer loop
      vertex 0.425000011921 -0.0899999961257 1.18750095367
      vertex 0.42870721221 -0.086513005197 0.0212937779725
      vertex 0.425000011921 -0.0899999961257 0.912500977516
    endloop
  endfacet
  facet normal -0.685143351555 -0 -0.72840821743
    outer loop
      vertex 0.425000011921 -0.0899999961257 1.21250104904
      vertex 0.42870721221 -0.086513005197 0.0212937779725
      vertex 0.425000011921 -0.0899999961257 1.18750095367
    endloop
  endfacet
  facet normal -0.685143351555 -0 -0.72840821743
    outer loop
      vertex 0.425000011921 -0.0899999961257 1.4875010252
      vertex 0.42870721221 -0.086513005197 0.0212937779725
      vertex 0.425000011921 -0.0899999961257 1.21250104904
    endloop
  endfacet
  facet normal -0.685143351555 -1.09385873066e-19 -0.72840821743
    outer loop
      vertex 0.425000011921 -0.0899999961257 1.4875010252
      vertex 0.42870721221 -0.086513005197 2.67870807648
      vertex 0.42870721221 -0.086513005197 0.0212937779725
    endloop
  endfacet
  facet normal -0.685143351555 -0 -0.72840821743
    outer loop
      vertex 0.425000011921 -0.0899999961257 1.51250100136
      vertex 0.42870721221 -0.086513005197 2.67870807648
      vertex 0.425000011921 -0.0899999961257 1.4875010252
    endloop
  endfacet
  facet normal -0.685143351555 -0 -0.72840821743
    outer loop
      vertex 0.425000011921 -0.0899999961257 1.78750097752
      vertex 0.42870721221 -0.086513005197 2.67870807648
      vertex 0.425000011921 -0.0899999961257 1.51250100136
    endloop
  endfacet
  facet normal -0.685143351555 -0 -0.72840821743
    outer loop
      vertex 0.425000011921 -0.0899999961257 1.81250095367
      vertex 0.42870721221 -0.086513005197 2.67870807648
      vertex 0.425000011921 -0.0899999961257 1.78750097752
    endloop
  endfacet
  facet normal -0.685143351555 -0 -0.72840821743
    outer loop
      vertex 0.425000011921 -0.0899999961257 2.08750104904
      vertex 0.42870721221 -0.086513005197 2.67870807648
      vertex 0.425000011921 -0.0899999961257 1.81250095367
    endloop
  endfacet
  facet normal -0.685143351555 -0 -0.72840821743
    outer loop
      vertex 0.425000011921 -0.0899999961257 2.11250090599
      vertex 0.42870721221 -0.086513005197 2.67870807648
      vertex 0.425000011921 -0.0899999961257 2.08750104904
    endloop
  endfacet
  facet normal -0.685143351555 -0 -0.72840821743
    outer loop
      vertex 0.425000011921 -0.0899999961257 2.18683004379
      vertex 0.42870721221 -0.086513005197 2.67870807648
      vertex 0.425000011921 -0.0899999961257 2.11250090599
    endloop
  endfacet
  facet normal -0.685143351555 -0 -0.72840821743
    outer loop
      vertex 0.425000011921 -0.0899999961257 2.19562482834
      vertex 0.42870721221 -0.086513005197 2.67870807648
      vertex 0.425000011921 -0.0899999961257 2.18683004379
    endloop
  endfacet
  facet normal -0.685143351555 -0 -0.72840821743
    outer loop
      vertex 0.425000011921 -0.0899999961257 2.38750100136
      vertex 0.42870721221 -0.086513005197 2.67870807648
      vertex 0.425000011921 -0.0899999961257 2.19562482834
    endloop
  endfacet
  facet normal -0.685143351555 -0 -0.72840821743
    outer loop
      vertex 0.425000011921 -0.0899999961257 2.41250109673
      vertex 0.42870721221 -0.086513005197 2.67870807648
      vertex 0.425000011921 -0.0899999961257 2.38750100136
    endloop
  endfacet
  facet normal -0.0837252512574 0.769721150398 0.632866084576
    outer loop
      vertex 0.449999988079 -0.039924710989 2.14891028404
      vertex 0.445877939463 -0.0405252054334 2.14796805382
      vertex 0.447935730219 -0.0507000014186 2.13982629776
    endloop
  endfacet
  facet normal 0.25139477849 -0.633544623852 0.731725275517
    outer loop
      vertex 0.447936683893 -0.0501114316285 2.15985679626
      vertex 0.445877939463 -0.0405252054334 2.14796805382
      vertex 0.449999988079 -0.039924710989 2.14891028404
    endloop
  endfacet
  facet normal 0 0.601207256317 -0.799093127251
    outer loop
      vertex 0.449999988079 -0.0616188943386 1.34856343269
      vertex 0.447935253382 -0.0551005639136 1.33989965916
      vertex 0.445866823196 -0.0616188943386 1.34856343269
    endloop
  endfacet
  facet normal 0.184304922819 -0.805315971375 0.563469529152
    outer loop
      vertex 0.449999988079 -0.0501546002924 1.35885906219
      vertex 0.445871382952 -0.0529613792896 1.3598780632
      vertex 0.44793894887 -0.0401531532407 1.35138952732
    endloop
  endfacet
  facet normal -0.537782788277 -0.627264618874 -0.563319444656
    outer loop
      vertex 0.449999988079 -0.0616188943386 1.34856343269
      vertex 0.445871382952 -0.0529613792896 1.3598780632
      vertex 0.449999988079 -0.0501546002924 1.35885906219
    endloop
  endfacet
  facet normal -0 -0.607679784298 -0.794182121754
    outer loop
      vertex 0.449999988079 -0.0616188943386 1.34856343269
      vertex 0.445866823196 -0.0616188943386 1.34856343269
      vertex 0.445871382952 -0.0529613792896 1.3598780632
    endloop
  endfacet
  facet normal -0.670746028423 0.546742975712 0.501170516014
    outer loop
      vertex 0.449999988079 -0.039924710989 0.551091730595
      vertex 0.445877343416 -0.0417211353779 0.54438740015
      vertex 0.448967635632 -0.0507930144668 0.53986287117
    endloop
  endfacet
  facet normal 0.423534840345 -0.0177572462708 0.905705749989
    outer loop
      vertex 0.449999988079 -0.039924710989 0.551091730595
      vertex 0.445877194405 -0.0419627092779 0.556705355644
      vertex 0.445877343416 -0.0417211353779 0.54438740015
    endloop
  endfacet
  facet normal -0.584196746349 -0.619440376759 0.524411857128
    outer loop
      vertex 0.447936087847 -0.0489647835493 0.560691475868
      vertex 0.445877194405 -0.0419627092779 0.556705355644
      vertex 0.449999988079 -0.039924710989 0.551091730595
    endloop
  endfacet
  facet normal 0.70573669672 -0.601781606674 -0.373891234398
    outer loop
      vertex 0.449999988079 -0.0584461800754 0.557221055031
      vertex 0.44690066576 -0.0605770759284 0.552262365818
      vertex 0.447936087847 -0.0489647835493 0.560691475868
    endloop
  endfacet
  facet normal -1 0 0
    outer loop
      vertex 0.425000011921 -0.0899999961257 1.21250104904
      vertex 0.425000011921 -0.119999997318 1.50000095367
      vertex 0.425000011921 -0.0899999961257 1.4875010252
    endloop
  endfacet
  facet normal -1 0 0
    outer loop
      vertex 0.425000011921 -0.119999997318 1.20000100136
      vertex 0.425000011921 -0.119999997318 1.50000095367
      vertex 0.425000011921 -0.0899999961257 1.21250104904
    endloop
  endfacet
  facet normal -1 -0 0
    outer loop
      vertex 0.425000011921 -0.119999997318 1.20000100136
      vertex 0.425000011921 -0.0899999961257 0.912500977516
      vertex 0.425000011921 -0.119999997318 0.912500977516
    endloop
  endfacet
  facet normal -1 0 0
    outer loop
      vertex 0.425000011921 -0.0899999961257 1.18750095367
      vertex 0.425000011921 -0.0899999961257 0.912500977516
      vertex 0.425000011921 -0.119999997318 1.20000100136
    endloop
  endfacet
  facet normal -1 -0 0
    outer loop
      vertex 0.425000011921 -0.119999997318 0.887500941753
      vertex 0.425000011921 -0.0899999961257 0.6125010252
      vertex 0.425000011921 -0.119999997318 0.6125010252
    endloop
  endfacet
  facet normal -1 0 0
    outer loop
      vertex 0.425000011921 -0.0899999961257 0.887500941753
      vertex 0.425000011921 -0.0899999961257 0.6125010252
      vertex 0.425000011921 -0.119999997318 0.887500941753
    endloop
  endfacet
  facet normal -1 0 0
    outer loop
      vertex 0.425000011921 -0.0899999961257 1.51250100136
      vertex 0.425000011921 -0.119999997318 1.78750097752
      vertex 0.425000011921 -0.0899999961257 1.78750097752
    endloop
  endfacet
  facet normal -1 0 0
    outer loop
      vertex 0.425000011921 -0.119999997318 1.50000095367
      vertex 0.425000011921 -0.119999997318 1.78750097752
      vertex 0.425000011921 -0.0899999961257 1.51250100136
    endloop
  endfacet
  facet normal -0.993927955627 0 -0.11003293097
    outer loop
      vertex 0.42870721221 -0.086513005197 2.67870807648
      vertex 0.425000011921 -0.119999997318 2.41250109673
      vertex 0.425000011921 -0.119999997318 2.67500090599
    endloop
  endfacet
  facet normal -0.999903023243 0.0139245837927 0
    outer loop
      vertex 0.425000011921 -0.0899999961257 2.41250109673
      vertex 0.425000011921 -0.119999997318 2.41250109673
      vertex 0.42870721221 -0.086513005197 2.67870807648
    endloop
  endfacet
  facet normal -1 -0 0
    outer loop
      vertex 0.425000011921 -0.119999997318 2.38750100136
      vertex 0.425000011921 -0.0899999961257 2.19562482834
      vertex 0.425000011921 -0.119999997318 2.19122743607
    endloop
  endfacet
  facet normal -1 0 0
    outer loop
      vertex 0.425000011921 -0.0899999961257 2.38750100136
      vertex 0.425000011921 -0.0899999961257 2.19562482834
      vertex 0.425000011921 -0.119999997318 2.38750100136
    endloop
  endfacet
  facet normal -1 0 0
    outer loop
      vertex 0.425000011921 -0.0899999961257 2.11250090599
      vertex 0.425000011921 -0.119999997318 2.19122743607
      vertex 0.425000011921 -0.0899999961257 2.18683004379
    endloop
  endfacet
  facet normal -1 0 0
    outer loop
      vertex 0.425000011921 -0.119999997318 2.11250090599
      vertex 0.425000011921 -0.119999997318 2.19122743607
      vertex 0.425000011921 -0.0899999961257 2.11250090599
    endloop
  endfacet
  facet normal -1 0 0
    outer loop
      vertex 0.425000011921 -0.119999997318 1.81250095367
      vertex 0.425000011921 -0.0899999961257 2.08750104904
      vertex 0.425000011921 -0.0899999961257 1.81250095367
    endloop
  endfacet
  facet normal -1 -0 -0
    outer loop
      vertex 0.425000011921 -0.119999997318 2.08750104904
      vertex 0.425000011921 -0.0899999961257 2.08750104904
      vertex 0.425000011921 -0.119999997318 1.81250095367
    endloop
  endfacet
  facet normal -1 0 0
    outer loop
      vertex 0.425000011921 -0.119999997318 0.508774518967
      vertex 0.425000011921 -0.0899999961257 0.587500989437
      vertex 0.425000011921 -0.0899999961257 0.513172030449
    endloop
  endfacet
  facet normal -1 -0 -0
    outer loop
      vertex 0.425000011921 -0.119999997318 0.587500989437
      vertex 0.425000011921 -0.0899999961257 0.587500989437
      vertex 0.425000011921 -0.119999997318 0.508774518967
    endloop
  endfacet
  facet normal -1 -0 0
    outer loop
      vertex 0.425000011921 -0.119999997318 0.508774518967
      vertex 0.425000011921 -0.0899999961257 0.31250089407
      vertex 0.425000011921 -0.119999997318 0.31250089407
    endloop
  endfacet
  facet normal -1 0 0
    outer loop
      vertex 0.425000011921 -0.0899999961257 0.504377067089
      vertex 0.425000011921 -0.0899999961257 0.31250089407
      vertex 0.425000011921 -0.119999997318 0.508774518967
    endloop
  endfacet
  facet normal -0.993927955627 -0 -0.11003293097
    outer loop
      vertex 0.425000011921 -0.119999997318 0.287500977516
      vertex 0.42870721221 -0.086513005197 0.0212937779725
      vertex 0.425000011921 -0.119999997318 0.0250010192394
    endloop
  endfacet
  facet normal -0.999903023243 -0.0139245754108 0
    outer loop
      vertex 0.425000011921 -0.0899999961257 0.287500977516
      vertex 0.42870721221 -0.086513005197 0.0212937779725
      vertex 0.425000011921 -0.119999997318 0.287500977516
    endloop
  endfacet
  facet normal -1 0 0
    outer loop
      vertex 0.425000011921 -0.0205000042915 1.21250104904
      vertex 0.425000011921 -0.0325000062585 1.4875010252
      vertex 0.425000011921 -0.0185000021011 1.49375104904
    endloop
  endfacet
  facet normal -1 0 0
    outer loop
      vertex 0.425000011921 -0.0325000062585 1.21250104904
      vertex 0.425000011921 -0.0325000062585 1.4875010252
      vertex 0.425000011921 -0.0205000042915 1.21250104904
    endloop
  endfacet
  facet normal -1 -0 0
    outer loop
      vertex 0.425000011921 -0.0325000062585 1.18750095367
      vertex 0.425000011921 -0.0205000042915 0.912500977516
      vertex 0.425000011921 -0.0325000062585 0.912500977516
    endloop
  endfacet
  facet normal -1 0 0
    outer loop
      vertex 0.425000011921 -0.0205000042915 1.18750095367
      vertex 0.425000011921 -0.0205000042915 0.912500977516
      vertex 0.425000011921 -0.0325000062585 1.18750095367
    endloop
  endfacet
  facet normal -1 -0 0
    outer loop
      vertex 0.425000011921 -0.0325000062585 0.887500941753
      vertex 0.425000011921 -0.0205000042915 0.6125010252
      vertex 0.425000011921 -0.0325000062585 0.6125010252
    endloop
  endfacet
  facet normal -1 0 0
    outer loop
      vertex 0.425000011921 -0.0205000042915 0.887500941753
      vertex 0.425000011921 -0.0205000042915 0.6125010252
      vertex 0.425000011921 -0.0325000062585 0.887500941753
    endloop
  endfacet
  facet normal -1 0 0
    outer loop
      vertex 0.425000011921 -0.0205000042915 1.51250100136
      vertex 0.425000011921 -0.0325000062585 1.78750097752
      vertex 0.425000011921 -0.0205000042915 1.78750097752
    endloop
  endfacet
  facet normal -1 0 0
    outer loop
      vertex 0.425000011921 -0.0325000062585 1.51250100136
      vertex 0.425000011921 -0.0325000062585 1.78750097752
      vertex 0.425000011921 -0.0205000042915 1.51250100136
    endloop
  endfacet
  facet normal -0.999343574047 0.00693796062842 -0.0355559960008
    outer loop
      vertex 0.425000011921 -0.0215000007302 2.41250109673
      vertex 0.426357358694 -0.0348366312683 2.67635846138
      vertex 0.426967650652 -0.0178025998175 2.67696857452
    endloop
  endfacet
  facet normal -1 -0 0
    outer loop
      vertex 0.425000011921 -0.0325000062585 2.38750100136
      vertex 0.425000011921 -0.0205000042915 2.19562482834
      vertex 0.425000011921 -0.0325000062585 2.19122743607
    endloop
  endfacet
  facet normal -1 0 0
    outer loop
      vertex 0.425000011921 -0.0205000042915 2.38750100136
      vertex 0.425000011921 -0.0205000042915 2.19562482834
      vertex 0.425000011921 -0.0325000062585 2.38750100136
    endloop
  endfacet
  facet normal -1 0 0
    outer loop
      vertex 0.425000011921 -0.0205000042915 2.10000109673
      vertex 0.425000011921 -0.0325000062585 2.19122743607
      vertex 0.425000011921 -0.0205000042915 2.18683004379
    endloop
  endfacet
  facet normal -1 0 -0
    outer loop
      vertex 0.425000011921 -0.0325000062585 2.11250090599
      vertex 0.425000011921 -0.0325000062585 2.19122743607
      vertex 0.425000011921 -0.0205000042915 2.10000109673
    endloop
  endfacet
  facet normal -1 -0 0
    outer loop
      vertex 0.425000011921 -0.0325000062585 2.08750104904
      vertex 0.425000011921 -0.0205000042915 1.81250095367
      vertex 0.425000011921 -0.0325000062585 1.81250095367
    endloop
  endfacet
  facet normal -1 0 0
    outer loop
      vertex 0.425000011921 -0.0205000042915 2.10000109673
      vertex 0.425000011921 -0.0205000042915 1.81250095367
      vertex 0.425000011921 -0.0325000062585 2.08750104904
    endloop
  endfacet
  facet normal -1 -0 0
    outer loop
      vertex 0.425000011921 -0.0325000062585 0.587500989437
      vertex 0.425000011921 -0.0205000042915 0.513172030449
      vertex 0.425000011921 -0.0325000062585 0.508774518967
    endloop
  endfacet
  facet normal -1 0 0
    outer loop
      vertex 0.425000011921 -0.0205000042915 0.587500989437
      vertex 0.425000011921 -0.0205000042915 0.513172030449
      vertex 0.425000011921 -0.0325000062585 0.587500989437
    endloop
  endfacet
  facet normal -1 -0 0
    outer loop
      vertex 0.425000011921 -0.0325000062585 0.508774518967
      vertex 0.425000011921 -0.0205000042915 0.31250089407
      vertex 0.425000011921 -0.0325000062585 0.31250089407
    endloop
  endfacet
  facet normal -1 0 0
    outer loop
      vertex 0.425000011921 -0.0205000042915 0.504377067089
      vertex 0.425000011921 -0.0205000042915 0.31250089407
      vertex 0.425000011921 -0.0325000062585 0.508774518967
    endloop
  endfacet
  facet normal -0.999986469746 -0.00506781041622 0.00115625862963
    outer loop
      vertex 0.425000011921 -0.0215000007302 0.287500977516
      vertex 0.426333516836 -0.0184131730348 0.0236674528569
      vertex 0.42635256052 -0.0347878597677 0.0236483812332
    endloop
  endfacet
endsolid "27454206"
