solid "EEx12000000"
  facet normal 0 1 0
    outer loop
      vertex -0.0829012989998 -0.00540205929428 1.19500565529
      vertex -0.0829012989998 -0.0141594000161 1.19500565529
      vertex -0.0799013003707 -0.00540205929428 1.19500565529
    endloop
  endfacet
  facet normal 0 1 -0
    outer loop
      vertex -0.0799013003707 -0.00540205929428 1.19500565529
      vertex -0.0829012989998 -0.0141594000161 1.19500565529
      vertex -0.0799013003707 -0.0154020488262 1.19500565529
    endloop
  endfacet
  facet normal 0 1 0
    outer loop
      vertex -0.0799013003707 -0.0154020488262 1.19500565529
      vertex -0.0829012989998 -0.0141594000161 1.19500565529
      vertex -0.0911439433694 -0.0224020592868 1.19500565529
    endloop
  endfacet
  facet normal 0 1 0
    outer loop
      vertex -0.0799013003707 -0.0154020488262 1.19500565529
      vertex -0.0911439433694 -0.0224020592868 1.19500565529
      vertex -0.0899012982845 -0.0254020560533 1.19500565529
    endloop
  endfacet
  facet normal 0 1 0
    outer loop
      vertex -0.0899012982845 -0.0254020560533 1.19500565529
      vertex -0.0911439433694 -0.0224020592868 1.19500565529
      vertex -0.116901308298 -0.0224020592868 1.19500565529
    endloop
  endfacet
  facet normal 0 1 0
    outer loop
      vertex -0.0899012982845 -0.0254020560533 1.19500565529
      vertex -0.116901308298 -0.0224020592868 1.19500565529
      vertex -0.119901306927 -0.0254020560533 1.19500565529
    endloop
  endfacet
  facet normal 0 1 0
    outer loop
      vertex -0.119901306927 -0.0254020560533 1.19500565529
      vertex -0.116901308298 -0.0224020592868 1.19500565529
      vertex -0.119901306927 -0.00540205929428 1.19500565529
    endloop
  endfacet
  facet normal 0 1 0
    outer loop
      vertex -0.119901306927 -0.00540205929428 1.19500565529
      vertex -0.116901308298 -0.0224020592868 1.19500565529
      vertex -0.116901308298 -0.00540205929428 1.19500565529
    endloop
  endfacet
  facet normal 0 -1 0
    outer loop
      vertex -0.0829012989998 -0.0141594000161 0.995005607605
      vertex -0.0799013003707 -0.0154020488262 0.995005607605
      vertex -0.0911439433694 -0.0224020592868 0.995005607605
    endloop
  endfacet
  facet normal 0 -1 0
    outer loop
      vertex -0.0911439433694 -0.0224020592868 0.995005607605
      vertex -0.0799013003707 -0.0154020488262 0.995005607605
      vertex -0.0899012982845 -0.0254020560533 0.995005607605
    endloop
  endfacet
  facet normal 0 -1 0
    outer loop
      vertex -0.0911439433694 -0.0224020592868 0.995005607605
      vertex -0.0899012982845 -0.0254020560533 0.995005607605
      vertex -0.116901308298 -0.0224020592868 0.995005607605
    endloop
  endfacet
  facet normal 0 -1 0
    outer loop
      vertex -0.116901308298 -0.0224020592868 0.995005607605
      vertex -0.0899012982845 -0.0254020560533 0.995005607605
      vertex -0.119901306927 -0.0254020560533 0.995005607605
    endloop
  endfacet
  facet normal -0 -1 0
    outer loop
      vertex -0.116901308298 -0.0224020592868 0.995005607605
      vertex -0.119901306927 -0.0254020560533 0.995005607605
      vertex -0.119901306927 -0.00540205929428 0.995005607605
    endloop
  endfacet
  facet normal 0 -1 0
    outer loop
      vertex -0.0829012989998 -0.00540205929428 0.995005607605
      vertex -0.0799013003707 -0.00540205929428 0.995005607605
      vertex -0.0829012989998 -0.0141594000161 0.995005607605
    endloop
  endfacet
  facet normal 0 -1 0
    outer loop
      vertex -0.0829012989998 -0.0141594000161 0.995005607605
      vertex -0.0799013003707 -0.00540205929428 0.995005607605
      vertex -0.0799013003707 -0.0154020488262 0.995005607605
    endloop
  endfacet
  facet normal 0 -1 0
    outer loop
      vertex -0.119901306927 -0.00540205929428 0.995005607605
      vertex -0.116901308298 -0.00540205929428 0.995005607605
      vertex -0.116901308298 -0.0224020592868 0.995005607605
    endloop
  endfacet
  facet normal 0 -0 1
    outer loop
      vertex -0.0899012982845 -0.0254020560533 0.995005607605
      vertex -0.0899012982845 -0.0254020560533 1.19500565529
      vertex -0.119901306927 -0.0254020560533 0.995005607605
    endloop
  endfacet
  facet normal 0 0 1
    outer loop
      vertex -0.119901306927 -0.0254020560533 0.995005607605
      vertex -0.0899012982845 -0.0254020560533 1.19500565529
      vertex -0.119901306927 -0.0254020560533 1.19500565529
    endloop
  endfacet
  facet normal -1 0 0
    outer loop
      vertex -0.119901306927 -0.0254020560533 0.995005607605
      vertex -0.119901306927 -0.0254020560533 1.19500565529
      vertex -0.119901306927 -0.00540205929428 0.995005607605
    endloop
  endfacet
  facet normal -1 0 0
    outer loop
      vertex -0.119901306927 -0.00540205929428 0.995005607605
      vertex -0.119901306927 -0.0254020560533 1.19500565529
      vertex -0.119901306927 -0.00540205929428 1.19500565529
    endloop
  endfacet
  facet normal 0 0 -1
    outer loop
      vertex -0.119901306927 -0.00540205929428 0.995005607605
      vertex -0.119901306927 -0.00540205929428 1.19500565529
      vertex -0.116901308298 -0.00540205929428 0.995005607605
    endloop
  endfacet
  facet normal 0 0 -1
    outer loop
      vertex -0.116901308298 -0.00540205929428 0.995005607605
      vertex -0.119901306927 -0.00540205929428 1.19500565529
      vertex -0.116901308298 -0.00540205929428 1.19500565529
    endloop
  endfacet
  facet normal 1 0 0
    outer loop
      vertex -0.116901308298 -0.00540205929428 0.995005607605
      vertex -0.116901308298 -0.00540205929428 1.19500565529
      vertex -0.116901308298 -0.0224020592868 0.995005607605
    endloop
  endfacet
  facet normal 1 -0 0
    outer loop
      vertex -0.116901308298 -0.0224020592868 0.995005607605
      vertex -0.116901308298 -0.00540205929428 1.19500565529
      vertex -0.116901308298 -0.0224020592868 1.19500565529
    endloop
  endfacet
  facet normal 0 0 -1
    outer loop
      vertex -0.116901308298 -0.0224020592868 0.995005607605
      vertex -0.116901308298 -0.0224020592868 1.19500565529
      vertex -0.0911439433694 -0.0224020592868 0.995005607605
    endloop
  endfacet
  facet normal 0 0 -1
    outer loop
      vertex -0.0911439433694 -0.0224020592868 0.995005607605
      vertex -0.116901308298 -0.0224020592868 1.19500565529
      vertex -0.0911439433694 -0.0224020592868 1.19500565529
    endloop
  endfacet
  facet normal -0.707107543945 0 -0.707105994225
    outer loop
      vertex -0.0911439433694 -0.0224020592868 0.995005607605
      vertex -0.0911439433694 -0.0224020592868 1.19500565529
      vertex -0.0829012989998 -0.0141594000161 0.995005607605
    endloop
  endfacet
  facet normal -0.707107543945 0 -0.707105994225
    outer loop
      vertex -0.0829012989998 -0.0141594000161 0.995005607605
      vertex -0.0911439433694 -0.0224020592868 1.19500565529
      vertex -0.0829012989998 -0.0141594000161 1.19500565529
    endloop
  endfacet
  facet normal -1 0 0
    outer loop
      vertex -0.0829012989998 -0.0141594000161 0.995005607605
      vertex -0.0829012989998 -0.0141594000161 1.19500565529
      vertex -0.0829012989998 -0.00540205929428 0.995005607605
    endloop
  endfacet
  facet normal -1 0 0
    outer loop
      vertex -0.0829012989998 -0.00540205929428 0.995005607605
      vertex -0.0829012989998 -0.0141594000161 1.19500565529
      vertex -0.0829012989998 -0.00540205929428 1.19500565529
    endloop
  endfacet
  facet normal 0 0 -1
    outer loop
      vertex -0.0829012989998 -0.00540205929428 0.995005607605
      vertex -0.0829012989998 -0.00540205929428 1.19500565529
      vertex -0.0799013003707 -0.00540205929428 0.995005607605
    endloop
  endfacet
  facet normal 0 0 -1
    outer loop
      vertex -0.0799013003707 -0.00540205929428 0.995005607605
      vertex -0.0829012989998 -0.00540205929428 1.19500565529
      vertex -0.0799013003707 -0.00540205929428 1.19500565529
    endloop
  endfacet
  facet normal 1 0 0
    outer loop
      vertex -0.0799013003707 -0.00540205929428 0.995005607605
      vertex -0.0799013003707 -0.00540205929428 1.19500565529
      vertex -0.0799013003707 -0.0154020488262 0.995005607605
    endloop
  endfacet
  facet normal 1 -0 0
    outer loop
      vertex -0.0799013003707 -0.0154020488262 0.995005607605
      vertex -0.0799013003707 -0.00540205929428 1.19500565529
      vertex -0.0799013003707 -0.0154020488262 1.19500565529
    endloop
  endfacet
  facet normal 0.707107126713 -0 0.707106471062
    outer loop
      vertex -0.0799013003707 -0.0154020488262 0.995005607605
      vertex -0.0799013003707 -0.0154020488262 1.19500565529
      vertex -0.0899012982845 -0.0254020560533 0.995005607605
    endloop
  endfacet
  facet normal 0.707107126713 -0 0.707106471062
    outer loop
      vertex -0.0899012982845 -0.0254020560533 0.995005607605
      vertex -0.0799013003707 -0.0154020488262 1.19500565529
      vertex -0.0899012982845 -0.0254020560533 1.19500565529
    endloop
  endfacet
  facet normal 0 1 0
    outer loop
      vertex -0.0139737091959 -0.0829446092248 1.19500565529
      vertex -0.015216358006 -0.0799446031451 1.19500565529
      vertex -0.0222163517028 -0.0911872535944 1.19500565529
    endloop
  endfacet
  facet normal 0 1 0
    outer loop
      vertex -0.0222163517028 -0.0911872535944 1.19500565529
      vertex -0.015216358006 -0.0799446031451 1.19500565529
      vertex -0.0252163484693 -0.0899446085095 1.19500565529
    endloop
  endfacet
  facet normal 0 1 -0
    outer loop
      vertex -0.0222163517028 -0.0911872535944 1.19500565529
      vertex -0.0252163484693 -0.0899446085095 1.19500565529
      vertex -0.0222163517028 -0.116944603622 1.19500565529
    endloop
  endfacet
  facet normal 0 1 0
    outer loop
      vertex -0.0222163517028 -0.116944603622 1.19500565529
      vertex -0.0252163484693 -0.0899446085095 1.19500565529
      vertex -0.0252163484693 -0.119944609702 1.19500565529
    endloop
  endfacet
  facet normal 0 1 -0
    outer loop
      vertex -0.0222163517028 -0.116944603622 1.19500565529
      vertex -0.0252163484693 -0.119944609702 1.19500565529
      vertex -0.00521635077894 -0.119944609702 1.19500565529
    endloop
  endfacet
  facet normal 0 1 0
    outer loop
      vertex -0.00521635077894 -0.0829446092248 1.19500565529
      vertex -0.00521635077894 -0.0799446031451 1.19500565529
      vertex -0.0139737091959 -0.0829446092248 1.19500565529
    endloop
  endfacet
  facet normal 0 1 0
    outer loop
      vertex -0.0139737091959 -0.0829446092248 1.19500565529
      vertex -0.00521635077894 -0.0799446031451 1.19500565529
      vertex -0.015216358006 -0.0799446031451 1.19500565529
    endloop
  endfacet
  facet normal 0 1 0
    outer loop
      vertex -0.00521635077894 -0.119944609702 1.19500565529
      vertex -0.00521635077894 -0.116944603622 1.19500565529
      vertex -0.0222163517028 -0.116944603622 1.19500565529
    endloop
  endfacet
  facet normal 0 -1 0
    outer loop
      vertex -0.0222163517028 -0.0911872535944 0.995005607605
      vertex -0.015216358006 -0.0799446031451 0.995005607605
      vertex -0.0139737091959 -0.0829446092248 0.995005607605
    endloop
  endfacet
  facet normal 0 -1 -0
    outer loop
      vertex -0.0139737091959 -0.0829446092248 0.995005607605
      vertex -0.015216358006 -0.0799446031451 0.995005607605
      vertex -0.00521635077894 -0.0799446031451 0.995005607605
    endloop
  endfacet
  facet normal 0 -1 0
    outer loop
      vertex -0.0139737091959 -0.0829446092248 0.995005607605
      vertex -0.00521635077894 -0.0799446031451 0.995005607605
      vertex -0.00521635077894 -0.0829446092248 0.995005607605
    endloop
  endfacet
  facet normal 0 -1 0
    outer loop
      vertex -0.015216358006 -0.0799446031451 0.995005607605
      vertex -0.0222163517028 -0.0911872535944 0.995005607605
      vertex -0.0252163484693 -0.0899446085095 0.995005607605
    endloop
  endfacet
  facet normal 0 -1 0
    outer loop
      vertex -0.0252163484693 -0.0899446085095 0.995005607605
      vertex -0.0222163517028 -0.0911872535944 0.995005607605
      vertex -0.0222163517028 -0.116944603622 0.995005607605
    endloop
  endfacet
  facet normal 0 -1 0
    outer loop
      vertex -0.0252163484693 -0.0899446085095 0.995005607605
      vertex -0.0222163517028 -0.116944603622 0.995005607605
      vertex -0.0252163484693 -0.119944609702 0.995005607605
    endloop
  endfacet
  facet normal 0 -1 0
    outer loop
      vertex -0.0252163484693 -0.119944609702 0.995005607605
      vertex -0.0222163517028 -0.116944603622 0.995005607605
      vertex -0.00521635077894 -0.119944609702 0.995005607605
    endloop
  endfacet
  facet normal 0 -1 -0
    outer loop
      vertex -0.00521635077894 -0.119944609702 0.995005607605
      vertex -0.0222163517028 -0.116944603622 0.995005607605
      vertex -0.00521635077894 -0.116944603622 0.995005607605
    endloop
  endfacet
  facet normal -1 0 0
    outer loop
      vertex -0.0252163484693 -0.119944609702 0.995005607605
      vertex -0.0252163484693 -0.119944609702 1.19500565529
      vertex -0.0252163484693 -0.0899446085095 0.995005607605
    endloop
  endfacet
  facet normal -1 0 0
    outer loop
      vertex -0.0252163484693 -0.0899446085095 0.995005607605
      vertex -0.0252163484693 -0.119944609702 1.19500565529
      vertex -0.0252163484693 -0.0899446085095 1.19500565529
    endloop
  endfacet
  facet normal 0 -0 1
    outer loop
      vertex -0.00521635077894 -0.119944609702 0.995005607605
      vertex -0.00521635077894 -0.119944609702 1.19500565529
      vertex -0.0252163484693 -0.119944609702 0.995005607605
    endloop
  endfacet
  facet normal 0 0 1
    outer loop
      vertex -0.0252163484693 -0.119944609702 0.995005607605
      vertex -0.00521635077894 -0.119944609702 1.19500565529
      vertex -0.0252163484693 -0.119944609702 1.19500565529
    endloop
  endfacet
  facet normal 1 0 0
    outer loop
      vertex -0.00521635077894 -0.116944603622 0.995005607605
      vertex -0.00521635077894 -0.116944603622 1.19500565529
      vertex -0.00521635077894 -0.119944609702 0.995005607605
    endloop
  endfacet
  facet normal 1 -0 0
    outer loop
      vertex -0.00521635077894 -0.119944609702 0.995005607605
      vertex -0.00521635077894 -0.116944603622 1.19500565529
      vertex -0.00521635077894 -0.119944609702 1.19500565529
    endloop
  endfacet
  facet normal 0 0 -1
    outer loop
      vertex -0.0222163517028 -0.116944603622 0.995005607605
      vertex -0.0222163517028 -0.116944603622 1.19500565529
      vertex -0.00521635077894 -0.116944603622 0.995005607605
    endloop
  endfacet
  facet normal 0 0 -1
    outer loop
      vertex -0.00521635077894 -0.116944603622 0.995005607605
      vertex -0.0222163517028 -0.116944603622 1.19500565529
      vertex -0.00521635077894 -0.116944603622 1.19500565529
    endloop
  endfacet
  facet normal 1 0 0
    outer loop
      vertex -0.0222163517028 -0.0911872535944 0.995005607605
      vertex -0.0222163517028 -0.0911872535944 1.19500565529
      vertex -0.0222163517028 -0.116944603622 0.995005607605
    endloop
  endfacet
  facet normal 1 -0 0
    outer loop
      vertex -0.0222163517028 -0.116944603622 0.995005607605
      vertex -0.0222163517028 -0.0911872535944 1.19500565529
      vertex -0.0222163517028 -0.116944603622 1.19500565529
    endloop
  endfacet
  facet normal 0.707106769085 -0 0.707106769085
    outer loop
      vertex -0.0139737091959 -0.0829446092248 0.995005607605
      vertex -0.0139737091959 -0.0829446092248 1.19500565529
      vertex -0.0222163517028 -0.0911872535944 0.995005607605
    endloop
  endfacet
  facet normal 0.707106769085 -0 0.707106769085
    outer loop
      vertex -0.0222163517028 -0.0911872535944 0.995005607605
      vertex -0.0139737091959 -0.0829446092248 1.19500565529
      vertex -0.0222163517028 -0.0911872535944 1.19500565529
    endloop
  endfacet
  facet normal 0 -0 1
    outer loop
      vertex -0.00521635077894 -0.0829446092248 0.995005607605
      vertex -0.00521635077894 -0.0829446092248 1.19500565529
      vertex -0.0139737091959 -0.0829446092248 0.995005607605
    endloop
  endfacet
  facet normal 0 0 1
    outer loop
      vertex -0.0139737091959 -0.0829446092248 0.995005607605
      vertex -0.00521635077894 -0.0829446092248 1.19500565529
      vertex -0.0139737091959 -0.0829446092248 1.19500565529
    endloop
  endfacet
  facet normal 1 0 0
    outer loop
      vertex -0.00521635077894 -0.0799446031451 0.995005607605
      vertex -0.00521635077894 -0.0799446031451 1.19500565529
      vertex -0.00521635077894 -0.0829446092248 0.995005607605
    endloop
  endfacet
  facet normal 1 -0 0
    outer loop
      vertex -0.00521635077894 -0.0829446092248 0.995005607605
      vertex -0.00521635077894 -0.0799446031451 1.19500565529
      vertex -0.00521635077894 -0.0829446092248 1.19500565529
    endloop
  endfacet
  facet normal 0 0 -1
    outer loop
      vertex -0.015216358006 -0.0799446031451 0.995005607605
      vertex -0.015216358006 -0.0799446031451 1.19500565529
      vertex -0.00521635077894 -0.0799446031451 0.995005607605
    endloop
  endfacet
  facet normal 0 0 -1
    outer loop
      vertex -0.00521635077894 -0.0799446031451 0.995005607605
      vertex -0.015216358006 -0.0799446031451 1.19500565529
      vertex -0.00521635077894 -0.0799446031451 1.19500565529
    endloop
  endfacet
  facet normal -0.707107424736 0 -0.707106173038
    outer loop
      vertex -0.0252163484693 -0.0899446085095 0.995005607605
      vertex -0.0252163484693 -0.0899446085095 1.19500565529
      vertex -0.015216358006 -0.0799446031451 0.995005607605
    endloop
  endfacet
  facet normal -0.707107424736 0 -0.707106173038
    outer loop
      vertex -0.015216358006 -0.0799446031451 0.995005607605
      vertex -0.0252163484693 -0.0899446085095 1.19500565529
      vertex -0.015216358006 -0.0799446031451 1.19500565529
    endloop
  endfacet
  facet normal 0 -0 1
    outer loop
      vertex -0.00499900244176 -0.00499899499118 0.950003147125
      vertex -0.00499900244176 -0.00499899499118 1.20000100136
      vertex -0.119998991489 -0.00499899499118 0.950003147125
    endloop
  endfacet
  facet normal 0 0 1
    outer loop
      vertex -0.119998991489 -0.00499899499118 0.950003147125
      vertex -0.00499900244176 -0.00499899499118 1.20000100136
      vertex -0.119998991489 -0.00499899499118 1.20000100136
    endloop
  endfacet
  facet normal 0 0 1
    outer loop
      vertex -0.00499900244176 -0.00499899499118 0.800003170967
      vertex -0.0524163432419 -0.00499899499118 0.837458670139
      vertex -0.119998991489 -0.00499899499118 0.800003170967
    endloop
  endfacet
  facet normal 0 0 1
    outer loop
      vertex -0.119998991489 -0.00499899499118 0.800003170967
      vertex -0.0524163432419 -0.00499899499118 0.837458670139
      vertex -0.0547075644135 -0.00499899499118 0.838407754898
    endloop
  endfacet
  facet normal 0 0 1
    outer loop
      vertex -0.119998991489 -0.00499899499118 0.800003170967
      vertex -0.0547075644135 -0.00499899499118 0.838407754898
      vertex -0.0566750727594 -0.00499899499118 0.839917480946
    endloop
  endfacet
  facet normal 0 0 1
    outer loop
      vertex -0.00499900244176 -0.00499899499118 0.945003151894
      vertex -0.0408058278263 -0.00499899499118 0.894176185131
      vertex -0.00499900244176 -0.00499899499118 0.800003170967
    endloop
  endfacet
  facet normal 0 0 1
    outer loop
      vertex -0.00499900244176 -0.00499899499118 0.800003170967
      vertex -0.0408058278263 -0.00499899499118 0.894176185131
      vertex -0.0407812595367 -0.00499899499118 0.849093735218
    endloop
  endfacet
  facet normal 0 0 1
    outer loop
      vertex -0.00499900244176 -0.00499899499118 0.800003170967
      vertex -0.0407812595367 -0.00499899499118 0.849093735218
      vertex -0.0404575616121 -0.00499899499118 0.846634984016
    endloop
  endfacet
  facet normal -0 0 1
    outer loop
      vertex -0.119998991489 -0.00499899499118 0.945003151894
      vertex -0.0524409115314 -0.00499899499118 0.90581125021
      vertex -0.00499900244176 -0.00499899499118 0.945003151894
    endloop
  endfacet
  facet normal 0 0 1
    outer loop
      vertex -0.00499900244176 -0.00499899499118 0.945003151894
      vertex -0.0524409115314 -0.00499899499118 0.90581125021
      vertex -0.0499821305275 -0.00499899499118 0.906134963036
    endloop
  endfacet
  facet normal 0 0 1
    outer loop
      vertex -0.00499900244176 -0.00499899499118 0.945003151894
      vertex -0.0499821305275 -0.00499899499118 0.906134963036
      vertex -0.0475233495235 -0.00499899499118 0.90581125021
    endloop
  endfacet
  facet normal 0 0 1
    outer loop
      vertex -0.119998991489 -0.00499899499118 0.800003170967
      vertex -0.0591584220529 -0.00499899499118 0.894176185131
      vertex -0.119998991489 -0.00499899499118 0.945003151894
    endloop
  endfacet
  facet normal 0 0 1
    outer loop
      vertex -0.119998991489 -0.00499899499118 0.945003151894
      vertex -0.0591584220529 -0.00499899499118 0.894176185131
      vertex -0.0594821311533 -0.00499899499118 0.896634995937
    endloop
  endfacet
  facet normal 0 0 1
    outer loop
      vertex -0.119998991489 -0.00499899499118 0.945003151894
      vertex -0.0594821311533 -0.00499899499118 0.896634995937
      vertex -0.0591584220529 -0.00499899499118 0.899093747139
    endloop
  endfacet
  facet normal 0 -0 1
    outer loop
      vertex -0.0591584220529 -0.00499899499118 0.899093747139
      vertex -0.0582093670964 -0.00499899499118 0.901385009289
      vertex -0.119998991489 -0.00499899499118 0.945003151894
    endloop
  endfacet
  facet normal 0 0 1
    outer loop
      vertex -0.119998991489 -0.00499899499118 0.945003151894
      vertex -0.0582093670964 -0.00499899499118 0.901385009289
      vertex -0.0566996410489 -0.00499899499118 0.903352499008
    endloop
  endfacet
  facet normal 0 0 1
    outer loop
      vertex -0.119998991489 -0.00499899499118 0.945003151894
      vertex -0.0566996410489 -0.00499899499118 0.903352499008
      vertex -0.0547321252525 -0.00499899499118 0.904862225056
    endloop
  endfacet
  facet normal 0 -0 1
    outer loop
      vertex -0.0547321252525 -0.00499899499118 0.904862225056
      vertex -0.0524409115314 -0.00499899499118 0.90581125021
      vertex -0.119998991489 -0.00499899499118 0.945003151894
    endloop
  endfacet
  facet normal -0 0 1
    outer loop
      vertex -0.0475233495235 -0.00499899499118 0.90581125021
      vertex -0.0452321246266 -0.00499899499118 0.904862225056
      vertex -0.00499900244176 -0.00499899499118 0.945003151894
    endloop
  endfacet
  facet normal 0 0 1
    outer loop
      vertex -0.00499900244176 -0.00499899499118 0.945003151894
      vertex -0.0452321246266 -0.00499899499118 0.904862225056
      vertex -0.0432646088302 -0.00499899499118 0.903352499008
    endloop
  endfacet
  facet normal 0 0 1
    outer loop
      vertex -0.00499900244176 -0.00499899499118 0.945003151894
      vertex -0.0432646088302 -0.00499899499118 0.903352499008
      vertex -0.0417548827827 -0.00499899499118 0.901385009289
    endloop
  endfacet
  facet normal -0 0 1
    outer loop
      vertex -0.0417548827827 -0.00499899499118 0.901385009289
      vertex -0.0408058278263 -0.00499899499118 0.899093747139
      vertex -0.00499900244176 -0.00499899499118 0.945003151894
    endloop
  endfacet
  facet normal 0 0 1
    outer loop
      vertex -0.00499900244176 -0.00499899499118 0.945003151894
      vertex -0.0408058278263 -0.00499899499118 0.899093747139
      vertex -0.0404821224511 -0.00499899499118 0.896634995937
    endloop
  endfacet
  facet normal 0 0 1
    outer loop
      vertex -0.00499900244176 -0.00499899499118 0.945003151894
      vertex -0.0404821224511 -0.00499899499118 0.896634995937
      vertex -0.0408058278263 -0.00499899499118 0.894176185131
    endloop
  endfacet
  facet normal 0 0 1
    outer loop
      vertex -0.0407812595367 -0.00499899499118 0.849093735218
      vertex -0.0408058278263 -0.00499899499118 0.894176185131
      vertex -0.0417303144932 -0.00499899499118 0.851384997368
    endloop
  endfacet
  facet normal 0 -0 1
    outer loop
      vertex -0.0417303144932 -0.00499899499118 0.851384997368
      vertex -0.0408058278263 -0.00499899499118 0.894176185131
      vertex -0.0417548827827 -0.00499899499118 0.891884982586
    endloop
  endfacet
  facet normal 0 0 1
    outer loop
      vertex -0.0417303144932 -0.00499899499118 0.851384997368
      vertex -0.0417548827827 -0.00499899499118 0.891884982586
      vertex -0.0432400479913 -0.00499899499118 0.853352487087
    endloop
  endfacet
  facet normal 0 -0 1
    outer loop
      vertex -0.0432400479913 -0.00499899499118 0.853352487087
      vertex -0.0417548827827 -0.00499899499118 0.891884982586
      vertex -0.0432646088302 -0.00499899499118 0.889917492867
    endloop
  endfacet
  facet normal 0 0 1
    outer loop
      vertex -0.0432400479913 -0.00499899499118 0.853352487087
      vertex -0.0432646088302 -0.00499899499118 0.889917492867
      vertex -0.045207567513 -0.00499899499118 0.854862213135
    endloop
  endfacet
  facet normal 0 -0 1
    outer loop
      vertex -0.045207567513 -0.00499899499118 0.854862213135
      vertex -0.0432646088302 -0.00499899499118 0.889917492867
      vertex -0.0452321246266 -0.00499899499118 0.888407766819
    endloop
  endfacet
  facet normal 0 0 1
    outer loop
      vertex -0.045207567513 -0.00499899499118 0.854862213135
      vertex -0.0452321246266 -0.00499899499118 0.888407766819
      vertex -0.047498781234 -0.00499899499118 0.855811297894
    endloop
  endfacet
  facet normal 0 -0 1
    outer loop
      vertex -0.047498781234 -0.00499899499118 0.855811297894
      vertex -0.0452321246266 -0.00499899499118 0.888407766819
      vertex -0.0475233495235 -0.00499899499118 0.88745868206
    endloop
  endfacet
  facet normal 0 0 1
    outer loop
      vertex -0.047498781234 -0.00499899499118 0.855811297894
      vertex -0.0475233495235 -0.00499899499118 0.88745868206
      vertex -0.049957562238 -0.00499899499118 0.856134951115
    endloop
  endfacet
  facet normal 0 -0 1
    outer loop
      vertex -0.049957562238 -0.00499899499118 0.856134951115
      vertex -0.0475233495235 -0.00499899499118 0.88745868206
      vertex -0.0499821305275 -0.00499899499118 0.887134969234
    endloop
  endfacet
  facet normal 0 0 1
    outer loop
      vertex -0.049957562238 -0.00499899499118 0.856134951115
      vertex -0.0499821305275 -0.00499899499118 0.887134969234
      vertex -0.0524163432419 -0.00499899499118 0.855811297894
    endloop
  endfacet
  facet normal 0 -0 1
    outer loop
      vertex -0.0524163432419 -0.00499899499118 0.855811297894
      vertex -0.0499821305275 -0.00499899499118 0.887134969234
      vertex -0.0524409115314 -0.00499899499118 0.88745868206
    endloop
  endfacet
  facet normal 0 0 1
    outer loop
      vertex -0.0524163432419 -0.00499899499118 0.855811297894
      vertex -0.0524409115314 -0.00499899499118 0.88745868206
      vertex -0.0547075644135 -0.00499899499118 0.854862213135
    endloop
  endfacet
  facet normal 0 -0 1
    outer loop
      vertex -0.0547075644135 -0.00499899499118 0.854862213135
      vertex -0.0524409115314 -0.00499899499118 0.88745868206
      vertex -0.0547321252525 -0.00499899499118 0.888407766819
    endloop
  endfacet
  facet normal 0 0 1
    outer loop
      vertex -0.0547075644135 -0.00499899499118 0.854862213135
      vertex -0.0547321252525 -0.00499899499118 0.888407766819
      vertex -0.0566750727594 -0.00499899499118 0.853352487087
    endloop
  endfacet
  facet normal 0 -0 1
    outer loop
      vertex -0.0566750727594 -0.00499899499118 0.853352487087
      vertex -0.0547321252525 -0.00499899499118 0.888407766819
      vertex -0.0566996410489 -0.00499899499118 0.889917492867
    endloop
  endfacet
  facet normal 0 0 1
    outer loop
      vertex -0.0566750727594 -0.00499899499118 0.853352487087
      vertex -0.0566996410489 -0.00499899499118 0.889917492867
      vertex -0.0581848062575 -0.00499899499118 0.851384997368
    endloop
  endfacet
  facet normal 0 -0 1
    outer loop
      vertex -0.0581848062575 -0.00499899499118 0.851384997368
      vertex -0.0566996410489 -0.00499899499118 0.889917492867
      vertex -0.0582093670964 -0.00499899499118 0.891884982586
    endloop
  endfacet
  facet normal 0 0 1
    outer loop
      vertex -0.0581848062575 -0.00499899499118 0.851384997368
      vertex -0.0582093670964 -0.00499899499118 0.891884982586
      vertex -0.0591338612139 -0.00499899499118 0.849093735218
    endloop
  endfacet
  facet normal 0 -0 1
    outer loop
      vertex -0.0591338612139 -0.00499899499118 0.849093735218
      vertex -0.0582093670964 -0.00499899499118 0.891884982586
      vertex -0.0591584220529 -0.00499899499118 0.894176185131
    endloop
  endfacet
  facet normal 0 0 1
    outer loop
      vertex -0.0591338612139 -0.00499899499118 0.849093735218
      vertex -0.0591584220529 -0.00499899499118 0.894176185131
      vertex -0.119998991489 -0.00499899499118 0.800003170967
    endloop
  endfacet
  facet normal 0 0 1
    outer loop
      vertex -0.0591338612139 -0.00499899499118 0.84417617321
      vertex -0.0594575591385 -0.00499899499118 0.846634984016
      vertex -0.119998991489 -0.00499899499118 0.800003170967
    endloop
  endfacet
  facet normal 0 0 1
    outer loop
      vertex -0.119998991489 -0.00499899499118 0.800003170967
      vertex -0.0594575591385 -0.00499899499118 0.846634984016
      vertex -0.0591338612139 -0.00499899499118 0.849093735218
    endloop
  endfacet
  facet normal 0 0 1
    outer loop
      vertex -0.0404575616121 -0.00499899499118 0.846634984016
      vertex -0.0407812595367 -0.00499899499118 0.84417617321
      vertex -0.00499900244176 -0.00499899499118 0.800003170967
    endloop
  endfacet
  facet normal 0 0 1
    outer loop
      vertex -0.00499900244176 -0.00499899499118 0.800003170967
      vertex -0.0407812595367 -0.00499899499118 0.84417617321
      vertex -0.0417303144932 -0.00499899499118 0.841884970665
    endloop
  endfacet
  facet normal 0 0 1
    outer loop
      vertex -0.00499900244176 -0.00499899499118 0.800003170967
      vertex -0.0417303144932 -0.00499899499118 0.841884970665
      vertex -0.0432400479913 -0.00499899499118 0.839917480946
    endloop
  endfacet
  facet normal 0 0 1
    outer loop
      vertex -0.0432400479913 -0.00499899499118 0.839917480946
      vertex -0.045207567513 -0.00499899499118 0.838407754898
      vertex -0.00499900244176 -0.00499899499118 0.800003170967
    endloop
  endfacet
  facet normal 0 0 1
    outer loop
      vertex -0.00499900244176 -0.00499899499118 0.800003170967
      vertex -0.045207567513 -0.00499899499118 0.838407754898
      vertex -0.047498781234 -0.00499899499118 0.837458670139
    endloop
  endfacet
  facet normal 0 0 1
    outer loop
      vertex -0.00499900244176 -0.00499899499118 0.800003170967
      vertex -0.047498781234 -0.00499899499118 0.837458670139
      vertex -0.049957562238 -0.00499899499118 0.837134957314
    endloop
  endfacet
  facet normal 0 0 1
    outer loop
      vertex -0.049957562238 -0.00499899499118 0.837134957314
      vertex -0.0524163432419 -0.00499899499118 0.837458670139
      vertex -0.00499900244176 -0.00499899499118 0.800003170967
    endloop
  endfacet
  facet normal 0 0 1
    outer loop
      vertex -0.0566750727594 -0.00499899499118 0.839917480946
      vertex -0.0581848062575 -0.00499899499118 0.841884970665
      vertex -0.119998991489 -0.00499899499118 0.800003170967
    endloop
  endfacet
  facet normal 0 0 1
    outer loop
      vertex -0.119998991489 -0.00499899499118 0.800003170967
      vertex -0.0581848062575 -0.00499899499118 0.841884970665
      vertex -0.0591338612139 -0.00499899499118 0.84417617321
    endloop
  endfacet
  facet normal 0 0 1
    outer loop
      vertex -0.119998991489 -0.00499899499118 0.795003175735
      vertex -0.119998991489 -0.00499899499118 0.154998824
      vertex -0.119876556098 -0.00499899499118 0.594825327396
    endloop
  endfacet
  facet normal 0 0 1
    outer loop
      vertex -0.119876556098 -0.00499899499118 0.594825327396
      vertex -0.119998991489 -0.00499899499118 0.154998824
      vertex -0.00499900244176 -0.00499899499118 0.154998824
    endloop
  endfacet
  facet normal -0 0 1
    outer loop
      vertex -0.119876556098 -0.00499899499118 0.594825327396
      vertex -0.00499900244176 -0.00499899499118 0.154998824
      vertex -0.00499900244176 -0.00499899499118 0.594825327396
    endloop
  endfacet
  facet normal 0 -0 1
    outer loop
      vertex -0.119876556098 -0.00499899499118 0.594825327396
      vertex -0.119876556098 -0.00499899499118 0.599825322628
      vertex -0.119998991489 -0.00499899499118 0.795003175735
    endloop
  endfacet
  facet normal -0 0 1
    outer loop
      vertex -0.119998991489 -0.00499899499118 0.795003175735
      vertex -0.119876556098 -0.00499899499118 0.599825322628
      vertex -0.00499900244176 -0.00499899499118 0.795003175735
    endloop
  endfacet
  facet normal 0 0 1
    outer loop
      vertex -0.00499900244176 -0.00499899499118 0.795003175735
      vertex -0.119876556098 -0.00499899499118 0.599825322628
      vertex -0.00499900244176 -0.00499899499118 0.599825322628
    endloop
  endfacet
  facet normal 0 0 1
    outer loop
      vertex -0.0591338612139 -0.00499899499118 0.0476746298373
      vertex -0.0594575591385 -0.00499899499118 0.0501334629953
      vertex -0.119998991489 -0.00499899499118 0.00500097265467
    endloop
  endfacet
  facet normal 0 0 1
    outer loop
      vertex -0.119998991489 -0.00499899499118 0.00500097265467
      vertex -0.0594575591385 -0.00499899499118 0.0501334629953
      vertex -0.0591338612139 -0.00499899499118 0.0525922253728
    endloop
  endfacet
  facet normal 0 0 1
    outer loop
      vertex -0.119998991489 -0.00499899499118 0.00500097265467
      vertex -0.0591338612139 -0.00499899499118 0.0525922253728
      vertex -0.0591584220529 -0.00499899499118 0.0976746529341
    endloop
  endfacet
  facet normal 0 0 1
    outer loop
      vertex -0.0591584220529 -0.00499899499118 0.0976746529341
      vertex -0.0591338612139 -0.00499899499118 0.0525922253728
      vertex -0.0582093670964 -0.00499899499118 0.0953833982348
    endloop
  endfacet
  facet normal 0 0 1
    outer loop
      vertex -0.0582093670964 -0.00499899499118 0.0953833982348
      vertex -0.0591338612139 -0.00499899499118 0.0525922253728
      vertex -0.0581848062575 -0.00499899499118 0.0548834055662
    endloop
  endfacet
  facet normal 0 0 1
    outer loop
      vertex -0.0582093670964 -0.00499899499118 0.0953833982348
      vertex -0.0581848062575 -0.00499899499118 0.0548834055662
      vertex -0.0566996410489 -0.00499899499118 0.0934159457684
    endloop
  endfacet
  facet normal 0 0 1
    outer loop
      vertex -0.0566996410489 -0.00499899499118 0.0934159457684
      vertex -0.0581848062575 -0.00499899499118 0.0548834055662
      vertex -0.0566750727594 -0.00499899499118 0.0568509325385
    endloop
  endfacet
  facet normal 0 0 1
    outer loop
      vertex -0.0566996410489 -0.00499899499118 0.0934159457684
      vertex -0.0566750727594 -0.00499899499118 0.0568509325385
      vertex -0.0547321252525 -0.00499899499118 0.0919061824679
    endloop
  endfacet
  facet normal 0 0 1
    outer loop
      vertex -0.0547321252525 -0.00499899499118 0.0919061824679
      vertex -0.0566750727594 -0.00499899499118 0.0568509325385
      vertex -0.0547075644135 -0.00499899499118 0.0583606921136
    endloop
  endfacet
  facet normal 0 0 1
    outer loop
      vertex -0.0547321252525 -0.00499899499118 0.0919061824679
      vertex -0.0547075644135 -0.00499899499118 0.0583606921136
      vertex -0.0524409115314 -0.00499899499118 0.0909571126103
    endloop
  endfacet
  facet normal 0 0 1
    outer loop
      vertex -0.0524409115314 -0.00499899499118 0.0909571126103
      vertex -0.0547075644135 -0.00499899499118 0.0583606921136
      vertex -0.0524163432419 -0.00499899499118 0.0593097656965
    endloop
  endfacet
  facet normal 0 0 1
    outer loop
      vertex -0.0524409115314 -0.00499899499118 0.0909571126103
      vertex -0.0524163432419 -0.00499899499118 0.0593097656965
      vertex -0.0499821305275 -0.00499899499118 0.0906334593892
    endloop
  endfacet
  facet normal 0 0 1
    outer loop
      vertex -0.0499821305275 -0.00499899499118 0.0906334593892
      vertex -0.0524163432419 -0.00499899499118 0.0593097656965
      vertex -0.049957562238 -0.00499899499118 0.0596334189177
    endloop
  endfacet
  facet normal -0 0 1
    outer loop
      vertex -0.0499821305275 -0.00499899499118 0.0906334593892
      vertex -0.049957562238 -0.00499899499118 0.0596334189177
      vertex -0.0475233495235 -0.00499899499118 0.0909571126103
    endloop
  endfacet
  facet normal 0 0 1
    outer loop
      vertex -0.0475233495235 -0.00499899499118 0.0909571126103
      vertex -0.049957562238 -0.00499899499118 0.0596334189177
      vertex -0.047498781234 -0.00499899499118 0.0593097656965
    endloop
  endfacet
  facet normal -0 0 1
    outer loop
      vertex -0.0475233495235 -0.00499899499118 0.0909571126103
      vertex -0.047498781234 -0.00499899499118 0.0593097656965
      vertex -0.0452321246266 -0.00499899499118 0.0919061824679
    endloop
  endfacet
  facet normal 0 0 1
    outer loop
      vertex -0.0452321246266 -0.00499899499118 0.0919061824679
      vertex -0.047498781234 -0.00499899499118 0.0593097656965
      vertex -0.045207567513 -0.00499899499118 0.0583606921136
    endloop
  endfacet
  facet normal -0 0 1
    outer loop
      vertex -0.0452321246266 -0.00499899499118 0.0919061824679
      vertex -0.045207567513 -0.00499899499118 0.0583606921136
      vertex -0.0432646088302 -0.00499899499118 0.0934159457684
    endloop
  endfacet
  facet normal 0 0 1
    outer loop
      vertex -0.0432646088302 -0.00499899499118 0.0934159457684
      vertex -0.045207567513 -0.00499899499118 0.0583606921136
      vertex -0.0432400479913 -0.00499899499118 0.0568509325385
    endloop
  endfacet
  facet normal -0 0 1
    outer loop
      vertex -0.0432646088302 -0.00499899499118 0.0934159457684
      vertex -0.0432400479913 -0.00499899499118 0.0568509325385
      vertex -0.0417548827827 -0.00499899499118 0.0953833982348
    endloop
  endfacet
  facet normal 0 0 1
    outer loop
      vertex -0.0417548827827 -0.00499899499118 0.0953833982348
      vertex -0.0432400479913 -0.00499899499118 0.0568509325385
      vertex -0.0417303144932 -0.00499899499118 0.0548834055662
    endloop
  endfacet
  facet normal -0 0 1
    outer loop
      vertex -0.0417548827827 -0.00499899499118 0.0953833982348
      vertex -0.0417303144932 -0.00499899499118 0.0548834055662
      vertex -0.0408058278263 -0.00499899499118 0.0976746529341
    endloop
  endfacet
  facet normal 0 0 1
    outer loop
      vertex -0.0408058278263 -0.00499899499118 0.0976746529341
      vertex -0.0417303144932 -0.00499899499118 0.0548834055662
      vertex -0.0407812595367 -0.00499899499118 0.0525922253728
    endloop
  endfacet
  facet normal 0 0 1
    outer loop
      vertex -0.0408058278263 -0.00499899499118 0.0976746529341
      vertex -0.0407812595367 -0.00499899499118 0.0525922253728
      vertex -0.00499900244176 -0.00499899499118 0.00500097265467
    endloop
  endfacet
  facet normal 0 0 1
    outer loop
      vertex -0.00499900244176 -0.00499899499118 0.00500097265467
      vertex -0.0407812595367 -0.00499899499118 0.0525922253728
      vertex -0.0404575616121 -0.00499899499118 0.0501334629953
    endloop
  endfacet
  facet normal 0 0 1
    outer loop
      vertex -0.00499900244176 -0.00499899499118 0.00500097265467
      vertex -0.0404575616121 -0.00499899499118 0.0501334629953
      vertex -0.0407812595367 -0.00499899499118 0.0476746298373
    endloop
  endfacet
  facet normal 0 0 1
    outer loop
      vertex -0.0407812595367 -0.00499899499118 0.0476746298373
      vertex -0.0417303144932 -0.00499899499118 0.0453834496439
      vertex -0.00499900244176 -0.00499899499118 0.00500097265467
    endloop
  endfacet
  facet normal 0 0 1
    outer loop
      vertex -0.00499900244176 -0.00499899499118 0.00500097265467
      vertex -0.0417303144932 -0.00499899499118 0.0453834496439
      vertex -0.0432400479913 -0.00499899499118 0.0434159263968
    endloop
  endfacet
  facet normal 0 0 1
    outer loop
      vertex -0.00499900244176 -0.00499899499118 0.00500097265467
      vertex -0.0432400479913 -0.00499899499118 0.0434159263968
      vertex -0.045207567513 -0.00499899499118 0.0419061630964
    endloop
  endfacet
  facet normal 0 0 1
    outer loop
      vertex -0.045207567513 -0.00499899499118 0.0419061630964
      vertex -0.047498781234 -0.00499899499118 0.0409571640193
      vertex -0.00499900244176 -0.00499899499118 0.00500097265467
    endloop
  endfacet
  facet normal 0 0 1
    outer loop
      vertex -0.00499900244176 -0.00499899499118 0.00500097265467
      vertex -0.047498781234 -0.00499899499118 0.0409571640193
      vertex -0.049957562238 -0.00499899499118 0.0406334362924
    endloop
  endfacet
  facet normal 0 0 1
    outer loop
      vertex -0.00499900244176 -0.00499899499118 0.00500097265467
      vertex -0.049957562238 -0.00499899499118 0.0406334362924
      vertex -0.0524163432419 -0.00499899499118 0.0409571640193
    endloop
  endfacet
  facet normal 0 0 1
    outer loop
      vertex -0.00499900244176 -0.00499899499118 0.00500097265467
      vertex -0.0524163432419 -0.00499899499118 0.0409571640193
      vertex -0.119998991489 -0.00499899499118 0.00500097265467
    endloop
  endfacet
  facet normal 0 0 1
    outer loop
      vertex -0.119998991489 -0.00499899499118 0.00500097265467
      vertex -0.0524163432419 -0.00499899499118 0.0409571640193
      vertex -0.0547075644135 -0.00499899499118 0.0419061630964
    endloop
  endfacet
  facet normal 0 0 1
    outer loop
      vertex -0.119998991489 -0.00499899499118 0.00500097265467
      vertex -0.0547075644135 -0.00499899499118 0.0419061630964
      vertex -0.0566750727594 -0.00499899499118 0.0434159263968
    endloop
  endfacet
  facet normal 0 0 1
    outer loop
      vertex -0.0566750727594 -0.00499899499118 0.0434159263968
      vertex -0.0581848062575 -0.00499899499118 0.0453834496439
      vertex -0.119998991489 -0.00499899499118 0.00500097265467
    endloop
  endfacet
  facet normal 0 0 1
    outer loop
      vertex -0.119998991489 -0.00499899499118 0.00500097265467
      vertex -0.0581848062575 -0.00499899499118 0.0453834496439
      vertex -0.0591338612139 -0.00499899499118 0.0476746298373
    endloop
  endfacet
  facet normal 0 0 1
    outer loop
      vertex -0.0591584220529 -0.00499899499118 0.0976746529341
      vertex -0.0594821311533 -0.00499899499118 0.100133411586
      vertex -0.119998991489 -0.00499899499118 0.149998828769
    endloop
  endfacet
  facet normal 0 0 1
    outer loop
      vertex -0.119998991489 -0.00499899499118 0.149998828769
      vertex -0.0594821311533 -0.00499899499118 0.100133411586
      vertex -0.0591584220529 -0.00499899499118 0.102592244744
    endloop
  endfacet
  facet normal 0 0 1
    outer loop
      vertex -0.119998991489 -0.00499899499118 0.149998828769
      vertex -0.0591584220529 -0.00499899499118 0.102592244744
      vertex -0.0582093670964 -0.00499899499118 0.104883424938
    endloop
  endfacet
  facet normal 0 -0 1
    outer loop
      vertex -0.0582093670964 -0.00499899499118 0.104883424938
      vertex -0.0566996410489 -0.00499899499118 0.10685095191
      vertex -0.119998991489 -0.00499899499118 0.149998828769
    endloop
  endfacet
  facet normal 0 0 1
    outer loop
      vertex -0.119998991489 -0.00499899499118 0.149998828769
      vertex -0.0566996410489 -0.00499899499118 0.10685095191
      vertex -0.0547321252525 -0.00499899499118 0.10836071521
    endloop
  endfacet
  facet normal 0 0 1
    outer loop
      vertex -0.119998991489 -0.00499899499118 0.149998828769
      vertex -0.0547321252525 -0.00499899499118 0.10836071521
      vertex -0.0524409115314 -0.00499899499118 0.109309718013
    endloop
  endfacet
  facet normal -0 0 1
    outer loop
      vertex -0.119998991489 -0.00499899499118 0.149998828769
      vertex -0.0524409115314 -0.00499899499118 0.109309718013
      vertex -0.00499900244176 -0.00499899499118 0.149998828769
    endloop
  endfacet
  facet normal 0 0 1
    outer loop
      vertex -0.00499900244176 -0.00499899499118 0.149998828769
      vertex -0.0524409115314 -0.00499899499118 0.109309718013
      vertex -0.0499821305275 -0.00499899499118 0.109633438289
    endloop
  endfacet
  facet normal 0 0 1
    outer loop
      vertex -0.00499900244176 -0.00499899499118 0.149998828769
      vertex -0.0499821305275 -0.00499899499118 0.109633438289
      vertex -0.0475233495235 -0.00499899499118 0.109309718013
    endloop
  endfacet
  facet normal -0 0 1
    outer loop
      vertex -0.0475233495235 -0.00499899499118 0.109309718013
      vertex -0.0452321246266 -0.00499899499118 0.10836071521
      vertex -0.00499900244176 -0.00499899499118 0.149998828769
    endloop
  endfacet
  facet normal 0 0 1
    outer loop
      vertex -0.00499900244176 -0.00499899499118 0.149998828769
      vertex -0.0452321246266 -0.00499899499118 0.10836071521
      vertex -0.0432646088302 -0.00499899499118 0.10685095191
    endloop
  endfacet
  facet normal 0 0 1
    outer loop
      vertex -0.00499900244176 -0.00499899499118 0.149998828769
      vertex -0.0432646088302 -0.00499899499118 0.10685095191
      vertex -0.0417548827827 -0.00499899499118 0.104883424938
    endloop
  endfacet
  facet normal -0 0 1
    outer loop
      vertex -0.0417548827827 -0.00499899499118 0.104883424938
      vertex -0.0408058278263 -0.00499899499118 0.102592244744
      vertex -0.00499900244176 -0.00499899499118 0.149998828769
    endloop
  endfacet
  facet normal 0 0 1
    outer loop
      vertex -0.00499900244176 -0.00499899499118 0.149998828769
      vertex -0.0408058278263 -0.00499899499118 0.102592244744
      vertex -0.0404821224511 -0.00499899499118 0.100133411586
    endloop
  endfacet
  facet normal 0 0 1
    outer loop
      vertex -0.00499900244176 -0.00499899499118 0.149998828769
      vertex -0.0404821224511 -0.00499899499118 0.100133411586
      vertex -0.0408058278263 -0.00499899499118 0.0976746529341
    endloop
  endfacet
  facet normal 0 0 1
    outer loop
      vertex -0.119998991489 -0.00499899499118 0.00500097265467
      vertex -0.0591584220529 -0.00499899499118 0.0976746529341
      vertex -0.119998991489 -0.00499899499118 0.149998828769
    endloop
  endfacet
  facet normal 0 -0 1
    outer loop
      vertex -0.00499900244176 -0.00499899499118 0.00500097265467
      vertex -0.00499900244176 -0.00499899499118 0.149998828769
      vertex -0.0408058278263 -0.00499899499118 0.0976746529341
    endloop
  endfacet
  facet normal -1 0 0
    outer loop
      vertex -0.00499900244176 -0.119998991489 0.950003147125
      vertex -0.00499900244176 -0.119998991489 1.20000100136
      vertex -0.00499900244176 -0.00499899499118 0.950003147125
    endloop
  endfacet
  facet normal -1 0 0
    outer loop
      vertex -0.00499900244176 -0.00499899499118 0.950003147125
      vertex -0.00499900244176 -0.119998991489 1.20000100136
      vertex -0.00499900244176 -0.00499899499118 1.20000100136
    endloop
  endfacet
  facet normal -1 0 0
    outer loop
      vertex -0.00499900244176 -0.119998991489 0.800003170967
      vertex -0.00499900244176 -0.0550079643726 0.837134301662
      vertex -0.00499900244176 -0.00499899499118 0.800003170967
    endloop
  endfacet
  facet normal -1 0 0
    outer loop
      vertex -0.00499900244176 -0.00499899499118 0.800003170967
      vertex -0.00499900244176 -0.0550079643726 0.837134301662
      vertex -0.00499900244176 -0.0525491833687 0.837458014488
    endloop
  endfacet
  facet normal -1 0 0
    outer loop
      vertex -0.00499900244176 -0.00499899499118 0.800003170967
      vertex -0.00499900244176 -0.0525491833687 0.837458014488
      vertex -0.00499900244176 -0.0502579621971 0.838407039642
    endloop
  endfacet
  facet normal -1 -0 0
    outer loop
      vertex -0.00499900244176 -0.119998991489 0.945003151894
      vertex -0.00499900244176 -0.0641596987844 0.894175469875
      vertex -0.00499900244176 -0.119998991489 0.800003170967
    endloop
  endfacet
  facet normal -1 0 0
    outer loop
      vertex -0.00499900244176 -0.119998991489 0.800003170967
      vertex -0.00499900244176 -0.0641596987844 0.894175469875
      vertex -0.00499900244176 -0.064184255898 0.849093079567
    endloop
  endfacet
  facet normal -1 0 0
    outer loop
      vertex -0.00499900244176 -0.119998991489 0.800003170967
      vertex -0.00499900244176 -0.064184255898 0.849093079567
      vertex -0.00499900244176 -0.0645079612732 0.846634268761
    endloop
  endfacet
  facet normal -1 0 0
    outer loop
      vertex -0.00499900244176 -0.00499899499118 0.945003151894
      vertex -0.00499900244176 -0.0549834035337 0.906134307384
      vertex -0.00499900244176 -0.119998991489 0.945003151894
    endloop
  endfacet
  facet normal -1 0 0
    outer loop
      vertex -0.00499900244176 -0.119998991489 0.945003151894
      vertex -0.00499900244176 -0.0549834035337 0.906134307384
      vertex -0.00499900244176 -0.0574421845376 0.905810594559
    endloop
  endfacet
  facet normal -1 0 0
    outer loop
      vertex -0.00499900244176 -0.119998991489 0.945003151894
      vertex -0.00499900244176 -0.0574421845376 0.905810594559
      vertex -0.00499900244176 -0.059733401984 0.9048615098
    endloop
  endfacet
  facet normal -1 0 0
    outer loop
      vertex -0.00499900244176 -0.00499899499118 0.800003170967
      vertex -0.00499900244176 -0.0458071045578 0.894175469875
      vertex -0.00499900244176 -0.00499899499118 0.945003151894
    endloop
  endfacet
  facet normal -1 0 0
    outer loop
      vertex -0.00499900244176 -0.00499899499118 0.945003151894
      vertex -0.00499900244176 -0.0458071045578 0.894175469875
      vertex -0.00499900244176 -0.0454833954573 0.896634280682
    endloop
  endfacet
  facet normal -1 0 0
    outer loop
      vertex -0.00499900244176 -0.00499899499118 0.945003151894
      vertex -0.00499900244176 -0.0454833954573 0.896634280682
      vertex -0.00499900244176 -0.0458071045578 0.899093031883
    endloop
  endfacet
  facet normal -1 0 0
    outer loop
      vertex -0.00499900244176 -0.0458071045578 0.899093031883
      vertex -0.00499900244176 -0.0467561595142 0.901384294033
      vertex -0.00499900244176 -0.00499899499118 0.945003151894
    endloop
  endfacet
  facet normal -1 0 0
    outer loop
      vertex -0.00499900244176 -0.00499899499118 0.945003151894
      vertex -0.00499900244176 -0.0467561595142 0.901384294033
      vertex -0.00499900244176 -0.0482658855617 0.903351783752
    endloop
  endfacet
  facet normal -1 0 0
    outer loop
      vertex -0.00499900244176 -0.00499899499118 0.945003151894
      vertex -0.00499900244176 -0.0482658855617 0.903351783752
      vertex -0.00499900244176 -0.0502334013581 0.9048615098
    endloop
  endfacet
  facet normal -1 0 0
    outer loop
      vertex -0.00499900244176 -0.0502334013581 0.9048615098
      vertex -0.00499900244176 -0.052524626255 0.905810594559
      vertex -0.00499900244176 -0.00499899499118 0.945003151894
    endloop
  endfacet
  facet normal -1 0 0
    outer loop
      vertex -0.00499900244176 -0.00499899499118 0.945003151894
      vertex -0.00499900244176 -0.052524626255 0.905810594559
      vertex -0.00499900244176 -0.0549834035337 0.906134307384
    endloop
  endfacet
  facet normal -1 0 0
    outer loop
      vertex -0.00499900244176 -0.059733401984 0.9048615098
      vertex -0.00499900244176 -0.0617009177804 0.903351783752
      vertex -0.00499900244176 -0.119998991489 0.945003151894
    endloop
  endfacet
  facet normal -1 0 0
    outer loop
      vertex -0.00499900244176 -0.119998991489 0.945003151894
      vertex -0.00499900244176 -0.0617009177804 0.903351783752
      vertex -0.00499900244176 -0.0632106438279 0.901384294033
    endloop
  endfacet
  facet normal -1 0 0
    outer loop
      vertex -0.00499900244176 -0.119998991489 0.945003151894
      vertex -0.00499900244176 -0.0632106438279 0.901384294033
      vertex -0.00499900244176 -0.0641596987844 0.899093031883
    endloop
  endfacet
  facet normal -1 0 0
    outer loop
      vertex -0.00499900244176 -0.0641596987844 0.899093031883
      vertex -0.00499900244176 -0.0644834041595 0.896634280682
      vertex -0.00499900244176 -0.119998991489 0.945003151894
    endloop
  endfacet
  facet normal -1 0 0
    outer loop
      vertex -0.00499900244176 -0.119998991489 0.945003151894
      vertex -0.00499900244176 -0.0644834041595 0.896634280682
      vertex -0.00499900244176 -0.0641596987844 0.894175469875
    endloop
  endfacet
  facet normal -1 0 0
    outer loop
      vertex -0.00499900244176 -0.064184255898 0.849093079567
      vertex -0.00499900244176 -0.0641596987844 0.894175469875
      vertex -0.00499900244176 -0.0632352083921 0.851384282112
    endloop
  endfacet
  facet normal -1 0 0
    outer loop
      vertex -0.00499900244176 -0.0632352083921 0.851384282112
      vertex -0.00499900244176 -0.0641596987844 0.894175469875
      vertex -0.00499900244176 -0.0632106438279 0.89188426733
    endloop
  endfacet
  facet normal -1 0 0
    outer loop
      vertex -0.00499900244176 -0.0632352083921 0.851384282112
      vertex -0.00499900244176 -0.0632106438279 0.89188426733
      vertex -0.00499900244176 -0.0617254786193 0.853351771832
    endloop
  endfacet
  facet normal -1 0 0
    outer loop
      vertex -0.00499900244176 -0.0617254786193 0.853351771832
      vertex -0.00499900244176 -0.0632106438279 0.89188426733
      vertex -0.00499900244176 -0.0617009177804 0.889916777611
    endloop
  endfacet
  facet normal -1 0 0
    outer loop
      vertex -0.00499900244176 -0.0617254786193 0.853351771832
      vertex -0.00499900244176 -0.0617009177804 0.889916777611
      vertex -0.00499900244176 -0.0597579702735 0.854861497879
    endloop
  endfacet
  facet normal -1 0 0
    outer loop
      vertex -0.00499900244176 -0.0597579702735 0.854861497879
      vertex -0.00499900244176 -0.0617009177804 0.889916777611
      vertex -0.00499900244176 -0.059733401984 0.888407051563
    endloop
  endfacet
  facet normal -1 0 0
    outer loop
      vertex -0.00499900244176 -0.0597579702735 0.854861497879
      vertex -0.00499900244176 -0.059733401984 0.888407051563
      vertex -0.00499900244176 -0.0574667453766 0.855810582638
    endloop
  endfacet
  facet normal -1 0 0
    outer loop
      vertex -0.00499900244176 -0.0574667453766 0.855810582638
      vertex -0.00499900244176 -0.059733401984 0.888407051563
      vertex -0.00499900244176 -0.0574421845376 0.887457966805
    endloop
  endfacet
  facet normal -1 0 0
    outer loop
      vertex -0.00499900244176 -0.0574667453766 0.855810582638
      vertex -0.00499900244176 -0.0574421845376 0.887457966805
      vertex -0.00499900244176 -0.0550079643726 0.856134295464
    endloop
  endfacet
  facet normal -1 0 0
    outer loop
      vertex -0.00499900244176 -0.0550079643726 0.856134295464
      vertex -0.00499900244176 -0.0574421845376 0.887457966805
      vertex -0.00499900244176 -0.0549834035337 0.887134253979
    endloop
  endfacet
  facet normal -1 0 -0
    outer loop
      vertex -0.00499900244176 -0.0550079643726 0.856134295464
      vertex -0.00499900244176 -0.0549834035337 0.887134253979
      vertex -0.00499900244176 -0.0525491833687 0.855810582638
    endloop
  endfacet
  facet normal -1 0 0
    outer loop
      vertex -0.00499900244176 -0.0525491833687 0.855810582638
      vertex -0.00499900244176 -0.0549834035337 0.887134253979
      vertex -0.00499900244176 -0.052524626255 0.887457966805
    endloop
  endfacet
  facet normal -1 0 -0
    outer loop
      vertex -0.00499900244176 -0.0525491833687 0.855810582638
      vertex -0.00499900244176 -0.052524626255 0.887457966805
      vertex -0.00499900244176 -0.0502579621971 0.854861497879
    endloop
  endfacet
  facet normal -1 0 0
    outer loop
      vertex -0.00499900244176 -0.0502579621971 0.854861497879
      vertex -0.00499900244176 -0.052524626255 0.887457966805
      vertex -0.00499900244176 -0.0502334013581 0.888407051563
    endloop
  endfacet
  facet normal -1 0 -0
    outer loop
      vertex -0.00499900244176 -0.0502579621971 0.854861497879
      vertex -0.00499900244176 -0.0502334013581 0.888407051563
      vertex -0.00499900244176 -0.0482904538512 0.853351771832
    endloop
  endfacet
  facet normal -1 0 0
    outer loop
      vertex -0.00499900244176 -0.0482904538512 0.853351771832
      vertex -0.00499900244176 -0.0502334013581 0.888407051563
      vertex -0.00499900244176 -0.0482658855617 0.889916777611
    endloop
  endfacet
  facet normal -1 0 -0
    outer loop
      vertex -0.00499900244176 -0.0482904538512 0.853351771832
      vertex -0.00499900244176 -0.0482658855617 0.889916777611
      vertex -0.00499900244176 -0.0467807278037 0.851384282112
    endloop
  endfacet
  facet normal -1 0 0
    outer loop
      vertex -0.00499900244176 -0.0467807278037 0.851384282112
      vertex -0.00499900244176 -0.0482658855617 0.889916777611
      vertex -0.00499900244176 -0.0467561595142 0.89188426733
    endloop
  endfacet
  facet normal -1 0 -0
    outer loop
      vertex -0.00499900244176 -0.0467807278037 0.851384282112
      vertex -0.00499900244176 -0.0467561595142 0.89188426733
      vertex -0.00499900244176 -0.0458316728473 0.849093079567
    endloop
  endfacet
  facet normal -1 0 0
    outer loop
      vertex -0.00499900244176 -0.0458316728473 0.849093079567
      vertex -0.00499900244176 -0.0467561595142 0.89188426733
      vertex -0.00499900244176 -0.0458071045578 0.894175469875
    endloop
  endfacet
  facet normal -1 0 -0
    outer loop
      vertex -0.00499900244176 -0.0458316728473 0.849093079567
      vertex -0.00499900244176 -0.0458071045578 0.894175469875
      vertex -0.00499900244176 -0.00499899499118 0.800003170967
    endloop
  endfacet
  facet normal -1 0 -0
    outer loop
      vertex -0.00499900244176 -0.0458316728473 0.844175517559
      vertex -0.00499900244176 -0.0455079674721 0.846634268761
      vertex -0.00499900244176 -0.00499899499118 0.800003170967
    endloop
  endfacet
  facet normal -1 0 0
    outer loop
      vertex -0.00499900244176 -0.00499899499118 0.800003170967
      vertex -0.00499900244176 -0.0455079674721 0.846634268761
      vertex -0.00499900244176 -0.0458316728473 0.849093079567
    endloop
  endfacet
  facet normal -1 -0 0
    outer loop
      vertex -0.00499900244176 -0.0645079612732 0.846634268761
      vertex -0.00499900244176 -0.064184255898 0.844175517559
      vertex -0.00499900244176 -0.119998991489 0.800003170967
    endloop
  endfacet
  facet normal -1 0 0
    outer loop
      vertex -0.00499900244176 -0.119998991489 0.800003170967
      vertex -0.00499900244176 -0.064184255898 0.844175517559
      vertex -0.00499900244176 -0.0632352083921 0.841884255409
    endloop
  endfacet
  facet normal -1 0 0
    outer loop
      vertex -0.00499900244176 -0.119998991489 0.800003170967
      vertex -0.00499900244176 -0.0632352083921 0.841884255409
      vertex -0.00499900244176 -0.0617254786193 0.83991676569
    endloop
  endfacet
  facet normal -1 -0 0
    outer loop
      vertex -0.00499900244176 -0.0617254786193 0.83991676569
      vertex -0.00499900244176 -0.0597579702735 0.838407039642
      vertex -0.00499900244176 -0.119998991489 0.800003170967
    endloop
  endfacet
  facet normal -1 0 0
    outer loop
      vertex -0.00499900244176 -0.119998991489 0.800003170967
      vertex -0.00499900244176 -0.0597579702735 0.838407039642
      vertex -0.00499900244176 -0.0574667453766 0.837458014488
    endloop
  endfacet
  facet normal -1 0 0
    outer loop
      vertex -0.00499900244176 -0.119998991489 0.800003170967
      vertex -0.00499900244176 -0.0574667453766 0.837458014488
      vertex -0.00499900244176 -0.0550079643726 0.837134301662
    endloop
  endfacet
  facet normal -1 0 -0
    outer loop
      vertex -0.00499900244176 -0.0502579621971 0.838407039642
      vertex -0.00499900244176 -0.0482904538512 0.83991676569
      vertex -0.00499900244176 -0.00499899499118 0.800003170967
    endloop
  endfacet
  facet normal -1 0 0
    outer loop
      vertex -0.00499900244176 -0.00499899499118 0.800003170967
      vertex -0.00499900244176 -0.0482904538512 0.83991676569
      vertex -0.00499900244176 -0.0467807278037 0.841884255409
    endloop
  endfacet
  facet normal -1 0 0
    outer loop
      vertex -0.00499900244176 -0.00499899499118 0.800003170967
      vertex -0.00499900244176 -0.0467807278037 0.841884255409
      vertex -0.00499900244176 -0.0458316728473 0.844175517559
    endloop
  endfacet
  facet normal -1 0 0
    outer loop
      vertex -0.00499900244176 -0.00499899499118 0.594825327396
      vertex -0.00499900244176 -0.00499899499118 0.154998824
      vertex -0.00499900244176 -0.119876548648 0.594825327396
    endloop
  endfacet
  facet normal -1 -0 0
    outer loop
      vertex -0.00499900244176 -0.119876548648 0.594825327396
      vertex -0.00499900244176 -0.00499899499118 0.154998824
      vertex -0.00499900244176 -0.119998991489 0.154998824
    endloop
  endfacet
  facet normal -1 0 0
    outer loop
      vertex -0.00499900244176 -0.119876548648 0.594825327396
      vertex -0.00499900244176 -0.119998991489 0.154998824
      vertex -0.00499900244176 -0.119998991489 0.795003175735
    endloop
  endfacet
  facet normal -1 0 0
    outer loop
      vertex -0.00499900244176 -0.119876548648 0.594825327396
      vertex -0.00499900244176 -0.119998991489 0.795003175735
      vertex -0.00499900244176 -0.119876548648 0.599825322628
    endloop
  endfacet
  facet normal -1 0 0
    outer loop
      vertex -0.00499900244176 -0.119876548648 0.599825322628
      vertex -0.00499900244176 -0.119998991489 0.795003175735
      vertex -0.00499900244176 -0.00499899499118 0.795003175735
    endloop
  endfacet
  facet normal -1 0 0
    outer loop
      vertex -0.00499900244176 -0.119876548648 0.599825322628
      vertex -0.00499900244176 -0.00499899499118 0.795003175735
      vertex -0.00499900244176 -0.00499899499118 0.599825322628
    endloop
  endfacet
  facet normal -1 0 -0
    outer loop
      vertex -0.00499900244176 -0.0458316728473 0.0476739853621
      vertex -0.00499900244176 -0.0455079674721 0.0501327477396
      vertex -0.00499900244176 -0.00499899499118 0.00500097265467
    endloop
  endfacet
  facet normal -1 0 0
    outer loop
      vertex -0.00499900244176 -0.00499899499118 0.00500097265467
      vertex -0.00499900244176 -0.0455079674721 0.0501327477396
      vertex -0.00499900244176 -0.0458316728473 0.0525915101171
    endloop
  endfacet
  facet normal -1 0 0
    outer loop
      vertex -0.00499900244176 -0.00499899499118 0.00500097265467
      vertex -0.00499900244176 -0.0458316728473 0.0525915101171
      vertex -0.00499900244176 -0.0458071045578 0.0976739376783
    endloop
  endfacet
  facet normal -1 0 0
    outer loop
      vertex -0.00499900244176 -0.0458071045578 0.0976739376783
      vertex -0.00499900244176 -0.0458316728473 0.0525915101171
      vertex -0.00499900244176 -0.0467561595142 0.0953827574849
    endloop
  endfacet
  facet normal -1 -0 0
    outer loop
      vertex -0.00499900244176 -0.0467561595142 0.0953827574849
      vertex -0.00499900244176 -0.0458316728473 0.0525915101171
      vertex -0.00499900244176 -0.0467807278037 0.054882761091
    endloop
  endfacet
  facet normal -1 0 0
    outer loop
      vertex -0.00499900244176 -0.0467561595142 0.0953827574849
      vertex -0.00499900244176 -0.0467807278037 0.054882761091
      vertex -0.00499900244176 -0.0482658855617 0.0934152305126
    endloop
  endfacet
  facet normal -1 -0 0
    outer loop
      vertex -0.00499900244176 -0.0482658855617 0.0934152305126
      vertex -0.00499900244176 -0.0467807278037 0.054882761091
      vertex -0.00499900244176 -0.0482904538512 0.0568502172828
    endloop
  endfacet
  facet normal -1 0 0
    outer loop
      vertex -0.00499900244176 -0.0482658855617 0.0934152305126
      vertex -0.00499900244176 -0.0482904538512 0.0568502172828
      vertex -0.00499900244176 -0.0502334013581 0.0919054672122
    endloop
  endfacet
  facet normal -1 -0 0
    outer loop
      vertex -0.00499900244176 -0.0502334013581 0.0919054672122
      vertex -0.00499900244176 -0.0482904538512 0.0568502172828
      vertex -0.00499900244176 -0.0502579621971 0.0583599768579
    endloop
  endfacet
  facet normal -1 0 0
    outer loop
      vertex -0.00499900244176 -0.0502334013581 0.0919054672122
      vertex -0.00499900244176 -0.0502579621971 0.0583599768579
      vertex -0.00499900244176 -0.052524626255 0.0909564718604
    endloop
  endfacet
  facet normal -1 -0 0
    outer loop
      vertex -0.00499900244176 -0.052524626255 0.0909564718604
      vertex -0.00499900244176 -0.0502579621971 0.0583599768579
      vertex -0.00499900244176 -0.0525491833687 0.0593090504408
    endloop
  endfacet
  facet normal -1 0 0
    outer loop
      vertex -0.00499900244176 -0.052524626255 0.0909564718604
      vertex -0.00499900244176 -0.0525491833687 0.0593090504408
      vertex -0.00499900244176 -0.0549834035337 0.0906327441335
    endloop
  endfacet
  facet normal -1 -0 0
    outer loop
      vertex -0.00499900244176 -0.0549834035337 0.0906327441335
      vertex -0.00499900244176 -0.0525491833687 0.0593090504408
      vertex -0.00499900244176 -0.0550079643726 0.0596327036619
    endloop
  endfacet
  facet normal -1 0 0
    outer loop
      vertex -0.00499900244176 -0.0549834035337 0.0906327441335
      vertex -0.00499900244176 -0.0550079643726 0.0596327036619
      vertex -0.00499900244176 -0.0574421845376 0.0909564718604
    endloop
  endfacet
  facet normal -1 -0 0
    outer loop
      vertex -0.00499900244176 -0.0574421845376 0.0909564718604
      vertex -0.00499900244176 -0.0550079643726 0.0596327036619
      vertex -0.00499900244176 -0.0574667453766 0.0593090504408
    endloop
  endfacet
  facet normal -1 0 0
    outer loop
      vertex -0.00499900244176 -0.0574421845376 0.0909564718604
      vertex -0.00499900244176 -0.0574667453766 0.0593090504408
      vertex -0.00499900244176 -0.059733401984 0.0919054672122
    endloop
  endfacet
  facet normal -1 -0 0
    outer loop
      vertex -0.00499900244176 -0.059733401984 0.0919054672122
      vertex -0.00499900244176 -0.0574667453766 0.0593090504408
      vertex -0.00499900244176 -0.0597579702735 0.0583599768579
    endloop
  endfacet
  facet normal -1 0 0
    outer loop
      vertex -0.00499900244176 -0.059733401984 0.0919054672122
      vertex -0.00499900244176 -0.0597579702735 0.0583599768579
      vertex -0.00499900244176 -0.0617009177804 0.0934152305126
    endloop
  endfacet
  facet normal -1 -0 0
    outer loop
      vertex -0.00499900244176 -0.0617009177804 0.0934152305126
      vertex -0.00499900244176 -0.0597579702735 0.0583599768579
      vertex -0.00499900244176 -0.0617254786193 0.0568502172828
    endloop
  endfacet
  facet normal -1 0 0
    outer loop
      vertex -0.00499900244176 -0.0617009177804 0.0934152305126
      vertex -0.00499900244176 -0.0617254786193 0.0568502172828
      vertex -0.00499900244176 -0.0632106438279 0.0953827574849
    endloop
  endfacet
  facet normal -1 -0 0
    outer loop
      vertex -0.00499900244176 -0.0632106438279 0.0953827574849
      vertex -0.00499900244176 -0.0617254786193 0.0568502172828
      vertex -0.00499900244176 -0.0632352083921 0.054882761091
    endloop
  endfacet
  facet normal -1 0 0
    outer loop
      vertex -0.00499900244176 -0.0632106438279 0.0953827574849
      vertex -0.00499900244176 -0.0632352083921 0.054882761091
      vertex -0.00499900244176 -0.0641596987844 0.0976739376783
    endloop
  endfacet
  facet normal -1 -0 0
    outer loop
      vertex -0.00499900244176 -0.0641596987844 0.0976739376783
      vertex -0.00499900244176 -0.0632352083921 0.054882761091
      vertex -0.00499900244176 -0.064184255898 0.0525915101171
    endloop
  endfacet
  facet normal -1 0 0
    outer loop
      vertex -0.00499900244176 -0.0641596987844 0.0976739376783
      vertex -0.00499900244176 -0.064184255898 0.0525915101171
      vertex -0.00499900244176 -0.119998991489 0.00500097265467
    endloop
  endfacet
  facet normal -1 0 0
    outer loop
      vertex -0.00499900244176 -0.119998991489 0.00500097265467
      vertex -0.00499900244176 -0.064184255898 0.0525915101171
      vertex -0.00499900244176 -0.0645079612732 0.0501327477396
    endloop
  endfacet
  facet normal -1 0 0
    outer loop
      vertex -0.00499900244176 -0.119998991489 0.00500097265467
      vertex -0.00499900244176 -0.0645079612732 0.0501327477396
      vertex -0.00499900244176 -0.064184255898 0.0476739853621
    endloop
  endfacet
  facet normal -1 -0 0
    outer loop
      vertex -0.00499900244176 -0.064184255898 0.0476739853621
      vertex -0.00499900244176 -0.0632352083921 0.0453827343881
      vertex -0.00499900244176 -0.119998991489 0.00500097265467
    endloop
  endfacet
  facet normal -1 0 0
    outer loop
      vertex -0.00499900244176 -0.119998991489 0.00500097265467
      vertex -0.00499900244176 -0.0632352083921 0.0453827343881
      vertex -0.00499900244176 -0.0617254786193 0.0434152111411
    endloop
  endfacet
  facet normal -1 0 0
    outer loop
      vertex -0.00499900244176 -0.119998991489 0.00500097265467
      vertex -0.00499900244176 -0.0617254786193 0.0434152111411
      vertex -0.00499900244176 -0.0597579702735 0.0419055186212
    endloop
  endfacet
  facet normal -1 -0 0
    outer loop
      vertex -0.00499900244176 -0.0597579702735 0.0419055186212
      vertex -0.00499900244176 -0.0574667453766 0.0409564487636
      vertex -0.00499900244176 -0.119998991489 0.00500097265467
    endloop
  endfacet
  facet normal -1 0 0
    outer loop
      vertex -0.00499900244176 -0.119998991489 0.00500097265467
      vertex -0.00499900244176 -0.0574667453766 0.0409564487636
      vertex -0.00499900244176 -0.0550079643726 0.0406327210367
    endloop
  endfacet
  facet normal -1 0 0
    outer loop
      vertex -0.00499900244176 -0.119998991489 0.00500097265467
      vertex -0.00499900244176 -0.0550079643726 0.0406327210367
      vertex -0.00499900244176 -0.00499899499118 0.00500097265467
    endloop
  endfacet
  facet normal -1 0 0
    outer loop
      vertex -0.00499900244176 -0.00499899499118 0.00500097265467
      vertex -0.00499900244176 -0.0550079643726 0.0406327210367
      vertex -0.00499900244176 -0.0525491833687 0.0409564487636
    endloop
  endfacet
  facet normal -1 0 0
    outer loop
      vertex -0.00499900244176 -0.00499899499118 0.00500097265467
      vertex -0.00499900244176 -0.0525491833687 0.0409564487636
      vertex -0.00499900244176 -0.0502579621971 0.0419055186212
    endloop
  endfacet
  facet normal -1 0 -0
    outer loop
      vertex -0.00499900244176 -0.0502579621971 0.0419055186212
      vertex -0.00499900244176 -0.0482904538512 0.0434152111411
      vertex -0.00499900244176 -0.00499899499118 0.00500097265467
    endloop
  endfacet
  facet normal -1 0 0
    outer loop
      vertex -0.00499900244176 -0.00499899499118 0.00500097265467
      vertex -0.00499900244176 -0.0482904538512 0.0434152111411
      vertex -0.00499900244176 -0.0467807278037 0.0453827343881
    endloop
  endfacet
  facet normal -1 0 0
    outer loop
      vertex -0.00499900244176 -0.00499899499118 0.00500097265467
      vertex -0.00499900244176 -0.0467807278037 0.0453827343881
      vertex -0.00499900244176 -0.0458316728473 0.0476739853621
    endloop
  endfacet
  facet normal -1 0 0
    outer loop
      vertex -0.00499900244176 -0.0458071045578 0.0976739376783
      vertex -0.00499900244176 -0.0454833954573 0.100132696331
      vertex -0.00499900244176 -0.00499899499118 0.149998828769
    endloop
  endfacet
  facet normal -1 0 0
    outer loop
      vertex -0.00499900244176 -0.00499899499118 0.149998828769
      vertex -0.00499900244176 -0.0454833954573 0.100132696331
      vertex -0.00499900244176 -0.0458071045578 0.102591529489
    endloop
  endfacet
  facet normal -1 0 0
    outer loop
      vertex -0.00499900244176 -0.00499899499118 0.149998828769
      vertex -0.00499900244176 -0.0458071045578 0.102591529489
      vertex -0.00499900244176 -0.0467561595142 0.104882709682
    endloop
  endfacet
  facet normal -1 0 0
    outer loop
      vertex -0.00499900244176 -0.0467561595142 0.104882709682
      vertex -0.00499900244176 -0.0482658855617 0.106850236654
      vertex -0.00499900244176 -0.00499899499118 0.149998828769
    endloop
  endfacet
  facet normal -1 0 0
    outer loop
      vertex -0.00499900244176 -0.00499899499118 0.149998828769
      vertex -0.00499900244176 -0.0482658855617 0.106850236654
      vertex -0.00499900244176 -0.0502334013581 0.108359999955
    endloop
  endfacet
  facet normal -1 0 0
    outer loop
      vertex -0.00499900244176 -0.00499899499118 0.149998828769
      vertex -0.00499900244176 -0.0502334013581 0.108359999955
      vertex -0.00499900244176 -0.052524626255 0.109309002757
    endloop
  endfacet
  facet normal -1 0 0
    outer loop
      vertex -0.00499900244176 -0.052524626255 0.109309002757
      vertex -0.00499900244176 -0.0549834035337 0.109632723033
      vertex -0.00499900244176 -0.00499899499118 0.149998828769
    endloop
  endfacet
  facet normal -1 0 0
    outer loop
      vertex -0.00499900244176 -0.00499899499118 0.149998828769
      vertex -0.00499900244176 -0.0549834035337 0.109632723033
      vertex -0.00499900244176 -0.119998991489 0.149998828769
    endloop
  endfacet
  facet normal -1 0 0
    outer loop
      vertex -0.00499900244176 -0.119998991489 0.149998828769
      vertex -0.00499900244176 -0.0549834035337 0.109632723033
      vertex -0.00499900244176 -0.0574421845376 0.109309002757
    endloop
  endfacet
  facet normal -1 0 0
    outer loop
      vertex -0.00499900244176 -0.119998991489 0.149998828769
      vertex -0.00499900244176 -0.0574421845376 0.109309002757
      vertex -0.00499900244176 -0.059733401984 0.108359999955
    endloop
  endfacet
  facet normal -1 0 0
    outer loop
      vertex -0.00499900244176 -0.059733401984 0.108359999955
      vertex -0.00499900244176 -0.0617009177804 0.106850236654
      vertex -0.00499900244176 -0.119998991489 0.149998828769
    endloop
  endfacet
  facet normal -1 0 0
    outer loop
      vertex -0.00499900244176 -0.119998991489 0.149998828769
      vertex -0.00499900244176 -0.0617009177804 0.106850236654
      vertex -0.00499900244176 -0.0632106438279 0.104882709682
    endloop
  endfacet
  facet normal -1 0 0
    outer loop
      vertex -0.00499900244176 -0.119998991489 0.149998828769
      vertex -0.00499900244176 -0.0632106438279 0.104882709682
      vertex -0.00499900244176 -0.0641596987844 0.102591529489
    endloop
  endfacet
  facet normal -1 0 0
    outer loop
      vertex -0.00499900244176 -0.0641596987844 0.102591529489
      vertex -0.00499900244176 -0.0644834041595 0.100132696331
      vertex -0.00499900244176 -0.119998991489 0.149998828769
    endloop
  endfacet
  facet normal -1 0 0
    outer loop
      vertex -0.00499900244176 -0.119998991489 0.149998828769
      vertex -0.00499900244176 -0.0644834041595 0.100132696331
      vertex -0.00499900244176 -0.0641596987844 0.0976739376783
    endloop
  endfacet
  facet normal -1 -0 0
    outer loop
      vertex -0.00499900244176 -0.119998991489 0.149998828769
      vertex -0.00499900244176 -0.0641596987844 0.0976739376783
      vertex -0.00499900244176 -0.119998991489 0.00500097265467
    endloop
  endfacet
  facet normal -1 0 0
    outer loop
      vertex -0.00499900244176 -0.00499899499118 0.00500097265467
      vertex -0.00499900244176 -0.0458071045578 0.0976739376783
      vertex -0.00499900244176 -0.00499899499118 0.149998828769
    endloop
  endfacet
  facet normal 0.991445362568 0.130522593856 0
    outer loop
      vertex -0.0591338612139 -0.00499899499118 0.84417617321
      vertex -0.0591338612139 1.00004569958e-06 0.84417617321
      vertex -0.0594575591385 -0.00499899499118 0.846634984016
    endloop
  endfacet
  facet normal 0.991445362568 0.130522593856 0
    outer loop
      vertex -0.0594575591385 -0.00499899499118 0.846634984016
      vertex -0.0591338612139 1.00004569958e-06 0.84417617321
      vertex -0.0594575591385 1.00004569958e-06 0.846634984016
    endloop
  endfacet
  facet normal 0.991445064545 -0.130524456501 0
    outer loop
      vertex -0.0594575591385 -0.00499899499118 0.846634984016
      vertex -0.0594575591385 1.00004569958e-06 0.846634984016
      vertex -0.0591338612139 -0.00499899499118 0.849093735218
    endloop
  endfacet
  facet normal 0.991445064545 -0.130524456501 0
    outer loop
      vertex -0.0591338612139 -0.00499899499118 0.849093735218
      vertex -0.0594575591385 1.00004569958e-06 0.846634984016
      vertex -0.0591338612139 1.00004569958e-06 0.849093735218
    endloop
  endfacet
  facet normal 0.923881232738 -0.382679313421 0
    outer loop
      vertex -0.0591338612139 -0.00499899499118 0.849093735218
      vertex -0.0591338612139 1.00004569958e-06 0.849093735218
      vertex -0.0581848062575 -0.00499899499118 0.851384997368
    endloop
  endfacet
  facet normal 0.923881232738 -0.382679313421 0
    outer loop
      vertex -0.0581848062575 -0.00499899499118 0.851384997368
      vertex -0.0591338612139 1.00004569958e-06 0.849093735218
      vertex -0.0581848062575 1.00004569958e-06 0.851384997368
    endloop
  endfacet
  facet normal 0.793348073959 -0.608768284321 0
    outer loop
      vertex -0.0581848062575 -0.00499899499118 0.851384997368
      vertex -0.0581848062575 1.00004569958e-06 0.851384997368
      vertex -0.0566750727594 -0.00499899499118 0.853352487087
    endloop
  endfacet
  facet normal 0.793348073959 -0.608768284321 0
    outer loop
      vertex -0.0566750727594 -0.00499899499118 0.853352487087
      vertex -0.0581848062575 1.00004569958e-06 0.851384997368
      vertex -0.0566750727594 1.00004569958e-06 0.853352487087
    endloop
  endfacet
  facet normal 0.608762562275 -0.793352484703 0
    outer loop
      vertex -0.0566750727594 -0.00499899499118 0.853352487087
      vertex -0.0566750727594 1.00004569958e-06 0.853352487087
      vertex -0.0547075644135 -0.00499899499118 0.854862213135
    endloop
  endfacet
  facet normal 0.608762562275 -0.793352484703 0
    outer loop
      vertex -0.0547075644135 -0.00499899499118 0.854862213135
      vertex -0.0566750727594 1.00004569958e-06 0.853352487087
      vertex -0.0547075644135 1.00004569958e-06 0.854862213135
    endloop
  endfacet
  facet normal 0.382689297199 -0.923877120018 0
    outer loop
      vertex -0.0547075644135 -0.00499899499118 0.854862213135
      vertex -0.0547075644135 1.00004569958e-06 0.854862213135
      vertex -0.0524163432419 -0.00499899499118 0.855811297894
    endloop
  endfacet
  facet normal 0.382689297199 -0.923877120018 0
    outer loop
      vertex -0.0524163432419 -0.00499899499118 0.855811297894
      vertex -0.0547075644135 1.00004569958e-06 0.854862213135
      vertex -0.0524163432419 1.00004569958e-06 0.855811297894
    endloop
  endfacet
  facet normal 0.130505800247 -0.99144756794 0
    outer loop
      vertex -0.0524163432419 -0.00499899499118 0.855811297894
      vertex -0.0524163432419 1.00004569958e-06 0.855811297894
      vertex -0.049957562238 -0.00499899499118 0.856134951115
    endloop
  endfacet
  facet normal 0.130505800247 -0.99144756794 0
    outer loop
      vertex -0.049957562238 -0.00499899499118 0.856134951115
      vertex -0.0524163432419 1.00004569958e-06 0.855811297894
      vertex -0.049957562238 1.00004569958e-06 0.856134951115
    endloop
  endfacet
  facet normal -0.130505800247 -0.99144756794 -0
    outer loop
      vertex -0.049957562238 -0.00499899499118 0.856134951115
      vertex -0.049957562238 1.00004569958e-06 0.856134951115
      vertex -0.047498781234 -0.00499899499118 0.855811297894
    endloop
  endfacet
  facet normal -0.130505800247 -0.99144756794 -0
    outer loop
      vertex -0.047498781234 -0.00499899499118 0.855811297894
      vertex -0.049957562238 1.00004569958e-06 0.856134951115
      vertex -0.047498781234 1.00004569958e-06 0.855811297894
    endloop
  endfacet
  facet normal -0.382690578699 -0.923876583576 -0
    outer loop
      vertex -0.047498781234 -0.00499899499118 0.855811297894
      vertex -0.047498781234 1.00004569958e-06 0.855811297894
      vertex -0.045207567513 -0.00499899499118 0.854862213135
    endloop
  endfacet
  facet normal -0.382690578699 -0.923876583576 -0
    outer loop
      vertex -0.045207567513 -0.00499899499118 0.854862213135
      vertex -0.047498781234 1.00004569958e-06 0.855811297894
      vertex -0.045207567513 1.00004569958e-06 0.854862213135
    endloop
  endfacet
  facet normal -0.608760774136 -0.79335385561 -0
    outer loop
      vertex -0.045207567513 -0.00499899499118 0.854862213135
      vertex -0.045207567513 1.00004569958e-06 0.854862213135
      vertex -0.0432400479913 -0.00499899499118 0.853352487087
    endloop
  endfacet
  facet normal -0.608760774136 -0.79335385561 -0
    outer loop
      vertex -0.0432400479913 -0.00499899499118 0.853352487087
      vertex -0.045207567513 1.00004569958e-06 0.854862213135
      vertex -0.0432400479913 1.00004569958e-06 0.853352487087
    endloop
  endfacet
  facet normal -0.793348073959 -0.608768284321 -0
    outer loop
      vertex -0.0432400479913 -0.00499899499118 0.853352487087
      vertex -0.0432400479913 1.00004569958e-06 0.853352487087
      vertex -0.0417303144932 -0.00499899499118 0.851384997368
    endloop
  endfacet
  facet normal -0.793348073959 -0.608768284321 -0
    outer loop
      vertex -0.0417303144932 -0.00499899499118 0.851384997368
      vertex -0.0432400479913 1.00004569958e-06 0.853352487087
      vertex -0.0417303144932 1.00004569958e-06 0.851384997368
    endloop
  endfacet
  facet normal -0.923881232738 -0.382679313421 -0
    outer loop
      vertex -0.0417303144932 -0.00499899499118 0.851384997368
      vertex -0.0417303144932 1.00004569958e-06 0.851384997368
      vertex -0.0407812595367 -0.00499899499118 0.849093735218
    endloop
  endfacet
  facet normal -0.923881232738 -0.382679313421 -0
    outer loop
      vertex -0.0407812595367 -0.00499899499118 0.849093735218
      vertex -0.0417303144932 1.00004569958e-06 0.851384997368
      vertex -0.0407812595367 1.00004569958e-06 0.849093735218
    endloop
  endfacet
  facet normal -0.991445064545 -0.130524456501 -0
    outer loop
      vertex -0.0407812595367 -0.00499899499118 0.849093735218
      vertex -0.0407812595367 1.00004569958e-06 0.849093735218
      vertex -0.0404575616121 -0.00499899499118 0.846634984016
    endloop
  endfacet
  facet normal -0.991445064545 -0.130524456501 -0
    outer loop
      vertex -0.0404575616121 -0.00499899499118 0.846634984016
      vertex -0.0407812595367 1.00004569958e-06 0.849093735218
      vertex -0.0404575616121 1.00004569958e-06 0.846634984016
    endloop
  endfacet
  facet normal -0.991445362568 0.130522593856 0
    outer loop
      vertex -0.0404575616121 -0.00499899499118 0.846634984016
      vertex -0.0404575616121 1.00004569958e-06 0.846634984016
      vertex -0.0407812595367 -0.00499899499118 0.84417617321
    endloop
  endfacet
  facet normal -0.991445362568 0.130522593856 0
    outer loop
      vertex -0.0407812595367 -0.00499899499118 0.84417617321
      vertex -0.0404575616121 1.00004569958e-06 0.846634984016
      vertex -0.0407812595367 1.00004569958e-06 0.84417617321
    endloop
  endfacet
  facet normal -0.923879146576 0.382684409618 0
    outer loop
      vertex -0.0407812595367 -0.00499899499118 0.84417617321
      vertex -0.0407812595367 1.00004569958e-06 0.84417617321
      vertex -0.0417303144932 -0.00499899499118 0.841884970665
    endloop
  endfacet
  facet normal -0.923879146576 0.382684409618 0
    outer loop
      vertex -0.0417303144932 -0.00499899499118 0.841884970665
      vertex -0.0407812595367 1.00004569958e-06 0.84417617321
      vertex -0.0417303144932 1.00004569958e-06 0.841884970665
    endloop
  endfacet
  facet normal -0.793348073959 0.608768284321 0
    outer loop
      vertex -0.0417303144932 -0.00499899499118 0.841884970665
      vertex -0.0417303144932 1.00004569958e-06 0.841884970665
      vertex -0.0432400479913 -0.00499899499118 0.839917480946
    endloop
  endfacet
  facet normal -0.793348073959 0.608768284321 0
    outer loop
      vertex -0.0432400479913 -0.00499899499118 0.839917480946
      vertex -0.0417303144932 1.00004569958e-06 0.841884970665
      vertex -0.0432400479913 1.00004569958e-06 0.839917480946
    endloop
  endfacet
  facet normal -0.608760774136 0.79335385561 0
    outer loop
      vertex -0.0432400479913 -0.00499899499118 0.839917480946
      vertex -0.0432400479913 1.00004569958e-06 0.839917480946
      vertex -0.045207567513 -0.00499899499118 0.838407754898
    endloop
  endfacet
  facet normal -0.608760774136 0.79335385561 0
    outer loop
      vertex -0.045207567513 -0.00499899499118 0.838407754898
      vertex -0.0432400479913 1.00004569958e-06 0.839917480946
      vertex -0.045207567513 1.00004569958e-06 0.838407754898
    endloop
  endfacet
  facet normal -0.382690578699 0.923876583576 0
    outer loop
      vertex -0.045207567513 -0.00499899499118 0.838407754898
      vertex -0.045207567513 1.00004569958e-06 0.838407754898
      vertex -0.047498781234 -0.00499899499118 0.837458670139
    endloop
  endfacet
  facet normal -0.382690578699 0.923876583576 0
    outer loop
      vertex -0.047498781234 -0.00499899499118 0.837458670139
      vertex -0.045207567513 1.00004569958e-06 0.838407754898
      vertex -0.047498781234 1.00004569958e-06 0.837458670139
    endloop
  endfacet
  facet normal -0.130534157157 0.991443812847 0
    outer loop
      vertex -0.047498781234 -0.00499899499118 0.837458670139
      vertex -0.047498781234 1.00004569958e-06 0.837458670139
      vertex -0.049957562238 -0.00499899499118 0.837134957314
    endloop
  endfacet
  facet normal -0.130534157157 0.991443812847 0
    outer loop
      vertex -0.049957562238 -0.00499899499118 0.837134957314
      vertex -0.047498781234 1.00004569958e-06 0.837458670139
      vertex -0.049957562238 1.00004569958e-06 0.837134957314
    endloop
  endfacet
  facet normal 0.130534157157 0.991443812847 0
    outer loop
      vertex -0.049957562238 -0.00499899499118 0.837134957314
      vertex -0.049957562238 1.00004569958e-06 0.837134957314
      vertex -0.0524163432419 -0.00499899499118 0.837458670139
    endloop
  endfacet
  facet normal 0.130534157157 0.991443812847 0
    outer loop
      vertex -0.0524163432419 -0.00499899499118 0.837458670139
      vertex -0.049957562238 1.00004569958e-06 0.837134957314
      vertex -0.0524163432419 1.00004569958e-06 0.837458670139
    endloop
  endfacet
  facet normal 0.382689297199 0.923877120018 0
    outer loop
      vertex -0.0524163432419 -0.00499899499118 0.837458670139
      vertex -0.0524163432419 1.00004569958e-06 0.837458670139
      vertex -0.0547075644135 -0.00499899499118 0.838407754898
    endloop
  endfacet
  facet normal 0.382689297199 0.923877120018 0
    outer loop
      vertex -0.0547075644135 -0.00499899499118 0.838407754898
      vertex -0.0524163432419 1.00004569958e-06 0.837458670139
      vertex -0.0547075644135 1.00004569958e-06 0.838407754898
    endloop
  endfacet
  facet normal 0.608762562275 0.793352484703 0
    outer loop
      vertex -0.0547075644135 -0.00499899499118 0.838407754898
      vertex -0.0547075644135 1.00004569958e-06 0.838407754898
      vertex -0.0566750727594 -0.00499899499118 0.839917480946
    endloop
  endfacet
  facet normal 0.608762562275 0.793352484703 0
    outer loop
      vertex -0.0566750727594 -0.00499899499118 0.839917480946
      vertex -0.0547075644135 1.00004569958e-06 0.838407754898
      vertex -0.0566750727594 1.00004569958e-06 0.839917480946
    endloop
  endfacet
  facet normal 0.793348073959 0.608768284321 0
    outer loop
      vertex -0.0566750727594 -0.00499899499118 0.839917480946
      vertex -0.0566750727594 1.00004569958e-06 0.839917480946
      vertex -0.0581848062575 -0.00499899499118 0.841884970665
    endloop
  endfacet
  facet normal 0.793348073959 0.608768284321 0
    outer loop
      vertex -0.0581848062575 -0.00499899499118 0.841884970665
      vertex -0.0566750727594 1.00004569958e-06 0.839917480946
      vertex -0.0581848062575 1.00004569958e-06 0.841884970665
    endloop
  endfacet
  facet normal 0.923879146576 0.382684409618 0
    outer loop
      vertex -0.0581848062575 -0.00499899499118 0.841884970665
      vertex -0.0581848062575 1.00004569958e-06 0.841884970665
      vertex -0.0591338612139 -0.00499899499118 0.84417617321
    endloop
  endfacet
  facet normal 0.923879146576 0.382684409618 0
    outer loop
      vertex -0.0591338612139 -0.00499899499118 0.84417617321
      vertex -0.0581848062575 1.00004569958e-06 0.841884970665
      vertex -0.0591338612139 1.00004569958e-06 0.84417617321
    endloop
  endfacet
  facet normal -0 0.130528002977 0.991444647312
    outer loop
      vertex -0.00499900244176 -0.0458316728473 0.844175517559
      vertex 1.01047248791e-06 -0.0458316728473 0.844175517559
      vertex -0.00499900244176 -0.0455079674721 0.846634268761
    endloop
  endfacet
  facet normal -0 0.130528002977 0.991444647312
    outer loop
      vertex -0.00499900244176 -0.0455079674721 0.846634268761
      vertex 1.01047248791e-06 -0.0458316728473 0.844175517559
      vertex 1.01047248791e-06 -0.0455079674721 0.846634268761
    endloop
  endfacet
  facet normal 0 -0.130526140332 0.991444885731
    outer loop
      vertex -0.00499900244176 -0.0455079674721 0.846634268761
      vertex 1.01047248791e-06 -0.0455079674721 0.846634268761
      vertex -0.00499900244176 -0.0458316728473 0.849093079567
    endloop
  endfacet
  facet normal 0 -0.130526140332 0.991444885731
    outer loop
      vertex -0.00499900244176 -0.0458316728473 0.849093079567
      vertex 1.01047248791e-06 -0.0455079674721 0.846634268761
      vertex 1.01047248791e-06 -0.0458316728473 0.849093079567
    endloop
  endfacet
  facet normal 0 -0.382684409618 0.923879146576
    outer loop
      vertex -0.00499900244176 -0.0458316728473 0.849093079567
      vertex 1.01047248791e-06 -0.0458316728473 0.849093079567
      vertex -0.00499900244176 -0.0467807278037 0.851384282112
    endloop
  endfacet
  facet normal 0 -0.382684409618 0.923879146576
    outer loop
      vertex -0.00499900244176 -0.0467807278037 0.851384282112
      vertex 1.01047248791e-06 -0.0458316728473 0.849093079567
      vertex 1.01047248791e-06 -0.0467807278037 0.851384282112
    endloop
  endfacet
  facet normal 0 -0.608766019344 0.793349802494
    outer loop
      vertex -0.00499900244176 -0.0467807278037 0.851384282112
      vertex 1.01047248791e-06 -0.0467807278037 0.851384282112
      vertex -0.00499900244176 -0.0482904538512 0.853351771832
    endloop
  endfacet
  facet normal 0 -0.608766019344 0.793349802494
    outer loop
      vertex -0.00499900244176 -0.0482904538512 0.853351771832
      vertex 1.01047248791e-06 -0.0467807278037 0.851384282112
      vertex 1.01047248791e-06 -0.0482904538512 0.853351771832
    endloop
  endfacet
  facet normal 0 -0.793352484703 0.608762562275
    outer loop
      vertex -0.00499900244176 -0.0482904538512 0.853351771832
      vertex 1.01047248791e-06 -0.0482904538512 0.853351771832
      vertex -0.00499900244176 -0.0502579621971 0.854861497879
    endloop
  endfacet
  facet normal 0 -0.793352484703 0.608762562275
    outer loop
      vertex -0.00499900244176 -0.0502579621971 0.854861497879
      vertex 1.01047248791e-06 -0.0482904538512 0.853351771832
      vertex 1.01047248791e-06 -0.0502579621971 0.854861497879
    endloop
  endfacet
  facet normal 0 -0.923877120018 0.382689297199
    outer loop
      vertex -0.00499900244176 -0.0502579621971 0.854861497879
      vertex 1.01047248791e-06 -0.0502579621971 0.854861497879
      vertex -0.00499900244176 -0.0525491833687 0.855810582638
    endloop
  endfacet
  facet normal 0 -0.923877120018 0.382689297199
    outer loop
      vertex -0.00499900244176 -0.0525491833687 0.855810582638
      vertex 1.01047248791e-06 -0.0502579621971 0.854861497879
      vertex 1.01047248791e-06 -0.0525491833687 0.855810582638
    endloop
  endfacet
  facet normal 0 -0.991443812847 0.130534157157
    outer loop
      vertex -0.00499900244176 -0.0525491833687 0.855810582638
      vertex 1.01047248791e-06 -0.0525491833687 0.855810582638
      vertex -0.00499900244176 -0.0550079643726 0.856134295464
    endloop
  endfacet
  facet normal 0 -0.991443812847 0.130534157157
    outer loop
      vertex -0.00499900244176 -0.0550079643726 0.856134295464
      vertex 1.01047248791e-06 -0.0525491833687 0.855810582638
      vertex 1.01047248791e-06 -0.0550079643726 0.856134295464
    endloop
  endfacet
  facet normal 0 -0.991443812847 -0.130534157157
    outer loop
      vertex -0.00499900244176 -0.0550079643726 0.856134295464
      vertex 1.01047248791e-06 -0.0550079643726 0.856134295464
      vertex -0.00499900244176 -0.0574667453766 0.855810582638
    endloop
  endfacet
  facet normal 0 -0.991443812847 -0.130534157157
    outer loop
      vertex -0.00499900244176 -0.0574667453766 0.855810582638
      vertex 1.01047248791e-06 -0.0550079643726 0.856134295464
      vertex 1.01047248791e-06 -0.0574667453766 0.855810582638
    endloop
  endfacet
  facet normal 0 -0.923877120018 -0.382689297199
    outer loop
      vertex -0.00499900244176 -0.0574667453766 0.855810582638
      vertex 1.01047248791e-06 -0.0574667453766 0.855810582638
      vertex -0.00499900244176 -0.0597579702735 0.854861497879
    endloop
  endfacet
  facet normal 0 -0.923877120018 -0.382689297199
    outer loop
      vertex -0.00499900244176 -0.0597579702735 0.854861497879
      vertex 1.01047248791e-06 -0.0574667453766 0.855810582638
      vertex 1.01047248791e-06 -0.0597579702735 0.854861497879
    endloop
  endfacet
  facet normal 0 -0.793352484703 -0.608762562275
    outer loop
      vertex -0.00499900244176 -0.0597579702735 0.854861497879
      vertex 1.01047248791e-06 -0.0597579702735 0.854861497879
      vertex -0.00499900244176 -0.0617254786193 0.853351771832
    endloop
  endfacet
  facet normal 0 -0.793352484703 -0.608762562275
    outer loop
      vertex -0.00499900244176 -0.0617254786193 0.853351771832
      vertex 1.01047248791e-06 -0.0597579702735 0.854861497879
      vertex 1.01047248791e-06 -0.0617254786193 0.853351771832
    endloop
  endfacet
  facet normal 0 -0.608768284321 -0.793348073959
    outer loop
      vertex -0.00499900244176 -0.0617254786193 0.853351771832
      vertex 1.01047248791e-06 -0.0617254786193 0.853351771832
      vertex -0.00499900244176 -0.0632352083921 0.851384282112
    endloop
  endfacet
  facet normal 0 -0.608768284321 -0.793348073959
    outer loop
      vertex -0.00499900244176 -0.0632352083921 0.851384282112
      vertex 1.01047248791e-06 -0.0617254786193 0.853351771832
      vertex 1.01047248791e-06 -0.0632352083921 0.851384282112
    endloop
  endfacet
  facet normal 0 -0.382681339979 -0.923880398273
    outer loop
      vertex -0.00499900244176 -0.0632352083921 0.851384282112
      vertex 1.01047248791e-06 -0.0632352083921 0.851384282112
      vertex -0.00499900244176 -0.064184255898 0.849093079567
    endloop
  endfacet
  facet normal 0 -0.382681339979 -0.923880398273
    outer loop
      vertex -0.00499900244176 -0.064184255898 0.849093079567
      vertex 1.01047248791e-06 -0.0632352083921 0.851384282112
      vertex 1.01047248791e-06 -0.064184255898 0.849093079567
    endloop
  endfacet
  facet normal 0 -0.130526140332 -0.991444885731
    outer loop
      vertex -0.00499900244176 -0.064184255898 0.849093079567
      vertex 1.01047248791e-06 -0.064184255898 0.849093079567
      vertex -0.00499900244176 -0.0645079612732 0.846634268761
    endloop
  endfacet
  facet normal 0 -0.130526140332 -0.991444885731
    outer loop
      vertex -0.00499900244176 -0.0645079612732 0.846634268761
      vertex 1.01047248791e-06 -0.064184255898 0.849093079567
      vertex 1.01047248791e-06 -0.0645079612732 0.846634268761
    endloop
  endfacet
  facet normal 0 0.130528002977 -0.991444647312
    outer loop
      vertex -0.00499900244176 -0.0645079612732 0.846634268761
      vertex 1.01047248791e-06 -0.0645079612732 0.846634268761
      vertex -0.00499900244176 -0.064184255898 0.844175517559
    endloop
  endfacet
  facet normal 0 0.130528002977 -0.991444647312
    outer loop
      vertex -0.00499900244176 -0.064184255898 0.844175517559
      vertex 1.01047248791e-06 -0.0645079612732 0.846634268761
      vertex 1.01047248791e-06 -0.064184255898 0.844175517559
    endloop
  endfacet
  facet normal 0 0.382676243782 -0.923882484436
    outer loop
      vertex -0.00499900244176 -0.064184255898 0.844175517559
      vertex 1.01047248791e-06 -0.064184255898 0.844175517559
      vertex -0.00499900244176 -0.0632352083921 0.841884255409
    endloop
  endfacet
  facet normal 0 0.382676243782 -0.923882484436
    outer loop
      vertex -0.00499900244176 -0.0632352083921 0.841884255409
      vertex 1.01047248791e-06 -0.064184255898 0.844175517559
      vertex 1.01047248791e-06 -0.0632352083921 0.841884255409
    endloop
  endfacet
  facet normal 0 0.608768284321 -0.793348073959
    outer loop
      vertex -0.00499900244176 -0.0632352083921 0.841884255409
      vertex 1.01047248791e-06 -0.0632352083921 0.841884255409
      vertex -0.00499900244176 -0.0617254786193 0.83991676569
    endloop
  endfacet
  facet normal 0 0.608768284321 -0.793348073959
    outer loop
      vertex -0.00499900244176 -0.0617254786193 0.83991676569
      vertex 1.01047248791e-06 -0.0632352083921 0.841884255409
      vertex 1.01047248791e-06 -0.0617254786193 0.83991676569
    endloop
  endfacet
  facet normal 0 0.793352484703 -0.608762562275
    outer loop
      vertex -0.00499900244176 -0.0617254786193 0.83991676569
      vertex 1.01047248791e-06 -0.0617254786193 0.83991676569
      vertex -0.00499900244176 -0.0597579702735 0.838407039642
    endloop
  endfacet
  facet normal 0 0.793352484703 -0.608762562275
    outer loop
      vertex -0.00499900244176 -0.0597579702735 0.838407039642
      vertex 1.01047248791e-06 -0.0617254786193 0.83991676569
      vertex 1.01047248791e-06 -0.0597579702735 0.838407039642
    endloop
  endfacet
  facet normal 0 0.923882186413 -0.38267698884
    outer loop
      vertex -0.00499900244176 -0.0597579702735 0.838407039642
      vertex 1.01047248791e-06 -0.0597579702735 0.838407039642
      vertex -0.00499900244176 -0.0574667453766 0.837458014488
    endloop
  endfacet
  facet normal 0 0.923882186413 -0.38267698884
    outer loop
      vertex -0.00499900244176 -0.0574667453766 0.837458014488
      vertex 1.01047248791e-06 -0.0597579702735 0.838407039642
      vertex 1.01047248791e-06 -0.0574667453766 0.837458014488
    endloop
  endfacet
  facet normal 0 0.991445660591 -0.130519986153
    outer loop
      vertex -0.00499900244176 -0.0574667453766 0.837458014488
      vertex 1.01047248791e-06 -0.0574667453766 0.837458014488
      vertex -0.00499900244176 -0.0550079643726 0.837134301662
    endloop
  endfacet
  facet normal 0 0.991445660591 -0.130519986153
    outer loop
      vertex -0.00499900244176 -0.0550079643726 0.837134301662
      vertex 1.01047248791e-06 -0.0574667453766 0.837458014488
      vertex 1.01047248791e-06 -0.0550079643726 0.837134301662
    endloop
  endfacet
  facet normal -0 0.991445660591 0.130519986153
    outer loop
      vertex -0.00499900244176 -0.0550079643726 0.837134301662
      vertex 1.01047248791e-06 -0.0550079643726 0.837134301662
      vertex -0.00499900244176 -0.0525491833687 0.837458014488
    endloop
  endfacet
  facet normal -0 0.991445660591 0.130519986153
    outer loop
      vertex -0.00499900244176 -0.0525491833687 0.837458014488
      vertex 1.01047248791e-06 -0.0550079643726 0.837134301662
      vertex 1.01047248791e-06 -0.0525491833687 0.837458014488
    endloop
  endfacet
  facet normal -0 0.923882186413 0.38267698884
    outer loop
      vertex -0.00499900244176 -0.0525491833687 0.837458014488
      vertex 1.01047248791e-06 -0.0525491833687 0.837458014488
      vertex -0.00499900244176 -0.0502579621971 0.838407039642
    endloop
  endfacet
  facet normal -0 0.923882186413 0.38267698884
    outer loop
      vertex -0.00499900244176 -0.0502579621971 0.838407039642
      vertex 1.01047248791e-06 -0.0525491833687 0.837458014488
      vertex 1.01047248791e-06 -0.0502579621971 0.838407039642
    endloop
  endfacet
  facet normal -0 0.793352484703 0.608762562275
    outer loop
      vertex -0.00499900244176 -0.0502579621971 0.838407039642
      vertex 1.01047248791e-06 -0.0502579621971 0.838407039642
      vertex -0.00499900244176 -0.0482904538512 0.83991676569
    endloop
  endfacet
  facet normal -0 0.793352484703 0.608762562275
    outer loop
      vertex -0.00499900244176 -0.0482904538512 0.83991676569
      vertex 1.01047248791e-06 -0.0502579621971 0.838407039642
      vertex 1.01047248791e-06 -0.0482904538512 0.83991676569
    endloop
  endfacet
  facet normal -0 0.608766019344 0.793349802494
    outer loop
      vertex -0.00499900244176 -0.0482904538512 0.83991676569
      vertex 1.01047248791e-06 -0.0482904538512 0.83991676569
      vertex -0.00499900244176 -0.0467807278037 0.841884255409
    endloop
  endfacet
  facet normal -0 0.608766019344 0.793349802494
    outer loop
      vertex -0.00499900244176 -0.0467807278037 0.841884255409
      vertex 1.01047248791e-06 -0.0482904538512 0.83991676569
      vertex 1.01047248791e-06 -0.0467807278037 0.841884255409
    endloop
  endfacet
  facet normal -0 0.382679313421 0.923881232738
    outer loop
      vertex -0.00499900244176 -0.0467807278037 0.841884255409
      vertex 1.01047248791e-06 -0.0467807278037 0.841884255409
      vertex -0.00499900244176 -0.0458316728473 0.844175517559
    endloop
  endfacet
  facet normal -0 0.382679313421 0.923881232738
    outer loop
      vertex -0.00499900244176 -0.0458316728473 0.844175517559
      vertex 1.01047248791e-06 -0.0467807278037 0.841884255409
      vertex 1.01047248791e-06 -0.0458316728473 0.844175517559
    endloop
  endfacet
  facet normal 0.991445600986 0.13052071631 0
    outer loop
      vertex -0.0591338612139 -0.00499899499118 0.0476746298373
      vertex -0.0591338612139 1.00004569958e-06 0.0476746298373
      vertex -0.0594575591385 -0.00499899499118 0.0501334629953
    endloop
  endfacet
  facet normal 0.991445600986 0.13052071631 0
    outer loop
      vertex -0.0594575591385 -0.00499899499118 0.0501334629953
      vertex -0.0591338612139 1.00004569958e-06 0.0476746298373
      vertex -0.0594575591385 1.00004569958e-06 0.0501334629953
    endloop
  endfacet
  facet normal 0.991445064545 -0.130524456501 0
    outer loop
      vertex -0.0594575591385 -0.00499899499118 0.0501334629953
      vertex -0.0594575591385 1.00004569958e-06 0.0501334629953
      vertex -0.0591338612139 -0.00499899499118 0.0525922253728
    endloop
  endfacet
  facet normal 0.991445064545 -0.130524456501 0
    outer loop
      vertex -0.0591338612139 -0.00499899499118 0.0525922253728
      vertex -0.0594575591385 1.00004569958e-06 0.0501334629953
      vertex -0.0591338612139 1.00004569958e-06 0.0525922253728
    endloop
  endfacet
  facet normal 0.923877000809 -0.382689505816 0
    outer loop
      vertex -0.0591338612139 -0.00499899499118 0.0525922253728
      vertex -0.0591338612139 1.00004569958e-06 0.0525922253728
      vertex -0.0581848062575 -0.00499899499118 0.0548834055662
    endloop
  endfacet
  facet normal 0.923877000809 -0.382689505816 0
    outer loop
      vertex -0.0581848062575 -0.00499899499118 0.0548834055662
      vertex -0.0591338612139 1.00004569958e-06 0.0525922253728
      vertex -0.0581848062575 1.00004569958e-06 0.0548834055662
    endloop
  endfacet
  facet normal 0.793353438377 -0.608761310577 0
    outer loop
      vertex -0.0581848062575 -0.00499899499118 0.0548834055662
      vertex -0.0581848062575 1.00004569958e-06 0.0548834055662
      vertex -0.0566750727594 -0.00499899499118 0.0568509325385
    endloop
  endfacet
  facet normal 0.793353438377 -0.608761310577 0
    outer loop
      vertex -0.0566750727594 -0.00499899499118 0.0568509325385
      vertex -0.0581848062575 1.00004569958e-06 0.0548834055662
      vertex -0.0566750727594 1.00004569958e-06 0.0568509325385
    endloop
  endfacet
  facet normal 0.608771622181 -0.79334551096 0
    outer loop
      vertex -0.0566750727594 -0.00499899499118 0.0568509325385
      vertex -0.0566750727594 1.00004569958e-06 0.0568509325385
      vertex -0.0547075644135 -0.00499899499118 0.0583606921136
    endloop
  endfacet
  facet normal 0.608771622181 -0.79334551096 0
    outer loop
      vertex -0.0547075644135 -0.00499899499118 0.0583606921136
      vertex -0.0566750727594 1.00004569958e-06 0.0568509325385
      vertex -0.0547075644135 1.00004569958e-06 0.0583606921136
    endloop
  endfacet
  facet normal 0.382689297199 -0.923877120018 0
    outer loop
      vertex -0.0547075644135 -0.00499899499118 0.0583606921136
      vertex -0.0547075644135 1.00004569958e-06 0.0583606921136
      vertex -0.0524163432419 -0.00499899499118 0.0593097656965
    endloop
  endfacet
  facet normal 0.382689297199 -0.923877120018 0
    outer loop
      vertex -0.0524163432419 -0.00499899499118 0.0593097656965
      vertex -0.0547075644135 1.00004569958e-06 0.0583606921136
      vertex -0.0524163432419 1.00004569958e-06 0.0593097656965
    endloop
  endfacet
  facet normal 0.130505800247 -0.99144756794 0
    outer loop
      vertex -0.0524163432419 -0.00499899499118 0.0593097656965
      vertex -0.0524163432419 1.00004569958e-06 0.0593097656965
      vertex -0.049957562238 -0.00499899499118 0.0596334189177
    endloop
  endfacet
  facet normal 0.130505800247 -0.99144756794 0
    outer loop
      vertex -0.049957562238 -0.00499899499118 0.0596334189177
      vertex -0.0524163432419 1.00004569958e-06 0.0593097656965
      vertex -0.049957562238 1.00004569958e-06 0.0596334189177
    endloop
  endfacet
  facet normal -0.130505800247 -0.99144756794 -0
    outer loop
      vertex -0.049957562238 -0.00499899499118 0.0596334189177
      vertex -0.049957562238 1.00004569958e-06 0.0596334189177
      vertex -0.047498781234 -0.00499899499118 0.0593097656965
    endloop
  endfacet
  facet normal -0.130505800247 -0.99144756794 -0
    outer loop
      vertex -0.047498781234 -0.00499899499118 0.0593097656965
      vertex -0.049957562238 1.00004569958e-06 0.0596334189177
      vertex -0.047498781234 1.00004569958e-06 0.0593097656965
    endloop
  endfacet
  facet normal -0.382690578699 -0.923876583576 -0
    outer loop
      vertex -0.047498781234 -0.00499899499118 0.0593097656965
      vertex -0.047498781234 1.00004569958e-06 0.0593097656965
      vertex -0.045207567513 -0.00499899499118 0.0583606921136
    endloop
  endfacet
  facet normal -0.382690578699 -0.923876583576 -0
    outer loop
      vertex -0.045207567513 -0.00499899499118 0.0583606921136
      vertex -0.047498781234 1.00004569958e-06 0.0593097656965
      vertex -0.045207567513 1.00004569958e-06 0.0583606921136
    endloop
  endfacet
  facet normal -0.608769893646 -0.793346881866 -0
    outer loop
      vertex -0.045207567513 -0.00499899499118 0.0583606921136
      vertex -0.045207567513 1.00004569958e-06 0.0583606921136
      vertex -0.0432400479913 -0.00499899499118 0.0568509325385
    endloop
  endfacet
  facet normal -0.608769893646 -0.793346881866 -0
    outer loop
      vertex -0.0432400479913 -0.00499899499118 0.0568509325385
      vertex -0.045207567513 1.00004569958e-06 0.0583606921136
      vertex -0.0432400479913 1.00004569958e-06 0.0568509325385
    endloop
  endfacet
  facet normal -0.793353438377 -0.608761310577 -0
    outer loop
      vertex -0.0432400479913 -0.00499899499118 0.0568509325385
      vertex -0.0432400479913 1.00004569958e-06 0.0568509325385
      vertex -0.0417303144932 -0.00499899499118 0.0548834055662
    endloop
  endfacet
  facet normal -0.793353438377 -0.608761310577 -0
    outer loop
      vertex -0.0417303144932 -0.00499899499118 0.0548834055662
      vertex -0.0432400479913 1.00004569958e-06 0.0568509325385
      vertex -0.0417303144932 1.00004569958e-06 0.0548834055662
    endloop
  endfacet
  facet normal -0.923877000809 -0.382689505816 -0
    outer loop
      vertex -0.0417303144932 -0.00499899499118 0.0548834055662
      vertex -0.0417303144932 1.00004569958e-06 0.0548834055662
      vertex -0.0407812595367 -0.00499899499118 0.0525922253728
    endloop
  endfacet
  facet normal -0.923877000809 -0.382689505816 -0
    outer loop
      vertex -0.0407812595367 -0.00499899499118 0.0525922253728
      vertex -0.0417303144932 1.00004569958e-06 0.0548834055662
      vertex -0.0407812595367 1.00004569958e-06 0.0525922253728
    endloop
  endfacet
  facet normal -0.991445064545 -0.130524456501 -0
    outer loop
      vertex -0.0407812595367 -0.00499899499118 0.0525922253728
      vertex -0.0407812595367 1.00004569958e-06 0.0525922253728
      vertex -0.0404575616121 -0.00499899499118 0.0501334629953
    endloop
  endfacet
  facet normal -0.991445064545 -0.130524456501 -0
    outer loop
      vertex -0.0404575616121 -0.00499899499118 0.0501334629953
      vertex -0.0407812595367 1.00004569958e-06 0.0525922253728
      vertex -0.0404575616121 1.00004569958e-06 0.0501334629953
    endloop
  endfacet
  facet normal -0.991445600986 0.13052071631 0
    outer loop
      vertex -0.0404575616121 -0.00499899499118 0.0501334629953
      vertex -0.0404575616121 1.00004569958e-06 0.0501334629953
      vertex -0.0407812595367 -0.00499899499118 0.0476746298373
    endloop
  endfacet
  facet normal -0.991445600986 0.13052071631 0
    outer loop
      vertex -0.0407812595367 -0.00499899499118 0.0476746298373
      vertex -0.0404575616121 1.00004569958e-06 0.0501334629953
      vertex -0.0407812595367 1.00004569958e-06 0.0476746298373
    endloop
  endfacet
  facet normal -0.923877000809 0.382689505816 0
    outer loop
      vertex -0.0407812595367 -0.00499899499118 0.0476746298373
      vertex -0.0407812595367 1.00004569958e-06 0.0476746298373
      vertex -0.0417303144932 -0.00499899499118 0.0453834496439
    endloop
  endfacet
  facet normal -0.923877000809 0.382689505816 0
    outer loop
      vertex -0.0417303144932 -0.00499899499118 0.0453834496439
      vertex -0.0407812595367 1.00004569958e-06 0.0476746298373
      vertex -0.0417303144932 1.00004569958e-06 0.0453834496439
    endloop
  endfacet
  facet normal -0.793353438377 0.608761310577 0
    outer loop
      vertex -0.0417303144932 -0.00499899499118 0.0453834496439
      vertex -0.0417303144932 1.00004569958e-06 0.0453834496439
      vertex -0.0432400479913 -0.00499899499118 0.0434159263968
    endloop
  endfacet
  facet normal -0.793353438377 0.608761310577 0
    outer loop
      vertex -0.0432400479913 -0.00499899499118 0.0434159263968
      vertex -0.0417303144932 1.00004569958e-06 0.0453834496439
      vertex -0.0432400479913 1.00004569958e-06 0.0434159263968
    endloop
  endfacet
  facet normal -0.608769893646 0.793346881866 0
    outer loop
      vertex -0.0432400479913 -0.00499899499118 0.0434159263968
      vertex -0.0432400479913 1.00004569958e-06 0.0434159263968
      vertex -0.045207567513 -0.00499899499118 0.0419061630964
    endloop
  endfacet
  facet normal -0.608769893646 0.793346881866 0
    outer loop
      vertex -0.045207567513 -0.00499899499118 0.0419061630964
      vertex -0.0432400479913 1.00004569958e-06 0.0434159263968
      vertex -0.045207567513 1.00004569958e-06 0.0419061630964
    endloop
  endfacet
  facet normal -0.382665961981 0.92388677597 0
    outer loop
      vertex -0.045207567513 -0.00499899499118 0.0419061630964
      vertex -0.045207567513 1.00004569958e-06 0.0419061630964
      vertex -0.047498781234 -0.00499899499118 0.0409571640193
    endloop
  endfacet
  facet normal -0.382665961981 0.92388677597 0
    outer loop
      vertex -0.047498781234 -0.00499899499118 0.0409571640193
      vertex -0.045207567513 1.00004569958e-06 0.0419061630964
      vertex -0.047498781234 1.00004569958e-06 0.0409571640193
    endloop
  endfacet
  facet normal -0.130534157157 0.991443812847 0
    outer loop
      vertex -0.047498781234 -0.00499899499118 0.0409571640193
      vertex -0.047498781234 1.00004569958e-06 0.0409571640193
      vertex -0.049957562238 -0.00499899499118 0.0406334362924
    endloop
  endfacet
  facet normal -0.130534157157 0.991443812847 0
    outer loop
      vertex -0.049957562238 -0.00499899499118 0.0406334362924
      vertex -0.047498781234 1.00004569958e-06 0.0409571640193
      vertex -0.049957562238 1.00004569958e-06 0.0406334362924
    endloop
  endfacet
  facet normal 0.130534157157 0.991443812847 0
    outer loop
      vertex -0.049957562238 -0.00499899499118 0.0406334362924
      vertex -0.049957562238 1.00004569958e-06 0.0406334362924
      vertex -0.0524163432419 -0.00499899499118 0.0409571640193
    endloop
  endfacet
  facet normal 0.130534157157 0.991443812847 0
    outer loop
      vertex -0.0524163432419 -0.00499899499118 0.0409571640193
      vertex -0.049957562238 1.00004569958e-06 0.0406334362924
      vertex -0.0524163432419 1.00004569958e-06 0.0409571640193
    endloop
  endfacet
  facet normal 0.382664680481 0.923887312412 0
    outer loop
      vertex -0.0524163432419 -0.00499899499118 0.0409571640193
      vertex -0.0524163432419 1.00004569958e-06 0.0409571640193
      vertex -0.0547075644135 -0.00499899499118 0.0419061630964
    endloop
  endfacet
  facet normal 0.382664680481 0.923887312412 0
    outer loop
      vertex -0.0547075644135 -0.00499899499118 0.0419061630964
      vertex -0.0524163432419 1.00004569958e-06 0.0409571640193
      vertex -0.0547075644135 1.00004569958e-06 0.0419061630964
    endloop
  endfacet
  facet normal 0.608771622181 0.79334551096 0
    outer loop
      vertex -0.0547075644135 -0.00499899499118 0.0419061630964
      vertex -0.0547075644135 1.00004569958e-06 0.0419061630964
      vertex -0.0566750727594 -0.00499899499118 0.0434159263968
    endloop
  endfacet
  facet normal 0.608771622181 0.79334551096 0
    outer loop
      vertex -0.0566750727594 -0.00499899499118 0.0434159263968
      vertex -0.0547075644135 1.00004569958e-06 0.0419061630964
      vertex -0.0566750727594 1.00004569958e-06 0.0434159263968
    endloop
  endfacet
  facet normal 0.793353438377 0.608761310577 0
    outer loop
      vertex -0.0566750727594 -0.00499899499118 0.0434159263968
      vertex -0.0566750727594 1.00004569958e-06 0.0434159263968
      vertex -0.0581848062575 -0.00499899499118 0.0453834496439
    endloop
  endfacet
  facet normal 0.793353438377 0.608761310577 0
    outer loop
      vertex -0.0581848062575 -0.00499899499118 0.0453834496439
      vertex -0.0566750727594 1.00004569958e-06 0.0434159263968
      vertex -0.0581848062575 1.00004569958e-06 0.0453834496439
    endloop
  endfacet
  facet normal 0.923877000809 0.382689505816 0
    outer loop
      vertex -0.0581848062575 -0.00499899499118 0.0453834496439
      vertex -0.0581848062575 1.00004569958e-06 0.0453834496439
      vertex -0.0591338612139 -0.00499899499118 0.0476746298373
    endloop
  endfacet
  facet normal 0.923877000809 0.382689505816 0
    outer loop
      vertex -0.0591338612139 -0.00499899499118 0.0476746298373
      vertex -0.0581848062575 1.00004569958e-06 0.0453834496439
      vertex -0.0591338612139 1.00004569958e-06 0.0476746298373
    endloop
  endfacet
  facet normal -0 0.130528002977 0.991444647312
    outer loop
      vertex -0.00499900244176 -0.0458316728473 0.0476739853621
      vertex 1.01047248791e-06 -0.0458316728473 0.0476739853621
      vertex -0.00499900244176 -0.0455079674721 0.0501327477396
    endloop
  endfacet
  facet normal -0 0.130528002977 0.991444647312
    outer loop
      vertex -0.00499900244176 -0.0455079674721 0.0501327477396
      vertex 1.01047248791e-06 -0.0458316728473 0.0476739853621
      vertex 1.01047248791e-06 -0.0455079674721 0.0501327477396
    endloop
  endfacet
  facet normal 0 -0.130528002977 0.991444647312
    outer loop
      vertex -0.00499900244176 -0.0455079674721 0.0501327477396
      vertex 1.01047248791e-06 -0.0455079674721 0.0501327477396
      vertex -0.00499900244176 -0.0458316728473 0.0525915101171
    endloop
  endfacet
  facet normal 0 -0.130528002977 0.991444647312
    outer loop
      vertex -0.00499900244176 -0.0458316728473 0.0525915101171
      vertex 1.01047248791e-06 -0.0455079674721 0.0501327477396
      vertex 1.01047248791e-06 -0.0458316728473 0.0525915101171
    endloop
  endfacet
  facet normal 0 -0.382679313421 0.923881232738
    outer loop
      vertex -0.00499900244176 -0.0458316728473 0.0525915101171
      vertex 1.01047248791e-06 -0.0458316728473 0.0525915101171
      vertex -0.00499900244176 -0.0467807278037 0.054882761091
    endloop
  endfacet
  facet normal 0 -0.382679313421 0.923881232738
    outer loop
      vertex -0.00499900244176 -0.0467807278037 0.054882761091
      vertex 1.01047248791e-06 -0.0458316728473 0.0525915101171
      vertex 1.01047248791e-06 -0.0467807278037 0.054882761091
    endloop
  endfacet
  facet normal 0 -0.608772993088 0.793344497681
    outer loop
      vertex -0.00499900244176 -0.0467807278037 0.054882761091
      vertex 1.01047248791e-06 -0.0467807278037 0.054882761091
      vertex -0.00499900244176 -0.0482904538512 0.0568502172828
    endloop
  endfacet
  facet normal 0 -0.608772993088 0.793344497681
    outer loop
      vertex -0.00499900244176 -0.0482904538512 0.0568502172828
      vertex 1.01047248791e-06 -0.0467807278037 0.054882761091
      vertex 1.01047248791e-06 -0.0482904538512 0.0568502172828
    endloop
  endfacet
  facet normal 0 -0.79334551096 0.608771622181
    outer loop
      vertex -0.00499900244176 -0.0482904538512 0.0568502172828
      vertex 1.01047248791e-06 -0.0482904538512 0.0568502172828
      vertex -0.00499900244176 -0.0502579621971 0.0583599768579
    endloop
  endfacet
  facet normal 0 -0.79334551096 0.608771622181
    outer loop
      vertex -0.00499900244176 -0.0502579621971 0.0583599768579
      vertex 1.01047248791e-06 -0.0482904538512 0.0568502172828
      vertex 1.01047248791e-06 -0.0502579621971 0.0583599768579
    endloop
  endfacet
  facet normal 0 -0.923877120018 0.382689297199
    outer loop
      vertex -0.00499900244176 -0.0502579621971 0.0583599768579
      vertex 1.01047248791e-06 -0.0502579621971 0.0583599768579
      vertex -0.00499900244176 -0.0525491833687 0.0593090504408
    endloop
  endfacet
  facet normal 0 -0.923877120018 0.382689297199
    outer loop
      vertex -0.00499900244176 -0.0525491833687 0.0593090504408
      vertex 1.01047248791e-06 -0.0502579621971 0.0583599768579
      vertex 1.01047248791e-06 -0.0525491833687 0.0593090504408
    endloop
  endfacet
  facet normal 0 -0.99144756794 0.130505800247
    outer loop
      vertex -0.00499900244176 -0.0525491833687 0.0593090504408
      vertex 1.01047248791e-06 -0.0525491833687 0.0593090504408
      vertex -0.00499900244176 -0.0550079643726 0.0596327036619
    endloop
  endfacet
  facet normal 0 -0.99144756794 0.130505800247
    outer loop
      vertex -0.00499900244176 -0.0550079643726 0.0596327036619
      vertex 1.01047248791e-06 -0.0525491833687 0.0593090504408
      vertex 1.01047248791e-06 -0.0550079643726 0.0596327036619
    endloop
  endfacet
  facet normal 0 -0.99144756794 -0.130505800247
    outer loop
      vertex -0.00499900244176 -0.0550079643726 0.0596327036619
      vertex 1.01047248791e-06 -0.0550079643726 0.0596327036619
      vertex -0.00499900244176 -0.0574667453766 0.0593090504408
    endloop
  endfacet
  facet normal 0 -0.99144756794 -0.130505800247
    outer loop
      vertex -0.00499900244176 -0.0574667453766 0.0593090504408
      vertex 1.01047248791e-06 -0.0550079643726 0.0596327036619
      vertex 1.01047248791e-06 -0.0574667453766 0.0593090504408
    endloop
  endfacet
  facet normal 0 -0.923877120018 -0.382689297199
    outer loop
      vertex -0.00499900244176 -0.0574667453766 0.0593090504408
      vertex 1.01047248791e-06 -0.0574667453766 0.0593090504408
      vertex -0.00499900244176 -0.0597579702735 0.0583599768579
    endloop
  endfacet
  facet normal 0 -0.923877120018 -0.382689297199
    outer loop
      vertex -0.00499900244176 -0.0597579702735 0.0583599768579
      vertex 1.01047248791e-06 -0.0574667453766 0.0593090504408
      vertex 1.01047248791e-06 -0.0597579702735 0.0583599768579
    endloop
  endfacet
  facet normal 0 -0.79334551096 -0.608771622181
    outer loop
      vertex -0.00499900244176 -0.0597579702735 0.0583599768579
      vertex 1.01047248791e-06 -0.0597579702735 0.0583599768579
      vertex -0.00499900244176 -0.0617254786193 0.0568502172828
    endloop
  endfacet
  facet normal 0 -0.79334551096 -0.608771622181
    outer loop
      vertex -0.00499900244176 -0.0617254786193 0.0568502172828
      vertex 1.01047248791e-06 -0.0597579702735 0.0583599768579
      vertex 1.01047248791e-06 -0.0617254786193 0.0568502172828
    endloop
  endfacet
  facet normal 0 -0.608775258064 -0.793342709541
    outer loop
      vertex -0.00499900244176 -0.0617254786193 0.0568502172828
      vertex 1.01047248791e-06 -0.0617254786193 0.0568502172828
      vertex -0.00499900244176 -0.0632352083921 0.054882761091
    endloop
  endfacet
  facet normal 0 -0.608775258064 -0.793342709541
    outer loop
      vertex -0.00499900244176 -0.0632352083921 0.054882761091
      vertex 1.01047248791e-06 -0.0617254786193 0.0568502172828
      vertex 1.01047248791e-06 -0.0632352083921 0.054882761091
    endloop
  endfacet
  facet normal 0 -0.382676243782 -0.923882484436
    outer loop
      vertex -0.00499900244176 -0.0632352083921 0.054882761091
      vertex 1.01047248791e-06 -0.0632352083921 0.054882761091
      vertex -0.00499900244176 -0.064184255898 0.0525915101171
    endloop
  endfacet
  facet normal 0 -0.382676243782 -0.923882484436
    outer loop
      vertex -0.00499900244176 -0.064184255898 0.0525915101171
      vertex 1.01047248791e-06 -0.0632352083921 0.054882761091
      vertex 1.01047248791e-06 -0.064184255898 0.0525915101171
    endloop
  endfacet
  facet normal 0 -0.130528002977 -0.991444647312
    outer loop
      vertex -0.00499900244176 -0.064184255898 0.0525915101171
      vertex 1.01047248791e-06 -0.064184255898 0.0525915101171
      vertex -0.00499900244176 -0.0645079612732 0.0501327477396
    endloop
  endfacet
  facet normal 0 -0.130528002977 -0.991444647312
    outer loop
      vertex -0.00499900244176 -0.0645079612732 0.0501327477396
      vertex 1.01047248791e-06 -0.064184255898 0.0525915101171
      vertex 1.01047248791e-06 -0.0645079612732 0.0501327477396
    endloop
  endfacet
  facet normal 0 0.130528002977 -0.991444647312
    outer loop
      vertex -0.00499900244176 -0.0645079612732 0.0501327477396
      vertex 1.01047248791e-06 -0.0645079612732 0.0501327477396
      vertex -0.00499900244176 -0.064184255898 0.0476739853621
    endloop
  endfacet
  facet normal 0 0.130528002977 -0.991444647312
    outer loop
      vertex -0.00499900244176 -0.064184255898 0.0476739853621
      vertex 1.01047248791e-06 -0.0645079612732 0.0501327477396
      vertex 1.01047248791e-06 -0.064184255898 0.0476739853621
    endloop
  endfacet
  facet normal 0 0.382676243782 -0.923882484436
    outer loop
      vertex -0.00499900244176 -0.064184255898 0.0476739853621
      vertex 1.01047248791e-06 -0.064184255898 0.0476739853621
      vertex -0.00499900244176 -0.0632352083921 0.0453827343881
    endloop
  endfacet
  facet normal 0 0.382676243782 -0.923882484436
    outer loop
      vertex -0.00499900244176 -0.0632352083921 0.0453827343881
      vertex 1.01047248791e-06 -0.064184255898 0.0476739853621
      vertex 1.01047248791e-06 -0.0632352083921 0.0453827343881
    endloop
  endfacet
  facet normal 0 0.608761310577 -0.793353438377
    outer loop
      vertex -0.00499900244176 -0.0632352083921 0.0453827343881
      vertex 1.01047248791e-06 -0.0632352083921 0.0453827343881
      vertex -0.00499900244176 -0.0617254786193 0.0434152111411
    endloop
  endfacet
  facet normal 0 0.608761310577 -0.793353438377
    outer loop
      vertex -0.00499900244176 -0.0617254786193 0.0434152111411
      vertex 1.01047248791e-06 -0.0632352083921 0.0453827343881
      vertex 1.01047248791e-06 -0.0617254786193 0.0434152111411
    endloop
  endfacet
  facet normal 0 0.793359458447 -0.608753442764
    outer loop
      vertex -0.00499900244176 -0.0617254786193 0.0434152111411
      vertex 1.01047248791e-06 -0.0617254786193 0.0434152111411
      vertex -0.00499900244176 -0.0597579702735 0.0419055186212
    endloop
  endfacet
  facet normal 0 0.793359458447 -0.608753442764
    outer loop
      vertex -0.00499900244176 -0.0597579702735 0.0419055186212
      vertex 1.01047248791e-06 -0.0617254786193 0.0434152111411
      vertex 1.01047248791e-06 -0.0597579702735 0.0419055186212
    endloop
  endfacet
  facet normal 0 0.923877120018 -0.382689297199
    outer loop
      vertex -0.00499900244176 -0.0597579702735 0.0419055186212
      vertex 1.01047248791e-06 -0.0597579702735 0.0419055186212
      vertex -0.00499900244176 -0.0574667453766 0.0409564487636
    endloop
  endfacet
  facet normal 0 0.923877120018 -0.382689297199
    outer loop
      vertex -0.00499900244176 -0.0574667453766 0.0409564487636
      vertex 1.01047248791e-06 -0.0597579702735 0.0419055186212
      vertex 1.01047248791e-06 -0.0574667453766 0.0409564487636
    endloop
  endfacet
  facet normal 0 0.991443812847 -0.130534157157
    outer loop
      vertex -0.00499900244176 -0.0574667453766 0.0409564487636
      vertex 1.01047248791e-06 -0.0574667453766 0.0409564487636
      vertex -0.00499900244176 -0.0550079643726 0.0406327210367
    endloop
  endfacet
  facet normal 0 0.991443812847 -0.130534157157
    outer loop
      vertex -0.00499900244176 -0.0550079643726 0.0406327210367
      vertex 1.01047248791e-06 -0.0574667453766 0.0409564487636
      vertex 1.01047248791e-06 -0.0550079643726 0.0406327210367
    endloop
  endfacet
  facet normal -0 0.991443812847 0.130534157157
    outer loop
      vertex -0.00499900244176 -0.0550079643726 0.0406327210367
      vertex 1.01047248791e-06 -0.0550079643726 0.0406327210367
      vertex -0.00499900244176 -0.0525491833687 0.0409564487636
    endloop
  endfacet
  facet normal -0 0.991443812847 0.130534157157
    outer loop
      vertex -0.00499900244176 -0.0525491833687 0.0409564487636
      vertex 1.01047248791e-06 -0.0550079643726 0.0406327210367
      vertex 1.01047248791e-06 -0.0525491833687 0.0409564487636
    endloop
  endfacet
  facet normal -0 0.923877120018 0.382689297199
    outer loop
      vertex -0.00499900244176 -0.0525491833687 0.0409564487636
      vertex 1.01047248791e-06 -0.0525491833687 0.0409564487636
      vertex -0.00499900244176 -0.0502579621971 0.0419055186212
    endloop
  endfacet
  facet normal -0 0.923877120018 0.382689297199
    outer loop
      vertex -0.00499900244176 -0.0502579621971 0.0419055186212
      vertex 1.01047248791e-06 -0.0525491833687 0.0409564487636
      vertex 1.01047248791e-06 -0.0502579621971 0.0419055186212
    endloop
  endfacet
  facet normal -0 0.793359458447 0.608753442764
    outer loop
      vertex -0.00499900244176 -0.0502579621971 0.0419055186212
      vertex 1.01047248791e-06 -0.0502579621971 0.0419055186212
      vertex -0.00499900244176 -0.0482904538512 0.0434152111411
    endloop
  endfacet
  facet normal -0 0.793359458447 0.608753442764
    outer loop
      vertex -0.00499900244176 -0.0482904538512 0.0434152111411
      vertex 1.01047248791e-06 -0.0502579621971 0.0419055186212
      vertex 1.01047248791e-06 -0.0482904538512 0.0434152111411
    endloop
  endfacet
  facet normal -0 0.608759045601 0.793355166912
    outer loop
      vertex -0.00499900244176 -0.0482904538512 0.0434152111411
      vertex 1.01047248791e-06 -0.0482904538512 0.0434152111411
      vertex -0.00499900244176 -0.0467807278037 0.0453827343881
    endloop
  endfacet
  facet normal -0 0.608759045601 0.793355166912
    outer loop
      vertex -0.00499900244176 -0.0467807278037 0.0453827343881
      vertex 1.01047248791e-06 -0.0482904538512 0.0434152111411
      vertex 1.01047248791e-06 -0.0467807278037 0.0453827343881
    endloop
  endfacet
  facet normal -0 0.382679313421 0.923881232738
    outer loop
      vertex -0.00499900244176 -0.0467807278037 0.0453827343881
      vertex 1.01047248791e-06 -0.0467807278037 0.0453827343881
      vertex -0.00499900244176 -0.0458316728473 0.0476739853621
    endloop
  endfacet
  facet normal -0 0.382679313421 0.923881232738
    outer loop
      vertex -0.00499900244176 -0.0458316728473 0.0476739853621
      vertex 1.01047248791e-06 -0.0467807278037 0.0453827343881
      vertex 1.01047248791e-06 -0.0458316728473 0.0476739853621
    endloop
  endfacet
  facet normal 0.991444647312 0.130528002977 0
    outer loop
      vertex -0.0591584220529 -0.00499899499118 0.0976746529341
      vertex -0.0591584220529 1.00004569958e-06 0.0976746529341
      vertex -0.0594821311533 -0.00499899499118 0.100133411586
    endloop
  endfacet
  facet normal 0.991444647312 0.130528002977 0
    outer loop
      vertex -0.0594821311533 -0.00499899499118 0.100133411586
      vertex -0.0591584220529 1.00004569958e-06 0.0976746529341
      vertex -0.0594821311533 1.00004569958e-06 0.100133411586
    endloop
  endfacet
  facet normal 0.991445124149 -0.130524262786 0
    outer loop
      vertex -0.0594821311533 -0.00499899499118 0.100133411586
      vertex -0.0594821311533 1.00004569958e-06 0.100133411586
      vertex -0.0591584220529 -0.00499899499118 0.102592244744
    endloop
  endfacet
  facet normal 0.991445124149 -0.130524262786 0
    outer loop
      vertex -0.0591584220529 -0.00499899499118 0.102592244744
      vertex -0.0594821311533 1.00004569958e-06 0.100133411586
      vertex -0.0591584220529 1.00004569958e-06 0.102592244744
    endloop
  endfacet
  facet normal 0.923877000809 -0.382689505816 0
    outer loop
      vertex -0.0591584220529 -0.00499899499118 0.102592244744
      vertex -0.0591584220529 1.00004569958e-06 0.102592244744
      vertex -0.0582093670964 -0.00499899499118 0.104883424938
    endloop
  endfacet
  facet normal 0.923877000809 -0.382689505816 0
    outer loop
      vertex -0.0582093670964 -0.00499899499118 0.104883424938
      vertex -0.0591584220529 1.00004569958e-06 0.102592244744
      vertex -0.0582093670964 1.00004569958e-06 0.104883424938
    endloop
  endfacet
  facet normal 0.793355166912 -0.608759045601 0
    outer loop
      vertex -0.0582093670964 -0.00499899499118 0.104883424938
      vertex -0.0582093670964 1.00004569958e-06 0.104883424938
      vertex -0.0566996410489 -0.00499899499118 0.10685095191
    endloop
  endfacet
  facet normal 0.793355166912 -0.608759045601 0
    outer loop
      vertex -0.0566996410489 -0.00499899499118 0.10685095191
      vertex -0.0582093670964 1.00004569958e-06 0.104883424938
      vertex -0.0566996410489 1.00004569958e-06 0.10685095191
    endloop
  endfacet
  facet normal 0.608769893646 -0.793346881866 0
    outer loop
      vertex -0.0566996410489 -0.00499899499118 0.10685095191
      vertex -0.0566996410489 1.00004569958e-06 0.10685095191
      vertex -0.0547321252525 -0.00499899499118 0.10836071521
    endloop
  endfacet
  facet normal 0.608769893646 -0.793346881866 0
    outer loop
      vertex -0.0547321252525 -0.00499899499118 0.10836071521
      vertex -0.0566996410489 1.00004569958e-06 0.10685095191
      vertex -0.0547321252525 1.00004569958e-06 0.10836071521
    endloop
  endfacet
  facet normal 0.382665961981 -0.92388677597 0
    outer loop
      vertex -0.0547321252525 -0.00499899499118 0.10836071521
      vertex -0.0547321252525 1.00004569958e-06 0.10836071521
      vertex -0.0524409115314 -0.00499899499118 0.109309718013
    endloop
  endfacet
  facet normal 0.382665961981 -0.92388677597 0
    outer loop
      vertex -0.0524409115314 -0.00499899499118 0.109309718013
      vertex -0.0547321252525 1.00004569958e-06 0.10836071521
      vertex -0.0524409115314 1.00004569958e-06 0.109309718013
    endloop
  endfacet
  facet normal 0.130534157157 -0.991443812847 0
    outer loop
      vertex -0.0524409115314 -0.00499899499118 0.109309718013
      vertex -0.0524409115314 1.00004569958e-06 0.109309718013
      vertex -0.0499821305275 -0.00499899499118 0.109633438289
    endloop
  endfacet
  facet normal 0.130534157157 -0.991443812847 0
    outer loop
      vertex -0.0499821305275 -0.00499899499118 0.109633438289
      vertex -0.0524409115314 1.00004569958e-06 0.109309718013
      vertex -0.0499821305275 1.00004569958e-06 0.109633438289
    endloop
  endfacet
  facet normal -0.130534157157 -0.991443812847 -0
    outer loop
      vertex -0.0499821305275 -0.00499899499118 0.109633438289
      vertex -0.0499821305275 1.00004569958e-06 0.109633438289
      vertex -0.0475233495235 -0.00499899499118 0.109309718013
    endloop
  endfacet
  facet normal -0.130534157157 -0.991443812847 -0
    outer loop
      vertex -0.0475233495235 -0.00499899499118 0.109309718013
      vertex -0.0499821305275 1.00004569958e-06 0.109633438289
      vertex -0.0475233495235 1.00004569958e-06 0.109309718013
    endloop
  endfacet
  facet normal -0.382664680481 -0.923887312412 -0
    outer loop
      vertex -0.0475233495235 -0.00499899499118 0.109309718013
      vertex -0.0475233495235 1.00004569958e-06 0.109309718013
      vertex -0.0452321246266 -0.00499899499118 0.10836071521
    endloop
  endfacet
  facet normal -0.382664680481 -0.923887312412 -0
    outer loop
      vertex -0.0452321246266 -0.00499899499118 0.10836071521
      vertex -0.0475233495235 1.00004569958e-06 0.109309718013
      vertex -0.0452321246266 1.00004569958e-06 0.10836071521
    endloop
  endfacet
  facet normal -0.608769893646 -0.793346881866 -0
    outer loop
      vertex -0.0452321246266 -0.00499899499118 0.10836071521
      vertex -0.0452321246266 1.00004569958e-06 0.10836071521
      vertex -0.0432646088302 -0.00499899499118 0.10685095191
    endloop
  endfacet
  facet normal -0.608769893646 -0.793346881866 -0
    outer loop
      vertex -0.0432646088302 -0.00499899499118 0.10685095191
      vertex -0.0452321246266 1.00004569958e-06 0.10836071521
      vertex -0.0432646088302 1.00004569958e-06 0.10685095191
    endloop
  endfacet
  facet normal -0.793355166912 -0.608759045601 -0
    outer loop
      vertex -0.0432646088302 -0.00499899499118 0.10685095191
      vertex -0.0432646088302 1.00004569958e-06 0.10685095191
      vertex -0.0417548827827 -0.00499899499118 0.104883424938
    endloop
  endfacet
  facet normal -0.793355166912 -0.608759045601 -0
    outer loop
      vertex -0.0417548827827 -0.00499899499118 0.104883424938
      vertex -0.0432646088302 1.00004569958e-06 0.10685095191
      vertex -0.0417548827827 1.00004569958e-06 0.104883424938
    endloop
  endfacet
  facet normal -0.923877000809 -0.382689505816 -0
    outer loop
      vertex -0.0417548827827 -0.00499899499118 0.104883424938
      vertex -0.0417548827827 1.00004569958e-06 0.104883424938
      vertex -0.0408058278263 -0.00499899499118 0.102592244744
    endloop
  endfacet
  facet normal -0.923877000809 -0.382689505816 -0
    outer loop
      vertex -0.0408058278263 -0.00499899499118 0.102592244744
      vertex -0.0417548827827 1.00004569958e-06 0.104883424938
      vertex -0.0408058278263 1.00004569958e-06 0.102592244744
    endloop
  endfacet
  facet normal -0.991445124149 -0.130524262786 -0
    outer loop
      vertex -0.0408058278263 -0.00499899499118 0.102592244744
      vertex -0.0408058278263 1.00004569958e-06 0.102592244744
      vertex -0.0404821224511 -0.00499899499118 0.100133411586
    endloop
  endfacet
  facet normal -0.991445124149 -0.130524262786 -0
    outer loop
      vertex -0.0404821224511 -0.00499899499118 0.100133411586
      vertex -0.0408058278263 1.00004569958e-06 0.102592244744
      vertex -0.0404821224511 1.00004569958e-06 0.100133411586
    endloop
  endfacet
  facet normal -0.991444647312 0.130528002977 0
    outer loop
      vertex -0.0404821224511 -0.00499899499118 0.100133411586
      vertex -0.0404821224511 1.00004569958e-06 0.100133411586
      vertex -0.0408058278263 -0.00499899499118 0.0976746529341
    endloop
  endfacet
  facet normal -0.991444647312 0.130528002977 0
    outer loop
      vertex -0.0408058278263 -0.00499899499118 0.0976746529341
      vertex -0.0404821224511 1.00004569958e-06 0.100133411586
      vertex -0.0408058278263 1.00004569958e-06 0.0976746529341
    endloop
  endfacet
  facet normal -0.923881232738 0.382679313421 0
    outer loop
      vertex -0.0408058278263 -0.00499899499118 0.0976746529341
      vertex -0.0408058278263 1.00004569958e-06 0.0976746529341
      vertex -0.0417548827827 -0.00499899499118 0.0953833982348
    endloop
  endfacet
  facet normal -0.923881232738 0.382679313421 0
    outer loop
      vertex -0.0417548827827 -0.00499899499118 0.0953833982348
      vertex -0.0408058278263 1.00004569958e-06 0.0976746529341
      vertex -0.0417548827827 1.00004569958e-06 0.0953833982348
    endloop
  endfacet
  facet normal -0.793344497681 0.608772993088 0
    outer loop
      vertex -0.0417548827827 -0.00499899499118 0.0953833982348
      vertex -0.0417548827827 1.00004569958e-06 0.0953833982348
      vertex -0.0432646088302 -0.00499899499118 0.0934159457684
    endloop
  endfacet
  facet normal -0.793344497681 0.608772993088 0
    outer loop
      vertex -0.0432646088302 -0.00499899499118 0.0934159457684
      vertex -0.0417548827827 1.00004569958e-06 0.0953833982348
      vertex -0.0432646088302 1.00004569958e-06 0.0934159457684
    endloop
  endfacet
  facet normal -0.608769893646 0.793346881866 0
    outer loop
      vertex -0.0432646088302 -0.00499899499118 0.0934159457684
      vertex -0.0432646088302 1.00004569958e-06 0.0934159457684
      vertex -0.0452321246266 -0.00499899499118 0.0919061824679
    endloop
  endfacet
  facet normal -0.608769893646 0.793346881866 0
    outer loop
      vertex -0.0452321246266 -0.00499899499118 0.0919061824679
      vertex -0.0432646088302 1.00004569958e-06 0.0934159457684
      vertex -0.0452321246266 1.00004569958e-06 0.0919061824679
    endloop
  endfacet
  facet normal -0.382689297199 0.923877120018 0
    outer loop
      vertex -0.0452321246266 -0.00499899499118 0.0919061824679
      vertex -0.0452321246266 1.00004569958e-06 0.0919061824679
      vertex -0.0475233495235 -0.00499899499118 0.0909571126103
    endloop
  endfacet
  facet normal -0.382689297199 0.923877120018 0
    outer loop
      vertex -0.0475233495235 -0.00499899499118 0.0909571126103
      vertex -0.0452321246266 1.00004569958e-06 0.0919061824679
      vertex -0.0475233495235 1.00004569958e-06 0.0909571126103
    endloop
  endfacet
  facet normal -0.130505800247 0.99144756794 0
    outer loop
      vertex -0.0475233495235 -0.00499899499118 0.0909571126103
      vertex -0.0475233495235 1.00004569958e-06 0.0909571126103
      vertex -0.0499821305275 -0.00499899499118 0.0906334593892
    endloop
  endfacet
  facet normal -0.130505800247 0.99144756794 0
    outer loop
      vertex -0.0499821305275 -0.00499899499118 0.0906334593892
      vertex -0.0475233495235 1.00004569958e-06 0.0909571126103
      vertex -0.0499821305275 1.00004569958e-06 0.0906334593892
    endloop
  endfacet
  facet normal 0.130505800247 0.99144756794 0
    outer loop
      vertex -0.0499821305275 -0.00499899499118 0.0906334593892
      vertex -0.0499821305275 1.00004569958e-06 0.0906334593892
      vertex -0.0524409115314 -0.00499899499118 0.0909571126103
    endloop
  endfacet
  facet normal 0.130505800247 0.99144756794 0
    outer loop
      vertex -0.0524409115314 -0.00499899499118 0.0909571126103
      vertex -0.0499821305275 1.00004569958e-06 0.0906334593892
      vertex -0.0524409115314 1.00004569958e-06 0.0909571126103
    endloop
  endfacet
  facet normal 0.382690578699 0.923876583576 0
    outer loop
      vertex -0.0524409115314 -0.00499899499118 0.0909571126103
      vertex -0.0524409115314 1.00004569958e-06 0.0909571126103
      vertex -0.0547321252525 -0.00499899499118 0.0919061824679
    endloop
  endfacet
  facet normal 0.382690578699 0.923876583576 0
    outer loop
      vertex -0.0547321252525 -0.00499899499118 0.0919061824679
      vertex -0.0524409115314 1.00004569958e-06 0.0909571126103
      vertex -0.0547321252525 1.00004569958e-06 0.0919061824679
    endloop
  endfacet
  facet normal 0.608769893646 0.793346881866 0
    outer loop
      vertex -0.0547321252525 -0.00499899499118 0.0919061824679
      vertex -0.0547321252525 1.00004569958e-06 0.0919061824679
      vertex -0.0566996410489 -0.00499899499118 0.0934159457684
    endloop
  endfacet
  facet normal 0.608769893646 0.793346881866 0
    outer loop
      vertex -0.0566996410489 -0.00499899499118 0.0934159457684
      vertex -0.0547321252525 1.00004569958e-06 0.0919061824679
      vertex -0.0566996410489 1.00004569958e-06 0.0934159457684
    endloop
  endfacet
  facet normal 0.793344497681 0.608772993088 0
    outer loop
      vertex -0.0566996410489 -0.00499899499118 0.0934159457684
      vertex -0.0566996410489 1.00004569958e-06 0.0934159457684
      vertex -0.0582093670964 -0.00499899499118 0.0953833982348
    endloop
  endfacet
  facet normal 0.793344497681 0.608772993088 0
    outer loop
      vertex -0.0582093670964 -0.00499899499118 0.0953833982348
      vertex -0.0566996410489 1.00004569958e-06 0.0934159457684
      vertex -0.0582093670964 1.00004569958e-06 0.0953833982348
    endloop
  endfacet
  facet normal 0.923881232738 0.382679313421 0
    outer loop
      vertex -0.0582093670964 -0.00499899499118 0.0953833982348
      vertex -0.0582093670964 1.00004569958e-06 0.0953833982348
      vertex -0.0591584220529 -0.00499899499118 0.0976746529341
    endloop
  endfacet
  facet normal 0.923881232738 0.382679313421 0
    outer loop
      vertex -0.0591584220529 -0.00499899499118 0.0976746529341
      vertex -0.0582093670964 1.00004569958e-06 0.0953833982348
      vertex -0.0591584220529 1.00004569958e-06 0.0976746529341
    endloop
  endfacet
  facet normal -0 0.130528002977 0.991444647312
    outer loop
      vertex -0.00499900244176 -0.0458071045578 0.0976739376783
      vertex 1.01047248791e-06 -0.0458071045578 0.0976739376783
      vertex -0.00499900244176 -0.0454833954573 0.100132696331
    endloop
  endfacet
  facet normal -0 0.130528002977 0.991444647312
    outer loop
      vertex -0.00499900244176 -0.0454833954573 0.100132696331
      vertex 1.01047248791e-06 -0.0458071045578 0.0976739376783
      vertex 1.01047248791e-06 -0.0454833954573 0.100132696331
    endloop
  endfacet
  facet normal 0 -0.130524262786 0.991445124149
    outer loop
      vertex -0.00499900244176 -0.0454833954573 0.100132696331
      vertex 1.01047248791e-06 -0.0454833954573 0.100132696331
      vertex -0.00499900244176 -0.0458071045578 0.102591529489
    endloop
  endfacet
  facet normal 0 -0.130524262786 0.991445124149
    outer loop
      vertex -0.00499900244176 -0.0458071045578 0.102591529489
      vertex 1.01047248791e-06 -0.0454833954573 0.100132696331
      vertex 1.01047248791e-06 -0.0458071045578 0.102591529489
    endloop
  endfacet
  facet normal 0 -0.382689505816 0.923877000809
    outer loop
      vertex -0.00499900244176 -0.0458071045578 0.102591529489
      vertex 1.01047248791e-06 -0.0458071045578 0.102591529489
      vertex -0.00499900244176 -0.0467561595142 0.104882709682
    endloop
  endfacet
  facet normal 0 -0.382689505816 0.923877000809
    outer loop
      vertex -0.00499900244176 -0.0467561595142 0.104882709682
      vertex 1.01047248791e-06 -0.0458071045578 0.102591529489
      vertex 1.01047248791e-06 -0.0467561595142 0.104882709682
    endloop
  endfacet
  facet normal 0 -0.608759045601 0.793355166912
    outer loop
      vertex -0.00499900244176 -0.0467561595142 0.104882709682
      vertex 1.01047248791e-06 -0.0467561595142 0.104882709682
      vertex -0.00499900244176 -0.0482658855617 0.106850236654
    endloop
  endfacet
  facet normal 0 -0.608759045601 0.793355166912
    outer loop
      vertex -0.00499900244176 -0.0482658855617 0.106850236654
      vertex 1.01047248791e-06 -0.0467561595142 0.104882709682
      vertex 1.01047248791e-06 -0.0482658855617 0.106850236654
    endloop
  endfacet
  facet normal 0 -0.793346881866 0.608769893646
    outer loop
      vertex -0.00499900244176 -0.0482658855617 0.106850236654
      vertex 1.01047248791e-06 -0.0482658855617 0.106850236654
      vertex -0.00499900244176 -0.0502334013581 0.108359999955
    endloop
  endfacet
  facet normal 0 -0.793346881866 0.608769893646
    outer loop
      vertex -0.00499900244176 -0.0502334013581 0.108359999955
      vertex 1.01047248791e-06 -0.0482658855617 0.106850236654
      vertex 1.01047248791e-06 -0.0502334013581 0.108359999955
    endloop
  endfacet
  facet normal 0 -0.923887312412 0.382664680481
    outer loop
      vertex -0.00499900244176 -0.0502334013581 0.108359999955
      vertex 1.01047248791e-06 -0.0502334013581 0.108359999955
      vertex -0.00499900244176 -0.052524626255 0.109309002757
    endloop
  endfacet
  facet normal 0 -0.923887312412 0.382664680481
    outer loop
      vertex -0.00499900244176 -0.052524626255 0.109309002757
      vertex 1.01047248791e-06 -0.0502334013581 0.108359999955
      vertex 1.01047248791e-06 -0.052524626255 0.109309002757
    endloop
  endfacet
  facet normal 0 -0.991443812847 0.130534157157
    outer loop
      vertex -0.00499900244176 -0.052524626255 0.109309002757
      vertex 1.01047248791e-06 -0.052524626255 0.109309002757
      vertex -0.00499900244176 -0.0549834035337 0.109632723033
    endloop
  endfacet
  facet normal 0 -0.991443812847 0.130534157157
    outer loop
      vertex -0.00499900244176 -0.0549834035337 0.109632723033
      vertex 1.01047248791e-06 -0.052524626255 0.109309002757
      vertex 1.01047248791e-06 -0.0549834035337 0.109632723033
    endloop
  endfacet
  facet normal 0 -0.991443812847 -0.130534157157
    outer loop
      vertex -0.00499900244176 -0.0549834035337 0.109632723033
      vertex 1.01047248791e-06 -0.0549834035337 0.109632723033
      vertex -0.00499900244176 -0.0574421845376 0.109309002757
    endloop
  endfacet
  facet normal 0 -0.991443812847 -0.130534157157
    outer loop
      vertex -0.00499900244176 -0.0574421845376 0.109309002757
      vertex 1.01047248791e-06 -0.0549834035337 0.109632723033
      vertex 1.01047248791e-06 -0.0574421845376 0.109309002757
    endloop
  endfacet
  facet normal 0 -0.92388677597 -0.382665961981
    outer loop
      vertex -0.00499900244176 -0.0574421845376 0.109309002757
      vertex 1.01047248791e-06 -0.0574421845376 0.109309002757
      vertex -0.00499900244176 -0.059733401984 0.108359999955
    endloop
  endfacet
  facet normal 0 -0.92388677597 -0.382665961981
    outer loop
      vertex -0.00499900244176 -0.059733401984 0.108359999955
      vertex 1.01047248791e-06 -0.0574421845376 0.109309002757
      vertex 1.01047248791e-06 -0.059733401984 0.108359999955
    endloop
  endfacet
  facet normal 0 -0.793346881866 -0.608769893646
    outer loop
      vertex -0.00499900244176 -0.059733401984 0.108359999955
      vertex 1.01047248791e-06 -0.059733401984 0.108359999955
      vertex -0.00499900244176 -0.0617009177804 0.106850236654
    endloop
  endfacet
  facet normal 0 -0.793346881866 -0.608769893646
    outer loop
      vertex -0.00499900244176 -0.0617009177804 0.106850236654
      vertex 1.01047248791e-06 -0.059733401984 0.108359999955
      vertex 1.01047248791e-06 -0.0617009177804 0.106850236654
    endloop
  endfacet
  facet normal 0 -0.608759045601 -0.793355166912
    outer loop
      vertex -0.00499900244176 -0.0617009177804 0.106850236654
      vertex 1.01047248791e-06 -0.0617009177804 0.106850236654
      vertex -0.00499900244176 -0.0632106438279 0.104882709682
    endloop
  endfacet
  facet normal 0 -0.608759045601 -0.793355166912
    outer loop
      vertex -0.00499900244176 -0.0632106438279 0.104882709682
      vertex 1.01047248791e-06 -0.0617009177804 0.106850236654
      vertex 1.01047248791e-06 -0.0632106438279 0.104882709682
    endloop
  endfacet
  facet normal 0 -0.382689505816 -0.923877000809
    outer loop
      vertex -0.00499900244176 -0.0632106438279 0.104882709682
      vertex 1.01047248791e-06 -0.0632106438279 0.104882709682
      vertex -0.00499900244176 -0.0641596987844 0.102591529489
    endloop
  endfacet
  facet normal 0 -0.382689505816 -0.923877000809
    outer loop
      vertex -0.00499900244176 -0.0641596987844 0.102591529489
      vertex 1.01047248791e-06 -0.0632106438279 0.104882709682
      vertex 1.01047248791e-06 -0.0641596987844 0.102591529489
    endloop
  endfacet
  facet normal 0 -0.130524262786 -0.991445124149
    outer loop
      vertex -0.00499900244176 -0.0641596987844 0.102591529489
      vertex 1.01047248791e-06 -0.0641596987844 0.102591529489
      vertex -0.00499900244176 -0.0644834041595 0.100132696331
    endloop
  endfacet
  facet normal 0 -0.130524262786 -0.991445124149
    outer loop
      vertex -0.00499900244176 -0.0644834041595 0.100132696331
      vertex 1.01047248791e-06 -0.0641596987844 0.102591529489
      vertex 1.01047248791e-06 -0.0644834041595 0.100132696331
    endloop
  endfacet
  facet normal 0 0.130528002977 -0.991444647312
    outer loop
      vertex -0.00499900244176 -0.0644834041595 0.100132696331
      vertex 1.01047248791e-06 -0.0644834041595 0.100132696331
      vertex -0.00499900244176 -0.0641596987844 0.0976739376783
    endloop
  endfacet
  facet normal 0 0.130528002977 -0.991444647312
    outer loop
      vertex -0.00499900244176 -0.0641596987844 0.0976739376783
      vertex 1.01047248791e-06 -0.0644834041595 0.100132696331
      vertex 1.01047248791e-06 -0.0641596987844 0.0976739376783
    endloop
  endfacet
  facet normal 0 0.382689505816 -0.923877000809
    outer loop
      vertex -0.00499900244176 -0.0641596987844 0.0976739376783
      vertex 1.01047248791e-06 -0.0641596987844 0.0976739376783
      vertex -0.00499900244176 -0.0632106438279 0.0953827574849
    endloop
  endfacet
  facet normal 0 0.382689505816 -0.923877000809
    outer loop
      vertex -0.00499900244176 -0.0632106438279 0.0953827574849
      vertex 1.01047248791e-06 -0.0641596987844 0.0976739376783
      vertex 1.01047248791e-06 -0.0632106438279 0.0953827574849
    endloop
  endfacet
  facet normal 0 0.608759045601 -0.793355166912
    outer loop
      vertex -0.00499900244176 -0.0632106438279 0.0953827574849
      vertex 1.01047248791e-06 -0.0632106438279 0.0953827574849
      vertex -0.00499900244176 -0.0617009177804 0.0934152305126
    endloop
  endfacet
  facet normal 0 0.608759045601 -0.793355166912
    outer loop
      vertex -0.00499900244176 -0.0617009177804 0.0934152305126
      vertex 1.01047248791e-06 -0.0632106438279 0.0953827574849
      vertex 1.01047248791e-06 -0.0617009177804 0.0934152305126
    endloop
  endfacet
  facet normal 0 0.793346881866 -0.608769893646
    outer loop
      vertex -0.00499900244176 -0.0617009177804 0.0934152305126
      vertex 1.01047248791e-06 -0.0617009177804 0.0934152305126
      vertex -0.00499900244176 -0.059733401984 0.0919054672122
    endloop
  endfacet
  facet normal 0 0.793346881866 -0.608769893646
    outer loop
      vertex -0.00499900244176 -0.059733401984 0.0919054672122
      vertex 1.01047248791e-06 -0.0617009177804 0.0934152305126
      vertex 1.01047248791e-06 -0.059733401984 0.0919054672122
    endloop
  endfacet
  facet normal 0 0.92388677597 -0.382665961981
    outer loop
      vertex -0.00499900244176 -0.059733401984 0.0919054672122
      vertex 1.01047248791e-06 -0.059733401984 0.0919054672122
      vertex -0.00499900244176 -0.0574421845376 0.0909564718604
    endloop
  endfacet
  facet normal 0 0.92388677597 -0.382665961981
    outer loop
      vertex -0.00499900244176 -0.0574421845376 0.0909564718604
      vertex 1.01047248791e-06 -0.059733401984 0.0919054672122
      vertex 1.01047248791e-06 -0.0574421845376 0.0909564718604
    endloop
  endfacet
  facet normal 0 0.991443812847 -0.130534157157
    outer loop
      vertex -0.00499900244176 -0.0574421845376 0.0909564718604
      vertex 1.01047248791e-06 -0.0574421845376 0.0909564718604
      vertex -0.00499900244176 -0.0549834035337 0.0906327441335
    endloop
  endfacet
  facet normal 0 0.991443812847 -0.130534157157
    outer loop
      vertex -0.00499900244176 -0.0549834035337 0.0906327441335
      vertex 1.01047248791e-06 -0.0574421845376 0.0909564718604
      vertex 1.01047248791e-06 -0.0549834035337 0.0906327441335
    endloop
  endfacet
  facet normal -0 0.991443812847 0.130534157157
    outer loop
      vertex -0.00499900244176 -0.0549834035337 0.0906327441335
      vertex 1.01047248791e-06 -0.0549834035337 0.0906327441335
      vertex -0.00499900244176 -0.052524626255 0.0909564718604
    endloop
  endfacet
  facet normal -0 0.991443812847 0.130534157157
    outer loop
      vertex -0.00499900244176 -0.052524626255 0.0909564718604
      vertex 1.01047248791e-06 -0.0549834035337 0.0906327441335
      vertex 1.01047248791e-06 -0.052524626255 0.0909564718604
    endloop
  endfacet
  facet normal -0 0.923887312412 0.382664680481
    outer loop
      vertex -0.00499900244176 -0.052524626255 0.0909564718604
      vertex 1.01047248791e-06 -0.052524626255 0.0909564718604
      vertex -0.00499900244176 -0.0502334013581 0.0919054672122
    endloop
  endfacet
  facet normal -0 0.923887312412 0.382664680481
    outer loop
      vertex -0.00499900244176 -0.0502334013581 0.0919054672122
      vertex 1.01047248791e-06 -0.052524626255 0.0909564718604
      vertex 1.01047248791e-06 -0.0502334013581 0.0919054672122
    endloop
  endfacet
  facet normal -0 0.793346881866 0.608769893646
    outer loop
      vertex -0.00499900244176 -0.0502334013581 0.0919054672122
      vertex 1.01047248791e-06 -0.0502334013581 0.0919054672122
      vertex -0.00499900244176 -0.0482658855617 0.0934152305126
    endloop
  endfacet
  facet normal -0 0.793346881866 0.608769893646
    outer loop
      vertex -0.00499900244176 -0.0482658855617 0.0934152305126
      vertex 1.01047248791e-06 -0.0502334013581 0.0919054672122
      vertex 1.01047248791e-06 -0.0482658855617 0.0934152305126
    endloop
  endfacet
  facet normal -0 0.608759045601 0.793355166912
    outer loop
      vertex -0.00499900244176 -0.0482658855617 0.0934152305126
      vertex 1.01047248791e-06 -0.0482658855617 0.0934152305126
      vertex -0.00499900244176 -0.0467561595142 0.0953827574849
    endloop
  endfacet
  facet normal -0 0.608759045601 0.793355166912
    outer loop
      vertex -0.00499900244176 -0.0467561595142 0.0953827574849
      vertex 1.01047248791e-06 -0.0482658855617 0.0934152305126
      vertex 1.01047248791e-06 -0.0467561595142 0.0953827574849
    endloop
  endfacet
  facet normal -0 0.382689505816 0.923877000809
    outer loop
      vertex -0.00499900244176 -0.0467561595142 0.0953827574849
      vertex 1.01047248791e-06 -0.0467561595142 0.0953827574849
      vertex -0.00499900244176 -0.0458071045578 0.0976739376783
    endloop
  endfacet
  facet normal -0 0.382689505816 0.923877000809
    outer loop
      vertex -0.00499900244176 -0.0458071045578 0.0976739376783
      vertex 1.01047248791e-06 -0.0467561595142 0.0953827574849
      vertex 1.01047248791e-06 -0.0458071045578 0.0976739376783
    endloop
  endfacet
  facet normal 0.991445124149 0.130524262786 0
    outer loop
      vertex -0.0591584220529 -0.00499899499118 0.894176185131
      vertex -0.0591584220529 1.00004569958e-06 0.894176185131
      vertex -0.0594821311533 -0.00499899499118 0.896634995937
    endloop
  endfacet
  facet normal 0.991445124149 0.130524262786 0
    outer loop
      vertex -0.0594821311533 -0.00499899499118 0.896634995937
      vertex -0.0591584220529 1.00004569958e-06 0.894176185131
      vertex -0.0594821311533 1.00004569958e-06 0.896634995937
    endloop
  endfacet
  facet normal 0.991444349289 -0.130529865623 0
    outer loop
      vertex -0.0594821311533 -0.00499899499118 0.896634995937
      vertex -0.0594821311533 1.00004569958e-06 0.896634995937
      vertex -0.0591584220529 -0.00499899499118 0.899093747139
    endloop
  endfacet
  facet normal 0.991444349289 -0.130529865623 0
    outer loop
      vertex -0.0591584220529 -0.00499899499118 0.899093747139
      vertex -0.0594821311533 1.00004569958e-06 0.896634995937
      vertex -0.0591584220529 1.00004569958e-06 0.899093747139
    endloop
  endfacet
  facet normal 0.923883378506 -0.382674217224 0
    outer loop
      vertex -0.0591584220529 -0.00499899499118 0.899093747139
      vertex -0.0591584220529 1.00004569958e-06 0.899093747139
      vertex -0.0582093670964 -0.00499899499118 0.901385009289
    endloop
  endfacet
  facet normal 0.923883378506 -0.382674217224 0
    outer loop
      vertex -0.0582093670964 -0.00499899499118 0.901385009289
      vertex -0.0591584220529 1.00004569958e-06 0.899093747139
      vertex -0.0582093670964 1.00004569958e-06 0.901385009289
    endloop
  endfacet
  facet normal 0.793349802494 -0.608766019344 0
    outer loop
      vertex -0.0582093670964 -0.00499899499118 0.901385009289
      vertex -0.0582093670964 1.00004569958e-06 0.901385009289
      vertex -0.0566996410489 -0.00499899499118 0.903352499008
    endloop
  endfacet
  facet normal 0.793349802494 -0.608766019344 0
    outer loop
      vertex -0.0566996410489 -0.00499899499118 0.903352499008
      vertex -0.0582093670964 1.00004569958e-06 0.901385009289
      vertex -0.0566996410489 1.00004569958e-06 0.903352499008
    endloop
  endfacet
  facet normal 0.608760774136 -0.79335385561 0
    outer loop
      vertex -0.0566996410489 -0.00499899499118 0.903352499008
      vertex -0.0566996410489 1.00004569958e-06 0.903352499008
      vertex -0.0547321252525 -0.00499899499118 0.904862225056
    endloop
  endfacet
  facet normal 0.608760774136 -0.79335385561 0
    outer loop
      vertex -0.0547321252525 -0.00499899499118 0.904862225056
      vertex -0.0566996410489 1.00004569958e-06 0.903352499008
      vertex -0.0547321252525 1.00004569958e-06 0.904862225056
    endloop
  endfacet
  facet normal 0.382672101259 -0.923884212971 0
    outer loop
      vertex -0.0547321252525 -0.00499899499118 0.904862225056
      vertex -0.0547321252525 1.00004569958e-06 0.904862225056
      vertex -0.0524409115314 -0.00499899499118 0.90581125021
    endloop
  endfacet
  facet normal 0.382672101259 -0.923884212971 0
    outer loop
      vertex -0.0524409115314 -0.00499899499118 0.90581125021
      vertex -0.0547321252525 1.00004569958e-06 0.904862225056
      vertex -0.0524409115314 1.00004569958e-06 0.90581125021
    endloop
  endfacet
  facet normal 0.130527064204 -0.991444766521 0
    outer loop
      vertex -0.0524409115314 -0.00499899499118 0.90581125021
      vertex -0.0524409115314 1.00004569958e-06 0.90581125021
      vertex -0.0499821305275 -0.00499899499118 0.906134963036
    endloop
  endfacet
  facet normal 0.130527064204 -0.991444766521 0
    outer loop
      vertex -0.0499821305275 -0.00499899499118 0.906134963036
      vertex -0.0524409115314 1.00004569958e-06 0.90581125021
      vertex -0.0499821305275 1.00004569958e-06 0.906134963036
    endloop
  endfacet
  facet normal -0.130527064204 -0.991444766521 -0
    outer loop
      vertex -0.0499821305275 -0.00499899499118 0.906134963036
      vertex -0.0499821305275 1.00004569958e-06 0.906134963036
      vertex -0.0475233495235 -0.00499899499118 0.90581125021
    endloop
  endfacet
  facet normal -0.130527064204 -0.991444766521 -0
    outer loop
      vertex -0.0475233495235 -0.00499899499118 0.90581125021
      vertex -0.0499821305275 1.00004569958e-06 0.906134963036
      vertex -0.0475233495235 1.00004569958e-06 0.90581125021
    endloop
  endfacet
  facet normal -0.382670819759 -0.923884749413 -0
    outer loop
      vertex -0.0475233495235 -0.00499899499118 0.90581125021
      vertex -0.0475233495235 1.00004569958e-06 0.90581125021
      vertex -0.0452321246266 -0.00499899499118 0.904862225056
    endloop
  endfacet
  facet normal -0.382670819759 -0.923884749413 -0
    outer loop
      vertex -0.0452321246266 -0.00499899499118 0.904862225056
      vertex -0.0475233495235 1.00004569958e-06 0.90581125021
      vertex -0.0452321246266 1.00004569958e-06 0.904862225056
    endloop
  endfacet
  facet normal -0.608760774136 -0.79335385561 -0
    outer loop
      vertex -0.0452321246266 -0.00499899499118 0.904862225056
      vertex -0.0452321246266 1.00004569958e-06 0.904862225056
      vertex -0.0432646088302 -0.00499899499118 0.903352499008
    endloop
  endfacet
  facet normal -0.608760774136 -0.79335385561 -0
    outer loop
      vertex -0.0432646088302 -0.00499899499118 0.903352499008
      vertex -0.0452321246266 1.00004569958e-06 0.904862225056
      vertex -0.0432646088302 1.00004569958e-06 0.903352499008
    endloop
  endfacet
  facet normal -0.793349802494 -0.608766019344 -0
    outer loop
      vertex -0.0432646088302 -0.00499899499118 0.903352499008
      vertex -0.0432646088302 1.00004569958e-06 0.903352499008
      vertex -0.0417548827827 -0.00499899499118 0.901385009289
    endloop
  endfacet
  facet normal -0.793349802494 -0.608766019344 -0
    outer loop
      vertex -0.0417548827827 -0.00499899499118 0.901385009289
      vertex -0.0432646088302 1.00004569958e-06 0.903352499008
      vertex -0.0417548827827 1.00004569958e-06 0.901385009289
    endloop
  endfacet
  facet normal -0.923883378506 -0.382674217224 -0
    outer loop
      vertex -0.0417548827827 -0.00499899499118 0.901385009289
      vertex -0.0417548827827 1.00004569958e-06 0.901385009289
      vertex -0.0408058278263 -0.00499899499118 0.899093747139
    endloop
  endfacet
  facet normal -0.923883378506 -0.382674217224 -0
    outer loop
      vertex -0.0408058278263 -0.00499899499118 0.899093747139
      vertex -0.0417548827827 1.00004569958e-06 0.901385009289
      vertex -0.0408058278263 1.00004569958e-06 0.899093747139
    endloop
  endfacet
  facet normal -0.991444349289 -0.130529865623 -0
    outer loop
      vertex -0.0408058278263 -0.00499899499118 0.899093747139
      vertex -0.0408058278263 1.00004569958e-06 0.899093747139
      vertex -0.0404821224511 -0.00499899499118 0.896634995937
    endloop
  endfacet
  facet normal -0.991444349289 -0.130529865623 -0
    outer loop
      vertex -0.0404821224511 -0.00499899499118 0.896634995937
      vertex -0.0408058278263 1.00004569958e-06 0.899093747139
      vertex -0.0404821224511 1.00004569958e-06 0.896634995937
    endloop
  endfacet
  facet normal -0.991445124149 0.130524262786 0
    outer loop
      vertex -0.0404821224511 -0.00499899499118 0.896634995937
      vertex -0.0404821224511 1.00004569958e-06 0.896634995937
      vertex -0.0408058278263 -0.00499899499118 0.894176185131
    endloop
  endfacet
  facet normal -0.991445124149 0.130524262786 0
    outer loop
      vertex -0.0408058278263 -0.00499899499118 0.894176185131
      vertex -0.0404821224511 1.00004569958e-06 0.896634995937
      vertex -0.0408058278263 1.00004569958e-06 0.894176185131
    endloop
  endfacet
  facet normal -0.923877000809 0.382689505816 0
    outer loop
      vertex -0.0408058278263 -0.00499899499118 0.894176185131
      vertex -0.0408058278263 1.00004569958e-06 0.894176185131
      vertex -0.0417548827827 -0.00499899499118 0.891884982586
    endloop
  endfacet
  facet normal -0.923877000809 0.382689505816 0
    outer loop
      vertex -0.0417548827827 -0.00499899499118 0.891884982586
      vertex -0.0408058278263 1.00004569958e-06 0.894176185131
      vertex -0.0417548827827 1.00004569958e-06 0.891884982586
    endloop
  endfacet
  facet normal -0.793349802494 0.608766019344 0
    outer loop
      vertex -0.0417548827827 -0.00499899499118 0.891884982586
      vertex -0.0417548827827 1.00004569958e-06 0.891884982586
      vertex -0.0432646088302 -0.00499899499118 0.889917492867
    endloop
  endfacet
  facet normal -0.793349802494 0.608766019344 0
    outer loop
      vertex -0.0432646088302 -0.00499899499118 0.889917492867
      vertex -0.0417548827827 1.00004569958e-06 0.891884982586
      vertex -0.0432646088302 1.00004569958e-06 0.889917492867
    endloop
  endfacet
  facet normal -0.608760774136 0.79335385561 0
    outer loop
      vertex -0.0432646088302 -0.00499899499118 0.889917492867
      vertex -0.0432646088302 1.00004569958e-06 0.889917492867
      vertex -0.0452321246266 -0.00499899499118 0.888407766819
    endloop
  endfacet
  facet normal -0.608760774136 0.79335385561 0
    outer loop
      vertex -0.0452321246266 -0.00499899499118 0.888407766819
      vertex -0.0432646088302 1.00004569958e-06 0.889917492867
      vertex -0.0452321246266 1.00004569958e-06 0.888407766819
    endloop
  endfacet
  facet normal -0.382701605558 0.923871994019 0
    outer loop
      vertex -0.0452321246266 -0.00499899499118 0.888407766819
      vertex -0.0452321246266 1.00004569958e-06 0.888407766819
      vertex -0.0475233495235 -0.00499899499118 0.88745868206
    endloop
  endfacet
  facet normal -0.382701605558 0.923871994019 0
    outer loop
      vertex -0.0475233495235 -0.00499899499118 0.88745868206
      vertex -0.0452321246266 1.00004569958e-06 0.888407766819
      vertex -0.0475233495235 1.00004569958e-06 0.88745868206
    endloop
  endfacet
  facet normal -0.130519986153 0.991445660591 0
    outer loop
      vertex -0.0475233495235 -0.00499899499118 0.88745868206
      vertex -0.0475233495235 1.00004569958e-06 0.88745868206
      vertex -0.0499821305275 -0.00499899499118 0.887134969234
    endloop
  endfacet
  facet normal -0.130519986153 0.991445660591 0
    outer loop
      vertex -0.0499821305275 -0.00499899499118 0.887134969234
      vertex -0.0475233495235 1.00004569958e-06 0.88745868206
      vertex -0.0499821305275 1.00004569958e-06 0.887134969234
    endloop
  endfacet
  facet normal 0.130519986153 0.991445660591 0
    outer loop
      vertex -0.0499821305275 -0.00499899499118 0.887134969234
      vertex -0.0499821305275 1.00004569958e-06 0.887134969234
      vertex -0.0524409115314 -0.00499899499118 0.88745868206
    endloop
  endfacet
  facet normal 0.130519986153 0.991445660591 0
    outer loop
      vertex -0.0524409115314 -0.00499899499118 0.88745868206
      vertex -0.0499821305275 1.00004569958e-06 0.887134969234
      vertex -0.0524409115314 1.00004569958e-06 0.88745868206
    endloop
  endfacet
  facet normal 0.382702887058 0.923871457577 0
    outer loop
      vertex -0.0524409115314 -0.00499899499118 0.88745868206
      vertex -0.0524409115314 1.00004569958e-06 0.88745868206
      vertex -0.0547321252525 -0.00499899499118 0.888407766819
    endloop
  endfacet
  facet normal 0.382702887058 0.923871457577 0
    outer loop
      vertex -0.0547321252525 -0.00499899499118 0.888407766819
      vertex -0.0524409115314 1.00004569958e-06 0.88745868206
      vertex -0.0547321252525 1.00004569958e-06 0.888407766819
    endloop
  endfacet
  facet normal 0.608760774136 0.79335385561 0
    outer loop
      vertex -0.0547321252525 -0.00499899499118 0.888407766819
      vertex -0.0547321252525 1.00004569958e-06 0.888407766819
      vertex -0.0566996410489 -0.00499899499118 0.889917492867
    endloop
  endfacet
  facet normal 0.608760774136 0.79335385561 0
    outer loop
      vertex -0.0566996410489 -0.00499899499118 0.889917492867
      vertex -0.0547321252525 1.00004569958e-06 0.888407766819
      vertex -0.0566996410489 1.00004569958e-06 0.889917492867
    endloop
  endfacet
  facet normal 0.793349802494 0.608766019344 0
    outer loop
      vertex -0.0566996410489 -0.00499899499118 0.889917492867
      vertex -0.0566996410489 1.00004569958e-06 0.889917492867
      vertex -0.0582093670964 -0.00499899499118 0.891884982586
    endloop
  endfacet
  facet normal 0.793349802494 0.608766019344 0
    outer loop
      vertex -0.0582093670964 -0.00499899499118 0.891884982586
      vertex -0.0566996410489 1.00004569958e-06 0.889917492867
      vertex -0.0582093670964 1.00004569958e-06 0.891884982586
    endloop
  endfacet
  facet normal 0.923877000809 0.382689505816 0
    outer loop
      vertex -0.0582093670964 -0.00499899499118 0.891884982586
      vertex -0.0582093670964 1.00004569958e-06 0.891884982586
      vertex -0.0591584220529 -0.00499899499118 0.894176185131
    endloop
  endfacet
  facet normal 0.923877000809 0.382689505816 0
    outer loop
      vertex -0.0591584220529 -0.00499899499118 0.894176185131
      vertex -0.0582093670964 1.00004569958e-06 0.891884982586
      vertex -0.0591584220529 1.00004569958e-06 0.894176185131
    endloop
  endfacet
  facet normal -0 0.130524262786 0.991445124149
    outer loop
      vertex -0.00499900244176 -0.0458071045578 0.894175469875
      vertex 1.01047248791e-06 -0.0458071045578 0.894175469875
      vertex -0.00499900244176 -0.0454833954573 0.896634280682
    endloop
  endfacet
  facet normal -0 0.130524262786 0.991445124149
    outer loop
      vertex -0.00499900244176 -0.0454833954573 0.896634280682
      vertex 1.01047248791e-06 -0.0458071045578 0.894175469875
      vertex 1.01047248791e-06 -0.0454833954573 0.896634280682
    endloop
  endfacet
  facet normal 0 -0.130529865623 0.991444349289
    outer loop
      vertex -0.00499900244176 -0.0454833954573 0.896634280682
      vertex 1.01047248791e-06 -0.0454833954573 0.896634280682
      vertex -0.00499900244176 -0.0458071045578 0.899093031883
    endloop
  endfacet
  facet normal 0 -0.130529865623 0.991444349289
    outer loop
      vertex -0.00499900244176 -0.0458071045578 0.899093031883
      vertex 1.01047248791e-06 -0.0454833954573 0.896634280682
      vertex 1.01047248791e-06 -0.0458071045578 0.899093031883
    endloop
  endfacet
  facet normal 0 -0.382674217224 0.923883378506
    outer loop
      vertex -0.00499900244176 -0.0458071045578 0.899093031883
      vertex 1.01047248791e-06 -0.0458071045578 0.899093031883
      vertex -0.00499900244176 -0.0467561595142 0.901384294033
    endloop
  endfacet
  facet normal 0 -0.382674217224 0.923883378506
    outer loop
      vertex -0.00499900244176 -0.0467561595142 0.901384294033
      vertex 1.01047248791e-06 -0.0458071045578 0.899093031883
      vertex 1.01047248791e-06 -0.0467561595142 0.901384294033
    endloop
  endfacet
  facet normal 0 -0.608766019344 0.793349802494
    outer loop
      vertex -0.00499900244176 -0.0467561595142 0.901384294033
      vertex 1.01047248791e-06 -0.0467561595142 0.901384294033
      vertex -0.00499900244176 -0.0482658855617 0.903351783752
    endloop
  endfacet
  facet normal 0 -0.608766019344 0.793349802494
    outer loop
      vertex -0.00499900244176 -0.0482658855617 0.903351783752
      vertex 1.01047248791e-06 -0.0467561595142 0.901384294033
      vertex 1.01047248791e-06 -0.0482658855617 0.903351783752
    endloop
  endfacet
  facet normal 0 -0.79335385561 0.608760774136
    outer loop
      vertex -0.00499900244176 -0.0482658855617 0.903351783752
      vertex 1.01047248791e-06 -0.0482658855617 0.903351783752
      vertex -0.00499900244176 -0.0502334013581 0.9048615098
    endloop
  endfacet
  facet normal 0 -0.79335385561 0.608760774136
    outer loop
      vertex -0.00499900244176 -0.0502334013581 0.9048615098
      vertex 1.01047248791e-06 -0.0482658855617 0.903351783752
      vertex 1.01047248791e-06 -0.0502334013581 0.9048615098
    endloop
  endfacet
  facet normal 0 -0.923877120018 0.382689297199
    outer loop
      vertex -0.00499900244176 -0.0502334013581 0.9048615098
      vertex 1.01047248791e-06 -0.0502334013581 0.9048615098
      vertex -0.00499900244176 -0.052524626255 0.905810594559
    endloop
  endfacet
  facet normal 0 -0.923877120018 0.382689297199
    outer loop
      vertex -0.00499900244176 -0.052524626255 0.905810594559
      vertex 1.01047248791e-06 -0.0502334013581 0.9048615098
      vertex 1.01047248791e-06 -0.052524626255 0.905810594559
    endloop
  endfacet
  facet normal 0 -0.991443812847 0.130534157157
    outer loop
      vertex -0.00499900244176 -0.052524626255 0.905810594559
      vertex 1.01047248791e-06 -0.052524626255 0.905810594559
      vertex -0.00499900244176 -0.0549834035337 0.906134307384
    endloop
  endfacet
  facet normal 0 -0.991443812847 0.130534157157
    outer loop
      vertex -0.00499900244176 -0.0549834035337 0.906134307384
      vertex 1.01047248791e-06 -0.052524626255 0.905810594559
      vertex 1.01047248791e-06 -0.0549834035337 0.906134307384
    endloop
  endfacet
  facet normal 0 -0.991443812847 -0.130534157157
    outer loop
      vertex -0.00499900244176 -0.0549834035337 0.906134307384
      vertex 1.01047248791e-06 -0.0549834035337 0.906134307384
      vertex -0.00499900244176 -0.0574421845376 0.905810594559
    endloop
  endfacet
  facet normal 0 -0.991443812847 -0.130534157157
    outer loop
      vertex -0.00499900244176 -0.0574421845376 0.905810594559
      vertex 1.01047248791e-06 -0.0549834035337 0.906134307384
      vertex 1.01047248791e-06 -0.0574421845376 0.905810594559
    endloop
  endfacet
  facet normal 0 -0.923876583576 -0.382690578699
    outer loop
      vertex -0.00499900244176 -0.0574421845376 0.905810594559
      vertex 1.01047248791e-06 -0.0574421845376 0.905810594559
      vertex -0.00499900244176 -0.059733401984 0.9048615098
    endloop
  endfacet
  facet normal 0 -0.923876583576 -0.382690578699
    outer loop
      vertex -0.00499900244176 -0.059733401984 0.9048615098
      vertex 1.01047248791e-06 -0.0574421845376 0.905810594559
      vertex 1.01047248791e-06 -0.059733401984 0.9048615098
    endloop
  endfacet
  facet normal 0 -0.79335385561 -0.608760774136
    outer loop
      vertex -0.00499900244176 -0.059733401984 0.9048615098
      vertex 1.01047248791e-06 -0.059733401984 0.9048615098
      vertex -0.00499900244176 -0.0617009177804 0.903351783752
    endloop
  endfacet
  facet normal 0 -0.79335385561 -0.608760774136
    outer loop
      vertex -0.00499900244176 -0.0617009177804 0.903351783752
      vertex 1.01047248791e-06 -0.059733401984 0.9048615098
      vertex 1.01047248791e-06 -0.0617009177804 0.903351783752
    endloop
  endfacet
  facet normal 0 -0.608766019344 -0.793349802494
    outer loop
      vertex -0.00499900244176 -0.0617009177804 0.903351783752
      vertex 1.01047248791e-06 -0.0617009177804 0.903351783752
      vertex -0.00499900244176 -0.0632106438279 0.901384294033
    endloop
  endfacet
  facet normal 0 -0.608766019344 -0.793349802494
    outer loop
      vertex -0.00499900244176 -0.0632106438279 0.901384294033
      vertex 1.01047248791e-06 -0.0617009177804 0.903351783752
      vertex 1.01047248791e-06 -0.0632106438279 0.901384294033
    endloop
  endfacet
  facet normal 0 -0.382674217224 -0.923883378506
    outer loop
      vertex -0.00499900244176 -0.0632106438279 0.901384294033
      vertex 1.01047248791e-06 -0.0632106438279 0.901384294033
      vertex -0.00499900244176 -0.0641596987844 0.899093031883
    endloop
  endfacet
  facet normal 0 -0.382674217224 -0.923883378506
    outer loop
      vertex -0.00499900244176 -0.0641596987844 0.899093031883
      vertex 1.01047248791e-06 -0.0632106438279 0.901384294033
      vertex 1.01047248791e-06 -0.0641596987844 0.899093031883
    endloop
  endfacet
  facet normal 0 -0.130529865623 -0.991444349289
    outer loop
      vertex -0.00499900244176 -0.0641596987844 0.899093031883
      vertex 1.01047248791e-06 -0.0641596987844 0.899093031883
      vertex -0.00499900244176 -0.0644834041595 0.896634280682
    endloop
  endfacet
  facet normal 0 -0.130529865623 -0.991444349289
    outer loop
      vertex -0.00499900244176 -0.0644834041595 0.896634280682
      vertex 1.01047248791e-06 -0.0641596987844 0.899093031883
      vertex 1.01047248791e-06 -0.0644834041595 0.896634280682
    endloop
  endfacet
  facet normal 0 0.130524262786 -0.991445124149
    outer loop
      vertex -0.00499900244176 -0.0644834041595 0.896634280682
      vertex 1.01047248791e-06 -0.0644834041595 0.896634280682
      vertex -0.00499900244176 -0.0641596987844 0.894175469875
    endloop
  endfacet
  facet normal 0 0.130524262786 -0.991445124149
    outer loop
      vertex -0.00499900244176 -0.0641596987844 0.894175469875
      vertex 1.01047248791e-06 -0.0644834041595 0.896634280682
      vertex 1.01047248791e-06 -0.0641596987844 0.894175469875
    endloop
  endfacet
  facet normal 0 0.382689505816 -0.923877000809
    outer loop
      vertex -0.00499900244176 -0.0641596987844 0.894175469875
      vertex 1.01047248791e-06 -0.0641596987844 0.894175469875
      vertex -0.00499900244176 -0.0632106438279 0.89188426733
    endloop
  endfacet
  facet normal 0 0.382689505816 -0.923877000809
    outer loop
      vertex -0.00499900244176 -0.0632106438279 0.89188426733
      vertex 1.01047248791e-06 -0.0641596987844 0.894175469875
      vertex 1.01047248791e-06 -0.0632106438279 0.89188426733
    endloop
  endfacet
  facet normal 0 0.608766019344 -0.793349802494
    outer loop
      vertex -0.00499900244176 -0.0632106438279 0.89188426733
      vertex 1.01047248791e-06 -0.0632106438279 0.89188426733
      vertex -0.00499900244176 -0.0617009177804 0.889916777611
    endloop
  endfacet
  facet normal 0 0.608766019344 -0.793349802494
    outer loop
      vertex -0.00499900244176 -0.0617009177804 0.889916777611
      vertex 1.01047248791e-06 -0.0632106438279 0.89188426733
      vertex 1.01047248791e-06 -0.0617009177804 0.889916777611
    endloop
  endfacet
  facet normal 0 0.79335385561 -0.608760774136
    outer loop
      vertex -0.00499900244176 -0.0617009177804 0.889916777611
      vertex 1.01047248791e-06 -0.0617009177804 0.889916777611
      vertex -0.00499900244176 -0.059733401984 0.888407051563
    endloop
  endfacet
  facet normal 0 0.79335385561 -0.608760774136
    outer loop
      vertex -0.00499900244176 -0.059733401984 0.888407051563
      vertex 1.01047248791e-06 -0.0617009177804 0.889916777611
      vertex 1.01047248791e-06 -0.059733401984 0.888407051563
    endloop
  endfacet
  facet normal 0 0.923871457577 -0.382702887058
    outer loop
      vertex -0.00499900244176 -0.059733401984 0.888407051563
      vertex 1.01047248791e-06 -0.059733401984 0.888407051563
      vertex -0.00499900244176 -0.0574421845376 0.887457966805
    endloop
  endfacet
  facet normal 0 0.923871457577 -0.382702887058
    outer loop
      vertex -0.00499900244176 -0.0574421845376 0.887457966805
      vertex 1.01047248791e-06 -0.059733401984 0.888407051563
      vertex 1.01047248791e-06 -0.0574421845376 0.887457966805
    endloop
  endfacet
  facet normal 0 0.991445660591 -0.130519986153
    outer loop
      vertex -0.00499900244176 -0.0574421845376 0.887457966805
      vertex 1.01047248791e-06 -0.0574421845376 0.887457966805
      vertex -0.00499900244176 -0.0549834035337 0.887134253979
    endloop
  endfacet
  facet normal 0 0.991445660591 -0.130519986153
    outer loop
      vertex -0.00499900244176 -0.0549834035337 0.887134253979
      vertex 1.01047248791e-06 -0.0574421845376 0.887457966805
      vertex 1.01047248791e-06 -0.0549834035337 0.887134253979
    endloop
  endfacet
  facet normal -0 0.991445660591 0.130519986153
    outer loop
      vertex -0.00499900244176 -0.0549834035337 0.887134253979
      vertex 1.01047248791e-06 -0.0549834035337 0.887134253979
      vertex -0.00499900244176 -0.052524626255 0.887457966805
    endloop
  endfacet
  facet normal -0 0.991445660591 0.130519986153
    outer loop
      vertex -0.00499900244176 -0.052524626255 0.887457966805
      vertex 1.01047248791e-06 -0.0549834035337 0.887134253979
      vertex 1.01047248791e-06 -0.052524626255 0.887457966805
    endloop
  endfacet
  facet normal -0 0.923871994019 0.382701605558
    outer loop
      vertex -0.00499900244176 -0.052524626255 0.887457966805
      vertex 1.01047248791e-06 -0.052524626255 0.887457966805
      vertex -0.00499900244176 -0.0502334013581 0.888407051563
    endloop
  endfacet
  facet normal -0 0.923871994019 0.382701605558
    outer loop
      vertex -0.00499900244176 -0.0502334013581 0.888407051563
      vertex 1.01047248791e-06 -0.052524626255 0.887457966805
      vertex 1.01047248791e-06 -0.0502334013581 0.888407051563
    endloop
  endfacet
  facet normal -0 0.79335385561 0.608760774136
    outer loop
      vertex -0.00499900244176 -0.0502334013581 0.888407051563
      vertex 1.01047248791e-06 -0.0502334013581 0.888407051563
      vertex -0.00499900244176 -0.0482658855617 0.889916777611
    endloop
  endfacet
  facet normal -0 0.79335385561 0.608760774136
    outer loop
      vertex -0.00499900244176 -0.0482658855617 0.889916777611
      vertex 1.01047248791e-06 -0.0502334013581 0.888407051563
      vertex 1.01047248791e-06 -0.0482658855617 0.889916777611
    endloop
  endfacet
  facet normal -0 0.608766019344 0.793349802494
    outer loop
      vertex -0.00499900244176 -0.0482658855617 0.889916777611
      vertex 1.01047248791e-06 -0.0482658855617 0.889916777611
      vertex -0.00499900244176 -0.0467561595142 0.89188426733
    endloop
  endfacet
  facet normal -0 0.608766019344 0.793349802494
    outer loop
      vertex -0.00499900244176 -0.0467561595142 0.89188426733
      vertex 1.01047248791e-06 -0.0482658855617 0.889916777611
      vertex 1.01047248791e-06 -0.0467561595142 0.89188426733
    endloop
  endfacet
  facet normal -0 0.382689505816 0.923877000809
    outer loop
      vertex -0.00499900244176 -0.0467561595142 0.89188426733
      vertex 1.01047248791e-06 -0.0467561595142 0.89188426733
      vertex -0.00499900244176 -0.0458071045578 0.894175469875
    endloop
  endfacet
  facet normal -0 0.382689505816 0.923877000809
    outer loop
      vertex -0.00499900244176 -0.0458071045578 0.894175469875
      vertex 1.01047248791e-06 -0.0467561595142 0.89188426733
      vertex 1.01047248791e-06 -0.0458071045578 0.894175469875
    endloop
  endfacet
  facet normal 0 0 -1
    outer loop
      vertex -0.119998991489 1.00004569958e-06 1.20000100136
      vertex -0.0594575591385 1.00004569958e-06 0.846634984016
      vertex -0.119998991489 1.00004569958e-06 1.04933940293e-06
    endloop
  endfacet
  facet normal 0 0 -1
    outer loop
      vertex -0.119998991489 1.00004569958e-06 1.04933940293e-06
      vertex -0.0594575591385 1.00004569958e-06 0.846634984016
      vertex -0.0594821311533 1.00004569958e-06 0.100133411586
    endloop
  endfacet
  facet normal 0 0 -1
    outer loop
      vertex -0.119998991489 1.00004569958e-06 1.04933940293e-06
      vertex -0.0594821311533 1.00004569958e-06 0.100133411586
      vertex -0.0594575591385 1.00004569958e-06 0.0501334629953
    endloop
  endfacet
  facet normal 0 0 -1
    outer loop
      vertex -0.0594575591385 1.00004569958e-06 0.0501334629953
      vertex -0.0594821311533 1.00004569958e-06 0.100133411586
      vertex -0.0591584220529 1.00004569958e-06 0.0976746529341
    endloop
  endfacet
  facet normal 0 0 -1
    outer loop
      vertex -0.0594575591385 1.00004569958e-06 0.0501334629953
      vertex -0.0591584220529 1.00004569958e-06 0.0976746529341
      vertex -0.0591338612139 1.00004569958e-06 0.0525922253728
    endloop
  endfacet
  facet normal 0 0 -1
    outer loop
      vertex -0.0591338612139 1.00004569958e-06 0.0525922253728
      vertex -0.0591584220529 1.00004569958e-06 0.0976746529341
      vertex -0.0582093670964 1.00004569958e-06 0.0953833982348
    endloop
  endfacet
  facet normal 0 0 -1
    outer loop
      vertex -0.0591338612139 1.00004569958e-06 0.0525922253728
      vertex -0.0582093670964 1.00004569958e-06 0.0953833982348
      vertex -0.0581848062575 1.00004569958e-06 0.0548834055662
    endloop
  endfacet
  facet normal 0 0 -1
    outer loop
      vertex -0.0581848062575 1.00004569958e-06 0.0548834055662
      vertex -0.0582093670964 1.00004569958e-06 0.0953833982348
      vertex -0.0566996410489 1.00004569958e-06 0.0934159457684
    endloop
  endfacet
  facet normal 0 0 -1
    outer loop
      vertex -0.0581848062575 1.00004569958e-06 0.0548834055662
      vertex -0.0566996410489 1.00004569958e-06 0.0934159457684
      vertex -0.0566750727594 1.00004569958e-06 0.0568509325385
    endloop
  endfacet
  facet normal 0 0 -1
    outer loop
      vertex -0.0566750727594 1.00004569958e-06 0.0568509325385
      vertex -0.0566996410489 1.00004569958e-06 0.0934159457684
      vertex -0.0547321252525 1.00004569958e-06 0.0919061824679
    endloop
  endfacet
  facet normal 0 0 -1
    outer loop
      vertex -0.0566750727594 1.00004569958e-06 0.0568509325385
      vertex -0.0547321252525 1.00004569958e-06 0.0919061824679
      vertex -0.0547075644135 1.00004569958e-06 0.0583606921136
    endloop
  endfacet
  facet normal 0 0 -1
    outer loop
      vertex -0.0547075644135 1.00004569958e-06 0.0583606921136
      vertex -0.0547321252525 1.00004569958e-06 0.0919061824679
      vertex -0.0524409115314 1.00004569958e-06 0.0909571126103
    endloop
  endfacet
  facet normal 0 0 -1
    outer loop
      vertex -0.0547075644135 1.00004569958e-06 0.0583606921136
      vertex -0.0524409115314 1.00004569958e-06 0.0909571126103
      vertex -0.0524163432419 1.00004569958e-06 0.0593097656965
    endloop
  endfacet
  facet normal 0 0 -1
    outer loop
      vertex -0.0524163432419 1.00004569958e-06 0.0593097656965
      vertex -0.0524409115314 1.00004569958e-06 0.0909571126103
      vertex -0.0499821305275 1.00004569958e-06 0.0906334593892
    endloop
  endfacet
  facet normal 0 0 -1
    outer loop
      vertex -0.0524163432419 1.00004569958e-06 0.0593097656965
      vertex -0.0499821305275 1.00004569958e-06 0.0906334593892
      vertex -0.049957562238 1.00004569958e-06 0.0596334189177
    endloop
  endfacet
  facet normal 0 0 -1
    outer loop
      vertex -0.049957562238 1.00004569958e-06 0.0596334189177
      vertex -0.0499821305275 1.00004569958e-06 0.0906334593892
      vertex -0.0475233495235 1.00004569958e-06 0.0909571126103
    endloop
  endfacet
  facet normal 0 0 -1
    outer loop
      vertex -0.049957562238 1.00004569958e-06 0.0596334189177
      vertex -0.0475233495235 1.00004569958e-06 0.0909571126103
      vertex -0.047498781234 1.00004569958e-06 0.0593097656965
    endloop
  endfacet
  facet normal 0 0 -1
    outer loop
      vertex -0.047498781234 1.00004569958e-06 0.0593097656965
      vertex -0.0475233495235 1.00004569958e-06 0.0909571126103
      vertex -0.0452321246266 1.00004569958e-06 0.0919061824679
    endloop
  endfacet
  facet normal 0 0 -1
    outer loop
      vertex -0.047498781234 1.00004569958e-06 0.0593097656965
      vertex -0.0452321246266 1.00004569958e-06 0.0919061824679
      vertex -0.045207567513 1.00004569958e-06 0.0583606921136
    endloop
  endfacet
  facet normal 0 0 -1
    outer loop
      vertex -0.045207567513 1.00004569958e-06 0.0583606921136
      vertex -0.0452321246266 1.00004569958e-06 0.0919061824679
      vertex -0.0432646088302 1.00004569958e-06 0.0934159457684
    endloop
  endfacet
  facet normal 0 0 -1
    outer loop
      vertex -0.045207567513 1.00004569958e-06 0.0583606921136
      vertex -0.0432646088302 1.00004569958e-06 0.0934159457684
      vertex -0.0432400479913 1.00004569958e-06 0.0568509325385
    endloop
  endfacet
  facet normal 0 0 -1
    outer loop
      vertex -0.0432400479913 1.00004569958e-06 0.0568509325385
      vertex -0.0432646088302 1.00004569958e-06 0.0934159457684
      vertex -0.0417548827827 1.00004569958e-06 0.0953833982348
    endloop
  endfacet
  facet normal 0 0 -1
    outer loop
      vertex -0.0432400479913 1.00004569958e-06 0.0568509325385
      vertex -0.0417548827827 1.00004569958e-06 0.0953833982348
      vertex -0.0417303144932 1.00004569958e-06 0.0548834055662
    endloop
  endfacet
  facet normal 0 0 -1
    outer loop
      vertex -0.0417303144932 1.00004569958e-06 0.0548834055662
      vertex -0.0417548827827 1.00004569958e-06 0.0953833982348
      vertex -0.0408058278263 1.00004569958e-06 0.0976746529341
    endloop
  endfacet
  facet normal 0 0 -1
    outer loop
      vertex -0.0417303144932 1.00004569958e-06 0.0548834055662
      vertex -0.0408058278263 1.00004569958e-06 0.0976746529341
      vertex -0.0407812595367 1.00004569958e-06 0.0525922253728
    endloop
  endfacet
  facet normal 0 0 -1
    outer loop
      vertex -0.0407812595367 1.00004569958e-06 0.0525922253728
      vertex -0.0408058278263 1.00004569958e-06 0.0976746529341
      vertex -0.0404821224511 1.00004569958e-06 0.100133411586
    endloop
  endfacet
  facet normal 0 0 -1
    outer loop
      vertex -0.0407812595367 1.00004569958e-06 0.0525922253728
      vertex -0.0404821224511 1.00004569958e-06 0.100133411586
      vertex -0.0404575616121 1.00004569958e-06 0.0501334629953
    endloop
  endfacet
  facet normal 0 0 -1
    outer loop
      vertex -0.0404575616121 1.00004569958e-06 0.0501334629953
      vertex -0.0404821224511 1.00004569958e-06 0.100133411586
      vertex 1.01047248791e-06 1.00004569958e-06 1.04933940293e-06
    endloop
  endfacet
  facet normal 0 -0 -1
    outer loop
      vertex -0.0404575616121 1.00004569958e-06 0.0501334629953
      vertex 1.01047248791e-06 1.00004569958e-06 1.04933940293e-06
      vertex -0.0407812595367 1.00004569958e-06 0.0476746298373
    endloop
  endfacet
  facet normal 0 -0 -1
    outer loop
      vertex -0.0407812595367 1.00004569958e-06 0.0476746298373
      vertex 1.01047248791e-06 1.00004569958e-06 1.04933940293e-06
      vertex -0.0417303144932 1.00004569958e-06 0.0453834496439
    endloop
  endfacet
  facet normal 0 -0 -1
    outer loop
      vertex -0.0417303144932 1.00004569958e-06 0.0453834496439
      vertex 1.01047248791e-06 1.00004569958e-06 1.04933940293e-06
      vertex -0.0432400479913 1.00004569958e-06 0.0434159263968
    endloop
  endfacet
  facet normal 0 -0 -1
    outer loop
      vertex -0.0432400479913 1.00004569958e-06 0.0434159263968
      vertex 1.01047248791e-06 1.00004569958e-06 1.04933940293e-06
      vertex -0.045207567513 1.00004569958e-06 0.0419061630964
    endloop
  endfacet
  facet normal 0 -0 -1
    outer loop
      vertex -0.045207567513 1.00004569958e-06 0.0419061630964
      vertex 1.01047248791e-06 1.00004569958e-06 1.04933940293e-06
      vertex -0.047498781234 1.00004569958e-06 0.0409571640193
    endloop
  endfacet
  facet normal 0 -0 -1
    outer loop
      vertex -0.047498781234 1.00004569958e-06 0.0409571640193
      vertex 1.01047248791e-06 1.00004569958e-06 1.04933940293e-06
      vertex -0.049957562238 1.00004569958e-06 0.0406334362924
    endloop
  endfacet
  facet normal -0 -0 -1
    outer loop
      vertex -0.049957562238 1.00004569958e-06 0.0406334362924
      vertex 1.01047248791e-06 1.00004569958e-06 1.04933940293e-06
      vertex -0.0524163432419 1.00004569958e-06 0.0409571640193
    endloop
  endfacet
  facet normal 0 -0 -1
    outer loop
      vertex -0.0524163432419 1.00004569958e-06 0.0409571640193
      vertex 1.01047248791e-06 1.00004569958e-06 1.04933940293e-06
      vertex -0.119998991489 1.00004569958e-06 1.04933940293e-06
    endloop
  endfacet
  facet normal -0 0 -1
    outer loop
      vertex -0.0524163432419 1.00004569958e-06 0.0409571640193
      vertex -0.119998991489 1.00004569958e-06 1.04933940293e-06
      vertex -0.0547075644135 1.00004569958e-06 0.0419061630964
    endloop
  endfacet
  facet normal -0 0 -1
    outer loop
      vertex -0.0547075644135 1.00004569958e-06 0.0419061630964
      vertex -0.119998991489 1.00004569958e-06 1.04933940293e-06
      vertex -0.0566750727594 1.00004569958e-06 0.0434159263968
    endloop
  endfacet
  facet normal -0 0 -1
    outer loop
      vertex -0.0566750727594 1.00004569958e-06 0.0434159263968
      vertex -0.119998991489 1.00004569958e-06 1.04933940293e-06
      vertex -0.0581848062575 1.00004569958e-06 0.0453834496439
    endloop
  endfacet
  facet normal -0 0 -1
    outer loop
      vertex -0.0581848062575 1.00004569958e-06 0.0453834496439
      vertex -0.119998991489 1.00004569958e-06 1.04933940293e-06
      vertex -0.0591338612139 1.00004569958e-06 0.0476746298373
    endloop
  endfacet
  facet normal -0 0 -1
    outer loop
      vertex -0.0591338612139 1.00004569958e-06 0.0476746298373
      vertex -0.119998991489 1.00004569958e-06 1.04933940293e-06
      vertex -0.0594575591385 1.00004569958e-06 0.0501334629953
    endloop
  endfacet
  facet normal -0 0 -1
    outer loop
      vertex 1.01047248791e-06 1.00004569958e-06 1.20000100136
      vertex -0.0547321252525 1.00004569958e-06 0.904862225056
      vertex -0.119998991489 1.00004569958e-06 1.20000100136
    endloop
  endfacet
  facet normal 0 0 -1
    outer loop
      vertex -0.119998991489 1.00004569958e-06 1.20000100136
      vertex -0.0547321252525 1.00004569958e-06 0.904862225056
      vertex -0.0566996410489 1.00004569958e-06 0.903352499008
    endloop
  endfacet
  facet normal 0 0 -1
    outer loop
      vertex -0.119998991489 1.00004569958e-06 1.20000100136
      vertex -0.0566996410489 1.00004569958e-06 0.903352499008
      vertex -0.0582093670964 1.00004569958e-06 0.901385009289
    endloop
  endfacet
  facet normal 0 0 -1
    outer loop
      vertex 1.01047248791e-06 1.00004569958e-06 1.04933940293e-06
      vertex -0.0404575616121 1.00004569958e-06 0.846634984016
      vertex 1.01047248791e-06 1.00004569958e-06 1.20000100136
    endloop
  endfacet
  facet normal 0 0 -1
    outer loop
      vertex 1.01047248791e-06 1.00004569958e-06 1.20000100136
      vertex -0.0404575616121 1.00004569958e-06 0.846634984016
      vertex -0.0404821224511 1.00004569958e-06 0.896634995937
    endloop
  endfacet
  facet normal 0 0 -1
    outer loop
      vertex 1.01047248791e-06 1.00004569958e-06 1.20000100136
      vertex -0.0404821224511 1.00004569958e-06 0.896634995937
      vertex -0.0408058278263 1.00004569958e-06 0.899093747139
    endloop
  endfacet
  facet normal -0 0 -1
    outer loop
      vertex -0.0591584220529 1.00004569958e-06 0.894176185131
      vertex -0.0594575591385 1.00004569958e-06 0.846634984016
      vertex -0.0594821311533 1.00004569958e-06 0.896634995937
    endloop
  endfacet
  facet normal -0 -0 -1
    outer loop
      vertex -0.0594821311533 1.00004569958e-06 0.896634995937
      vertex -0.0594575591385 1.00004569958e-06 0.846634984016
      vertex -0.119998991489 1.00004569958e-06 1.20000100136
    endloop
  endfacet
  facet normal 0 0 -1
    outer loop
      vertex -0.0594821311533 1.00004569958e-06 0.896634995937
      vertex -0.119998991489 1.00004569958e-06 1.20000100136
      vertex -0.0591584220529 1.00004569958e-06 0.899093747139
    endloop
  endfacet
  facet normal 0 0 -1
    outer loop
      vertex -0.0591584220529 1.00004569958e-06 0.899093747139
      vertex -0.119998991489 1.00004569958e-06 1.20000100136
      vertex -0.0582093670964 1.00004569958e-06 0.901385009289
    endloop
  endfacet
  facet normal 0 0 -1
    outer loop
      vertex -0.0594575591385 1.00004569958e-06 0.846634984016
      vertex -0.0591584220529 1.00004569958e-06 0.894176185131
      vertex -0.0591338612139 1.00004569958e-06 0.849093735218
    endloop
  endfacet
  facet normal 0 0 -1
    outer loop
      vertex -0.0591338612139 1.00004569958e-06 0.849093735218
      vertex -0.0591584220529 1.00004569958e-06 0.894176185131
      vertex -0.0582093670964 1.00004569958e-06 0.891884982586
    endloop
  endfacet
  facet normal 0 0 -1
    outer loop
      vertex -0.0591338612139 1.00004569958e-06 0.849093735218
      vertex -0.0582093670964 1.00004569958e-06 0.891884982586
      vertex -0.0581848062575 1.00004569958e-06 0.851384997368
    endloop
  endfacet
  facet normal 0 0 -1
    outer loop
      vertex -0.0581848062575 1.00004569958e-06 0.851384997368
      vertex -0.0582093670964 1.00004569958e-06 0.891884982586
      vertex -0.0566996410489 1.00004569958e-06 0.889917492867
    endloop
  endfacet
  facet normal 0 0 -1
    outer loop
      vertex -0.0581848062575 1.00004569958e-06 0.851384997368
      vertex -0.0566996410489 1.00004569958e-06 0.889917492867
      vertex -0.0566750727594 1.00004569958e-06 0.853352487087
    endloop
  endfacet
  facet normal 0 0 -1
    outer loop
      vertex -0.0566750727594 1.00004569958e-06 0.853352487087
      vertex -0.0566996410489 1.00004569958e-06 0.889917492867
      vertex -0.0547321252525 1.00004569958e-06 0.888407766819
    endloop
  endfacet
  facet normal 0 0 -1
    outer loop
      vertex -0.0566750727594 1.00004569958e-06 0.853352487087
      vertex -0.0547321252525 1.00004569958e-06 0.888407766819
      vertex -0.0547075644135 1.00004569958e-06 0.854862213135
    endloop
  endfacet
  facet normal 0 0 -1
    outer loop
      vertex -0.0547075644135 1.00004569958e-06 0.854862213135
      vertex -0.0547321252525 1.00004569958e-06 0.888407766819
      vertex -0.0524409115314 1.00004569958e-06 0.88745868206
    endloop
  endfacet
  facet normal 0 0 -1
    outer loop
      vertex -0.0547075644135 1.00004569958e-06 0.854862213135
      vertex -0.0524409115314 1.00004569958e-06 0.88745868206
      vertex -0.0524163432419 1.00004569958e-06 0.855811297894
    endloop
  endfacet
  facet normal 0 0 -1
    outer loop
      vertex -0.0524163432419 1.00004569958e-06 0.855811297894
      vertex -0.0524409115314 1.00004569958e-06 0.88745868206
      vertex -0.0499821305275 1.00004569958e-06 0.887134969234
    endloop
  endfacet
  facet normal 0 0 -1
    outer loop
      vertex -0.0524163432419 1.00004569958e-06 0.855811297894
      vertex -0.0499821305275 1.00004569958e-06 0.887134969234
      vertex -0.049957562238 1.00004569958e-06 0.856134951115
    endloop
  endfacet
  facet normal 0 0 -1
    outer loop
      vertex -0.049957562238 1.00004569958e-06 0.856134951115
      vertex -0.0499821305275 1.00004569958e-06 0.887134969234
      vertex -0.0475233495235 1.00004569958e-06 0.88745868206
    endloop
  endfacet
  facet normal 0 0 -1
    outer loop
      vertex -0.049957562238 1.00004569958e-06 0.856134951115
      vertex -0.0475233495235 1.00004569958e-06 0.88745868206
      vertex -0.047498781234 1.00004569958e-06 0.855811297894
    endloop
  endfacet
  facet normal 0 0 -1
    outer loop
      vertex -0.047498781234 1.00004569958e-06 0.855811297894
      vertex -0.0475233495235 1.00004569958e-06 0.88745868206
      vertex -0.0452321246266 1.00004569958e-06 0.888407766819
    endloop
  endfacet
  facet normal 0 0 -1
    outer loop
      vertex -0.047498781234 1.00004569958e-06 0.855811297894
      vertex -0.0452321246266 1.00004569958e-06 0.888407766819
      vertex -0.045207567513 1.00004569958e-06 0.854862213135
    endloop
  endfacet
  facet normal 0 0 -1
    outer loop
      vertex -0.045207567513 1.00004569958e-06 0.854862213135
      vertex -0.0452321246266 1.00004569958e-06 0.888407766819
      vertex -0.0432646088302 1.00004569958e-06 0.889917492867
    endloop
  endfacet
  facet normal 0 0 -1
    outer loop
      vertex -0.045207567513 1.00004569958e-06 0.854862213135
      vertex -0.0432646088302 1.00004569958e-06 0.889917492867
      vertex -0.0432400479913 1.00004569958e-06 0.853352487087
    endloop
  endfacet
  facet normal 0 0 -1
    outer loop
      vertex -0.0432400479913 1.00004569958e-06 0.853352487087
      vertex -0.0432646088302 1.00004569958e-06 0.889917492867
      vertex -0.0417548827827 1.00004569958e-06 0.891884982586
    endloop
  endfacet
  facet normal 0 0 -1
    outer loop
      vertex -0.0432400479913 1.00004569958e-06 0.853352487087
      vertex -0.0417548827827 1.00004569958e-06 0.891884982586
      vertex -0.0417303144932 1.00004569958e-06 0.851384997368
    endloop
  endfacet
  facet normal 0 0 -1
    outer loop
      vertex -0.0417303144932 1.00004569958e-06 0.851384997368
      vertex -0.0417548827827 1.00004569958e-06 0.891884982586
      vertex -0.0408058278263 1.00004569958e-06 0.894176185131
    endloop
  endfacet
  facet normal 0 0 -1
    outer loop
      vertex -0.0417303144932 1.00004569958e-06 0.851384997368
      vertex -0.0408058278263 1.00004569958e-06 0.894176185131
      vertex -0.0407812595367 1.00004569958e-06 0.849093735218
    endloop
  endfacet
  facet normal 0 0 -1
    outer loop
      vertex -0.0407812595367 1.00004569958e-06 0.849093735218
      vertex -0.0408058278263 1.00004569958e-06 0.894176185131
      vertex -0.0404821224511 1.00004569958e-06 0.896634995937
    endloop
  endfacet
  facet normal 0 0 -1
    outer loop
      vertex -0.0407812595367 1.00004569958e-06 0.849093735218
      vertex -0.0404821224511 1.00004569958e-06 0.896634995937
      vertex -0.0404575616121 1.00004569958e-06 0.846634984016
    endloop
  endfacet
  facet normal 0 0 -1
    outer loop
      vertex -0.0408058278263 1.00004569958e-06 0.899093747139
      vertex -0.0417548827827 1.00004569958e-06 0.901385009289
      vertex 1.01047248791e-06 1.00004569958e-06 1.20000100136
    endloop
  endfacet
  facet normal 0 0 -1
    outer loop
      vertex 1.01047248791e-06 1.00004569958e-06 1.20000100136
      vertex -0.0417548827827 1.00004569958e-06 0.901385009289
      vertex -0.0432646088302 1.00004569958e-06 0.903352499008
    endloop
  endfacet
  facet normal 0 0 -1
    outer loop
      vertex 1.01047248791e-06 1.00004569958e-06 1.20000100136
      vertex -0.0432646088302 1.00004569958e-06 0.903352499008
      vertex -0.0452321246266 1.00004569958e-06 0.904862225056
    endloop
  endfacet
  facet normal 0 0 -1
    outer loop
      vertex -0.0452321246266 1.00004569958e-06 0.904862225056
      vertex -0.0475233495235 1.00004569958e-06 0.90581125021
      vertex 1.01047248791e-06 1.00004569958e-06 1.20000100136
    endloop
  endfacet
  facet normal 0 0 -1
    outer loop
      vertex 1.01047248791e-06 1.00004569958e-06 1.20000100136
      vertex -0.0475233495235 1.00004569958e-06 0.90581125021
      vertex -0.0499821305275 1.00004569958e-06 0.906134963036
    endloop
  endfacet
  facet normal 0 0 -1
    outer loop
      vertex 1.01047248791e-06 1.00004569958e-06 1.20000100136
      vertex -0.0499821305275 1.00004569958e-06 0.906134963036
      vertex -0.0524409115314 1.00004569958e-06 0.90581125021
    endloop
  endfacet
  facet normal -0 0 -1
    outer loop
      vertex -0.0524409115314 1.00004569958e-06 0.90581125021
      vertex -0.0547321252525 1.00004569958e-06 0.904862225056
      vertex 1.01047248791e-06 1.00004569958e-06 1.20000100136
    endloop
  endfacet
  facet normal 0 0 -1
    outer loop
      vertex -0.0408058278263 1.00004569958e-06 0.102592244744
      vertex -0.0407812595367 1.00004569958e-06 0.84417617321
      vertex -0.0404821224511 1.00004569958e-06 0.100133411586
    endloop
  endfacet
  facet normal 0 0 -1
    outer loop
      vertex -0.0404821224511 1.00004569958e-06 0.100133411586
      vertex -0.0407812595367 1.00004569958e-06 0.84417617321
      vertex -0.0404575616121 1.00004569958e-06 0.846634984016
    endloop
  endfacet
  facet normal 0 0 -1
    outer loop
      vertex -0.0404821224511 1.00004569958e-06 0.100133411586
      vertex -0.0404575616121 1.00004569958e-06 0.846634984016
      vertex 1.01047248791e-06 1.00004569958e-06 1.04933940293e-06
    endloop
  endfacet
  facet normal 0 0 -1
    outer loop
      vertex -0.0407812595367 1.00004569958e-06 0.84417617321
      vertex -0.0408058278263 1.00004569958e-06 0.102592244744
      vertex -0.0417303144932 1.00004569958e-06 0.841884970665
    endloop
  endfacet
  facet normal 0 -0 -1
    outer loop
      vertex -0.0417303144932 1.00004569958e-06 0.841884970665
      vertex -0.0408058278263 1.00004569958e-06 0.102592244744
      vertex -0.0417548827827 1.00004569958e-06 0.104883424938
    endloop
  endfacet
  facet normal 0 0 -1
    outer loop
      vertex -0.0417303144932 1.00004569958e-06 0.841884970665
      vertex -0.0417548827827 1.00004569958e-06 0.104883424938
      vertex -0.0432400479913 1.00004569958e-06 0.839917480946
    endloop
  endfacet
  facet normal 0 -0 -1
    outer loop
      vertex -0.0432400479913 1.00004569958e-06 0.839917480946
      vertex -0.0417548827827 1.00004569958e-06 0.104883424938
      vertex -0.0432646088302 1.00004569958e-06 0.10685095191
    endloop
  endfacet
  facet normal 0 0 -1
    outer loop
      vertex -0.0432400479913 1.00004569958e-06 0.839917480946
      vertex -0.0432646088302 1.00004569958e-06 0.10685095191
      vertex -0.045207567513 1.00004569958e-06 0.838407754898
    endloop
  endfacet
  facet normal 0 -0 -1
    outer loop
      vertex -0.045207567513 1.00004569958e-06 0.838407754898
      vertex -0.0432646088302 1.00004569958e-06 0.10685095191
      vertex -0.0452321246266 1.00004569958e-06 0.10836071521
    endloop
  endfacet
  facet normal 0 0 -1
    outer loop
      vertex -0.045207567513 1.00004569958e-06 0.838407754898
      vertex -0.0452321246266 1.00004569958e-06 0.10836071521
      vertex -0.047498781234 1.00004569958e-06 0.837458670139
    endloop
  endfacet
  facet normal 0 -0 -1
    outer loop
      vertex -0.047498781234 1.00004569958e-06 0.837458670139
      vertex -0.0452321246266 1.00004569958e-06 0.10836071521
      vertex -0.0475233495235 1.00004569958e-06 0.109309718013
    endloop
  endfacet
  facet normal 0 0 -1
    outer loop
      vertex -0.047498781234 1.00004569958e-06 0.837458670139
      vertex -0.0475233495235 1.00004569958e-06 0.109309718013
      vertex -0.049957562238 1.00004569958e-06 0.837134957314
    endloop
  endfacet
  facet normal 0 -0 -1
    outer loop
      vertex -0.049957562238 1.00004569958e-06 0.837134957314
      vertex -0.0475233495235 1.00004569958e-06 0.109309718013
      vertex -0.0499821305275 1.00004569958e-06 0.109633438289
    endloop
  endfacet
  facet normal -0 0 -1
    outer loop
      vertex -0.049957562238 1.00004569958e-06 0.837134957314
      vertex -0.0499821305275 1.00004569958e-06 0.109633438289
      vertex -0.0524163432419 1.00004569958e-06 0.837458670139
    endloop
  endfacet
  facet normal 0 -0 -1
    outer loop
      vertex -0.0524163432419 1.00004569958e-06 0.837458670139
      vertex -0.0499821305275 1.00004569958e-06 0.109633438289
      vertex -0.0524409115314 1.00004569958e-06 0.109309718013
    endloop
  endfacet
  facet normal -0 0 -1
    outer loop
      vertex -0.0524163432419 1.00004569958e-06 0.837458670139
      vertex -0.0524409115314 1.00004569958e-06 0.109309718013
      vertex -0.0547075644135 1.00004569958e-06 0.838407754898
    endloop
  endfacet
  facet normal 0 -0 -1
    outer loop
      vertex -0.0547075644135 1.00004569958e-06 0.838407754898
      vertex -0.0524409115314 1.00004569958e-06 0.109309718013
      vertex -0.0547321252525 1.00004569958e-06 0.10836071521
    endloop
  endfacet
  facet normal -0 0 -1
    outer loop
      vertex -0.0547075644135 1.00004569958e-06 0.838407754898
      vertex -0.0547321252525 1.00004569958e-06 0.10836071521
      vertex -0.0566750727594 1.00004569958e-06 0.839917480946
    endloop
  endfacet
  facet normal 0 -0 -1
    outer loop
      vertex -0.0566750727594 1.00004569958e-06 0.839917480946
      vertex -0.0547321252525 1.00004569958e-06 0.10836071521
      vertex -0.0566996410489 1.00004569958e-06 0.10685095191
    endloop
  endfacet
  facet normal -0 0 -1
    outer loop
      vertex -0.0566750727594 1.00004569958e-06 0.839917480946
      vertex -0.0566996410489 1.00004569958e-06 0.10685095191
      vertex -0.0581848062575 1.00004569958e-06 0.841884970665
    endloop
  endfacet
  facet normal 0 -0 -1
    outer loop
      vertex -0.0581848062575 1.00004569958e-06 0.841884970665
      vertex -0.0566996410489 1.00004569958e-06 0.10685095191
      vertex -0.0582093670964 1.00004569958e-06 0.104883424938
    endloop
  endfacet
  facet normal -0 0 -1
    outer loop
      vertex -0.0581848062575 1.00004569958e-06 0.841884970665
      vertex -0.0582093670964 1.00004569958e-06 0.104883424938
      vertex -0.0591338612139 1.00004569958e-06 0.84417617321
    endloop
  endfacet
  facet normal 0 -0 -1
    outer loop
      vertex -0.0591338612139 1.00004569958e-06 0.84417617321
      vertex -0.0582093670964 1.00004569958e-06 0.104883424938
      vertex -0.0591584220529 1.00004569958e-06 0.102592244744
    endloop
  endfacet
  facet normal -0 0 -1
    outer loop
      vertex -0.0591338612139 1.00004569958e-06 0.84417617321
      vertex -0.0591584220529 1.00004569958e-06 0.102592244744
      vertex -0.0594575591385 1.00004569958e-06 0.846634984016
    endloop
  endfacet
  facet normal 0 -0 -1
    outer loop
      vertex -0.0594575591385 1.00004569958e-06 0.846634984016
      vertex -0.0591584220529 1.00004569958e-06 0.102592244744
      vertex -0.0594821311533 1.00004569958e-06 0.100133411586
    endloop
  endfacet
  facet normal 1 0 0
    outer loop
      vertex 1.01047248791e-06 1.00004569958e-06 1.04933940293e-06
      vertex 1.01047248791e-06 -0.0550079643726 0.0406327210367
      vertex 1.01047248791e-06 -0.119998991489 1.04933940293e-06
    endloop
  endfacet
  facet normal 1 0 0
    outer loop
      vertex 1.01047248791e-06 -0.119998991489 1.04933940293e-06
      vertex 1.01047248791e-06 -0.0550079643726 0.0406327210367
      vertex 1.01047248791e-06 -0.0574667453766 0.0409564487636
    endloop
  endfacet
  facet normal 1 0 0
    outer loop
      vertex 1.01047248791e-06 -0.119998991489 1.04933940293e-06
      vertex 1.01047248791e-06 -0.0574667453766 0.0409564487636
      vertex 1.01047248791e-06 -0.0597579702735 0.0419055186212
    endloop
  endfacet
  facet normal 1 0 0
    outer loop
      vertex 1.01047248791e-06 1.00004569958e-06 1.20000100136
      vertex 1.01047248791e-06 -0.0455079674721 0.846634268761
      vertex 1.01047248791e-06 1.00004569958e-06 1.04933940293e-06
    endloop
  endfacet
  facet normal 1 0 0
    outer loop
      vertex 1.01047248791e-06 1.00004569958e-06 1.04933940293e-06
      vertex 1.01047248791e-06 -0.0455079674721 0.846634268761
      vertex 1.01047248791e-06 -0.0454833954573 0.100132696331
    endloop
  endfacet
  facet normal 1 0 0
    outer loop
      vertex 1.01047248791e-06 1.00004569958e-06 1.04933940293e-06
      vertex 1.01047248791e-06 -0.0454833954573 0.100132696331
      vertex 1.01047248791e-06 -0.0455079674721 0.0501327477396
    endloop
  endfacet
  facet normal 1 -0 0
    outer loop
      vertex 1.01047248791e-06 -0.0455079674721 0.0501327477396
      vertex 1.01047248791e-06 -0.0454833954573 0.100132696331
      vertex 1.01047248791e-06 -0.0458071045578 0.0976739376783
    endloop
  endfacet
  facet normal 1 0 0
    outer loop
      vertex 1.01047248791e-06 -0.0455079674721 0.0501327477396
      vertex 1.01047248791e-06 -0.0458071045578 0.0976739376783
      vertex 1.01047248791e-06 -0.0458316728473 0.0525915101171
    endloop
  endfacet
  facet normal 1 -0 0
    outer loop
      vertex 1.01047248791e-06 -0.0458316728473 0.0525915101171
      vertex 1.01047248791e-06 -0.0458071045578 0.0976739376783
      vertex 1.01047248791e-06 -0.0467561595142 0.0953827574849
    endloop
  endfacet
  facet normal 1 0 0
    outer loop
      vertex 1.01047248791e-06 -0.0458316728473 0.0525915101171
      vertex 1.01047248791e-06 -0.0467561595142 0.0953827574849
      vertex 1.01047248791e-06 -0.0467807278037 0.054882761091
    endloop
  endfacet
  facet normal 1 -0 0
    outer loop
      vertex 1.01047248791e-06 -0.0467807278037 0.054882761091
      vertex 1.01047248791e-06 -0.0467561595142 0.0953827574849
      vertex 1.01047248791e-06 -0.0482658855617 0.0934152305126
    endloop
  endfacet
  facet normal 1 0 0
    outer loop
      vertex 1.01047248791e-06 -0.0467807278037 0.054882761091
      vertex 1.01047248791e-06 -0.0482658855617 0.0934152305126
      vertex 1.01047248791e-06 -0.0482904538512 0.0568502172828
    endloop
  endfacet
  facet normal 1 -0 0
    outer loop
      vertex 1.01047248791e-06 -0.0482904538512 0.0568502172828
      vertex 1.01047248791e-06 -0.0482658855617 0.0934152305126
      vertex 1.01047248791e-06 -0.0502334013581 0.0919054672122
    endloop
  endfacet
  facet normal 1 0 0
    outer loop
      vertex 1.01047248791e-06 -0.0482904538512 0.0568502172828
      vertex 1.01047248791e-06 -0.0502334013581 0.0919054672122
      vertex 1.01047248791e-06 -0.0502579621971 0.0583599768579
    endloop
  endfacet
  facet normal 1 -0 0
    outer loop
      vertex 1.01047248791e-06 -0.0502579621971 0.0583599768579
      vertex 1.01047248791e-06 -0.0502334013581 0.0919054672122
      vertex 1.01047248791e-06 -0.052524626255 0.0909564718604
    endloop
  endfacet
  facet normal 1 0 0
    outer loop
      vertex 1.01047248791e-06 -0.0502579621971 0.0583599768579
      vertex 1.01047248791e-06 -0.052524626255 0.0909564718604
      vertex 1.01047248791e-06 -0.0525491833687 0.0593090504408
    endloop
  endfacet
  facet normal 1 -0 0
    outer loop
      vertex 1.01047248791e-06 -0.0525491833687 0.0593090504408
      vertex 1.01047248791e-06 -0.052524626255 0.0909564718604
      vertex 1.01047248791e-06 -0.0549834035337 0.0906327441335
    endloop
  endfacet
  facet normal 1 0 0
    outer loop
      vertex 1.01047248791e-06 -0.0525491833687 0.0593090504408
      vertex 1.01047248791e-06 -0.0549834035337 0.0906327441335
      vertex 1.01047248791e-06 -0.0550079643726 0.0596327036619
    endloop
  endfacet
  facet normal 1 -0 0
    outer loop
      vertex 1.01047248791e-06 -0.0550079643726 0.0596327036619
      vertex 1.01047248791e-06 -0.0549834035337 0.0906327441335
      vertex 1.01047248791e-06 -0.0574421845376 0.0909564718604
    endloop
  endfacet
  facet normal 1 0 -0
    outer loop
      vertex 1.01047248791e-06 -0.0550079643726 0.0596327036619
      vertex 1.01047248791e-06 -0.0574421845376 0.0909564718604
      vertex 1.01047248791e-06 -0.0574667453766 0.0593090504408
    endloop
  endfacet
  facet normal 1 -0 0
    outer loop
      vertex 1.01047248791e-06 -0.0574667453766 0.0593090504408
      vertex 1.01047248791e-06 -0.0574421845376 0.0909564718604
      vertex 1.01047248791e-06 -0.059733401984 0.0919054672122
    endloop
  endfacet
  facet normal 1 0 -0
    outer loop
      vertex 1.01047248791e-06 -0.0574667453766 0.0593090504408
      vertex 1.01047248791e-06 -0.059733401984 0.0919054672122
      vertex 1.01047248791e-06 -0.0597579702735 0.0583599768579
    endloop
  endfacet
  facet normal 1 -0 0
    outer loop
      vertex 1.01047248791e-06 -0.0597579702735 0.0583599768579
      vertex 1.01047248791e-06 -0.059733401984 0.0919054672122
      vertex 1.01047248791e-06 -0.0617009177804 0.0934152305126
    endloop
  endfacet
  facet normal 1 0 -0
    outer loop
      vertex 1.01047248791e-06 -0.0597579702735 0.0583599768579
      vertex 1.01047248791e-06 -0.0617009177804 0.0934152305126
      vertex 1.01047248791e-06 -0.0617254786193 0.0568502172828
    endloop
  endfacet
  facet normal 1 -0 0
    outer loop
      vertex 1.01047248791e-06 -0.0617254786193 0.0568502172828
      vertex 1.01047248791e-06 -0.0617009177804 0.0934152305126
      vertex 1.01047248791e-06 -0.0632106438279 0.0953827574849
    endloop
  endfacet
  facet normal 1 0 -0
    outer loop
      vertex 1.01047248791e-06 -0.0617254786193 0.0568502172828
      vertex 1.01047248791e-06 -0.0632106438279 0.0953827574849
      vertex 1.01047248791e-06 -0.0632352083921 0.054882761091
    endloop
  endfacet
  facet normal 1 -0 0
    outer loop
      vertex 1.01047248791e-06 -0.0632352083921 0.054882761091
      vertex 1.01047248791e-06 -0.0632106438279 0.0953827574849
      vertex 1.01047248791e-06 -0.0641596987844 0.0976739376783
    endloop
  endfacet
  facet normal 1 0 -0
    outer loop
      vertex 1.01047248791e-06 -0.0632352083921 0.054882761091
      vertex 1.01047248791e-06 -0.0641596987844 0.0976739376783
      vertex 1.01047248791e-06 -0.064184255898 0.0525915101171
    endloop
  endfacet
  facet normal 1 -0 0
    outer loop
      vertex 1.01047248791e-06 -0.064184255898 0.0525915101171
      vertex 1.01047248791e-06 -0.0641596987844 0.0976739376783
      vertex 1.01047248791e-06 -0.0644834041595 0.100132696331
    endloop
  endfacet
  facet normal 1 0 -0
    outer loop
      vertex 1.01047248791e-06 -0.064184255898 0.0525915101171
      vertex 1.01047248791e-06 -0.0644834041595 0.100132696331
      vertex 1.01047248791e-06 -0.0645079612732 0.0501327477396
    endloop
  endfacet
  facet normal 1 -0 -0
    outer loop
      vertex 1.01047248791e-06 -0.0645079612732 0.0501327477396
      vertex 1.01047248791e-06 -0.0644834041595 0.100132696331
      vertex 1.01047248791e-06 -0.119998991489 1.04933940293e-06
    endloop
  endfacet
  facet normal 1 0 0
    outer loop
      vertex 1.01047248791e-06 -0.0645079612732 0.0501327477396
      vertex 1.01047248791e-06 -0.119998991489 1.04933940293e-06
      vertex 1.01047248791e-06 -0.064184255898 0.0476739853621
    endloop
  endfacet
  facet normal 1 0 0
    outer loop
      vertex 1.01047248791e-06 -0.064184255898 0.0476739853621
      vertex 1.01047248791e-06 -0.119998991489 1.04933940293e-06
      vertex 1.01047248791e-06 -0.0632352083921 0.0453827343881
    endloop
  endfacet
  facet normal 1 0 0
    outer loop
      vertex 1.01047248791e-06 -0.0632352083921 0.0453827343881
      vertex 1.01047248791e-06 -0.119998991489 1.04933940293e-06
      vertex 1.01047248791e-06 -0.0617254786193 0.0434152111411
    endloop
  endfacet
  facet normal 1 0 0
    outer loop
      vertex 1.01047248791e-06 -0.0617254786193 0.0434152111411
      vertex 1.01047248791e-06 -0.119998991489 1.04933940293e-06
      vertex 1.01047248791e-06 -0.0597579702735 0.0419055186212
    endloop
  endfacet
  facet normal 1 0 0
    outer loop
      vertex 1.01047248791e-06 -0.119998991489 1.20000100136
      vertex 1.01047248791e-06 -0.0574421845376 0.905810594559
      vertex 1.01047248791e-06 1.00004569958e-06 1.20000100136
    endloop
  endfacet
  facet normal 1 0 0
    outer loop
      vertex 1.01047248791e-06 1.00004569958e-06 1.20000100136
      vertex 1.01047248791e-06 -0.0574421845376 0.905810594559
      vertex 1.01047248791e-06 -0.0549834035337 0.906134307384
    endloop
  endfacet
  facet normal 1 0 0
    outer loop
      vertex 1.01047248791e-06 1.00004569958e-06 1.20000100136
      vertex 1.01047248791e-06 -0.0549834035337 0.906134307384
      vertex 1.01047248791e-06 -0.052524626255 0.905810594559
    endloop
  endfacet
  facet normal 1 -0 0
    outer loop
      vertex 1.01047248791e-06 -0.119998991489 1.04933940293e-06
      vertex 1.01047248791e-06 -0.0645079612732 0.846634268761
      vertex 1.01047248791e-06 -0.119998991489 1.20000100136
    endloop
  endfacet
  facet normal 1 0 0
    outer loop
      vertex 1.01047248791e-06 -0.119998991489 1.20000100136
      vertex 1.01047248791e-06 -0.0645079612732 0.846634268761
      vertex 1.01047248791e-06 -0.0644834041595 0.896634280682
    endloop
  endfacet
  facet normal 1 0 0
    outer loop
      vertex 1.01047248791e-06 -0.119998991489 1.20000100136
      vertex 1.01047248791e-06 -0.0644834041595 0.896634280682
      vertex 1.01047248791e-06 -0.0641596987844 0.899093031883
    endloop
  endfacet
  facet normal 1 0 0
    outer loop
      vertex 1.01047248791e-06 -0.0458071045578 0.894175469875
      vertex 1.01047248791e-06 -0.0455079674721 0.846634268761
      vertex 1.01047248791e-06 -0.0454833954573 0.896634280682
    endloop
  endfacet
  facet normal 1 0 0
    outer loop
      vertex 1.01047248791e-06 -0.0454833954573 0.896634280682
      vertex 1.01047248791e-06 -0.0455079674721 0.846634268761
      vertex 1.01047248791e-06 1.00004569958e-06 1.20000100136
    endloop
  endfacet
  facet normal 1 -0 0
    outer loop
      vertex 1.01047248791e-06 -0.0454833954573 0.896634280682
      vertex 1.01047248791e-06 1.00004569958e-06 1.20000100136
      vertex 1.01047248791e-06 -0.0458071045578 0.899093031883
    endloop
  endfacet
  facet normal 1 -0 0
    outer loop
      vertex 1.01047248791e-06 -0.0458071045578 0.899093031883
      vertex 1.01047248791e-06 1.00004569958e-06 1.20000100136
      vertex 1.01047248791e-06 -0.0467561595142 0.901384294033
    endloop
  endfacet
  facet normal 1 -0 0
    outer loop
      vertex 1.01047248791e-06 -0.0467561595142 0.901384294033
      vertex 1.01047248791e-06 1.00004569958e-06 1.20000100136
      vertex 1.01047248791e-06 -0.0482658855617 0.903351783752
    endloop
  endfacet
  facet normal 1 -0 0
    outer loop
      vertex 1.01047248791e-06 -0.0482658855617 0.903351783752
      vertex 1.01047248791e-06 1.00004569958e-06 1.20000100136
      vertex 1.01047248791e-06 -0.0502334013581 0.9048615098
    endloop
  endfacet
  facet normal 1 -0 0
    outer loop
      vertex 1.01047248791e-06 -0.0502334013581 0.9048615098
      vertex 1.01047248791e-06 1.00004569958e-06 1.20000100136
      vertex 1.01047248791e-06 -0.052524626255 0.905810594559
    endloop
  endfacet
  facet normal 1 0 0
    outer loop
      vertex 1.01047248791e-06 -0.0455079674721 0.846634268761
      vertex 1.01047248791e-06 -0.0458071045578 0.894175469875
      vertex 1.01047248791e-06 -0.0458316728473 0.849093079567
    endloop
  endfacet
  facet normal 1 -0 0
    outer loop
      vertex 1.01047248791e-06 -0.0458316728473 0.849093079567
      vertex 1.01047248791e-06 -0.0458071045578 0.894175469875
      vertex 1.01047248791e-06 -0.0467561595142 0.89188426733
    endloop
  endfacet
  facet normal 1 0 0
    outer loop
      vertex 1.01047248791e-06 -0.0458316728473 0.849093079567
      vertex 1.01047248791e-06 -0.0467561595142 0.89188426733
      vertex 1.01047248791e-06 -0.0467807278037 0.851384282112
    endloop
  endfacet
  facet normal 1 -0 0
    outer loop
      vertex 1.01047248791e-06 -0.0467807278037 0.851384282112
      vertex 1.01047248791e-06 -0.0467561595142 0.89188426733
      vertex 1.01047248791e-06 -0.0482658855617 0.889916777611
    endloop
  endfacet
  facet normal 1 0 0
    outer loop
      vertex 1.01047248791e-06 -0.0467807278037 0.851384282112
      vertex 1.01047248791e-06 -0.0482658855617 0.889916777611
      vertex 1.01047248791e-06 -0.0482904538512 0.853351771832
    endloop
  endfacet
  facet normal 1 -0 0
    outer loop
      vertex 1.01047248791e-06 -0.0482904538512 0.853351771832
      vertex 1.01047248791e-06 -0.0482658855617 0.889916777611
      vertex 1.01047248791e-06 -0.0502334013581 0.888407051563
    endloop
  endfacet
  facet normal 1 0 0
    outer loop
      vertex 1.01047248791e-06 -0.0482904538512 0.853351771832
      vertex 1.01047248791e-06 -0.0502334013581 0.888407051563
      vertex 1.01047248791e-06 -0.0502579621971 0.854861497879
    endloop
  endfacet
  facet normal 1 -0 0
    outer loop
      vertex 1.01047248791e-06 -0.0502579621971 0.854861497879
      vertex 1.01047248791e-06 -0.0502334013581 0.888407051563
      vertex 1.01047248791e-06 -0.052524626255 0.887457966805
    endloop
  endfacet
  facet normal 1 0 0
    outer loop
      vertex 1.01047248791e-06 -0.0502579621971 0.854861497879
      vertex 1.01047248791e-06 -0.052524626255 0.887457966805
      vertex 1.01047248791e-06 -0.0525491833687 0.855810582638
    endloop
  endfacet
  facet normal 1 -0 0
    outer loop
      vertex 1.01047248791e-06 -0.0525491833687 0.855810582638
      vertex 1.01047248791e-06 -0.052524626255 0.887457966805
      vertex 1.01047248791e-06 -0.0549834035337 0.887134253979
    endloop
  endfacet
  facet normal 1 0 0
    outer loop
      vertex 1.01047248791e-06 -0.0525491833687 0.855810582638
      vertex 1.01047248791e-06 -0.0549834035337 0.887134253979
      vertex 1.01047248791e-06 -0.0550079643726 0.856134295464
    endloop
  endfacet
  facet normal 1 -0 0
    outer loop
      vertex 1.01047248791e-06 -0.0550079643726 0.856134295464
      vertex 1.01047248791e-06 -0.0549834035337 0.887134253979
      vertex 1.01047248791e-06 -0.0574421845376 0.887457966805
    endloop
  endfacet
  facet normal 1 0 -0
    outer loop
      vertex 1.01047248791e-06 -0.0550079643726 0.856134295464
      vertex 1.01047248791e-06 -0.0574421845376 0.887457966805
      vertex 1.01047248791e-06 -0.0574667453766 0.855810582638
    endloop
  endfacet
  facet normal 1 -0 0
    outer loop
      vertex 1.01047248791e-06 -0.0574667453766 0.855810582638
      vertex 1.01047248791e-06 -0.0574421845376 0.887457966805
      vertex 1.01047248791e-06 -0.059733401984 0.888407051563
    endloop
  endfacet
  facet normal 1 0 -0
    outer loop
      vertex 1.01047248791e-06 -0.0574667453766 0.855810582638
      vertex 1.01047248791e-06 -0.059733401984 0.888407051563
      vertex 1.01047248791e-06 -0.0597579702735 0.854861497879
    endloop
  endfacet
  facet normal 1 -0 0
    outer loop
      vertex 1.01047248791e-06 -0.0597579702735 0.854861497879
      vertex 1.01047248791e-06 -0.059733401984 0.888407051563
      vertex 1.01047248791e-06 -0.0617009177804 0.889916777611
    endloop
  endfacet
  facet normal 1 0 -0
    outer loop
      vertex 1.01047248791e-06 -0.0597579702735 0.854861497879
      vertex 1.01047248791e-06 -0.0617009177804 0.889916777611
      vertex 1.01047248791e-06 -0.0617254786193 0.853351771832
    endloop
  endfacet
  facet normal 1 -0 0
    outer loop
      vertex 1.01047248791e-06 -0.0617254786193 0.853351771832
      vertex 1.01047248791e-06 -0.0617009177804 0.889916777611
      vertex 1.01047248791e-06 -0.0632106438279 0.89188426733
    endloop
  endfacet
  facet normal 1 0 -0
    outer loop
      vertex 1.01047248791e-06 -0.0617254786193 0.853351771832
      vertex 1.01047248791e-06 -0.0632106438279 0.89188426733
      vertex 1.01047248791e-06 -0.0632352083921 0.851384282112
    endloop
  endfacet
  facet normal 1 -0 0
    outer loop
      vertex 1.01047248791e-06 -0.0632352083921 0.851384282112
      vertex 1.01047248791e-06 -0.0632106438279 0.89188426733
      vertex 1.01047248791e-06 -0.0641596987844 0.894175469875
    endloop
  endfacet
  facet normal 1 0 -0
    outer loop
      vertex 1.01047248791e-06 -0.0632352083921 0.851384282112
      vertex 1.01047248791e-06 -0.0641596987844 0.894175469875
      vertex 1.01047248791e-06 -0.064184255898 0.849093079567
    endloop
  endfacet
  facet normal 1 -0 0
    outer loop
      vertex 1.01047248791e-06 -0.064184255898 0.849093079567
      vertex 1.01047248791e-06 -0.0641596987844 0.894175469875
      vertex 1.01047248791e-06 -0.0644834041595 0.896634280682
    endloop
  endfacet
  facet normal 1 0 -0
    outer loop
      vertex 1.01047248791e-06 -0.064184255898 0.849093079567
      vertex 1.01047248791e-06 -0.0644834041595 0.896634280682
      vertex 1.01047248791e-06 -0.0645079612732 0.846634268761
    endloop
  endfacet
  facet normal 1 -0 0
    outer loop
      vertex 1.01047248791e-06 -0.0641596987844 0.899093031883
      vertex 1.01047248791e-06 -0.0632106438279 0.901384294033
      vertex 1.01047248791e-06 -0.119998991489 1.20000100136
    endloop
  endfacet
  facet normal 1 0 0
    outer loop
      vertex 1.01047248791e-06 -0.119998991489 1.20000100136
      vertex 1.01047248791e-06 -0.0632106438279 0.901384294033
      vertex 1.01047248791e-06 -0.0617009177804 0.903351783752
    endloop
  endfacet
  facet normal 1 0 0
    outer loop
      vertex 1.01047248791e-06 -0.119998991489 1.20000100136
      vertex 1.01047248791e-06 -0.0617009177804 0.903351783752
      vertex 1.01047248791e-06 -0.059733401984 0.9048615098
    endloop
  endfacet
  facet normal 1 -0 0
    outer loop
      vertex 1.01047248791e-06 -0.059733401984 0.9048615098
      vertex 1.01047248791e-06 -0.0574421845376 0.905810594559
      vertex 1.01047248791e-06 -0.119998991489 1.20000100136
    endloop
  endfacet
  facet normal 1 0 -0
    outer loop
      vertex 1.01047248791e-06 -0.0641596987844 0.102591529489
      vertex 1.01047248791e-06 -0.064184255898 0.844175517559
      vertex 1.01047248791e-06 -0.0644834041595 0.100132696331
    endloop
  endfacet
  facet normal 1 -0 0
    outer loop
      vertex 1.01047248791e-06 -0.0644834041595 0.100132696331
      vertex 1.01047248791e-06 -0.064184255898 0.844175517559
      vertex 1.01047248791e-06 -0.0645079612732 0.846634268761
    endloop
  endfacet
  facet normal 1 0 -0
    outer loop
      vertex 1.01047248791e-06 -0.0644834041595 0.100132696331
      vertex 1.01047248791e-06 -0.0645079612732 0.846634268761
      vertex 1.01047248791e-06 -0.119998991489 1.04933940293e-06
    endloop
  endfacet
  facet normal 1 0 0
    outer loop
      vertex 1.01047248791e-06 -0.064184255898 0.844175517559
      vertex 1.01047248791e-06 -0.0641596987844 0.102591529489
      vertex 1.01047248791e-06 -0.0632352083921 0.841884255409
    endloop
  endfacet
  facet normal 1 0 0
    outer loop
      vertex 1.01047248791e-06 -0.0632352083921 0.841884255409
      vertex 1.01047248791e-06 -0.0641596987844 0.102591529489
      vertex 1.01047248791e-06 -0.0632106438279 0.104882709682
    endloop
  endfacet
  facet normal 1 0 0
    outer loop
      vertex 1.01047248791e-06 -0.0632352083921 0.841884255409
      vertex 1.01047248791e-06 -0.0632106438279 0.104882709682
      vertex 1.01047248791e-06 -0.0617254786193 0.83991676569
    endloop
  endfacet
  facet normal 1 0 0
    outer loop
      vertex 1.01047248791e-06 -0.0617254786193 0.83991676569
      vertex 1.01047248791e-06 -0.0632106438279 0.104882709682
      vertex 1.01047248791e-06 -0.0617009177804 0.106850236654
    endloop
  endfacet
  facet normal 1 0 0
    outer loop
      vertex 1.01047248791e-06 -0.0617254786193 0.83991676569
      vertex 1.01047248791e-06 -0.0617009177804 0.106850236654
      vertex 1.01047248791e-06 -0.0597579702735 0.838407039642
    endloop
  endfacet
  facet normal 1 0 0
    outer loop
      vertex 1.01047248791e-06 -0.0597579702735 0.838407039642
      vertex 1.01047248791e-06 -0.0617009177804 0.106850236654
      vertex 1.01047248791e-06 -0.059733401984 0.108359999955
    endloop
  endfacet
  facet normal 1 0 0
    outer loop
      vertex 1.01047248791e-06 -0.0597579702735 0.838407039642
      vertex 1.01047248791e-06 -0.059733401984 0.108359999955
      vertex 1.01047248791e-06 -0.0574667453766 0.837458014488
    endloop
  endfacet
  facet normal 1 0 0
    outer loop
      vertex 1.01047248791e-06 -0.0574667453766 0.837458014488
      vertex 1.01047248791e-06 -0.059733401984 0.108359999955
      vertex 1.01047248791e-06 -0.0574421845376 0.109309002757
    endloop
  endfacet
  facet normal 1 0 0
    outer loop
      vertex 1.01047248791e-06 -0.0574667453766 0.837458014488
      vertex 1.01047248791e-06 -0.0574421845376 0.109309002757
      vertex 1.01047248791e-06 -0.0550079643726 0.837134301662
    endloop
  endfacet
  facet normal 1 0 0
    outer loop
      vertex 1.01047248791e-06 -0.0550079643726 0.837134301662
      vertex 1.01047248791e-06 -0.0574421845376 0.109309002757
      vertex 1.01047248791e-06 -0.0549834035337 0.109632723033
    endloop
  endfacet
  facet normal 1 0 0
    outer loop
      vertex 1.01047248791e-06 -0.0550079643726 0.837134301662
      vertex 1.01047248791e-06 -0.0549834035337 0.109632723033
      vertex 1.01047248791e-06 -0.0525491833687 0.837458014488
    endloop
  endfacet
  facet normal 1 0 0
    outer loop
      vertex 1.01047248791e-06 -0.0525491833687 0.837458014488
      vertex 1.01047248791e-06 -0.0549834035337 0.109632723033
      vertex 1.01047248791e-06 -0.052524626255 0.109309002757
    endloop
  endfacet
  facet normal 1 0 0
    outer loop
      vertex 1.01047248791e-06 -0.0525491833687 0.837458014488
      vertex 1.01047248791e-06 -0.052524626255 0.109309002757
      vertex 1.01047248791e-06 -0.0502579621971 0.838407039642
    endloop
  endfacet
  facet normal 1 0 0
    outer loop
      vertex 1.01047248791e-06 -0.0502579621971 0.838407039642
      vertex 1.01047248791e-06 -0.052524626255 0.109309002757
      vertex 1.01047248791e-06 -0.0502334013581 0.108359999955
    endloop
  endfacet
  facet normal 1 0 0
    outer loop
      vertex 1.01047248791e-06 -0.0502579621971 0.838407039642
      vertex 1.01047248791e-06 -0.0502334013581 0.108359999955
      vertex 1.01047248791e-06 -0.0482904538512 0.83991676569
    endloop
  endfacet
  facet normal 1 0 0
    outer loop
      vertex 1.01047248791e-06 -0.0482904538512 0.83991676569
      vertex 1.01047248791e-06 -0.0502334013581 0.108359999955
      vertex 1.01047248791e-06 -0.0482658855617 0.106850236654
    endloop
  endfacet
  facet normal 1 0 0
    outer loop
      vertex 1.01047248791e-06 -0.0482904538512 0.83991676569
      vertex 1.01047248791e-06 -0.0482658855617 0.106850236654
      vertex 1.01047248791e-06 -0.0467807278037 0.841884255409
    endloop
  endfacet
  facet normal 1 0 0
    outer loop
      vertex 1.01047248791e-06 -0.0467807278037 0.841884255409
      vertex 1.01047248791e-06 -0.0482658855617 0.106850236654
      vertex 1.01047248791e-06 -0.0467561595142 0.104882709682
    endloop
  endfacet
  facet normal 1 0 0
    outer loop
      vertex 1.01047248791e-06 -0.0467807278037 0.841884255409
      vertex 1.01047248791e-06 -0.0467561595142 0.104882709682
      vertex 1.01047248791e-06 -0.0458316728473 0.844175517559
    endloop
  endfacet
  facet normal 1 0 0
    outer loop
      vertex 1.01047248791e-06 -0.0458316728473 0.844175517559
      vertex 1.01047248791e-06 -0.0467561595142 0.104882709682
      vertex 1.01047248791e-06 -0.0458071045578 0.102591529489
    endloop
  endfacet
  facet normal 1 0 0
    outer loop
      vertex 1.01047248791e-06 -0.0458316728473 0.844175517559
      vertex 1.01047248791e-06 -0.0458071045578 0.102591529489
      vertex 1.01047248791e-06 -0.0455079674721 0.846634268761
    endloop
  endfacet
  facet normal 1 0 0
    outer loop
      vertex 1.01047248791e-06 -0.0455079674721 0.846634268761
      vertex 1.01047248791e-06 -0.0458071045578 0.102591529489
      vertex 1.01047248791e-06 -0.0454833954573 0.100132696331
    endloop
  endfacet
  facet normal 1 0 0
    outer loop
      vertex 1.01047248791e-06 -0.0455079674721 0.0501327477396
      vertex 1.01047248791e-06 -0.0458316728473 0.0476739853621
      vertex 1.01047248791e-06 1.00004569958e-06 1.04933940293e-06
    endloop
  endfacet
  facet normal 1 0 0
    outer loop
      vertex 1.01047248791e-06 1.00004569958e-06 1.04933940293e-06
      vertex 1.01047248791e-06 -0.0458316728473 0.0476739853621
      vertex 1.01047248791e-06 -0.0467807278037 0.0453827343881
    endloop
  endfacet
  facet normal 1 0 0
    outer loop
      vertex 1.01047248791e-06 1.00004569958e-06 1.04933940293e-06
      vertex 1.01047248791e-06 -0.0467807278037 0.0453827343881
      vertex 1.01047248791e-06 -0.0482904538512 0.0434152111411
    endloop
  endfacet
  facet normal 1 0 0
    outer loop
      vertex 1.01047248791e-06 -0.0482904538512 0.0434152111411
      vertex 1.01047248791e-06 -0.0502579621971 0.0419055186212
      vertex 1.01047248791e-06 1.00004569958e-06 1.04933940293e-06
    endloop
  endfacet
  facet normal 1 0 0
    outer loop
      vertex 1.01047248791e-06 1.00004569958e-06 1.04933940293e-06
      vertex 1.01047248791e-06 -0.0502579621971 0.0419055186212
      vertex 1.01047248791e-06 -0.0525491833687 0.0409564487636
    endloop
  endfacet
  facet normal 1 0 0
    outer loop
      vertex 1.01047248791e-06 1.00004569958e-06 1.04933940293e-06
      vertex 1.01047248791e-06 -0.0525491833687 0.0409564487636
      vertex 1.01047248791e-06 -0.0550079643726 0.0406327210367
    endloop
  endfacet
  facet normal -1 -0 -0
    outer loop
      vertex -0.119998991489 -0.00499899499118 1.20000100136
      vertex -0.119998991489 1.00004569958e-06 1.20000100136
      vertex -0.119998991489 -0.00499899499118 0.950003147125
    endloop
  endfacet
  facet normal -1 -0 -0
    outer loop
      vertex -0.119998991489 -0.00499899499118 0.950003147125
      vertex -0.119998991489 1.00004569958e-06 1.20000100136
      vertex -0.119998991489 -0.00499899499118 0.945003151894
    endloop
  endfacet
  facet normal -1 -0 -0
    outer loop
      vertex -0.119998991489 -0.00499899499118 0.945003151894
      vertex -0.119998991489 1.00004569958e-06 1.20000100136
      vertex -0.119998991489 -0.00499899499118 0.800003170967
    endloop
  endfacet
  facet normal -1 -0 -0
    outer loop
      vertex -0.119998991489 -0.00499899499118 0.800003170967
      vertex -0.119998991489 1.00004569958e-06 1.20000100136
      vertex -0.119998991489 -0.00499899499118 0.795003175735
    endloop
  endfacet
  facet normal -1 0 -0
    outer loop
      vertex -0.119998991489 -0.00499899499118 0.795003175735
      vertex -0.119998991489 1.00004569958e-06 1.20000100136
      vertex -0.119998991489 1.00004569958e-06 1.04933940293e-06
    endloop
  endfacet
  facet normal -1 -0 0
    outer loop
      vertex -0.119998991489 -0.00499899499118 0.795003175735
      vertex -0.119998991489 1.00004569958e-06 1.04933940293e-06
      vertex -0.119998991489 -0.00499899499118 0.154998824
    endloop
  endfacet
  facet normal -1 -0 0
    outer loop
      vertex -0.119998991489 -0.00499899499118 0.154998824
      vertex -0.119998991489 1.00004569958e-06 1.04933940293e-06
      vertex -0.119998991489 -0.00499899499118 0.149998828769
    endloop
  endfacet
  facet normal -1 -0 0
    outer loop
      vertex -0.119998991489 -0.00499899499118 0.149998828769
      vertex -0.119998991489 1.00004569958e-06 1.04933940293e-06
      vertex -0.119998991489 -0.00499899499118 0.00500097265467
    endloop
  endfacet
  facet normal -1 -0 0
    outer loop
      vertex -0.119998991489 -0.00499899499118 0.00500097265467
      vertex -0.119998991489 1.00004569958e-06 1.04933940293e-06
      vertex -0.119998991489 -0.00499899499118 1.04933940293e-06
    endloop
  endfacet
  facet normal -0 1 0
    outer loop
      vertex -0.00499900244176 -0.119998991489 1.20000100136
      vertex 1.01047248791e-06 -0.119998991489 1.20000100136
      vertex -0.00499900244176 -0.00499899499118 1.20000100136
    endloop
  endfacet
  facet normal -0 1 0
    outer loop
      vertex -0.00499900244176 -0.00499899499118 1.20000100136
      vertex 1.01047248791e-06 -0.119998991489 1.20000100136
      vertex 1.01047248791e-06 1.00004569958e-06 1.20000100136
    endloop
  endfacet
  facet normal 0 1 0
    outer loop
      vertex -0.00499900244176 -0.00499899499118 1.20000100136
      vertex 1.01047248791e-06 1.00004569958e-06 1.20000100136
      vertex -0.119998991489 1.00004569958e-06 1.20000100136
    endloop
  endfacet
  facet normal 0 1 0
    outer loop
      vertex -0.119998991489 1.00004569958e-06 1.20000100136
      vertex -0.119998991489 -0.00499899499118 1.20000100136
      vertex -0.00499900244176 -0.00499899499118 1.20000100136
    endloop
  endfacet
  facet normal 0 0 1
    outer loop
      vertex 1.01047248791e-06 -0.119998991489 1.20000100136
      vertex -0.00499900244176 -0.119998991489 0.795003175735
      vertex 1.01047248791e-06 -0.119998991489 1.04933940293e-06
    endloop
  endfacet
  facet normal 0 0 1
    outer loop
      vertex 1.01047248791e-06 -0.119998991489 1.04933940293e-06
      vertex -0.00499900244176 -0.119998991489 0.795003175735
      vertex -0.00499900244176 -0.119998991489 0.154998824
    endloop
  endfacet
  facet normal 0 0 1
    outer loop
      vertex 1.01047248791e-06 -0.119998991489 1.04933940293e-06
      vertex -0.00499900244176 -0.119998991489 0.154998824
      vertex -0.00499900244176 -0.119998991489 0.149998828769
    endloop
  endfacet
  facet normal -0 0 1
    outer loop
      vertex -0.00499900244176 -0.119998991489 1.20000100136
      vertex -0.00499900244176 -0.119998991489 0.950003147125
      vertex 1.01047248791e-06 -0.119998991489 1.20000100136
    endloop
  endfacet
  facet normal 0 0 1
    outer loop
      vertex 1.01047248791e-06 -0.119998991489 1.20000100136
      vertex -0.00499900244176 -0.119998991489 0.950003147125
      vertex -0.00499900244176 -0.119998991489 0.945003151894
    endloop
  endfacet
  facet normal 0 0 1
    outer loop
      vertex 1.01047248791e-06 -0.119998991489 1.20000100136
      vertex -0.00499900244176 -0.119998991489 0.945003151894
      vertex -0.00499900244176 -0.119998991489 0.800003170967
    endloop
  endfacet
  facet normal -0 0 1
    outer loop
      vertex -0.00499900244176 -0.119998991489 0.800003170967
      vertex -0.00499900244176 -0.119998991489 0.795003175735
      vertex 1.01047248791e-06 -0.119998991489 1.20000100136
    endloop
  endfacet
  facet normal 0 0 1
    outer loop
      vertex -0.00499900244176 -0.119998991489 0.149998828769
      vertex -0.00499900244176 -0.119998991489 0.00500097265467
      vertex 1.01047248791e-06 -0.119998991489 1.04933940293e-06
    endloop
  endfacet
  facet normal 0 0 1
    outer loop
      vertex 1.01047248791e-06 -0.119998991489 1.04933940293e-06
      vertex -0.00499900244176 -0.119998991489 0.00500097265467
      vertex -0.00499900244176 -0.119998991489 1.04933940293e-06
    endloop
  endfacet
  facet normal 0 -1 0
    outer loop
      vertex -0.00499900244176 -0.00499899499118 0.594825327396
      vertex -0.0799013003707 -0.00540205929428 0.594825327396
      vertex -0.119876556098 -0.00499899499118 0.594825327396
    endloop
  endfacet
  facet normal 0 -1 0
    outer loop
      vertex -0.119876556098 -0.00499899499118 0.594825327396
      vertex -0.0799013003707 -0.00540205929428 0.594825327396
      vertex -0.0829012989998 -0.00540205929428 0.594825327396
    endloop
  endfacet
  facet normal 0 -1 0
    outer loop
      vertex -0.119876556098 -0.00499899499118 0.594825327396
      vertex -0.0829012989998 -0.00540205929428 0.594825327396
      vertex -0.116901308298 -0.00540205929428 0.594825327396
    endloop
  endfacet
  facet normal 0 -1 0
    outer loop
      vertex -0.116901308298 -0.00540205929428 0.594825327396
      vertex -0.0829012989998 -0.00540205929428 0.594825327396
      vertex -0.102473497391 -0.0224020592868 0.594825327396
    endloop
  endfacet
  facet normal 0 -1 0
    outer loop
      vertex -0.116901308298 -0.00540205929428 0.594825327396
      vertex -0.102473497391 -0.0224020592868 0.594825327396
      vertex -0.116901308298 -0.00797424372286 0.594825327396
    endloop
  endfacet
  facet normal 0 -1 -0
    outer loop
      vertex -0.00499900244176 -0.119876548648 0.594825327396
      vertex -0.00521635077894 -0.0799446031451 0.594825327396
      vertex -0.00499900244176 -0.00499899499118 0.594825327396
    endloop
  endfacet
  facet normal 0 -1 0
    outer loop
      vertex -0.00499900244176 -0.00499899499118 0.594825327396
      vertex -0.00521635077894 -0.0799446031451 0.594825327396
      vertex -0.015216358006 -0.0799446031451 0.594825327396
    endloop
  endfacet
  facet normal 0 -1 0
    outer loop
      vertex -0.00499900244176 -0.00499899499118 0.594825327396
      vertex -0.015216358006 -0.0799446031451 0.594825327396
      vertex -0.0799013003707 -0.0154020488262 0.594825327396
    endloop
  endfacet
  facet normal 0 -1 0
    outer loop
      vertex -0.0799013003707 -0.0154020488262 0.594825327396
      vertex -0.015216358006 -0.0799446031451 0.594825327396
      vertex -0.0252163484693 -0.0899446085095 0.594825327396
    endloop
  endfacet
  facet normal 0 -1 0
    outer loop
      vertex -0.0799013003707 -0.0154020488262 0.594825327396
      vertex -0.0252163484693 -0.0899446085095 0.594825327396
      vertex -0.0899012982845 -0.0254020560533 0.594825327396
    endloop
  endfacet
  facet normal 0 -1 0
    outer loop
      vertex -0.0899012982845 -0.0254020560533 0.594825327396
      vertex -0.0252163484693 -0.0899446085095 0.594825327396
      vertex -0.0252163484693 -0.0996591970325 0.594825327396
    endloop
  endfacet
  facet normal 0 -1 0
    outer loop
      vertex -0.0899012982845 -0.0254020560533 0.594825327396
      vertex -0.0252163484693 -0.0996591970325 0.594825327396
      vertex -0.0994734987617 -0.0254020560533 0.594825327396
    endloop
  endfacet
  facet normal 0 -1 0
    outer loop
      vertex -0.00521635077894 -0.11965919286 0.594825327396
      vertex -0.00521635077894 -0.116944603622 0.594825327396
      vertex -0.00499900244176 -0.119876548648 0.594825327396
    endloop
  endfacet
  facet normal 0 -1 0
    outer loop
      vertex -0.00499900244176 -0.119876548648 0.594825327396
      vertex -0.00521635077894 -0.116944603622 0.594825327396
      vertex -0.00521635077894 -0.0829446092248 0.594825327396
    endloop
  endfacet
  facet normal 0 -1 0
    outer loop
      vertex -0.00499900244176 -0.119876548648 0.594825327396
      vertex -0.00521635077894 -0.0829446092248 0.594825327396
      vertex -0.00521635077894 -0.0799446031451 0.594825327396
    endloop
  endfacet
  facet normal 0 -1 -0
    outer loop
      vertex -0.00793094281107 -0.116944603622 0.594825327396
      vertex -0.0222163517028 -0.102659195662 0.594825327396
      vertex -0.00521635077894 -0.116944603622 0.594825327396
    endloop
  endfacet
  facet normal 0 -1 -0
    outer loop
      vertex -0.00521635077894 -0.116944603622 0.594825327396
      vertex -0.0222163517028 -0.102659195662 0.594825327396
      vertex -0.00521635077894 -0.0829446092248 0.594825327396
    endloop
  endfacet
  facet normal 0 -1 0
    outer loop
      vertex -0.0222163517028 -0.0911872535944 0.594825327396
      vertex -0.0139737091959 -0.0829446092248 0.594825327396
      vertex -0.0222163517028 -0.102659195662 0.594825327396
    endloop
  endfacet
  facet normal 0 -1 0
    outer loop
      vertex -0.0222163517028 -0.102659195662 0.594825327396
      vertex -0.0139737091959 -0.0829446092248 0.594825327396
      vertex -0.00521635077894 -0.0829446092248 0.594825327396
    endloop
  endfacet
  facet normal 0 -1 0
    outer loop
      vertex -0.0799013003707 -0.0154020488262 0.594825327396
      vertex -0.0799013003707 -0.00540205929428 0.594825327396
      vertex -0.00499900244176 -0.00499899499118 0.594825327396
    endloop
  endfacet
  facet normal 0 -1 0
    outer loop
      vertex -0.0829012989998 -0.00540205929428 0.594825327396
      vertex -0.0829012989998 -0.0141594000161 0.594825327396
      vertex -0.102473497391 -0.0224020592868 0.594825327396
    endloop
  endfacet
  facet normal 0 -1 0
    outer loop
      vertex -0.102473497391 -0.0224020592868 0.594825327396
      vertex -0.0829012989998 -0.0141594000161 0.594825327396
      vertex -0.0911439433694 -0.0224020592868 0.594825327396
    endloop
  endfacet
  facet normal -0 -1 0
    outer loop
      vertex -0.116901308298 -0.00540205929428 0.594825327396
      vertex -0.119473494589 -0.00540205929428 0.594825327396
      vertex -0.119876556098 -0.00499899499118 0.594825327396
    endloop
  endfacet
  facet normal 0 1 -0
    outer loop
      vertex -0.119473494589 -0.00540205929428 0.594825327396
      vertex -0.119595937431 -0.00540205929428 0.594825327396
      vertex -0.116901308298 -0.00797424372286 0.594825327396
    endloop
  endfacet
  facet normal 0 1 -0
    outer loop
      vertex -0.116901308298 -0.00797424372286 0.594825327396
      vertex -0.119595937431 -0.00540205929428 0.594825327396
      vertex -0.116901308298 -0.00809667818248 0.594825327396
    endloop
  endfacet
  facet normal 0 1 0
    outer loop
      vertex -0.0994734987617 -0.0254020560533 0.594825327396
      vertex -0.102473497391 -0.0224020592868 0.594825327396
      vertex -0.0995959416032 -0.0254020560533 0.594825327396
    endloop
  endfacet
  facet normal 0 1 0
    outer loop
      vertex -0.0995959416032 -0.0254020560533 0.594825327396
      vertex -0.102473497391 -0.0224020592868 0.594825327396
      vertex -0.102595940232 -0.0224020592868 0.594825327396
    endloop
  endfacet
  facet normal -0 -1 0
    outer loop
      vertex -0.0994734987617 -0.0254020560533 0.599825322628
      vertex -0.0995959416032 -0.0254020560533 0.599825322628
      vertex -0.102473497391 -0.0224020592868 0.599825322628
    endloop
  endfacet
  facet normal 0 -1 0
    outer loop
      vertex -0.102473497391 -0.0224020592868 0.599825322628
      vertex -0.0995959416032 -0.0254020560533 0.599825322628
      vertex -0.102595940232 -0.0224020592868 0.599825322628
    endloop
  endfacet
  facet normal -0 -1 0
    outer loop
      vertex -0.116901308298 -0.00797424372286 0.599825322628
      vertex -0.116901308298 -0.00809667818248 0.599825322628
      vertex -0.119473494589 -0.00540205929428 0.599825322628
    endloop
  endfacet
  facet normal 0 -1 0
    outer loop
      vertex -0.119473494589 -0.00540205929428 0.599825322628
      vertex -0.116901308298 -0.00809667818248 0.599825322628
      vertex -0.119595937431 -0.00540205929428 0.599825322628
    endloop
  endfacet
  facet normal 0.70710504055 0 -0.707108557224
    outer loop
      vertex -0.119595937431 -0.00540205929428 0.594825327396
      vertex -0.119595937431 -0.00540205929428 0.599825322628
      vertex -0.116901308298 -0.00809667818248 0.594825327396
    endloop
  endfacet
  facet normal 0.70710504055 0 -0.707108557224
    outer loop
      vertex -0.116901308298 -0.00809667818248 0.594825327396
      vertex -0.119595937431 -0.00540205929428 0.599825322628
      vertex -0.116901308298 -0.00809667818248 0.599825322628
    endloop
  endfacet
  facet normal 0.707106769085 0 -0.707106769085
    outer loop
      vertex -0.0995959416032 -0.0254020560533 0.599825322628
      vertex -0.0995959416032 -0.0254020560533 0.594825327396
      vertex -0.102595940232 -0.0224020592868 0.599825322628
    endloop
  endfacet
  facet normal 0.707106769085 0 -0.707106769085
    outer loop
      vertex -0.102595940232 -0.0224020592868 0.599825322628
      vertex -0.0995959416032 -0.0254020560533 0.594825327396
      vertex -0.102595940232 -0.0224020592868 0.594825327396
    endloop
  endfacet
  facet normal 0 0 -1
    outer loop
      vertex -0.116901308298 -0.00540205929428 0.599825322628
      vertex -0.119473494589 -0.00540205929428 0.599825322628
      vertex -0.116901308298 -0.00540205929428 0.700064301491
    endloop
  endfacet
  facet normal -0 0 -1
    outer loop
      vertex -0.116901308298 -0.00540205929428 0.700064301491
      vertex -0.119473494589 -0.00540205929428 0.599825322628
      vertex -0.119901306927 -0.00540205929428 0.700064301491
    endloop
  endfacet
  facet normal 0 0 -1
    outer loop
      vertex -0.119901306927 -0.00540205929428 0.700064301491
      vertex -0.119473494589 -0.00540205929428 0.599825322628
      vertex -0.119595937431 -0.00540205929428 0.599825322628
    endloop
  endfacet
  facet normal 0 0 -1
    outer loop
      vertex -0.119901306927 -0.00540205929428 0.700064301491
      vertex -0.119595937431 -0.00540205929428 0.599825322628
      vertex -0.119901306927 -0.00540205929428 0.500064373016
    endloop
  endfacet
  facet normal 0 0 -1
    outer loop
      vertex -0.119901306927 -0.00540205929428 0.500064373016
      vertex -0.119595937431 -0.00540205929428 0.599825322628
      vertex -0.119595937431 -0.00540205929428 0.594825327396
    endloop
  endfacet
  facet normal 0 0 -1
    outer loop
      vertex -0.119901306927 -0.00540205929428 0.500064373016
      vertex -0.119595937431 -0.00540205929428 0.594825327396
      vertex -0.119473494589 -0.00540205929428 0.594825327396
    endloop
  endfacet
  facet normal -0 -0 -1
    outer loop
      vertex -0.116901308298 -0.00540205929428 0.594825327396
      vertex -0.116901308298 -0.00540205929428 0.500064373016
      vertex -0.119473494589 -0.00540205929428 0.594825327396
    endloop
  endfacet
  facet normal 0 -0 -1
    outer loop
      vertex -0.119473494589 -0.00540205929428 0.594825327396
      vertex -0.116901308298 -0.00540205929428 0.500064373016
      vertex -0.119901306927 -0.00540205929428 0.500064373016
    endloop
  endfacet
  facet normal 0 0 1
    outer loop
      vertex -0.0899012982845 -0.0254020560533 0.594825327396
      vertex -0.0994734987617 -0.0254020560533 0.594825327396
      vertex -0.0899012982845 -0.0254020560533 0.500064373016
    endloop
  endfacet
  facet normal 0 0 1
    outer loop
      vertex -0.0899012982845 -0.0254020560533 0.500064373016
      vertex -0.0994734987617 -0.0254020560533 0.594825327396
      vertex -0.0995959416032 -0.0254020560533 0.594825327396
    endloop
  endfacet
  facet normal 0 0 1
    outer loop
      vertex -0.0899012982845 -0.0254020560533 0.500064373016
      vertex -0.0995959416032 -0.0254020560533 0.594825327396
      vertex -0.119901306927 -0.0254020560533 0.500064373016
    endloop
  endfacet
  facet normal 0 0 1
    outer loop
      vertex -0.119901306927 -0.0254020560533 0.500064373016
      vertex -0.0995959416032 -0.0254020560533 0.594825327396
      vertex -0.0995959416032 -0.0254020560533 0.599825322628
    endloop
  endfacet
  facet normal 0 0 1
    outer loop
      vertex -0.119901306927 -0.0254020560533 0.500064373016
      vertex -0.0995959416032 -0.0254020560533 0.599825322628
      vertex -0.119901306927 -0.0254020560533 0.700064301491
    endloop
  endfacet
  facet normal -0 0 1
    outer loop
      vertex -0.119901306927 -0.0254020560533 0.700064301491
      vertex -0.0995959416032 -0.0254020560533 0.599825322628
      vertex -0.0899012982845 -0.0254020560533 0.700064301491
    endloop
  endfacet
  facet normal 0 0 1
    outer loop
      vertex -0.0899012982845 -0.0254020560533 0.700064301491
      vertex -0.0995959416032 -0.0254020560533 0.599825322628
      vertex -0.0994734987617 -0.0254020560533 0.599825322628
    endloop
  endfacet
  facet normal 0 0 1
    outer loop
      vertex -0.0899012982845 -0.0254020560533 0.700064301491
      vertex -0.0994734987617 -0.0254020560533 0.599825322628
      vertex -0.0899012982845 -0.0254020560533 0.599825322628
    endloop
  endfacet
  facet normal 0.707107126713 -0 0.707106471062
    outer loop
      vertex -0.0799013003707 -0.0154020488262 0.599825322628
      vertex -0.0799013003707 -0.0154020488262 0.700064301491
      vertex -0.0899012982845 -0.0254020560533 0.599825322628
    endloop
  endfacet
  facet normal 0.707107126713 -0 0.707106471062
    outer loop
      vertex -0.0899012982845 -0.0254020560533 0.599825322628
      vertex -0.0799013003707 -0.0154020488262 0.700064301491
      vertex -0.0899012982845 -0.0254020560533 0.700064301491
    endloop
  endfacet
  facet normal 1 0 0
    outer loop
      vertex -0.0799013003707 -0.00540205929428 0.599825322628
      vertex -0.0799013003707 -0.00540205929428 0.700064301491
      vertex -0.0799013003707 -0.0154020488262 0.599825322628
    endloop
  endfacet
  facet normal 1 -0 0
    outer loop
      vertex -0.0799013003707 -0.0154020488262 0.599825322628
      vertex -0.0799013003707 -0.00540205929428 0.700064301491
      vertex -0.0799013003707 -0.0154020488262 0.700064301491
    endloop
  endfacet
  facet normal 0 0 -1
    outer loop
      vertex -0.0829012989998 -0.00540205929428 0.599825322628
      vertex -0.0829012989998 -0.00540205929428 0.700064301491
      vertex -0.0799013003707 -0.00540205929428 0.599825322628
    endloop
  endfacet
  facet normal 0 0 -1
    outer loop
      vertex -0.0799013003707 -0.00540205929428 0.599825322628
      vertex -0.0829012989998 -0.00540205929428 0.700064301491
      vertex -0.0799013003707 -0.00540205929428 0.700064301491
    endloop
  endfacet
  facet normal -1 0 0
    outer loop
      vertex -0.0829012989998 -0.0141594000161 0.599825322628
      vertex -0.0829012989998 -0.0141594000161 0.700064301491
      vertex -0.0829012989998 -0.00540205929428 0.599825322628
    endloop
  endfacet
  facet normal -1 0 0
    outer loop
      vertex -0.0829012989998 -0.00540205929428 0.599825322628
      vertex -0.0829012989998 -0.0141594000161 0.700064301491
      vertex -0.0829012989998 -0.00540205929428 0.700064301491
    endloop
  endfacet
  facet normal -0.707107543945 0 -0.707105994225
    outer loop
      vertex -0.0911439433694 -0.0224020592868 0.599825322628
      vertex -0.0911439433694 -0.0224020592868 0.700064301491
      vertex -0.0829012989998 -0.0141594000161 0.599825322628
    endloop
  endfacet
  facet normal -0.707107543945 0 -0.707105994225
    outer loop
      vertex -0.0829012989998 -0.0141594000161 0.599825322628
      vertex -0.0911439433694 -0.0224020592868 0.700064301491
      vertex -0.0829012989998 -0.0141594000161 0.700064301491
    endloop
  endfacet
  facet normal 0 -1 0
    outer loop
      vertex -0.0829012989998 -0.00540205929428 0.500064373016
      vertex -0.0799013003707 -0.00540205929428 0.500064373016
      vertex -0.0829012989998 -0.0141594000161 0.500064373016
    endloop
  endfacet
  facet normal 0 -1 0
    outer loop
      vertex -0.0829012989998 -0.0141594000161 0.500064373016
      vertex -0.0799013003707 -0.00540205929428 0.500064373016
      vertex -0.0799013003707 -0.0154020488262 0.500064373016
    endloop
  endfacet
  facet normal 0 -1 0
    outer loop
      vertex -0.0829012989998 -0.0141594000161 0.500064373016
      vertex -0.0799013003707 -0.0154020488262 0.500064373016
      vertex -0.0911439433694 -0.0224020592868 0.500064373016
    endloop
  endfacet
  facet normal 0 -1 0
    outer loop
      vertex -0.0911439433694 -0.0224020592868 0.500064373016
      vertex -0.0799013003707 -0.0154020488262 0.500064373016
      vertex -0.0899012982845 -0.0254020560533 0.500064373016
    endloop
  endfacet
  facet normal 0 -1 0
    outer loop
      vertex -0.0911439433694 -0.0224020592868 0.500064373016
      vertex -0.0899012982845 -0.0254020560533 0.500064373016
      vertex -0.116901308298 -0.0224020592868 0.500064373016
    endloop
  endfacet
  facet normal 0 -1 0
    outer loop
      vertex -0.116901308298 -0.0224020592868 0.500064373016
      vertex -0.0899012982845 -0.0254020560533 0.500064373016
      vertex -0.119901306927 -0.0254020560533 0.500064373016
    endloop
  endfacet
  facet normal -0 -1 0
    outer loop
      vertex -0.116901308298 -0.0224020592868 0.500064373016
      vertex -0.119901306927 -0.0254020560533 0.500064373016
      vertex -0.119901306927 -0.00540205929428 0.500064373016
    endloop
  endfacet
  facet normal 0 -1 0
    outer loop
      vertex -0.119901306927 -0.00540205929428 0.500064373016
      vertex -0.116901308298 -0.00540205929428 0.500064373016
      vertex -0.116901308298 -0.0224020592868 0.500064373016
    endloop
  endfacet
  facet normal 0 1 0
    outer loop
      vertex -0.0911439433694 -0.0224020592868 0.700064301491
      vertex -0.0799013003707 -0.0154020488262 0.700064301491
      vertex -0.0829012989998 -0.0141594000161 0.700064301491
    endloop
  endfacet
  facet normal -0 1 0
    outer loop
      vertex -0.0829012989998 -0.0141594000161 0.700064301491
      vertex -0.0799013003707 -0.0154020488262 0.700064301491
      vertex -0.0799013003707 -0.00540205929428 0.700064301491
    endloop
  endfacet
  facet normal 0 1 0
    outer loop
      vertex -0.0829012989998 -0.0141594000161 0.700064301491
      vertex -0.0799013003707 -0.00540205929428 0.700064301491
      vertex -0.0829012989998 -0.00540205929428 0.700064301491
    endloop
  endfacet
  facet normal 0 1 0
    outer loop
      vertex -0.0799013003707 -0.0154020488262 0.700064301491
      vertex -0.0911439433694 -0.0224020592868 0.700064301491
      vertex -0.0899012982845 -0.0254020560533 0.700064301491
    endloop
  endfacet
  facet normal 0 1 0
    outer loop
      vertex -0.0899012982845 -0.0254020560533 0.700064301491
      vertex -0.0911439433694 -0.0224020592868 0.700064301491
      vertex -0.116901308298 -0.0224020592868 0.700064301491
    endloop
  endfacet
  facet normal 0 1 0
    outer loop
      vertex -0.0899012982845 -0.0254020560533 0.700064301491
      vertex -0.116901308298 -0.0224020592868 0.700064301491
      vertex -0.119901306927 -0.0254020560533 0.700064301491
    endloop
  endfacet
  facet normal 0 1 0
    outer loop
      vertex -0.119901306927 -0.0254020560533 0.700064301491
      vertex -0.116901308298 -0.0224020592868 0.700064301491
      vertex -0.119901306927 -0.00540205929428 0.700064301491
    endloop
  endfacet
  facet normal 0 1 0
    outer loop
      vertex -0.119901306927 -0.00540205929428 0.700064301491
      vertex -0.116901308298 -0.0224020592868 0.700064301491
      vertex -0.116901308298 -0.00540205929428 0.700064301491
    endloop
  endfacet
  facet normal -1 0 0
    outer loop
      vertex -0.119901306927 -0.00540205929428 0.700064301491
      vertex -0.119901306927 -0.00540205929428 0.500064373016
      vertex -0.119901306927 -0.0254020560533 0.700064301491
    endloop
  endfacet
  facet normal -1 -0 0
    outer loop
      vertex -0.119901306927 -0.0254020560533 0.700064301491
      vertex -0.119901306927 -0.00540205929428 0.500064373016
      vertex -0.119901306927 -0.0254020560533 0.500064373016
    endloop
  endfacet
  facet normal 1 -0 0
    outer loop
      vertex -0.116901308298 -0.00797424372286 0.599825322628
      vertex -0.116901308298 -0.00540205929428 0.700064301491
      vertex -0.116901308298 -0.00809667818248 0.599825322628
    endloop
  endfacet
  facet normal 1 -0 0
    outer loop
      vertex -0.116901308298 -0.00809667818248 0.599825322628
      vertex -0.116901308298 -0.00540205929428 0.700064301491
      vertex -0.116901308298 -0.0224020592868 0.700064301491
    endloop
  endfacet
  facet normal 1 0 -0
    outer loop
      vertex -0.116901308298 -0.00809667818248 0.599825322628
      vertex -0.116901308298 -0.0224020592868 0.700064301491
      vertex -0.116901308298 -0.0224020592868 0.500064373016
    endloop
  endfacet
  facet normal 1 0 0
    outer loop
      vertex -0.116901308298 -0.00797424372286 0.599825322628
      vertex -0.116901308298 -0.00540205929428 0.599825322628
      vertex -0.116901308298 -0.00540205929428 0.700064301491
    endloop
  endfacet
  facet normal 1 0 0
    outer loop
      vertex -0.116901308298 -0.00809667818248 0.599825322628
      vertex -0.116901308298 -0.0224020592868 0.500064373016
      vertex -0.116901308298 -0.00809667818248 0.594825327396
    endloop
  endfacet
  facet normal 1 0 0
    outer loop
      vertex -0.116901308298 -0.00809667818248 0.594825327396
      vertex -0.116901308298 -0.0224020592868 0.500064373016
      vertex -0.116901308298 -0.00540205929428 0.500064373016
    endloop
  endfacet
  facet normal 1 0 0
    outer loop
      vertex -0.116901308298 -0.00809667818248 0.594825327396
      vertex -0.116901308298 -0.00540205929428 0.500064373016
      vertex -0.116901308298 -0.00797424372286 0.594825327396
    endloop
  endfacet
  facet normal 1 0 0
    outer loop
      vertex -0.116901308298 -0.00797424372286 0.594825327396
      vertex -0.116901308298 -0.00540205929428 0.500064373016
      vertex -0.116901308298 -0.00540205929428 0.594825327396
    endloop
  endfacet
  facet normal -0 -0 -1
    outer loop
      vertex -0.102473497391 -0.0224020592868 0.594825327396
      vertex -0.0911439433694 -0.0224020592868 0.500064373016
      vertex -0.102595940232 -0.0224020592868 0.594825327396
    endloop
  endfacet
  facet normal 0 -0 -1
    outer loop
      vertex -0.102595940232 -0.0224020592868 0.594825327396
      vertex -0.0911439433694 -0.0224020592868 0.500064373016
      vertex -0.116901308298 -0.0224020592868 0.500064373016
    endloop
  endfacet
  facet normal -0 0 -1
    outer loop
      vertex -0.102595940232 -0.0224020592868 0.594825327396
      vertex -0.116901308298 -0.0224020592868 0.500064373016
      vertex -0.102595940232 -0.0224020592868 0.599825322628
    endloop
  endfacet
  facet normal -0 0 -1
    outer loop
      vertex -0.102595940232 -0.0224020592868 0.599825322628
      vertex -0.116901308298 -0.0224020592868 0.500064373016
      vertex -0.116901308298 -0.0224020592868 0.700064301491
    endloop
  endfacet
  facet normal 0 0 -1
    outer loop
      vertex -0.102595940232 -0.0224020592868 0.599825322628
      vertex -0.116901308298 -0.0224020592868 0.700064301491
      vertex -0.0911439433694 -0.0224020592868 0.700064301491
    endloop
  endfacet
  facet normal 0 0 -1
    outer loop
      vertex -0.102473497391 -0.0224020592868 0.594825327396
      vertex -0.0911439433694 -0.0224020592868 0.594825327396
      vertex -0.0911439433694 -0.0224020592868 0.500064373016
    endloop
  endfacet
  facet normal 0 0 -1
    outer loop
      vertex -0.0911439433694 -0.0224020592868 0.599825322628
      vertex -0.102473497391 -0.0224020592868 0.599825322628
      vertex -0.0911439433694 -0.0224020592868 0.700064301491
    endloop
  endfacet
  facet normal 0 0 -1
    outer loop
      vertex -0.0911439433694 -0.0224020592868 0.700064301491
      vertex -0.102473497391 -0.0224020592868 0.599825322628
      vertex -0.102595940232 -0.0224020592868 0.599825322628
    endloop
  endfacet
  facet normal -0.707107543945 -0 -0.707105994225
    outer loop
      vertex -0.0829012989998 -0.0141594000161 0.594825327396
      vertex -0.0829012989998 -0.0141594000161 0.500064373016
      vertex -0.0911439433694 -0.0224020592868 0.594825327396
    endloop
  endfacet
  facet normal -0.707107543945 -0 -0.707105994225
    outer loop
      vertex -0.0911439433694 -0.0224020592868 0.594825327396
      vertex -0.0829012989998 -0.0141594000161 0.500064373016
      vertex -0.0911439433694 -0.0224020592868 0.500064373016
    endloop
  endfacet
  facet normal -1 0 0
    outer loop
      vertex -0.0829012989998 -0.00540205929428 0.594825327396
      vertex -0.0829012989998 -0.00540205929428 0.500064373016
      vertex -0.0829012989998 -0.0141594000161 0.594825327396
    endloop
  endfacet
  facet normal -1 -0 0
    outer loop
      vertex -0.0829012989998 -0.0141594000161 0.594825327396
      vertex -0.0829012989998 -0.00540205929428 0.500064373016
      vertex -0.0829012989998 -0.0141594000161 0.500064373016
    endloop
  endfacet
  facet normal -0 -0 -1
    outer loop
      vertex -0.0799013003707 -0.00540205929428 0.594825327396
      vertex -0.0799013003707 -0.00540205929428 0.500064373016
      vertex -0.0829012989998 -0.00540205929428 0.594825327396
    endloop
  endfacet
  facet normal 0 0 -1
    outer loop
      vertex -0.0829012989998 -0.00540205929428 0.594825327396
      vertex -0.0799013003707 -0.00540205929428 0.500064373016
      vertex -0.0829012989998 -0.00540205929428 0.500064373016
    endloop
  endfacet
  facet normal 1 0 0
    outer loop
      vertex -0.0799013003707 -0.0154020488262 0.594825327396
      vertex -0.0799013003707 -0.0154020488262 0.500064373016
      vertex -0.0799013003707 -0.00540205929428 0.594825327396
    endloop
  endfacet
  facet normal 1 0 0
    outer loop
      vertex -0.0799013003707 -0.00540205929428 0.594825327396
      vertex -0.0799013003707 -0.0154020488262 0.500064373016
      vertex -0.0799013003707 -0.00540205929428 0.500064373016
    endloop
  endfacet
  facet normal 0.707107126713 0 0.707106471062
    outer loop
      vertex -0.0899012982845 -0.0254020560533 0.594825327396
      vertex -0.0899012982845 -0.0254020560533 0.500064373016
      vertex -0.0799013003707 -0.0154020488262 0.594825327396
    endloop
  endfacet
  facet normal 0.707107126713 0 0.707106471062
    outer loop
      vertex -0.0799013003707 -0.0154020488262 0.594825327396
      vertex -0.0899012982845 -0.0254020560533 0.500064373016
      vertex -0.0799013003707 -0.0154020488262 0.500064373016
    endloop
  endfacet
  facet normal 0 1 -0
    outer loop
      vertex -0.00793094281107 -0.116944603622 0.594825327396
      vertex -0.00805337633938 -0.116944603622 0.594825327396
      vertex -0.00521635077894 -0.11965919286 0.594825327396
    endloop
  endfacet
  facet normal 0 1 -0
    outer loop
      vertex -0.00521635077894 -0.11965919286 0.594825327396
      vertex -0.00805337633938 -0.116944603622 0.594825327396
      vertex -0.00521635077894 -0.119781635702 0.594825327396
    endloop
  endfacet
  facet normal -0.707107424736 0 -0.707106173038
    outer loop
      vertex -0.0252163484693 -0.0899446085095 0.599825322628
      vertex -0.0252163484693 -0.0899446085095 0.700064301491
      vertex -0.015216358006 -0.0799446031451 0.599825322628
    endloop
  endfacet
  facet normal -0.707107424736 0 -0.707106173038
    outer loop
      vertex -0.015216358006 -0.0799446031451 0.599825322628
      vertex -0.0252163484693 -0.0899446085095 0.700064301491
      vertex -0.015216358006 -0.0799446031451 0.700064301491
    endloop
  endfacet
  facet normal 0 0 -1
    outer loop
      vertex -0.015216358006 -0.0799446031451 0.599825322628
      vertex -0.015216358006 -0.0799446031451 0.700064301491
      vertex -0.00521635077894 -0.0799446031451 0.599825322628
    endloop
  endfacet
  facet normal 0 0 -1
    outer loop
      vertex -0.00521635077894 -0.0799446031451 0.599825322628
      vertex -0.015216358006 -0.0799446031451 0.700064301491
      vertex -0.00521635077894 -0.0799446031451 0.700064301491
    endloop
  endfacet
  facet normal 1 0 0
    outer loop
      vertex -0.00521635077894 -0.0799446031451 0.599825322628
      vertex -0.00521635077894 -0.0799446031451 0.700064301491
      vertex -0.00521635077894 -0.0829446092248 0.599825322628
    endloop
  endfacet
  facet normal 1 -0 0
    outer loop
      vertex -0.00521635077894 -0.0829446092248 0.599825322628
      vertex -0.00521635077894 -0.0799446031451 0.700064301491
      vertex -0.00521635077894 -0.0829446092248 0.700064301491
    endloop
  endfacet
  facet normal 0 -0 1
    outer loop
      vertex -0.00521635077894 -0.0829446092248 0.599825322628
      vertex -0.00521635077894 -0.0829446092248 0.700064301491
      vertex -0.0139737091959 -0.0829446092248 0.599825322628
    endloop
  endfacet
  facet normal 0 0 1
    outer loop
      vertex -0.0139737091959 -0.0829446092248 0.599825322628
      vertex -0.00521635077894 -0.0829446092248 0.700064301491
      vertex -0.0139737091959 -0.0829446092248 0.700064301491
    endloop
  endfacet
  facet normal 0.707106769085 -0 0.707106769085
    outer loop
      vertex -0.0139737091959 -0.0829446092248 0.599825322628
      vertex -0.0139737091959 -0.0829446092248 0.700064301491
      vertex -0.0222163517028 -0.0911872535944 0.599825322628
    endloop
  endfacet
  facet normal 0.707106769085 -0 0.707106769085
    outer loop
      vertex -0.0222163517028 -0.0911872535944 0.599825322628
      vertex -0.0139737091959 -0.0829446092248 0.700064301491
      vertex -0.0222163517028 -0.0911872535944 0.700064301491
    endloop
  endfacet
  facet normal 1 -0 0
    outer loop
      vertex -0.0222163517028 -0.102659195662 0.599825322628
      vertex -0.0222163517028 -0.0911872535944 0.700064301491
      vertex -0.0222163517028 -0.102781638503 0.599825322628
    endloop
  endfacet
  facet normal 1 -0 0
    outer loop
      vertex -0.0222163517028 -0.102781638503 0.599825322628
      vertex -0.0222163517028 -0.0911872535944 0.700064301491
      vertex -0.0222163517028 -0.116944603622 0.700064301491
    endloop
  endfacet
  facet normal 1 0 -0
    outer loop
      vertex -0.0222163517028 -0.102781638503 0.599825322628
      vertex -0.0222163517028 -0.116944603622 0.700064301491
      vertex -0.0222163517028 -0.116944603622 0.500064373016
    endloop
  endfacet
  facet normal 1 0 0
    outer loop
      vertex -0.0222163517028 -0.102659195662 0.599825322628
      vertex -0.0222163517028 -0.0911872535944 0.599825322628
      vertex -0.0222163517028 -0.0911872535944 0.700064301491
    endloop
  endfacet
  facet normal 1 0 0
    outer loop
      vertex -0.0222163517028 -0.102781638503 0.599825322628
      vertex -0.0222163517028 -0.116944603622 0.500064373016
      vertex -0.0222163517028 -0.102781638503 0.594825327396
    endloop
  endfacet
  facet normal 1 0 0
    outer loop
      vertex -0.0222163517028 -0.102781638503 0.594825327396
      vertex -0.0222163517028 -0.116944603622 0.500064373016
      vertex -0.0222163517028 -0.0911872535944 0.500064373016
    endloop
  endfacet
  facet normal 1 0 0
    outer loop
      vertex -0.0222163517028 -0.102781638503 0.594825327396
      vertex -0.0222163517028 -0.0911872535944 0.500064373016
      vertex -0.0222163517028 -0.102659195662 0.594825327396
    endloop
  endfacet
  facet normal 1 0 0
    outer loop
      vertex -0.0222163517028 -0.102659195662 0.594825327396
      vertex -0.0222163517028 -0.0911872535944 0.500064373016
      vertex -0.0222163517028 -0.0911872535944 0.594825327396
    endloop
  endfacet
  facet normal -0 -0 -1
    outer loop
      vertex -0.00793094281107 -0.116944603622 0.594825327396
      vertex -0.00521635077894 -0.116944603622 0.500064373016
      vertex -0.00805337633938 -0.116944603622 0.594825327396
    endloop
  endfacet
  facet normal 0 -0 -1
    outer loop
      vertex -0.00805337633938 -0.116944603622 0.594825327396
      vertex -0.00521635077894 -0.116944603622 0.500064373016
      vertex -0.0222163517028 -0.116944603622 0.500064373016
    endloop
  endfacet
  facet normal -0 0 -1
    outer loop
      vertex -0.00805337633938 -0.116944603622 0.594825327396
      vertex -0.0222163517028 -0.116944603622 0.500064373016
      vertex -0.00805337633938 -0.116944603622 0.599825322628
    endloop
  endfacet
  facet normal -0 0 -1
    outer loop
      vertex -0.00805337633938 -0.116944603622 0.599825322628
      vertex -0.0222163517028 -0.116944603622 0.500064373016
      vertex -0.0222163517028 -0.116944603622 0.700064301491
    endloop
  endfacet
  facet normal 0 0 -1
    outer loop
      vertex -0.00805337633938 -0.116944603622 0.599825322628
      vertex -0.0222163517028 -0.116944603622 0.700064301491
      vertex -0.00521635077894 -0.116944603622 0.700064301491
    endloop
  endfacet
  facet normal 0 0 -1
    outer loop
      vertex -0.00793094281107 -0.116944603622 0.594825327396
      vertex -0.00521635077894 -0.116944603622 0.594825327396
      vertex -0.00521635077894 -0.116944603622 0.500064373016
    endloop
  endfacet
  facet normal 0 0 -1
    outer loop
      vertex -0.00521635077894 -0.116944603622 0.599825322628
      vertex -0.00793094281107 -0.116944603622 0.599825322628
      vertex -0.00521635077894 -0.116944603622 0.700064301491
    endloop
  endfacet
  facet normal 0 0 -1
    outer loop
      vertex -0.00521635077894 -0.116944603622 0.700064301491
      vertex -0.00793094281107 -0.116944603622 0.599825322628
      vertex -0.00805337633938 -0.116944603622 0.599825322628
    endloop
  endfacet
  facet normal -0 0 1
    outer loop
      vertex -0.0252163484693 -0.119944609702 0.700064301491
      vertex -0.0252163484693 -0.119944609702 0.500064373016
      vertex -0.00521635077894 -0.119944609702 0.700064301491
    endloop
  endfacet
  facet normal 0 0 1
    outer loop
      vertex -0.00521635077894 -0.119944609702 0.700064301491
      vertex -0.0252163484693 -0.119944609702 0.500064373016
      vertex -0.00521635077894 -0.119944609702 0.500064373016
    endloop
  endfacet
  facet normal 0 1 0
    outer loop
      vertex -0.0139737091959 -0.0829446092248 0.700064301491
      vertex -0.015216358006 -0.0799446031451 0.700064301491
      vertex -0.0222163517028 -0.0911872535944 0.700064301491
    endloop
  endfacet
  facet normal 0 1 0
    outer loop
      vertex -0.0222163517028 -0.0911872535944 0.700064301491
      vertex -0.015216358006 -0.0799446031451 0.700064301491
      vertex -0.0252163484693 -0.0899446085095 0.700064301491
    endloop
  endfacet
  facet normal 0 1 -0
    outer loop
      vertex -0.0222163517028 -0.0911872535944 0.700064301491
      vertex -0.0252163484693 -0.0899446085095 0.700064301491
      vertex -0.0222163517028 -0.116944603622 0.700064301491
    endloop
  endfacet
  facet normal 0 1 0
    outer loop
      vertex -0.0222163517028 -0.116944603622 0.700064301491
      vertex -0.0252163484693 -0.0899446085095 0.700064301491
      vertex -0.0252163484693 -0.119944609702 0.700064301491
    endloop
  endfacet
  facet normal 0 1 -0
    outer loop
      vertex -0.0222163517028 -0.116944603622 0.700064301491
      vertex -0.0252163484693 -0.119944609702 0.700064301491
      vertex -0.00521635077894 -0.119944609702 0.700064301491
    endloop
  endfacet
  facet normal 0 1 0
    outer loop
      vertex -0.00521635077894 -0.0829446092248 0.700064301491
      vertex -0.00521635077894 -0.0799446031451 0.700064301491
      vertex -0.0139737091959 -0.0829446092248 0.700064301491
    endloop
  endfacet
  facet normal 0 1 0
    outer loop
      vertex -0.0139737091959 -0.0829446092248 0.700064301491
      vertex -0.00521635077894 -0.0799446031451 0.700064301491
      vertex -0.015216358006 -0.0799446031451 0.700064301491
    endloop
  endfacet
  facet normal 0 1 0
    outer loop
      vertex -0.00521635077894 -0.119944609702 0.700064301491
      vertex -0.00521635077894 -0.116944603622 0.700064301491
      vertex -0.0222163517028 -0.116944603622 0.700064301491
    endloop
  endfacet
  facet normal 0 -1 0
    outer loop
      vertex -0.0222163517028 -0.0911872535944 0.500064373016
      vertex -0.015216358006 -0.0799446031451 0.500064373016
      vertex -0.0139737091959 -0.0829446092248 0.500064373016
    endloop
  endfacet
  facet normal 0 -1 -0
    outer loop
      vertex -0.0139737091959 -0.0829446092248 0.500064373016
      vertex -0.015216358006 -0.0799446031451 0.500064373016
      vertex -0.00521635077894 -0.0799446031451 0.500064373016
    endloop
  endfacet
  facet normal 0 -1 0
    outer loop
      vertex -0.0139737091959 -0.0829446092248 0.500064373016
      vertex -0.00521635077894 -0.0799446031451 0.500064373016
      vertex -0.00521635077894 -0.0829446092248 0.500064373016
    endloop
  endfacet
  facet normal 0 -1 0
    outer loop
      vertex -0.015216358006 -0.0799446031451 0.500064373016
      vertex -0.0222163517028 -0.0911872535944 0.500064373016
      vertex -0.0252163484693 -0.0899446085095 0.500064373016
    endloop
  endfacet
  facet normal 0 -1 0
    outer loop
      vertex -0.0252163484693 -0.0899446085095 0.500064373016
      vertex -0.0222163517028 -0.0911872535944 0.500064373016
      vertex -0.0222163517028 -0.116944603622 0.500064373016
    endloop
  endfacet
  facet normal 0 -1 0
    outer loop
      vertex -0.0252163484693 -0.0899446085095 0.500064373016
      vertex -0.0222163517028 -0.116944603622 0.500064373016
      vertex -0.0252163484693 -0.119944609702 0.500064373016
    endloop
  endfacet
  facet normal 0 -1 0
    outer loop
      vertex -0.0252163484693 -0.119944609702 0.500064373016
      vertex -0.0222163517028 -0.116944603622 0.500064373016
      vertex -0.00521635077894 -0.119944609702 0.500064373016
    endloop
  endfacet
  facet normal 0 -1 -0
    outer loop
      vertex -0.00521635077894 -0.119944609702 0.500064373016
      vertex -0.0222163517028 -0.116944603622 0.500064373016
      vertex -0.00521635077894 -0.116944603622 0.500064373016
    endloop
  endfacet
  facet normal 0.707106769085 0 0.707106769085
    outer loop
      vertex -0.0222163517028 -0.0911872535944 0.594825327396
      vertex -0.0222163517028 -0.0911872535944 0.500064373016
      vertex -0.0139737091959 -0.0829446092248 0.594825327396
    endloop
  endfacet
  facet normal 0.707106769085 0 0.707106769085
    outer loop
      vertex -0.0139737091959 -0.0829446092248 0.594825327396
      vertex -0.0222163517028 -0.0911872535944 0.500064373016
      vertex -0.0139737091959 -0.0829446092248 0.500064373016
    endloop
  endfacet
  facet normal -0 0 1
    outer loop
      vertex -0.0139737091959 -0.0829446092248 0.594825327396
      vertex -0.0139737091959 -0.0829446092248 0.500064373016
      vertex -0.00521635077894 -0.0829446092248 0.594825327396
    endloop
  endfacet
  facet normal 0 0 1
    outer loop
      vertex -0.00521635077894 -0.0829446092248 0.594825327396
      vertex -0.0139737091959 -0.0829446092248 0.500064373016
      vertex -0.00521635077894 -0.0829446092248 0.500064373016
    endloop
  endfacet
  facet normal 1 0 0
    outer loop
      vertex -0.00521635077894 -0.0829446092248 0.594825327396
      vertex -0.00521635077894 -0.0829446092248 0.500064373016
      vertex -0.00521635077894 -0.0799446031451 0.594825327396
    endloop
  endfacet
  facet normal 1 0 0
    outer loop
      vertex -0.00521635077894 -0.0799446031451 0.594825327396
      vertex -0.00521635077894 -0.0829446092248 0.500064373016
      vertex -0.00521635077894 -0.0799446031451 0.500064373016
    endloop
  endfacet
  facet normal -0 -0 -1
    outer loop
      vertex -0.00521635077894 -0.0799446031451 0.594825327396
      vertex -0.00521635077894 -0.0799446031451 0.500064373016
      vertex -0.015216358006 -0.0799446031451 0.594825327396
    endloop
  endfacet
  facet normal 0 0 -1
    outer loop
      vertex -0.015216358006 -0.0799446031451 0.594825327396
      vertex -0.00521635077894 -0.0799446031451 0.500064373016
      vertex -0.015216358006 -0.0799446031451 0.500064373016
    endloop
  endfacet
  facet normal -0.707107424736 -0 -0.707106173038
    outer loop
      vertex -0.015216358006 -0.0799446031451 0.594825327396
      vertex -0.015216358006 -0.0799446031451 0.500064373016
      vertex -0.0252163484693 -0.0899446085095 0.594825327396
    endloop
  endfacet
  facet normal -0.707107424736 -0 -0.707106173038
    outer loop
      vertex -0.0252163484693 -0.0899446085095 0.594825327396
      vertex -0.015216358006 -0.0799446031451 0.500064373016
      vertex -0.0252163484693 -0.0899446085095 0.500064373016
    endloop
  endfacet
  facet normal -1 0 0
    outer loop
      vertex -0.0252163484693 -0.0899446085095 0.599825322628
      vertex -0.0252163484693 -0.0996591970325 0.599825322628
      vertex -0.0252163484693 -0.0899446085095 0.700064301491
    endloop
  endfacet
  facet normal -1 0 0
    outer loop
      vertex -0.0252163484693 -0.0899446085095 0.700064301491
      vertex -0.0252163484693 -0.0996591970325 0.599825322628
      vertex -0.0252163484693 -0.0997816324234 0.599825322628
    endloop
  endfacet
  facet normal -1 0 0
    outer loop
      vertex -0.0252163484693 -0.0899446085095 0.700064301491
      vertex -0.0252163484693 -0.0997816324234 0.599825322628
      vertex -0.0252163484693 -0.119944609702 0.700064301491
    endloop
  endfacet
  facet normal -1 -0 0
    outer loop
      vertex -0.0252163484693 -0.119944609702 0.700064301491
      vertex -0.0252163484693 -0.0997816324234 0.599825322628
      vertex -0.0252163484693 -0.119944609702 0.500064373016
    endloop
  endfacet
  facet normal -1 0 0
    outer loop
      vertex -0.0252163484693 -0.119944609702 0.500064373016
      vertex -0.0252163484693 -0.0997816324234 0.599825322628
      vertex -0.0252163484693 -0.0997816324234 0.594825327396
    endloop
  endfacet
  facet normal -1 0 0
    outer loop
      vertex -0.0252163484693 -0.119944609702 0.500064373016
      vertex -0.0252163484693 -0.0997816324234 0.594825327396
      vertex -0.0252163484693 -0.0899446085095 0.500064373016
    endloop
  endfacet
  facet normal -1 0 0
    outer loop
      vertex -0.0252163484693 -0.0899446085095 0.500064373016
      vertex -0.0252163484693 -0.0997816324234 0.594825327396
      vertex -0.0252163484693 -0.0996591970325 0.594825327396
    endloop
  endfacet
  facet normal -1 0 0
    outer loop
      vertex -0.0252163484693 -0.0899446085095 0.500064373016
      vertex -0.0252163484693 -0.0996591970325 0.594825327396
      vertex -0.0252163484693 -0.0899446085095 0.594825327396
    endloop
  endfacet
  facet normal 1 0 -0
    outer loop
      vertex -0.00521635077894 -0.116944603622 0.594825327396
      vertex -0.00521635077894 -0.11965919286 0.594825327396
      vertex -0.00521635077894 -0.116944603622 0.500064373016
    endloop
  endfacet
  facet normal 1 0 0
    outer loop
      vertex -0.00521635077894 -0.116944603622 0.500064373016
      vertex -0.00521635077894 -0.11965919286 0.594825327396
      vertex -0.00521635077894 -0.119944609702 0.500064373016
    endloop
  endfacet
  facet normal 1 0 0
    outer loop
      vertex -0.00521635077894 -0.119944609702 0.500064373016
      vertex -0.00521635077894 -0.11965919286 0.594825327396
      vertex -0.00521635077894 -0.119781635702 0.594825327396
    endloop
  endfacet
  facet normal 1 0 0
    outer loop
      vertex -0.00521635077894 -0.119944609702 0.500064373016
      vertex -0.00521635077894 -0.119781635702 0.594825327396
      vertex -0.00521635077894 -0.119781635702 0.599825322628
    endloop
  endfacet
  facet normal 1 -0 0
    outer loop
      vertex -0.00521635077894 -0.119944609702 0.500064373016
      vertex -0.00521635077894 -0.119781635702 0.599825322628
      vertex -0.00521635077894 -0.119944609702 0.700064301491
    endloop
  endfacet
  facet normal 1 0 0
    outer loop
      vertex -0.00521635077894 -0.119944609702 0.700064301491
      vertex -0.00521635077894 -0.119781635702 0.599825322628
      vertex -0.00521635077894 -0.11965919286 0.599825322628
    endloop
  endfacet
  facet normal 1 0 0
    outer loop
      vertex -0.00521635077894 -0.119944609702 0.700064301491
      vertex -0.00521635077894 -0.11965919286 0.599825322628
      vertex -0.00521635077894 -0.116944603622 0.700064301491
    endloop
  endfacet
  facet normal 1 0 0
    outer loop
      vertex -0.00521635077894 -0.116944603622 0.700064301491
      vertex -0.00521635077894 -0.11965919286 0.599825322628
      vertex -0.00521635077894 -0.116944603622 0.599825322628
    endloop
  endfacet
  facet normal 0.707106769085 0 -0.707106769085
    outer loop
      vertex -0.00521635077894 -0.119781635702 0.599825322628
      vertex -0.00521635077894 -0.119781635702 0.594825327396
      vertex -0.00805337633938 -0.116944603622 0.599825322628
    endloop
  endfacet
  facet normal 0.707106769085 0 -0.707106769085
    outer loop
      vertex -0.00805337633938 -0.116944603622 0.599825322628
      vertex -0.00521635077894 -0.119781635702 0.594825327396
      vertex -0.00805337633938 -0.116944603622 0.594825327396
    endloop
  endfacet
  facet normal 0.707107841969 0 -0.707105755806
    outer loop
      vertex -0.0252163484693 -0.0997816324234 0.594825327396
      vertex -0.0252163484693 -0.0997816324234 0.599825322628
      vertex -0.0222163517028 -0.102781638503 0.594825327396
    endloop
  endfacet
  facet normal 0.707107841969 0 -0.707105755806
    outer loop
      vertex -0.0222163517028 -0.102781638503 0.594825327396
      vertex -0.0252163484693 -0.0997816324234 0.599825322628
      vertex -0.0222163517028 -0.102781638503 0.599825322628
    endloop
  endfacet
  facet normal -0 -1 0
    outer loop
      vertex -0.00521635077894 -0.11965919286 0.599825322628
      vertex -0.00521635077894 -0.119781635702 0.599825322628
      vertex -0.00793094281107 -0.116944603622 0.599825322628
    endloop
  endfacet
  facet normal 0 -1 0
    outer loop
      vertex -0.00793094281107 -0.116944603622 0.599825322628
      vertex -0.00521635077894 -0.119781635702 0.599825322628
      vertex -0.00805337633938 -0.116944603622 0.599825322628
    endloop
  endfacet
  facet normal 0 -1 0
    outer loop
      vertex -0.0252163484693 -0.0996591970325 0.599825322628
      vertex -0.0222163517028 -0.102659195662 0.599825322628
      vertex -0.0252163484693 -0.0997816324234 0.599825322628
    endloop
  endfacet
  facet normal 0 -1 0
    outer loop
      vertex -0.0252163484693 -0.0997816324234 0.599825322628
      vertex -0.0222163517028 -0.102659195662 0.599825322628
      vertex -0.0222163517028 -0.102781638503 0.599825322628
    endloop
  endfacet
  facet normal 0 1 0
    outer loop
      vertex -0.0252163484693 -0.0996591970325 0.594825327396
      vertex -0.0252163484693 -0.0997816324234 0.594825327396
      vertex -0.0222163517028 -0.102659195662 0.594825327396
    endloop
  endfacet
  facet normal 0 1 -0
    outer loop
      vertex -0.0222163517028 -0.102659195662 0.594825327396
      vertex -0.0252163484693 -0.0997816324234 0.594825327396
      vertex -0.0222163517028 -0.102781638503 0.594825327396
    endloop
  endfacet
  facet normal 0 1 0
    outer loop
      vertex -0.119876556098 -0.00499899499118 0.599825322628
      vertex -0.0799013003707 -0.00540205929428 0.599825322628
      vertex -0.00499900244176 -0.00499899499118 0.599825322628
    endloop
  endfacet
  facet normal 0 1 0
    outer loop
      vertex -0.00499900244176 -0.00499899499118 0.599825322628
      vertex -0.0799013003707 -0.00540205929428 0.599825322628
      vertex -0.0799013003707 -0.0154020488262 0.599825322628
    endloop
  endfacet
  facet normal 0 1 0
    outer loop
      vertex -0.00499900244176 -0.00499899499118 0.599825322628
      vertex -0.0799013003707 -0.0154020488262 0.599825322628
      vertex -0.015216358006 -0.0799446031451 0.599825322628
    endloop
  endfacet
  facet normal 0 1 0
    outer loop
      vertex -0.015216358006 -0.0799446031451 0.599825322628
      vertex -0.0799013003707 -0.0154020488262 0.599825322628
      vertex -0.0252163484693 -0.0899446085095 0.599825322628
    endloop
  endfacet
  facet normal 0 1 0
    outer loop
      vertex -0.0252163484693 -0.0899446085095 0.599825322628
      vertex -0.0799013003707 -0.0154020488262 0.599825322628
      vertex -0.0899012982845 -0.0254020560533 0.599825322628
    endloop
  endfacet
  facet normal 0 1 -0
    outer loop
      vertex -0.0252163484693 -0.0899446085095 0.599825322628
      vertex -0.0899012982845 -0.0254020560533 0.599825322628
      vertex -0.0252163484693 -0.0996591970325 0.599825322628
    endloop
  endfacet
  facet normal 0 1 0
    outer loop
      vertex -0.0252163484693 -0.0996591970325 0.599825322628
      vertex -0.0899012982845 -0.0254020560533 0.599825322628
      vertex -0.0994734987617 -0.0254020560533 0.599825322628
    endloop
  endfacet
  facet normal -0 1 0
    outer loop
      vertex -0.119473494589 -0.00540205929428 0.599825322628
      vertex -0.116901308298 -0.00540205929428 0.599825322628
      vertex -0.119876556098 -0.00499899499118 0.599825322628
    endloop
  endfacet
  facet normal 0 1 0
    outer loop
      vertex -0.119876556098 -0.00499899499118 0.599825322628
      vertex -0.116901308298 -0.00540205929428 0.599825322628
      vertex -0.0829012989998 -0.00540205929428 0.599825322628
    endloop
  endfacet
  facet normal 0 1 0
    outer loop
      vertex -0.119876556098 -0.00499899499118 0.599825322628
      vertex -0.0829012989998 -0.00540205929428 0.599825322628
      vertex -0.0799013003707 -0.00540205929428 0.599825322628
    endloop
  endfacet
  facet normal -0 1 0
    outer loop
      vertex -0.116901308298 -0.00797424372286 0.599825322628
      vertex -0.102473497391 -0.0224020592868 0.599825322628
      vertex -0.116901308298 -0.00540205929428 0.599825322628
    endloop
  endfacet
  facet normal 0 1 0
    outer loop
      vertex -0.116901308298 -0.00540205929428 0.599825322628
      vertex -0.102473497391 -0.0224020592868 0.599825322628
      vertex -0.0829012989998 -0.00540205929428 0.599825322628
    endloop
  endfacet
  facet normal 0 1 0
    outer loop
      vertex -0.0911439433694 -0.0224020592868 0.599825322628
      vertex -0.0829012989998 -0.0141594000161 0.599825322628
      vertex -0.102473497391 -0.0224020592868 0.599825322628
    endloop
  endfacet
  facet normal 0 1 0
    outer loop
      vertex -0.102473497391 -0.0224020592868 0.599825322628
      vertex -0.0829012989998 -0.0141594000161 0.599825322628
      vertex -0.0829012989998 -0.00540205929428 0.599825322628
    endloop
  endfacet
  facet normal -0 1 0
    outer loop
      vertex -0.015216358006 -0.0799446031451 0.599825322628
      vertex -0.00521635077894 -0.0799446031451 0.599825322628
      vertex -0.00499900244176 -0.00499899499118 0.599825322628
    endloop
  endfacet
  facet normal 0 1 -0
    outer loop
      vertex -0.00499900244176 -0.00499899499118 0.599825322628
      vertex -0.00521635077894 -0.0799446031451 0.599825322628
      vertex -0.00499900244176 -0.119876548648 0.599825322628
    endloop
  endfacet
  facet normal 0 1 0
    outer loop
      vertex -0.00499900244176 -0.119876548648 0.599825322628
      vertex -0.00521635077894 -0.0799446031451 0.599825322628
      vertex -0.00521635077894 -0.0829446092248 0.599825322628
    endloop
  endfacet
  facet normal 0 1 0
    outer loop
      vertex -0.00499900244176 -0.119876548648 0.599825322628
      vertex -0.00521635077894 -0.0829446092248 0.599825322628
      vertex -0.00521635077894 -0.116944603622 0.599825322628
    endloop
  endfacet
  facet normal 0 1 0
    outer loop
      vertex -0.00521635077894 -0.116944603622 0.599825322628
      vertex -0.00521635077894 -0.0829446092248 0.599825322628
      vertex -0.0222163517028 -0.102659195662 0.599825322628
    endloop
  endfacet
  facet normal 0 1 0
    outer loop
      vertex -0.00521635077894 -0.116944603622 0.599825322628
      vertex -0.0222163517028 -0.102659195662 0.599825322628
      vertex -0.00793094281107 -0.116944603622 0.599825322628
    endloop
  endfacet
  facet normal 0 1 0
    outer loop
      vertex -0.00521635077894 -0.0829446092248 0.599825322628
      vertex -0.0139737091959 -0.0829446092248 0.599825322628
      vertex -0.0222163517028 -0.102659195662 0.599825322628
    endloop
  endfacet
  facet normal 0 1 0
    outer loop
      vertex -0.0222163517028 -0.102659195662 0.599825322628
      vertex -0.0139737091959 -0.0829446092248 0.599825322628
      vertex -0.0222163517028 -0.0911872535944 0.599825322628
    endloop
  endfacet
  facet normal 0 1 0
    outer loop
      vertex -0.00521635077894 -0.116944603622 0.599825322628
      vertex -0.00521635077894 -0.11965919286 0.599825322628
      vertex -0.00499900244176 -0.119876548648 0.599825322628
    endloop
  endfacet
  facet normal -0.707110702991 0 0.707102835178
    outer loop
      vertex -0.119876556098 -0.00499899499118 0.599825322628
      vertex -0.119876556098 -0.00499899499118 0.594825327396
      vertex -0.119473494589 -0.00540205929428 0.599825322628
    endloop
  endfacet
  facet normal -0.707110702991 0 0.707102835178
    outer loop
      vertex -0.119473494589 -0.00540205929428 0.599825322628
      vertex -0.119876556098 -0.00499899499118 0.594825327396
      vertex -0.119473494589 -0.00540205929428 0.594825327396
    endloop
  endfacet
  facet normal -0.707106173038 0 0.707107424736
    outer loop
      vertex -0.119473494589 -0.00540205929428 0.599825322628
      vertex -0.119473494589 -0.00540205929428 0.594825327396
      vertex -0.116901308298 -0.00797424372286 0.599825322628
    endloop
  endfacet
  facet normal -0.707106173038 0 0.707107424736
    outer loop
      vertex -0.116901308298 -0.00797424372286 0.599825322628
      vertex -0.119473494589 -0.00540205929428 0.594825327396
      vertex -0.116901308298 -0.00797424372286 0.594825327396
    endloop
  endfacet
  facet normal -0.707106888294 0 0.707106649876
    outer loop
      vertex -0.116901308298 -0.00797424372286 0.599825322628
      vertex -0.116901308298 -0.00797424372286 0.594825327396
      vertex -0.102473497391 -0.0224020592868 0.599825322628
    endloop
  endfacet
  facet normal -0.707106888294 0 0.707106649876
    outer loop
      vertex -0.102473497391 -0.0224020592868 0.599825322628
      vertex -0.116901308298 -0.00797424372286 0.594825327396
      vertex -0.102473497391 -0.0224020592868 0.594825327396
    endloop
  endfacet
  facet normal -0.707106769085 0 0.707106769085
    outer loop
      vertex -0.102473497391 -0.0224020592868 0.599825322628
      vertex -0.102473497391 -0.0224020592868 0.594825327396
      vertex -0.0994734987617 -0.0254020560533 0.599825322628
    endloop
  endfacet
  facet normal -0.707106769085 0 0.707106769085
    outer loop
      vertex -0.0994734987617 -0.0254020560533 0.599825322628
      vertex -0.102473497391 -0.0224020592868 0.594825327396
      vertex -0.0994734987617 -0.0254020560533 0.594825327396
    endloop
  endfacet
  facet normal -0.70710670948 0 0.70710682869
    outer loop
      vertex -0.0994734987617 -0.0254020560533 0.599825322628
      vertex -0.0994734987617 -0.0254020560533 0.594825327396
      vertex -0.0252163484693 -0.0996591970325 0.599825322628
    endloop
  endfacet
  facet normal -0.70710670948 0 0.70710682869
    outer loop
      vertex -0.0252163484693 -0.0996591970325 0.599825322628
      vertex -0.0994734987617 -0.0254020560533 0.594825327396
      vertex -0.0252163484693 -0.0996591970325 0.594825327396
    endloop
  endfacet
  facet normal -0.707106769085 0 0.707106769085
    outer loop
      vertex -0.0252163484693 -0.0996591970325 0.599825322628
      vertex -0.0252163484693 -0.0996591970325 0.594825327396
      vertex -0.0222163517028 -0.102659195662 0.599825322628
    endloop
  endfacet
  facet normal -0.707106769085 0 0.707106769085
    outer loop
      vertex -0.0222163517028 -0.102659195662 0.599825322628
      vertex -0.0252163484693 -0.0996591970325 0.594825327396
      vertex -0.0222163517028 -0.102659195662 0.594825327396
    endloop
  endfacet
  facet normal -0.707106888294 0 0.707106649876
    outer loop
      vertex -0.0222163517028 -0.102659195662 0.599825322628
      vertex -0.0222163517028 -0.102659195662 0.594825327396
      vertex -0.00793094281107 -0.116944603622 0.599825322628
    endloop
  endfacet
  facet normal -0.707106888294 0 0.707106649876
    outer loop
      vertex -0.00793094281107 -0.116944603622 0.599825322628
      vertex -0.0222163517028 -0.102659195662 0.594825327396
      vertex -0.00793094281107 -0.116944603622 0.594825327396
    endloop
  endfacet
  facet normal -0.707106173038 0 0.707107365131
    outer loop
      vertex -0.00793094281107 -0.116944603622 0.599825322628
      vertex -0.00793094281107 -0.116944603622 0.594825327396
      vertex -0.00521635077894 -0.11965919286 0.599825322628
    endloop
  endfacet
  facet normal -0.707106173038 0 0.707107365131
    outer loop
      vertex -0.00521635077894 -0.11965919286 0.599825322628
      vertex -0.00793094281107 -0.116944603622 0.594825327396
      vertex -0.00521635077894 -0.11965919286 0.594825327396
    endloop
  endfacet
  facet normal -0.707121312618 0 0.707092225552
    outer loop
      vertex -0.00521635077894 -0.11965919286 0.599825322628
      vertex -0.00521635077894 -0.11965919286 0.594825327396
      vertex -0.00499900244176 -0.119876548648 0.599825322628
    endloop
  endfacet
  facet normal -0.707121312618 0 0.707092225552
    outer loop
      vertex -0.00499900244176 -0.119876548648 0.599825322628
      vertex -0.00521635077894 -0.11965919286 0.594825327396
      vertex -0.00499900244176 -0.119876548648 0.594825327396
    endloop
  endfacet
  facet normal -0.70710682869 0 0.707106769085
    outer loop
      vertex -0.00499900244176 -0.119998991489 0.945003151894
      vertex -0.00499900244176 -0.119998991489 0.950003147125
      vertex -0.119998991489 -0.00499899499118 0.945003151894
    endloop
  endfacet
  facet normal -0.70710682869 0 0.707106769085
    outer loop
      vertex -0.119998991489 -0.00499899499118 0.945003151894
      vertex -0.00499900244176 -0.119998991489 0.950003147125
      vertex -0.119998991489 -0.00499899499118 0.950003147125
    endloop
  endfacet
  facet normal 0 -1 0
    outer loop
      vertex -0.119998991489 -0.00499899499118 0.945003151894
      vertex -0.00499900244176 -0.00499899499118 0.945003151894
      vertex -0.00499900244176 -0.119998991489 0.945003151894
    endloop
  endfacet
  facet normal 0 1 0
    outer loop
      vertex -0.00499900244176 -0.119998991489 0.950003147125
      vertex -0.00499900244176 -0.00499899499118 0.950003147125
      vertex -0.119998991489 -0.00499899499118 0.950003147125
    endloop
  endfacet
  facet normal -0.70710682869 0 0.707106769085
    outer loop
      vertex -0.00499900244176 -0.119998991489 0.795003175735
      vertex -0.00499900244176 -0.119998991489 0.800003170967
      vertex -0.119998991489 -0.00499899499118 0.795003175735
    endloop
  endfacet
  facet normal -0.70710682869 0 0.707106769085
    outer loop
      vertex -0.119998991489 -0.00499899499118 0.795003175735
      vertex -0.00499900244176 -0.119998991489 0.800003170967
      vertex -0.119998991489 -0.00499899499118 0.800003170967
    endloop
  endfacet
  facet normal 0 -1 0
    outer loop
      vertex -0.119998991489 -0.00499899499118 0.795003175735
      vertex -0.00499900244176 -0.00499899499118 0.795003175735
      vertex -0.00499900244176 -0.119998991489 0.795003175735
    endloop
  endfacet
  facet normal 0 1 0
    outer loop
      vertex -0.00499900244176 -0.119998991489 0.800003170967
      vertex -0.00499900244176 -0.00499899499118 0.800003170967
      vertex -0.119998991489 -0.00499899499118 0.800003170967
    endloop
  endfacet
  facet normal -0.707106649876 0 0.707106888294
    outer loop
      vertex -0.0222163517028 -0.102781638503 0.154998824
      vertex -0.0222163517028 -0.102781638503 0.15499638021
      vertex -0.00805337633938 -0.116944603622 0.154998824
    endloop
  endfacet
  facet normal -0.707106649876 0 0.707106888294
    outer loop
      vertex -0.00805337633938 -0.116944603622 0.154998824
      vertex -0.0222163517028 -0.102781638503 0.15499638021
      vertex -0.00805337633938 -0.116944603622 0.15499638021
    endloop
  endfacet
  facet normal -0.707106649876 2.03394006348e-06 0.707106888294
    outer loop
      vertex -0.00805337633938 -0.116944603622 0.15499638021
      vertex -0.0222163517028 -0.102781638503 0.15499638021
      vertex -0.00499900244176 -0.119998991489 0.149998828769
    endloop
  endfacet
  facet normal -0.707106769085 1.89753291124e-06 0.707106769085
    outer loop
      vertex -0.00805337633938 -0.116944603622 0.15499638021
      vertex -0.00499900244176 -0.119998991489 0.149998828769
      vertex -0.00521635077894 -0.119781635702 0.15499638021
    endloop
  endfacet
  facet normal -0.707128584385 -6.94884323232e-18 0.707084953785
    outer loop
      vertex -0.00521635077894 -0.119781635702 0.15499638021
      vertex -0.00499900244176 -0.119998991489 0.149998828769
      vertex -0.00499900244176 -0.119998991489 0.154998824
    endloop
  endfacet
  facet normal -0.707128584385 0 0.707084953785
    outer loop
      vertex -0.00521635077894 -0.119781635702 0.15499638021
      vertex -0.00499900244176 -0.119998991489 0.154998824
      vertex -0.00521635077894 -0.119781635702 0.154998824
    endloop
  endfacet
  facet normal -0.707107841969 -5.99508439336e-06 0.707105755806
    outer loop
      vertex -0.0222163517028 -0.102781638503 0.15499638021
      vertex -0.0252163484693 -0.0997816324234 0.15499638021
      vertex -0.00499900244176 -0.119998991489 0.149998828769
    endloop
  endfacet
  facet normal -0.70710670948 3.21774336953e-06 0.707106888294
    outer loop
      vertex -0.00499900244176 -0.119998991489 0.149998828769
      vertex -0.0252163484693 -0.0997816324234 0.15499638021
      vertex -0.0995959416032 -0.0254020560533 0.15499638021
    endloop
  endfacet
  facet normal -0.70710682869 -1.04058437955e-06 0.707106769085
    outer loop
      vertex -0.00499900244176 -0.119998991489 0.149998828769
      vertex -0.0995959416032 -0.0254020560533 0.15499638021
      vertex -0.119998991489 -0.00499899499118 0.149998828769
    endloop
  endfacet
  facet normal -0.707106769085 -1.26502197872e-06 0.707106769085
    outer loop
      vertex -0.119998991489 -0.00499899499118 0.149998828769
      vertex -0.0995959416032 -0.0254020560533 0.15499638021
      vertex -0.102595940232 -0.0224020592868 0.15499638021
    endloop
  endfacet
  facet normal -0.707107126713 1.04340267626e-06 0.707106471062
    outer loop
      vertex -0.119998991489 -0.00499899499118 0.149998828769
      vertex -0.102595940232 -0.0224020592868 0.15499638021
      vertex -0.116901308298 -0.00809667818248 0.15499638021
    endloop
  endfacet
  facet normal -0.707107126713 -4.61800357069e-13 0.707106471062
    outer loop
      vertex -0.116901308298 -0.00809667818248 0.15499638021
      vertex -0.102595940232 -0.0224020592868 0.15499638021
      vertex -0.102595940232 -0.0224020592868 0.154998824
    endloop
  endfacet
  facet normal -0.707107126713 0 0.707106471062
    outer loop
      vertex -0.116901308298 -0.00809667818248 0.15499638021
      vertex -0.102595940232 -0.0224020592868 0.154998824
      vertex -0.116901308298 -0.00809667818248 0.154998824
    endloop
  endfacet
  facet normal -0.70710670948 0 0.707106888294
    outer loop
      vertex -0.0252163484693 -0.0997816324234 0.15499638021
      vertex -0.0252163484693 -0.0997816324234 0.154998824
      vertex -0.0995959416032 -0.0254020560533 0.15499638021
    endloop
  endfacet
  facet normal -0.70710670948 0 0.707106888294
    outer loop
      vertex -0.0995959416032 -0.0254020560533 0.15499638021
      vertex -0.0252163484693 -0.0997816324234 0.154998824
      vertex -0.0995959416032 -0.0254020560533 0.154998824
    endloop
  endfacet
  facet normal -0.70710504055 -1.54885344728e-06 0.707108557224
    outer loop
      vertex -0.116901308298 -0.00809667818248 0.15499638021
      vertex -0.119595937431 -0.00540205929428 0.15499638021
      vertex -0.119998991489 -0.00499899499118 0.149998828769
    endloop
  endfacet
  facet normal -0.707114636898 0 0.707098960876
    outer loop
      vertex -0.119998991489 -0.00499899499118 0.149998828769
      vertex -0.119595937431 -0.00540205929428 0.15499638021
      vertex -0.119998991489 -0.00499899499118 0.154998824
    endloop
  endfacet
  facet normal -0.707114636898 1.30115382241e-14 0.707098960876
    outer loop
      vertex -0.119998991489 -0.00499899499118 0.154998824
      vertex -0.119595937431 -0.00540205929428 0.15499638021
      vertex -0.119595937431 -0.00540205929428 0.154998824
    endloop
  endfacet
  facet normal -0 1 0
    outer loop
      vertex -0.0222163517028 -0.0911872535944 0.154998824
      vertex -0.0222163517028 -0.102781638503 0.154998824
      vertex -0.0139737091959 -0.0829446092248 0.154998824
    endloop
  endfacet
  facet normal 0 1 -0
    outer loop
      vertex -0.0139737091959 -0.0829446092248 0.154998824
      vertex -0.0222163517028 -0.102781638503 0.154998824
      vertex -0.00521635077894 -0.0829446092248 0.154998824
    endloop
  endfacet
  facet normal 0 1 -0
    outer loop
      vertex -0.00521635077894 -0.0829446092248 0.154998824
      vertex -0.0222163517028 -0.102781638503 0.154998824
      vertex -0.00521635077894 -0.116944603622 0.154998824
    endloop
  endfacet
  facet normal 0 1 0
    outer loop
      vertex -0.00521635077894 -0.0829446092248 0.154998824
      vertex -0.00521635077894 -0.116944603622 0.154998824
      vertex -0.00499900244176 -0.119998991489 0.154998824
    endloop
  endfacet
  facet normal 0 1 0
    outer loop
      vertex -0.00499900244176 -0.119998991489 0.154998824
      vertex -0.00521635077894 -0.116944603622 0.154998824
      vertex -0.00521635077894 -0.119781635702 0.154998824
    endloop
  endfacet
  facet normal 0 1 0
    outer loop
      vertex -0.0222163517028 -0.102781638503 0.154998824
      vertex -0.00805337633938 -0.116944603622 0.154998824
      vertex -0.00521635077894 -0.116944603622 0.154998824
    endloop
  endfacet
  facet normal -0 1 0
    outer loop
      vertex -0.00521635077894 -0.0829446092248 0.154998824
      vertex -0.00499900244176 -0.119998991489 0.154998824
      vertex -0.00521635077894 -0.0799446031451 0.154998824
    endloop
  endfacet
  facet normal -0 1 0
    outer loop
      vertex -0.00521635077894 -0.0799446031451 0.154998824
      vertex -0.00499900244176 -0.119998991489 0.154998824
      vertex -0.00499900244176 -0.00499899499118 0.154998824
    endloop
  endfacet
  facet normal 0 1 0
    outer loop
      vertex -0.00521635077894 -0.0799446031451 0.154998824
      vertex -0.00499900244176 -0.00499899499118 0.154998824
      vertex -0.015216358006 -0.0799446031451 0.154998824
    endloop
  endfacet
  facet normal 0 1 0
    outer loop
      vertex -0.015216358006 -0.0799446031451 0.154998824
      vertex -0.00499900244176 -0.00499899499118 0.154998824
      vertex -0.0799013003707 -0.0154020488262 0.154998824
    endloop
  endfacet
  facet normal 0 1 0
    outer loop
      vertex -0.015216358006 -0.0799446031451 0.154998824
      vertex -0.0799013003707 -0.0154020488262 0.154998824
      vertex -0.0252163484693 -0.0899446085095 0.154998824
    endloop
  endfacet
  facet normal 0 1 0
    outer loop
      vertex -0.0252163484693 -0.0899446085095 0.154998824
      vertex -0.0799013003707 -0.0154020488262 0.154998824
      vertex -0.0899012982845 -0.0254020560533 0.154998824
    endloop
  endfacet
  facet normal 0 1 -0
    outer loop
      vertex -0.0252163484693 -0.0899446085095 0.154998824
      vertex -0.0899012982845 -0.0254020560533 0.154998824
      vertex -0.0252163484693 -0.0997816324234 0.154998824
    endloop
  endfacet
  facet normal 0 1 0
    outer loop
      vertex -0.0252163484693 -0.0997816324234 0.154998824
      vertex -0.0899012982845 -0.0254020560533 0.154998824
      vertex -0.0995959416032 -0.0254020560533 0.154998824
    endloop
  endfacet
  facet normal 0 1 0
    outer loop
      vertex -0.0799013003707 -0.0154020488262 0.154998824
      vertex -0.00499900244176 -0.00499899499118 0.154998824
      vertex -0.0799013003707 -0.00540205929428 0.154998824
    endloop
  endfacet
  facet normal 0 1 0
    outer loop
      vertex -0.0799013003707 -0.00540205929428 0.154998824
      vertex -0.00499900244176 -0.00499899499118 0.154998824
      vertex -0.119998991489 -0.00499899499118 0.154998824
    endloop
  endfacet
  facet normal 0 1 0
    outer loop
      vertex -0.0799013003707 -0.00540205929428 0.154998824
      vertex -0.119998991489 -0.00499899499118 0.154998824
      vertex -0.0829012989998 -0.00540205929428 0.154998824
    endloop
  endfacet
  facet normal 0 1 0
    outer loop
      vertex -0.0829012989998 -0.00540205929428 0.154998824
      vertex -0.119998991489 -0.00499899499118 0.154998824
      vertex -0.116901308298 -0.00540205929428 0.154998824
    endloop
  endfacet
  facet normal 0 1 0
    outer loop
      vertex -0.0829012989998 -0.00540205929428 0.154998824
      vertex -0.116901308298 -0.00540205929428 0.154998824
      vertex -0.102595940232 -0.0224020592868 0.154998824
    endloop
  endfacet
  facet normal 0 1 0
    outer loop
      vertex -0.102595940232 -0.0224020592868 0.154998824
      vertex -0.116901308298 -0.00540205929428 0.154998824
      vertex -0.116901308298 -0.00809667818248 0.154998824
    endloop
  endfacet
  facet normal 0 1 0
    outer loop
      vertex -0.119998991489 -0.00499899499118 0.154998824
      vertex -0.119595937431 -0.00540205929428 0.154998824
      vertex -0.116901308298 -0.00540205929428 0.154998824
    endloop
  endfacet
  facet normal 0 1 0
    outer loop
      vertex -0.0911439433694 -0.0224020592868 0.154998824
      vertex -0.0829012989998 -0.0141594000161 0.154998824
      vertex -0.102595940232 -0.0224020592868 0.154998824
    endloop
  endfacet
  facet normal 0 1 0
    outer loop
      vertex -0.102595940232 -0.0224020592868 0.154998824
      vertex -0.0829012989998 -0.0141594000161 0.154998824
      vertex -0.0829012989998 -0.00540205929428 0.154998824
    endloop
  endfacet
  facet normal 0 -1 0
    outer loop
      vertex -0.00499900244176 -0.00499899499118 0.149998828769
      vertex -0.00499900244176 -0.119998991489 0.149998828769
      vertex -0.119998991489 -0.00499899499118 0.149998828769
    endloop
  endfacet
  facet normal 0 0 -1
    outer loop
      vertex -0.116901308298 -0.00540205929428 0.154998824
      vertex -0.119595937431 -0.00540205929428 0.154998824
      vertex -0.116901308298 -0.00540205929428 0.35499638319
    endloop
  endfacet
  facet normal -0 0 -1
    outer loop
      vertex -0.116901308298 -0.00540205929428 0.35499638319
      vertex -0.119595937431 -0.00540205929428 0.154998824
      vertex -0.119901306927 -0.00540205929428 0.35499638319
    endloop
  endfacet
  facet normal 0 0 -1
    outer loop
      vertex -0.119901306927 -0.00540205929428 0.35499638319
      vertex -0.119595937431 -0.00540205929428 0.154998824
      vertex -0.119901306927 -0.00540205929428 0.15499638021
    endloop
  endfacet
  facet normal 0 0 -1
    outer loop
      vertex -0.119901306927 -0.00540205929428 0.15499638021
      vertex -0.119595937431 -0.00540205929428 0.154998824
      vertex -0.119595937431 -0.00540205929428 0.15499638021
    endloop
  endfacet
  facet normal 0 0 -1
    outer loop
      vertex -0.0829012989998 -0.00540205929428 0.154998824
      vertex -0.0829012989998 -0.00540205929428 0.35499638319
      vertex -0.0799013003707 -0.00540205929428 0.154998824
    endloop
  endfacet
  facet normal 0 0 -1
    outer loop
      vertex -0.0799013003707 -0.00540205929428 0.154998824
      vertex -0.0829012989998 -0.00540205929428 0.35499638319
      vertex -0.0799013003707 -0.00540205929428 0.35499638319
    endloop
  endfacet
  facet normal -1 0 0
    outer loop
      vertex -0.0829012989998 -0.0141594000161 0.154998824
      vertex -0.0829012989998 -0.0141594000161 0.35499638319
      vertex -0.0829012989998 -0.00540205929428 0.154998824
    endloop
  endfacet
  facet normal -1 0 0
    outer loop
      vertex -0.0829012989998 -0.00540205929428 0.154998824
      vertex -0.0829012989998 -0.0141594000161 0.35499638319
      vertex -0.0829012989998 -0.00540205929428 0.35499638319
    endloop
  endfacet
  facet normal -0.707107543945 0 -0.707105994225
    outer loop
      vertex -0.0911439433694 -0.0224020592868 0.154998824
      vertex -0.0911439433694 -0.0224020592868 0.35499638319
      vertex -0.0829012989998 -0.0141594000161 0.154998824
    endloop
  endfacet
  facet normal -0.707107543945 0 -0.707105994225
    outer loop
      vertex -0.0829012989998 -0.0141594000161 0.154998824
      vertex -0.0911439433694 -0.0224020592868 0.35499638319
      vertex -0.0829012989998 -0.0141594000161 0.35499638319
    endloop
  endfacet
  facet normal 0 0 -1
    outer loop
      vertex -0.0911439433694 -0.0224020592868 0.154998824
      vertex -0.102595940232 -0.0224020592868 0.154998824
      vertex -0.0911439433694 -0.0224020592868 0.35499638319
    endloop
  endfacet
  facet normal -0 0 -1
    outer loop
      vertex -0.0911439433694 -0.0224020592868 0.35499638319
      vertex -0.102595940232 -0.0224020592868 0.154998824
      vertex -0.116901308298 -0.0224020592868 0.35499638319
    endloop
  endfacet
  facet normal 0 0 -1
    outer loop
      vertex -0.116901308298 -0.0224020592868 0.35499638319
      vertex -0.102595940232 -0.0224020592868 0.154998824
      vertex -0.116901308298 -0.0224020592868 0.15499638021
    endloop
  endfacet
  facet normal 0 0 -1
    outer loop
      vertex -0.116901308298 -0.0224020592868 0.15499638021
      vertex -0.102595940232 -0.0224020592868 0.154998824
      vertex -0.102595940232 -0.0224020592868 0.15499638021
    endloop
  endfacet
  facet normal 0 -1 0
    outer loop
      vertex -0.119595937431 -0.00540205929428 0.15499638021
      vertex -0.116901308298 -0.00809667818248 0.15499638021
      vertex -0.119901306927 -0.00540205929428 0.15499638021
    endloop
  endfacet
  facet normal 0 -1 0
    outer loop
      vertex -0.119901306927 -0.00540205929428 0.15499638021
      vertex -0.116901308298 -0.00809667818248 0.15499638021
      vertex -0.116901308298 -0.0224020592868 0.15499638021
    endloop
  endfacet
  facet normal 0 -1 0
    outer loop
      vertex -0.119901306927 -0.00540205929428 0.15499638021
      vertex -0.116901308298 -0.0224020592868 0.15499638021
      vertex -0.119901306927 -0.0254020560533 0.15499638021
    endloop
  endfacet
  facet normal 0 -1 0
    outer loop
      vertex -0.119901306927 -0.0254020560533 0.15499638021
      vertex -0.116901308298 -0.0224020592868 0.15499638021
      vertex -0.102595940232 -0.0224020592868 0.15499638021
    endloop
  endfacet
  facet normal 0 -1 0
    outer loop
      vertex -0.119901306927 -0.0254020560533 0.15499638021
      vertex -0.102595940232 -0.0224020592868 0.15499638021
      vertex -0.0995959416032 -0.0254020560533 0.15499638021
    endloop
  endfacet
  facet normal 0 1 0
    outer loop
      vertex -0.0911439433694 -0.0224020592868 0.35499638319
      vertex -0.0799013003707 -0.0154020488262 0.35499638319
      vertex -0.0829012989998 -0.0141594000161 0.35499638319
    endloop
  endfacet
  facet normal -0 1 0
    outer loop
      vertex -0.0829012989998 -0.0141594000161 0.35499638319
      vertex -0.0799013003707 -0.0154020488262 0.35499638319
      vertex -0.0799013003707 -0.00540205929428 0.35499638319
    endloop
  endfacet
  facet normal 0 1 0
    outer loop
      vertex -0.0829012989998 -0.0141594000161 0.35499638319
      vertex -0.0799013003707 -0.00540205929428 0.35499638319
      vertex -0.0829012989998 -0.00540205929428 0.35499638319
    endloop
  endfacet
  facet normal 0 1 0
    outer loop
      vertex -0.0799013003707 -0.0154020488262 0.35499638319
      vertex -0.0911439433694 -0.0224020592868 0.35499638319
      vertex -0.0899012982845 -0.0254020560533 0.35499638319
    endloop
  endfacet
  facet normal 0 1 0
    outer loop
      vertex -0.0899012982845 -0.0254020560533 0.35499638319
      vertex -0.0911439433694 -0.0224020592868 0.35499638319
      vertex -0.116901308298 -0.0224020592868 0.35499638319
    endloop
  endfacet
  facet normal 0 1 0
    outer loop
      vertex -0.0899012982845 -0.0254020560533 0.35499638319
      vertex -0.116901308298 -0.0224020592868 0.35499638319
      vertex -0.119901306927 -0.0254020560533 0.35499638319
    endloop
  endfacet
  facet normal 0 1 0
    outer loop
      vertex -0.119901306927 -0.0254020560533 0.35499638319
      vertex -0.116901308298 -0.0224020592868 0.35499638319
      vertex -0.119901306927 -0.00540205929428 0.35499638319
    endloop
  endfacet
  facet normal 0 1 0
    outer loop
      vertex -0.119901306927 -0.00540205929428 0.35499638319
      vertex -0.116901308298 -0.0224020592868 0.35499638319
      vertex -0.116901308298 -0.00540205929428 0.35499638319
    endloop
  endfacet
  facet normal 0 -0 1
    outer loop
      vertex -0.0899012982845 -0.0254020560533 0.154998824
      vertex -0.0899012982845 -0.0254020560533 0.35499638319
      vertex -0.0995959416032 -0.0254020560533 0.154998824
    endloop
  endfacet
  facet normal 0 -0 1
    outer loop
      vertex -0.0995959416032 -0.0254020560533 0.154998824
      vertex -0.0899012982845 -0.0254020560533 0.35499638319
      vertex -0.119901306927 -0.0254020560533 0.35499638319
    endloop
  endfacet
  facet normal 0 0 1
    outer loop
      vertex -0.0995959416032 -0.0254020560533 0.154998824
      vertex -0.119901306927 -0.0254020560533 0.35499638319
      vertex -0.119901306927 -0.0254020560533 0.15499638021
    endloop
  endfacet
  facet normal 0 0 1
    outer loop
      vertex -0.119901306927 -0.0254020560533 0.15499638021
      vertex -0.0995959416032 -0.0254020560533 0.15499638021
      vertex -0.0995959416032 -0.0254020560533 0.154998824
    endloop
  endfacet
  facet normal -1 0 0
    outer loop
      vertex -0.119901306927 -0.00540205929428 0.35499638319
      vertex -0.119901306927 -0.00540205929428 0.15499638021
      vertex -0.119901306927 -0.0254020560533 0.35499638319
    endloop
  endfacet
  facet normal -1 -0 0
    outer loop
      vertex -0.119901306927 -0.0254020560533 0.35499638319
      vertex -0.119901306927 -0.00540205929428 0.15499638021
      vertex -0.119901306927 -0.0254020560533 0.15499638021
    endloop
  endfacet
  facet normal 1 0 0
    outer loop
      vertex -0.116901308298 -0.00540205929428 0.154998824
      vertex -0.116901308298 -0.00540205929428 0.35499638319
      vertex -0.116901308298 -0.00809667818248 0.154998824
    endloop
  endfacet
  facet normal 1 -0 0
    outer loop
      vertex -0.116901308298 -0.00809667818248 0.154998824
      vertex -0.116901308298 -0.00540205929428 0.35499638319
      vertex -0.116901308298 -0.0224020592868 0.35499638319
    endloop
  endfacet
  facet normal 1 0 -0
    outer loop
      vertex -0.116901308298 -0.00809667818248 0.154998824
      vertex -0.116901308298 -0.0224020592868 0.35499638319
      vertex -0.116901308298 -0.0224020592868 0.15499638021
    endloop
  endfacet
  facet normal 1 0 0
    outer loop
      vertex -0.116901308298 -0.0224020592868 0.15499638021
      vertex -0.116901308298 -0.00809667818248 0.15499638021
      vertex -0.116901308298 -0.00809667818248 0.154998824
    endloop
  endfacet
  facet normal 1 0 0
    outer loop
      vertex -0.0799013003707 -0.00540205929428 0.154998824
      vertex -0.0799013003707 -0.00540205929428 0.35499638319
      vertex -0.0799013003707 -0.0154020488262 0.154998824
    endloop
  endfacet
  facet normal 1 -0 0
    outer loop
      vertex -0.0799013003707 -0.0154020488262 0.154998824
      vertex -0.0799013003707 -0.00540205929428 0.35499638319
      vertex -0.0799013003707 -0.0154020488262 0.35499638319
    endloop
  endfacet
  facet normal 0.707107126713 -0 0.707106471062
    outer loop
      vertex -0.0799013003707 -0.0154020488262 0.154998824
      vertex -0.0799013003707 -0.0154020488262 0.35499638319
      vertex -0.0899012982845 -0.0254020560533 0.154998824
    endloop
  endfacet
  facet normal 0.707107126713 -0 0.707106471062
    outer loop
      vertex -0.0899012982845 -0.0254020560533 0.154998824
      vertex -0.0799013003707 -0.0154020488262 0.35499638319
      vertex -0.0899012982845 -0.0254020560533 0.35499638319
    endloop
  endfacet
  facet normal 1 0 0
    outer loop
      vertex -0.00521635077894 -0.0799446031451 0.154998824
      vertex -0.00521635077894 -0.0799446031451 0.35499638319
      vertex -0.00521635077894 -0.0829446092248 0.154998824
    endloop
  endfacet
  facet normal 1 -0 0
    outer loop
      vertex -0.00521635077894 -0.0829446092248 0.154998824
      vertex -0.00521635077894 -0.0799446031451 0.35499638319
      vertex -0.00521635077894 -0.0829446092248 0.35499638319
    endloop
  endfacet
  facet normal 0 0 -1
    outer loop
      vertex -0.015216358006 -0.0799446031451 0.154998824
      vertex -0.015216358006 -0.0799446031451 0.35499638319
      vertex -0.00521635077894 -0.0799446031451 0.154998824
    endloop
  endfacet
  facet normal 0 0 -1
    outer loop
      vertex -0.00521635077894 -0.0799446031451 0.154998824
      vertex -0.015216358006 -0.0799446031451 0.35499638319
      vertex -0.00521635077894 -0.0799446031451 0.35499638319
    endloop
  endfacet
  facet normal -0.707107424736 0 -0.707106173038
    outer loop
      vertex -0.0252163484693 -0.0899446085095 0.154998824
      vertex -0.0252163484693 -0.0899446085095 0.35499638319
      vertex -0.015216358006 -0.0799446031451 0.154998824
    endloop
  endfacet
  facet normal -0.707107424736 0 -0.707106173038
    outer loop
      vertex -0.015216358006 -0.0799446031451 0.154998824
      vertex -0.0252163484693 -0.0899446085095 0.35499638319
      vertex -0.015216358006 -0.0799446031451 0.35499638319
    endloop
  endfacet
  facet normal -1 0 0
    outer loop
      vertex -0.0252163484693 -0.0899446085095 0.154998824
      vertex -0.0252163484693 -0.0997816324234 0.154998824
      vertex -0.0252163484693 -0.0899446085095 0.35499638319
    endloop
  endfacet
  facet normal -1 0 0
    outer loop
      vertex -0.0252163484693 -0.0899446085095 0.35499638319
      vertex -0.0252163484693 -0.0997816324234 0.154998824
      vertex -0.0252163484693 -0.119944609702 0.35499638319
    endloop
  endfacet
  facet normal -1 -0 0
    outer loop
      vertex -0.0252163484693 -0.119944609702 0.35499638319
      vertex -0.0252163484693 -0.0997816324234 0.154998824
      vertex -0.0252163484693 -0.119944609702 0.15499638021
    endloop
  endfacet
  facet normal -1 0 0
    outer loop
      vertex -0.0252163484693 -0.119944609702 0.15499638021
      vertex -0.0252163484693 -0.0997816324234 0.154998824
      vertex -0.0252163484693 -0.0997816324234 0.15499638021
    endloop
  endfacet
  facet normal 0 0 -1
    outer loop
      vertex -0.00521635077894 -0.116944603622 0.154998824
      vertex -0.00805337633938 -0.116944603622 0.154998824
      vertex -0.00521635077894 -0.116944603622 0.35499638319
    endloop
  endfacet
  facet normal -0 0 -1
    outer loop
      vertex -0.00521635077894 -0.116944603622 0.35499638319
      vertex -0.00805337633938 -0.116944603622 0.154998824
      vertex -0.0222163517028 -0.116944603622 0.35499638319
    endloop
  endfacet
  facet normal 0 0 -1
    outer loop
      vertex -0.0222163517028 -0.116944603622 0.35499638319
      vertex -0.00805337633938 -0.116944603622 0.154998824
      vertex -0.0222163517028 -0.116944603622 0.15499638021
    endloop
  endfacet
  facet normal 0 0 -1
    outer loop
      vertex -0.0222163517028 -0.116944603622 0.15499638021
      vertex -0.00805337633938 -0.116944603622 0.154998824
      vertex -0.00805337633938 -0.116944603622 0.15499638021
    endloop
  endfacet
  facet normal 0 -1 0
    outer loop
      vertex -0.0252163484693 -0.0997816324234 0.15499638021
      vertex -0.0222163517028 -0.102781638503 0.15499638021
      vertex -0.0252163484693 -0.119944609702 0.15499638021
    endloop
  endfacet
  facet normal 0 -1 0
    outer loop
      vertex -0.0252163484693 -0.119944609702 0.15499638021
      vertex -0.0222163517028 -0.102781638503 0.15499638021
      vertex -0.0222163517028 -0.116944603622 0.15499638021
    endloop
  endfacet
  facet normal 0 -1 0
    outer loop
      vertex -0.0252163484693 -0.119944609702 0.15499638021
      vertex -0.0222163517028 -0.116944603622 0.15499638021
      vertex -0.00521635077894 -0.119944609702 0.15499638021
    endloop
  endfacet
  facet normal 0 -1 0
    outer loop
      vertex -0.00521635077894 -0.119944609702 0.15499638021
      vertex -0.0222163517028 -0.116944603622 0.15499638021
      vertex -0.00805337633938 -0.116944603622 0.15499638021
    endloop
  endfacet
  facet normal 0 -1 -0
    outer loop
      vertex -0.00521635077894 -0.119944609702 0.15499638021
      vertex -0.00805337633938 -0.116944603622 0.15499638021
      vertex -0.00521635077894 -0.119781635702 0.15499638021
    endloop
  endfacet
  facet normal 0 1 0
    outer loop
      vertex -0.0139737091959 -0.0829446092248 0.35499638319
      vertex -0.015216358006 -0.0799446031451 0.35499638319
      vertex -0.0222163517028 -0.0911872535944 0.35499638319
    endloop
  endfacet
  facet normal 0 1 0
    outer loop
      vertex -0.0222163517028 -0.0911872535944 0.35499638319
      vertex -0.015216358006 -0.0799446031451 0.35499638319
      vertex -0.0252163484693 -0.0899446085095 0.35499638319
    endloop
  endfacet
  facet normal 0 1 -0
    outer loop
      vertex -0.0222163517028 -0.0911872535944 0.35499638319
      vertex -0.0252163484693 -0.0899446085095 0.35499638319
      vertex -0.0222163517028 -0.116944603622 0.35499638319
    endloop
  endfacet
  facet normal 0 1 0
    outer loop
      vertex -0.0222163517028 -0.116944603622 0.35499638319
      vertex -0.0252163484693 -0.0899446085095 0.35499638319
      vertex -0.0252163484693 -0.119944609702 0.35499638319
    endloop
  endfacet
  facet normal 0 1 -0
    outer loop
      vertex -0.0222163517028 -0.116944603622 0.35499638319
      vertex -0.0252163484693 -0.119944609702 0.35499638319
      vertex -0.00521635077894 -0.119944609702 0.35499638319
    endloop
  endfacet
  facet normal 0 1 0
    outer loop
      vertex -0.00521635077894 -0.0829446092248 0.35499638319
      vertex -0.00521635077894 -0.0799446031451 0.35499638319
      vertex -0.0139737091959 -0.0829446092248 0.35499638319
    endloop
  endfacet
  facet normal 0 1 0
    outer loop
      vertex -0.0139737091959 -0.0829446092248 0.35499638319
      vertex -0.00521635077894 -0.0799446031451 0.35499638319
      vertex -0.015216358006 -0.0799446031451 0.35499638319
    endloop
  endfacet
  facet normal 0 1 0
    outer loop
      vertex -0.00521635077894 -0.119944609702 0.35499638319
      vertex -0.00521635077894 -0.116944603622 0.35499638319
      vertex -0.0222163517028 -0.116944603622 0.35499638319
    endloop
  endfacet
  facet normal -0 0 1
    outer loop
      vertex -0.0252163484693 -0.119944609702 0.35499638319
      vertex -0.0252163484693 -0.119944609702 0.15499638021
      vertex -0.00521635077894 -0.119944609702 0.35499638319
    endloop
  endfacet
  facet normal 0 0 1
    outer loop
      vertex -0.00521635077894 -0.119944609702 0.35499638319
      vertex -0.0252163484693 -0.119944609702 0.15499638021
      vertex -0.00521635077894 -0.119944609702 0.15499638021
    endloop
  endfacet
  facet normal 1 0 0
    outer loop
      vertex -0.00521635077894 -0.116944603622 0.154998824
      vertex -0.00521635077894 -0.116944603622 0.35499638319
      vertex -0.00521635077894 -0.119781635702 0.154998824
    endloop
  endfacet
  facet normal 1 -0 0
    outer loop
      vertex -0.00521635077894 -0.119781635702 0.154998824
      vertex -0.00521635077894 -0.116944603622 0.35499638319
      vertex -0.00521635077894 -0.119944609702 0.35499638319
    endloop
  endfacet
  facet normal 1 0 -0
    outer loop
      vertex -0.00521635077894 -0.119781635702 0.154998824
      vertex -0.00521635077894 -0.119944609702 0.35499638319
      vertex -0.00521635077894 -0.119944609702 0.15499638021
    endloop
  endfacet
  facet normal 1 0 0
    outer loop
      vertex -0.00521635077894 -0.119944609702 0.15499638021
      vertex -0.00521635077894 -0.119781635702 0.15499638021
      vertex -0.00521635077894 -0.119781635702 0.154998824
    endloop
  endfacet
  facet normal 1 0 0
    outer loop
      vertex -0.0222163517028 -0.0911872535944 0.154998824
      vertex -0.0222163517028 -0.0911872535944 0.35499638319
      vertex -0.0222163517028 -0.102781638503 0.154998824
    endloop
  endfacet
  facet normal 1 -0 0
    outer loop
      vertex -0.0222163517028 -0.102781638503 0.154998824
      vertex -0.0222163517028 -0.0911872535944 0.35499638319
      vertex -0.0222163517028 -0.116944603622 0.35499638319
    endloop
  endfacet
  facet normal 1 0 -0
    outer loop
      vertex -0.0222163517028 -0.102781638503 0.154998824
      vertex -0.0222163517028 -0.116944603622 0.35499638319
      vertex -0.0222163517028 -0.116944603622 0.15499638021
    endloop
  endfacet
  facet normal 1 0 0
    outer loop
      vertex -0.0222163517028 -0.116944603622 0.15499638021
      vertex -0.0222163517028 -0.102781638503 0.15499638021
      vertex -0.0222163517028 -0.102781638503 0.154998824
    endloop
  endfacet
  facet normal 0.707106769085 -0 0.707106769085
    outer loop
      vertex -0.0139737091959 -0.0829446092248 0.154998824
      vertex -0.0139737091959 -0.0829446092248 0.35499638319
      vertex -0.0222163517028 -0.0911872535944 0.154998824
    endloop
  endfacet
  facet normal 0.707106769085 -0 0.707106769085
    outer loop
      vertex -0.0222163517028 -0.0911872535944 0.154998824
      vertex -0.0139737091959 -0.0829446092248 0.35499638319
      vertex -0.0222163517028 -0.0911872535944 0.35499638319
    endloop
  endfacet
  facet normal 0 -0 1
    outer loop
      vertex -0.00521635077894 -0.0829446092248 0.154998824
      vertex -0.00521635077894 -0.0829446092248 0.35499638319
      vertex -0.0139737091959 -0.0829446092248 0.154998824
    endloop
  endfacet
  facet normal 0 0 1
    outer loop
      vertex -0.0139737091959 -0.0829446092248 0.154998824
      vertex -0.00521635077894 -0.0829446092248 0.35499638319
      vertex -0.0139737091959 -0.0829446092248 0.35499638319
    endloop
  endfacet
  facet normal -0.70710682869 0 0.707106769085
    outer loop
      vertex -0.00499900244176 -0.119998991489 1.04933940293e-06
      vertex -0.00499900244176 -0.119998991489 0.00500097265467
      vertex -0.119998991489 -0.00499899499118 1.04933940293e-06
    endloop
  endfacet
  facet normal -0.70710682869 0 0.707106769085
    outer loop
      vertex -0.119998991489 -0.00499899499118 1.04933940293e-06
      vertex -0.00499900244176 -0.119998991489 0.00500097265467
      vertex -0.119998991489 -0.00499899499118 0.00500097265467
    endloop
  endfacet
  facet normal 0 -1 0
    outer loop
      vertex -0.119998991489 1.00004569958e-06 1.04933940293e-06
      vertex 1.01047248791e-06 1.00004569958e-06 1.04933940293e-06
      vertex -0.119998991489 -0.00499899499118 1.04933940293e-06
    endloop
  endfacet
  facet normal 0 -1 0
    outer loop
      vertex -0.119998991489 -0.00499899499118 1.04933940293e-06
      vertex 1.01047248791e-06 1.00004569958e-06 1.04933940293e-06
      vertex -0.00499900244176 -0.119998991489 1.04933940293e-06
    endloop
  endfacet
  facet normal 0 -1 0
    outer loop
      vertex -0.00499900244176 -0.119998991489 1.04933940293e-06
      vertex 1.01047248791e-06 1.00004569958e-06 1.04933940293e-06
      vertex 1.01047248791e-06 -0.119998991489 1.04933940293e-06
    endloop
  endfacet
  facet normal 0 1 0
    outer loop
      vertex -0.00499900244176 -0.119998991489 0.00500097265467
      vertex -0.00499900244176 -0.00499899499118 0.00500097265467
      vertex -0.119998991489 -0.00499899499118 0.00500097265467
    endloop
  endfacet
endsolid "EEx12000000"
