solid "WorkerGuantes"
  facet normal -0.349633067846 0.915685474873 0.19818392396
    outer loop
      vertex -4.28472471237 -0.401845067739 9.34456920624
      vertex -4.38898515701 -0.417121052742 9.30145359039
      vertex -4.38728380203 -0.515109837055 9.28089523315
    endloop
  endfacet
  facet normal -0.209929078817 0.921145021915 0.327752411366
    outer loop
      vertex -4.38728380203 -0.515109837055 9.28089523315
      vertex -4.31169462204 -0.493532568216 9.30579948425
      vertex -4.28472471237 -0.401845067739 9.34456920624
    endloop
  endfacet
  facet normal 0.95617467165 0.0133389886469 0.292492806911
    outer loop
      vertex -4.48897075653 -0.448184192181 9.1483745575
      vertex -4.46175813675 -0.36734610796 8.97029685974
      vertex -4.45326757431 -0.33162689209 9.1449098587
    endloop
  endfacet
  facet normal 0.812113285065 0.445108026266 0.377294152975
    outer loop
      vertex -4.52537107468 -0.504630744457 9.25866031647
      vertex -4.52123975754 -0.526855230331 9.2322845459
      vertex -4.48541784286 -0.387030512094 9.28544807434
    endloop
  endfacet
  facet normal -0.299969851971 0.896060168743 0.327252537012
    outer loop
      vertex -4.23490524292 0.129029333591 9.55033016205
      vertex -4.16375350952 -0.0667963176966 9.50263118744
      vertex -4.17373609543 0.0557878650725 9.54405879974
    endloop
  endfacet
  facet normal -0.691926181316 -0.335734039545 0.639156281948
    outer loop
      vertex -4.53230619431 0.260486364365 8.02093791962
      vertex -4.46709489822 0.327054917812 7.75981092453
      vertex -4.44424772263 0.223917752504 7.90907287598
    endloop
  endfacet
  facet normal 0.06991314888 -0.370883911848 -0.926043868065
    outer loop
      vertex -4.30368041992 0.42796254158 7.92796802521
      vertex -4.24853801727 0.44305279851 7.97604084015
      vertex -4.29729413986 0.395989179611 7.84933900833
    endloop
  endfacet
  facet normal -0.128351837397 0.932113409042 0.338659733534
    outer loop
      vertex -4.47531795502 0.18038161099 9.54444980621
      vertex -4.53979492188 0.171868607402 9.53247833252
      vertex -4.61303949356 0.050058670342 9.47813606262
    endloop
  endfacet
  facet normal -0.756727874279 -0.117936581373 -0.643003821373
    outer loop
      vertex -4.5142827034 0.156657546759 7.99173402786
      vertex -4.44424772263 0.223917752504 7.90907287598
      vertex -4.46932220459 0.182842448354 7.84601306915
    endloop
  endfacet
  facet normal 0.827695012093 0.341718703508 0.445139586926
    outer loop
      vertex -4.173869133 0.0473773293197 7.63278770447
      vertex -4.13988447189 0.0579401068389 7.56423091888
      vertex -4.13637590408 0.0942734852433 7.6030626297
    endloop
  endfacet
  facet normal -0.426656574011 -0.535945296288 -0.728509962559
    outer loop
      vertex -4.46174812317 0.163891166449 7.74878883362
      vertex -4.38072872162 0.205118000507 7.74033021927
      vertex -4.4090514183 0.140756353736 7.67539072037
    endloop
  endfacet
  facet normal 0.575912892818 0.156051039696 0.802478909492
    outer loop
      vertex -4.06037187576 0.382993876934 7.50261354446
      vertex -4.13845157623 0.334336131811 7.54055166245
      vertex -4.11830711365 0.332204341888 7.45524501801
    endloop
  endfacet
  facet normal -0.688794195652 0.380729615688 -0.616934001446
    outer loop
      vertex -4.2952747345 0.538579463959 8.82330226898
      vertex -4.37044477463 0.640123426914 8.52276706696
      vertex -4.46406173706 0.548816025257 8.5013551712
    endloop
  endfacet
  facet normal 0.941812872887 -0.144996002316 0.303256779909
    outer loop
      vertex -4.21378755569 0.350642174482 8.10522174835
      vertex -4.13050270081 0.521816372871 8.28818511963
      vertex -4.20271253586 0.308505773544 8.26528739929
    endloop
  endfacet
  facet normal 0.965080440044 -0.211917698383 -0.15398272872
    outer loop
      vertex -4.31724262238 0.182420521975 7.89992189407
      vertex -4.29451465607 0.106262393296 7.94808769226
      vertex -4.32186079025 0.10691139847 7.82402467728
    endloop
  endfacet
  facet normal 0.81309223175 -0.182114392519 0.552915334702
    outer loop
      vertex -4.29451465607 0.106262393296 7.94808769226
      vertex -4.37057352066 0.0430722646415 7.80035638809
      vertex -4.32186079025 0.10691139847 7.82402467728
    endloop
  endfacet
  facet normal -0.167157709599 -0.000810770899989 0.985929846764
    outer loop
      vertex -4.37057352066 0.0430722646415 7.80035638809
      vertex -4.42542982101 0.0523871779442 7.7828412056
      vertex -4.31228733063 0.0332821570337 7.688601017
    endloop
  endfacet
  facet normal 0.322436898947 -0.763566732407 0.559464275837
    outer loop
      vertex -4.19955778122 0.0494820699096 7.54522943497
      vertex -4.16935777664 0.0896194949746 7.52857351303
      vertex -4.13988447189 0.0579401068389 7.56423091888
    endloop
  endfacet
  facet normal -0.182003349066 -0.816387891769 -0.548074424267
    outer loop
      vertex -4.1548614502 0.12599876523 7.54976463318
      vertex -4.16935777664 0.0896194949746 7.52857351303
      vertex -4.29739522934 0.174316465855 7.61397838593
    endloop
  endfacet
  facet normal -0.20412106812 -0.826418876648 -0.524753689766
    outer loop
      vertex -4.30936431885 0.120461791754 7.58273839951
      vertex -4.29739522934 0.174316465855 7.61397838593
      vertex -4.16935777664 0.0896194949746 7.52857351303
    endloop
  endfacet
  facet normal 0.531576514244 0.345010191202 0.773559510708
    outer loop
      vertex -4.25057649612 0.0854875445366 7.71057128906
      vertex -4.37057352066 0.0430722646415 7.80035638809
      vertex -4.31228733063 0.0332821570337 7.688601017
    endloop
  endfacet
  facet normal 0.468398600817 -0.150362506509 -0.870628416538
    outer loop
      vertex -4.31724262238 0.182420521975 7.89992189407
      vertex -4.32972288132 0.170340791345 7.79110050201
      vertex -4.38080310822 0.212910220027 7.87846374512
    endloop
  endfacet
  facet normal 0.833709776402 -0.496157109737 0.242396607995
    outer loop
      vertex -4.27153205872 0.283947199583 7.92713022232
      vertex -4.31724262238 0.182420521975 7.89992189407
      vertex -4.31917905807 0.280859053135 7.84857606888
    endloop
  endfacet
  facet normal 0.6479575634 -0.637369275093 -0.417026847601
    outer loop
      vertex -4.30846738815 0.635246634483 7.95296430588
      vertex -4.23892736435 0.592134952545 7.99545192719
      vertex -4.290122509 0.539927065372 7.90924692154
    endloop
  endfacet
  facet normal -0.22662268579 -0.441362708807 0.868240237236
    outer loop
      vertex -4.32116556168 0.922672867775 7.65380144119
      vertex -4.4171204567 0.92299592495 7.70243501663
      vertex -4.37317466736 0.985331952572 7.55724430084
    endloop
  endfacet
  facet normal -0.476609766483 -0.486936181784 -0.731940090656
    outer loop
      vertex -4.34809017181 1.10322678089 7.58978509903
      vertex -4.31222009659 1.09728252888 7.5457406044
      vertex -4.34573888779 1.058604002 7.52040863037
    endloop
  endfacet
  facet normal 0.167106509209 -0.884912490845 -0.434747368097
    outer loop
      vertex -4.31222009659 1.09728252888 7.5457406044
      vertex -4.28790950775 1.05341732502 7.52878093719
      vertex -4.34573888779 1.058604002 7.52040863037
    endloop
  endfacet
  facet normal 0.763491213322 -0.480693846941 0.431294113398
    outer loop
      vertex -4.28727579117 0.840891838074 7.80429697037
      vertex -4.28737020493 0.939112722874 7.71602010727
      vertex -4.21185159683 0.758305907249 7.99819278717
    endloop
  endfacet
  facet normal 0.979656994343 -0.054038926959 -0.193266555667
    outer loop
      vertex -4.23097133636 0.869599282742 8.04961013794
      vertex -4.21185159683 0.758305907249 7.99819278717
      vertex -4.27729177475 1.01579296589 7.73273277283
    endloop
  endfacet
  facet normal -0.969114005566 0.211637616158 -0.12659996748
    outer loop
      vertex -4.42633104324 0.897395670414 7.90033054352
      vertex -4.40023040771 0.74295759201 8.11223220825
      vertex -4.37810850143 0.816449284554 8.1695690155
    endloop
  endfacet
  facet normal -0.283934116364 -0.950911223888 0.123082362115
    outer loop
      vertex -4.3666768074 0.70610499382 8.02440738678
      vertex -4.27297782898 0.664028584957 8.00187587738
      vertex -4.36503982544 0.667743623257 8.02888393402
    endloop
  endfacet
  facet normal 0.795193314552 -0.605727255344 -0.0276053473353
    outer loop
      vertex -4.24853801727 0.44305279851 7.97604084015
      vertex -4.23892736435 0.592134952545 7.99545192719
      vertex -4.18356323242 0.578257679939 8.06750106812
    endloop
  endfacet
  facet normal -0.923424065113 0.123162120581 -0.363481879234
    outer loop
      vertex -4.55055570602 0.379809290171 8.50181388855
      vertex -4.59444189072 0.152404010296 8.84390068054
      vertex -4.52083778381 0.285225480795 9.0037689209
    endloop
  endfacet
  facet normal -0.366536408663 0.460801661015 -0.808277726173
    outer loop
      vertex -4.25428533554 0.744465112686 8.3943271637
      vertex -4.3207783699 0.911454856396 8.04852485657
      vertex -4.37810850143 0.816449284554 8.1695690155
    endloop
  endfacet
  facet normal 0.995230019093 0.069702796638 -0.0682547986507
    outer loop
      vertex -4.26679182053 1.01099526882 7.58751249313
      vertex -4.27221918106 1.07596492767 7.60138607025
      vertex -4.27729177475 1.01579296589 7.73273277283
    endloop
  endfacet
  facet normal 0.663943588734 -0.341658592224 0.665167868137
    outer loop
      vertex -4.32116556168 0.922672867775 7.65380144119
      vertex -4.32113170624 0.980532109737 7.54122209549
      vertex -4.26679182053 1.01099526882 7.58751249313
    endloop
  endfacet
  facet normal -0.990650057793 0.0241626016796 0.134270697832
    outer loop
      vertex -4.42633104324 0.897395670414 7.90033054352
      vertex -4.41735219955 0.830032169819 7.89411830902
      vertex -4.40023040771 0.74295759201 8.11223220825
    endloop
  endfacet
  facet normal -0.752253890038 -0.276333242655 0.598125398159
    outer loop
      vertex -4.41735219955 0.830032169819 7.89411830902
      vertex -4.36262321472 0.758493602276 7.89997720718
      vertex -4.3666768074 0.70610499382 8.02440738678
    endloop
  endfacet
  facet normal 0.657214999199 -0.604813098907 0.449743807316
    outer loop
      vertex -4.27566289902 0.712986707687 7.96255254745
      vertex -4.21185159683 0.758305907249 7.99819278717
      vertex -4.27297782898 0.664028584957 8.00187587738
    endloop
  endfacet
  facet normal 0.730808854103 0.194966837764 -0.654145479202
    outer loop
      vertex -4.32357645035 1.06314885616 7.74733829498
      vertex -4.23097133636 0.869599282742 8.04961013794
      vertex -4.27729177475 1.01579296589 7.73273277283
    endloop
  endfacet
  facet normal 0.739210724831 -0.234724223614 0.631246447563
    outer loop
      vertex -4.32116556168 0.922672867775 7.65380144119
      vertex -4.26679182053 1.01099526882 7.58751249313
      vertex -4.28737020493 0.939112722874 7.71602010727
    endloop
  endfacet
  facet normal 0.726005494595 0.309393525124 -0.614159286022
    outer loop
      vertex -4.27221918106 1.07596492767 7.60138607025
      vertex -4.32357645035 1.06314885616 7.74733829498
      vertex -4.27729177475 1.01579296589 7.73273277283
    endloop
  endfacet
  facet normal -0.903903126717 0.234899669886 -0.357465088367
    outer loop
      vertex -4.42642450333 1.02074193954 7.71226549149
      vertex -4.42633104324 0.897395670414 7.90033054352
      vertex -4.40390014648 0.951007306576 7.90506029129
    endloop
  endfacet
  facet normal -0.696356594563 0.332604080439 -0.635973274708
    outer loop
      vertex -4.37044477463 0.640123426914 8.52276706696
      vertex -4.37810850143 0.816449284554 8.1695690155
      vertex -4.46406173706 0.548816025257 8.5013551712
    endloop
  endfacet
  facet normal -0.873026967049 0.148521825671 -0.464505314827
    outer loop
      vertex -4.37810850143 0.816449284554 8.1695690155
      vertex -4.45875310898 0.65615862608 8.19684410095
      vertex -4.46406173706 0.548816025257 8.5013551712
    endloop
  endfacet
  facet normal 0.317314147949 0.131675571203 -0.939134299755
    outer loop
      vertex -4.34809017181 1.10322678089 7.58978509903
      vertex -4.27221918106 1.07596492767 7.60138607025
      vertex -4.31222009659 1.09728252888 7.5457406044
    endloop
  endfacet
  facet normal 0.762499272823 -0.336405813694 -0.552653551102
    outer loop
      vertex -4.31222009659 1.09728252888 7.5457406044
      vertex -4.27221918106 1.07596492767 7.60138607025
      vertex -4.28790950775 1.05341732502 7.52878093719
    endloop
  endfacet
  facet normal 0.306201338768 0.189661800861 -0.932882189751
    outer loop
      vertex -4.27221918106 1.07596492767 7.60138607025
      vertex -4.34809017181 1.10322678089 7.58978509903
      vertex -4.32357645035 1.06314885616 7.74733829498
    endloop
  endfacet
  facet normal 0.880287110806 -0.0541268885136 0.471343666315
    outer loop
      vertex -4.30295753479 -0.230892434716 8.87458705902
      vertex -4.28423643112 -0.170554563403 8.65362453461
      vertex -4.20779561996 -0.0453917570412 8.80688095093
    endloop
  endfacet
  facet normal -0.0508539006114 -0.392424106598 0.918377459049
    outer loop
      vertex -4.47998428345 -0.297721356153 8.81727790833
      vertex -4.38004207611 -0.211719796062 8.60305976868
      vertex -4.44426774979 -0.307302385569 8.83507156372
    endloop
  endfacet
  facet normal 0.633325874805 -0.153468191624 0.75851559639
    outer loop
      vertex -4.28423643112 -0.170554563403 8.65362453461
      vertex -4.30295753479 -0.230892434716 8.87458705902
      vertex -4.38850164413 -0.296674817801 8.84669589996
    endloop
  endfacet
  facet normal 0.24023643136 -0.312163293362 0.919152081013
    outer loop
      vertex -4.38004207611 -0.211719796062 8.60305976868
      vertex -4.38850164413 -0.296674817801 8.84669589996
      vertex -4.44426774979 -0.307302385569 8.83507156372
    endloop
  endfacet
  facet normal 0.786476433277 -0.422109246254 0.450864255428
    outer loop
      vertex -4.27566289902 0.712986707687 7.96255254745
      vertex -4.32116556168 0.922672867775 7.65380144119
      vertex -4.28727579117 0.840891838074 7.80429697037
    endloop
  endfacet
  facet normal -0.795011758804 -0.12680670619 -0.593191683292
    outer loop
      vertex -4.52083778381 0.285225480795 9.0037689209
      vertex -4.59444189072 0.152404010296 8.84390068054
      vertex -4.57515716553 0.212615385652 9.00465965271
    endloop
  endfacet
  facet normal -0.458444029093 0.385263741016 -0.800875127316
    outer loop
      vertex -4.2952747345 0.538579463959 8.82330226898
      vertex -4.21954298019 0.680027544498 8.61938095093
      vertex -4.37044477463 0.640123426914 8.52276706696
    endloop
  endfacet
  facet normal 0.955407261848 -0.252355277538 0.153341948986
    outer loop
      vertex -4.21378755569 0.350642174482 8.10522174835
      vertex -4.29451465607 0.106262393296 7.94808769226
      vertex -4.27153205872 0.283947199583 7.92713022232
    endloop
  endfacet
  facet normal -0.3210542202 -0.197683930397 0.926199376583
    outer loop
      vertex -4.31228733063 0.0332821570337 7.688601017
      vertex -4.42542982101 0.0523871779442 7.7828412056
      vertex -4.34669923782 0.0570115558803 7.63331031799
    endloop
  endfacet
  facet normal -0.100562036037 -0.514645934105 -0.851485073566
    outer loop
      vertex -4.38080310822 0.212910220027 7.87846374512
      vertex -4.46932220459 0.182842448354 7.84601306915
      vertex -4.44424772263 0.223917752504 7.90907287598
    endloop
  endfacet
  facet normal -0.369911491871 -0.480852007866 0.794950842857
    outer loop
      vertex -4.40768432617 0.258943259716 7.82304048538
      vertex -4.38080310822 0.212910220027 7.87846374512
      vertex -4.44424772263 0.223917752504 7.90907287598
    endloop
  endfacet
  facet normal 0.355284154415 -0.693181633949 0.627114355564
    outer loop
      vertex -4.38080310822 0.212910220027 7.87846374512
      vertex -4.40768432617 0.258943259716 7.82304048538
      vertex -4.31917905807 0.280859053135 7.84857606888
    endloop
  endfacet
  facet normal 0.690642535686 0.323645204306 -0.646735429764
    outer loop
      vertex -4.29729413986 0.395989179611 7.84933900833
      vertex -4.30981492996 0.460250377655 7.74764537811
      vertex -4.38300323486 0.458644300699 7.90703487396
    endloop
  endfacet
  facet normal 0.413444548845 -0.313966155052 -0.854686439037
    outer loop
      vertex -4.30368041992 0.42796254158 7.92796802521
      vertex -4.29729413986 0.395989179611 7.84933900833
      vertex -4.38300323486 0.458644300699 7.90703487396
    endloop
  endfacet
  facet normal -0.986575067043 -0.0278038475662 0.160924300551
    outer loop
      vertex -4.51794290543 0.632100403309 7.85657739639
      vertex -4.50414419174 0.565394937992 7.7530374527
      vertex -4.50455236435 0.523314714432 8.01107406616
    endloop
  endfacet
  facet normal -0.393678754568 -0.216828525066 0.893309831619
    outer loop
      vertex -4.45600986481 0.47944009304 7.95391130447
      vertex -4.46493053436 0.518170177937 7.81054401398
      vertex -4.38300323486 0.458644300699 7.90703487396
    endloop
  endfacet
  facet normal -0.654257059097 0.235325545073 -0.718727767467
    outer loop
      vertex -4.43181276321 0.664396107197 8.07550525665
      vertex -4.46186304092 0.719953417778 7.82227659225
      vertex -4.51254463196 0.580540657043 8.10716247559
    endloop
  endfacet
  facet normal -0.967164516449 -0.248863264918 0.0515742264688
    outer loop
      vertex -4.51217222214 0.437711298466 8.05842781067
      vertex -4.54001712799 0.48115748167 8.1576385498
      vertex -4.50455236435 0.523314714432 8.01107406616
    endloop
  endfacet
  facet normal 0.666010916233 -0.737199306488 -0.113871149719
    outer loop
      vertex -4.11522960663 0.610811650753 8.31573009491
      vertex -3.98584508896 0.553667724133 8.42379379272
      vertex -4.13050270081 0.521816372871 8.28818511963
    endloop
  endfacet
  facet normal -0.647541701794 -0.361684262753 0.670726656914
    outer loop
      vertex -4.42542982101 0.0523871779442 7.7828412056
      vertex -4.46536016464 0.105272203684 7.75625801086
      vertex -4.34669923782 0.0570115558803 7.63331031799
    endloop
  endfacet
  facet normal -0.815579116344 -0.578171610832 0.0234149545431
    outer loop
      vertex -4.46536016464 0.105272203684 7.75625801086
      vertex -4.46174812317 0.163891166449 7.74878883362
      vertex -4.4090514183 0.140756353736 7.67539072037
    endloop
  endfacet
  facet normal -0.527062773705 -0.679015398026 -0.511021435261
    outer loop
      vertex -4.29739522934 0.174316465855 7.61397838593
      vertex -4.30936431885 0.120461791754 7.58273839951
      vertex -4.4090514183 0.140756353736 7.67539072037
    endloop
  endfacet
  facet normal 0.663861513138 0.47286760807 -0.579382538795
    outer loop
      vertex -4.22531938553 0.136157810688 7.68641090393
      vertex -4.1832985878 0.158283576369 7.60030794144
      vertex -4.32972288132 0.170340791345 7.79110050201
    endloop
  endfacet
  facet normal -0.460806965828 -0.204249158502 -0.863677740097
    outer loop
      vertex -4.38072872162 0.205118000507 7.74033021927
      vertex -4.46174812317 0.163891166449 7.74878883362
      vertex -4.46932220459 0.182842448354 7.84601306915
    endloop
  endfacet
  facet normal -0.82026642561 -0.528301000595 0.219228312373
    outer loop
      vertex -4.50455236435 0.523314714432 8.01107406616
      vertex -4.45600986481 0.47944009304 7.95391130447
      vertex -4.51217222214 0.437711298466 8.05842781067
    endloop
  endfacet
  facet normal -0.0734224617481 -0.357796281576 0.930908679962
    outer loop
      vertex -4.38004207611 -0.211719796062 8.60305976868
      vertex -4.40595006943 -0.0765848830342 8.25678443909
      vertex -4.33503770828 -0.0999494940042 8.30302238464
    endloop
  endfacet
  facet normal 0.487306326628 -0.239707395434 0.839686214924
    outer loop
      vertex -4.33503770828 -0.0999494940042 8.30302238464
      vertex -4.28423643112 -0.170554563403 8.65362453461
      vertex -4.38004207611 -0.211719796062 8.60305976868
    endloop
  endfacet
  facet normal 0.844035327435 0.0167791936547 0.536024987698
    outer loop
      vertex -4.20779561996 -0.0453917570412 8.80688095093
      vertex -4.28423643112 -0.170554563403 8.65362453461
      vertex -4.21516132355 -0.0667212754488 8.49601078033
    endloop
  endfacet
  facet normal 0.965117454529 -0.0950127616525 0.243969112635
    outer loop
      vertex -4.20053052902 -0.0705371573567 8.94524288177
      vertex -4.20779561996 -0.0453917570412 8.80688095093
      vertex -4.15379095078 0.13705457747 8.88696956635
    endloop
  endfacet
  facet normal -0.0986887812614 0.600417375565 -0.793573915958
    outer loop
      vertex -4.44946718216 0.347937315702 9.04993057251
      vertex -4.36410808563 0.405702203512 8.9876127243
      vertex -4.2952747345 0.538579463959 8.82330226898
    endloop
  endfacet
  facet normal -0.325809925795 0.454170227051 -0.829202830791
    outer loop
      vertex -4.21954298019 0.680027544498 8.61938095093
      vertex -4.2952747345 0.538579463959 8.82330226898
      vertex -4.19483566284 0.570492982864 8.8370885849
    endloop
  endfacet
  facet normal -0.966573417187 -0.114223107696 0.22954057157
    outer loop
      vertex -4.50974273682 0.0197189338505 8.22850513458
      vertex -4.56254959106 0.204548954964 8.30393505096
      vertex -4.5142827034 0.156657546759 7.99173402786
    endloop
  endfacet
  facet normal 0.59903216362 -0.240598544478 0.763723015785
    outer loop
      vertex -4.28423643112 -0.170554563403 8.65362453461
      vertex -4.33503770828 -0.0999494940042 8.30302238464
      vertex -4.21516132355 -0.0667212754488 8.49601078033
    endloop
  endfacet
  facet normal 0.996334791183 0.0837696567178 -0.017311161384
    outer loop
      vertex -4.15379095078 0.13705457747 8.88696956635
      vertex -4.16553068161 0.166234865785 9.02056980133
      vertex -4.16362047195 0.0785676315427 9.01596641541
    endloop
  endfacet
  facet normal 0.398424714804 0.742470681667 -0.538511812687
    outer loop
      vertex -4.31017160416 0.393192797899 9.02757549286
      vertex -4.21838331223 0.418484389782 8.95997619629
      vertex -4.19483566284 0.570492982864 8.8370885849
    endloop
  endfacet
  facet normal 0.521715342999 0.814863324165 -0.252608090639
    outer loop
      vertex -4.21838331223 0.418484389782 8.95997619629
      vertex -4.13507843018 0.338309019804 8.93149471283
      vertex -4.10087919235 0.530093550682 8.85014533997
    endloop
  endfacet
  facet normal 0.66325545311 0.5689625144 -0.486182928085
    outer loop
      vertex -4.21838331223 0.418484389782 8.95997619629
      vertex -4.23908233643 0.348700433969 9.04373645782
      vertex -4.18626642227 0.262381911278 9.05592727661
    endloop
  endfacet
  facet normal 0.913091361523 0.404918015003 -0.0480162352324
    outer loop
      vertex -4.18626642227 0.262381911278 9.05592727661
      vertex -4.16553068161 0.166234865785 9.02056980133
      vertex -4.13507843018 0.338309019804 8.93149471283
    endloop
  endfacet
  facet normal 0.626535117626 -0.262845635414 0.733734190464
    outer loop
      vertex -4.28653430939 -0.0052994643338 8.15442276001
      vertex -4.21516132355 -0.0667212754488 8.49601078033
      vertex -4.33503770828 -0.0999494940042 8.30302238464
    endloop
  endfacet
  facet normal -0.686909735203 -0.720504283905 -0.0950188860297
    outer loop
      vertex -4.01325798035 0.852599740028 8.44547271729
      vertex -4.11971855164 0.717674672604 8.52917575836
      vertex -4.21954298019 0.680027544498 8.61938095093
    endloop
  endfacet
  facet normal -0.486857891083 -0.702434837818 -0.519186556339
    outer loop
      vertex -4.11971855164 0.717674672604 8.52917575836
      vertex -3.9687640667 0.683943033218 8.39961719513
      vertex -4.04324865341 0.647584140301 8.42436885834
    endloop
  endfacet
  facet normal 0.677801787853 -0.636647343636 0.367783725262
    outer loop
      vertex -3.98584508896 0.553667724133 8.42379379272
      vertex -4.02444458008 0.382385998964 8.48164653778
      vertex -4.13050270081 0.521816372871 8.28818511963
    endloop
  endfacet
  facet normal 0.68669205904 -0.366119652987 0.62802106142
    outer loop
      vertex -4.28653430939 -0.0052994643338 8.15442276001
      vertex -4.36965322495 0.0248064044863 7.9468832016
      vertex -4.29451465607 0.106262393296 7.94808769226
    endloop
  endfacet
  facet normal -0.926174223423 -0.113981254399 0.359457343817
    outer loop
      vertex -4.46536016464 0.105272203684 7.75625801086
      vertex -4.46632575989 0.0369041524827 7.9797129631
      vertex -4.5142827034 0.156657546759 7.99173402786
    endloop
  endfacet
  facet normal 0.821141898632 0.521339178085 0.232231557369
    outer loop
      vertex -3.937530756 0.522437036037 8.70236492157
      vertex -4.13507843018 0.338309019804 8.93149471283
      vertex -4.00332307816 0.321377903223 8.71642971039
    endloop
  endfacet
  facet normal 0.896840333939 -0.236729577184 0.373679727316
    outer loop
      vertex -4.29451465607 0.106262393296 7.94808769226
      vertex -4.19789266586 0.0641287267208 8.38064479828
      vertex -4.28653430939 -0.0052994643338 8.15442276001
    endloop
  endfacet
  facet normal -0.160250633955 -0.110430307686 0.980879664421
    outer loop
      vertex -4.46632575989 0.0369041524827 7.9797129631
      vertex -4.42542982101 0.0523871779442 7.7828412056
      vertex -4.36965322495 0.0248064044863 7.9468832016
    endloop
  endfacet
  facet normal 0.775872468948 -0.405558824539 0.483263880014
    outer loop
      vertex -4.02444458008 0.382385998964 8.48164653778
      vertex -4.00028038025 0.318979799747 8.60342979431
      vertex -4.13982105255 0.175505831838 8.50743865967
    endloop
  endfacet
  facet normal 0.856141865253 0.0339960828424 0.515621364117
    outer loop
      vertex -4.00332307816 0.321377903223 8.71642971039
      vertex -4.11332941055 0.138435393572 8.71207714081
      vertex -4.00028038025 0.318979799747 8.60342979431
    endloop
  endfacet
  facet normal 0.22273015976 0.778274357319 -0.587094843388
    outer loop
      vertex -3.84996008873 0.861042022705 8.52868366241
      vertex -3.90746068954 0.893769204617 8.52045154572
      vertex -4.10087919235 0.530093550682 8.85014533997
    endloop
  endfacet
  facet normal -0.287134170532 0.544211506844 -0.788281559944
    outer loop
      vertex -3.90746068954 0.893769204617 8.52045154572
      vertex -3.8774933815 0.987486600876 8.40051460266
      vertex -4.19483566284 0.570492982864 8.8370885849
    endloop
  endfacet
  facet normal -0.830452978611 -0.308428287506 -0.463917911053
    outer loop
      vertex -4.01325798035 0.852599740028 8.44547271729
      vertex -3.94473624229 0.884363055229 8.30875205994
      vertex -4.11971855164 0.717674672604 8.52917575836
    endloop
  endfacet
  facet normal -0.6624969244 -0.708905160427 0.241973817348
    outer loop
      vertex -3.94473624229 0.884363055229 8.30875205994
      vertex -3.9687640667 0.683943033218 8.39961719513
      vertex -4.11971855164 0.717674672604 8.52917575836
    endloop
  endfacet
  facet normal 0.10163462162 -0.803905010223 0.586009502411
    outer loop
      vertex -3.83658909798 0.733758449554 8.38001441956
      vertex -3.90758562088 0.562442243099 8.49592018127
      vertex -3.9687640667 0.683943033218 8.39961719513
    endloop
  endfacet
  facet normal 0.958395242691 -0.230483159423 0.168392553926
    outer loop
      vertex -4.29451465607 0.106262393296 7.94808769226
      vertex -4.21378755569 0.350642174482 8.10522174835
      vertex -4.19789266586 0.0641287267208 8.38064479828
    endloop
  endfacet
  facet normal -0.101646207273 -0.320076853037 0.941922962666
    outer loop
      vertex -4.40595006943 -0.0765848830342 8.25678443909
      vertex -4.36965322495 0.0248064044863 7.9468832016
      vertex -4.33503770828 -0.0999494940042 8.30302238464
    endloop
  endfacet
  facet normal 0.662579298019 0.722067892551 -0.199014037848
    outer loop
      vertex -3.937530756 0.522437036037 8.70236492157
      vertex -3.84996008873 0.861042022705 8.52868366241
      vertex -4.10087919235 0.530093550682 8.85014533997
    endloop
  endfacet
  facet normal 0.760291397572 -0.346456170082 0.549477100372
    outer loop
      vertex -3.90758562088 0.562442243099 8.49592018127
      vertex -3.83658909798 0.733758449554 8.38001441956
      vertex -3.76222610474 0.82633215189 8.39638137817
    endloop
  endfacet
  facet normal 0.899293601513 -0.152698546648 0.409822106361
    outer loop
      vertex -3.84878230095 0.676739811897 8.53547382355
      vertex -4.00028038025 0.318979799747 8.60342979431
      vertex -3.90758562088 0.562442243099 8.49592018127
    endloop
  endfacet
  facet normal 0.782018601894 -0.402793198824 0.475609689951
    outer loop
      vertex -3.90758562088 0.562442243099 8.49592018127
      vertex -4.00028038025 0.318979799747 8.60342979431
      vertex -4.02444458008 0.382385998964 8.48164653778
    endloop
  endfacet
  facet normal 0.930285215378 0.30150783062 0.208955585957
    outer loop
      vertex -3.79219222069 0.850715458393 8.48143959045
      vertex -3.937530756 0.522437036037 8.70236492157
      vertex -3.84878230095 0.676739811897 8.53547382355
    endloop
  endfacet
  facet normal 0.44146490097 -0.648301482201 0.62033367157
    outer loop
      vertex -3.83658909798 0.733758449554 8.38001441956
      vertex -3.85886073112 0.786103904247 8.3147611618
      vertex -3.75419020653 0.856891751289 8.31830310822
    endloop
  endfacet
  facet normal -0.614977240562 -0.785126447678 0.0733448415995
    outer loop
      vertex -3.94473624229 0.884363055229 8.30875205994
      vertex -3.83953785896 0.961398541927 8.21915531158
      vertex -3.88539147377 0.867521107197 8.26384162903
    endloop
  endfacet
  facet normal 0.0476901270449 -0.853788435459 0.518431246281
    outer loop
      vertex -3.78229403496 0.923533320427 8.2355890274
      vertex -3.85886073112 0.786103904247 8.3147611618
      vertex -3.88539147377 0.867521107197 8.26384162903
    endloop
  endfacet
  facet normal 0.44107490778 -0.64915895462 0.619714140892
    outer loop
      vertex -3.78229403496 0.923533320427 8.2355890274
      vertex -3.75419020653 0.856891751289 8.31830310822
      vertex -3.85886073112 0.786103904247 8.3147611618
    endloop
  endfacet
  facet normal -0.675800919533 -0.733809828758 -0.0693991929293
    outer loop
      vertex -3.84981369972 1.02597391605 8.23472595215
      vertex -3.83953785896 0.961398541927 8.21915531158
      vertex -3.94473624229 0.884363055229 8.30875205994
    endloop
  endfacet
  facet normal 0.112986028194 -0.962433695793 0.246891722083
    outer loop
      vertex -3.83953785896 0.961398541927 8.21915531158
      vertex -3.79688382149 1.00654768944 8.21258068085
      vertex -3.78229403496 0.923533320427 8.2355890274
    endloop
  endfacet
  facet normal 0.627369880676 -0.606591582298 0.488317221403
    outer loop
      vertex -3.72509837151 0.966010868549 8.26054859161
      vertex -3.75419020653 0.856891751289 8.31830310822
      vertex -3.78229403496 0.923533320427 8.2355890274
    endloop
  endfacet
  facet normal 0.9365888834 0.345958650112 0.0558025017381
    outer loop
      vertex -3.71570158005 1.00629544258 8.29945659637
      vertex -3.79219222069 0.850715458393 8.48143959045
      vertex -3.76222610474 0.82633215189 8.39638137817
    endloop
  endfacet
  facet normal -0.325702100992 -0.929634928703 -0.172328278422
    outer loop
      vertex -3.84981369972 1.02597391605 8.23472595215
      vertex -3.79688382149 1.00654768944 8.21258068085
      vertex -3.83953785896 0.961398541927 8.21915531158
    endloop
  endfacet
  facet normal 0.251604944468 0.736909985542 -0.627422213554
    outer loop
      vertex -3.73593854904 1.03473091125 8.34187030792
      vertex -3.90746068954 0.893769204617 8.52045154572
      vertex -3.84996008873 0.861042022705 8.52868366241
    endloop
  endfacet
  facet normal -0.00883064232767 0.614317059517 -0.789009869099
    outer loop
      vertex -3.73593854904 1.03473091125 8.34187030792
      vertex -3.8774933815 0.987486600876 8.40051460266
      vertex -3.90746068954 0.893769204617 8.52045154572
    endloop
  endfacet
  facet normal 0.275192022324 -0.500969171524 -0.820548117161
    outer loop
      vertex -3.75346875191 1.02975189686 8.23309898376
      vertex -3.80992245674 1.06885528564 8.26613616943
      vertex -3.75957369804 1.07149171829 8.29811191559
    endloop
  endfacet
  facet normal 0.829255521297 0.021254375577 -0.558465361595
    outer loop
      vertex -3.71570158005 1.00629544258 8.29945659637
      vertex -3.75957369804 1.07149171829 8.29811191559
      vertex -3.73593854904 1.03473091125 8.34187030792
    endloop
  endfacet
  facet normal 0.922573626041 0.0330002270639 0.384407132864
    outer loop
      vertex -4.00028038025 0.318979799747 8.60342979431
      vertex -3.84878230095 0.676739811897 8.53547382355
      vertex -4.00332307816 0.321377903223 8.71642971039
    endloop
  endfacet
  facet normal -0.488899320364 -0.497182458639 -0.716789424419
    outer loop
      vertex -4.4090514183 0.140756353736 7.67539072037
      vertex -4.38072872162 0.205118000507 7.74033021927
      vertex -4.29739522934 0.174316465855 7.61397838593
    endloop
  endfacet
  facet normal 0.806702613831 -0.341659367085 0.482182264328
    outer loop
      vertex -4.33561706543 0.607176661491 7.7653632164
      vertex -4.36087560654 0.518748819828 7.83052206039
      vertex -4.40901088715 0.548172175884 7.67534351349
    endloop
  endfacet
  facet normal 0.951155662537 0.183429867029 0.248307049274
    outer loop
      vertex -4.31121587753 0.569240033627 7.5874786377
      vertex -4.31356287003 0.621629416943 7.67056798935
      vertex -4.33561706543 0.607176661491 7.7653632164
    endloop
  endfacet
  facet normal 0.815670907497 0.20781712234 -0.539900898933
    outer loop
      vertex -4.3884062767 0.700349867344 7.90290355682
      vertex -4.33466005325 0.688448905945 7.72287034988
      vertex -4.35109376907 0.754158318043 7.61666107178
    endloop
  endfacet
  facet normal 0.0519151091576 0.191029295325 -0.980210483074
    outer loop
      vertex -4.3884062767 0.700349867344 7.90290355682
      vertex -4.35109376907 0.754158318043 7.61666107178
      vertex -4.46186304092 0.719953417778 7.82227659225
    endloop
  endfacet
  facet normal -0.437951028347 -0.352972239256 0.826806783676
    outer loop
      vertex -4.50414419174 0.565394937992 7.7530374527
      vertex -4.42132616043 0.616704821587 7.53009176254
      vertex -4.40901088715 0.548172175884 7.67534351349
    endloop
  endfacet
  facet normal -0.480286508799 -0.340634614229 0.808265388012
    outer loop
      vertex -4.32507896423 0.597186923027 7.44069814682
      vertex -4.40901088715 0.548172175884 7.67534351349
      vertex -4.42132616043 0.616704821587 7.53009176254
    endloop
  endfacet
  facet normal 0.675392866135 0.406881570816 0.615054368973
    outer loop
      vertex -4.31121587753 0.569240033627 7.5874786377
      vertex -4.19811296463 0.654426395893 7.52850675583
      vertex -4.31356287003 0.621629416943 7.67056798935
    endloop
  endfacet
  facet normal 0.83720266819 -0.27404910326 0.473274588585
    outer loop
      vertex -4.212246418 -0.311726987362 9.27152824402
      vertex -4.27396678925 -0.391115009785 9.22007751465
      vertex -4.26091146469 -0.240135073662 8.99922275543
    endloop
  endfacet
  facet normal 0.537320911884 0.382037132978 -0.751886844635
    outer loop
      vertex -4.22640562057 0.706915378571 7.5342707634
      vertex -4.35109376907 0.754158318043 7.61666107178
      vertex -4.33466005325 0.688448905945 7.72287034988
    endloop
  endfacet
  facet normal -0.765093743801 -0.637669324875 -0.0894953608513
    outer loop
      vertex -4.38074684143 0.716216027737 7.49536991119
      vertex -4.42132616043 0.616704821587 7.53009176254
      vertex -4.46863555908 0.663131833076 7.59337091446
    endloop
  endfacet
  facet normal -0.726836144924 -0.684391975403 -0.0575918294489
    outer loop
      vertex -4.31330776215 0.667394816875 7.41964006424
      vertex -4.42132616043 0.616704821587 7.53009176254
      vertex -4.38074684143 0.716216027737 7.49536991119
    endloop
  endfacet
  facet normal 0.501752376556 0.292575329542 -0.814029633999
    outer loop
      vertex -4.22640562057 0.706915378571 7.5342707634
      vertex -4.1698513031 0.708135485649 7.43388843536
      vertex -4.35109376907 0.754158318043 7.61666107178
    endloop
  endfacet
  facet normal -0.41990724206 -0.327043414116 0.846593499184
    outer loop
      vertex -4.40901088715 0.548172175884 7.67534351349
      vertex -4.32507896423 0.597186923027 7.44069814682
      vertex -4.23411512375 0.565577626228 7.40572977066
    endloop
  endfacet
  facet normal 0.611045658588 0.730122566223 0.305850058794
    outer loop
      vertex -4.19811296463 0.654426395893 7.52850675583
      vertex -4.31121587753 0.569240033627 7.5874786377
      vertex -4.16484975815 0.61129540205 7.48260068893
    endloop
  endfacet
  facet normal 0.876102685928 0.430052280426 -0.217942968011
    outer loop
      vertex -4.19811296463 0.654426395893 7.52850675583
      vertex -4.16484975815 0.61129540205 7.48260068893
      vertex -4.13415431976 0.63905620575 7.40599966049
    endloop
  endfacet
  facet normal 0.802951812744 0.457023710012 -0.382619589567
    outer loop
      vertex -4.1698513031 0.708135485649 7.43388843536
      vertex -4.22640562057 0.706915378571 7.5342707634
      vertex -4.19811296463 0.654426395893 7.52850675583
    endloop
  endfacet
  facet normal 0.191573888063 -0.426402598619 0.884013712406
    outer loop
      vertex -4.18067121506 0.597341537476 7.3638882637
      vertex -4.17572546005 0.568291902542 7.42633581161
      vertex -4.23411512375 0.565577626228 7.40572977066
    endloop
  endfacet
  facet normal 0.583114206791 -0.810770869255 -0.0512684434652
    outer loop
      vertex -4.16747999191 0.689262568951 7.38520622253
      vertex -4.13415431976 0.63905620575 7.40599966049
      vertex -4.19950151443 0.646676301956 7.35948324203
    endloop
  endfacet
  facet normal -0.385765135288 -0.483777046204 0.78558576107
    outer loop
      vertex -4.44424772263 0.223917752504 7.90907287598
      vertex -4.46709489822 0.327054917812 7.75981092453
      vertex -4.40768432617 0.258943259716 7.82304048538
    endloop
  endfacet
  facet normal 0.320708781481 0.156675338745 -0.934129953384
    outer loop
      vertex -4.38300323486 0.458644300699 7.90703487396
      vertex -4.30981492996 0.460250377655 7.74764537811
      vertex -4.39814281464 0.485178411007 7.77982330322
    endloop
  endfacet
  facet normal -0.270340919495 0.227311789989 -0.935545384884
    outer loop
      vertex -4.38300323486 0.458644300699 7.90703487396
      vertex -4.39814281464 0.485178411007 7.77982330322
      vertex -4.4588804245 0.428394049406 7.94129514694
    endloop
  endfacet
  facet normal 0.976470470428 0.108557753265 0.18633466959
    outer loop
      vertex -4.31917905807 0.280859053135 7.84857606888
      vertex -4.28600883484 0.375889658928 7.71332836151
      vertex -4.29729413986 0.395989179611 7.84933900833
    endloop
  endfacet
  facet normal -0.872452557087 -0.0457937270403 -0.486548513174
    outer loop
      vertex -4.44217586517 0.467308968306 7.73339796066
      vertex -4.46617078781 0.419666171074 7.68434762955
      vertex -4.50917816162 0.363641351461 7.90846586227
    endloop
  endfacet
  facet normal 0.407923161983 -0.0340681560338 0.912380456924
    outer loop
      vertex -4.27506113052 0.325742393732 7.62208509445
      vertex -4.40768432617 0.258943259716 7.82304048538
      vertex -4.27244853973 0.33033400774 7.53039836884
    endloop
  endfacet
  facet normal -0.751373648643 -0.638317525387 -0.16729721427
    outer loop
      vertex -4.40082836151 0.460300058126 7.61340808868
      vertex -4.33997344971 0.415969312191 7.53015613556
      vertex -4.43581342697 0.383792907 7.63453769684
    endloop
  endfacet
  facet normal -0.564909517765 -0.590107440948 0.576758563519
    outer loop
      vertex -4.27244853973 0.33033400774 7.53039836884
      vertex -4.42818069458 0.30895537138 7.70037555695
      vertex -4.43581342697 0.383792907 7.63453769684
    endloop
  endfacet
  facet normal -0.618794381618 -0.670375704765 -0.409499555826
    outer loop
      vertex -4.28918457031 0.478680729866 7.52158260345
      vertex -4.33997344971 0.415969312191 7.53015613556
      vertex -4.40082836151 0.460300058126 7.61340808868
    endloop
  endfacet
  facet normal 0.463227510452 0.768038988113 -0.44219493866
    outer loop
      vertex -4.09314155579 0.442811429501 7.5385518074
      vertex -4.24377536774 0.497050046921 7.5981760025
      vertex -4.16713619232 0.406927227974 7.6038403511
    endloop
  endfacet
  facet normal 0.0404796674848 -0.255654543638 -0.965920388699
    outer loop
      vertex -4.24377536774 0.497050046921 7.5981760025
      vertex -4.14474773407 0.451284497976 7.44094324112
      vertex -4.28918457031 0.478680729866 7.52158260345
    endloop
  endfacet
  facet normal -0.529768764973 -0.736953139305 0.419815570116
    outer loop
      vertex -4.20209312439 0.393448919058 7.44386816025
      vertex -4.27244853973 0.33033400774 7.53039836884
      vertex -4.33997344971 0.415969312191 7.53015613556
    endloop
  endfacet
  facet normal 0.0274580325931 0.0314520522952 0.999128043652
    outer loop
      vertex -4.11830711365 0.332204341888 7.45524501801
      vertex -4.13845157623 0.334336131811 7.54055166245
      vertex -4.27244853973 0.33033400774 7.53039836884
    endloop
  endfacet
  facet normal 0.0567999482155 -0.410101115704 -0.910269677639
    outer loop
      vertex -4.0817656517 0.449884086847 7.44655799866
      vertex -4.14474773407 0.451284497976 7.44094324112
      vertex -4.09770917892 0.472219735384 7.49392652512
    endloop
  endfacet
  facet normal -0.328402608633 -0.740171134472 0.586769521236
    outer loop
      vertex -4.1154923439 0.38164037466 7.41480588913
      vertex -4.11830711365 0.332204341888 7.45524501801
      vertex -4.20209312439 0.393448919058 7.44386816025
    endloop
  endfacet
  facet normal 0.772226393223 -0.526747226715 -0.355251669884
    outer loop
      vertex -4.0817656517 0.449884086847 7.44655799866
      vertex -4.05171012878 0.420050114393 7.47049951553
      vertex -4.06501436234 0.390414893627 7.43100833893
    endloop
  endfacet
  facet normal 0.0914344415069 -0.956816613674 -0.275937795639
    outer loop
      vertex -4.14474773407 0.451284497976 7.44094324112
      vertex -4.0817656517 0.449884086847 7.44655799866
      vertex -4.06501436234 0.390414893627 7.43100833893
    endloop
  endfacet
  facet normal -0.992771565914 -0.119910225272 0.00511601613835
    outer loop
      vertex -4.58842992783 0.171540275216 8.6258354187
      vertex -4.5948882103 -0.0624658055604 8.68928909302
      vertex -4.62407541275 0.0195377245545 8.92743873596
    endloop
  endfacet
  facet normal 0.903598189354 0.0667158216238 -0.423154056072
    outer loop
      vertex -4.16920471191 0.711569666862 8.40769767761
      vertex -4.11522960663 0.610811650753 8.31573009491
      vertex -4.14394330978 0.697148740292 8.1570224762
    endloop
  endfacet
  facet normal 0.957448780537 -0.261457294226 0.122196055949
    outer loop
      vertex -4.14394330978 0.697148740292 8.1570224762
      vertex -4.13050270081 0.521816372871 8.28818511963
      vertex -4.18356323242 0.578257679939 8.06750106812
    endloop
  endfacet
  facet normal 0.947195351124 -0.271411031485 0.170754104853
    outer loop
      vertex -4.21378755569 0.350642174482 8.10522174835
      vertex -4.18356323242 0.578257679939 8.06750106812
      vertex -4.13050270081 0.521816372871 8.28818511963
    endloop
  endfacet
  facet normal 0.0823172330856 0.262560725212 -0.961397826672
    outer loop
      vertex -4.21954298019 0.680027544498 8.61938095093
      vertex -4.25428533554 0.744465112686 8.3943271637
      vertex -4.37810850143 0.816449284554 8.1695690155
    endloop
  endfacet
  facet normal -0.896177232265 -0.32535725832 0.301677107811
    outer loop
      vertex -4.5948882103 -0.0624658055604 8.68928909302
      vertex -4.54733085632 -0.128948450089 8.6199388504
      vertex -4.61684370041 -0.166723385453 8.84643363953
    endloop
  endfacet
  facet normal -0.829185247421 -0.329758435488 0.451343744993
    outer loop
      vertex -4.54733085632 -0.128948450089 8.6199388504
      vertex -4.55928850174 -0.253121286631 8.8199634552
      vertex -4.61684370041 -0.166723385453 8.84643363953
    endloop
  endfacet
  facet normal 0.662754833698 0.569402575493 -0.486350417137
    outer loop
      vertex -4.18626642227 0.262381911278 9.05592727661
      vertex -4.13507843018 0.338309019804 8.93149471283
      vertex -4.21838331223 0.418484389782 8.95997619629
    endloop
  endfacet
  facet normal 0.67439186573 -0.710634529591 0.200484707952
    outer loop
      vertex -4.290122509 0.539927065372 7.90924692154
      vertex -4.24853801727 0.44305279851 7.97604084015
      vertex -4.30368041992 0.42796254158 7.92796802521
    endloop
  endfacet
  facet normal -0.885280132294 -0.167090669274 -0.434004306793
    outer loop
      vertex -4.40023040771 0.74295759201 8.11223220825
      vertex -4.43181276321 0.664396107197 8.07550525665
      vertex -4.45875310898 0.65615862608 8.19684410095
    endloop
  endfacet
  facet normal 0.776599705219 -0.619161784649 0.116325475276
    outer loop
      vertex -4.23892736435 0.592134952545 7.99545192719
      vertex -4.21185159683 0.758305907249 7.99819278717
      vertex -4.18356323242 0.578257679939 8.06750106812
    endloop
  endfacet
  facet normal -0.113645777106 -0.992908358574 -0.03489459306
    outer loop
      vertex -4.21185159683 0.758305907249 7.99819278717
      vertex -4.23892736435 0.592134952545 7.99545192719
      vertex -4.27297782898 0.664028584957 8.00187587738
    endloop
  endfacet
  facet normal 0.879901885986 -0.427420914173 -0.207566842437
    outer loop
      vertex -3.75346875191 1.02975189686 8.23309898376
      vertex -3.71570158005 1.00629544258 8.29945659637
      vertex -3.72509837151 0.966010868549 8.26054859161
    endloop
  endfacet
  facet normal 0.869761168957 0.18234577775 0.458547145128
    outer loop
      vertex -4.17572546005 0.568291902542 7.42633581161
      vertex -4.13415431976 0.63905620575 7.40599966049
      vertex -4.16484975815 0.61129540205 7.48260068893
    endloop
  endfacet
  facet normal -0.971641421318 0.0286463852972 -0.234717518091
    outer loop
      vertex -4.62407541275 0.0195377245545 8.92743873596
      vertex -4.57515716553 0.212615385652 9.00465965271
      vertex -4.59444189072 0.152404010296 8.84390068054
    endloop
  endfacet
  facet normal -0.710380613804 0.170718193054 -0.682799100876
    outer loop
      vertex -4.44946718216 0.347937315702 9.04993057251
      vertex -4.55055570602 0.379809290171 8.50181388855
      vertex -4.52083778381 0.285225480795 9.0037689209
    endloop
  endfacet
  facet normal -0.294333845377 0.0720081776381 -0.952986061573
    outer loop
      vertex -4.11971855164 0.717674672604 8.52917575836
      vertex -4.16920471191 0.711569666862 8.40769767761
      vertex -4.21954298019 0.680027544498 8.61938095093
    endloop
  endfacet
  facet normal 0.90870821476 -0.375252455473 0.182852208614
    outer loop
      vertex -4.24853801727 0.44305279851 7.97604084015
      vertex -4.18356323242 0.578257679939 8.06750106812
      vertex -4.21378755569 0.350642174482 8.10522174835
    endloop
  endfacet
  facet normal 0.955308794975 -0.291618019342 0.048415735364
    outer loop
      vertex -4.24853801727 0.44305279851 7.97604084015
      vertex -4.21378755569 0.350642174482 8.10522174835
      vertex -4.27153205872 0.283947199583 7.92713022232
    endloop
  endfacet
  facet normal 0.757442295551 -0.629770338535 0.172251284122
    outer loop
      vertex -4.27153205872 0.283947199583 7.92713022232
      vertex -4.29451465607 0.106262393296 7.94808769226
      vertex -4.31724262238 0.182420521975 7.89992189407
    endloop
  endfacet
  facet normal -0.689304351807 -0.707045733929 0.157942503691
    outer loop
      vertex -4.4090514183 0.140756353736 7.67539072037
      vertex -4.30936431885 0.120461791754 7.58273839951
      vertex -4.34669923782 0.0570115558803 7.63331031799
    endloop
  endfacet
  facet normal 0.802801370621 0.0737502574921 -0.591667830944
    outer loop
      vertex -4.1832985878 0.158283576369 7.60030794144
      vertex -4.13637590408 0.0942734852433 7.6030626297
      vertex -4.1548614502 0.12599876523 7.54976463318
    endloop
  endfacet
  facet normal 0.990896165371 -0.120340809226 -0.0603562518954
    outer loop
      vertex -4.32186079025 0.10691139847 7.82402467728
      vertex -4.32972288132 0.170340791345 7.79110050201
      vertex -4.31724262238 0.182420521975 7.89992189407
    endloop
  endfacet
  facet normal 0.847056388855 -0.507583975792 0.157651603222
    outer loop
      vertex -4.29729413986 0.395989179611 7.84933900833
      vertex -4.27153205872 0.283947199583 7.92713022232
      vertex -4.31917905807 0.280859053135 7.84857606888
    endloop
  endfacet
  facet normal 0.936334252357 -0.350013822317 0.0277220830321
    outer loop
      vertex -4.27153205872 0.283947199583 7.92713022232
      vertex -4.29729413986 0.395989179611 7.84933900833
      vertex -4.24853801727 0.44305279851 7.97604084015
    endloop
  endfacet
  facet normal 0.617353975773 -0.367758154869 0.695433676243
    outer loop
      vertex -4.290122509 0.539927065372 7.90924692154
      vertex -4.38300323486 0.458644300699 7.90703487396
      vertex -4.36087560654 0.518748819828 7.83052206039
    endloop
  endfacet
  facet normal 0.590995311737 0.0976321622729 -0.800744950771
    outer loop
      vertex -4.36503982544 0.667743623257 8.02888393402
      vertex -4.30846738815 0.635246634483 7.95296430588
      vertex -4.3884062767 0.700349867344 7.90290355682
    endloop
  endfacet
  facet normal 0.38058924675 0.413148403168 -0.827321112156
    outer loop
      vertex -4.23097133636 0.869599282742 8.04961013794
      vertex -4.32357645035 1.06314885616 7.74733829498
      vertex -4.3207783699 0.911454856396 8.04852485657
    endloop
  endfacet
  facet normal -0.990900933743 -0.0420538149774 -0.127854496241
    outer loop
      vertex -4.44270467758 -0.400555193424 9.27835178375
      vertex -4.42265367508 -0.342260360718 8.98312664032
      vertex -4.43786716461 -0.426785469055 9.08462047577
    endloop
  endfacet
  facet normal -0.163454726338 0.923453211784 0.347155153751
    outer loop
      vertex -4.23490524292 0.129029333591 9.55033016205
      vertex -4.36051654816 0.15005132556 9.5359992981
      vertex -4.24260568619 0.0649976432323 9.52489566803
    endloop
  endfacet
  facet normal 0.134620726109 0.95526611805 0.263332337141
    outer loop
      vertex -4.62675762177 -0.405012995005 9.30040931702
      vertex -4.52537107468 -0.504630744457 9.25866031647
      vertex -4.48541784286 -0.387030512094 9.28544807434
    endloop
  endfacet
  facet normal 0.141473591328 0.930535554886 0.337770402431
    outer loop
      vertex -4.62675762177 -0.405012995005 9.30040931702
      vertex -4.48541784286 -0.387030512094 9.28544807434
      vertex -4.57041025162 -0.331824153662 9.31840896606
    endloop
  endfacet
  facet normal 0.111970983446 0.941535890102 0.317761987448
    outer loop
      vertex -4.62675762177 -0.405012995005 9.30040931702
      vertex -4.57041025162 -0.331824153662 9.31840896606
      vertex -4.6294631958 -0.245341777802 9.35461902618
    endloop
  endfacet
  facet normal 0.672216415405 0.70444560051 0.227775111794
    outer loop
      vertex -4.64466905594 -0.122617788613 9.40881061554
      vertex -4.62675762177 -0.405012995005 9.30040931702
      vertex -4.6294631958 -0.245341777802 9.35461902618
    endloop
  endfacet
  facet normal 0.951823174953 0.104024291039 0.288464218378
    outer loop
      vertex -4.48541784286 -0.387030512094 9.28544807434
      vertex -4.48897075653 -0.448184192181 9.1483745575
      vertex -4.45326757431 -0.33162689209 9.1449098587
    endloop
  endfacet
  facet normal -0.685898840427 0.164240643382 0.708920180798
    outer loop
      vertex -4.43416690826 -0.313754022121 8.97878456116
      vertex -4.42859649658 -0.335470616817 8.9083108902
      vertex -4.42730522156 -0.29923465848 9.07011032104
    endloop
  endfacet
  facet normal -0.458333700895 0.865398108959 0.202524915338
    outer loop
      vertex -4.4579372406 -0.548435032368 9.23567676544
      vertex -4.38728380203 -0.515109837055 9.28089523315
      vertex -4.44270467758 -0.400555193424 9.27835178375
    endloop
  endfacet
  facet normal -0.0514496937394 0.894559204578 0.443978369236
    outer loop
      vertex -4.51547813416 0.0966720879078 9.5005941391
      vertex -4.36051654816 0.15005132556 9.5359992981
      vertex -4.47531795502 0.18038161099 9.54444980621
    endloop
  endfacet
  facet normal 0.0229943934828 0.880986392498 0.472582489252
    outer loop
      vertex -4.47531795502 0.18038161099 9.54444980621
      vertex -4.61303949356 0.050058670342 9.47813606262
      vertex -4.51547813416 0.0966720879078 9.5005941391
    endloop
  endfacet
  facet normal -0.301150918007 0.906840324402 0.294870793819
    outer loop
      vertex -4.31169462204 -0.493532568216 9.30579948425
      vertex -4.20456027985 -0.344092458487 9.38996982574
      vertex -4.28472471237 -0.401845067739 9.34456920624
    endloop
  endfacet
  facet normal -0.969194114208 -0.0566542856395 -0.239693760872
    outer loop
      vertex -4.43786716461 -0.426785469055 9.08462047577
      vertex -4.4690246582 -0.525120675564 9.20159912109
      vertex -4.44270467758 -0.400555193424 9.27835178375
    endloop
  endfacet
  facet normal -0.286479830742 0.901735007763 0.323733299971
    outer loop
      vertex -4.16375350952 -0.0667963176966 9.50263118744
      vertex -4.23490524292 0.129029333591 9.55033016205
      vertex -4.24260568619 0.0649976432323 9.52489566803
    endloop
  endfacet
  facet normal -0.325817018747 -0.603582918644 -0.727688729763
    outer loop
      vertex 0.843976795673 0.992673754692 8.04181671143
      vertex 0.747738182545 0.860315859318 7.93419408798
      vertex 0.717558085918 0.910374999046 8.01083755493
    endloop
  endfacet
  facet normal -0.989354431629 -0.144685670733 0.0156164383516
    outer loop
      vertex 0.662916600704 1.12163722515 7.92514562607
      vertex 0.643998026848 0.868065297604 8.08187866211
      vertex 0.626741290092 1.09510087967 8.17537498474
    endloop
  endfacet
  facet normal -0.241567537189 0.372316539288 -0.896116912365
    outer loop
      vertex 0.347785234451 1.18831038475 8.67057228088
      vertex 0.553827643394 1.22658586502 8.71213340759
      vertex 0.522807478905 1.3282481432 8.44731903076
    endloop
  endfacet
  facet normal -0.809967398643 -0.574554741383 0.117641896009
    outer loop
      vertex 0.426043719053 0.825249254704 8.51355743408
      vertex 0.412371575832 1.08639729023 8.47936058044
      vertex 0.626741290092 1.09510087967 8.17537498474
    endloop
  endfacet
  facet normal -0.370934575796 0.480968505144 -0.7944034338
    outer loop
      vertex 0.492537409067 0.93308275938 7.79979038239
      vertex 0.717558085918 0.910374999046 8.01083755493
      vertex 0.625173926353 0.98509478569 7.81617593765
    endloop
  endfacet
  facet normal 0.855791807175 0.36750805378 -0.364085435867
    outer loop
      vertex 0.710220217705 1.5175204277 8.26733779907
      vertex 0.667585194111 1.13733947277 8.74325942993
      vertex 0.764552295208 1.28001272678 8.3761138916
    endloop
  endfacet
  facet normal 0.988694667816 -0.0630472525954 0.136043667793
    outer loop
      vertex 0.772817909718 1.45291531086 8.13228416443
      vertex 0.782934546471 1.66501069069 7.83327102661
      vertex 0.793568313122 1.67881631851 7.97023773193
    endloop
  endfacet
  facet normal -0.482766985893 0.344159185886 -0.80528908968
    outer loop
      vertex 0.710220217705 1.5175204277 8.26733779907
      vertex 0.673027396202 1.62625443935 7.96074199677
      vertex 0.522807478905 1.3282481432 8.44731903076
    endloop
  endfacet
  facet normal 0.776873350143 0.505800187588 -0.375012040138
    outer loop
      vertex 0.667585194111 1.13733947277 8.74325942993
      vertex 0.714919626713 0.565775513649 9.09432792664
      vertex 0.751914381981 0.796667635441 8.86631774902
    endloop
  endfacet
  facet normal 0.971862018108 0.140270248055 0.189231231809
    outer loop
      vertex 0.794430017471 0.633018493652 8.63415431976
      vertex 0.714919626713 0.565775513649 9.09432792664
      vertex 0.690464198589 0.23690533638 8.82010555267
    endloop
  endfacet
  facet normal 0.459196686745 -0.437352508307 0.773214817047
    outer loop
      vertex 0.772817909718 1.45291531086 8.13228416443
      vertex 0.617140054703 1.29713332653 8.2442445755
      vertex 0.72389960289 1.5296036005 7.9453420639
    endloop
  endfacet
  facet normal -0.721164405346 -0.634310781956 0.278517007828
    outer loop
      vertex 0.734734296799 1.71325075626 7.85238695145
      vertex 0.72389960289 1.5296036005 7.9453420639
      vertex 0.673027396202 1.62625443935 7.96074199677
    endloop
  endfacet
  facet normal -0.613062858582 -0.718867540359 0.327694088221
    outer loop
      vertex 0.734734296799 1.71325075626 7.85238695145
      vertex 0.782934546471 1.66501069069 7.83327102661
      vertex 0.72389960289 1.5296036005 7.9453420639
    endloop
  endfacet
  facet normal 0.90712916851 0.263466954231 -0.328179568052
    outer loop
      vertex 0.772817909718 1.45291531086 8.13228416443
      vertex 0.710220217705 1.5175204277 8.26733779907
      vertex 0.764552295208 1.28001272678 8.3761138916
    endloop
  endfacet
  facet normal -0.687157928944 -0.637447297573 0.348532497883
    outer loop
      vertex 0.321944236755 -0.113906897604 9.25918960571
      vertex 0.299310743809 0.104297913611 9.16428184509
      vertex 0.46717518568 -0.144255489111 9.11922645569
    endloop
  endfacet
  facet normal -0.931630730629 -0.118895277381 0.343406677246
    outer loop
      vertex 0.315436720848 0.60724812746 8.77643871307
      vertex 0.464312016964 0.16073872149 8.8995513916
      vertex 0.320286333561 0.512780427933 9.01129055023
    endloop
  endfacet
  facet normal 0.250290989876 -0.498005360365 0.830268085003
    outer loop
      vertex 0.690464198589 0.23690533638 8.82010555267
      vertex 0.543840110302 0.340078234673 8.57440567017
      vertex 0.70172816515 0.545274853706 8.3116569519
    endloop
  endfacet
  facet normal -0.281099140644 0.395780563354 -0.8742659688
    outer loop
      vertex 0.710220217705 1.5175204277 8.26733779907
      vertex 0.793568313122 1.67881631851 7.97023773193
      vertex 0.734734296799 1.71325075626 7.85238695145
    endloop
  endfacet
  facet normal 0.92812359333 -0.177802085876 0.327067196369
    outer loop
      vertex 0.690464198589 0.23690533638 8.82010555267
      vertex 0.70172816515 0.545274853706 8.3116569519
      vertex 0.794430017471 0.633018493652 8.63415431976
    endloop
  endfacet
  facet normal 0.858779430389 0.366098284721 -0.358427107334
    outer loop
      vertex 0.764552295208 1.28001272678 8.3761138916
      vertex 0.667585194111 1.13733947277 8.74325942993
      vertex 0.847851932049 1.08020663261 8.37633228302
    endloop
  endfacet
  facet normal -0.821436405182 -0.546642243862 0.162556245923
    outer loop
      vertex 0.320286333561 0.512780427933 9.01129055023
      vertex 0.464312016964 0.16073872149 8.8995513916
      vertex 0.299310743809 0.104297913611 9.16428184509
    endloop
  endfacet
  facet normal 0.982362926006 0.186732649803 0.00969590246677
    outer loop
      vertex 0.847851932049 1.08020663261 8.37633228302
      vertex 0.751914381981 0.796667635441 8.86631774902
      vertex 0.794430017471 0.633018493652 8.63415431976
    endloop
  endfacet
  facet normal -0.901966631413 -0.390863627195 0.183526173234
    outer loop
      vertex 0.673027396202 1.62625443935 7.96074199677
      vertex 0.617140054703 1.29713332653 8.2442445755
      vertex 0.522807478905 1.3282481432 8.44731903076
    endloop
  endfacet
  facet normal -0.27490645647 0.654797852039 -0.704035639763
    outer loop
      vertex 0.492137014866 0.403571099043 9.64835643768
      vertex 0.527846872807 0.557932198048 9.49738025665
      vertex 0.332802444696 0.440925687551 9.54129886627
    endloop
  endfacet
  facet normal 0.383514761925 0.920991241932 -0.0684949532151
    outer loop
      vertex 0.690853238106 0.11376773566 9.46253490448
      vertex 0.702592790127 0.365088522434 9.43895530701
      vertex 0.527846872807 0.557932198048 9.49738025665
    endloop
  endfacet
  facet normal 0.33630913496 -0.0573125556111 -0.94000607729
    outer loop
      vertex -2.39698171616 -0.764455199242 0.483354687691
      vertex -2.49201202393 -0.738356411457 0.353774785995
      vertex -2.51188349724 -0.72673869133 0.427716314793
    endloop
  endfacet
  facet normal 0.339447468519 0.526595950127 -0.779404997826
    outer loop
      vertex -2.39698171616 -0.764455199242 0.483354687691
      vertex -2.43856215477 -0.794616341591 0.554798722267
      vertex -2.37915277481 -0.861648440361 0.61571598053
    endloop
  endfacet
  facet normal -0.84826028347 -0.206505164504 -0.487657815218
    outer loop
      vertex -1.74004364014 0.167907297611 0.341930389404
      vertex -1.61869812012 0.359657853842 0.296295076609
      vertex -1.68006181717 0.244624584913 0.276709705591
    endloop
  endfacet
  facet normal -0.970907211304 -0.0316152349114 -0.237359747291
    outer loop
      vertex -1.96533346176 -0.230249240994 0.53978562355
      vertex -1.94825053215 -0.173712044954 0.439634978771
      vertex -1.97438120842 -0.281563609838 0.432386606932
    endloop
  endfacet
  facet normal 0.00403347844258 0.0260642450303 0.999652147293
    outer loop
      vertex -1.60332274437 -0.679091989994 0.563184678555
      vertex -1.70465564728 -0.67833596468 0.607861936092
      vertex -1.65635061264 -0.681813061237 0.467028290033
    endloop
  endfacet
  facet normal -0.110153093934 -0.107382155955 0.988096833229
    outer loop
      vertex -1.65635061264 -0.681813061237 0.467028290033
      vertex -1.71294856071 -0.658912956715 0.314367204905
      vertex -1.57041215897 -0.673130869865 0.298981368542
    endloop
  endfacet
  facet normal 0.327142775059 -0.0367941074073 0.944258332253
    outer loop
      vertex -1.57041215897 -0.673130869865 0.298981368542
      vertex -1.4255053997 -0.622298955917 0.282857835293
      vertex -1.45727562904 -0.638018429279 0.403796970844
    endloop
  endfacet
  facet normal 0.51890206337 0.0252520218492 0.854460656643
    outer loop
      vertex -1.4255053997 -0.622298955917 0.282857835293
      vertex -1.36381614208 -0.580281794071 0.436957418919
      vertex -1.45727562904 -0.638018429279 0.403796970844
    endloop
  endfacet
  facet normal -0.176625967026 0.464353591204 -0.867858886719
    outer loop
      vertex -0.906394183636 1.58350467682 0.499914050102
      vertex -0.994449853897 1.5909422636 0.452519923449
      vertex -0.980980634689 1.54050779343 0.551903247833
    endloop
  endfacet
  facet normal 0.256814092398 0.519189596176 -0.815161764622
    outer loop
      vertex -0.82823652029 1.53469896317 0.53788214922
      vertex -0.772366762161 1.5461050272 0.492338091135
      vertex -0.906394183636 1.58350467682 0.499914050102
    endloop
  endfacet
  facet normal 0.180030211806 0.0667912885547 -0.981390893459
    outer loop
      vertex -0.892927110195 1.61661076546 0.36205303669
      vertex -0.794821500778 1.60109555721 0.325588464737
      vertex -0.876525580883 1.621509552 0.245862811804
    endloop
  endfacet
  facet normal 0.459915488958 0.34760466218 -0.817097783089
    outer loop
      vertex -0.6303820014 1.54063439369 0.250141948462
      vertex -0.722091734409 1.59673702717 0.239605009556
      vertex -0.794821500778 1.60109555721 0.325588464737
    endloop
  endfacet
  facet normal 0.596793234348 0.801713645458 0.033061478287
    outer loop
      vertex -0.621822059155 0.933657765388 0.553291797638
      vertex -0.569216251373 0.910191357136 0.513164460659
      vertex -0.562823057175 1.07196426392 0.515076637268
    endloop
  endfacet
  facet normal 0.925130665302 0.376706510782 0.0471752434969
    outer loop
      vertex -0.50338602066 0.939041137695 0.402332752943
      vertex -0.483874887228 1.07507228851 0.371451854706
      vertex -0.508231163025 1.12548863888 0.43758058548
    endloop
  endfacet
  facet normal 0.294437021017 0.939212024212 -0.176600307226
    outer loop
      vertex -1.23889863491 0.730239093304 0.881687343121
      vertex -1.31883347034 0.651443958282 0.921562314034
      vertex -1.17681968212 0.654113233089 0.876540005207
    endloop
  endfacet
  facet normal 0.494922310114 0.59368211031 -0.634502530098
    outer loop
      vertex -1.06886208057 0.661240279675 0.840597629547
      vertex -1.13986003399 0.724142074585 0.832558214664
      vertex -1.14879453182 0.691479682922 0.874914646149
    endloop
  endfacet
  facet normal -0.918537735939 -0.0927224755287 -0.384305775166
    outer loop
      vertex -2.64619135857 -1.19300377369 1.27596223354
      vertex -2.6381881237 -1.18626236916 1.2246209383
      vertex -2.66822314262 -1.25261604786 1.24714159966
    endloop
  endfacet
  facet normal -0.425971746445 0.136155918241 -0.894432604313
    outer loop
      vertex -2.59306693077 -1.16153585911 1.23544669151
      vertex -2.64619135857 -1.19300377369 1.27596223354
      vertex -2.61781382561 -1.1860255003 1.31890153885
    endloop
  endfacet
  facet normal -0.499524444342 -0.0214585121721 -0.86603397131
    outer loop
      vertex -2.49087405205 -1.13017380238 1.23437166214
      vertex -2.50835061073 -1.14213347435 1.15852713585
      vertex -2.56626439095 -1.1733905077 1.24519300461
    endloop
  endfacet
  facet normal -0.52523869276 -0.211922809482 -0.824143826962
    outer loop
      vertex -2.41490149498 -1.07357978821 1.26616585255
      vertex -2.49087405205 -1.13017380238 1.23437166214
      vertex -2.48664808273 -1.1143348217 1.28549408913
    endloop
  endfacet
  facet normal -0.323944836855 -0.229858458042 -0.917728066444
    outer loop
      vertex -2.43083786964 -1.10118043423 1.17842745781
      vertex -2.48083639145 -1.11613607407 1.18917989731
      vertex -2.41490149498 -1.07357978821 1.26616585255
    endloop
  endfacet
  facet normal 0.124841652811 -0.100678429008 -0.987055420876
    outer loop
      vertex -2.34098625183 -1.07416498661 1.35208332539
      vertex -2.37982583046 -1.0821313858 1.22581923008
      vertex -2.41490149498 -1.07357978821 1.26616585255
    endloop
  endfacet
  facet normal -0.936378717422 0.0810089930892 0.341514915228
    outer loop
      vertex -2.53445100784 -2.1814596653 1.43332755566
      vertex -2.59751319885 -2.06812334061 1.18219411373
      vertex -2.54788208008 -2.1860229969 1.25884032249
    endloop
  endfacet
  facet normal -0.515563070774 0.13770763576 0.845713496208
    outer loop
      vertex -2.48615574837 -2.31550264359 1.27362203598
      vertex -2.45480775833 -2.33663415909 1.2612092495
      vertex -2.45014262199 -2.33224582672 1.30562543869
    endloop
  endfacet
  facet normal -0.603804111481 -0.221085846424 0.765860080719
    outer loop
      vertex -2.48615574837 -2.31550264359 1.27362203598
      vertex -2.4910068512 -2.29457998276 1.21439313889
      vertex -2.45480775833 -2.33663415909 1.2612092495
    endloop
  endfacet
  facet normal 0.0947993770242 -0.834225893021 0.543212890625
    outer loop
      vertex -2.44970750809 -2.36881542206 1.32813823223
      vertex -2.3487803936 -2.31711888313 1.30594480038
      vertex -2.39308714867 -2.36918926239 1.33481585979
    endloop
  endfacet
  facet normal 0.677921831608 -0.256010323763 0.68911588192
    outer loop
      vertex -2.33190751076 -2.2782497406 1.24599862099
      vertex -2.31889462471 -2.28236103058 1.29152369499
      vertex -2.3487803936 -2.31711888313 1.30594480038
    endloop
  endfacet
  facet normal 0.454619139433 -0.208157628775 0.866020679474
    outer loop
      vertex -2.33190751076 -2.2782497406 1.24599862099
      vertex -2.26516485214 -2.23986196518 1.23205661774
      vertex -2.31889462471 -2.28236103058 1.29152369499
    endloop
  endfacet
  facet normal -0.600694835186 -0.38926383853 -0.69831186533
    outer loop
      vertex -2.62811517715 -1.22291648388 1.0374982357
      vertex -2.61790752411 -1.24321949482 0.985324084759
      vertex -2.68263673782 -1.28175592422 1.01607978344
    endloop
  endfacet
  facet normal -0.738300383091 0.0281191449612 -0.673885643482
    outer loop
      vertex -2.65254187584 -1.25233495235 1.10117173195
      vertex -2.62811517715 -1.22291648388 1.0374982357
      vertex -2.68263673782 -1.28175592422 1.01607978344
    endloop
  endfacet
  facet normal -0.131859436631 0.0383717902005 -0.990525484085
    outer loop
      vertex -2.50835061073 -1.14213347435 1.15852713585
      vertex -2.53611326218 -1.14435791969 1.12054598331
      vertex -2.59434008598 -1.15485286713 1.19137310982
    endloop
  endfacet
  facet normal -0.537547230721 -0.317493736744 -0.781179070473
    outer loop
      vertex -2.53215837479 -1.19391274452 0.961459636688
      vertex -2.64007377625 -1.27976918221 0.932924807072
      vertex -2.61790752411 -1.24321949482 0.985324084759
    endloop
  endfacet
  facet normal -0.0606592670083 0.782231986523 -0.620027065277
    outer loop
      vertex -2.41266608238 -1.0932418108 0.801186144352
      vertex -2.3743159771 -0.981995105743 0.715981662273
      vertex -2.44162154198 -1.00185191631 0.726501643658
    endloop
  endfacet
  facet normal -0.0515226572752 0.437120765448 -0.897925853729
    outer loop
      vertex -2.41266608238 -1.0932418108 0.801186144352
      vertex -2.36671972275 -1.1209359169 0.863490521908
      vertex -2.28414607048 -1.06230723858 0.752789378166
    endloop
  endfacet
  facet normal -0.52648639679 0.0934158489108 0.845035851002
    outer loop
      vertex -2.82730770111 -1.8936239481 0.373123824596
      vertex -2.78366971016 -1.92157387733 0.366230726242
      vertex -2.80417013168 -1.90583014488 0.393109112978
    endloop
  endfacet
  facet normal -0.484462887049 -0.0665592476726 0.872276067734
    outer loop
      vertex -2.67576789856 -2.05357289314 0.715116798878
      vertex -2.76685476303 -1.99069797993 0.554115414619
      vertex -2.72083830833 -2.01855540276 0.584255158901
    endloop
  endfacet
  facet normal 0.251812338829 0.170779749751 0.952588498592
    outer loop
      vertex -2.67610287666 -2.01761698723 0.486306458712
      vertex -2.7256603241 -2.02630496025 0.510917901993
      vertex -2.73204779625 -2.03561329842 0.468415349722
    endloop
  endfacet
  facet normal 0.531036376953 -0.2793161273 0.799989283085
    outer loop
      vertex -2.64340257645 -1.97604382038 0.443925768137
      vertex -2.48598837852 -1.88038265705 0.469218581915
      vertex -2.59579873085 -1.95665323734 0.478893578053
    endloop
  endfacet
  facet normal 0.428309291601 -0.534390807152 0.728682100773
    outer loop
      vertex -2.52347564697 -2.13378477097 1.09916782379
      vertex -2.43496084213 -2.13811302185 1.1760134697
      vertex -2.51384878159 -2.1984398365 1.1950455904
    endloop
  endfacet
  facet normal -0.417153507471 -0.879526019096 0.228947386146
    outer loop
      vertex -2.42621850967 -2.25018620491 1.15471637249
      vertex -2.46263337135 -2.29683995247 1.18413197994
      vertex -2.47004461288 -2.23014211655 1.17028522491
    endloop
  endfacet
  facet normal 0.0939581245184 -0.961524665356 -0.258151471615
    outer loop
      vertex -2.26312375069 -2.11097359657 1.1875885725
      vertex -2.21488547325 -2.15509271622 1.18045711517
      vertex -2.29765295982 -2.17655205727 1.16660785675
    endloop
  endfacet
  facet normal 0.399235010147 -0.658698499203 0.637752056122
    outer loop
      vertex -2.26516485214 -2.23986196518 1.23205661774
      vertex -2.34720611572 -2.23434376717 1.17698895931
      vertex -2.21488547325 -2.15509271622 1.18045711517
    endloop
  endfacet
  facet normal -0.108522973955 -0.919581890106 -0.377613484859
    outer loop
      vertex -2.19512081146 -2.04280662537 1.19621324539
      vertex -2.10472559929 -2.05897641182 1.17890560627
      vertex -2.19880366325 -2.10730195045 1.17016386986
    endloop
  endfacet
  facet normal 0.112459488213 -0.589612185955 -0.79981893301
    outer loop
      vertex -1.88894021511 -1.87279689312 1.25163519382
      vertex -1.8808658123 -1.90187966824 1.21372389793
      vertex -1.96166300774 -1.87039864063 1.24101769924
    endloop
  endfacet
  facet normal 0.729442834854 -0.670176327229 0.137028500438
    outer loop
      vertex -1.83822000027 -1.92768502235 1.23810720444
      vertex -1.85398805141 -1.98138296604 1.23192417622
      vertex -1.88313388824 -1.94450116158 1.19265973568
    endloop
  endfacet
  facet normal 0.876259446144 -0.393991887569 0.27738019824
    outer loop
      vertex -1.81462800503 -1.95735263824 1.30254507065
      vertex -1.82414805889 -2.01194548607 1.31980669498
      vertex -1.85398805141 -1.98138296604 1.23192417622
    endloop
  endfacet
  facet normal 0.875597119331 -0.237167850137 -0.420810103416
    outer loop
      vertex -1.76310372353 -2.04797267914 1.54720568657
      vertex -1.77188241482 -2.05771756172 1.4975053072
      vertex -1.80698633194 -1.96324598789 1.53552770615
    endloop
  endfacet
  facet normal 0.924172997475 -0.0352910235524 0.38034042716
    outer loop
      vertex -1.76742339134 -2.04318451881 1.45764732361
      vertex -1.77188241482 -2.05771756172 1.4975053072
      vertex -1.78739619255 -2.09343338013 1.47616016865
    endloop
  endfacet
  facet normal 0.941848933697 -0.234241500497 0.240938827395
    outer loop
      vertex -1.77716481686 -2.01278162003 1.3872064352
      vertex -1.76742339134 -2.04318451881 1.45764732361
      vertex -1.78332722187 -2.05056786537 1.40129506588
    endloop
  endfacet
  facet normal -0.0226754117757 0.626591682434 0.779017746449
    outer loop
      vertex -2.05050778389 -1.71592760086 0.620544552803
      vertex -2.21354150772 -1.74879229069 0.573785185814
      vertex -2.22247266769 -1.77327442169 0.54302418232
    endloop
  endfacet
  facet normal -0.221822246909 -0.958658099174 0.178240016103
    outer loop
      vertex -2.09379148483 -1.56646025181 0.347523778677
      vertex -2.16281938553 -1.61471641064 0.372468143702
      vertex -2.10541248322 -1.52066612244 0.341698408127
    endloop
  endfacet
  facet normal 0.602908313274 -0.223970264196 0.765727639198
    outer loop
      vertex -2.01131248474 -1.74865841866 0.918557167053
      vertex -1.99097573757 -1.79112768173 1.11849927902
      vertex -2.05243444443 -1.81729447842 1.04251897335
    endloop
  endfacet
  facet normal 0.23995962739 -0.595956981182 0.766325414181
    outer loop
      vertex -2.03241920471 -1.62945389748 0.401435375214
      vertex -2.00689792633 -1.65661537647 0.446637779474
      vertex -2.17944192886 -1.68693816662 0.41615486145
    endloop
  endfacet
  facet normal 0.0584724359214 0.756098210812 0.651840865612
    outer loop
      vertex -1.9504301548 -1.72229731083 0.600235998631
      vertex -1.97828483582 -1.68513715267 0.634426355362
      vertex -2.0217359066 -1.74461054802 0.586513876915
    endloop
  endfacet
  facet normal 0.420454055071 -0.629826903343 0.653097569942
    outer loop
      vertex -2.00689792633 -1.65661537647 0.446637779474
      vertex -2.03241920471 -1.62945389748 0.401435375214
      vertex -1.97594797611 -1.60461032391 0.41337248683
    endloop
  endfacet
  facet normal 0.71855533123 -0.642403066158 0.266451716423
    outer loop
      vertex -1.96393549442 -1.52757382393 0.394856274128
      vertex -1.97594797611 -1.60461032391 0.41337248683
      vertex -2.01158475876 -1.55966293812 0.354868233204
    endloop
  endfacet
  facet normal 0.926026165485 -0.093649379909 0.365657418966
    outer loop
      vertex -1.9504301548 -1.72229731083 0.600235998631
      vertex -1.9458514452 -1.69110369682 0.523714959621
      vertex -1.93694758415 -1.68221926689 0.577068448067
    endloop
  endfacet
  facet normal 0.873004436493 -0.44224986434 -0.205617025495
    outer loop
      vertex -1.95256567001 -1.64026844501 0.474192708731
      vertex -1.96886146069 -1.59864640236 0.461376190186
      vertex -1.94692480564 -1.62113392353 0.494224071503
    endloop
  endfacet
  facet normal -0.275936841965 -0.873739302158 -0.400547772646
    outer loop
      vertex -2.04089736938 -2.00657391548 1.18277072906
      vertex -2.10472559929 -2.05897641182 1.17890560627
      vertex -2.10464096069 -2.00004315376 1.2058955431
    endloop
  endfacet
  facet normal 0.214747041464 -0.976669251919 0.000927067711018
    outer loop
      vertex -2.48435878754 -0.860628962517 0.0597495883703
      vertex -2.39006090164 -0.910950243473 0.0805312916636
      vertex -2.52282047272 -0.893365800381 0.0513238273561
    endloop
  endfacet
  facet normal 0.548996865749 -0.829030334949 -0.106353759766
    outer loop
      vertex -2.39888238907 -0.86628395319 0.0804196670651
      vertex -2.35241866112 -0.924398601055 0.103733323514
      vertex -2.39006090164 -0.910950243473 0.0805312916636
    endloop
  endfacet
  facet normal 0.687425673008 -0.46978032589 -0.553852319717
    outer loop
      vertex -2.33492326736 -0.886907458305 0.149696230888
      vertex -2.39888238907 -0.86628395319 0.0804196670651
      vertex -2.37230682373 -0.855795741081 0.131672635674
    endloop
  endfacet
  facet normal 0.230464652181 -0.895780622959 -0.380083113909
    outer loop
      vertex -2.30586481094 -0.921225786209 0.142610937357
      vertex -2.33492326736 -0.886907458305 0.149696230888
      vertex -2.2596552372 -0.928557991982 0.151388555765
    endloop
  endfacet
  facet normal -0.922923386097 0.140735939145 -0.358337521553
    outer loop
      vertex -1.44728207588 0.986636519432 0.154223844409
      vertex -1.4432952404 1.02780771255 0.0755401924253
      vertex -1.47017002106 0.954675912857 0.0855054110289
    endloop
  endfacet
  facet normal -0.938781201839 -0.106483213603 -0.327644884586
    outer loop
      vertex -1.30205607414 1.32365620136 0.212160244584
      vertex -1.39184880257 1.07303202152 0.232633277774
      vertex -1.38706541061 1.11165428162 0.309300392866
    endloop
  endfacet
  facet normal 0.0713805258274 -0.930994033813 -0.35798728466
    outer loop
      vertex -1.30938959122 1.15323102474 0.0550157092512
      vertex -1.34980559349 1.21996486187 0.0775775909424
      vertex -1.27900671959 1.18654716015 0.0701559707522
    endloop
  endfacet
  facet normal -0.0508340857923 -0.69175696373 -0.72033894062
    outer loop
      vertex -1.73932409286 0.192271456122 0.0696085244417
      vertex -1.77002549171 0.210093200207 0.0904227495193
      vertex -1.74595165253 0.230450734496 0.109852328897
    endloop
  endfacet
  facet normal 0.143330559134 -0.668622016907 -0.729658126831
    outer loop
      vertex -1.73932409286 0.192271456122 0.0696085244417
      vertex -1.74595165253 0.230450734496 0.109852328897
      vertex -1.67656326294 0.214437544346 0.107251949608
    endloop
  endfacet
  facet normal 0.0147305214778 -0.975124418736 -0.221168294549
    outer loop
      vertex -1.73932409286 0.192271456122 0.0696085244417
      vertex -1.62641191483 0.133010953665 0.0578733161092
      vertex -1.75429654121 0.134460747242 0.0562702789903
    endloop
  endfacet
  facet normal 0.402322173119 -0.203155010939 -0.892672896385
    outer loop
      vertex -1.66031575203 0.207662075758 0.212951332331
      vertex -1.46154260635 0.11496540159 0.199282094836
      vertex -1.61173343658 0.167793855071 0.133979395032
    endloop
  endfacet
  facet normal -0.945293068886 -0.202764108777 -0.255553722382
    outer loop
      vertex -1.5161511898 0.660476982594 0.235660746694
      vertex -1.48859739304 0.704085290432 0.162165731192
      vertex -1.529743433 0.584125936031 0.202799260616
    endloop
  endfacet
  facet normal 0.712294995785 -0.059188272804 -0.699380099773
    outer loop
      vertex -1.52732825279 0.137143269181 0.097942404449
      vertex -1.50492882729 0.118805244565 0.150820240378
      vertex -1.49556136131 0.102511420846 0.0710208266973
    endloop
  endfacet
  facet normal -0.962567925453 -0.0755927711725 -0.26028573513
    outer loop
      vertex -1.39184880257 1.07303202152 0.232633277774
      vertex -1.45963096619 0.823090314865 0.235128834844
      vertex -1.48652267456 0.763637602329 0.372845739126
    endloop
  endfacet
  facet normal -0.926809966564 -0.220293805003 0.304128170013
    outer loop
      vertex -1.46553778648 0.893885314465 0.149941802025
      vertex -1.47017002106 0.954675912857 0.0855054110289
      vertex -1.45437955856 0.925260126591 0.0596826151013
    endloop
  endfacet
  facet normal -0.0903593748808 -0.856791138649 0.507685065269
    outer loop
      vertex -1.40187358856 0.747346758842 0.0648266002536
      vertex -1.43904471397 0.785390675068 0.0462041124701
      vertex -1.2866089344 0.742116868496 0.0557694211602
    endloop
  endfacet
  facet normal -0.87104177475 0.0717123895884 -0.485946059227
    outer loop
      vertex -1.91378462315 -0.03089537099 0.147471964359
      vertex -1.8727684021 0.0334845967591 0.209408923984
      vertex -1.89827883244 0.00562819000334 0.0883149728179
    endloop
  endfacet
  facet normal -0.798300862312 -0.471799880266 0.374326884747
    outer loop
      vertex -1.92161154747 -0.219730347395 0.0743851140141
      vertex -1.96442532539 -0.20315566659 0.13367703557
      vertex -1.94666659832 -0.174894079566 0.0812058970332
    endloop
  endfacet
  facet normal 0.152130007744 -0.624056041241 0.766427099705
    outer loop
      vertex -1.62828707695 -0.702360212803 0.0574171096087
      vertex -1.53590655327 -0.695090591908 0.0710091814399
      vertex -1.59946703911 -0.721517384052 0.0879703909159
    endloop
  endfacet
  facet normal 0.0272863451391 -0.995607554913 -0.0895603522658
    outer loop
      vertex -1.40073657036 -0.277078837156 0.0568745136261
      vertex -1.3453412056 -0.356939613819 0.0512088052928
      vertex -1.44920086861 -0.354603379965 0.0485725067556
    endloop
  endfacet
  facet normal 0.246846586466 -0.77123516798 -0.586739420891
    outer loop
      vertex -1.28713822365 -0.000943441700656 0.0846852064133
      vertex -1.25261592865 -0.0385790094733 0.0671022981405
      vertex -1.36499094963 -0.00141117570456 0.0594113171101
    endloop
  endfacet
  facet normal 0.391527146101 -0.836405396461 -0.383578568697
    outer loop
      vertex -1.29417300224 -0.210058316588 0.0500212088227
      vertex -1.33074307442 -0.14997549355 0.0604567117989
      vertex -1.30316901207 -0.154564872384 0.0712596103549
    endloop
  endfacet
  facet normal -0.0309396814555 -0.888062179089 0.45868101716
    outer loop
      vertex -1.22782802582 -0.35022342205 0.0518198311329
      vertex -1.24803853035 -0.393985062838 0.0751266926527
      vertex -1.2926633358 -0.330423772335 0.0438522174954
    endloop
  endfacet
  facet normal -0.118502691388 -0.986686468124 0.111386477947
    outer loop
      vertex -1.06327700615 1.08276963234 0.0777265876532
      vertex -1.1366751194 1.20365488529 0.0728951618075
      vertex -1.02886772156 1.17767691612 0.0628799498081
    endloop
  endfacet
  facet normal 0.108653821051 -0.58832937479 0.801288306713
    outer loop
      vertex -0.943420410156 1.25474107265 0.100580155849
      vertex -1.00486183167 1.25591540337 0.0876335725188
      vertex -0.941435277462 1.28629624844 0.0579694099724
    endloop
  endfacet
  facet normal -0.00738376006484 -0.988817095757 0.14895054698
    outer loop
      vertex -0.943420410156 1.25474107265 0.100580155849
      vertex -0.854220211506 1.167517066 0.113053061068
      vertex -0.954876840115 1.15888798237 0.115104541183
    endloop
  endfacet
  facet normal -0.547314107418 -0.419036179781 0.724469423294
    outer loop
      vertex -0.873370826244 1.20542132854 0.108892835677
      vertex -0.941435277462 1.28629624844 0.0579694099724
      vertex -0.849388182163 1.20850563049 0.0722360834479
    endloop
  endfacet
  facet normal -0.55730599165 -0.48210427165 -0.676007032394
    outer loop
      vertex -0.806885302067 1.17702615261 0.0716682523489
      vertex -0.858464002609 1.14070534706 0.0803633704782
      vertex -0.854220211506 1.167517066 0.113053061068
    endloop
  endfacet
  facet normal 0.761886775494 0.0916052162647 -0.64119964838
    outer loop
      vertex -0.59427523613 1.54281127453 0.16689427197
      vertex -0.55547785759 1.48960912228 0.216607302427
      vertex -0.565420866013 1.5142198801 0.127038240433
    endloop
  endfacet
  facet normal 0.0136411953717 -0.832629323006 -0.553662657738
    outer loop
      vertex -0.523549377918 1.26569640636 0.0788646787405
      vertex -0.475206702948 1.29604494572 0.0998371168971
      vertex -0.485006183386 1.22887337208 0.0550103709102
    endloop
  endfacet
  facet normal -0.290905684233 -0.906269967556 0.306673556566
    outer loop
      vertex -0.799370467663 0.476665765047 0.0538882948458
      vertex -0.770435750484 0.414580911398 0.0656094327569
      vertex -0.817722976208 0.4437751472 0.0709092020988
    endloop
  endfacet
  facet normal 0.0320099815726 -0.507965743542 0.860782325268
    outer loop
      vertex -0.770435750484 0.414580911398 0.0656094327569
      vertex -0.714070141315 0.411449581385 0.0744676217437
      vertex -0.748608291149 0.373429596424 0.136718586087
    endloop
  endfacet
  facet normal 0.27677744627 -0.718922436237 -0.637608647346
    outer loop
      vertex -1.25261592865 -0.0385790094733 0.0671022981405
      vertex -1.21695899963 -0.0369708165526 0.0822561457753
      vertex -1.17450356483 -0.0907106548548 0.0509394481778
    endloop
  endfacet
  facet normal 0.293318867683 -0.76638674736 -0.571502745152
    outer loop
      vertex -1.1767718792 0.0153502011672 0.187739551067
      vertex -1.15121722221 -0.056352108717 0.144050896168
      vertex -1.25680780411 -0.0125621110201 0.136292949319
    endloop
  endfacet
  facet normal 0.77064460516 -0.555433809757 0.312410324812
    outer loop
      vertex -1.19143629074 -0.280511528254 0.0631017461419
      vertex -1.19944524765 -0.342717081308 0.086977891624
      vertex -1.22782802582 -0.35022342205 0.0518198311329
    endloop
  endfacet
  facet normal 0.58360606432 -0.804625809193 -0.10945905
    outer loop
      vertex -1.15121722221 -0.056352108717 0.144050896168
      vertex -1.10410547256 -0.056069649756 0.178260147572
      vertex -1.10504031181 -0.116996727884 0.169293731451
    endloop
  endfacet
  facet normal 0.648227632046 -0.632910311222 0.423350334167
    outer loop
      vertex -1.13058280945 -0.163534790277 0.0791772305965
      vertex -1.17315506935 -0.229926615953 0.0799838453531
      vertex -1.17956399918 -0.195230036974 0.050211455673
    endloop
  endfacet
  facet normal -0.958599686623 -0.253980398178 0.128765702248
    outer loop
      vertex -2.97967195511 -1.39056539536 0.224042505026
      vertex -2.95963406563 -1.4646127224 0.185954526067
      vertex -2.97147154808 -1.4874253273 0.242198586464
    endloop
  endfacet
  facet normal -0.867853999138 -0.332413554192 0.369229823351
    outer loop
      vertex -2.97147154808 -1.4874253273 0.242198586464
      vertex -2.95963406563 -1.4646127224 0.185954526067
      vertex -2.93289589882 -1.54981410503 0.210785314441
    endloop
  endfacet
  facet normal -0.700950086117 -0.62167352438 0.349558264017
    outer loop
      vertex -2.97622346878 -1.32548332214 0.173402994871
      vertex -2.94230914116 -1.31011652946 0.126523315907
      vertex -2.93409657478 -1.3708486557 0.151412338018
    endloop
  endfacet
  facet normal 0.072391346097 -0.978459835052 -0.193328410387
    outer loop
      vertex -2.95431828499 -1.39755380154 0.188072487712
      vertex -2.87913799286 -1.41291737556 0.190599098802
      vertex -2.9342083931 -1.47514247894 0.174229994416
    endloop
  endfacet
  facet normal -0.0157486721873 -0.879559636116 0.475527942181
    outer loop
      vertex -2.86578011513 -1.54238951206 0.205569505692
      vertex -2.86371827126 -1.59929728508 0.236299440265
      vertex -2.93289589882 -1.54981410503 0.210785314441
    endloop
  endfacet
  facet normal 0.332952976227 -0.934659123421 -0.124718032777
    outer loop
      vertex -2.87913799286 -1.41291737556 0.190599098802
      vertex -2.78033638 -1.42318212986 0.224425435066
      vertex -2.82509231567 -1.46403515339 0.203030765057
    endloop
  endfacet
  facet normal -0.0880194082856 -0.970755398273 0.223353043199
    outer loop
      vertex -2.77987861633 -0.982659399509 0.0429839678109
      vertex -2.80663895607 -1.08903169632 0.069884672761
      vertex -2.88541460037 -1.06943941116 0.072519518435
    endloop
  endfacet
  facet normal 0.0241900440305 -0.842231154442 0.538573563099
    outer loop
      vertex -2.68962264061 -1.30598044395 0.19033460319
      vertex -2.77730178833 -1.26977550983 0.164664685726
      vertex -2.72391629219 -1.24725222588 0.151795268059
    endloop
  endfacet
  facet normal 0.12475515157 -0.861374676228 0.492412269115
    outer loop
      vertex -2.68962264061 -1.30598044395 0.19033460319
      vertex -2.72391629219 -1.24725222588 0.151795268059
      vertex -2.61822795868 -1.26756000519 0.178711503744
    endloop
  endfacet
  facet normal 0.198272421956 -0.91956359148 0.339250415564
    outer loop
      vertex -2.58388733864 -1.27601182461 0.202076599002
      vertex -2.57656478882 -1.33646476269 0.225958094001
      vertex -2.68962264061 -1.30598044395 0.19033460319
    endloop
  endfacet
  facet normal 0.109633006155 -0.96891105175 0.221792668104
    outer loop
      vertex -2.52881455421 -1.55161595345 0.301849663258
      vertex -2.36689901352 -1.55342125893 0.320583760738
      vertex -2.55807828903 -1.63280510902 0.317123383284
    endloop
  endfacet
  facet normal 0.162634432316 -0.609980762005 0.775547206402
    outer loop
      vertex -2.43794035912 -1.22216153145 0.251731395721
      vertex -2.52894663811 -1.23394930363 0.242454364896
      vertex -2.49105715752 -1.20824623108 0.219876945019
    endloop
  endfacet
  facet normal 0.159117907286 -0.95943570137 0.232732847333
    outer loop
      vertex -2.49653553963 -1.6699937582 0.334989249706
      vertex -2.27999353409 -1.5881601572 0.351051151752
      vertex -2.37679171562 -1.69535183907 0.360999375582
    endloop
  endfacet
  facet normal -0.42797267437 -0.855340719223 0.291944473982
    outer loop
      vertex -2.37309932709 -1.0839189291 0.162474408746
      vertex -2.36951756477 -1.22666299343 0.209403589368
      vertex -2.41684913635 -1.19738149643 0.223091751337
    endloop
  endfacet
  facet normal -0.115384683013 -0.942769706249 0.312844544649
    outer loop
      vertex -2.33161401749 -1.07920908928 0.155834153295
      vertex -2.36951756477 -1.22666299343 0.209403589368
      vertex -2.37309932709 -1.0839189291 0.162474408746
    endloop
  endfacet
  facet normal 0.63236784935 -0.749714970589 0.195034325123
    outer loop
      vertex -2.28897476196 -1.24098682404 0.248047754169
      vertex -2.30543041229 -1.36115086079 0.265427798033
      vertex -2.31745004654 -1.24176263809 0.224231302738
    endloop
  endfacet
  facet normal 0.224837735295 -0.923139035702 -0.311868995428
    outer loop
      vertex -2.2596552372 -0.928557991982 0.151388555765
      vertex -2.29641819 -0.976174533367 0.126348108053
      vertex -2.30586481094 -0.921225786209 0.142610937357
    endloop
  endfacet
  facet normal -0.263740450144 -0.938154041767 0.224294349551
    outer loop
      vertex -2.17085075378 -1.13540112972 0.183783173561
      vertex -2.20441412926 -1.28450131416 0.228865683079
      vertex -2.21631240845 -1.19124615192 0.209915116429
    endloop
  endfacet
  facet normal 0.886544644833 0.271463543177 -0.374627947807
    outer loop
      vertex -2.11095833778 -1.13410651684 0.1987157166
      vertex -2.13939785957 -1.0674932003 0.199665009975
      vertex -2.15910983086 -1.03541588783 0.219772607088
    endloop
  endfacet
  facet normal 0.215486079454 -0.970754981041 -0.105832584202
    outer loop
      vertex -2.13939785957 -1.0674932003 0.199665009975
      vertex -2.11095833778 -1.13410651684 0.1987157166
      vertex -2.18486237526 -1.07745850086 0.188486471772
    endloop
  endfacet
  facet normal 0.196192204952 -0.856975436211 0.476551860571
    outer loop
      vertex -2.79628777504 -1.81631088257 0.280781120062
      vertex -2.75261497498 -1.87715148926 0.324611991644
      vertex -2.800126791 -1.89568352699 0.324040263891
    endloop
  endfacet
  facet normal -0.239151701331 -0.935922324657 0.258565068245
    outer loop
      vertex -2.10492610931 -1.44096899033 0.275621622801
      vertex -2.1609249115 -1.37197101116 0.270868808031
      vertex -2.08430123329 -1.34093391895 0.242714986205
    endloop
  endfacet
  facet normal 0.887129187584 -0.0915097743273 -0.452358037233
    outer loop
      vertex -2.11095833778 -1.13410651684 0.1987157166
      vertex -2.15910983086 -1.03541588783 0.219772607088
      vertex -2.09799981117 -1.14823496342 0.254499703646
    endloop
  endfacet
  facet normal 0.223290532827 -0.857898175716 0.46276563406
    outer loop
      vertex -2.17851161957 -1.32516956329 0.242193251848
      vertex -2.12208914757 -1.21445512772 0.19715732336
      vertex -2.08221697807 -1.25364613533 0.228675439954
    endloop
  endfacet
  facet normal 0.933063149452 -0.347485721111 0.0929886549711
    outer loop
      vertex -2.08306670189 -1.21117568016 0.215028524399
      vertex -2.07229828835 -1.25757539272 0.256360441446
      vertex -2.08221697807 -1.25364613533 0.228675439954
    endloop
  endfacet
  facet normal 0.405934900045 -0.871427834034 0.275373160839
    outer loop
      vertex -2.04742741585 -1.33351576328 0.245128512383
      vertex -2.01908540726 -1.37447452545 0.271274060011
      vertex -2.05591917038 -1.42802727222 0.271038681269
    endloop
  endfacet
  facet normal 0.958761036396 -0.0271800179034 -0.282910734415
    outer loop
      vertex -2.0057182312 -1.41615331173 0.308968931437
      vertex -2.01908540726 -1.37447452545 0.271274060011
      vertex -2.0325191021 -1.32505321503 0.311823129654
    endloop
  endfacet
  facet normal 0.866359055042 -0.180180698633 0.46578630805
    outer loop
      vertex -2.01327133179 -1.44768452644 0.354163050652
      vertex -2.03232622147 -1.46979224682 0.319692701101
      vertex -2.0057182312 -1.41615331173 0.308968931437
    endloop
  endfacet
  facet normal -0.40729290247 0.0370522737503 -0.912545681
    outer loop
      vertex -2.52631855011 -1.08038973808 1.40368235111
      vertex -2.52706623077 -1.07864701748 1.35254251957
      vertex -2.59630036354 -1.11098980904 1.38805186749
    endloop
  endfacet
  facet normal 0.843613266945 0.505884647369 0.179992690682
    outer loop
      vertex -0.93172699213 0.288179904222 0.703630566597
      vertex -0.953591704369 0.413145005703 0.784554481506
      vertex -0.99504929781 0.36230713129 0.835601210594
    endloop
  endfacet
  facet normal -0.821562826633 0.157487437129 -0.547934472561
    outer loop
      vertex -1.56711304188 0.504031658173 0.889581203461
      vertex -1.59948563576 0.490936398506 0.766264975071
      vertex -1.71751725674 0.307948440313 0.78718739748
    endloop
  endfacet
  facet normal 0.627354502678 0.199421957135 0.752766370773
    outer loop
      vertex -1.45374035835 -0.631056308746 0.66421765089
      vertex -1.32773542404 -0.545808494091 0.589611709118
      vertex -1.28852248192 -0.493024766445 0.66549795866
    endloop
  endfacet
  facet normal 0.863375127316 0.113654308021 0.491595476866
    outer loop
      vertex -1.26519465446 -0.475108712912 0.565781652927
      vertex -1.13855195045 -0.244180798531 0.602585971355
      vertex -1.28852248192 -0.493024766445 0.66549795866
    endloop
  endfacet
  facet normal 0.910556077957 0.109769970179 0.398545026779
    outer loop
      vertex -1.13855195045 -0.244180798531 0.602585971355
      vertex -1.03366541862 0.0202177278697 0.692498147488
      vertex -1.13925743103 -0.223470449448 0.683631718159
    endloop
  endfacet
  facet normal -0.076390683651 0.250050634146 0.965214550495
    outer loop
      vertex -1.57882583141 -0.671819090843 0.671458721161
      vertex -1.76135134697 -0.660338163376 0.660014212132
      vertex -1.70465564728 -0.67833596468 0.607861936092
    endloop
  endfacet
  facet normal 0.361364215612 0.847059249878 -0.389751911163
    outer loop
      vertex -1.11351072788 0.505507588387 0.915572404861
      vertex -1.06192672253 0.478044211864 0.906202673912
      vertex -1.07514941692 0.523480772972 0.890937209129
    endloop
  endfacet
  facet normal 0.864876568317 0.346598356962 0.36312264204
    outer loop
      vertex -1.03366541862 0.0202177278697 0.692498147488
      vertex -0.960202932358 0.146448925138 0.641434431076
      vertex -0.988344192505 0.159593224525 0.725427091122
    endloop
  endfacet
  facet normal 0.877613902092 0.471047639847 0.0889268666506
    outer loop
      vertex -0.970456242561 0.240746468306 0.766832768917
      vertex -0.93172699213 0.288179904222 0.703630566597
      vertex -0.99504929781 0.36230713129 0.835601210594
    endloop
  endfacet
  facet normal 0.893273413181 0.288962543011 0.344330221415
    outer loop
      vertex -0.970456242561 0.240746468306 0.766832768917
      vertex -0.988344192505 0.159593224525 0.725427091122
      vertex -0.93172699213 0.288179904222 0.703630566597
    endloop
  endfacet
  facet normal 0.335868686438 0.670184135437 -0.661850035191
    outer loop
      vertex 0.667585194111 1.13733947277 8.74325942993
      vertex 0.553827643394 1.22658586502 8.71213340759
      vertex 0.407462745905 0.981362462044 9.0276594162
    endloop
  endfacet
  facet normal -0.928008317947 -0.364007622004 -0.0793661475182
    outer loop
      vertex 0.485211640596 0.536941230297 8.41449546814
      vertex 0.626741290092 1.09510087967 8.17537498474
      vertex 0.643998026848 0.868065297604 8.08187866211
    endloop
  endfacet
  facet normal -0.371407389641 0.160105794668 -0.914561450481
    outer loop
      vertex 0.643998026848 0.868065297604 8.08187866211
      vertex 0.717558085918 0.910374999046 8.01083755493
      vertex 0.59862601757 0.874948918819 7.93730545044
    endloop
  endfacet
  facet normal 0.325523108244 0.665894448757 -0.671281814575
    outer loop
      vertex 0.667585194111 1.13733947277 8.74325942993
      vertex 0.407462745905 0.981362462044 9.0276594162
      vertex 0.493807762861 0.729558050632 9.2392911911
    endloop
  endfacet
  facet normal -0.937131166458 -0.320512264967 0.13804744184
    outer loop
      vertex 0.59862601757 0.874948918819 7.93730545044
      vertex 0.633024096489 0.824490964413 7.85846328735
      vertex 0.485211640596 0.536941230297 8.41449546814
    endloop
  endfacet
  facet normal -0.648714363575 0.188797831535 0.737241506577
    outer loop
      vertex 0.59862601757 0.874948918819 7.93730545044
      vertex 0.492537409067 0.93308275938 7.79979038239
      vertex 0.633024096489 0.824490964413 7.85846328735
    endloop
  endfacet
  facet normal -0.255969077349 0.516385734081 -0.817205965519
    outer loop
      vertex 0.553827643394 1.22658586502 8.71213340759
      vertex 0.347785234451 1.18831038475 8.67057228088
      vertex 0.407462745905 0.981362462044 9.0276594162
    endloop
  endfacet
  facet normal -0.635189533234 0.579901337624 -0.510145783424
    outer loop
      vertex 0.22814117372 0.907681703568 8.89605903625
      vertex 0.407462745905 0.981362462044 9.0276594162
      vertex 0.175336629152 1.1714618206 8.60616970062
    endloop
  endfacet
  facet normal -0.910520255566 0.184161156416 -0.370185822248
    outer loop
      vertex 0.332802444696 0.440925687551 9.54129886627
      vertex 0.349880874157 0.677501142025 9.15019226074
      vertex 0.227172955871 0.245440796018 9.41199874878
    endloop
  endfacet
  facet normal -0.272105008364 0.516141355038 -0.812131166458
    outer loop
      vertex 0.175336629152 1.1714618206 8.60616970062
      vertex 0.407462745905 0.981362462044 9.0276594162
      vertex 0.347785234451 1.18831038475 8.67057228088
    endloop
  endfacet
  facet normal -0.93308699131 0.33951407671 0.118654303253
    outer loop
      vertex 0.22814117372 0.907681703568 8.89605903625
      vertex 0.320286333561 0.512780427933 9.01129055023
      vertex 0.349880874157 0.677501142025 9.15019226074
    endloop
  endfacet
  facet normal 0.698254585266 0.378719896078 -0.607463419437
    outer loop
      vertex 0.493807762861 0.729558050632 9.2392911911
      vertex 0.702592790127 0.365088522434 9.43895530701
      vertex 0.714919626713 0.565775513649 9.09432792664
    endloop
  endfacet
  facet normal 0.750887989998 0.294170260429 -0.591296136379
    outer loop
      vertex 0.527846872807 0.557932198048 9.49738025665
      vertex 0.702592790127 0.365088522434 9.43895530701
      vertex 0.493807762861 0.729558050632 9.2392911911
    endloop
  endfacet
  facet normal -0.333991527557 0.552082061768 -0.763973236084
    outer loop
      vertex 0.493807762861 0.729558050632 9.2392911911
      vertex 0.332802444696 0.440925687551 9.54129886627
      vertex 0.527846872807 0.557932198048 9.49738025665
    endloop
  endfacet
  facet normal -0.64358907938 0.65973418951 -0.387999862432
    outer loop
      vertex 0.407462745905 0.981362462044 9.0276594162
      vertex 0.22814117372 0.907681703568 8.89605903625
      vertex 0.349880874157 0.677501142025 9.15019226074
    endloop
  endfacet
  facet normal -0.965291142464 -0.0800653100014 0.248601257801
    outer loop
      vertex 0.22814117372 0.907681703568 8.89605903625
      vertex 0.315436720848 0.60724812746 8.77643871307
      vertex 0.320286333561 0.512780427933 9.01129055023
    endloop
  endfacet
  facet normal -0.85965359211 -0.510876595974 0.000886142428499
    outer loop
      vertex 0.626741290092 1.09510087967 8.17537498474
      vertex 0.485211640596 0.536941230297 8.41449546814
      vertex 0.426043719053 0.825249254704 8.51355743408
    endloop
  endfacet
  facet normal -0.658105432987 -0.47644624114 0.583006203175
    outer loop
      vertex 0.543840110302 0.340078234673 8.57440567017
      vertex 0.485211640596 0.536941230297 8.41449546814
      vertex 0.633024096489 0.824490964413 7.85846328735
    endloop
  endfacet
  facet normal -0.376657396555 -0.680079579353 0.628984093666
    outer loop
      vertex 0.315436720848 0.60724812746 8.77643871307
      vertex 0.171952202916 1.07601857185 8.42235565186
      vertex 0.426043719053 0.825249254704 8.51355743408
    endloop
  endfacet
  facet normal 0.832480490208 -0.030800178647 -0.553197622299
    outer loop
      vertex 0.290727972984 1.2510560751 8.25537014008
      vertex 0.203574165702 1.38207781315 8.25300312042
      vertex 0.347785234451 1.18831038475 8.67057228088
    endloop
  endfacet
  facet normal -0.990538358688 0.0771648734808 0.113487191498
    outer loop
      vertex 0.175336629152 1.1714618206 8.60616970062
      vertex 0.171952202916 1.07601857185 8.42235565186
      vertex 0.22814117372 0.907681703568 8.89605903625
    endloop
  endfacet
  facet normal 0.366752594709 -0.536108732224 0.760315716267
    outer loop
      vertex 0.171952202916 1.07601857185 8.42235565186
      vertex 0.152961105108 1.25704848766 8.15262508392
      vertex 0.290727972984 1.2510560751 8.25537014008
    endloop
  endfacet
  facet normal 0.870960950851 -0.310524970293 0.380790293217
    outer loop
      vertex 0.843976795673 0.992673754692 8.04181671143
      vertex 0.812557935715 0.682294368744 8.33430480957
      vertex 0.747738182545 0.860315859318 7.93419408798
    endloop
  endfacet
  facet normal -0.977317094803 -0.210272699594 -0.0252333376557
    outer loop
      vertex 0.617140054703 1.29713332653 8.2442445755
      vertex 0.681836783886 1.42884910107 7.95934963226
      vertex 0.626741290092 1.09510087967 8.17537498474
    endloop
  endfacet
  facet normal -0.910616576672 0.261776834726 -0.319766134024
    outer loop
      vertex 0.681836783886 1.42884910107 7.95934963226
      vertex 0.629043400288 1.32214295864 7.90604639053
      vertex 0.626741290092 1.09510087967 8.17537498474
    endloop
  endfacet
  facet normal 0.944512844086 -0.235133811831 -0.229363501072
    outer loop
      vertex 0.828751862049 1.2547980547 8.04076004028
      vertex 0.676523447037 1.50782155991 7.67608547211
      vertex 0.804004073143 1.37264573574 8.05630588531
    endloop
  endfacet
  facet normal 0.849109828472 -0.490482389927 0.196060046554
    outer loop
      vertex 0.828751862049 1.2547980547 8.04076004028
      vertex 0.724447071552 1.30192363262 7.84135293961
      vertex 0.676523447037 1.50782155991 7.67608547211
    endloop
  endfacet
  facet normal -0.88815677166 0.38859000802 -0.245306640863
    outer loop
      vertex 0.681836783886 1.42884910107 7.95934963226
      vertex 0.581123650074 1.53161334991 7.66428852081
      vertex 0.629043400288 1.32214295864 7.90604639053
    endloop
  endfacet
  facet normal -0.0561732128263 0.0972557663918 -0.993672907352
    outer loop
      vertex 0.834660232067 1.12247562408 8.01577568054
      vertex 0.662916600704 1.12163722515 7.92514562607
      vertex 0.626741290092 1.09510087967 8.17537498474
    endloop
  endfacet
  facet normal -0.535701692104 -0.0527787953615 -0.842756211758
    outer loop
      vertex 0.717558085918 0.910374999046 8.01083755493
      vertex 0.643998026848 0.868065297604 8.08187866211
      vertex 0.843976795673 0.992673754692 8.04181671143
    endloop
  endfacet
  facet normal 0.35645365715 -0.55605328083 0.750829875469
    outer loop
      vertex 0.843976795673 0.992673754692 8.04181671143
      vertex 0.643998026848 0.868065297604 8.08187866211
      vertex 0.663178145885 1.1205406189 7.75326061249
    endloop
  endfacet
  facet normal -0.895710885525 -0.432125091553 -0.10473741591
    outer loop
      vertex 0.617140054703 1.29713332653 8.2442445755
      vertex 0.626741290092 1.09510087967 8.17537498474
      vertex 0.522807478905 1.3282481432 8.44731903076
    endloop
  endfacet
  facet normal -0.969929933548 -0.0698342174292 -0.233150362968
    outer loop
      vertex 0.320286333561 0.512780427933 9.01129055023
      vertex 0.227172955871 0.245440796018 9.41199874878
      vertex 0.349880874157 0.677501142025 9.15019226074
    endloop
  endfacet
  facet normal 0.144286826253 0.34692388773 -0.926728188992
    outer loop
      vertex 0.791864573956 1.0586938858 8.20395278931
      vertex 0.834660232067 1.12247562408 8.01577568054
      vertex 0.626741290092 1.09510087967 8.17537498474
    endloop
  endfacet
  facet normal -0.967329084873 -0.179935082793 0.17859941721
    outer loop
      vertex 0.227172955871 0.245440796018 9.41199874878
      vertex 0.299310743809 0.104297913611 9.16428184509
      vertex 0.321944236755 -0.113906897604 9.25918960571
    endloop
  endfacet
  facet normal -0.885584414005 -0.357827603817 0.296141207218
    outer loop
      vertex 0.516437113285 -0.0782246813178 9.27645587921
      vertex 0.592120230198 -0.0296474732459 9.04894542694
      vertex 0.58083152771 -0.193167597055 9.21221446991
    endloop
  endfacet
  facet normal -0.622412502766 -0.355891942978 0.697096586227
    outer loop
      vertex 0.592120230198 -0.0296474732459 9.04894542694
      vertex 0.516437113285 -0.0782246813178 9.27645587921
      vertex 0.464312016964 0.16073872149 8.8995513916
    endloop
  endfacet
  facet normal -0.365049242973 0.685944139957 -0.629459857941
    outer loop
      vertex 0.834660232067 1.12247562408 8.01577568054
      vertex 0.720154106617 1.26251256466 7.82633161545
      vertex 0.662916600704 1.12163722515 7.92514562607
    endloop
  endfacet
  facet normal 0.693925321102 0.586502015591 -0.417711704969
    outer loop
      vertex 0.667585194111 1.13733947277 8.74325942993
      vertex 0.493807762861 0.729558050632 9.2392911911
      vertex 0.714919626713 0.565775513649 9.09432792664
    endloop
  endfacet
  facet normal 0.676450133324 -0.125663995743 -0.725688517094
    outer loop
      vertex 0.734734296799 1.71325075626 7.85238695145
      vertex 0.793568313122 1.67881631851 7.97023773193
      vertex 0.782934546471 1.66501069069 7.83327102661
    endloop
  endfacet
  facet normal 0.642684876919 -0.428661584854 0.63498455286
    outer loop
      vertex 0.782934546471 1.66501069069 7.83327102661
      vertex 0.772817909718 1.45291531086 8.13228416443
      vertex 0.72389960289 1.5296036005 7.9453420639
    endloop
  endfacet
  facet normal 0.992246568203 -0.121246509254 -0.0273139271885
    outer loop
      vertex 0.714919626713 0.565775513649 9.09432792664
      vertex 0.736448228359 0.163354814053 9.17985630035
      vertex 0.690464198589 0.23690533638 8.82010555267
    endloop
  endfacet
  facet normal -0.465079903603 0.364235281944 -0.80686634779
    outer loop
      vertex 0.710220217705 1.5175204277 8.26733779907
      vertex 0.522807478905 1.3282481432 8.44731903076
      vertex 0.553827643394 1.22658586502 8.71213340759
    endloop
  endfacet
  facet normal 0.922597885132 0.34855902195 -0.165286913514
    outer loop
      vertex 0.793568313122 1.67881631851 7.97023773193
      vertex 0.710220217705 1.5175204277 8.26733779907
      vertex 0.772817909718 1.45291531086 8.13228416443
    endloop
  endfacet
  facet normal -0.965827226639 -0.25508248806 0.0459422320127
    outer loop
      vertex 0.227172955871 0.245440796018 9.41199874878
      vertex 0.320286333561 0.512780427933 9.01129055023
      vertex 0.299310743809 0.104297913611 9.16428184509
    endloop
  endfacet
  facet normal 0.994658708572 0.0448569469154 0.0929618626833
    outer loop
      vertex 0.794430017471 0.633018493652 8.63415431976
      vertex 0.812557935715 0.682294368744 8.33430480957
      vertex 0.847851932049 1.08020663261 8.37633228302
    endloop
  endfacet
  facet normal -0.780961751938 -0.532632410526 0.326192378998
    outer loop
      vertex 0.72389960289 1.5296036005 7.9453420639
      vertex 0.617140054703 1.29713332653 8.2442445755
      vertex 0.673027396202 1.62625443935 7.96074199677
    endloop
  endfacet
  facet normal 0.862058997154 0.369509398937 -0.346867471933
    outer loop
      vertex 0.667585194111 1.13733947277 8.74325942993
      vertex 0.751914381981 0.796667635441 8.86631774902
      vertex 0.847851932049 1.08020663261 8.37633228302
    endloop
  endfacet
  facet normal -0.737433671951 -0.544756650925 0.39928907156
    outer loop
      vertex 0.464312016964 0.16073872149 8.8995513916
      vertex 0.46717518568 -0.144255489111 9.11922645569
      vertex 0.299310743809 0.104297913611 9.16428184509
    endloop
  endfacet
  facet normal 0.388217657804 0.596165657043 -0.702761352062
    outer loop
      vertex 0.667585194111 1.13733947277 8.74325942993
      vertex 0.710220217705 1.5175204277 8.26733779907
      vertex 0.553827643394 1.22658586502 8.71213340759
    endloop
  endfacet
  facet normal 0.837774515152 0.474452704191 -0.270237833261
    outer loop
      vertex 0.492137014866 0.403571099043 9.64835643768
      vertex 0.690853238106 0.11376773566 9.46253490448
      vertex 0.527846872807 0.557932198048 9.49738025665
    endloop
  endfacet
  facet normal -0.832565307617 -0.451933503151 -0.320298522711
    outer loop
      vertex 0.522807478905 1.3282481432 8.44731903076
      vertex 0.412371575832 1.08639729023 8.47936058044
      vertex 0.347785234451 1.18831038475 8.67057228088
    endloop
  endfacet
  facet normal -0.740891933441 0.261962771416 -0.618429124355
    outer loop
      vertex 0.485211640596 0.536941230297 8.41449546814
      vertex 0.643998026848 0.868065297604 8.08187866211
      vertex 0.59862601757 0.874948918819 7.93730545044
    endloop
  endfacet
  facet normal 0.900330722332 0.219855904579 -0.375590085983
    outer loop
      vertex 0.764552295208 1.28001272678 8.3761138916
      vertex 0.847851932049 1.08020663261 8.37633228302
      vertex 0.804004073143 1.37264573574 8.05630588531
    endloop
  endfacet
  facet normal 0.780748486519 -0.0550828538835 0.622412741184
    outer loop
      vertex 0.794430017471 0.633018493652 8.63415431976
      vertex 0.70172816515 0.545274853706 8.3116569519
      vertex 0.812557935715 0.682294368744 8.33430480957
    endloop
  endfacet
  facet normal -0.555882394314 0.648624897003 -0.519885122776
    outer loop
      vertex 0.717558085918 0.910374999046 8.01083755493
      vertex 0.492537409067 0.93308275938 7.79979038239
      vertex 0.59862601757 0.874948918819 7.93730545044
    endloop
  endfacet
  facet normal 0.895520508289 -0.244448110461 0.371871113777
    outer loop
      vertex 0.828751862049 1.2547980547 8.04076004028
      vertex 0.847851932049 1.08020663261 8.37633228302
      vertex 0.791864573956 1.0586938858 8.20395278931
    endloop
  endfacet
  facet normal 0.994694828987 0.0759692713618 -0.0693600922823
    outer loop
      vertex 0.702592790127 0.365088522434 9.43895530701
      vertex 0.736448228359 0.163354814053 9.17985630035
      vertex 0.714919626713 0.565775513649 9.09432792664
    endloop
  endfacet
  facet normal 0.388985157013 -0.237425148487 -0.890123486519
    outer loop
      vertex 0.843976795673 0.992673754692 8.04181671143
      vertex 0.791864573956 1.0586938858 8.20395278931
      vertex 0.847851932049 1.08020663261 8.37633228302
    endloop
  endfacet
  facet normal -0.86380982399 -0.331483393908 0.37940916419
    outer loop
      vertex 0.315436720848 0.60724812746 8.77643871307
      vertex 0.485211640596 0.536941230297 8.41449546814
      vertex 0.464312016964 0.16073872149 8.8995513916
    endloop
  endfacet
  facet normal -0.582613229752 0.709470629692 -0.396501272917
    outer loop
      vertex 0.493807762861 0.729558050632 9.2392911911
      vertex 0.407462745905 0.981362462044 9.0276594162
      vertex 0.349880874157 0.677501142025 9.15019226074
    endloop
  endfacet
  facet normal -0.90769213438 -0.417443454266 0.0428482294083
    outer loop
      vertex 0.426043719053 0.825249254704 8.51355743408
      vertex 0.485211640596 0.536941230297 8.41449546814
      vertex 0.315436720848 0.60724812746 8.77643871307
    endloop
  endfacet
  facet normal 0.233865126967 -0.965539932251 0.114191837609
    outer loop
      vertex 0.426043719053 0.825249254704 8.51355743408
      vertex 0.171952202916 1.07601857185 8.42235565186
      vertex 0.412371575832 1.08639729023 8.47936058044
    endloop
  endfacet
  facet normal 0.75227200985 -0.365709513426 0.548035979271
    outer loop
      vertex 0.747738182545 0.860315859318 7.93419408798
      vertex 0.812557935715 0.682294368744 8.33430480957
      vertex 0.70172816515 0.545274853706 8.3116569519
    endloop
  endfacet
  facet normal 0.180712014437 -0.535620689392 0.824896156788
    outer loop
      vertex 0.70172816515 0.545274853706 8.3116569519
      vertex 0.543840110302 0.340078234673 8.57440567017
      vertex 0.633024096489 0.824490964413 7.85846328735
    endloop
  endfacet
  facet normal -0.95881575346 0.0129020083696 0.283735513687
    outer loop
      vertex 0.22814117372 0.907681703568 8.89605903625
      vertex 0.171952202916 1.07601857185 8.42235565186
      vertex 0.315436720848 0.60724812746 8.77643871307
    endloop
  endfacet
  facet normal -0.260782450438 0.479008972645 -0.83817833662
    outer loop
      vertex 0.175336629152 1.1714618206 8.60616970062
      vertex 0.347785234451 1.18831038475 8.67057228088
      vertex 0.203574165702 1.38207781315 8.25300312042
    endloop
  endfacet
  facet normal -0.5204205513 0.406293898821 -0.751057744026
    outer loop
      vertex 0.175336629152 1.1714618206 8.60616970062
      vertex 0.203574165702 1.38207781315 8.25300312042
      vertex 0.0831053107977 1.31654298306 8.21984004974
    endloop
  endfacet
  facet normal -0.961349248886 0.140613555908 0.236718043685
    outer loop
      vertex 0.0831053107977 1.31654298306 8.21984004974
      vertex 0.171952202916 1.07601857185 8.42235565186
      vertex 0.175336629152 1.1714618206 8.60616970062
    endloop
  endfacet
  facet normal 0.473428010941 -0.668269217014 0.57383108139
    outer loop
      vertex 0.290727972984 1.2510560751 8.25537014008
      vertex 0.152961105108 1.25704848766 8.15262508392
      vertex 0.21332924068 1.35016286373 8.11543655396
    endloop
  endfacet
  facet normal 0.831206977367 -0.0690409317613 -0.55165964365
    outer loop
      vertex 0.203574165702 1.38207781315 8.25300312042
      vertex 0.290727972984 1.2510560751 8.25537014008
      vertex 0.21332924068 1.35016286373 8.11543655396
    endloop
  endfacet
  facet normal -0.772664070129 -0.315363258123 0.550941228867
    outer loop
      vertex 0.171952202916 1.07601857185 8.42235565186
      vertex 0.0831053107977 1.31654298306 8.21984004974
      vertex 0.152961105108 1.25704848766 8.15262508392
    endloop
  endfacet
  facet normal -0.51982152462 0.337356060743 -0.78484171629
    outer loop
      vertex 0.203574165702 1.38207781315 8.25300312042
      vertex 0.126145079732 1.38550055027 8.12573242188
      vertex 0.0831053107977 1.31654298306 8.21984004974
    endloop
  endfacet
  facet normal 0.349771022797 -0.188113182783 -0.917754709721
    outer loop
      vertex 0.126145079732 1.38550055027 8.12573242188
      vertex 0.203574165702 1.38207781315 8.25300312042
      vertex 0.21332924068 1.35016286373 8.11543655396
    endloop
  endfacet
  facet normal -0.7787129879 -0.561383545399 0.280097454786
    outer loop
      vertex 0.126145079732 1.38550055027 8.12573242188
      vertex 0.152961105108 1.25704848766 8.15262508392
      vertex 0.0831053107977 1.31654298306 8.21984004974
    endloop
  endfacet
  facet normal 0.689855992794 -0.48736011982 0.535330533981
    outer loop
      vertex 0.791864573956 1.0586938858 8.20395278931
      vertex 0.724447071552 1.30192363262 7.84135293961
      vertex 0.828751862049 1.2547980547 8.04076004028
    endloop
  endfacet
  facet normal -0.458900660276 -0.434529483318 0.774980187416
    outer loop
      vertex 0.791864573956 1.0586938858 8.20395278931
      vertex 0.629043400288 1.32214295864 7.90604639053
      vertex 0.724447071552 1.30192363262 7.84135293961
    endloop
  endfacet
  facet normal 0.978781819344 0.0479391701519 -0.199218437076
    outer loop
      vertex 0.804004073143 1.37264573574 8.05630588531
      vertex 0.847851932049 1.08020663261 8.37633228302
      vertex 0.828751862049 1.2547980547 8.04076004028
    endloop
  endfacet
  facet normal 0.227630600333 0.257538765669 -0.939072966576
    outer loop
      vertex 0.804004073143 1.37264573574 8.05630588531
      vertex 0.676523447037 1.50782155991 7.67608547211
      vertex 0.681836783886 1.42884910107 7.95934963226
    endloop
  endfacet
  facet normal -0.946417987347 -0.0828549936414 0.312134683132
    outer loop
      vertex 0.629043400288 1.32214295864 7.90604639053
      vertex 0.581123650074 1.53161334991 7.66428852081
      vertex 0.612560510635 1.45028829575 7.61156988144
    endloop
  endfacet
  facet normal 0.2033752352 0.259399056435 -0.94411367178
    outer loop
      vertex 0.681836783886 1.42884910107 7.95934963226
      vertex 0.676523447037 1.50782155991 7.67608547211
      vertex 0.581123650074 1.53161334991 7.66428852081
    endloop
  endfacet
  facet normal 0.791559040546 -0.553140819073 0.259749054909
    outer loop
      vertex 0.676523447037 1.50782155991 7.67608547211
      vertex 0.724447071552 1.30192363262 7.84135293961
      vertex 0.612560510635 1.45028829575 7.61156988144
    endloop
  endfacet
  facet normal 0.242674931884 -0.768530488014 -0.592004835606
    outer loop
      vertex 0.581123650074 1.53161334991 7.66428852081
      vertex 0.676523447037 1.50782155991 7.67608547211
      vertex 0.612560510635 1.45028829575 7.61156988144
    endloop
  endfacet
  facet normal -0.997316658497 -0.00198469683528 -0.0731812343001
    outer loop
      vertex 0.643998026848 0.868065297604 8.08187866211
      vertex 0.662916600704 1.12163722515 7.92514562607
      vertex 0.663178145885 1.1205406189 7.75326061249
    endloop
  endfacet
  facet normal 0.884030520916 -0.236152052879 -0.403388440609
    outer loop
      vertex 0.720154106617 1.26251256466 7.82633161545
      vertex 0.834660232067 1.12247562408 8.01577568054
      vertex 0.707127928734 1.21444392204 7.69545888901
    endloop
  endfacet
  facet normal -0.592190623283 0.52656263113 -0.609952509403
    outer loop
      vertex 0.720154106617 1.26251256466 7.82633161545
      vertex 0.591853022575 1.29538249969 7.64396429062
      vertex 0.662916600704 1.12163722515 7.92514562607
    endloop
  endfacet
  facet normal 0.52036011219 -0.596724867821 0.610855817795
    outer loop
      vertex 0.707127928734 1.21444392204 7.69545888901
      vertex 0.843976795673 0.992673754692 8.04181671143
      vertex 0.663178145885 1.1205406189 7.75326061249
    endloop
  endfacet
  facet normal 0.636077463627 -0.321030288935 -0.701673030853
    outer loop
      vertex 0.720154106617 1.26251256466 7.82633161545
      vertex 0.707127928734 1.21444392204 7.69545888901
      vertex 0.591853022575 1.29538249969 7.64396429062
    endloop
  endfacet
  facet normal -0.926137149334 0.000996893504634 0.377185642719
    outer loop
      vertex 0.663178145885 1.1205406189 7.75326061249
      vertex 0.662916600704 1.12163722515 7.92514562607
      vertex 0.591853022575 1.29538249969 7.64396429062
    endloop
  endfacet
  facet normal 0.00928226113319 -0.849615633488 0.527320742607
    outer loop
      vertex 0.707127928734 1.21444392204 7.69545888901
      vertex 0.663178145885 1.1205406189 7.75326061249
      vertex 0.591853022575 1.29538249969 7.64396429062
    endloop
  endfacet
  facet normal -0.786740899086 -0.54659473896 -0.286832630634
    outer loop
      vertex 0.626741290092 1.09510087967 8.17537498474
      vertex 0.412371575832 1.08639729023 8.47936058044
      vertex 0.522807478905 1.3282481432 8.44731903076
    endloop
  endfacet
  facet normal 0.845800936222 -0.208509355783 0.491064816713
    outer loop
      vertex 0.736448228359 0.163354814053 9.17985630035
      vertex 0.592120230198 -0.0296474732459 9.04894542694
      vertex 0.690464198589 0.23690533638 8.82010555267
    endloop
  endfacet
  facet normal 0.985033392906 0.171947151423 -0.0119735663757
    outer loop
      vertex 0.794430017471 0.633018493652 8.63415431976
      vertex 0.751914381981 0.796667635441 8.86631774902
      vertex 0.714919626713 0.565775513649 9.09432792664
    endloop
  endfacet
  facet normal -0.528015553951 0.422537118196 -0.736655890942
    outer loop
      vertex 0.332802444696 0.440925687551 9.54129886627
      vertex 0.493807762861 0.729558050632 9.2392911911
      vertex 0.349880874157 0.677501142025 9.15019226074
    endloop
  endfacet
  facet normal 0.196053057909 0.295053511858 -0.935150563717
    outer loop
      vertex 0.804004073143 1.37264573574 8.05630588531
      vertex 0.681836783886 1.42884910107 7.95934963226
      vertex 0.764552295208 1.28001272678 8.3761138916
    endloop
  endfacet
  facet normal 0.848856151104 -0.343627303839 0.401700854301
    outer loop
      vertex 0.592120230198 -0.0296474732459 9.04894542694
      vertex 0.736448228359 0.163354814053 9.17985630035
      vertex 0.58083152771 -0.193167597055 9.21221446991
    endloop
  endfacet
  facet normal 0.916247546673 0.0788884907961 0.392768442631
    outer loop
      vertex 0.58083152771 -0.193167597055 9.21221446991
      vertex 0.736448228359 0.163354814053 9.17985630035
      vertex 0.690853238106 0.11376773566 9.46253490448
    endloop
  endfacet
  facet normal 0.499231219292 -0.845610737801 -0.188972577453
    outer loop
      vertex 0.492537409067 0.93308275938 7.79979038239
      vertex 0.747738182545 0.860315859318 7.93419408798
      vertex 0.633024096489 0.824490964413 7.85846328735
    endloop
  endfacet
  facet normal -0.0568339079618 -0.643774867058 0.763101458549
    outer loop
      vertex 0.626741290092 1.09510087967 8.17537498474
      vertex 0.629043400288 1.32214295864 7.90604639053
      vertex 0.791864573956 1.0586938858 8.20395278931
    endloop
  endfacet
  facet normal 0.38217574358 -0.525875091553 0.759866476059
    outer loop
      vertex 0.764552295208 1.28001272678 8.3761138916
      vertex 0.617140054703 1.29713332653 8.2442445755
      vertex 0.772817909718 1.45291531086 8.13228416443
    endloop
  endfacet
  facet normal 0.13787946105 -0.452288389206 0.881149530411
    outer loop
      vertex 0.464312016964 0.16073872149 8.8995513916
      vertex 0.543840110302 0.340078234673 8.57440567017
      vertex 0.690464198589 0.23690533638 8.82010555267
    endloop
  endfacet
  facet normal 0.98760330677 0.153734505177 0.0317087247968
    outer loop
      vertex 0.736448228359 0.163354814053 9.17985630035
      vertex 0.702592790127 0.365088522434 9.43895530701
      vertex 0.690853238106 0.11376773566 9.46253490448
    endloop
  endfacet
  facet normal 0.995907306671 0.0119069106877 0.0895924270153
    outer loop
      vertex 0.843976795673 0.992673754692 8.04181671143
      vertex 0.847851932049 1.08020663261 8.37633228302
      vertex 0.812557935715 0.682294368744 8.33430480957
    endloop
  endfacet
  facet normal 0.821010649204 -0.0266408268362 -0.570290982723
    outer loop
      vertex 0.290727972984 1.2510560751 8.25537014008
      vertex 0.347785234451 1.18831038475 8.67057228088
      vertex 0.412371575832 1.08639729023 8.47936058044
    endloop
  endfacet
  facet normal -0.210013270378 -0.94723546505 0.242155835032
    outer loop
      vertex 0.21332924068 1.35016286373 8.11543655396
      vertex 0.152961105108 1.25704848766 8.15262508392
      vertex 0.126145079732 1.38550055027 8.12573242188
    endloop
  endfacet
  facet normal -0.412115186453 -0.344066411257 0.843670189381
    outer loop
      vertex 0.629043400288 1.32214295864 7.90604639053
      vertex 0.612560510635 1.45028829575 7.61156988144
      vertex 0.724447071552 1.30192363262 7.84135293961
    endloop
  endfacet
  facet normal 0.928250968456 -0.371868818998 0.00797924678773
    outer loop
      vertex 0.707127928734 1.21444392204 7.69545888901
      vertex 0.834660232067 1.12247562408 8.01577568054
      vertex 0.843976795673 0.992673754692 8.04181671143
    endloop
  endfacet
  facet normal 0.958340108395 0.258864969015 -0.120719142258
    outer loop
      vertex 0.834660232067 1.12247562408 8.01577568054
      vertex 0.791864573956 1.0586938858 8.20395278931
      vertex 0.843976795673 0.992673754692 8.04181671143
    endloop
  endfacet
  facet normal -0.511562287807 0.34166187048 -0.788397848606
    outer loop
      vertex 0.710220217705 1.5175204277 8.26733779907
      vertex 0.734734296799 1.71325075626 7.85238695145
      vertex 0.673027396202 1.62625443935 7.96074199677
    endloop
  endfacet
  facet normal -0.223264530301 0.366829633713 -0.903099656105
    outer loop
      vertex 0.764552295208 1.28001272678 8.3761138916
      vertex 0.681836783886 1.42884910107 7.95934963226
      vertex 0.617140054703 1.29713332653 8.2442445755
    endloop
  endfacet
  facet normal -0.651251733303 -0.482399135828 0.585800528526
    outer loop
      vertex 0.464312016964 0.16073872149 8.8995513916
      vertex 0.485211640596 0.536941230297 8.41449546814
      vertex 0.543840110302 0.340078234673 8.57440567017
    endloop
  endfacet
  facet normal 0.540912389755 -0.499099880457 0.676988244057
    outer loop
      vertex 0.747738182545 0.860315859318 7.93419408798
      vertex 0.70172816515 0.545274853706 8.3116569519
      vertex 0.633024096489 0.824490964413 7.85846328735
    endloop
  endfacet
  facet normal -0.0544662326574 -0.767458736897 0.638780534267
    outer loop
      vertex 0.464312016964 0.16073872149 8.8995513916
      vertex 0.690464198589 0.23690533638 8.82010555267
      vertex 0.592120230198 -0.0296474732459 9.04894542694
    endloop
  endfacet
  facet normal 0.18500494957 -0.645318686962 0.741172671318
    outer loop
      vertex 0.412371575832 1.08639729023 8.47936058044
      vertex 0.171952202916 1.07601857185 8.42235565186
      vertex 0.290727972984 1.2510560751 8.25537014008
    endloop
  endfacet
  facet normal 0.29323849082 -0.821527719498 0.488981962204
    outer loop
      vertex 0.625173926353 0.98509478569 7.81617593765
      vertex 0.747738182545 0.860315859318 7.93419408798
      vertex 0.492537409067 0.93308275938 7.79979038239
    endloop
  endfacet
  facet normal 0.139510080218 0.345943719149 0.927825331688
    outer loop
      vertex 0.321944236755 -0.113906897604 9.25918960571
      vertex 0.46717518568 -0.144255489111 9.11922645569
      vertex 0.516437113285 -0.0782246813178 9.27645587921
    endloop
  endfacet
  facet normal 0.959190130234 -0.233636453748 0.159274369478
    outer loop
      vertex 0.46717518568 -0.144255489111 9.11922645569
      vertex 0.464312016964 0.16073872149 8.8995513916
      vertex 0.516437113285 -0.0782246813178 9.27645587921
    endloop
  endfacet
  facet normal 0.761458337307 -0.116626620293 -0.637635827065
    outer loop
      vertex 0.625173926353 0.98509478569 7.81617593765
      vertex 0.717558085918 0.910374999046 8.01083755493
      vertex 0.747738182545 0.860315859318 7.93419408798
    endloop
  endfacet
  facet normal 0.758058190346 -0.489907026291 -0.430510044098
    outer loop
      vertex -0.970456242561 0.240746468306 0.766832768917
      vertex -0.99504929781 0.36230713129 0.835601210594
      vertex -0.962361454964 0.280139178038 0.813975036144
    endloop
  endfacet
  facet normal 0.0806906446815 -0.931739151478 -0.35404971242
    outer loop
      vertex -1.76135134697 -0.660338163376 0.660014212132
      vertex -1.57882583141 -0.671819090843 0.671458721161
      vertex -1.66054821014 -0.73382461071 0.640820026398
    endloop
  endfacet
  facet normal -0.226902931929 -0.959900081158 -0.164641842246
    outer loop
      vertex -1.14079475403 -0.431348204613 0.623009026051
      vertex -1.06045031548 -0.242366090417 0.636431217194
      vertex -1.08161211014 -0.354598075151 0.62218350172
    endloop
  endfacet
  facet normal -0.288790613413 -0.916270077229 -0.277577280998
    outer loop
      vertex -1.03366541862 0.0202177278697 0.692498147488
      vertex -1.00468075275 0.00985927134752 0.680224716663
      vertex -1.03719651699 -0.102122485638 0.656548976898
    endloop
  endfacet
  facet normal -0.276737511158 -0.91117054224 -0.305261552334
    outer loop
      vertex -1.03366541862 0.0202177278697 0.692498147488
      vertex -0.988344192505 0.159593224525 0.725427091122
      vertex -1.00468075275 0.00985927134752 0.680224716663
    endloop
  endfacet
  facet normal 0.964181065559 -0.217652291059 0.151599258184
    outer loop
      vertex -1.04107832909 -0.313902914524 0.653612315655
      vertex -1.02057266235 -0.179926991463 0.651133716106
      vertex -1.01307177544 -0.238743960857 0.725329041481
    endloop
  endfacet
  facet normal -0.119488142431 -0.972109913826 -0.201804056764
    outer loop
      vertex -2.51834416389 -1.01628494263 1.3760997057
      vertex -2.64471673965 -1.09089505672 1.37614440918
      vertex -2.6035284996 -1.0297960043 1.38376545906
    endloop
  endfacet
  facet normal -0.0500790216029 -0.970939934254 -0.234025076032
    outer loop
      vertex -2.47349095345 -0.952566385269 1.38914442062
      vertex -2.39937663078 -0.935951590538 1.389326334
      vertex -2.51834416389 -1.01628494263 1.3760997057
    endloop
  endfacet
  facet normal 0.491816848516 -0.867400944233 -0.0757085382938
    outer loop
      vertex -1.71751725674 0.307948440313 0.78718739748
      vertex -1.62543427944 0.509424507618 0.856983721256
      vertex -1.56711304188 0.504031658173 0.889581203461
    endloop
  endfacet
  facet normal 0.364663332701 -0.837997972965 0.405931144953
    outer loop
      vertex -2.52631855011 -1.08038973808 1.40368235111
      vertex -2.59630036354 -1.11098980904 1.38805186749
      vertex -2.51834416389 -1.01628494263 1.3760997057
    endloop
  endfacet
  facet normal -0.305816292763 -0.923523962498 -0.231473326683
    outer loop
      vertex -1.13925743103 -0.223470449448 0.683631718159
      vertex -1.13782286644 -0.290350079536 0.666393876076
      vertex -1.28852248192 -0.493024766445 0.66549795866
    endloop
  endfacet
  facet normal -0.336552262306 -0.410994410515 0.847240328789
    outer loop
      vertex -4.44270467758 -0.400555193424 9.27835178375
      vertex -4.48541784286 -0.387030512094 9.28544807434
      vertex -4.45326757431 -0.33162689209 9.1449098587
    endloop
  endfacet
  facet normal -0.172491058707 -0.441241085529 0.880654931068
    outer loop
      vertex -4.44270467758 -0.400555193424 9.27835178375
      vertex -4.45326757431 -0.33162689209 9.1449098587
      vertex -4.42730522156 -0.29923465848 9.07011032104
    endloop
  endfacet
  facet normal -0.878413200378 -0.386534899473 0.281035631895
    outer loop
      vertex -4.4085521698 1.02152216434 7.61132860184
      vertex -4.37317466736 0.985331952572 7.55724430084
      vertex -4.4171204567 0.92299592495 7.70243501663
    endloop
  endfacet
  facet normal -0.217441096902 -0.446220576763 0.868105173111
    outer loop
      vertex -4.32116556168 0.922672867775 7.65380144119
      vertex -4.37317466736 0.985331952572 7.55724430084
      vertex -4.32113170624 0.980532109737 7.54122209549
    endloop
  endfacet
  facet normal 0.861347019672 -0.378250449896 0.339128166437
    outer loop
      vertex -4.28727579117 0.840891838074 7.80429697037
      vertex -4.32116556168 0.922672867775 7.65380144119
      vertex -4.28737020493 0.939112722874 7.71602010727
    endloop
  endfacet
  facet normal 0.639311790466 -0.677686691284 -0.363347202539
    outer loop
      vertex -4.30846738815 0.635246634483 7.95296430588
      vertex -4.27297782898 0.664028584957 8.00187587738
      vertex -4.23892736435 0.592134952545 7.99545192719
    endloop
  endfacet
  facet normal 0.619609415531 -0.385455071926 -0.683745980263
    outer loop
      vertex -4.16920471191 0.711569666862 8.40769767761
      vertex -4.10788631439 0.680999875069 8.45203876495
      vertex -4.11522960663 0.610811650753 8.31573009491
    endloop
  endfacet
  facet normal -0.874236881733 0.187280446291 -0.447924017906
    outer loop
      vertex -4.46406173706 0.548816025257 8.5013551712
      vertex -4.55055570602 0.379809290171 8.50181388855
      vertex -4.44946718216 0.347937315702 9.04993057251
    endloop
  endfacet
  facet normal 0.918328881264 -0.395736277103 0.00805146060884
    outer loop
      vertex -4.14394330978 0.697148740292 8.1570224762
      vertex -4.18356323242 0.578257679939 8.06750106812
      vertex -4.21185159683 0.758305907249 7.99819278717
    endloop
  endfacet
  facet normal -0.447493880987 0.469168901443 -0.761334180832
    outer loop
      vertex -4.3207783699 0.911454856396 8.04852485657
      vertex -4.38708972931 1.0633597374 7.73877668381
      vertex -4.40390014648 0.951007306576 7.90506029129
    endloop
  endfacet
  facet normal -0.0576332397759 0.449502080679 -0.891418099403
    outer loop
      vertex -4.3207783699 0.911454856396 8.04852485657
      vertex -4.32357645035 1.06314885616 7.74733829498
      vertex -4.38708972931 1.0633597374 7.73877668381
    endloop
  endfacet
  facet normal 0.713324427605 -0.560435652733 0.420808970928
    outer loop
      vertex -4.26679182053 1.01099526882 7.58751249313
      vertex -4.32113170624 0.980532109737 7.54122209549
      vertex -4.28790950775 1.05341732502 7.52878093719
    endloop
  endfacet
  facet normal 0.12040322274 -0.96801429987 0.220116764307
    outer loop
      vertex -4.34573888779 1.058604002 7.52040863037
      vertex -4.28790950775 1.05341732502 7.52878093719
      vertex -4.32113170624 0.980532109737 7.54122209549
    endloop
  endfacet
  facet normal -0.305343329906 -0.891754508018 0.33397513628
    outer loop
      vertex -4.37317466736 0.985331952572 7.55724430084
      vertex -4.34573888779 1.058604002 7.52040863037
      vertex -4.32113170624 0.980532109737 7.54122209549
    endloop
  endfacet
  facet normal -0.897290766239 0.266512721777 -0.351909518242
    outer loop
      vertex -4.40390014648 0.951007306576 7.90506029129
      vertex -4.42633104324 0.897395670414 7.90033054352
      vertex -4.37810850143 0.816449284554 8.1695690155
    endloop
  endfacet
  facet normal 0.235393375158 -0.76400321722 0.600740432739
    outer loop
      vertex -4.27297782898 0.664028584957 8.00187587738
      vertex -4.36262321472 0.758493602276 7.89997720718
      vertex -4.27566289902 0.712986707687 7.96255254745
    endloop
  endfacet
  facet normal -0.452801585197 -0.358468294144 0.81637686491
    outer loop
      vertex -4.3666768074 0.70610499382 8.02440738678
      vertex -4.36262321472 0.758493602276 7.89997720718
      vertex -4.27297782898 0.664028584957 8.00187587738
    endloop
  endfacet
  facet normal 0.986315310001 0.0761443674564 0.14623324573
    outer loop
      vertex -4.28737020493 0.939112722874 7.71602010727
      vertex -4.26679182053 1.01099526882 7.58751249313
      vertex -4.27729177475 1.01579296589 7.73273277283
    endloop
  endfacet
  facet normal 0.959369897842 -0.248703628778 -0.133251234889
    outer loop
      vertex -4.26679182053 1.01099526882 7.58751249313
      vertex -4.28790950775 1.05341732502 7.52878093719
      vertex -4.27221918106 1.07596492767 7.60138607025
    endloop
  endfacet
  facet normal 0.669629991055 -0.495950967073 0.55283665657
    outer loop
      vertex -4.28727579117 0.840891838074 7.80429697037
      vertex -4.21185159683 0.758305907249 7.99819278717
      vertex -4.27566289902 0.712986707687 7.96255254745
    endloop
  endfacet
  facet normal 0.915755152702 -0.280975550413 -0.287132799625
    outer loop
      vertex -4.23097133636 0.869599282742 8.04961013794
      vertex -4.14394330978 0.697148740292 8.1570224762
      vertex -4.21185159683 0.758305907249 7.99819278717
    endloop
  endfacet
  facet normal 0.39437302947 0.337013661861 -0.854922056198
    outer loop
      vertex -4.23097133636 0.869599282742 8.04961013794
      vertex -4.3207783699 0.911454856396 8.04852485657
      vertex -4.25428533554 0.744465112686 8.3943271637
    endloop
  endfacet
  facet normal -0.466352403164 0.403194278479 -0.787368893623
    outer loop
      vertex -4.21954298019 0.680027544498 8.61938095093
      vertex -4.37810850143 0.816449284554 8.1695690155
      vertex -4.37044477463 0.640123426914 8.52276706696
    endloop
  endfacet
  facet normal -0.43919479847 -0.49263843894 0.751275777817
    outer loop
      vertex -4.47998428345 -0.297721356153 8.81727790833
      vertex -4.55928850174 -0.253121286631 8.8199634552
      vertex -4.54733085632 -0.128948450089 8.6199388504
    endloop
  endfacet
  facet normal -0.813212990761 -0.139622315764 -0.564969241619
    outer loop
      vertex -4.42642450333 1.02074193954 7.71226549149
      vertex -4.34809017181 1.10322678089 7.58978509903
      vertex -4.4085521698 1.02152216434 7.61132860184
    endloop
  endfacet
  facet normal -0.731928467751 -0.00927991140634 -0.681318283081
    outer loop
      vertex -4.42642450333 1.02074193954 7.71226549149
      vertex -4.38708972931 1.0633597374 7.73877668381
      vertex -4.34809017181 1.10322678089 7.58978509903
    endloop
  endfacet
  facet normal -0.0306063555181 0.250880718231 -0.967534065247
    outer loop
      vertex -4.38708972931 1.0633597374 7.73877668381
      vertex -4.32357645035 1.06314885616 7.74733829498
      vertex -4.34809017181 1.10322678089 7.58978509903
    endloop
  endfacet
  facet normal -0.990039229393 -0.062405154109 0.12620601058
    outer loop
      vertex -4.4171204567 0.92299592495 7.70243501663
      vertex -4.41735219955 0.830032169819 7.89411830902
      vertex -4.42633104324 0.897395670414 7.90033054352
    endloop
  endfacet
  facet normal -0.748458862305 -0.290127396584 0.596351802349
    outer loop
      vertex -4.41735219955 0.830032169819 7.89411830902
      vertex -4.4171204567 0.92299592495 7.70243501663
      vertex -4.36262321472 0.758493602276 7.89997720718
    endloop
  endfacet
  facet normal -0.0320922397077 -0.558294713497 0.829021751881
    outer loop
      vertex -4.36262321472 0.758493602276 7.89997720718
      vertex -4.32116556168 0.922672867775 7.65380144119
      vertex -4.27566289902 0.712986707687 7.96255254745
    endloop
  endfacet
  facet normal 0.860907554626 -0.134379923344 0.490693569183
    outer loop
      vertex -4.30295753479 -0.230892434716 8.87458705902
      vertex -4.20779561996 -0.0453917570412 8.80688095093
      vertex -4.20053052902 -0.0705371573567 8.94524288177
    endloop
  endfacet
  facet normal 0.49696329236 -0.270281225443 0.8246062994
    outer loop
      vertex -4.38850164413 -0.296674817801 8.84669589996
      vertex -4.38004207611 -0.211719796062 8.60305976868
      vertex -4.28423643112 -0.170554563403 8.65362453461
    endloop
  endfacet
  facet normal -0.738034427166 -0.44724163413 0.505252540112
    outer loop
      vertex -4.54733085632 -0.128948450089 8.6199388504
      vertex -4.54434490204 0.0267256610096 8.4391450882
      vertex -4.47227907181 -0.135762512684 8.50378704071
    endloop
  endfacet
  facet normal -0.980031311512 -0.0966144055128 0.173793718219
    outer loop
      vertex -4.54434490204 0.0267256610096 8.4391450882
      vertex -4.58842992783 0.171540275216 8.6258354187
      vertex -4.56254959106 0.204548954964 8.30393505096
    endloop
  endfacet
  facet normal -0.879563391209 0.145661070943 -0.452936023474
    outer loop
      vertex -4.51254463196 0.580540657043 8.10716247559
      vertex -4.55055570602 0.379809290171 8.50181388855
      vertex -4.45875310898 0.65615862608 8.19684410095
    endloop
  endfacet
  facet normal -0.895763337612 -0.298460185528 0.329438269138
    outer loop
      vertex -4.54434490204 0.0267256610096 8.4391450882
      vertex -4.54733085632 -0.128948450089 8.6199388504
      vertex -4.5948882103 -0.0624658055604 8.68928909302
    endloop
  endfacet
  facet normal -0.850964009762 -0.219614341855 0.477105617523
    outer loop
      vertex -4.61272382736 -0.24849063158 8.94884586334
      vertex -4.58289289474 -0.328879058361 9.00789833069
      vertex -4.64666652679 -0.294505208731 9.18033313751
    endloop
  endfacet
  facet normal -0.977677345276 -0.208040475845 0.0294302105904
    outer loop
      vertex -4.54434490204 0.0267256610096 8.4391450882
      vertex -4.5948882103 -0.0624658055604 8.68928909302
      vertex -4.58842992783 0.171540275216 8.6258354187
    endloop
  endfacet
  facet normal -0.22497522831 -0.451586961746 0.863397598267
    outer loop
      vertex -4.47998428345 -0.297721356153 8.81727790833
      vertex -4.47227907181 -0.135762512684 8.50378704071
      vertex -4.38004207611 -0.211719796062 8.60305976868
    endloop
  endfacet
  facet normal -0.987881183624 -0.0649697110057 -0.140959829092
    outer loop
      vertex -4.56254959106 0.204548954964 8.30393505096
      vertex -4.58842992783 0.171540275216 8.6258354187
      vertex -4.55055570602 0.379809290171 8.50181388855
    endloop
  endfacet
  facet normal -0.880798637867 0.143683373928 -0.451163858175
    outer loop
      vertex -4.45875310898 0.65615862608 8.19684410095
      vertex -4.55055570602 0.379809290171 8.50181388855
      vertex -4.46406173706 0.548816025257 8.5013551712
    endloop
  endfacet
  facet normal -0.28866276145 -0.564399242401 0.773386895657
    outer loop
      vertex -4.36262321472 0.758493602276 7.89997720718
      vertex -4.4171204567 0.92299592495 7.70243501663
      vertex -4.32116556168 0.922672867775 7.65380144119
    endloop
  endfacet
  facet normal -0.994369149208 -0.0577727667987 0.088838852942
    outer loop
      vertex -4.4171204567 0.92299592495 7.70243501663
      vertex -4.42633104324 0.897395670414 7.90033054352
      vertex -4.42642450333 1.02074193954 7.71226549149
    endloop
  endfacet
  facet normal -0.99699473381 -0.00783264357597 -0.0770725235343
    outer loop
      vertex -4.56254959106 0.204548954964 8.30393505096
      vertex -4.55055570602 0.379809290171 8.50181388855
      vertex -4.54001712799 0.48115748167 8.1576385498
    endloop
  endfacet
  facet normal -0.381895840168 -0.311058342457 0.870286285877
    outer loop
      vertex -4.47227907181 -0.135762512684 8.50378704071
      vertex -4.40595006943 -0.0765848830342 8.25678443909
      vertex -4.38004207611 -0.211719796062 8.60305976868
    endloop
  endfacet
  facet normal 0.732791244984 -0.0887026116252 0.674647152424
    outer loop
      vertex -4.29451465607 0.106262393296 7.94808769226
      vertex -4.36965322495 0.0248064044863 7.9468832016
      vertex -4.37057352066 0.0430722646415 7.80035638809
    endloop
  endfacet
  facet normal 0.118429712951 -0.160758197308 -0.979862868786
    outer loop
      vertex -4.29739522934 0.174316465855 7.61397838593
      vertex -4.38072872162 0.205118000507 7.74033021927
      vertex -4.1832985878 0.158283576369 7.60030794144
    endloop
  endfacet
  facet normal 0.430075973272 0.0745751485229 0.899707257748
    outer loop
      vertex -4.13988447189 0.0579401068389 7.56423091888
      vertex -4.173869133 0.0473773293197 7.63278770447
      vertex -4.21681165695 0.0231047570705 7.58760261536
    endloop
  endfacet
  facet normal 0.259920924902 -0.431816071272 0.863699018955
    outer loop
      vertex -4.13988447189 0.0579401068389 7.56423091888
      vertex -4.21681165695 0.0231047570705 7.58760261536
      vertex -4.19955778122 0.0494820699096 7.54522943497
    endloop
  endfacet
  facet normal -0.3925819695 -0.595934510231 0.700529396534
    outer loop
      vertex -4.21681165695 0.0231047570705 7.58760261536
      vertex -4.34669923782 0.0570115558803 7.63331031799
      vertex -4.19955778122 0.0494820699096 7.54522943497
    endloop
  endfacet
  facet normal 0.705713152885 0.708359062672 0.0140138268471
    outer loop
      vertex -4.25057649612 0.0854875445366 7.71057128906
      vertex -4.22531938553 0.136157810688 7.68641090393
      vertex -4.32972288132 0.170340791345 7.79110050201
    endloop
  endfacet
  facet normal 0.118108317256 -0.59207034111 0.79718452692
    outer loop
      vertex -4.38300323486 0.458644300699 7.90703487396
      vertex -4.46493053436 0.518170177937 7.81054401398
      vertex -4.36087560654 0.518748819828 7.83052206039
    endloop
  endfacet
  facet normal -0.965043842793 -0.151413068175 0.213926181197
    outer loop
      vertex -4.50974273682 0.0197189338505 8.22850513458
      vertex -4.54434490204 0.0267256610096 8.4391450882
      vertex -4.56254959106 0.204548954964 8.30393505096
    endloop
  endfacet
  facet normal -0.885962545872 -0.13073758781 0.444947272539
    outer loop
      vertex -4.50974273682 0.0197189338505 8.22850513458
      vertex -4.47227907181 -0.135762512684 8.50378704071
      vertex -4.54434490204 0.0267256610096 8.4391450882
    endloop
  endfacet
  facet normal 0.567569315434 -0.267862737179 -0.778533637524
    outer loop
      vertex -4.06568813324 0.59573161602 8.37687301636
      vertex -3.98584508896 0.553667724133 8.42379379272
      vertex -4.11522960663 0.610811650753 8.31573009491
    endloop
  endfacet
  facet normal -0.128209918737 -0.121887616813 0.984228432178
    outer loop
      vertex -4.36965322495 0.0248064044863 7.9468832016
      vertex -4.42542982101 0.0523871779442 7.7828412056
      vertex -4.37057352066 0.0430722646415 7.80035638809
    endloop
  endfacet
  facet normal -0.729699015617 -0.202932313085 0.652960836887
    outer loop
      vertex -4.46536016464 0.105272203684 7.75625801086
      vertex -4.42542982101 0.0523871779442 7.7828412056
      vertex -4.46632575989 0.0369041524827 7.9797129631
    endloop
  endfacet
  facet normal 0.378193646669 0.233637675643 -0.895758330822
    outer loop
      vertex -4.1832985878 0.158283576369 7.60030794144
      vertex -4.38072872162 0.205118000507 7.74033021927
      vertex -4.32972288132 0.170340791345 7.79110050201
    endloop
  endfacet
  facet normal 0.707940220833 0.706086397171 0.0162075906992
    outer loop
      vertex -4.22531938553 0.136157810688 7.68641090393
      vertex -4.25057649612 0.0854875445366 7.71057128906
      vertex -4.173869133 0.0473773293197 7.63278770447
    endloop
  endfacet
  facet normal -0.778538167477 -0.626256585121 -0.0410008914769
    outer loop
      vertex -4.53230619431 0.260486364365 8.02093791962
      vertex -4.44424772263 0.223917752504 7.90907287598
      vertex -4.5142827034 0.156657546759 7.99173402786
    endloop
  endfacet
  facet normal -0.646579384804 -0.348165661097 -0.67876046896
    outer loop
      vertex -4.50917816162 0.363641351461 7.90846586227
      vertex -4.51217222214 0.437711298466 8.05842781067
      vertex -4.4588804245 0.428394049406 7.94129514694
    endloop
  endfacet
  facet normal -0.18883061409 -0.437911868095 -0.878963112831
    outer loop
      vertex -4.50917816162 0.363641351461 7.90846586227
      vertex -4.54001712799 0.48115748167 8.1576385498
      vertex -4.51217222214 0.437711298466 8.05842781067
    endloop
  endfacet
  facet normal -0.991600334644 -0.128714859486 -0.0126992585137
    outer loop
      vertex -4.50917816162 0.363641351461 7.90846586227
      vertex -4.56254959106 0.204548954964 8.30393505096
      vertex -4.54001712799 0.48115748167 8.1576385498
    endloop
  endfacet
  facet normal 0.973404288292 -0.0288692917675 0.227267712355
    outer loop
      vertex -4.15379095078 0.13705457747 8.88696956635
      vertex -4.16362047195 0.0785676315427 9.01596641541
      vertex -4.20053052902 -0.0705371573567 8.94524288177
    endloop
  endfacet
  facet normal -0.224646791816 0.554108500481 -0.801559448242
    outer loop
      vertex -4.2952747345 0.538579463959 8.82330226898
      vertex -4.36410808563 0.405702203512 8.9876127243
      vertex -4.31017160416 0.393192797899 9.02757549286
    endloop
  endfacet
  facet normal 0.942663192749 -0.17366181314 0.285004764795
    outer loop
      vertex -4.13982105255 0.175505831838 8.50743865967
      vertex -4.11332941055 0.138435393572 8.71207714081
      vertex -4.21516132355 -0.0667212754488 8.49601078033
    endloop
  endfacet
  facet normal -0.646501123905 -0.164282917976 0.745015084743
    outer loop
      vertex -4.50974273682 0.0197189338505 8.22850513458
      vertex -4.46632575989 0.0369041524827 7.9797129631
      vertex -4.40595006943 -0.0765848830342 8.25678443909
    endloop
  endfacet
  facet normal -0.982293725014 -0.131376281381 0.13356372714
    outer loop
      vertex -4.56254959106 0.204548954964 8.30393505096
      vertex -4.53230619431 0.260486364365 8.02093791962
      vertex -4.5142827034 0.156657546759 7.99173402786
    endloop
  endfacet
  facet normal -0.987632989883 -0.0787494033575 -0.135571599007
    outer loop
      vertex -4.50917816162 0.363641351461 7.90846586227
      vertex -4.53230619431 0.260486364365 8.02093791962
      vertex -4.56254959106 0.204548954964 8.30393505096
    endloop
  endfacet
  facet normal 0.909448623657 0.20755673945 0.360310196877
    outer loop
      vertex -4.15379095078 0.13705457747 8.88696956635
      vertex -4.20779561996 -0.0453917570412 8.80688095093
      vertex -4.11332941055 0.138435393572 8.71207714081
    endloop
  endfacet
  facet normal 0.288944214582 0.653934895992 -0.699199795723
    outer loop
      vertex -4.23908233643 0.348700433969 9.04373645782
      vertex -4.21838331223 0.418484389782 8.95997619629
      vertex -4.31017160416 0.393192797899 9.02757549286
    endloop
  endfacet
  facet normal 0.891466975212 0.00995718035847 0.452976286411
    outer loop
      vertex -4.11332941055 0.138435393572 8.71207714081
      vertex -4.20779561996 -0.0453917570412 8.80688095093
      vertex -4.21516132355 -0.0667212754488 8.49601078033
    endloop
  endfacet
  facet normal 0.941417574883 -0.181482210755 0.284248381853
    outer loop
      vertex -4.13982105255 0.175505831838 8.50743865967
      vertex -4.21516132355 -0.0667212754488 8.49601078033
      vertex -4.19789266586 0.0641287267208 8.38064479828
    endloop
  endfacet
  facet normal 0.839351832867 0.190163969994 0.509240806103
    outer loop
      vertex -4.00332307816 0.321377903223 8.71642971039
      vertex -4.15379095078 0.13705457747 8.88696956635
      vertex -4.11332941055 0.138435393572 8.71207714081
    endloop
  endfacet
  facet normal 0.66368496418 0.723825633526 -0.188676342368
    outer loop
      vertex -4.10087919235 0.530093550682 8.85014533997
      vertex -4.13507843018 0.338309019804 8.93149471283
      vertex -3.937530756 0.522437036037 8.70236492157
    endloop
  endfacet
  facet normal -0.723139047623 -0.202484458685 -0.66035592556
    outer loop
      vertex -3.8774933815 0.987486600876 8.40051460266
      vertex -4.01325798035 0.852599740028 8.44547271729
      vertex -4.21954298019 0.680027544498 8.61938095093
    endloop
  endfacet
  facet normal 0.624636232853 -0.652093231678 0.429655700922
    outer loop
      vertex -4.13050270081 0.521816372871 8.28818511963
      vertex -4.02444458008 0.382385998964 8.48164653778
      vertex -4.13982105255 0.175505831838 8.50743865967
    endloop
  endfacet
  facet normal 0.889757812023 -0.374442636967 0.261005312204
    outer loop
      vertex -4.13050270081 0.521816372871 8.28818511963
      vertex -4.13982105255 0.175505831838 8.50743865967
      vertex -4.20271253586 0.308505773544 8.26528739929
    endloop
  endfacet
  facet normal -0.939338445663 -0.247072011232 -0.237904787064
    outer loop
      vertex -4.46932220459 0.182842448354 7.84601306915
      vertex -4.46536016464 0.105272203684 7.75625801086
      vertex -4.5142827034 0.156657546759 7.99173402786
    endloop
  endfacet
  facet normal -0.918650746346 -0.184446960688 0.349370986223
    outer loop
      vertex -4.50974273682 0.0197189338505 8.22850513458
      vertex -4.5142827034 0.156657546759 7.99173402786
      vertex -4.46632575989 0.0369041524827 7.9797129631
    endloop
  endfacet
  facet normal 0.767251372337 -0.209153756499 0.606283783913
    outer loop
      vertex -4.00028038025 0.318979799747 8.60342979431
      vertex -4.11332941055 0.138435393572 8.71207714081
      vertex -4.13982105255 0.175505831838 8.50743865967
    endloop
  endfacet
  facet normal 0.529856681824 -0.325791031122 0.783014774323
    outer loop
      vertex -4.33503770828 -0.0999494940042 8.30302238464
      vertex -4.36965322495 0.0248064044863 7.9468832016
      vertex -4.28653430939 -0.0052994643338 8.15442276001
    endloop
  endfacet
  facet normal 0.783397376537 -0.154952824116 0.601895451546
    outer loop
      vertex -3.76222610474 0.82633215189 8.39638137817
      vertex -3.83658909798 0.733758449554 8.38001441956
      vertex -3.75419020653 0.856891751289 8.31830310822
    endloop
  endfacet
  facet normal -0.646845161915 0.229072093964 -0.727404534817
    outer loop
      vertex -3.8774933815 0.987486600876 8.40051460266
      vertex -3.89204406738 1.00916361809 8.29059314728
      vertex -4.01325798035 0.852599740028 8.44547271729
    endloop
  endfacet
  facet normal 0.910345494747 0.372442007065 0.180438563228
    outer loop
      vertex -3.79219222069 0.850715458393 8.48143959045
      vertex -3.84878230095 0.676739811897 8.53547382355
      vertex -3.76222610474 0.82633215189 8.39638137817
    endloop
  endfacet
  facet normal -0.806051015854 -0.530105531216 -0.263191729784
    outer loop
      vertex -3.84981369972 1.02597391605 8.23472595215
      vertex -3.94473624229 0.884363055229 8.30875205994
      vertex -3.89204406738 1.00916361809 8.29059314728
    endloop
  endfacet
  facet normal -0.0190316289663 -0.906336963177 0.422126919031
    outer loop
      vertex -3.83953785896 0.961398541927 8.21915531158
      vertex -3.78229403496 0.923533320427 8.2355890274
      vertex -3.88539147377 0.867521107197 8.26384162903
    endloop
  endfacet
  facet normal -0.526093125343 0.23104070127 -0.818441331387
    outer loop
      vertex -3.80992245674 1.06885528564 8.26613616943
      vertex -3.89204406738 1.00916361809 8.29059314728
      vertex -3.8774933815 0.987486600876 8.40051460266
    endloop
  endfacet
  facet normal -0.616546928883 -0.240470483899 -0.749695837498
    outer loop
      vertex -3.80992245674 1.06885528564 8.26613616943
      vertex -3.84981369972 1.02597391605 8.23472595215
      vertex -3.89204406738 1.00916361809 8.29059314728
    endloop
  endfacet
  facet normal 0.610731840134 0.646988809109 -0.456521809101
    outer loop
      vertex -3.84996008873 0.861042022705 8.52868366241
      vertex -3.79219222069 0.850715458393 8.48143959045
      vertex -3.71570158005 1.00629544258 8.29945659637
    endloop
  endfacet
  facet normal 0.0089646121487 0.640362143517 -0.768020808697
    outer loop
      vertex -3.8774933815 0.987486600876 8.40051460266
      vertex -3.73593854904 1.03473091125 8.34187030792
      vertex -3.75957369804 1.07149171829 8.29811191559
    endloop
  endfacet
  facet normal -0.0852154418826 -0.764346897602 -0.639149487019
    outer loop
      vertex -3.84981369972 1.02597391605 8.23472595215
      vertex -3.80992245674 1.06885528564 8.26613616943
      vertex -3.79688382149 1.00654768944 8.21258068085
    endloop
  endfacet
  facet normal 0.488326191902 -0.859204113483 0.152662530541
    outer loop
      vertex -3.75346875191 1.02975189686 8.23309898376
      vertex -3.72509837151 0.966010868549 8.26054859161
      vertex -3.78229403496 0.923533320427 8.2355890274
    endloop
  endfacet
  facet normal 0.00899855792522 -0.757397770882 -0.652891755104
    outer loop
      vertex -3.75346875191 1.02975189686 8.23309898376
      vertex -3.79688382149 1.00654768944 8.21258068085
      vertex -3.80992245674 1.06885528564 8.26613616943
    endloop
  endfacet
  facet normal -0.991554677486 -0.00530230626464 0.129580706358
    outer loop
      vertex -4.51254463196 0.580540657043 8.10716247559
      vertex -4.51794290543 0.632100403309 7.85657739639
      vertex -4.50455236435 0.523314714432 8.01107406616
    endloop
  endfacet
  facet normal -0.688795864582 -0.117744415998 0.715329647064
    outer loop
      vertex -4.50455236435 0.523314714432 8.01107406616
      vertex -4.50414419174 0.565394937992 7.7530374527
      vertex -4.46493053436 0.518170177937 7.81054401398
    endloop
  endfacet
  facet normal -0.744924247265 -0.130400791764 0.654280900955
    outer loop
      vertex -4.50455236435 0.523314714432 8.01107406616
      vertex -4.46493053436 0.518170177937 7.81054401398
      vertex -4.45600986481 0.47944009304 7.95391130447
    endloop
  endfacet
  facet normal 0.690674901009 -0.473753720522 0.54637491703
    outer loop
      vertex -4.33561706543 0.607176661491 7.7653632164
      vertex -4.290122509 0.539927065372 7.90924692154
      vertex -4.36087560654 0.518748819828 7.83052206039
    endloop
  endfacet
  facet normal 0.948330581188 -0.176675513387 -0.263542950153
    outer loop
      vertex -4.33561706543 0.607176661491 7.7653632164
      vertex -4.30846738815 0.635246634483 7.95296430588
      vertex -4.290122509 0.539927065372 7.90924692154
    endloop
  endfacet
  facet normal 0.580612182617 0.120101489127 -0.805273354053
    outer loop
      vertex -4.33466005325 0.688448905945 7.72287034988
      vertex -4.3884062767 0.700349867344 7.90290355682
      vertex -4.30846738815 0.635246634483 7.95296430588
    endloop
  endfacet
  facet normal 0.0292766373605 0.210891157389 -0.977071046829
    outer loop
      vertex -4.43181276321 0.664396107197 8.07550525665
      vertex -4.3884062767 0.700349867344 7.90290355682
      vertex -4.46186304092 0.719953417778 7.82227659225
    endloop
  endfacet
  facet normal -0.970407485962 0.0697752013803 -0.231172502041
    outer loop
      vertex -4.51794290543 0.632100403309 7.85657739639
      vertex -4.51173734665 0.701511621475 7.71291303635
      vertex -4.52994775772 0.621369183064 7.72516918182
    endloop
  endfacet
  facet normal -0.446648746729 -0.365915387869 0.816462397575
    outer loop
      vertex -4.46493053436 0.518170177937 7.81054401398
      vertex -4.50414419174 0.565394937992 7.7530374527
      vertex -4.40901088715 0.548172175884 7.67534351349
    endloop
  endfacet
  facet normal -0.152702599764 0.0815775096416 -0.984899520874
    outer loop
      vertex -4.46186304092 0.719953417778 7.82227659225
      vertex -4.35109376907 0.754158318043 7.61666107178
      vertex -4.43901586533 0.738871097565 7.63664722443
    endloop
  endfacet
  facet normal 0.963509678841 0.241698846221 -0.115024931729
    outer loop
      vertex -4.31356287003 0.621629416943 7.67056798935
      vertex -4.33466005325 0.688448905945 7.72287034988
      vertex -4.33561706543 0.607176661491 7.7653632164
    endloop
  endfacet
  facet normal -0.756002783775 -0.39545288682 -0.521609842777
    outer loop
      vertex -4.38074684143 0.716216027737 7.49536991119
      vertex -4.46863555908 0.663131833076 7.59337091446
      vertex -4.43901586533 0.738871097565 7.63664722443
    endloop
  endfacet
  facet normal 0.702257275581 0.641825795174 -0.30804926157
    outer loop
      vertex -4.31356287003 0.621629416943 7.67056798935
      vertex -4.19811296463 0.654426395893 7.52850675583
      vertex -4.22640562057 0.706915378571 7.5342707634
    endloop
  endfacet
  facet normal -0.21687078476 -0.228016480803 -0.949197292328
    outer loop
      vertex -4.35109376907 0.754158318043 7.61666107178
      vertex -4.27913808823 0.731027960777 7.45193481445
      vertex -4.43901586533 0.738871097565 7.63664722443
    endloop
  endfacet
  facet normal -0.243767380714 -0.250772595406 -0.93685144186
    outer loop
      vertex -4.43901586533 0.738871097565 7.63664722443
      vertex -4.27913808823 0.731027960777 7.45193481445
      vertex -4.38074684143 0.716216027737 7.49536991119
    endloop
  endfacet
  facet normal -0.391060709953 -0.718805551529 -0.574795722961
    outer loop
      vertex -4.27913808823 0.731027960777 7.45193481445
      vertex -4.31330776215 0.667394816875 7.41964006424
      vertex -4.38074684143 0.716216027737 7.49536991119
    endloop
  endfacet
  facet normal -0.687948226929 -0.718801915646 0.100254796445
    outer loop
      vertex -4.31330776215 0.667394816875 7.41964006424
      vertex -4.32507896423 0.597186923027 7.44069814682
      vertex -4.42132616043 0.616704821587 7.53009176254
    endloop
  endfacet
  facet normal -0.484860390425 -0.856764376163 0.175685033202
    outer loop
      vertex -4.19950151443 0.646676301956 7.35948324203
      vertex -4.32507896423 0.597186923027 7.44069814682
      vertex -4.31330776215 0.667394816875 7.41964006424
    endloop
  endfacet
  facet normal 0.528542399406 0.448643088341 0.72066795826
    outer loop
      vertex -4.16484975815 0.61129540205 7.48260068893
      vertex -4.31121587753 0.569240033627 7.5874786377
      vertex -4.17572546005 0.568291902542 7.42633581161
    endloop
  endfacet
  facet normal -0.306786566973 -0.772076845169 -0.556578218937
    outer loop
      vertex -4.27913808823 0.731027960777 7.45193481445
      vertex -4.19950151443 0.646676301956 7.35948324203
      vertex -4.31330776215 0.667394816875 7.41964006424
    endloop
  endfacet
  facet normal 0.0342062823474 0.0346378386021 0.998814344406
    outer loop
      vertex -4.23411512375 0.565577626228 7.40572977066
      vertex -4.17572546005 0.568291902542 7.42633581161
      vertex -4.31121587753 0.569240033627 7.5874786377
    endloop
  endfacet
  facet normal 0.135778561234 -0.352359682322 -0.925962626934
    outer loop
      vertex -4.16747999191 0.689262568951 7.38520622253
      vertex -4.27913808823 0.731027960777 7.45193481445
      vertex -4.1698513031 0.708135485649 7.43388843536
    endloop
  endfacet
  facet normal -0.454501956701 -0.854996621609 0.249817430973
    outer loop
      vertex -4.19950151443 0.646676301956 7.35948324203
      vertex -4.18067121506 0.597341537476 7.3638882637
      vertex -4.32507896423 0.597186923027 7.44069814682
    endloop
  endfacet
  facet normal -0.4396083951 -0.827197432518 0.349984079599
    outer loop
      vertex -4.32507896423 0.597186923027 7.44069814682
      vertex -4.18067121506 0.597341537476 7.3638882637
      vertex -4.23411512375 0.565577626228 7.40572977066
    endloop
  endfacet
  facet normal 0.775753617287 -0.315629005432 0.546428978443
    outer loop
      vertex -4.17572546005 0.568291902542 7.42633581161
      vertex -4.18067121506 0.597341537476 7.3638882637
      vertex -4.13415431976 0.63905620575 7.40599966049
    endloop
  endfacet
  facet normal -0.21866093576 -0.753760933876 -0.619703054428
    outer loop
      vertex -4.27913808823 0.731027960777 7.45193481445
      vertex -4.16747999191 0.689262568951 7.38520622253
      vertex -4.19950151443 0.646676301956 7.35948324203
    endloop
  endfacet
  facet normal -0.8105250597 0.134740710258 -0.569994807243
    outer loop
      vertex -4.46186304092 0.719953417778 7.82227659225
      vertex -4.51794290543 0.632100403309 7.85657739639
      vertex -4.51254463196 0.580540657043 8.10716247559
    endloop
  endfacet
  facet normal 0.283462554216 -0.172916054726 0.943265080452
    outer loop
      vertex -4.31917905807 0.280859053135 7.84857606888
      vertex -4.40768432617 0.258943259716 7.82304048538
      vertex -4.34694576263 0.292462855577 7.73975849152
    endloop
  endfacet
  facet normal -0.642370581627 -0.194864809513 0.741206943989
    outer loop
      vertex -4.42818069458 0.30895537138 7.70037555695
      vertex -4.40768432617 0.258943259716 7.82304048538
      vertex -4.46709489822 0.327054917812 7.75981092453
    endloop
  endfacet
  facet normal 0.740477859974 -0.255244314671 0.621725678444
    outer loop
      vertex -4.28600883484 0.375889658928 7.71332836151
      vertex -4.31917905807 0.280859053135 7.84857606888
      vertex -4.34694576263 0.292462855577 7.73975849152
    endloop
  endfacet
  facet normal 0.375713288784 0.374684393406 -0.847614943981
    outer loop
      vertex -4.30981492996 0.460250377655 7.74764537811
      vertex -4.24377536774 0.497050046921 7.5981760025
      vertex -4.39814281464 0.485178411007 7.77982330322
    endloop
  endfacet
  facet normal -0.48225569725 0.12358930707 -0.867268800735
    outer loop
      vertex -4.4588804245 0.428394049406 7.94129514694
      vertex -4.39814281464 0.485178411007 7.77982330322
      vertex -4.44217586517 0.467308968306 7.73339796066
    endloop
  endfacet
  facet normal 0.965924859047 0.0424149334431 -0.255323529243
    outer loop
      vertex -4.28600883484 0.375889658928 7.71332836151
      vertex -4.30981492996 0.460250377655 7.74764537811
      vertex -4.29729413986 0.395989179611 7.84933900833
    endloop
  endfacet
  facet normal -0.708427548409 -0.281914234161 -0.647035360336
    outer loop
      vertex -4.46617078781 0.419666171074 7.68434762955
      vertex -4.44217586517 0.467308968306 7.73339796066
      vertex -4.40082836151 0.460300058126 7.61340808868
    endloop
  endfacet
  facet normal -0.977536916733 -0.136531487107 -0.160563662648
    outer loop
      vertex -4.64794635773 -0.149901881814 9.17011547089
      vertex -4.67082834244 -0.195268169045 9.28059387207
      vertex -4.65761327744 -0.0295760706067 9.38083457947
    endloop
  endfacet
  facet normal -0.896200716496 -0.348264932632 0.274837762117
    outer loop
      vertex -4.46709489822 0.327054917812 7.75981092453
      vertex -4.46617078781 0.419666171074 7.68434762955
      vertex -4.43581342697 0.383792907 7.63453769684
    endloop
  endfacet
  facet normal -0.0583351925015 -0.199982941151 -0.978061258793
    outer loop
      vertex -4.24377536774 0.497050046921 7.5981760025
      vertex -4.28918457031 0.478680729866 7.52158260345
      vertex -4.36293745041 0.498597323895 7.64050292969
    endloop
  endfacet
  facet normal 0.339597821236 0.483992487192 0.806489050388
    outer loop
      vertex -4.28600883484 0.375889658928 7.71332836151
      vertex -4.27506113052 0.325742393732 7.62208509445
      vertex -4.13845157623 0.334336131811 7.54055166245
    endloop
  endfacet
  facet normal 0.687157332897 0.659927845001 0.303825587034
    outer loop
      vertex -4.16713619232 0.406927227974 7.6038403511
      vertex -4.28600883484 0.375889658928 7.71332836151
      vertex -4.13845157623 0.334336131811 7.54055166245
    endloop
  endfacet
  facet normal -0.477932274342 -0.834921658039 -0.272922307253
    outer loop
      vertex -4.28918457031 0.478680729866 7.52158260345
      vertex -4.20209312439 0.393448919058 7.44386816025
      vertex -4.33997344971 0.415969312191 7.53015613556
    endloop
  endfacet
  facet normal 0.033530075103 -0.049035590142 0.998234033585
    outer loop
      vertex -4.27244853973 0.33033400774 7.53039836884
      vertex -4.13845157623 0.334336131811 7.54055166245
      vertex -4.27506113052 0.325742393732 7.62208509445
    endloop
  endfacet
  facet normal -0.924457132816 0.105737991631 -0.366331160069
    outer loop
      vertex -4.6187620163 0.0762004479766 9.35404396057
      vertex -4.65761327744 -0.0295760706067 9.38083457947
      vertex -4.58323907852 0.14955046773 9.41049385071
    endloop
  endfacet
  facet normal 0.45585796237 0.456762880087 -0.763911783695
    outer loop
      vertex -4.09314155579 0.442811429501 7.5385518074
      vertex -4.09770917892 0.472219735384 7.49392652512
      vertex -4.24377536774 0.497050046921 7.5981760025
    endloop
  endfacet
  facet normal 0.586960315704 0.710739850998 0.38771957159
    outer loop
      vertex -4.16713619232 0.406927227974 7.6038403511
      vertex -4.13845157623 0.334336131811 7.54055166245
      vertex -4.06037187576 0.382993876934 7.50261354446
    endloop
  endfacet
  facet normal 0.678395926952 0.731554806232 0.0678715109825
    outer loop
      vertex -4.16713619232 0.406927227974 7.6038403511
      vertex -4.06037187576 0.382993876934 7.50261354446
      vertex -4.09314155579 0.442811429501 7.5385518074
    endloop
  endfacet
  facet normal -0.343488246202 -0.719525039196 0.603572309017
    outer loop
      vertex -4.20209312439 0.393448919058 7.44386816025
      vertex -4.11830711365 0.332204341888 7.45524501801
      vertex -4.27244853973 0.33033400774 7.53039836884
    endloop
  endfacet
  facet normal 0.210432350636 -0.882908761501 -0.419750392437
    outer loop
      vertex -4.1154923439 0.38164037466 7.41480588913
      vertex -4.14474773407 0.451284497976 7.44094324112
      vertex -4.06501436234 0.390414893627 7.43100833893
    endloop
  endfacet
  facet normal 0.336536020041 -0.719393610954 0.607631802559
    outer loop
      vertex -4.11830711365 0.332204341888 7.45524501801
      vertex -4.1154923439 0.38164037466 7.41480588913
      vertex -4.06501436234 0.390414893627 7.43100833893
    endloop
  endfacet
  facet normal -0.964231729507 -0.257166534662 0.0642070397735
    outer loop
      vertex -4.50917816162 0.363641351461 7.90846586227
      vertex -4.46709489822 0.327054917812 7.75981092453
      vertex -4.53230619431 0.260486364365 8.02093791962
    endloop
  endfacet
  facet normal -0.98503279686 -0.012068127282 -0.171944051981
    outer loop
      vertex -4.59444189072 0.152404010296 8.84390068054
      vertex -4.55055570602 0.379809290171 8.50181388855
      vertex -4.58842992783 0.171540275216 8.6258354187
    endloop
  endfacet
  facet normal -0.991713404655 -0.127355843782 -0.0168837271631
    outer loop
      vertex -4.62407541275 0.0195377245545 8.92743873596
      vertex -4.5948882103 -0.0624658055604 8.68928909302
      vertex -4.61684370041 -0.166723385453 8.84643363953
    endloop
  endfacet
  facet normal 0.291157364845 0.343773752451 -0.892774879932
    outer loop
      vertex -4.16920471191 0.711569666862 8.40769767761
      vertex -4.23097133636 0.869599282742 8.04961013794
      vertex -4.25428533554 0.744465112686 8.3943271637
    endloop
  endfacet
  facet normal 0.152573153377 0.779980063438 -0.606920540333
    outer loop
      vertex -4.10087919235 0.530093550682 8.85014533997
      vertex -4.19483566284 0.570492982864 8.8370885849
      vertex -4.21838331223 0.418484389782 8.95997619629
    endloop
  endfacet
  facet normal 0.899147033691 -0.254329323769 0.356161743402
    outer loop
      vertex -4.212246418 -0.311726987362 9.27152824402
      vertex -4.26091146469 -0.240135073662 8.99922275543
      vertex -4.18346881866 -0.122314244509 9.10801506042
    endloop
  endfacet
  facet normal 0.856831669807 -0.31870034337 0.405301898718
    outer loop
      vertex -4.18346881866 -0.122314244509 9.10801506042
      vertex -4.17621088028 -0.202370241284 9.22933769226
      vertex -4.212246418 -0.311726987362 9.27152824402
    endloop
  endfacet
  facet normal -0.247386068106 -0.957953989506 0.145342007279
    outer loop
      vertex -3.9687640667 0.683943033218 8.39961719513
      vertex -3.98584508896 0.553667724133 8.42379379272
      vertex -4.04324865341 0.647584140301 8.42436885834
    endloop
  endfacet
  facet normal -0.531364262104 0.303722918034 -0.790825128555
    outer loop
      vertex -4.44946718216 0.347937315702 9.04993057251
      vertex -4.2952747345 0.538579463959 8.82330226898
      vertex -4.46406173706 0.548816025257 8.5013551712
    endloop
  endfacet
  facet normal 0.698568165302 0.477796077728 -0.532647609711
    outer loop
      vertex -4.13637590408 0.0942734852433 7.6030626297
      vertex -4.1832985878 0.158283576369 7.60030794144
      vertex -4.22531938553 0.136157810688 7.68641090393
    endloop
  endfacet
  facet normal 0.78854060173 -0.613468527794 -0.0431289412081
    outer loop
      vertex -4.13988447189 0.0579401068389 7.56423091888
      vertex -4.16935777664 0.0896194949746 7.52857351303
      vertex -4.1548614502 0.12599876523 7.54976463318
    endloop
  endfacet
  facet normal 0.0587305165827 -0.513702332973 -0.855956017971
    outer loop
      vertex -4.1832985878 0.158283576369 7.60030794144
      vertex -4.1548614502 0.12599876523 7.54976463318
      vertex -4.29739522934 0.174316465855 7.61397838593
    endloop
  endfacet
  facet normal -0.827768623829 -0.560358405113 -0.0282414667308
    outer loop
      vertex -4.4085521698 1.02152216434 7.61132860184
      vertex -4.34573888779 1.058604002 7.52040863037
      vertex -4.37317466736 0.985331952572 7.55724430084
    endloop
  endfacet
  facet normal -0.389303177595 0.447517335415 -0.805090844631
    outer loop
      vertex -4.3207783699 0.911454856396 8.04852485657
      vertex -4.40390014648 0.951007306576 7.90506029129
      vertex -4.37810850143 0.816449284554 8.1695690155
    endloop
  endfacet
  facet normal -0.737300038338 -0.118547916412 -0.665082752705
    outer loop
      vertex -4.43181276321 0.664396107197 8.07550525665
      vertex -4.51254463196 0.580540657043 8.10716247559
      vertex -4.45875310898 0.65615862608 8.19684410095
    endloop
  endfacet
  facet normal 0.58087927103 -0.2751314044 -0.76608222723
    outer loop
      vertex -4.11971855164 0.717674672604 8.52917575836
      vertex -4.10788631439 0.680999875069 8.45203876495
      vertex -4.16920471191 0.711569666862 8.40769767761
    endloop
  endfacet
  facet normal -0.377757012844 -0.92072057724 0.0978429242969
    outer loop
      vertex -4.16935777664 0.0896194949746 7.52857351303
      vertex -4.19955778122 0.0494820699096 7.54522943497
      vertex -4.30936431885 0.120461791754 7.58273839951
    endloop
  endfacet
  facet normal -0.313572257757 -0.202951267362 0.927622318268
    outer loop
      vertex -4.31228733063 0.0332821570337 7.688601017
      vertex -4.34669923782 0.0570115558803 7.63331031799
      vertex -4.21681165695 0.0231047570705 7.58760261536
    endloop
  endfacet
  facet normal 0.824359059334 0.454145431519 -0.337911367416
    outer loop
      vertex -4.32972288132 0.170340791345 7.79110050201
      vertex -4.32186079025 0.10691139847 7.82402467728
      vertex -4.25057649612 0.0854875445366 7.71057128906
    endloop
  endfacet
  facet normal -0.303412675858 -0.0538293980062 -0.951337575912
    outer loop
      vertex -4.38080310822 0.212910220027 7.87846374512
      vertex -4.38072872162 0.205118000507 7.74033021927
      vertex -4.46932220459 0.182842448354 7.84601306915
    endloop
  endfacet
  facet normal -0.894697666168 -0.419305771589 -0.153944030404
    outer loop
      vertex -4.4588804245 0.428394049406 7.94129514694
      vertex -4.51217222214 0.437711298466 8.05842781067
      vertex -4.45600986481 0.47944009304 7.95391130447
    endloop
  endfacet
  facet normal 0.666694581509 0.742727637291 0.0622415952384
    outer loop
      vertex -4.173869133 0.0473773293197 7.63278770447
      vertex -4.13637590408 0.0942734852433 7.6030626297
      vertex -4.22531938553 0.136157810688 7.68641090393
    endloop
  endfacet
  facet normal 0.21426834166 0.296340376139 0.93073707819
    outer loop
      vertex -4.21681165695 0.0231047570705 7.58760261536
      vertex -4.173869133 0.0473773293197 7.63278770447
      vertex -4.31228733063 0.0332821570337 7.688601017
    endloop
  endfacet
  facet normal 0.592982113361 -0.0450320057571 -0.803955435753
    outer loop
      vertex -4.38080310822 0.212910220027 7.87846374512
      vertex -4.32972288132 0.170340791345 7.79110050201
      vertex -4.38072872162 0.205118000507 7.74033021927
    endloop
  endfacet
  facet normal 0.986826956272 0.112176306546 0.116572201252
    outer loop
      vertex -4.16553068161 0.166234865785 9.02056980133
      vertex -4.15379095078 0.13705457747 8.88696956635
      vertex -4.13507843018 0.338309019804 8.93149471283
    endloop
  endfacet
  facet normal 0.829833447933 0.523574709892 0.192991986871
    outer loop
      vertex -4.13507843018 0.338309019804 8.93149471283
      vertex -4.15379095078 0.13705457747 8.88696956635
      vertex -4.00332307816 0.321377903223 8.71642971039
    endloop
  endfacet
  facet normal 0.651612043381 -0.661954462528 0.370429515839
    outer loop
      vertex -3.98584508896 0.553667724133 8.42379379272
      vertex -3.90758562088 0.562442243099 8.49592018127
      vertex -4.02444458008 0.382385998964 8.48164653778
    endloop
  endfacet
  facet normal -0.424223721027 0.444960147142 -0.788698136806
    outer loop
      vertex -4.19483566284 0.570492982864 8.8370885849
      vertex -3.8774933815 0.987486600876 8.40051460266
      vertex -4.21954298019 0.680027544498 8.61938095093
    endloop
  endfacet
  facet normal 0.674394011497 -0.705063045025 0.219268903136
    outer loop
      vertex -3.98584508896 0.553667724133 8.42379379272
      vertex -3.9687640667 0.683943033218 8.39961719513
      vertex -3.90758562088 0.562442243099 8.49592018127
    endloop
  endfacet
  facet normal 0.157578527927 0.771871626377 -0.615940868855
    outer loop
      vertex -3.90746068954 0.893769204617 8.52045154572
      vertex -4.19483566284 0.570492982864 8.8370885849
      vertex -4.10087919235 0.530093550682 8.85014533997
    endloop
  endfacet
  facet normal 0.997231960297 -0.0728784799576 0.0147339105606
    outer loop
      vertex -4.19789266586 0.0641287267208 8.38064479828
      vertex -4.21378755569 0.350642174482 8.10522174835
      vertex -4.20271253586 0.308505773544 8.26528739929
    endloop
  endfacet
  facet normal -0.225799590349 -0.326711148024 0.917755067348
    outer loop
      vertex -4.40595006943 -0.0765848830342 8.25678443909
      vertex -4.46632575989 0.0369041524827 7.9797129631
      vertex -4.36965322495 0.0248064044863 7.9468832016
    endloop
  endfacet
  facet normal 0.180722370744 -0.652226448059 0.736165821552
    outer loop
      vertex -3.83658909798 0.733758449554 8.38001441956
      vertex -3.9687640667 0.683943033218 8.39961719513
      vertex -3.85886073112 0.786103904247 8.3147611618
    endloop
  endfacet
  facet normal 0.88201969862 0.0443395115435 0.469121783972
    outer loop
      vertex -3.76222610474 0.82633215189 8.39638137817
      vertex -3.84878230095 0.676739811897 8.53547382355
      vertex -3.90758562088 0.562442243099 8.49592018127
    endloop
  endfacet
  facet normal 0.939812242985 -0.315778046846 0.130526348948
    outer loop
      vertex -4.20271253586 0.308505773544 8.26528739929
      vertex -4.13982105255 0.175505831838 8.50743865967
      vertex -4.19789266586 0.0641287267208 8.38064479828
    endloop
  endfacet
  facet normal 0.929994642735 0.2279227525 0.288376778364
    outer loop
      vertex -3.84878230095 0.676739811897 8.53547382355
      vertex -3.937530756 0.522437036037 8.70236492157
      vertex -4.00332307816 0.321377903223 8.71642971039
    endloop
  endfacet
  facet normal 0.641097187996 0.737463414669 -0.212466642261
    outer loop
      vertex -3.937530756 0.522437036037 8.70236492157
      vertex -3.79219222069 0.850715458393 8.48143959045
      vertex -3.84996008873 0.861042022705 8.52868366241
    endloop
  endfacet
  facet normal 0.968445062637 0.00212901923805 0.249218121171
    outer loop
      vertex -3.71570158005 1.00629544258 8.29945659637
      vertex -3.76222610474 0.82633215189 8.39638137817
      vertex -3.75419020653 0.856891751289 8.31830310822
    endloop
  endfacet
  facet normal 0.968811392784 0.021605970338 0.246855571866
    outer loop
      vertex -3.71570158005 1.00629544258 8.29945659637
      vertex -3.75419020653 0.856891751289 8.31830310822
      vertex -3.72509837151 0.966010868549 8.26054859161
    endloop
  endfacet
  facet normal 0.880121946335 0.469059407711 0.0732706785202
    outer loop
      vertex -3.73593854904 1.03473091125 8.34187030792
      vertex -3.84996008873 0.861042022705 8.52868366241
      vertex -3.71570158005 1.00629544258 8.29945659637
    endloop
  endfacet
  facet normal -0.290183484554 0.384672343731 -0.876253783703
    outer loop
      vertex -3.8774933815 0.987486600876 8.40051460266
      vertex -3.75957369804 1.07149171829 8.29811191559
      vertex -3.80992245674 1.06885528564 8.26613616943
    endloop
  endfacet
  facet normal 0.801933467388 -0.267612993717 -0.534121751785
    outer loop
      vertex -3.71570158005 1.00629544258 8.29945659637
      vertex -3.75346875191 1.02975189686 8.23309898376
      vertex -3.75957369804 1.07149171829 8.29811191559
    endloop
  endfacet
  facet normal 0.988136529922 -0.131012991071 0.0801359340549
    outer loop
      vertex -4.33466005325 0.688448905945 7.72287034988
      vertex -4.30846738815 0.635246634483 7.95296430588
      vertex -4.33561706543 0.607176661491 7.7653632164
    endloop
  endfacet
  facet normal 0.0436855666339 -0.199176549911 0.978989422321
    outer loop
      vertex -4.36087560654 0.518748819828 7.83052206039
      vertex -4.46493053436 0.518170177937 7.81054401398
      vertex -4.40901088715 0.548172175884 7.67534351349
    endloop
  endfacet
  facet normal 0.408401370049 0.243629604578 0.879689097404
    outer loop
      vertex -4.33561706543 0.607176661491 7.7653632164
      vertex -4.40901088715 0.548172175884 7.67534351349
      vertex -4.31121587753 0.569240033627 7.5874786377
    endloop
  endfacet
  facet normal -0.913762748241 -0.377586632967 -0.149886488914
    outer loop
      vertex -4.52994775772 0.621369183064 7.72516918182
      vertex -4.51173734665 0.701511621475 7.71291303635
      vertex -4.46863555908 0.663131833076 7.59337091446
    endloop
  endfacet
  facet normal -0.852740764618 -0.469336241484 0.229252427816
    outer loop
      vertex -4.46863555908 0.663131833076 7.59337091446
      vertex -4.42132616043 0.616704821587 7.53009176254
      vertex -4.52994775772 0.621369183064 7.72516918182
    endloop
  endfacet
  facet normal -0.727562606335 -0.433136999607 -0.532019734383
    outer loop
      vertex -4.43901586533 0.738871097565 7.63664722443
      vertex -4.46863555908 0.663131833076 7.59337091446
      vertex -4.51173734665 0.701511621475 7.71291303635
    endloop
  endfacet
  facet normal 0.348144173622 0.166279017925 0.922576248646
    outer loop
      vertex -4.31121587753 0.569240033627 7.5874786377
      vertex -4.40901088715 0.548172175884 7.67534351349
      vertex -4.23411512375 0.565577626228 7.40572977066
    endloop
  endfacet
  facet normal 0.196576625109 -0.051617667079 -0.979128837585
    outer loop
      vertex -4.1698513031 0.708135485649 7.43388843536
      vertex -4.27913808823 0.731027960777 7.45193481445
      vertex -4.35109376907 0.754158318043 7.61666107178
    endloop
  endfacet
  facet normal 0.584878981113 -0.796732544899 -0.152098149061
    outer loop
      vertex -4.19950151443 0.646676301956 7.35948324203
      vertex -4.13415431976 0.63905620575 7.40599966049
      vertex -4.18067121506 0.597341537476 7.3638882637
    endloop
  endfacet
  facet normal 0.851374208927 -0.153041094542 -0.501737356186
    outer loop
      vertex -4.13415431976 0.63905620575 7.40599966049
      vertex -4.16747999191 0.689262568951 7.38520622253
      vertex -4.1698513031 0.708135485649 7.43388843536
    endloop
  endfacet
  facet normal 0.86520588398 0.41672039032 -0.278860062361
    outer loop
      vertex -4.19811296463 0.654426395893 7.52850675583
      vertex -4.13415431976 0.63905620575 7.40599966049
      vertex -4.1698513031 0.708135485649 7.43388843536
    endloop
  endfacet
  facet normal 0.0514751709998 0.108626142144 -0.992749035358
    outer loop
      vertex -4.24377536774 0.497050046921 7.5981760025
      vertex -4.36293745041 0.498597323895 7.64050292969
      vertex -4.39814281464 0.485178411007 7.77982330322
    endloop
  endfacet
  facet normal -0.59434825182 -0.249466836452 -0.764536738396
    outer loop
      vertex -4.36293745041 0.498597323895 7.64050292969
      vertex -4.40082836151 0.460300058126 7.61340808868
      vertex -4.44217586517 0.467308968306 7.73339796066
    endloop
  endfacet
  facet normal -0.957665026188 -0.227781221271 0.176049619913
    outer loop
      vertex -4.46617078781 0.419666171074 7.68434762955
      vertex -4.46709489822 0.327054917812 7.75981092453
      vertex -4.50917816162 0.363641351461 7.90846586227
    endloop
  endfacet
  facet normal -0.237547516823 -0.332435637712 0.912719964981
    outer loop
      vertex -4.27244853973 0.33033400774 7.53039836884
      vertex -4.40768432617 0.258943259716 7.82304048538
      vertex -4.42818069458 0.30895537138 7.70037555695
    endloop
  endfacet
  facet normal 0.691896498203 0.229023233056 0.684709846973
    outer loop
      vertex -4.34694576263 0.292462855577 7.73975849152
      vertex -4.40768432617 0.258943259716 7.82304048538
      vertex -4.27506113052 0.325742393732 7.62208509445
    endloop
  endfacet
  facet normal 0.68796402216 0.719048261642 0.0983622595668
    outer loop
      vertex -4.30981492996 0.460250377655 7.74764537811
      vertex -4.28600883484 0.375889658928 7.71332836151
      vertex -4.16713619232 0.406927227974 7.6038403511
    endloop
  endfacet
  facet normal 0.669188141823 0.442619591951 -0.596887886524
    outer loop
      vertex -4.24377536774 0.497050046921 7.5981760025
      vertex -4.30981492996 0.460250377655 7.74764537811
      vertex -4.16713619232 0.406927227974 7.6038403511
    endloop
  endfacet
  facet normal -0.475670963526 -0.424071639776 -0.770649313927
    outer loop
      vertex -4.28918457031 0.478680729866 7.52158260345
      vertex -4.40082836151 0.460300058126 7.61340808868
      vertex -4.36293745041 0.498597323895 7.64050292969
    endloop
  endfacet
  facet normal -0.579500973225 -0.673524022102 0.458850771189
    outer loop
      vertex -4.33997344971 0.415969312191 7.53015613556
      vertex -4.27244853973 0.33033400774 7.53039836884
      vertex -4.43581342697 0.383792907 7.63453769684
    endloop
  endfacet
  facet normal -0.0648947507143 -0.316345691681 -0.946421742439
    outer loop
      vertex -4.09770917892 0.472219735384 7.49392652512
      vertex -4.14474773407 0.451284497976 7.44094324112
      vertex -4.24377536774 0.497050046921 7.5981760025
    endloop
  endfacet
  facet normal -0.402871072292 -0.842831432819 -0.356833398342
    outer loop
      vertex -4.14474773407 0.451284497976 7.44094324112
      vertex -4.20209312439 0.393448919058 7.44386816025
      vertex -4.28918457031 0.478680729866 7.52158260345
    endloop
  endfacet
  facet normal 0.865294575691 0.460867732763 -0.197145134211
    outer loop
      vertex -4.06037187576 0.382993876934 7.50261354446
      vertex -4.05171012878 0.420050114393 7.47049951553
      vertex -4.09314155579 0.442811429501 7.5385518074
    endloop
  endfacet
  facet normal 0.707440435886 -0.118086889386 0.696838259697
    outer loop
      vertex -4.06037187576 0.382993876934 7.50261354446
      vertex -4.11830711365 0.332204341888 7.45524501801
      vertex -4.06501436234 0.390414893627 7.43100833893
    endloop
  endfacet
  facet normal 0.731449961662 -0.0734678730369 -0.677925825119
    outer loop
      vertex -4.09770917892 0.472219735384 7.49392652512
      vertex -4.05171012878 0.420050114393 7.47049951553
      vertex -4.0817656517 0.449884086847 7.44655799866
    endloop
  endfacet
  facet normal 0.875417709351 0.0606316514313 -0.479549378157
    outer loop
      vertex -4.23097133636 0.869599282742 8.04961013794
      vertex -4.16920471191 0.711569666862 8.40769767761
      vertex -4.14394330978 0.697148740292 8.1570224762
    endloop
  endfacet
  facet normal 0.608719170094 -0.698448181152 -0.376339107752
    outer loop
      vertex -4.04324865341 0.647584140301 8.42436885834
      vertex -3.98584508896 0.553667724133 8.42379379272
      vertex -4.06568813324 0.59573161602 8.37687301636
    endloop
  endfacet
  facet normal 0.658518910408 -0.372258245945 -0.654046356678
    outer loop
      vertex -4.11522960663 0.610811650753 8.31573009491
      vertex -4.10788631439 0.680999875069 8.45203876495
      vertex -4.06568813324 0.59573161602 8.37687301636
    endloop
  endfacet
  facet normal 0.593724370003 0.493117302656 0.635866880417
    outer loop
      vertex -4.32186079025 0.10691139847 7.82402467728
      vertex -4.37057352066 0.0430722646415 7.80035638809
      vertex -4.25057649612 0.0854875445366 7.71057128906
    endloop
  endfacet
  facet normal 0.856549084187 -0.51592707634 -0.0119576659054
    outer loop
      vertex -4.290122509 0.539927065372 7.90924692154
      vertex -4.23892736435 0.592134952545 7.99545192719
      vertex -4.24853801727 0.44305279851 7.97604084015
    endloop
  endfacet
  facet normal 0.322800904512 0.214134782553 -0.921925067902
    outer loop
      vertex -4.25428533554 0.744465112686 8.3943271637
      vertex -4.21954298019 0.680027544498 8.61938095093
      vertex -4.16920471191 0.711569666862 8.40769767761
    endloop
  endfacet
  facet normal -0.631575524807 -0.36806178093 0.682380318642
    outer loop
      vertex -4.54733085632 -0.128948450089 8.6199388504
      vertex -4.47227907181 -0.135762512684 8.50378704071
      vertex -4.47998428345 -0.297721356153 8.81727790833
    endloop
  endfacet
  facet normal 0.111774884164 0.229512393475 -0.966866314411
    outer loop
      vertex -4.3884062767 0.700349867344 7.90290355682
      vertex -4.43181276321 0.664396107197 8.07550525665
      vertex -4.36503982544 0.667743623257 8.02888393402
    endloop
  endfacet
  facet normal -0.0300104357302 0.641317486763 0.766688466072
    outer loop
      vertex -4.59070968628 -0.496776372194 9.26499271393
      vertex -4.52123975754 -0.526855230331 9.2322845459
      vertex -4.52537107468 -0.504630744457 9.25866031647
    endloop
  endfacet
  facet normal 0.027601569891 -0.743046343327 -0.668670535088
    outer loop
      vertex -4.06568813324 0.59573161602 8.37687301636
      vertex -4.10788631439 0.680999875069 8.45203876495
      vertex -4.04324865341 0.647584140301 8.42436885834
    endloop
  endfacet
  facet normal -0.743879973888 -0.623522520065 0.240545779467
    outer loop
      vertex -4.4090514183 0.140756353736 7.67539072037
      vertex -4.34669923782 0.0570115558803 7.63331031799
      vertex -4.46536016464 0.105272203684 7.75625801086
    endloop
  endfacet
  facet normal -0.590389847755 -0.334521561861 0.734530568123
    outer loop
      vertex -4.40595006943 -0.0765848830342 8.25678443909
      vertex -4.47227907181 -0.135762512684 8.50378704071
      vertex -4.50974273682 0.0197189338505 8.22850513458
    endloop
  endfacet
  facet normal -0.994918227196 -0.0872886329889 -0.0501837022603
    outer loop
      vertex -4.46174812317 0.163891166449 7.74878883362
      vertex -4.46536016464 0.105272203684 7.75625801086
      vertex -4.46932220459 0.182842448354 7.84601306915
    endloop
  endfacet
  facet normal 0.334517359734 0.65964192152 0.673030972481
    outer loop
      vertex -4.31228733063 0.0332821570337 7.688601017
      vertex -4.173869133 0.0473773293197 7.63278770447
      vertex -4.25057649612 0.0854875445366 7.71057128906
    endloop
  endfacet
  facet normal -0.768424928188 0.251182198524 -0.588583528996
    outer loop
      vertex -4.51794290543 0.632100403309 7.85657739639
      vertex -4.46186304092 0.719953417778 7.82227659225
      vertex -4.51173734665 0.701511621475 7.71291303635
    endloop
  endfacet
  facet normal -0.740611493587 -0.399463891983 0.54029917717
    outer loop
      vertex -4.52994775772 0.621369183064 7.72516918182
      vertex -4.42132616043 0.616704821587 7.53009176254
      vertex -4.50414419174 0.565394937992 7.7530374527
    endloop
  endfacet
  facet normal 0.866765618324 0.486987888813 0.107518330216
    outer loop
      vertex -4.22640562057 0.706915378571 7.5342707634
      vertex -4.33466005325 0.688448905945 7.72287034988
      vertex -4.31356287003 0.621629416943 7.67056798935
    endloop
  endfacet
  facet normal -0.371890991926 -0.00456674350426 -0.928265154362
    outer loop
      vertex -4.36293745041 0.498597323895 7.64050292969
      vertex -4.44217586517 0.467308968306 7.73339796066
      vertex -4.39814281464 0.485178411007 7.77982330322
    endloop
  endfacet
  facet normal -0.280989557505 -0.93136960268 -0.231507048011
    outer loop
      vertex -4.14474773407 0.451284497976 7.44094324112
      vertex -4.1154923439 0.38164037466 7.41480588913
      vertex -4.20209312439 0.393448919058 7.44386816025
    endloop
  endfacet
  facet normal 0.778762578964 0.287667393684 -0.557473182678
    outer loop
      vertex -4.09314155579 0.442811429501 7.5385518074
      vertex -4.05171012878 0.420050114393 7.47049951553
      vertex -4.09770917892 0.472219735384 7.49392652512
    endloop
  endfacet
  facet normal -0.809008479118 -0.397946000099 0.432601690292
    outer loop
      vertex -4.42818069458 0.30895537138 7.70037555695
      vertex -4.46709489822 0.327054917812 7.75981092453
      vertex -4.43581342697 0.383792907 7.63453769684
    endloop
  endfacet
  facet normal 0.958208918571 -0.23677945137 -0.160533860326
    outer loop
      vertex -4.1548614502 0.12599876523 7.54976463318
      vertex -4.13637590408 0.0942734852433 7.6030626297
      vertex -4.13988447189 0.0579401068389 7.56423091888
    endloop
  endfacet
  facet normal -0.50517231226 -0.685922205448 -0.523747742176
    outer loop
      vertex -4.36503982544 0.667743623257 8.02888393402
      vertex -4.43181276321 0.664396107197 8.07550525665
      vertex -4.40023040771 0.74295759201 8.11223220825
    endloop
  endfacet
  facet normal -0.864618360996 -0.126268163323 0.486303895712
    outer loop
      vertex -4.41735219955 0.830032169819 7.89411830902
      vertex -4.3666768074 0.70610499382 8.02440738678
      vertex -4.40023040771 0.74295759201 8.11223220825
    endloop
  endfacet
  facet normal -0.95447665453 0.0569910556078 -0.292790621519
    outer loop
      vertex -4.51254463196 0.580540657043 8.10716247559
      vertex -4.54001712799 0.48115748167 8.1576385498
      vertex -4.55055570602 0.379809290171 8.50181388855
    endloop
  endfacet
  facet normal -0.120561160147 -0.823520302773 0.554327785969
    outer loop
      vertex -3.88539147377 0.867521107197 8.26384162903
      vertex -3.85886073112 0.786103904247 8.3147611618
      vertex -3.9687640667 0.683943033218 8.39961719513
    endloop
  endfacet
  facet normal 0.487747758627 -0.859558999538 0.152513876557
    outer loop
      vertex -3.79688382149 1.00654768944 8.21258068085
      vertex -3.75346875191 1.02975189686 8.23309898376
      vertex -3.78229403496 0.923533320427 8.2355890274
    endloop
  endfacet
  facet normal -0.922615349293 0.114369936287 0.36837542057
    outer loop
      vertex -4.51794290543 0.632100403309 7.85657739639
      vertex -4.52994775772 0.621369183064 7.72516918182
      vertex -4.50414419174 0.565394937992 7.7530374527
    endloop
  endfacet
  facet normal 0.804516255856 0.35728558898 0.474447667599
    outer loop
      vertex -4.28600883484 0.375889658928 7.71332836151
      vertex -4.34694576263 0.292462855577 7.73975849152
      vertex -4.27506113052 0.325742393732 7.62208509445
    endloop
  endfacet
  facet normal 0.183772429824 -0.965648233891 0.183715045452
    outer loop
      vertex -4.290122509 0.539927065372 7.90924692154
      vertex -4.30368041992 0.42796254158 7.92796802521
      vertex -4.38300323486 0.458644300699 7.90703487396
    endloop
  endfacet
  facet normal 0.906228065491 -0.250582486391 0.340527683496
    outer loop
      vertex -4.19789266586 0.0641287267208 8.38064479828
      vertex -4.21516132355 -0.0667212754488 8.49601078033
      vertex -4.28653430939 -0.0052994643338 8.15442276001
    endloop
  endfacet
  facet normal -0.422906279564 0.040206849575 -0.90528100729
    outer loop
      vertex -4.51173734665 0.701511621475 7.71291303635
      vertex -4.46186304092 0.719953417778 7.82227659225
      vertex -4.43901586533 0.738871097565 7.63664722443
    endloop
  endfacet
  facet normal -0.773533165455 -0.605713248253 -0.186434864998
    outer loop
      vertex -4.40082836151 0.460300058126 7.61340808868
      vertex -4.43581342697 0.383792907 7.63453769684
      vertex -4.46617078781 0.419666171074 7.68434762955
    endloop
  endfacet
  facet normal -0.981741845608 -0.174416750669 0.0759058371186
    outer loop
      vertex -4.42642450333 1.02074193954 7.71226549149
      vertex -4.4085521698 1.02152216434 7.61132860184
      vertex -4.4171204567 0.92299592495 7.70243501663
    endloop
  endfacet
  facet normal -0.628505587578 -0.733974397182 0.257414698601
    outer loop
      vertex -3.9687640667 0.683943033218 8.39961719513
      vertex -3.94473624229 0.884363055229 8.30875205994
      vertex -3.88539147377 0.867521107197 8.26384162903
    endloop
  endfacet
  facet normal -0.476509779692 -0.846873104572 -0.236102551222
    outer loop
      vertex -4.38300323486 0.458644300699 7.90703487396
      vertex -4.4588804245 0.428394049406 7.94129514694
      vertex -4.45600986481 0.47944009304 7.95391130447
    endloop
  endfacet
  facet normal -0.977078437805 -0.00827063061297 -0.212719023228
    outer loop
      vertex -4.62407541275 0.0195377245545 8.92743873596
      vertex -4.59444189072 0.152404010296 8.84390068054
      vertex -4.58842992783 0.171540275216 8.6258354187
    endloop
  endfacet
  facet normal -0.889725029469 -0.189211651683 -0.415437579155
    outer loop
      vertex -4.37810850143 0.816449284554 8.1695690155
      vertex -4.40023040771 0.74295759201 8.11223220825
      vertex -4.45875310898 0.65615862608 8.19684410095
    endloop
  endfacet
  facet normal 0.953708708286 -0.29444360733 0.061176918447
    outer loop
      vertex -4.27729177475 1.01579296589 7.73273277283
      vertex -4.21185159683 0.758305907249 7.99819278717
      vertex -4.28737020493 0.939112722874 7.71602010727
    endloop
  endfacet
  facet normal -0.941792488098 -0.326939642429 0.0783414691687
    outer loop
      vertex -4.36503982544 0.667743623257 8.02888393402
      vertex -4.40023040771 0.74295759201 8.11223220825
      vertex -4.3666768074 0.70610499382 8.02440738678
    endloop
  endfacet
  facet normal -0.0967282578349 -0.451712995768 -0.88690418005
    outer loop
      vertex -4.30846738815 0.635246634483 7.95296430588
      vertex -4.36503982544 0.667743623257 8.02888393402
      vertex -4.27297782898 0.664028584957 8.00187587738
    endloop
  endfacet
  facet normal -0.786369562149 0.289299845695 -0.545828282833
    outer loop
      vertex -4.40390014648 0.951007306576 7.90506029129
      vertex -4.38708972931 1.0633597374 7.73877668381
      vertex -4.42642450333 1.02074193954 7.71226549149
    endloop
  endfacet
  facet normal 0.948712050915 -0.0928311496973 0.30220490694
    outer loop
      vertex -4.05171012878 0.420050114393 7.47049951553
      vertex -4.06037187576 0.382993876934 7.50261354446
      vertex -4.06501436234 0.390414893627 7.43100833893
    endloop
  endfacet
  facet normal 0.0780390352011 -0.884558975697 0.459853589535
    outer loop
      vertex -4.31917905807 0.280859053135 7.84857606888
      vertex -4.31724262238 0.182420521975 7.89992189407
      vertex -4.38080310822 0.212910220027 7.87846374512
    endloop
  endfacet
  facet normal -0.495107501745 -0.797647356987 0.344423115253
    outer loop
      vertex -4.34669923782 0.0570115558803 7.63331031799
      vertex -4.30936431885 0.120461791754 7.58273839951
      vertex -4.19955778122 0.0494820699096 7.54522943497
    endloop
  endfacet
  facet normal -0.967403292656 -0.184055551887 -0.173937946558
    outer loop
      vertex -4.54001712799 0.48115748167 8.1576385498
      vertex -4.51254463196 0.580540657043 8.10716247559
      vertex -4.50455236435 0.523314714432 8.01107406616
    endloop
  endfacet
  facet normal 0.295100361109 -0.372970432043 -0.879664063454
    outer loop
      vertex -4.10788631439 0.680999875069 8.45203876495
      vertex -4.11971855164 0.717674672604 8.52917575836
      vertex -4.04324865341 0.647584140301 8.42436885834
    endloop
  endfacet
  facet normal -0.321777671576 0.533329308033 -0.7823163867
    outer loop
      vertex -4.2952747345 0.538579463959 8.82330226898
      vertex -4.31017160416 0.393192797899 9.02757549286
      vertex -4.19483566284 0.570492982864 8.8370885849
    endloop
  endfacet
  facet normal -0.875463724136 -0.365238308907 -0.316487312317
    outer loop
      vertex -3.89204406738 1.00916361809 8.29059314728
      vertex -3.94473624229 0.884363055229 8.30875205994
      vertex -4.01325798035 0.852599740028 8.44547271729
    endloop
  endfacet
  facet normal -0.800381183624 0.0475509651005 -0.59760260582
    outer loop
      vertex -4.44217586517 0.467308968306 7.73339796066
      vertex -4.50917816162 0.363641351461 7.90846586227
      vertex -4.4588804245 0.428394049406 7.94129514694
    endloop
  endfacet
  facet normal 0.969047248363 -0.22748927772 0.0958961695433
    outer loop
      vertex -4.11522960663 0.610811650753 8.31573009491
      vertex -4.13050270081 0.521816372871 8.28818511963
      vertex -4.14394330978 0.697148740292 8.1570224762
    endloop
  endfacet
  facet normal -0.795370638371 -0.346728175879 -0.497157037258
    outer loop
      vertex -4.4085521698 1.02152216434 7.61132860184
      vertex -4.34809017181 1.10322678089 7.58978509903
      vertex -4.34573888779 1.058604002 7.52040863037
    endloop
  endfacet
  facet normal -0.908842563629 -0.124827109277 -0.3980242908
    outer loop
      vertex -4.64020204544 0.0378823280334 9.46916389465
      vertex -4.58323907852 0.14955046773 9.41049385071
      vertex -4.65761327744 -0.0295760706067 9.38083457947
    endloop
  endfacet
  facet normal 0.999980807304 0.00532289827242 0.00317075802013
    outer loop
      vertex -4.14227104187 -0.154336616397 9.39193248749
      vertex -4.14115095139 0.013160739094 9.28127479553
      vertex -4.14206600189 -0.0501725636423 9.41545963287
    endloop
  endfacet
  facet normal -0.402236938477 0.859971404076 0.314093351364
    outer loop
      vertex -4.38728380203 -0.515109837055 9.28089523315
      vertex -4.4579372406 -0.548435032368 9.23567676544
      vertex -4.39764022827 -0.556278467178 9.26101493835
    endloop
  endfacet
  facet normal 0.309969246387 0.228512912989 -0.922876417637
    outer loop
      vertex -4.34508991241 0.250270277262 9.51274108887
      vertex -4.31791830063 0.277960240841 9.36405467987
      vertex -4.37675523758 0.31360116601 9.29992485046
    endloop
  endfacet
  facet normal -0.0464817248285 0.299207150936 -0.953055381775
    outer loop
      vertex -4.43111276627 0.227651193738 9.56525421143
      vertex -4.37675523758 0.31360116601 9.29992485046
      vertex -4.44596624374 0.254308491945 9.47803592682
    endloop
  endfacet
  facet normal 0.969605028629 0.0776869207621 -0.232014805079
    outer loop
      vertex -4.19202232361 0.207839891315 9.22695446014
      vertex -4.15810632706 0.0904108211398 9.15435600281
      vertex -4.16553068161 0.166234865785 9.02056980133
    endloop
  endfacet
  facet normal -0.0396848171949 0.92976474762 0.36600908637
    outer loop
      vertex -4.61303949356 0.050058670342 9.47813606262
      vertex -4.67897462845 -0.145367488265 9.39839076996
      vertex -4.64466905594 -0.122617788613 9.40881061554
    endloop
  endfacet
  facet normal 0.854413986206 0.213505789638 0.473700374365
    outer loop
      vertex -4.42859649658 -0.335470616817 8.9083108902
      vertex -4.43416690826 -0.313754022121 8.97878456116
      vertex -4.46175813675 -0.36734610796 8.97029685974
    endloop
  endfacet
  facet normal 0.975001633167 0.0650534853339 -0.212461337447
    outer loop
      vertex -4.14206600189 -0.0501725636423 9.41545963287
      vertex -4.17368507385 0.0855067446828 9.44623470306
      vertex -4.17373609543 0.0557878650725 9.54405879974
    endloop
  endfacet
  facet normal 0.947048246861 -0.0301669202745 -0.319671005011
    outer loop
      vertex -4.13739538193 -0.0546903796494 9.51421070099
      vertex -4.14206600189 -0.0501725636423 9.41545963287
      vertex -4.17373609543 0.0557878650725 9.54405879974
    endloop
  endfacet
  facet normal -0.0712871104479 -0.358168810606 0.930931389332
    outer loop
      vertex -4.47998428345 -0.297721356153 8.81727790833
      vertex -4.44426774979 -0.307302385569 8.83507156372
      vertex -4.52383375168 -0.354437738657 8.97341918945
    endloop
  endfacet
  facet normal 0.0617591813207 0.256534874439 -0.964559853077
    outer loop
      vertex -4.29206466675 0.358052492142 9.11240100861
      vertex -4.38472270966 0.369097322226 9.09317970276
      vertex -4.37675523758 0.31360116601 9.29992485046
    endloop
  endfacet
  facet normal 0.192767575383 0.335594326258 -0.922072172165
    outer loop
      vertex -4.28832674026 0.334175497293 9.19260120392
      vertex -4.37675523758 0.31360116601 9.29992485046
      vertex -4.31791830063 0.277960240841 9.36405467987
    endloop
  endfacet
  facet normal -0.752126574516 0.14751110971 -0.642297506332
    outer loop
      vertex -4.50571489334 0.269307285547 9.28432369232
      vertex -4.59540128708 0.172635242343 9.24796581268
      vertex -4.58323907852 0.14955046773 9.41049385071
    endloop
  endfacet
  facet normal 0.667453885078 -0.454819649458 0.589613735676
    outer loop
      vertex -4.37719964981 -0.513154745102 9.23510742188
      vertex -4.31169462204 -0.493532568216 9.30579948425
      vertex -4.39764022827 -0.556278467178 9.26101493835
    endloop
  endfacet
  facet normal -0.973580420017 0.0572738237679 0.221044868231
    outer loop
      vertex -4.42265367508 -0.342260360718 8.98312664032
      vertex -4.42730522156 -0.29923465848 9.07011032104
      vertex -4.42859649658 -0.335470616817 8.9083108902
    endloop
  endfacet
  facet normal -0.164937525988 -0.660032093525 0.732907414436
    outer loop
      vertex -4.43786716461 -0.426785469055 9.08462047577
      vertex -4.43893623352 -0.520694315434 9.18916511536
      vertex -4.4690246582 -0.525120675564 9.20159912109
    endloop
  endfacet
  facet normal -0.794008612633 -0.310420274734 0.522675395012
    outer loop
      vertex -4.58289289474 -0.328879058361 9.00789833069
      vertex -4.61272382736 -0.24849063158 8.94884586334
      vertex -4.55928850174 -0.253121286631 8.8199634552
    endloop
  endfacet
  facet normal 0.116103924811 0.278435707092 -0.953411459923
    outer loop
      vertex -4.29206466675 0.358052492142 9.11240100861
      vertex -4.37675523758 0.31360116601 9.29992485046
      vertex -4.28832674026 0.334175497293 9.19260120392
    endloop
  endfacet
  facet normal -0.405932128429 0.168188080192 -0.898293852806
    outer loop
      vertex -4.44946718216 0.347937315702 9.04993057251
      vertex -4.44489717484 0.315037667751 9.23667812347
      vertex -4.38472270966 0.369097322226 9.09317970276
    endloop
  endfacet
  facet normal 0.831657230854 0.160617530346 -0.531552672386
    outer loop
      vertex -4.23908233643 0.348700433969 9.04373645782
      vertex -4.23268651962 0.316693902016 9.11654281616
      vertex -4.18626642227 0.262381911278 9.05592727661
    endloop
  endfacet
  facet normal 0.495768249035 0.336178511381 -0.800748288631
    outer loop
      vertex -4.23701763153 0.209481269121 9.40785980225
      vertex -4.25095176697 0.292187005281 9.23141098022
      vertex -4.31791830063 0.277960240841 9.36405467987
    endloop
  endfacet
  facet normal -0.800714612007 -0.0169898085296 -0.598805069923
    outer loop
      vertex -4.56457901001 0.230533123016 9.1376285553
      vertex -4.52083778381 0.285225480795 9.0037689209
      vertex -4.57515716553 0.212615385652 9.00465965271
    endloop
  endfacet
  facet normal 0.844289839268 0.20550301671 -0.494917303324
    outer loop
      vertex -4.23701763153 0.209481269121 9.40785980225
      vertex -4.17368507385 0.0855067446828 9.44623470306
      vertex -4.19202232361 0.207839891315 9.22695446014
    endloop
  endfacet
  facet normal 0.731156587601 -0.292366474867 0.616386175156
    outer loop
      vertex -4.30295753479 -0.230892434716 8.87458705902
      vertex -4.26091146469 -0.240135073662 8.99922275543
      vertex -4.34245204926 -0.374466121197 9.07850933075
    endloop
  endfacet
  facet normal 0.953268826008 -0.22231066227 0.204588741064
    outer loop
      vertex -4.18346881866 -0.122314244509 9.10801506042
      vertex -4.1547036171 -0.0172999352217 9.13471698761
      vertex -4.1448559761 -0.0947481542826 9.24821853638
    endloop
  endfacet
  facet normal -0.949443161488 0.313855826855 -0.00722584081814
    outer loop
      vertex -4.4690246582 -0.525120675564 9.20159912109
      vertex -4.4579372406 -0.548435032368 9.23567676544
      vertex -4.44270467758 -0.400555193424 9.27835178375
    endloop
  endfacet
  facet normal -0.00286578550003 0.903219521046 0.429169237614
    outer loop
      vertex -4.51547813416 0.0966720879078 9.5005941391
      vertex -4.61303949356 0.050058670342 9.47813606262
      vertex -4.59591960907 0.0130161112174 9.46058940887
    endloop
  endfacet
  facet normal -0.437073260546 0.878706216812 0.191943734884
    outer loop
      vertex -4.38728380203 -0.515109837055 9.28089523315
      vertex -4.38898515701 -0.417121052742 9.30145359039
      vertex -4.44270467758 -0.400555193424 9.27835178375
    endloop
  endfacet
  facet normal -0.997754812241 -0.0636545345187 -0.0208184886724
    outer loop
      vertex -4.42730522156 -0.29923465848 9.07011032104
      vertex -4.42265367508 -0.342260360718 8.98312664032
      vertex -4.44270467758 -0.400555193424 9.27835178375
    endloop
  endfacet
  facet normal 0.884528696537 0.0518244542181 0.463598161936
    outer loop
      vertex -4.43416690826 -0.313754022121 8.97878456116
      vertex -4.45326757431 -0.33162689209 9.1449098587
      vertex -4.46175813675 -0.36734610796 8.97029685974
    endloop
  endfacet
  facet normal -0.137905791402 0.947617769241 0.288101702929
    outer loop
      vertex -4.47531795502 0.18038161099 9.54444980621
      vertex -4.43111276627 0.227651193738 9.56525421143
      vertex -4.53979492188 0.171868607402 9.53247833252
    endloop
  endfacet
  facet normal -0.0741312503815 0.909007608891 0.410133719444
    outer loop
      vertex -4.36051654816 0.15005132556 9.5359992981
      vertex -4.33736753464 0.228089869022 9.573097229
      vertex -4.43111276627 0.227651193738 9.56525421143
    endloop
  endfacet
  facet normal -0.136346876621 0.90978461504 0.392047792673
    outer loop
      vertex -4.36051654816 0.15005132556 9.5359992981
      vertex -4.24884653091 0.17584580183 9.56385040283
      vertex -4.33736753464 0.228089869022 9.573097229
    endloop
  endfacet
  facet normal -0.331073194742 0.875698804855 0.351485669613
    outer loop
      vertex -4.23490524292 0.129029333591 9.55033016205
      vertex -4.17373609543 0.0557878650725 9.54405879974
      vertex -4.24884653091 0.17584580183 9.56385040283
    endloop
  endfacet
  facet normal -0.161771818995 0.931580066681 0.325558751822
    outer loop
      vertex -4.67897462845 -0.145367488265 9.39839076996
      vertex -4.61303949356 0.050058670342 9.47813606262
      vertex -4.64020204544 0.0378823280334 9.46916389465
    endloop
  endfacet
  facet normal -0.127893522382 0.92317289114 0.362484514713
    outer loop
      vertex -4.62675762177 -0.405012995005 9.30040931702
      vertex -4.64466905594 -0.122617788613 9.40881061554
      vertex -4.67844676971 -0.324661433697 9.32479858398
    endloop
  endfacet
  facet normal -0.2173846066 0.886324286461 0.408868163824
    outer loop
      vertex -4.64062929153 -0.436013579369 9.28270626068
      vertex -4.62675762177 -0.405012995005 9.30040931702
      vertex -4.67844676971 -0.324661433697 9.32479858398
    endloop
  endfacet
  facet normal 0.049745362252 0.938180148602 0.342554330826
    outer loop
      vertex -4.52537107468 -0.504630744457 9.25866031647
      vertex -4.62675762177 -0.405012995005 9.30040931702
      vertex -4.59070968628 -0.496776372194 9.26499271393
    endloop
  endfacet
  facet normal -0.186271265149 0.902274250984 0.388849794865
    outer loop
      vertex -4.38728380203 -0.515109837055 9.28089523315
      vertex -4.39764022827 -0.556278467178 9.26101493835
      vertex -4.31169462204 -0.493532568216 9.30579948425
    endloop
  endfacet
  facet normal 0.135087609291 0.818767666817 0.558006167412
    outer loop
      vertex -4.20456027985 -0.344092458487 9.38996982574
      vertex -4.31169462204 -0.493532568216 9.30579948425
      vertex -4.24950790405 -0.428005069494 9.34019756317
    endloop
  endfacet
  facet normal 0.250620663166 -0.393765509129 0.88438564539
    outer loop
      vertex -4.44426774979 -0.307302385569 8.83507156372
      vertex -4.38850164413 -0.296674817801 8.84669589996
      vertex -4.42859649658 -0.335470616817 8.9083108902
    endloop
  endfacet
  facet normal 0.0439907647669 -0.717152118683 0.695526897907
    outer loop
      vertex -4.52727890015 -0.487778753042 9.184425354
      vertex -4.53858757019 -0.423492252827 9.12138366699
      vertex -4.48897075653 -0.448184192181 9.1483745575
    endloop
  endfacet
  facet normal -0.203559145331 -0.430319935083 0.879425048828
    outer loop
      vertex -4.46175813675 -0.36734610796 8.97029685974
      vertex -4.48897075653 -0.448184192181 9.1483745575
      vertex -4.53858757019 -0.423492252827 9.12138366699
    endloop
  endfacet
  facet normal -0.950417220592 0.102150402963 -0.29372164607
    outer loop
      vertex -4.42859649658 -0.335470616817 8.9083108902
      vertex -4.43786716461 -0.426785469055 9.08462047577
      vertex -4.42265367508 -0.342260360718 8.98312664032
    endloop
  endfacet
  facet normal 0.381193727255 -0.409292548895 0.828957736492
    outer loop
      vertex -4.42859649658 -0.335470616817 8.9083108902
      vertex -4.35923099518 -0.31829059124 8.93811893463
      vertex -4.43786716461 -0.426785469055 9.08462047577
    endloop
  endfacet
  facet normal -0.204458028078 -0.430641084909 0.879059255123
    outer loop
      vertex -4.52383375168 -0.354437738657 8.97341918945
      vertex -4.46175813675 -0.36734610796 8.97029685974
      vertex -4.53858757019 -0.423492252827 9.12138366699
    endloop
  endfacet
  facet normal -0.549975454807 -0.397610127926 0.734461128712
    outer loop
      vertex -4.58289289474 -0.328879058361 9.00789833069
      vertex -4.52383375168 -0.354437738657 8.97341918945
      vertex -4.53858757019 -0.423492252827 9.12138366699
    endloop
  endfacet
  facet normal -0.829535007477 -0.327681303024 0.452213078737
    outer loop
      vertex -4.61684370041 -0.166723385453 8.84643363953
      vertex -4.55928850174 -0.253121286631 8.8199634552
      vertex -4.61272382736 -0.24849063158 8.94884586334
    endloop
  endfacet
  facet normal 0.530679941177 0.301596343517 -0.792097449303
    outer loop
      vertex -4.29206466675 0.358052492142 9.11240100861
      vertex -4.23268651962 0.316693902016 9.11654281616
      vertex -4.23908233643 0.348700433969 9.04373645782
    endloop
  endfacet
  facet normal -0.509217083454 0.161391988397 -0.84537011385
    outer loop
      vertex -4.44946718216 0.347937315702 9.04993057251
      vertex -4.50571489334 0.269307285547 9.28432369232
      vertex -4.44489717484 0.315037667751 9.23667812347
    endloop
  endfacet
  facet normal 0.638033628464 0.192247346044 -0.745623230934
    outer loop
      vertex -4.29206466675 0.358052492142 9.11240100861
      vertex -4.28832674026 0.334175497293 9.19260120392
      vertex -4.25095176697 0.292187005281 9.23141098022
    endloop
  endfacet
  facet normal 0.540242016315 0.256870120764 -0.801346540451
    outer loop
      vertex -4.23268651962 0.316693902016 9.11654281616
      vertex -4.29206466675 0.358052492142 9.11240100861
      vertex -4.25095176697 0.292187005281 9.23141098022
    endloop
  endfacet
  facet normal 0.472399324179 0.249370321631 -0.845371723175
    outer loop
      vertex -4.31017160416 0.393192797899 9.02757549286
      vertex -4.29206466675 0.358052492142 9.11240100861
      vertex -4.23908233643 0.348700433969 9.04373645782
    endloop
  endfacet
  facet normal -0.432164311409 0.218946650624 -0.874812185764
    outer loop
      vertex -4.36410808563 0.405702203512 8.9876127243
      vertex -4.44946718216 0.347937315702 9.04993057251
      vertex -4.38472270966 0.369097322226 9.09317970276
    endloop
  endfacet
  facet normal -0.686058163643 0.0780223682523 -0.72335100174
    outer loop
      vertex -4.44946718216 0.347937315702 9.04993057251
      vertex -4.52083778381 0.285225480795 9.0037689209
      vertex -4.50571489334 0.269307285547 9.28432369232
    endloop
  endfacet
  facet normal 0.519011080265 0.345866382122 -0.781667411327
    outer loop
      vertex -4.31791830063 0.277960240841 9.36405467987
      vertex -4.25095176697 0.292187005281 9.23141098022
      vertex -4.28832674026 0.334175497293 9.19260120392
    endloop
  endfacet
  facet normal -0.750787615776 0.130093276501 -0.647606134415
    outer loop
      vertex -4.50571489334 0.269307285547 9.28432369232
      vertex -4.56457901001 0.230533123016 9.1376285553
      vertex -4.59540128708 0.172635242343 9.24796581268
    endloop
  endfacet
  facet normal 0.97986894846 0.0898352712393 -0.178287535906
    outer loop
      vertex -4.16553068161 0.166234865785 9.02056980133
      vertex -4.18626642227 0.262381911278 9.05592727661
      vertex -4.19202232361 0.207839891315 9.22695446014
    endloop
  endfacet
  facet normal -0.994129955769 0.0568876489997 -0.0920295193791
    outer loop
      vertex -4.63351726532 0.0790359675884 9.21631908417
      vertex -4.65146780014 -0.0536057651043 9.11720752716
      vertex -4.6374168396 0.00189235468861 9.27297496796
    endloop
  endfacet
  facet normal -0.932947874069 0.107029907405 -0.343733668327
    outer loop
      vertex -4.59540128708 0.172635242343 9.24796581268
      vertex -4.63351726532 0.0790359675884 9.21631908417
      vertex -4.6187620163 0.0762004479766 9.35404396057
    endloop
  endfacet
  facet normal -0.201047256589 0.238189041615 -0.950182080269
    outer loop
      vertex -4.37675523758 0.31360116601 9.29992485046
      vertex -4.44489717484 0.315037667751 9.23667812347
      vertex -4.44596624374 0.254308491945 9.47803592682
    endloop
  endfacet
  facet normal -0.970846116543 -0.0760348439217 -0.227324724197
    outer loop
      vertex -4.62407541275 0.0195377245545 8.92743873596
      vertex -4.63089799881 0.0399451516569 9.07556724548
      vertex -4.60814714432 0.145650565624 9.10110569
    endloop
  endfacet
  facet normal -0.980349183083 -0.0695167481899 -0.184615492821
    outer loop
      vertex -4.65146780014 -0.0536057651043 9.11720752716
      vertex -4.63351726532 0.0790359675884 9.21631908417
      vertex -4.63089799881 0.0399451516569 9.07556724548
    endloop
  endfacet
  facet normal -0.996235489845 0.0860100612044 -0.0108242984861
    outer loop
      vertex -4.64794635773 -0.149901881814 9.17011547089
      vertex -4.6374168396 0.00189235468861 9.27297496796
      vertex -4.65146780014 -0.0536057651043 9.11720752716
    endloop
  endfacet
  facet normal -0.896089613438 0.393844664097 0.204718887806
    outer loop
      vertex -4.64794635773 -0.149901881814 9.17011547089
      vertex -4.6187620163 0.0762004479766 9.35404396057
      vertex -4.6374168396 0.00189235468861 9.27297496796
    endloop
  endfacet
  facet normal -0.530029594898 0.226749002934 -0.817100703716
    outer loop
      vertex -4.44596624374 0.254308491945 9.47803592682
      vertex -4.50571489334 0.269307285547 9.28432369232
      vertex -4.51566648483 0.213447481394 9.46235561371
    endloop
  endfacet
  facet normal 0.342337548733 0.232114717364 -0.910454690456
    outer loop
      vertex -4.28899240494 0.231512263417 9.50358200073
      vertex -4.31791830063 0.277960240841 9.36405467987
      vertex -4.34508991241 0.250270277262 9.51274108887
    endloop
  endfacet
  facet normal 0.59428024292 0.140418812633 -0.791905045509
    outer loop
      vertex -4.28899240494 0.231512263417 9.50358200073
      vertex -4.23701763153 0.209481269121 9.40785980225
      vertex -4.31791830063 0.277960240841 9.36405467987
    endloop
  endfacet
  facet normal 0.952891290188 -0.0409531854093 -0.300534635782
    outer loop
      vertex -4.15810632706 0.0904108211398 9.15435600281
      vertex -4.19202232361 0.207839891315 9.22695446014
      vertex -4.1577539444 0.105449408293 9.27291488647
    endloop
  endfacet
  facet normal -0.949091076851 -0.123412556946 -0.28981974721
    outer loop
      vertex -4.62407541275 0.0195377245545 8.92743873596
      vertex -4.60814714432 0.145650565624 9.10110569
      vertex -4.57515716553 0.212615385652 9.00465965271
    endloop
  endfacet
  facet normal 0.976303696632 0.111107036471 -0.185704812407
    outer loop
      vertex -4.1577539444 0.105449408293 9.27291488647
      vertex -4.17368507385 0.0855067446828 9.44623470306
      vertex -4.14115095139 0.013160739094 9.28127479553
    endloop
  endfacet
  facet normal -0.971068739891 -0.205167576671 -0.122195631266
    outer loop
      vertex -4.64499187469 -0.15664164722 9.02518939972
      vertex -4.65146780014 -0.0536057651043 9.11720752716
      vertex -4.63089799881 0.0399451516569 9.07556724548
    endloop
  endfacet
  facet normal -0.996169447899 -0.0818855166435 -0.0306779164821
    outer loop
      vertex -4.67897462845 -0.145367488265 9.39839076996
      vertex -4.67082834244 -0.195268169045 9.28059387207
      vertex -4.67844676971 -0.324661433697 9.32479858398
    endloop
  endfacet
  facet normal -0.735024034977 0.140411391854 -0.663343310356
    outer loop
      vertex -4.51566648483 0.213447481394 9.46235561371
      vertex -4.58323907852 0.14955046773 9.41049385071
      vertex -4.53979492188 0.171868607402 9.53247833252
    endloop
  endfacet
  facet normal -0.506015956402 0.304404646158 -0.807022690773
    outer loop
      vertex -4.51566648483 0.213447481394 9.46235561371
      vertex -4.53979492188 0.171868607402 9.53247833252
      vertex -4.43111276627 0.227651193738 9.56525421143
    endloop
  endfacet
  facet normal -0.0710182189941 0.294195830822 -0.953102946281
    outer loop
      vertex -4.43111276627 0.227651193738 9.56525421143
      vertex -4.34508991241 0.250270277262 9.51274108887
      vertex -4.37675523758 0.31360116601 9.29992485046
    endloop
  endfacet
  facet normal 0.345473259687 0.284440487623 -0.894282877445
    outer loop
      vertex -4.28899240494 0.231512263417 9.50358200073
      vertex -4.34508991241 0.250270277262 9.51274108887
      vertex -4.33736753464 0.228089869022 9.573097229
    endloop
  endfacet
  facet normal 0.749181032181 0.193410232663 -0.633498430252
    outer loop
      vertex -4.19921588898 0.137080535293 9.49857616425
      vertex -4.23701763153 0.209481269121 9.40785980225
      vertex -4.24884653091 0.17584580183 9.56385040283
    endloop
  endfacet
  facet normal 0.995852053165 -0.0907624959946 0.00638828333467
    outer loop
      vertex -4.14115095139 0.013160739094 9.28127479553
      vertex -4.1448559761 -0.0947481542826 9.24821853638
      vertex -4.1547036171 -0.0172999352217 9.13471698761
    endloop
  endfacet
  facet normal 0.993497550488 -0.102271236479 -0.0500322133303
    outer loop
      vertex -4.1547036171 -0.0172999352217 9.13471698761
      vertex -4.15810632706 0.0904108211398 9.15435600281
      vertex -4.14115095139 0.013160739094 9.28127479553
    endloop
  endfacet
  facet normal 0.969910502434 -0.192823931575 0.148635685444
    outer loop
      vertex -4.20053052902 -0.0705371573567 8.94524288177
      vertex -4.16362047195 0.0785676315427 9.01596641541
      vertex -4.1547036171 -0.0172999352217 9.13471698761
    endloop
  endfacet
  facet normal 0.913362085819 -0.173989519477 0.368099689484
    outer loop
      vertex -4.17621088028 -0.202370241284 9.22933769226
      vertex -4.16132164001 -0.231390595436 9.36889648438
      vertex -4.212246418 -0.311726987362 9.27152824402
    endloop
  endfacet
  facet normal 0.662877202034 -0.395445555449 0.635780334473
    outer loop
      vertex -4.26091146469 -0.240135073662 8.99922275543
      vertex -4.27396678925 -0.391115009785 9.22007751465
      vertex -4.34245204926 -0.374466121197 9.07850933075
    endloop
  endfacet
  facet normal 0.895654380322 -0.21731749177 0.388041675091
    outer loop
      vertex -4.20053052902 -0.0705371573567 8.94524288177
      vertex -4.18346881866 -0.122314244509 9.10801506042
      vertex -4.26091146469 -0.240135073662 8.99922275543
    endloop
  endfacet
  facet normal 0.972296118736 -0.104238726199 0.209223717451
    outer loop
      vertex -4.14227104187 -0.154336616397 9.39193248749
      vertex -4.16132164001 -0.231390595436 9.36889648438
      vertex -4.1448559761 -0.0947481542826 9.24821853638
    endloop
  endfacet
  facet normal 0.675058722496 -0.399509966373 0.620231807232
    outer loop
      vertex -4.37719964981 -0.513154745102 9.23510742188
      vertex -4.34245204926 -0.374466121197 9.07850933075
      vertex -4.27396678925 -0.391115009785 9.22007751465
    endloop
  endfacet
  facet normal 0.653053462505 -0.347328990698 0.672966361046
    outer loop
      vertex -4.30295753479 -0.230892434716 8.87458705902
      vertex -4.34245204926 -0.374466121197 9.07850933075
      vertex -4.35923099518 -0.31829059124 8.93811893463
    endloop
  endfacet
  facet normal 0.947284042835 -0.214006572962 0.238440975547
    outer loop
      vertex -4.1448559761 -0.0947481542826 9.24821853638
      vertex -4.17621088028 -0.202370241284 9.22933769226
      vertex -4.18346881866 -0.122314244509 9.10801506042
    endloop
  endfacet
  facet normal 0.992820322514 -0.117081269622 -0.0244902316481
    outer loop
      vertex -4.14227104187 -0.154336616397 9.39193248749
      vertex -4.14206600189 -0.0501725636423 9.41545963287
      vertex -4.13327312469 -0.163791820407 9.46625518799
    endloop
  endfacet
  facet normal 0.910608887672 -0.162881955504 0.379816919565
    outer loop
      vertex -4.16132164001 -0.231390595436 9.36889648438
      vertex -4.20456027985 -0.344092458487 9.38996982574
      vertex -4.212246418 -0.311726987362 9.27152824402
    endloop
  endfacet
  facet normal 0.906816840172 -0.164858236909 0.387949705124
    outer loop
      vertex -4.212246418 -0.311726987362 9.27152824402
      vertex -4.20456027985 -0.344092458487 9.38996982574
      vertex -4.24950790405 -0.428005069494 9.34019756317
    endloop
  endfacet
  facet normal 0.837434411049 -0.308969914913 0.450822860003
    outer loop
      vertex -4.212246418 -0.311726987362 9.27152824402
      vertex -4.24950790405 -0.428005069494 9.34019756317
      vertex -4.27396678925 -0.391115009785 9.22007751465
    endloop
  endfacet
  facet normal 0.658063232899 -0.440218150616 0.610868871212
    outer loop
      vertex -4.27396678925 -0.391115009785 9.22007751465
      vertex -4.31169462204 -0.493532568216 9.30579948425
      vertex -4.37719964981 -0.513154745102 9.23510742188
    endloop
  endfacet
  facet normal 0.474988251925 -0.522019982338 0.708435833454
    outer loop
      vertex -4.37719964981 -0.513154745102 9.23510742188
      vertex -4.43893623352 -0.520694315434 9.18916511536
      vertex -4.34245204926 -0.374466121197 9.07850933075
    endloop
  endfacet
  facet normal 0.343932151794 -0.625535964966 0.700296700001
    outer loop
      vertex -4.34245204926 -0.374466121197 9.07850933075
      vertex -4.43893623352 -0.520694315434 9.18916511536
      vertex -4.43786716461 -0.426785469055 9.08462047577
    endloop
  endfacet
  facet normal 0.355472147465 -0.321335077286 0.877714812756
    outer loop
      vertex -4.35923099518 -0.31829059124 8.93811893463
      vertex -4.42859649658 -0.335470616817 8.9083108902
      vertex -4.38850164413 -0.296674817801 8.84669589996
    endloop
  endfacet
  facet normal 0.0896232649684 -0.482914626598 0.871068954468
    outer loop
      vertex -4.4579372406 -0.548435032368 9.23567676544
      vertex -4.43893623352 -0.520694315434 9.18916511536
      vertex -4.39764022827 -0.556278467178 9.26101493835
    endloop
  endfacet
  facet normal 0.997364342213 -0.0445515140891 -0.0572677068412
    outer loop
      vertex -4.13327312469 -0.163791820407 9.46625518799
      vertex -4.14206600189 -0.0501725636423 9.41545963287
      vertex -4.13739538193 -0.0546903796494 9.51421070099
    endloop
  endfacet
  facet normal -0.456773042679 -0.414235770702 0.787252902985
    outer loop
      vertex -4.47998428345 -0.297721356153 8.81727790833
      vertex -4.52383375168 -0.354437738657 8.97341918945
      vertex -4.55928850174 -0.253121286631 8.8199634552
    endloop
  endfacet
  facet normal -0.205001473427 -0.419228106737 0.884433269501
    outer loop
      vertex -4.46175813675 -0.36734610796 8.97029685974
      vertex -4.52383375168 -0.354437738657 8.97341918945
      vertex -4.44426774979 -0.307302385569 8.83507156372
    endloop
  endfacet
  facet normal -0.601331830025 -0.359943717718 0.713330626488
    outer loop
      vertex -4.62537050247 -0.401854544878 9.22348403931
      vertex -4.58289289474 -0.328879058361 9.00789833069
      vertex -4.53858757019 -0.423492252827 9.12138366699
    endloop
  endfacet
  facet normal -0.964779019356 -0.139337047935 0.223129123449
    outer loop
      vertex -4.64499187469 -0.15664164722 9.02518939972
      vertex -4.61684370041 -0.166723385453 8.84643363953
      vertex -4.61272382736 -0.24849063158 8.94884586334
    endloop
  endfacet
  facet normal -0.987121462822 -0.157132282853 -0.0300118010491
    outer loop
      vertex -4.62407541275 0.0195377245545 8.92743873596
      vertex -4.61684370041 -0.166723385453 8.84643363953
      vertex -4.64499187469 -0.15664164722 9.02518939972
    endloop
  endfacet
  facet normal -0.965256631374 -0.17931599915 0.190066978335
    outer loop
      vertex -4.61272382736 -0.24849063158 8.94884586334
      vertex -4.64666652679 -0.294505208731 9.18033313751
      vertex -4.64499187469 -0.15664164722 9.02518939972
    endloop
  endfacet
  facet normal -0.999749302864 -0.019903762266 0.0102546485141
    outer loop
      vertex -4.64666652679 -0.294505208731 9.18033313751
      vertex -4.64794635773 -0.149901881814 9.17011547089
      vertex -4.64499187469 -0.15664164722 9.02518939972
    endloop
  endfacet
  facet normal -0.699931561947 -0.483527541161 0.525639593601
    outer loop
      vertex -4.64062929153 -0.436013579369 9.28270626068
      vertex -4.62537050247 -0.401854544878 9.22348403931
      vertex -4.53858757019 -0.423492252827 9.12138366699
    endloop
  endfacet
  facet normal -0.530856907368 -0.494782239199 0.688027262688
    outer loop
      vertex -4.52727890015 -0.487778753042 9.184425354
      vertex -4.52123975754 -0.526855230331 9.2322845459
      vertex -4.59070968628 -0.496776372194 9.26499271393
    endloop
  endfacet
  facet normal 0.813767790794 0.0311269108206 0.580356061459
    outer loop
      vertex -4.43416690826 -0.313754022121 8.97878456116
      vertex -4.42730522156 -0.29923465848 9.07011032104
      vertex -4.45326757431 -0.33162689209 9.1449098587
    endloop
  endfacet
  facet normal 0.953751206398 0.101509295404 0.282938987017
    outer loop
      vertex -4.48897075653 -0.448184192181 9.1483745575
      vertex -4.48541784286 -0.387030512094 9.28544807434
      vertex -4.52123975754 -0.526855230331 9.2322845459
    endloop
  endfacet
  facet normal 0.102551974356 0.916474342346 0.38672709465
    outer loop
      vertex -4.64466905594 -0.122617788613 9.40881061554
      vertex -4.59591960907 0.0130161112174 9.46058940887
      vertex -4.61303949356 0.050058670342 9.47813606262
    endloop
  endfacet
  facet normal -0.159776613116 0.934696137905 0.317513138056
    outer loop
      vertex -4.24884653091 0.17584580183 9.56385040283
      vertex -4.36051654816 0.15005132556 9.5359992981
      vertex -4.23490524292 0.129029333591 9.55033016205
    endloop
  endfacet
  facet normal -0.0316630899906 0.925395965576 0.377676814795
    outer loop
      vertex -4.36051654816 0.15005132556 9.5359992981
      vertex -4.43111276627 0.227651193738 9.56525421143
      vertex -4.47531795502 0.18038161099 9.54444980621
    endloop
  endfacet
  facet normal -0.0291105359793 0.924681723118 0.379626512527
    outer loop
      vertex -4.64466905594 -0.122617788613 9.40881061554
      vertex -4.67897462845 -0.145367488265 9.39839076996
      vertex -4.67844676971 -0.324661433697 9.32479858398
    endloop
  endfacet
  facet normal -0.195328146219 0.886739552021 0.418974757195
    outer loop
      vertex -4.62675762177 -0.405012995005 9.30040931702
      vertex -4.64062929153 -0.436013579369 9.28270626068
      vertex -4.59070968628 -0.496776372194 9.26499271393
    endloop
  endfacet
  facet normal -0.090203486383 0.922852635384 0.374441355467
    outer loop
      vertex -4.16375350952 -0.0667963176966 9.50263118744
      vertex -4.15161180496 -0.229812130332 9.43767547607
      vertex -4.13327312469 -0.163791820407 9.46625518799
    endloop
  endfacet
  facet normal -0.208285614848 0.892465829849 0.40015232563
    outer loop
      vertex -4.16375350952 -0.0667963176966 9.50263118744
      vertex -4.13327312469 -0.163791820407 9.46625518799
      vertex -4.13739538193 -0.0546903796494 9.51421070099
    endloop
  endfacet
  facet normal -0.249495610595 0.911059439182 0.328211247921
    outer loop
      vertex -4.16375350952 -0.0667963176966 9.50263118744
      vertex -4.13739538193 -0.0546903796494 9.51421070099
      vertex -4.17373609543 0.0557878650725 9.54405879974
    endloop
  endfacet
  facet normal -0.0335416719317 0.348521769047 -0.936700344086
    outer loop
      vertex -4.34508991241 0.250270277262 9.51274108887
      vertex -4.43111276627 0.227651193738 9.56525421143
      vertex -4.33736753464 0.228089869022 9.573097229
    endloop
  endfacet
  facet normal 0.498562425375 0.385179400444 -0.776577353477
    outer loop
      vertex -4.28899240494 0.231512263417 9.50358200073
      vertex -4.33736753464 0.228089869022 9.573097229
      vertex -4.24884653091 0.17584580183 9.56385040283
    endloop
  endfacet
  facet normal 0.818325340748 0.352692008018 -0.453819334507
    outer loop
      vertex -4.19921588898 0.137080535293 9.49857616425
      vertex -4.24884653091 0.17584580183 9.56385040283
      vertex -4.17373609543 0.0557878650725 9.54405879974
    endloop
  endfacet
  facet normal 0.157494917512 -0.38366818428 0.909941792488
    outer loop
      vertex -4.44426774979 -0.307302385569 8.83507156372
      vertex -4.42859649658 -0.335470616817 8.9083108902
      vertex -4.46175813675 -0.36734610796 8.97029685974
    endloop
  endfacet
  facet normal 0.765234231949 -0.326249331236 0.554957568645
    outer loop
      vertex -4.27396678925 -0.391115009785 9.22007751465
      vertex -4.24950790405 -0.428005069494 9.34019756317
      vertex -4.31169462204 -0.493532568216 9.30579948425
    endloop
  endfacet
  facet normal 0.970720469952 -0.132439762354 0.200403183699
    outer loop
      vertex -4.14227104187 -0.154336616397 9.39193248749
      vertex -4.15161180496 -0.229812130332 9.43767547607
      vertex -4.16132164001 -0.231390595436 9.36889648438
    endloop
  endfacet
  facet normal -0.0999424383044 -0.539471268654 0.83605158329
    outer loop
      vertex -4.4579372406 -0.548435032368 9.23567676544
      vertex -4.4690246582 -0.525120675564 9.20159912109
      vertex -4.43893623352 -0.520694315434 9.18916511536
    endloop
  endfacet
  facet normal 0.639407515526 -0.364748805761 0.676842927933
    outer loop
      vertex -4.38850164413 -0.296674817801 8.84669589996
      vertex -4.30295753479 -0.230892434716 8.87458705902
      vertex -4.35923099518 -0.31829059124 8.93811893463
    endloop
  endfacet
  facet normal -0.166618525982 0.933867633343 0.316432505846
    outer loop
      vertex -4.53979492188 0.171868607402 9.53247833252
      vertex -4.64020204544 0.0378823280334 9.46916389465
      vertex -4.61303949356 0.050058670342 9.47813606262
    endloop
  endfacet
  facet normal -0.542909801006 -0.371740937233 0.753032267094
    outer loop
      vertex -4.55928850174 -0.253121286631 8.8199634552
      vertex -4.52383375168 -0.354437738657 8.97341918945
      vertex -4.58289289474 -0.328879058361 9.00789833069
    endloop
  endfacet
  facet normal -0.222210809588 0.260747641325 -0.939485490322
    outer loop
      vertex -4.37675523758 0.31360116601 9.29992485046
      vertex -4.38472270966 0.369097322226 9.09317970276
      vertex -4.44489717484 0.315037667751 9.23667812347
    endloop
  endfacet
  facet normal 0.0322219803929 0.376647531986 -0.925796091557
    outer loop
      vertex -4.31017160416 0.393192797899 9.02757549286
      vertex -4.38472270966 0.369097322226 9.09317970276
      vertex -4.29206466675 0.358052492142 9.11240100861
    endloop
  endfacet
  facet normal -0.020643433556 0.323939025402 -0.945852696896
    outer loop
      vertex -4.38472270966 0.369097322226 9.09317970276
      vertex -4.31017160416 0.393192797899 9.02757549286
      vertex -4.36410808563 0.405702203512 8.9876127243
    endloop
  endfacet
  facet normal 0.800978004932 0.244004577398 -0.546713769436
    outer loop
      vertex -4.23268651962 0.316693902016 9.11654281616
      vertex -4.25095176697 0.292187005281 9.23141098022
      vertex -4.19202232361 0.207839891315 9.22695446014
    endloop
  endfacet
  facet normal 0.840906739235 0.189912244678 -0.506763458252
    outer loop
      vertex -4.18626642227 0.262381911278 9.05592727661
      vertex -4.23268651962 0.316693902016 9.11654281616
      vertex -4.19202232361 0.207839891315 9.22695446014
    endloop
  endfacet
  facet normal -0.676681041718 0.0780150964856 -0.732131421566
    outer loop
      vertex -4.56457901001 0.230533123016 9.1376285553
      vertex -4.50571489334 0.269307285547 9.28432369232
      vertex -4.52083778381 0.285225480795 9.0037689209
    endloop
  endfacet
  facet normal -0.888358294964 -0.0072556277737 -0.459093600512
    outer loop
      vertex -4.59540128708 0.172635242343 9.24796581268
      vertex -4.56457901001 0.230533123016 9.1376285553
      vertex -4.60814714432 0.145650565624 9.10110569
    endloop
  endfacet
  facet normal -0.970127046108 -0.0815126746893 -0.228493392467
    outer loop
      vertex -4.60814714432 0.145650565624 9.10110569
      vertex -4.63089799881 0.0399451516569 9.07556724548
      vertex -4.63351726532 0.0790359675884 9.21631908417
    endloop
  endfacet
  facet normal -0.927476882935 0.0118312723935 -0.373693197966
    outer loop
      vertex -4.60814714432 0.145650565624 9.10110569
      vertex -4.63351726532 0.0790359675884 9.21631908417
      vertex -4.59540128708 0.172635242343 9.24796581268
    endloop
  endfacet
  facet normal 0.808667957783 0.196101397276 -0.554617345333
    outer loop
      vertex -4.23701763153 0.209481269121 9.40785980225
      vertex -4.19202232361 0.207839891315 9.22695446014
      vertex -4.25095176697 0.292187005281 9.23141098022
    endloop
  endfacet
  facet normal -0.891322433949 0.00983031373471 -0.453263372183
    outer loop
      vertex -4.57515716553 0.212615385652 9.00465965271
      vertex -4.60814714432 0.145650565624 9.10110569
      vertex -4.56457901001 0.230533123016 9.1376285553
    endloop
  endfacet
  facet normal -0.985673069954 0.10826458782 -0.12933434546
    outer loop
      vertex -4.63351726532 0.0790359675884 9.21631908417
      vertex -4.6374168396 0.00189235468861 9.27297496796
      vertex -4.6187620163 0.0762004479766 9.35404396057
    endloop
  endfacet
  facet normal -0.475300550461 0.212704136968 -0.853724956512
    outer loop
      vertex -4.44489717484 0.315037667751 9.23667812347
      vertex -4.50571489334 0.269307285547 9.28432369232
      vertex -4.44596624374 0.254308491945 9.47803592682
    endloop
  endfacet
  facet normal -0.926593005657 0.119961619377 -0.356419116259
    outer loop
      vertex -4.59540128708 0.172635242343 9.24796581268
      vertex -4.6187620163 0.0762004479766 9.35404396057
      vertex -4.58323907852 0.14955046773 9.41049385071
    endloop
  endfacet
  facet normal -0.741032421589 0.162962079048 -0.651394128799
    outer loop
      vertex -4.50571489334 0.269307285547 9.28432369232
      vertex -4.58323907852 0.14955046773 9.41049385071
      vertex -4.51566648483 0.213447481394 9.46235561371
    endloop
  endfacet
  facet normal 0.891809642315 -0.0106493160129 -0.452285498381
    outer loop
      vertex -4.19921588898 0.137080535293 9.49857616425
      vertex -4.17368507385 0.0855067446828 9.44623470306
      vertex -4.23701763153 0.209481269121 9.40785980225
    endloop
  endfacet
  facet normal 0.922114670277 0.126818791032 -0.365542769432
    outer loop
      vertex -4.17368507385 0.0855067446828 9.44623470306
      vertex -4.1577539444 0.105449408293 9.27291488647
      vertex -4.19202232361 0.207839891315 9.22695446014
    endloop
  endfacet
  facet normal 0.998836517334 -0.0418503843248 -0.0239619538188
    outer loop
      vertex -4.15810632706 0.0904108211398 9.15435600281
      vertex -4.16362047195 0.0785676315427 9.01596641541
      vertex -4.16553068161 0.166234865785 9.02056980133
    endloop
  endfacet
  facet normal -0.976972877979 -0.212051093578 0.0236301682889
    outer loop
      vertex -4.64666652679 -0.294505208731 9.18033313751
      vertex -4.67082834244 -0.195268169045 9.28059387207
      vertex -4.64794635773 -0.149901881814 9.17011547089
    endloop
  endfacet
  facet normal -0.933956861496 -0.208566308022 -0.290214955807
    outer loop
      vertex -4.6187620163 0.0762004479766 9.35404396057
      vertex -4.64794635773 -0.149901881814 9.17011547089
      vertex -4.65761327744 -0.0295760706067 9.38083457947
    endloop
  endfacet
  facet normal 0.98428362608 -0.0250979959965 -0.174802407622
    outer loop
      vertex -4.15810632706 0.0904108211398 9.15435600281
      vertex -4.1577539444 0.105449408293 9.27291488647
      vertex -4.14115095139 0.013160739094 9.28127479553
    endloop
  endfacet
  facet normal 0.998291254044 -0.0431501716375 -0.0394040495157
    outer loop
      vertex -4.16362047195 0.0785676315427 9.01596641541
      vertex -4.15810632706 0.0904108211398 9.15435600281
      vertex -4.1547036171 -0.0172999352217 9.13471698761
    endloop
  endfacet
  facet normal -0.998751521111 -0.0181968100369 0.0465220473707
    outer loop
      vertex -4.64794635773 -0.149901881814 9.17011547089
      vertex -4.65146780014 -0.0536057651043 9.11720752716
      vertex -4.64499187469 -0.15664164722 9.02518939972
    endloop
  endfacet
  facet normal -0.848447859287 -0.41097804904 0.333516538143
    outer loop
      vertex -4.64666652679 -0.294505208731 9.18033313751
      vertex -4.62537050247 -0.401854544878 9.22348403931
      vertex -4.64062929153 -0.436013579369 9.28270626068
    endloop
  endfacet
  facet normal -0.941057801247 -0.25371336937 0.223695665598
    outer loop
      vertex -4.64666652679 -0.294505208731 9.18033313751
      vertex -4.64062929153 -0.436013579369 9.28270626068
      vertex -4.67844676971 -0.324661433697 9.32479858398
    endloop
  endfacet
  facet normal -0.975749850273 -0.21821962297 0.0171002354473
    outer loop
      vertex -4.67082834244 -0.195268169045 9.28059387207
      vertex -4.64666652679 -0.294505208731 9.18033313751
      vertex -4.67844676971 -0.324661433697 9.32479858398
    endloop
  endfacet
  facet normal -0.977816402912 -0.135342851281 -0.159866839647
    outer loop
      vertex -4.65761327744 -0.0295760706067 9.38083457947
      vertex -4.67082834244 -0.195268169045 9.28059387207
      vertex -4.67897462845 -0.145367488265 9.39839076996
    endloop
  endfacet
  facet normal -0.980840206146 0.0494277961552 -0.18843947351
    outer loop
      vertex -4.65761327744 -0.0295760706067 9.38083457947
      vertex -4.67897462845 -0.145367488265 9.39839076996
      vertex -4.64020204544 0.0378823280334 9.46916389465
    endloop
  endfacet
  facet normal -0.82701420784 0.198292523623 -0.526049017906
    outer loop
      vertex -4.58323907852 0.14955046773 9.41049385071
      vertex -4.64020204544 0.0378823280334 9.46916389465
      vertex -4.53979492188 0.171868607402 9.53247833252
    endloop
  endfacet
  facet normal -0.531576395035 0.329072982073 -0.780472636223
    outer loop
      vertex -4.44596624374 0.254308491945 9.47803592682
      vertex -4.51566648483 0.213447481394 9.46235561371
      vertex -4.43111276627 0.227651193738 9.56525421143
    endloop
  endfacet
  facet normal 0.675857365131 0.203967630863 -0.708247125149
    outer loop
      vertex -4.23701763153 0.209481269121 9.40785980225
      vertex -4.28899240494 0.231512263417 9.50358200073
      vertex -4.24884653091 0.17584580183 9.56385040283
    endloop
  endfacet
  facet normal 0.930014550686 0.107275381684 -0.35151809454
    outer loop
      vertex -4.17373609543 0.0557878650725 9.54405879974
      vertex -4.17368507385 0.0855067446828 9.44623470306
      vertex -4.19921588898 0.137080535293 9.49857616425
    endloop
  endfacet
  facet normal 0.973649203777 0.102735690773 -0.203599005938
    outer loop
      vertex -4.17368507385 0.0855067446828 9.44623470306
      vertex -4.14206600189 -0.0501725636423 9.41545963287
      vertex -4.14115095139 0.013160739094 9.28127479553
    endloop
  endfacet
  facet normal 0.856224000454 -0.318983376026 0.406361937523
    outer loop
      vertex -4.20053052902 -0.0705371573567 8.94524288177
      vertex -4.26091146469 -0.240135073662 8.99922275543
      vertex -4.30295753479 -0.230892434716 8.87458705902
    endloop
  endfacet
  facet normal 0.955536425114 -0.154208764434 0.251335948706
    outer loop
      vertex -4.16132164001 -0.231390595436 9.36889648438
      vertex -4.17621088028 -0.202370241284 9.22933769226
      vertex -4.1448559761 -0.0947481542826 9.24821853638
    endloop
  endfacet
  facet normal 0.918986678123 -0.12112428993 0.375223100185
    outer loop
      vertex -4.15161180496 -0.229812130332 9.43767547607
      vertex -4.20456027985 -0.344092458487 9.38996982574
      vertex -4.16132164001 -0.231390595436 9.36889648438
    endloop
  endfacet
  facet normal 0.999265015125 -0.0285697374493 0.025557262823
    outer loop
      vertex -4.14227104187 -0.154336616397 9.39193248749
      vertex -4.1448559761 -0.0947481542826 9.24821853638
      vertex -4.14115095139 0.013160739094 9.28127479553
    endloop
  endfacet
  facet normal 0.967821896076 -0.143470168114 0.206729575992
    outer loop
      vertex -4.14227104187 -0.154336616397 9.39193248749
      vertex -4.13327312469 -0.163791820407 9.46625518799
      vertex -4.15161180496 -0.229812130332 9.43767547607
    endloop
  endfacet
  facet normal 0.426015913486 -0.379532068968 0.821258723736
    outer loop
      vertex -4.43786716461 -0.426785469055 9.08462047577
      vertex -4.35923099518 -0.31829059124 8.93811893463
      vertex -4.34245204926 -0.374466121197 9.07850933075
    endloop
  endfacet
  facet normal 0.960531413555 -0.170579358935 0.219731777906
    outer loop
      vertex -4.20053052902 -0.0705371573567 8.94524288177
      vertex -4.1547036171 -0.0172999352217 9.13471698761
      vertex -4.18346881866 -0.122314244509 9.10801506042
    endloop
  endfacet
  facet normal 0.520701527596 -0.600045859814 0.607301294804
    outer loop
      vertex -4.39764022827 -0.556278467178 9.26101493835
      vertex -4.43893623352 -0.520694315434 9.18916511536
      vertex -4.37719964981 -0.513154745102 9.23510742188
    endloop
  endfacet
  facet normal 0.178052321076 -0.63572871685 0.751096785069
    outer loop
      vertex -4.48897075653 -0.448184192181 9.1483745575
      vertex -4.52123975754 -0.526855230331 9.2322845459
      vertex -4.52727890015 -0.487778753042 9.184425354
    endloop
  endfacet
  facet normal -0.99461710453 -0.0576715171337 -0.0860861465335
    outer loop
      vertex -4.63089799881 0.0399451516569 9.07556724548
      vertex -4.62407541275 0.0195377245545 8.92743873596
      vertex -4.64499187469 -0.15664164722 9.02518939972
    endloop
  endfacet
  facet normal -0.914112150669 -0.279529035091 0.293704867363
    outer loop
      vertex -4.62537050247 -0.401854544878 9.22348403931
      vertex -4.64666652679 -0.294505208731 9.18033313751
      vertex -4.58289289474 -0.328879058361 9.00789833069
    endloop
  endfacet
  facet normal -0.734854280949 -0.500356256962 0.457856744528
    outer loop
      vertex -4.64062929153 -0.436013579369 9.28270626068
      vertex -4.53858757019 -0.423492252827 9.12138366699
      vertex -4.59070968628 -0.496776372194 9.26499271393
    endloop
  endfacet
  facet normal -0.581783056259 -0.527205705643 0.619340479374
    outer loop
      vertex -4.59070968628 -0.496776372194 9.26499271393
      vertex -4.53858757019 -0.423492252827 9.12138366699
      vertex -4.52727890015 -0.487778753042 9.184425354
    endloop
  endfacet
  facet normal 0.139481723309 0.0962062180042 -0.985540032387
    outer loop
      vertex -2.41341638565 -0.75237685442 0.383451104164
      vertex -2.49201202393 -0.738356411457 0.353774785995
      vertex -2.39698171616 -0.764455199242 0.483354687691
    endloop
  endfacet
  facet normal -0.767654597759 0.522199332714 -0.371502757072
    outer loop
      vertex -1.30048561096 1.13321042061 0.634818017483
      vertex -1.35316121578 1.11024570465 0.573720157146
      vertex -1.37280106544 0.916800618172 0.682469367981
    endloop
  endfacet
  facet normal -0.945317149162 0.0683141574264 -0.318918019533
    outer loop
      vertex -1.35381245613 1.22941672802 0.328750371933
      vertex -1.40829479694 1.05150818825 0.405384480953
      vertex -1.34084713459 1.25268781185 0.399523198605
    endloop
  endfacet
  facet normal -0.861936926842 0.0864571407437 -0.49958974123
    outer loop
      vertex -1.2443728447 1.40945088863 0.40813434124
      vertex -1.27890872955 1.36581885815 0.315954715014
      vertex -1.31953132153 1.27067148685 0.460771948099
    endloop
  endfacet
  facet normal -0.917202651501 0.0108172260225 0.398274123669
    outer loop
      vertex -1.92961871624 -0.543041110039 0.493455320597
      vertex -1.93064451218 -0.538109123707 0.588065445423
      vertex -1.95525705814 -0.485455363989 0.439777672291
    endloop
  endfacet
  facet normal -0.944669723511 -0.136895269156 0.298092007637
    outer loop
      vertex -1.9460195303 -0.465947896242 0.333554625511
      vertex -1.95525705814 -0.485455363989 0.439777672291
      vertex -1.97471296787 -0.42567050457 0.443853914738
    endloop
  endfacet
  facet normal -0.901201665401 -0.0743192434311 -0.426980346441
    outer loop
      vertex -1.8622918129 0.00294727366418 0.366403967142
      vertex -1.92626535892 -0.13133841753 0.37065204978
      vertex -1.90172958374 -0.0563463754952 0.503974795341
    endloop
  endfacet
  facet normal 0.296805173159 -0.000470547092846 0.954937934875
    outer loop
      vertex -1.57041215897 -0.673130869865 0.298981368542
      vertex -1.45727562904 -0.638018429279 0.403796970844
      vertex -1.5643851757 -0.671318173409 0.421868622303
    endloop
  endfacet
  facet normal -0.595968365669 -0.007625029888 -0.802971720695
    outer loop
      vertex -1.07115864754 1.56925451756 0.362049639225
      vertex -1.1706943512 1.49503755569 0.326103389263
      vertex -1.15820193291 1.50522696972 0.42272862792
    endloop
  endfacet
  facet normal 0.0678132846951 0.942439496517 -0.327428162098
    outer loop
      vertex -1.03301382065 1.31669521332 0.654300451279
      vertex -0.883685469627 1.44739317894 0.598147630692
      vertex -1.01848065853 1.46413087845 0.602031707764
    endloop
  endfacet
  facet normal -0.144091486931 0.524128615856 -0.839360952377
    outer loop
      vertex -1.32686173916 0.774335086346 0.825060844421
      vertex -1.27557218075 0.758117377758 0.86513286829
      vertex -1.21642768383 0.785517215729 0.837513387203
    endloop
  endfacet
  facet normal 0.285933285952 0.801904976368 -0.524586081505
    outer loop
      vertex -1.21642768383 0.785517215729 0.837513387203
      vertex -1.23889863491 0.730239093304 0.881687343121
      vertex -1.14879453182 0.691479682922 0.874914646149
    endloop
  endfacet
  facet normal 0.55528563261 0.654769599438 -0.512771546841
    outer loop
      vertex -1.00507009029 0.591059267521 0.841459095478
      vertex -1.06886208057 0.661240279675 0.840597629547
      vertex -1.0634945631 0.615773975849 0.871651768684
    endloop
  endfacet
  facet normal -0.706908226013 -0.0113296303898 -0.707214534283
    outer loop
      vertex -2.58047699928 -1.14797437191 1.36450135708
      vertex -2.61781382561 -1.1860255003 1.31890153885
      vertex -2.65215730667 -1.21957361698 1.3676224947
    endloop
  endfacet
  facet normal -0.418052017689 0.147982135415 -0.89628893137
    outer loop
      vertex -2.59434008598 -1.15485286713 1.19137310982
      vertex -2.64619135857 -1.19300377369 1.27596223354
      vertex -2.59306693077 -1.16153585911 1.23544669151
    endloop
  endfacet
  facet normal -0.741593122482 -0.662635147572 -0.104662425816
    outer loop
      vertex -2.59630036354 -1.11098980904 1.38805186749
      vertex -2.56638526917 -1.09833419323 1.35657119751
      vertex -2.58047699928 -1.14797437191 1.36450135708
    endloop
  endfacet
  facet normal -0.519081950188 -0.271366596222 -0.810502409935
    outer loop
      vertex -2.58047699928 -1.14797437191 1.36450135708
      vertex -2.48664808273 -1.1143348217 1.28549408913
      vertex -2.5600028038 -1.15988028049 1.28977751732
    endloop
  endfacet
  facet normal -0.678746402264 -0.226106286049 0.698698282242
    outer loop
      vertex -2.54229021072 -2.1634812355 1.17239677906
      vertex -2.51384878159 -2.1984398365 1.1950455904
      vertex -2.54788208008 -2.1860229969 1.25884032249
    endloop
  endfacet
  facet normal 0.456956535578 -0.389797568321 0.799530208111
    outer loop
      vertex -2.3487803936 -2.31711888313 1.30594480038
      vertex -2.41628456116 -2.32039904594 1.23353838921
      vertex -2.33190751076 -2.2782497406 1.24599862099
    endloop
  endfacet
  facet normal 0.362035959959 -0.849913656712 0.382853448391
    outer loop
      vertex -2.11856746674 -1.92431485653 1.2067142725
      vertex -2.06638288498 -1.92006552219 1.22702908516
      vertex -2.26068353653 -2.03711771965 1.19699072838
    endloop
  endfacet
  facet normal -0.73017346859 0.492450326681 -0.473644793034
    outer loop
      vertex -2.89406919479 -0.971523404121 0.467799007893
      vertex -2.92561483383 -1.07593643665 0.521450936794
      vertex -2.8570318222 -0.97938811779 0.530279994011
    endloop
  endfacet
  facet normal -0.838887512684 -0.502651691437 -0.208827719092
    outer loop
      vertex -2.62603878975 -1.21892869473 1.19077324867
      vertex -2.6381881237 -1.18626236916 1.2246209383
      vertex -2.58577847481 -1.18655157089 1.13703298569
    endloop
  endfacet
  facet normal -0.718749940395 0.291338443756 -0.63128477335
    outer loop
      vertex -2.57023835182 -1.21512508392 0.871801257133
      vertex -2.6016998291 -1.2271348238 0.820207118988
      vertex -2.70984196663 -1.36434864998 0.850734651089
    endloop
  endfacet
  facet normal -0.0876376330853 0.151815623045 -0.984515964985
    outer loop
      vertex -2.59306693077 -1.16153585911 1.23544669151
      vertex -2.50835061073 -1.14213347435 1.15852713585
      vertex -2.59434008598 -1.15485286713 1.19137310982
    endloop
  endfacet
  facet normal -0.0112636303529 -0.9132989645 -0.407134056091
    outer loop
      vertex -2.4159579277 -1.11615109444 1.09030425549
      vertex -2.51593327522 -1.17278170586 1.06629216671
      vertex -2.487585783 -1.14105212688 1.08008718491
    endloop
  endfacet
  facet normal 0.580559074879 -0.111673906446 0.806523442268
    outer loop
      vertex -2.37796139717 -1.80654537678 0.497555851936
      vertex -2.48598837852 -1.88038265705 0.469218581915
      vertex -2.40573835373 -1.81795752048 0.435572296381
    endloop
  endfacet
  facet normal -0.0172120518982 0.0212700534612 -0.999625623226
    outer loop
      vertex -2.4159579277 -1.11615109444 1.09030425549
      vertex -2.33841896057 -1.1149969101 1.09880769253
      vertex -2.37658715248 -1.11275827885 0.962712705135
    endloop
  endfacet
  facet normal 0.288401603699 -0.0501263700426 -0.956196546555
    outer loop
      vertex -2.37658715248 -1.11275827885 0.962712705135
      vertex -2.28357338905 -1.1431375742 0.91835963726
      vertex -2.36671972275 -1.1209359169 0.863490521908
    endloop
  endfacet
  facet normal 0.142555937171 0.11707303673 0.982838571072
    outer loop
      vertex -2.37796139717 -1.80654537678 0.497555851936
      vertex -2.40573835373 -1.81795752048 0.435572296381
      vertex -2.2213549614 -1.78267943859 0.507217288017
    endloop
  endfacet
  facet normal 0.0886943563819 -0.92941904068 0.358208745718
    outer loop
      vertex -2.10541248322 -1.52066612244 0.341698408127
      vertex -2.16281938553 -1.61471641064 0.372468143702
      vertex -2.27999353409 -1.5881601572 0.351051151752
    endloop
  endfacet
  facet normal -0.827108204365 -0.190860703588 0.528643786907
    outer loop
      vertex -2.7845916748 -1.97205638885 0.391456067562
      vertex -2.76895713806 -2.00954985619 0.427551805973
      vertex -2.77710437775 -2.01120090485 0.467431604862
    endloop
  endfacet
  facet normal -0.549160838127 -0.270934224129 0.790580153465
    outer loop
      vertex -2.82730770111 -1.8936239481 0.373123824596
      vertex -2.800126791 -1.89568352699 0.324040263891
      vertex -2.78366971016 -1.92157387733 0.366230726242
    endloop
  endfacet
  facet normal -0.46485003829 0.255475223064 0.847730398178
    outer loop
      vertex -2.77710437775 -2.01120090485 0.467431604862
      vertex -2.7256603241 -2.02630496025 0.510917901993
      vertex -2.76685476303 -1.99069797993 0.554115414619
    endloop
  endfacet
  facet normal 0.488099902868 0.0599170140922 0.870728671551
    outer loop
      vertex -2.7256603241 -2.02630496025 0.510917901993
      vertex -2.69067311287 -2.00441932678 0.543949246407
      vertex -2.72083830833 -2.01855540276 0.584255158901
    endloop
  endfacet
  facet normal -0.464876711369 0.255516171455 0.847703456879
    outer loop
      vertex -2.77710437775 -2.01120090485 0.467431604862
      vertex -2.73204779625 -2.03561329842 0.468415349722
      vertex -2.7256603241 -2.02630496025 0.510917901993
    endloop
  endfacet
  facet normal 0.30172598362 -0.581381320953 0.755617082119
    outer loop
      vertex -2.75261497498 -1.87715148926 0.324611991644
      vertex -2.78366971016 -1.92157387733 0.366230726242
      vertex -2.800126791 -1.89568352699 0.324040263891
    endloop
  endfacet
  facet normal -0.464791685343 -0.0247994735837 0.88507270813
    outer loop
      vertex -2.63578486443 -2.08089256287 0.940770626068
      vertex -2.67576789856 -2.05357289314 0.715116798878
      vertex -2.6045935154 -2.0968644619 0.92620497942
    endloop
  endfacet
  facet normal -0.622630000114 -0.725235641003 0.293879419565
    outer loop
      vertex -2.47004461288 -2.23014211655 1.17028522491
      vertex -2.4910068512 -2.29457998276 1.21439313889
      vertex -2.51384878159 -2.1984398365 1.1950455904
    endloop
  endfacet
  facet normal -0.720164179802 -0.659046411514 0.216844081879
    outer loop
      vertex -2.4910068512 -2.29457998276 1.21439313889
      vertex -2.47004461288 -2.23014211655 1.17028522491
      vertex -2.46263337135 -2.29683995247 1.18413197994
    endloop
  endfacet
  facet normal 0.36375233531 -0.810343623161 0.459377229214
    outer loop
      vertex -2.26068353653 -2.03711771965 1.19699072838
      vertex -2.43496084213 -2.13811302185 1.1760134697
      vertex -2.30691099167 -2.02827692032 1.17122817039
    endloop
  endfacet
  facet normal 0.10032954812 -0.994393050671 -0.0334125235677
    outer loop
      vertex -2.38463020325 -2.1792678833 1.17970871925
      vertex -2.43496084213 -2.13811302185 1.1760134697
      vertex -2.26068353653 -2.03711771965 1.19699072838
    endloop
  endfacet
  facet normal -0.287578612566 -0.954810500145 -0.0750695839524
    outer loop
      vertex -2.34720611572 -2.23434376717 1.17698895931
      vertex -2.33847737312 -2.18628811836 1.17813825607
      vertex -2.29765295982 -2.17655205727 1.16660785675
    endloop
  endfacet
  facet normal 0.51912599802 -0.405851155519 0.752192139626
    outer loop
      vertex -2.20776343346 -1.94158089161 1.15012609959
      vertex -2.3946826458 -2.04985570908 1.11171007156
      vertex -2.27184224129 -1.92500162125 1.03743517399
    endloop
  endfacet
  facet normal 0.683619618416 -0.656201720238 0.319473773241
    outer loop
      vertex -2.12586116791 -2.10676884651 1.18015480042
      vertex -2.10472559929 -2.05897641182 1.17890560627
      vertex -2.06825780869 -2.1304166317 1.25167787075
    endloop
  endfacet
  facet normal 0.421066045761 -0.21034553647 0.882302761078
    outer loop
      vertex -2.06825780869 -2.1304166317 1.25167787075
      vertex -1.97817420959 -2.09526491165 1.2845607996
      vertex -2.06147432327 -2.13631868362 1.2900134325
    endloop
  endfacet
  facet normal 0.472243726254 -0.440131515265 0.763721227646
    outer loop
      vertex -1.93138182163 -2.05402517319 1.2632073164
      vertex -1.91193604469 -2.07108879089 1.31368088722
      vertex -1.97817420959 -2.09526491165 1.2845607996
    endloop
  endfacet
  facet normal 0.628806054592 -0.384523659945 -0.675828754902
    outer loop
      vertex -1.83822000027 -1.92768502235 1.23810720444
      vertex -1.8808658123 -1.90187966824 1.21372389793
      vertex -1.88894021511 -1.87279689312 1.25163519382
    endloop
  endfacet
  facet normal 0.851381063461 -0.292489945889 -0.435430675745
    outer loop
      vertex -1.81067359447 -1.9689565897 1.35606837273
      vertex -1.84382975101 -1.8970246315 1.36664271355
      vertex -1.77958595753 -1.9850256443 1.42263627052
    endloop
  endfacet
  facet normal 0.597167730331 -0.439009428024 0.671313226223
    outer loop
      vertex -1.82387173176 -2.05287718773 1.34967517853
      vertex -1.78332722187 -2.05056786537 1.40129506588
      vertex -1.83156406879 -2.10171246529 1.41388833523
    endloop
  endfacet
  facet normal 0.909206211567 0.0229539964348 -0.415712863207
    outer loop
      vertex -1.81067359447 -1.9689565897 1.35606837273
      vertex -1.81462800503 -1.95735263824 1.30254507065
      vertex -1.84382975101 -1.8970246315 1.36664271355
    endloop
  endfacet
  facet normal 0.686244785786 -0.435590445995 0.582519590855
    outer loop
      vertex -1.82414805889 -2.01194548607 1.31980669498
      vertex -1.87007582188 -2.0281264782 1.26908946037
      vertex -1.85398805141 -1.98138296604 1.23192417622
    endloop
  endfacet
  facet normal 0.609864294529 -0.722886681557 -0.324808210135
    outer loop
      vertex -1.88313388824 -1.94450116158 1.19265973568
      vertex -1.8808658123 -1.90187966824 1.21372389793
      vertex -1.83822000027 -1.92768502235 1.23810720444
    endloop
  endfacet
  facet normal -0.0260815881193 0.631268501282 0.775125682354
    outer loop
      vertex -2.05050778389 -1.71592760086 0.620544552803
      vertex -2.22247266769 -1.77327442169 0.54302418232
      vertex -2.0217359066 -1.74461054802 0.586513876915
    endloop
  endfacet
  facet normal 0.892315685749 0.223413914442 -0.392248600721
    outer loop
      vertex -1.95525062084 -1.57120883465 0.436778843403
      vertex -1.96393549442 -1.52757382393 0.394856274128
      vertex -1.9847317934 -1.54534184933 0.509112000465
    endloop
  endfacet
  facet normal 0.967010080814 0.233174800873 -0.102571740746
    outer loop
      vertex -2.0057182312 -1.41615331173 0.308968931437
      vertex -2.02560281754 -1.3905903101 0.3801882267
      vertex -2.01327133179 -1.44768452644 0.354163050652
    endloop
  endfacet
  facet normal 0.73161137104 -0.499345511198 0.464110791683
    outer loop
      vertex -1.96393549442 -1.52757382393 0.394856274128
      vertex -2.01158475876 -1.55966293812 0.354868233204
      vertex -1.98291361332 -1.50733685493 0.348241597414
    endloop
  endfacet
  facet normal 0.986719489098 -0.16035670042 0.025890937075
    outer loop
      vertex -1.95256567001 -1.64026844501 0.474192708731
      vertex -1.93694758415 -1.68221926689 0.577068448067
      vertex -1.9458514452 -1.69110369682 0.523714959621
    endloop
  endfacet
  facet normal 0.868515312672 -0.0672019124031 0.491085618734
    outer loop
      vertex -1.95525062084 -1.57120883465 0.436778843403
      vertex -1.96886146069 -1.59864640236 0.461376190186
      vertex -1.97594797611 -1.60461032391 0.41337248683
    endloop
  endfacet
  facet normal 0.871027052402 -0.429186373949 0.238979011774
    outer loop
      vertex -1.95525062084 -1.57120883465 0.436778843403
      vertex -1.97594797611 -1.60461032391 0.41337248683
      vertex -1.96393549442 -1.52757382393 0.394856274128
    endloop
  endfacet
  facet normal 0.219975873828 -0.885027766228 0.410288333893
    outer loop
      vertex -1.9784361124 -2.03179264069 1.1976929903
      vertex -2.01827406883 -2.07290029526 1.20684826374
      vertex -2.10472559929 -2.05897641182 1.17890560627
    endloop
  endfacet
  facet normal 0.287775009871 -0.94533520937 -0.153384894133
    outer loop
      vertex -2.04089736938 -2.00657391548 1.18277072906
      vertex -1.99678444862 -1.97603237629 1.20115482807
      vertex -1.9784361124 -2.03179264069 1.1976929903
    endloop
  endfacet
  facet normal -0.220112681389 -0.975461304188 -0.00506594078615
    outer loop
      vertex -1.99678444862 -1.97603237629 1.20115482807
      vertex -1.95578896999 -1.95158576965 1.19203126431
      vertex -1.9398907423 -1.98786509037 1.18825542927
    endloop
  endfacet
  facet normal -0.505520939827 -0.249955132604 -0.82581537962
    outer loop
      vertex -2.68199896812 -0.767708361149 0.354435801506
      vertex -2.70921993256 -0.805214703083 0.285573244095
      vertex -2.8171505928 -0.861009478569 0.319519430399
    endloop
  endfacet
  facet normal -0.0384017564356 -0.984564840794 -0.170755147934
    outer loop
      vertex -2.30586481094 -0.921225786209 0.142610937357
      vertex -2.34248828888 -0.947858631611 0.139420390129
      vertex -2.33492326736 -0.886907458305 0.149696230888
    endloop
  endfacet
  facet normal -0.985396504402 0.03703423962 -0.166199117899
    outer loop
      vertex -1.44087195396 1.03299808502 0.116724558175
      vertex -1.4432952404 1.02780771255 0.0755401924253
      vertex -1.44728207588 0.986636519432 0.154223844409
    endloop
  endfacet
  facet normal -0.213247612119 -0.874055564404 -0.436523020267
    outer loop
      vertex -1.37559700012 1.20641314983 0.0771019756794
      vertex -1.34980559349 1.21996486187 0.0775775909424
      vertex -1.3679523468 1.16231584549 0.0532136894763
    endloop
  endfacet
  facet normal -0.851966559887 0.0556728579104 -0.520627975464
    outer loop
      vertex -1.28354358673 1.40466725826 0.0943276882172
      vertex -1.33196878433 1.32420957088 0.105678029358
      vertex -1.27312207222 1.41529262066 0.154445633292
    endloop
  endfacet
  facet normal -0.809026956558 -0.400212407112 -0.43047118187
    outer loop
      vertex -1.29443144798 1.35635268688 0.0643699020147
      vertex -1.33196878433 1.32420957088 0.105678029358
      vertex -1.28354358673 1.40466725826 0.0943276882172
    endloop
  endfacet
  facet normal -0.95661687851 0.0844194069505 -0.278850317001
    outer loop
      vertex -1.8136575222 0.156922474504 0.118391171098
      vertex -1.83683466911 0.088054895401 0.0832345634699
      vertex -1.82311916351 0.117250747979 0.14221636951
    endloop
  endfacet
  facet normal -0.0875266268849 0.299215584993 -0.950162649155
    outer loop
      vertex -1.74957799911 0.209440812469 0.175508826971
      vertex -1.70116043091 0.218362748623 0.16134019196
      vertex -1.74595165253 0.230450734496 0.109852328897
    endloop
  endfacet
  facet normal -0.0960231423378 0.274371534586 -0.956817567348
    outer loop
      vertex -1.66031575203 0.207662075758 0.212951332331
      vertex -1.70116043091 0.218362748623 0.16134019196
      vertex -1.74957799911 0.209440812469 0.175508826971
    endloop
  endfacet
  facet normal 0.181422576308 0.039994046092 -0.982591629028
    outer loop
      vertex -1.58082270622 0.163388669491 0.101989544928
      vertex -1.62672019005 0.172697663307 0.081483989954
      vertex -1.61173343658 0.167793855071 0.133979395032
    endloop
  endfacet
  facet normal 0.201509431005 -0.841092526913 -0.501953482628
    outer loop
      vertex -1.49556136131 0.102511420846 0.0710208266973
      vertex -1.62641191483 0.133010953665 0.0578733161092
      vertex -1.62672019005 0.172697663307 0.081483989954
    endloop
  endfacet
  facet normal -0.972559332848 0.229651615024 0.0372623950243
    outer loop
      vertex -1.48707079887 0.789081215858 0.145935431123
      vertex -1.50257849693 0.826330721378 0.0863052308559
      vertex -1.50347518921 0.783821880817 0.075610563159
    endloop
  endfacet
  facet normal 0.222309529781 -0.169931828976 -0.960052967072
    outer loop
      vertex -1.50492882729 0.118805244565 0.150820240378
      vertex -1.45910000801 0.101785980165 0.114622123539
      vertex -1.49556136131 0.102511420846 0.0710208266973
    endloop
  endfacet
  facet normal -0.663495659828 -0.737007141113 0.128817483783
    outer loop
      vertex -1.44773745537 0.743342339993 0.11851978302
      vertex -1.48859739304 0.704085290432 0.162165731192
      vertex -1.48707079887 0.789081215858 0.145935431123
    endloop
  endfacet
  facet normal -0.212477490306 -0.251908659935 0.944137334824
    outer loop
      vertex -1.44773745537 0.743342339993 0.11851978302
      vertex -1.40187358856 0.747346758842 0.0648266002536
      vertex -1.29873681068 0.719210147858 0.0832879543304
    endloop
  endfacet
  facet normal 0.0200317073613 -0.999288380146 -0.0319600626826
    outer loop
      vertex -1.3410923481 0.903565049171 0.0494562871754
      vertex -1.41212081909 1.021240592 0.0517960488796
      vertex -1.37338089943 1.06494176388 0.0539703145623
    endloop
  endfacet
  facet normal -0.0857044234872 -0.659452676773 0.746844649315
    outer loop
      vertex -1.2866089344 0.742116868496 0.0557694211602
      vertex -1.29873681068 0.719210147858 0.0832879543304
      vertex -1.40187358856 0.747346758842 0.0648266002536
    endloop
  endfacet
  facet normal -0.989352524281 0.0618142262101 0.13175944984
    outer loop
      vertex -1.99127602577 -0.374317824841 0.22511023283
      vertex -2.00222492218 -0.34304279089 0.11653431505
      vertex -1.99137187004 -0.41448122263 0.137966349721
    endloop
  endfacet
  facet normal -0.274094164371 -0.953510224819 -0.125262364745
    outer loop
      vertex -1.97360777855 -0.266782611609 0.0831506028771
      vertex -1.92161154747 -0.219730347395 0.0743851140141
      vertex -1.90616738796 -0.299367696047 0.0594836324453
    endloop
  endfacet
  facet normal -0.205108985305 -0.934849083424 0.289806008339
    outer loop
      vertex -1.79652667046 -0.355655103922 0.0528773590922
      vertex -1.97723078728 -0.369976073503 0.0969639867544
      vertex -1.90616738796 -0.299367696047 0.0594836324453
    endloop
  endfacet
  facet normal -0.204957976937 -0.945274353027 -0.25386723876
    outer loop
      vertex -1.92856895924 -0.1011903584 0.0771500244737
      vertex -1.82206320763 -0.0878749862313 0.0576330795884
      vertex -1.90060603619 -0.155164062977 0.0565915666521
    endloop
  endfacet
  facet normal -0.0480584874749 -0.994885742664 -0.0888411477208
    outer loop
      vertex -1.6614716053 -0.365289658308 0.0454931072891
      vertex -1.79933381081 -0.414800137281 0.047731436789
      vertex -1.79652667046 -0.355655103922 0.0528773590922
    endloop
  endfacet
  facet normal 0.0633900538087 -0.995737016201 -0.0670040547848
    outer loop
      vertex -1.40073657036 -0.277078837156 0.0568745136261
      vertex -1.44920086861 -0.354603379965 0.0485725067556
      vertex -1.55686950684 -0.162731692195 0.0546293891966
    endloop
  endfacet
  facet normal 0.113530114293 -0.857592403889 0.50164347887
    outer loop
      vertex -1.45325732231 -0.66212105751 0.0715032443404
      vertex -1.50161838531 -0.634553849697 0.0489758141339
      vertex -1.43246793747 -0.613910019398 0.0460546314716
    endloop
  endfacet
  facet normal 0.187412157655 -0.978481292725 -0.0863193944097
    outer loop
      vertex -1.37768578529 -0.519717812538 0.0564746037126
      vertex -1.3891658783 -0.565904796124 0.050201267004
      vertex -1.47081792355 -0.482871830463 0.041887126863
    endloop
  endfacet
  facet normal 0.854614436626 -0.498698771 0.144684955478
    outer loop
      vertex -1.36066794395 -0.550929546356 0.0946931391954
      vertex -1.3891658783 -0.565904796124 0.050201267004
      vertex -1.37768578529 -0.519717812538 0.0564746037126
    endloop
  endfacet
  facet normal 0.45532938838 -0.691185295582 0.561193406582
    outer loop
      vertex -1.43246793747 -0.613910019398 0.0460546314716
      vertex -1.3921391964 -0.612938165665 0.0718327760696
      vertex -1.45325732231 -0.66212105751 0.0715032443404
    endloop
  endfacet
  facet normal 0.850164890289 -0.455886155367 0.263415008783
    outer loop
      vertex -1.3891658783 -0.565904796124 0.050201267004
      vertex -1.36066794395 -0.550929546356 0.0946931391954
      vertex -1.3921391964 -0.612938165665 0.0718327760696
    endloop
  endfacet
  facet normal 0.0137862805277 -0.9949670434 -0.0992497727275
    outer loop
      vertex -1.30359983444 -0.430735766888 0.0444258749485
      vertex -1.36842441559 -0.451380729675 0.0414682887495
      vertex -1.3453412056 -0.356939613819 0.0512088052928
    endloop
  endfacet
  facet normal 0.103730790317 -0.968421220779 0.226716175675
    outer loop
      vertex -1.32897543907 -0.517548263073 0.0611842162907
      vertex -1.37768578529 -0.519717812538 0.0564746037126
      vertex -1.36842441559 -0.451380729675 0.0414682887495
    endloop
  endfacet
  facet normal 0.885728895664 -0.0294609870762 0.463267058134
    outer loop
      vertex -1.26460361481 -0.442375987768 0.0725675597787
      vertex -1.25068163872 -0.42073187232 0.150775596499
      vertex -1.2951529026 -0.501596331596 0.0853457376361
    endloop
  endfacet
  facet normal 0.296259790659 -0.896333277225 0.329873949289
    outer loop
      vertex -1.30316901207 -0.154564872384 0.0712596103549
      vertex -1.33074307442 -0.14997549355 0.0604567117989
      vertex -1.28836131096 -0.0858464390039 0.0508637353778
    endloop
  endfacet
  facet normal 0.0729662701488 -0.914217412472 0.398600578308
    outer loop
      vertex -1.2926633358 -0.330423772335 0.0438522174954
      vertex -1.24803853035 -0.393985062838 0.0751266926527
      vertex -1.3453412056 -0.356939613819 0.0512088052928
    endloop
  endfacet
  facet normal 0.646199524403 -0.691718041897 0.322416335344
    outer loop
      vertex -1.2951529026 -0.501596331596 0.0853457376361
      vertex -1.32897543907 -0.517548263073 0.0611842162907
      vertex -1.30359983444 -0.430735766888 0.0444258749485
    endloop
  endfacet
  facet normal 0.452525883913 -0.794539451599 0.404879510403
    outer loop
      vertex -1.30359983444 -0.430735766888 0.0444258749485
      vertex -1.26460361481 -0.442375987768 0.0725675597787
      vertex -1.2951529026 -0.501596331596 0.0853457376361
    endloop
  endfacet
  facet normal -0.712954461575 0.469510942698 -0.520821869373
    outer loop
      vertex -1.27312207222 1.41529262066 0.154445633292
      vertex -1.30205607414 1.32365620136 0.212160244584
      vertex -1.16953873634 1.48539197445 0.233977153897
    endloop
  endfacet
  facet normal -0.506248474121 0.464330941439 -0.726711213589
    outer loop
      vertex -1.19149684906 1.50788891315 0.174827426672
      vertex -1.16953873634 1.48539197445 0.233977153897
      vertex -1.03100419044 1.57949411869 0.237741351128
    endloop
  endfacet
  facet normal -0.344445168972 -0.105613254011 -0.932846903801
    outer loop
      vertex -1.1120121479 1.56150126457 0.0899903178215
      vertex -1.15715360641 1.55000150204 0.135640665889
      vertex -1.08550715446 1.57976543903 0.164869010448
    endloop
  endfacet
  facet normal -0.710079729557 -0.677635788918 -0.191302135587
    outer loop
      vertex -1.02910518646 1.60132825375 0.0644645392895
      vertex -1.05913543701 1.53965973854 0.0785230100155
      vertex -1.05031490326 1.60381543636 0.0873918756843
    endloop
  endfacet
  facet normal -0.0101480167359 -0.999488413334 0.030330857262
    outer loop
      vertex -0.910346210003 0.995730340481 0.078815177083
      vertex -1.0226650238 0.946612119675 0.081446133554
      vertex -1.06327700615 1.08276963234 0.0777265876532
    endloop
  endfacet
  facet normal -0.610421955585 -0.0315944626927 -0.79144603014
    outer loop
      vertex -1.01086091995 1.63524508476 0.112437181175
      vertex -1.05031490326 1.60381543636 0.0873918756843
      vertex -1.08550715446 1.57976543903 0.164869010448
    endloop
  endfacet
  facet normal -0.540982186794 -0.837910234928 -0.0724206492305
    outer loop
      vertex -1.05913543701 1.53965973854 0.0785230100155
      vertex -1.02910518646 1.60132825375 0.0644645392895
      vertex -1.03557062149 1.43757081032 0.0544852465391
    endloop
  endfacet
  facet normal -0.1058665663 -0.994376122952 0.0028967987746
    outer loop
      vertex -0.901200711727 1.4035050869 0.0402787551284
      vertex -1.01622867584 1.3216189146 0.0527637936175
      vertex -1.03557062149 1.43757081032 0.0544852465391
    endloop
  endfacet
  facet normal -0.24484577775 -0.640761613846 -0.727650403976
    outer loop
      vertex -0.942916154861 1.62772548199 0.061506960541
      vertex -1.02910518646 1.60132825375 0.0644645392895
      vertex -0.94729757309 1.64955878258 0.0879752412438
    endloop
  endfacet
  facet normal -0.1217623353 -0.983409523964 0.134460523725
    outer loop
      vertex -0.943420410156 1.25474107265 0.100580155849
      vertex -0.954876840115 1.15888798237 0.115104541183
      vertex -0.974693477154 1.21500861645 0.10988484323
    endloop
  endfacet
  facet normal -0.738458275795 -0.51932400465 0.430095255375
    outer loop
      vertex -0.873370826244 1.20542132854 0.108892835677
      vertex -0.849388182163 1.20850563049 0.0722360834479
      vertex -0.854220211506 1.167517066 0.113053061068
    endloop
  endfacet
  facet normal -0.454082757235 -0.65751606226 0.601233303547
    outer loop
      vertex -0.806885302067 1.17702615261 0.0716682523489
      vertex -0.854220211506 1.167517066 0.113053061068
      vertex -0.849388182163 1.20850563049 0.0722360834479
    endloop
  endfacet
  facet normal 0.490324288607 -0.673632323742 -0.552993237972
    outer loop
      vertex -0.557004213333 1.48920381069 0.0807734727859
      vertex -0.597089529037 1.49322760105 0.0548992305994
      vertex -0.648003876209 1.57533109188 0.0852394551039
    endloop
  endfacet
  facet normal 0.525218069553 -0.751643002033 -0.398972123861
    outer loop
      vertex -0.597089529037 1.49322760105 0.0548992305994
      vertex -0.557004213333 1.48920381069 0.0807734727859
      vertex -0.513161718845 1.40933871269 0.0690164268017
    endloop
  endfacet
  facet normal 0.246092915535 -0.908343315125 0.338157743216
    outer loop
      vertex -0.523549377918 1.26569640636 0.0788646787405
      vertex -0.608785688877 1.27832686901 0.0510700009763
      vertex -0.497657567263 1.3239814043 0.064181111753
    endloop
  endfacet
  facet normal -0.186447888613 -0.839479446411 -0.510403156281
    outer loop
      vertex -0.568456470966 1.21210467815 0.056254748255
      vertex -0.67285746336 1.20448720455 0.0748107433319
      vertex -0.523549377918 1.26569640636 0.0788646787405
    endloop
  endfacet
  facet normal 0.572780609131 -0.697732448578 0.430223017931
    outer loop
      vertex -0.497657567263 1.3239814043 0.064181111753
      vertex -0.475206702948 1.29604494572 0.0998371168971
      vertex -0.523549377918 1.26569640636 0.0788646787405
    endloop
  endfacet
  facet normal -0.148281618953 -0.670479059219 0.726959645748
    outer loop
      vertex -1.29873681068 0.719210147858 0.0832879543304
      vertex -1.2866089344 0.742116868496 0.0557694211602
      vertex -1.14010238647 0.696811318398 0.0724903941154
    endloop
  endfacet
  facet normal 0.108790971339 -0.992038071156 -0.0634425505996
    outer loop
      vertex -1.00531482697 0.827199935913 0.0725981369615
      vertex -0.948587834835 0.628961265087 0.0661413446069
      vertex -1.12534141541 0.822928190231 0.0591623447835
    endloop
  endfacet
  facet normal -0.643002510071 -0.301959067583 0.703824222088
    outer loop
      vertex -0.891659915447 0.489808171988 0.121056586504
      vertex -0.817722976208 0.4437751472 0.0709092020988
      vertex -0.788911819458 0.399228364229 0.113389879465
    endloop
  endfacet
  facet normal -0.0742815509439 -0.992544710636 -0.096629165113
    outer loop
      vertex -0.684661626816 0.767299056053 0.0712785348296
      vertex -0.785030603409 0.662410259247 0.0685786604881
      vertex -0.859422922134 0.792030572891 0.086765319109
    endloop
  endfacet
  facet normal -0.318927466869 -0.399486064911 0.859474360943
    outer loop
      vertex -0.788911819458 0.399228364229 0.113389879465
      vertex -0.770435750484 0.414580911398 0.0656094327569
      vertex -0.748608291149 0.373429596424 0.136718586087
    endloop
  endfacet
  facet normal 0.805977284908 -0.588628590107 0.0625861361623
    outer loop
      vertex -0.667581617832 0.480417966843 0.0824949294329
      vertex -0.686974525452 0.4887984097 0.0550501681864
      vertex -0.680858790874 0.556806564331 0.056193113327
    endloop
  endfacet
  facet normal 0.863763451576 -0.14726857841 0.481896907091
    outer loop
      vertex -0.596587955952 0.629531919956 0.311373710632
      vertex -0.680863440037 0.500390410423 0.239659845829
      vertex -0.564369618893 0.711856007576 0.230957940221
    endloop
  endfacet
  facet normal -0.114006973803 -0.992568135262 -0.042554166168
    outer loop
      vertex -0.576674997807 0.911166250706 0.0567682273686
      vertex -0.743695676327 0.951792240143 0.0776940733194
      vertex -0.621920585632 0.992760777473 0.0654633492231
    endloop
  endfacet
  facet normal 0.0126026589423 -0.882174730301 -0.470753580332
    outer loop
      vertex -0.58371090889 0.813347935677 0.0511316359043
      vertex -0.623405456543 0.844751060009 0.0673221498728
      vertex -0.542913913727 0.846642494202 0.0694813653827
    endloop
  endfacet
  facet normal 0.134080663323 -0.985871732235 0.100395850837
    outer loop
      vertex -0.572461605072 0.750554978848 0.059056058526
      vertex -0.650168418884 0.709694564342 0.0526487715542
      vertex -0.58371090889 0.813347935677 0.0511316359043
    endloop
  endfacet
  facet normal 0.90124297142 0.282133251429 0.328879863024
    outer loop
      vertex -0.488026112318 0.911754667759 0.220106989145
      vertex -0.564369618893 0.711856007576 0.230957940221
      vertex -0.524436950684 0.780474424362 0.183385208249
    endloop
  endfacet
  facet normal 0.965321302414 -0.0300403796136 0.259330689907
    outer loop
      vertex -0.506707191467 0.855118334293 0.108733162284
      vertex -0.488026112318 0.911754667759 0.220106989145
      vertex -0.524436950684 0.780474424362 0.183385208249
    endloop
  endfacet
  facet normal 0.650133371353 -0.684948563576 -0.328895181417
    outer loop
      vertex -1.1233894825 -0.110904537141 0.0897588208318
      vertex -1.1485915184 -0.141005650163 0.0513840094209
      vertex -1.17450356483 -0.0907106548548 0.0509394481778
    endloop
  endfacet
  facet normal 0.125705435872 -0.991110563278 -0.0435658544302
    outer loop
      vertex -1.01179099083 0.0387840382755 0.194138109684
      vertex -1.10410547256 -0.056069649756 0.178260147572
      vertex -1.0957839489 0.0531849339604 0.184118047357
    endloop
  endfacet
  facet normal -0.840451359749 -0.499141693115 0.210948050022
    outer loop
      vertex -2.91886401176 -1.59450352192 0.240389287472
      vertex -2.90196251869 -1.65809357166 0.238805189729
      vertex -2.94564175606 -1.58627462387 0.281999766827
    endloop
  endfacet
  facet normal -0.610791146755 -0.451184570789 0.650666356087
    outer loop
      vertex -2.89597439766 -1.19380879402 0.119395315647
      vertex -2.95611023903 -1.16371572018 0.157406136394
      vertex -2.92992854118 -1.15637493134 0.111376255751
    endloop
  endfacet
  facet normal 0.158972248435 -0.984622776508 0.0724280104041
    outer loop
      vertex -2.89597439766 -1.19380879402 0.119395315647
      vertex -2.88510727882 -1.25258052349 0.125473067164
      vertex -2.93323802948 -1.23936367035 0.116729900241
    endloop
  endfacet
  facet normal -0.0700488686562 -0.986352860928 0.149000480771
    outer loop
      vertex -2.88541460037 -1.06943941116 0.072519518435
      vertex -2.80663895607 -1.08903169632 0.069884672761
      vertex -2.88362288475 -1.15462005138 0.0852598398924
    endloop
  endfacet
  facet normal -0.402674585581 -0.749289274216 0.525755465031
    outer loop
      vertex -2.92992854118 -1.15637493134 0.111376255751
      vertex -2.88362288475 -1.15462005138 0.0852598398924
      vertex -2.89597439766 -1.19380879402 0.119395315647
    endloop
  endfacet
  facet normal 0.276775807142 -0.866944313049 0.414490878582
    outer loop
      vertex -2.75380897522 -1.69299459457 0.278589397669
      vertex -2.86118292809 -1.73405253887 0.263939797878
      vertex -2.86011481285 -1.6689106226 0.233136087656
    endloop
  endfacet
  facet normal -0.349017709494 -0.806634068489 -0.476999074221
    outer loop
      vertex -2.77987861633 -0.982659399509 0.0429839678109
      vertex -2.72151231766 -0.885002791882 0.075478553772
      vertex -2.66873407364 -0.908016979694 0.0390329174697
    endloop
  endfacet
  facet normal -0.133498340845 -0.990754961967 0.0241423491389
    outer loop
      vertex -2.49333906174 -1.27373898029 0.265848577023
      vertex -2.45852637291 -1.30584979057 0.26194024086
      vertex -2.51616644859 -1.30535328388 0.269694805145
    endloop
  endfacet
  facet normal -0.121682628989 -0.92716139555 -0.354351609945
    outer loop
      vertex -2.45852637291 -1.30584979057 0.26194024086
      vertex -2.49054718018 -1.36197888851 0.244690746069
      vertex -2.51616644859 -1.30535328388 0.269694805145
    endloop
  endfacet
  facet normal -0.31339725852 -0.947485506535 0.0636662319303
    outer loop
      vertex -2.36951756477 -1.22666299343 0.209403589368
      vertex -2.43384313583 -1.33557283878 0.237998574972
      vertex -2.41684913635 -1.19738149643 0.223091751337
    endloop
  endfacet
  facet normal -0.199351146817 -0.953165948391 0.227450713515
    outer loop
      vertex -2.10492610931 -1.44096899033 0.275621622801
      vertex -2.20039725304 -1.47918629646 0.304708719254
      vertex -2.1609249115 -1.37197101116 0.270868808031
    endloop
  endfacet
  facet normal -0.151093959808 -0.955121338367 0.254782050848
    outer loop
      vertex -2.17085075378 -1.13540112972 0.183783173561
      vertex -2.12208914757 -1.21445512772 0.19715732336
      vertex -2.20441412926 -1.28450131416 0.228865683079
    endloop
  endfacet
  facet normal -0.472192436457 -0.638247549534 0.608008503914
    outer loop
      vertex -2.85177922249 -1.81045198441 0.281060665846
      vertex -2.800126791 -1.89568352699 0.324040263891
      vertex -2.84958219528 -1.86687731743 0.333187222481
    endloop
  endfacet
  facet normal -0.521457016468 -0.254592776299 0.814410865307
    outer loop
      vertex -2.82730770111 -1.8936239481 0.373123824596
      vertex -2.84958219528 -1.86687731743 0.333187222481
      vertex -2.800126791 -1.89568352699 0.324040263891
    endloop
  endfacet
  facet normal 0.418849527836 -0.90715521574 0.0404293127358
    outer loop
      vertex -2.11095833778 -1.13410651684 0.1987157166
      vertex -2.08306670189 -1.21117568016 0.215028524399
      vertex -2.12208914757 -1.21445512772 0.19715732336
    endloop
  endfacet
  facet normal 0.857188165188 -0.373148083687 -0.354949206114
    outer loop
      vertex -2.04742741585 -1.33351576328 0.245128512383
      vertex -2.0621817112 -1.25782966614 0.283230096102
      vertex -2.01908540726 -1.37447452545 0.271274060011
    endloop
  endfacet
  facet normal 0.117301039398 -0.955019652843 0.272356271744
    outer loop
      vertex -2.08430123329 -1.34093391895 0.242714986205
      vertex -2.04742741585 -1.33351576328 0.245128512383
      vertex -2.05591917038 -1.42802727222 0.271038681269
    endloop
  endfacet
  facet normal 0.947379767895 0.166342273355 -0.273499310017
    outer loop
      vertex -2.02560281754 -1.3905903101 0.3801882267
      vertex -2.0057182312 -1.41615331173 0.308968931437
      vertex -2.0325191021 -1.32505321503 0.311823129654
    endloop
  endfacet
  facet normal 0.0201018098742 0.0624783672392 0.99784386158
    outer loop
      vertex -1.60332274437 -0.679091989994 0.563184678555
      vertex -1.57882583141 -0.671819090843 0.671458721161
      vertex -1.70465564728 -0.67833596468 0.607861936092
    endloop
  endfacet
  facet normal 0.500943481922 0.65762001276 -0.562664687634
    outer loop
      vertex -0.708678245544 1.43996012211 0.534641623497
      vertex -0.641453027725 1.47593152523 0.452655345201
      vertex -0.772366762161 1.5461050272 0.492338091135
    endloop
  endfacet
  facet normal 0.296723425388 -0.238739147782 0.924639821053
    outer loop
      vertex -2.43674898148 -2.41834926605 1.43264758587
      vertex -2.43600034714 -2.40370082855 1.37684476376
      vertex -2.34077262878 -2.37950944901 1.40150761604
    endloop
  endfacet
  facet normal -0.659680426121 -0.453521430492 -0.599282920361
    outer loop
      vertex -2.59434008598 -1.15485286713 1.19137310982
      vertex -2.53611326218 -1.14435791969 1.12054598331
      vertex -2.58577847481 -1.18655157089 1.13703298569
    endloop
  endfacet
  facet normal -0.913024187088 0.0515137687325 0.404639482498
    outer loop
      vertex -2.77710437775 -2.01120090485 0.467431604862
      vertex -2.82980656624 -1.89358150959 0.457243144512
      vertex -2.80967259407 -1.9434415102 0.422445654869
    endloop
  endfacet
  facet normal -0.835091292858 -0.486310839653 0.257146447897
    outer loop
      vertex -2.78366971016 -1.92157387733 0.366230726242
      vertex -2.80967259407 -1.9434415102 0.422445654869
      vertex -2.80417013168 -1.90583014488 0.393109112978
    endloop
  endfacet
  facet normal 0.0292616151273 -0.267778992653 0.963035881519
    outer loop
      vertex -2.64942502975 -2.0350291729 0.651305019855
      vertex -2.67576789856 -2.05357289314 0.715116798878
      vertex -2.72083830833 -2.01855540276 0.584255158901
    endloop
  endfacet
  facet normal -0.430384278297 -0.43198466301 0.792564570904
    outer loop
      vertex -2.57279038429 -2.13302850723 1.14691233635
      vertex -2.52347564697 -2.13378477097 1.09916782379
      vertex -2.54229021072 -2.1634812355 1.17239677906
    endloop
  endfacet
  facet normal -0.4815928936 -0.0736974030733 0.873290896416
    outer loop
      vertex -2.63578486443 -2.08089256287 0.940770626068
      vertex -2.6045935154 -2.0968644619 0.92620497942
      vertex -2.57279038429 -2.13302850723 1.14691233635
    endloop
  endfacet
  facet normal 0.0951603576541 -0.806869149208 0.583015203476
    outer loop
      vertex -2.42621850967 -2.25018620491 1.15471637249
      vertex -2.39849805832 -2.28309726715 1.18176603317
      vertex -2.46263337135 -2.29683995247 1.18413197994
    endloop
  endfacet
  facet normal 0.133150696754 -0.95870834589 0.251295030117
    outer loop
      vertex -2.12586116791 -2.10676884651 1.18015480042
      vertex -2.21488547325 -2.15509271622 1.18045711517
      vertex -2.19880366325 -2.10730195045 1.17016386986
    endloop
  endfacet
  facet normal 0.135817795992 -0.987006127834 0.0858626142144
    outer loop
      vertex -2.10472559929 -2.05897641182 1.17890560627
      vertex -2.12586116791 -2.10676884651 1.18015480042
      vertex -2.19880366325 -2.10730195045 1.17016386986
    endloop
  endfacet
  facet normal 0.717612683773 -0.684232711792 -0.129837065935
    outer loop
      vertex -1.97174525261 -1.78520464897 1.24660968781
      vertex -1.96166300774 -1.87039864063 1.24101769924
      vertex -1.98463881016 -1.84780597687 1.22120809555
    endloop
  endfacet
  facet normal 0.971538901329 -0.116495989263 0.206254318357
    outer loop
      vertex -1.81067359447 -1.9689565897 1.35606837273
      vertex -1.82414805889 -2.01194548607 1.31980669498
      vertex -1.81462800503 -1.95735263824 1.30254507065
    endloop
  endfacet
  facet normal 0.938988983631 0.170249059796 -0.298856049776
    outer loop
      vertex -1.77958595753 -1.9850256443 1.42263627052
      vertex -1.80698633194 -1.96324598789 1.53552770615
      vertex -1.76742339134 -2.04318451881 1.45764732361
    endloop
  endfacet
  facet normal -0.812516331673 -0.44998973608 -0.370575875044
    outer loop
      vertex -1.29443144798 1.35635268688 0.0643699020147
      vertex -1.33647561073 1.27390921116 0.072392359376
      vertex -1.33196878433 1.32420957088 0.105678029358
    endloop
  endfacet
  facet normal 0.152827307582 -0.876275062561 -0.456930875778
    outer loop
      vertex -1.46154260635 0.11496540159 0.199282094836
      vertex -1.66031575203 0.207662075758 0.212951332331
      vertex -1.48658847809 0.1533947438 0.214952811599
    endloop
  endfacet
  facet normal -0.943830907345 -0.158892840147 -0.289717644453
    outer loop
      vertex -1.60517406464 0.369496822357 0.233901441097
      vertex -1.61869812012 0.359657853842 0.296295076609
      vertex -1.5161511898 0.660476982594 0.235660746694
    endloop
  endfacet
  facet normal -0.927087366581 0.275512188673 -0.2541693151
    outer loop
      vertex -1.46553778648 0.893885314465 0.149941802025
      vertex -1.45963096619 0.823090314865 0.235128834844
      vertex -1.39184880257 1.07303202152 0.232633277774
    endloop
  endfacet
  facet normal -0.00610857410356 -0.999971866608 -0.00435954378918
    outer loop
      vertex -1.57104825974 -0.0231237690896 0.0530486777425
      vertex -1.54536724091 0.0231019966304 0.053093329072
      vertex -1.44518256187 -0.0179746299982 0.0523022450507
    endloop
  endfacet
  facet normal 0.365552246571 -0.747812867165 -0.554208874702
    outer loop
      vertex -1.09344315529 1.51525712013 0.0647955387831
      vertex -1.1120121479 1.56150126457 0.0899903178215
      vertex -1.07382822037 1.57158982754 0.116132460535
    endloop
  endfacet
  facet normal -0.852018237114 -0.489791482687 -0.184849157929
    outer loop
      vertex -1.05031490326 1.60381543636 0.0873918756843
      vertex -1.05913543701 1.53965973854 0.0785230100155
      vertex -1.07382822037 1.57158982754 0.116132460535
    endloop
  endfacet
  facet normal 0.143743440509 -0.725077569485 -0.673498570919
    outer loop
      vertex -0.958406627178 1.11865997314 0.0770383998752
      vertex -0.954876840115 1.15888798237 0.115104541183
      vertex -0.924678742886 1.13654589653 0.100338466465
    endloop
  endfacet
  facet normal -0.0599343031645 -0.868112564087 -0.492735654116
    outer loop
      vertex -0.954876840115 1.15888798237 0.115104541183
      vertex -0.854220211506 1.167517066 0.113053061068
      vertex -0.924678742886 1.13654589653 0.100338466465
    endloop
  endfacet
  facet normal 0.107610501349 -0.980833053589 -0.162439391017
    outer loop
      vertex -0.692603588104 1.57388007641 0.0577772222459
      vertex -0.597089529037 1.49322760105 0.0548992305994
      vertex -0.691291749477 1.49038338661 0.0440929383039
    endloop
  endfacet
  facet normal 0.982284903526 0.0549859106541 0.179144799709
    outer loop
      vertex -0.449274092913 1.10328793526 0.151846706867
      vertex -0.469828188419 1.02571737766 0.266305267811
      vertex -0.488026112318 0.911754667759 0.220106989145
    endloop
  endfacet
  facet normal -0.345074176788 -0.898213684559 0.272279173136
    outer loop
      vertex -0.817722976208 0.4437751472 0.0709092020988
      vertex -0.920476198196 0.53526455164 0.0826512053609
      vertex -0.799370467663 0.476665765047 0.0538882948458
    endloop
  endfacet
  facet normal 0.119412124157 -0.976301968098 -0.18048620224
    outer loop
      vertex -0.750243604183 0.596082925797 0.0605717338622
      vertex -0.743017435074 0.519718647003 0.047338321805
      vertex -0.785030603409 0.662410259247 0.0685786604881
    endloop
  endfacet
  facet normal -0.198684111238 -0.98004680872 0.005735126324
    outer loop
      vertex -0.621920585632 0.992760777473 0.0654633492231
      vertex -0.519583880901 0.955047309399 0.0449374094605
      vertex -0.576674997807 0.911166250706 0.0567682273686
    endloop
  endfacet
  facet normal 0.927753686905 -0.0993906036019 0.359714567661
    outer loop
      vertex -0.564369618893 0.711856007576 0.230957940221
      vertex -0.488026112318 0.911754667759 0.220106989145
      vertex -0.543504953384 0.744416713715 0.307874023914
    endloop
  endfacet
  facet normal 0.314913362265 -0.897208869457 0.309589713812
    outer loop
      vertex -2.6259560585 -1.69456398487 0.324006289244
      vertex -2.69437360764 -1.72499668598 0.310493320227
      vertex -2.75380897522 -1.69299459457 0.278589397669
    endloop
  endfacet
  facet normal 0.128628492355 -0.960086345673 0.248372599483
    outer loop
      vertex -2.6259560585 -1.69456398487 0.324006289244
      vertex -2.55807828903 -1.63280510902 0.317123383284
      vertex -2.49653553963 -1.6699937582 0.334989249706
    endloop
  endfacet
  facet normal 0.123643405735 -0.958742976189 0.255976974964
    outer loop
      vertex -2.55807828903 -1.63280510902 0.317123383284
      vertex -2.36689901352 -1.55342125893 0.320583760738
      vertex -2.49653553963 -1.6699937582 0.334989249706
    endloop
  endfacet
  facet normal -0.820561051369 -0.570199251175 -0.039400126785
    outer loop
      vertex -2.43794035912 -1.22216153145 0.251731395721
      vertex -2.41684913635 -1.19738149643 0.223091751337
      vertex -2.43384313583 -1.33557283878 0.237998574972
    endloop
  endfacet
  facet normal 0.102147869766 -0.864855647087 0.491518527269
    outer loop
      vertex -2.27788472176 -1.45326340199 0.303255170584
      vertex -2.17851161957 -1.32516956329 0.242193251848
      vertex -2.1609249115 -1.37197101116 0.270868808031
    endloop
  endfacet
  facet normal 0.242190688848 -0.970116794109 0.0147353308275
    outer loop
      vertex -2.17085075378 -1.13540112972 0.183783173561
      vertex -2.11095833778 -1.13410651684 0.1987157166
      vertex -2.12208914757 -1.21445512772 0.19715732336
    endloop
  endfacet
  facet normal -0.999673247337 -0.00830031838268 0.0241762194782
    outer loop
      vertex -2.98408508301 -1.40635168552 0.324766308069
      vertex -2.98551893234 -1.39530658722 0.465291321278
      vertex -2.98886203766 -1.23836481571 0.410799771547
    endloop
  endfacet
  facet normal 0.394302815199 0.60508787632 -0.691660284996
    outer loop
      vertex -2.37915277481 -0.861648440361 0.61571598053
      vertex -2.31983447075 -0.943689882755 0.670840919018
      vertex -2.31101799011 -0.854145765305 0.562740147114
    endloop
  endfacet
  facet normal 0.698359727859 -0.227465063334 -0.678640842438
    outer loop
      vertex -2.30955147743 -0.847540140152 0.332498550415
      vertex -2.33886241913 -0.787766098976 0.420844078064
      vertex -2.27634572983 -0.84530633688 0.44111084938
    endloop
  endfacet
  facet normal -0.943959534168 0.0849306806922 -0.318946987391
    outer loop
      vertex -1.40829479694 1.05150818825 0.405384480953
      vertex -1.3759200573 1.12393152714 0.493235468864
      vertex -1.34084713459 1.25268781185 0.399523198605
    endloop
  endfacet
  facet normal -0.304302155972 0.891647398472 -0.335209131241
    outer loop
      vertex -1.30210828781 0.92670071125 0.738205254078
      vertex -1.23102080822 0.858820319176 0.787985265255
      vertex -1.22035336494 1.13411605358 0.688130199909
    endloop
  endfacet
  facet normal -0.0330634489655 0.877853393555 -0.477786839008
    outer loop
      vertex -1.31883347034 0.651443958282 0.921562314034
      vertex -1.23889863491 0.730239093304 0.881687343121
      vertex -1.27557218075 0.758117377758 0.86513286829
    endloop
  endfacet
  facet normal -0.42277905345 0.549401760101 -0.720704913139
    outer loop
      vertex -1.32686173916 0.774335086346 0.825060844421
      vertex -1.23102080822 0.858820319176 0.787985265255
      vertex -1.38480651379 0.78592467308 0.76526761055
    endloop
  endfacet
  facet normal -0.953880369663 -0.201082855463 -0.222885370255
    outer loop
      vertex -1.96974551678 -0.333022475243 0.35335791111
      vertex -1.97438120842 -0.281563609838 0.432386606932
      vertex -1.92626535892 -0.13133841753 0.37065204978
    endloop
  endfacet
  facet normal 0.591819226742 0.0834458395839 0.801739871502
    outer loop
      vertex -1.45374035835 -0.631056308746 0.66421765089
      vertex -1.42119693756 -0.618294298649 0.556027591228
      vertex -1.32773542404 -0.545808494091 0.589611709118
    endloop
  endfacet
  facet normal -0.27132204175 0.901636004448 -0.336803853512
    outer loop
      vertex -1.16295051575 1.32301354408 0.634841799736
      vertex -1.22035336494 1.13411605358 0.688130199909
      vertex -1.10805034637 1.31536006927 0.654221355915
    endloop
  endfacet
  facet normal 0.524215340614 0.439056873322 -0.729676187038
    outer loop
      vertex -0.678105533123 1.53420293331 0.399574637413
      vertex -0.772366762161 1.5461050272 0.492338091135
      vertex -0.641453027725 1.47593152523 0.452655345201
    endloop
  endfacet
  facet normal 0.919714450836 0.300790607929 -0.252290248871
    outer loop
      vertex -0.496283829212 1.2204631567 0.379360765219
      vertex -0.510587155819 1.31236326694 0.346013456583
      vertex -0.541915118694 1.30445325375 0.448438316584
    endloop
  endfacet
  facet normal 0.0949210077524 0.796137273312 -0.597624778748
    outer loop
      vertex -1.23889863491 0.730239093304 0.881687343121
      vertex -1.21642768383 0.785517215729 0.837513387203
      vertex -1.27557218075 0.758117377758 0.86513286829
    endloop
  endfacet
  facet normal 0.143945276737 0.787603974342 -0.599132478237
    outer loop
      vertex -1.31883347034 0.651443958282 0.921562314034
      vertex -1.22829258442 0.607802450657 0.938212931156
      vertex -1.19023048878 0.624264538288 0.91873383522
    endloop
  endfacet
  facet normal 0.700295567513 0.547027766705 -0.458635777235
    outer loop
      vertex -1.15091478825 0.581367850304 0.904367685318
      vertex -1.17681968212 0.654113233089 0.876540005207
      vertex -1.19023048878 0.624264538288 0.91873383522
    endloop
  endfacet
  facet normal 0.443860143423 0.676656246185 -0.587472975254
    outer loop
      vertex -1.13986003399 0.724142074585 0.832558214664
      vertex -1.06886208057 0.661240279675 0.840597629547
      vertex -1.0255562067 0.678458333015 0.797241926193
    endloop
  endfacet
  facet normal 0.494687914848 0.861095905304 -0.117463521659
    outer loop
      vertex -1.07514941692 0.523480772972 0.890937209129
      vertex -1.00507009029 0.591059267521 0.841459095478
      vertex -1.0634945631 0.615773975849 0.871651768684
    endloop
  endfacet
  facet normal 0.843881070614 0.239776283503 0.479970902205
    outer loop
      vertex -0.688576996326 0.507660806179 0.482981979847
      vertex -0.856260478497 0.216816201806 0.490939378738
      vertex -0.713686704636 0.429004639387 0.413904875517
    endloop
  endfacet
  facet normal 0.93691599369 0.0854281187057 0.338954985142
    outer loop
      vertex -0.580402195454 0.648148536682 0.386853247881
      vertex -0.531688213348 0.785672307014 0.398248225451
      vertex -0.577762246132 0.669008433819 0.440666288137
    endloop
  endfacet
  facet normal 0.951522171497 0.0158091187477 0.307173639536
    outer loop
      vertex -0.531688213348 0.785672307014 0.398248225451
      vertex -0.543504953384 0.744416713715 0.307874023914
      vertex -0.488026112318 0.911754667759 0.220106989145
    endloop
  endfacet
  facet normal -0.956352829933 0.0396799296141 -0.289507895708
    outer loop
      vertex -2.72316503525 -1.35661780834 1.13163125515
      vertex -2.7379860878 -1.43971037865 1.38066959381
      vertex -2.70443296432 -1.32013857365 1.31695008278
    endloop
  endfacet
  facet normal 0.272180855274 0.344376087189 -0.89851140976
    outer loop
      vertex -2.61781382561 -1.1860255003 1.31890153885
      vertex -2.56626439095 -1.1733905077 1.24519300461
      vertex -2.59306693077 -1.16153585911 1.23544669151
    endloop
  endfacet
  facet normal -0.517416477203 0.207009166479 -0.830317676067
    outer loop
      vertex -2.65215730667 -1.21957361698 1.3676224947
      vertex -2.61781382561 -1.1860255003 1.31890153885
      vertex -2.64619135857 -1.19300377369 1.27596223354
    endloop
  endfacet
  facet normal -0.506178975105 -0.269237011671 -0.819325506687
    outer loop
      vertex -2.61781382561 -1.1860255003 1.31890153885
      vertex -2.58047699928 -1.14797437191 1.36450135708
      vertex -2.5600028038 -1.15988028049 1.28977751732
    endloop
  endfacet
  facet normal -0.0662692338228 0.0349511280656 -0.997189462185
    outer loop
      vertex -2.52706623077 -1.07864701748 1.35254251957
      vertex -2.52631855011 -1.08038973808 1.40368235111
      vertex -2.49428153038 -1.0777002573 1.38769233227
    endloop
  endfacet
  facet normal -0.625015854836 -0.480241328478 -0.615405082703
    outer loop
      vertex -2.48664808273 -1.1143348217 1.28549408913
      vertex -2.58047699928 -1.14797437191 1.36450135708
      vertex -2.48029923439 -1.08633387089 1.31311309338
    endloop
  endfacet
  facet normal -0.3383063972 -0.258085221052 -0.904953479767
    outer loop
      vertex -2.41490149498 -1.07357978821 1.26616585255
      vertex -2.45837473869 -1.06151914597 1.36544144154
      vertex -2.41581320763 -1.0383130312 1.39102065563
    endloop
  endfacet
  facet normal -0.435591518879 0.0193487405777 0.899936497211
    outer loop
      vertex -2.48615574837 -2.31550264359 1.27362203598
      vertex -2.45014262199 -2.33224582672 1.30562543869
      vertex -2.48990321159 -2.31175899506 1.36337542534
    endloop
  endfacet
  facet normal -0.876029312611 0.32138183713 -0.35956415534
    outer loop
      vertex -2.84768795967 -1.55340635777 0.768190741539
      vertex -2.78254795074 -1.4975284338 0.883234083652
      vertex -2.80901956558 -1.47020614147 0.780508816242
    endloop
  endfacet
  facet normal -0.864607393742 0.496690690517 -0.0758446902037
    outer loop
      vertex -2.87843513489 -1.61119663715 0.723492562771
      vertex -2.83586645126 -1.71058487892 0.812769949436
      vertex -2.84768795967 -1.55340635777 0.768190741539
    endloop
  endfacet
  facet normal -0.506625115871 -0.0360732898116 -0.861411452293
    outer loop
      vertex -2.55300474167 -1.18045735359 0.996524989605
      vertex -2.62811517715 -1.22291648388 1.0374982357
      vertex -2.48992729187 -1.14203703403 1.02810132504
    endloop
  endfacet
  facet normal -0.0548497363925 0.79338490963 -0.606244087219
    outer loop
      vertex -2.44162154198 -1.00185191631 0.726501643658
      vertex -2.3743159771 -0.981995105743 0.715981662273
      vertex -2.47586274147 -0.846372008324 0.605328559875
    endloop
  endfacet
  facet normal 0.0989728569984 0.344624012709 0.933508813381
    outer loop
      vertex -2.37796139717 -1.80654537678 0.497555851936
      vertex -2.22247266769 -1.77327442169 0.54302418232
      vertex -2.28327441216 -1.76810991764 0.574475347996
    endloop
  endfacet
  facet normal 0.247482568026 -0.802747189999 0.542539715767
    outer loop
      vertex -2.37679171562 -1.69535183907 0.360999375582
      vertex -2.16281938553 -1.61471641064 0.372468143702
      vertex -2.17944192886 -1.68693816662 0.41615486145
    endloop
  endfacet
  facet normal 0.831356167793 0.316049218178 -0.457121193409
    outer loop
      vertex -2.10312652588 -1.27224802971 0.734954535961
      vertex -2.18518352509 -1.07740843296 0.668994247913
      vertex -2.18429231644 -1.18089902401 0.816334664822
    endloop
  endfacet
  facet normal 0.257099509239 -0.238143444061 0.936582922935
    outer loop
      vertex -2.21354150772 -1.74879229069 0.573785185814
      vertex -2.05050778389 -1.71592760086 0.620544552803
      vertex -2.28327441216 -1.76810991764 0.574475347996
    endloop
  endfacet
  facet normal 0.908923327923 -0.146241605282 -0.390476405621
    outer loop
      vertex -2.16031622887 -1.05907189846 0.328818798065
      vertex -2.14787364006 -1.04277789593 0.449658453465
      vertex -2.11254501343 -1.13344585896 0.427143156528
    endloop
  endfacet
  facet normal -0.151473790407 -0.885321319103 0.439615607262
    outer loop
      vertex -2.78366971016 -1.92157387733 0.366230726242
      vertex -2.73548650742 -1.945489645 0.369862407446
      vertex -2.7845916748 -1.97205638885 0.391456067562
    endloop
  endfacet
  facet normal 0.0552714839578 -0.293360412121 0.954402804375
    outer loop
      vertex -2.72083830833 -2.01855540276 0.584255158901
      vertex -2.69067311287 -2.00441932678 0.543949246407
      vertex -2.64942502975 -2.0350291729 0.651305019855
    endloop
  endfacet
  facet normal -0.907618463039 0.16431234777 0.386303186417
    outer loop
      vertex -2.63578486443 -2.08089256287 0.940770626068
      vertex -2.59751319885 -2.06812334061 1.18219411373
      vertex -2.66258597374 -2.02094173431 0.933674633503
    endloop
  endfacet
  facet normal -0.928298950195 0.0311487019062 0.370527714491
    outer loop
      vertex -2.57279038429 -2.13302850723 1.14691233635
      vertex -2.54788208008 -2.1860229969 1.25884032249
      vertex -2.59751319885 -2.06812334061 1.18219411373
    endloop
  endfacet
  facet normal 0.405352085829 -0.368668943644 0.836524307728
    outer loop
      vertex -2.52470493317 -2.07887482643 0.9732234478
      vertex -2.52347564697 -2.13378477097 1.09916782379
      vertex -2.6045935154 -2.0968644619 0.92620497942
    endloop
  endfacet
  facet normal -0.542282283306 -0.431647926569 0.72083979845
    outer loop
      vertex -2.54229021072 -2.1634812355 1.17239677906
      vertex -2.52347564697 -2.13378477097 1.09916782379
      vertex -2.51384878159 -2.1984398365 1.1950455904
    endloop
  endfacet
  facet normal 0.938974559307 -0.0648122876883 -0.337825626135
    outer loop
      vertex -1.99539685249 -1.74220025539 1.1281093359
      vertex -2.00572395325 -1.68947255611 1.25333094597
      vertex -1.97174525261 -1.78520464897 1.24660968781
    endloop
  endfacet
  facet normal 0.405283123255 -0.54493945837 0.734020829201
    outer loop
      vertex -1.96185493469 -2.17137074471 1.41559076309
      vertex -2.08783769608 -2.24426746368 1.42008495331
      vertex -2.21334648132 -2.30358695984 1.40664339066
    endloop
  endfacet
  facet normal 0.31470105052 -0.849026203156 0.424402832985
    outer loop
      vertex -1.98463881016 -1.84780597687 1.22120809555
      vertex -1.96166300774 -1.87039864063 1.24101769924
      vertex -2.06638288498 -1.92006552219 1.22702908516
    endloop
  endfacet
  facet normal 0.974710345268 -0.193935915828 -0.111034318805
    outer loop
      vertex -1.77188241482 -2.05771756172 1.4975053072
      vertex -1.76310372353 -2.04797267914 1.54720568657
      vertex -1.75826740265 -2.11116528511 1.53533315659
    endloop
  endfacet
  facet normal 0.884910166264 -0.194277688861 0.423308610916
    outer loop
      vertex -1.76742339134 -2.04318451881 1.45764732361
      vertex -1.78739619255 -2.09343338013 1.47616016865
      vertex -1.78332722187 -2.05056786537 1.40129506588
    endloop
  endfacet
  facet normal 0.755654096603 -0.531502127647 0.382743299007
    outer loop
      vertex -1.82414805889 -2.01194548607 1.31980669498
      vertex -1.77716481686 -2.01278162003 1.3872064352
      vertex -1.82387173176 -2.05287718773 1.34967517853
    endloop
  endfacet
  facet normal 0.935238361359 0.070051677525 -0.34701859951
    outer loop
      vertex -2.11254501343 -1.13344585896 0.427143156528
      vertex -2.14787364006 -1.04277789593 0.449658453465
      vertex -2.12819361687 -1.12282705307 0.583460211754
    endloop
  endfacet
  facet normal 0.125278547406 -0.835865974426 0.534446775913
    outer loop
      vertex -2.03241920471 -1.62945389748 0.401435375214
      vertex -2.17944192886 -1.68693816662 0.41615486145
      vertex -2.16281938553 -1.61471641064 0.372468143702
    endloop
  endfacet
  facet normal -0.0867751613259 -0.985269844532 0.147354841232
    outer loop
      vertex -2.09379148483 -1.56646025181 0.347523778677
      vertex -2.10541248322 -1.52066612244 0.341698408127
      vertex -2.02634644508 -1.51083397865 0.333264380693
    endloop
  endfacet
  facet normal 0.995792150497 -0.00706391688436 -0.0913679078221
    outer loop
      vertex -1.99539685249 -1.74220025539 1.1281093359
      vertex -1.99097573757 -1.79112768173 1.11849927902
      vertex -1.99770450592 -1.72909677029 0.972289681435
    endloop
  endfacet
  facet normal 0.992429196835 0.0902791693807 -0.0832703262568
    outer loop
      vertex -1.98644793034 -1.62299406528 0.666843771935
      vertex -1.98998343945 -1.66492974758 0.744389295578
      vertex -1.97828483582 -1.68513715267 0.634426355362
    endloop
  endfacet
  facet normal 0.290107935667 0.0467703044415 0.955850362778
    outer loop
      vertex -1.96631336212 -1.7294049263 0.553497552872
      vertex -1.9504301548 -1.72229731083 0.600235998631
      vertex -2.0217359066 -1.74461054802 0.586513876915
    endloop
  endfacet
  facet normal 0.500253796577 -0.533436894417 0.682049274445
    outer loop
      vertex -1.9458514452 -1.69110369682 0.523714959621
      vertex -1.96631336212 -1.7294049263 0.553497552872
      vertex -2.003282547 -1.70050764084 0.481880277395
    endloop
  endfacet
  facet normal 0.564734041691 -0.665595829487 0.487911552191
    outer loop
      vertex -2.00689792633 -1.65661537647 0.446637779474
      vertex -1.9458514452 -1.69110369682 0.523714959621
      vertex -2.003282547 -1.70050764084 0.481880277395
    endloop
  endfacet
  facet normal 0.910594105721 0.403359174728 0.0901094004512
    outer loop
      vertex -1.95525062084 -1.57120883465 0.436778843403
      vertex -1.9847317934 -1.54534184933 0.509112000465
      vertex -1.96886146069 -1.59864640236 0.461376190186
    endloop
  endfacet
  facet normal 0.864633023739 -0.359727680683 -0.350721687078
    outer loop
      vertex -2.02560281754 -1.3905903101 0.3801882267
      vertex -1.96393549442 -1.52757382393 0.394856274128
      vertex -2.01327133179 -1.44768452644 0.354163050652
    endloop
  endfacet
  facet normal 0.873970508575 -0.15600284934 -0.460259348154
    outer loop
      vertex -1.98291361332 -1.50733685493 0.348241597414
      vertex -2.01327133179 -1.44768452644 0.354163050652
      vertex -1.96393549442 -1.52757382393 0.394856274128
    endloop
  endfacet
  facet normal 0.332612991333 -0.895519077778 0.295658946037
    outer loop
      vertex -2.02634644508 -1.51083397865 0.333264380693
      vertex -1.98291361332 -1.50733685493 0.348241597414
      vertex -2.01158475876 -1.55966293812 0.354868233204
    endloop
  endfacet
  facet normal -0.22368952632 -0.97457242012 0.0131010646001
    outer loop
      vertex -1.99678444862 -1.97603237629 1.20115482807
      vertex -1.9398907423 -1.98786509037 1.18825542927
      vertex -1.9784361124 -2.03179264069 1.1976929903
    endloop
  endfacet
  facet normal -0.0014292167034 -0.994690835476 -0.102898269892
    outer loop
      vertex -1.88313388824 -1.94450116158 1.19265973568
      vertex -1.9398907423 -1.98786509037 1.18825542927
      vertex -1.95578896999 -1.95158576965 1.19203126431
    endloop
  endfacet
  facet normal -0.68785738945 0.136516675353 -0.71289229393
    outer loop
      vertex -2.78351926804 -0.824250757694 0.394231677055
      vertex -2.87270283699 -0.914593040943 0.416637271643
      vertex -2.81652259827 -0.865728735924 0.444538712502
    endloop
  endfacet
  facet normal -0.710685431957 -0.0259821489453 -0.703029990196
    outer loop
      vertex -2.78351926804 -0.824250757694 0.394231677055
      vertex -2.8171505928 -0.861009478569 0.319519430399
      vertex -2.88132810593 -0.924930989742 0.345354378223
    endloop
  endfacet
  facet normal 0.736601352692 -0.573194503784 -0.358979821205
    outer loop
      vertex -2.35241866112 -0.924398601055 0.103733323514
      vertex -2.39888238907 -0.86628395319 0.0804196670651
      vertex -2.33492326736 -0.886907458305 0.149696230888
    endloop
  endfacet
  facet normal 0.480192095041 -0.167870461941 -0.860950112343
    outer loop
      vertex -2.33492326736 -0.886907458305 0.149696230888
      vertex -2.35328984261 -0.86104375124 0.229804798961
      vertex -2.2596552372 -0.928557991982 0.151388555765
    endloop
  endfacet
  facet normal -0.7853307724 -0.542592346668 -0.298075705767
    outer loop
      vertex -1.3679523468 1.16231584549 0.0532136894763
      vertex -1.41217660904 1.08854699135 0.0766972079873
      vertex -1.40666365623 1.14409732819 0.0992348268628
    endloop
  endfacet
  facet normal -0.786829173565 -0.589443981647 -0.182908862829
    outer loop
      vertex -1.37559700012 1.20641314983 0.0771019756794
      vertex -1.3679523468 1.16231584549 0.0532136894763
      vertex -1.40666365623 1.14409732819 0.0992348268628
    endloop
  endfacet
  facet normal -0.320626348257 -0.888444066048 -0.328429430723
    outer loop
      vertex -1.37338089943 1.06494176388 0.0539703145623
      vertex -1.41212081909 1.021240592 0.0517960488796
      vertex -1.41217660904 1.08854699135 0.0766972079873
    endloop
  endfacet
  facet normal -0.887104034424 0.308804482222 -0.343054264784
    outer loop
      vertex -1.36045026779 1.2404717207 0.136821463704
      vertex -1.39184880257 1.07303202152 0.232633277774
      vertex -1.30205607414 1.32365620136 0.212160244584
    endloop
  endfacet
  facet normal -0.342113643885 -0.937493264675 -0.0637544840574
    outer loop
      vertex -1.83683466911 0.088054895401 0.0832345634699
      vertex -1.80439281464 0.144151881337 0.0752106532454
      vertex -1.75429654121 0.134460747242 0.0562702789903
    endloop
  endfacet
  facet normal 0.512514650822 -0.674610555172 -0.531252563
    outer loop
      vertex -1.67353248596 0.0155223403126 0.0479750707746
      vertex -1.73424196243 0.0819759890437 0.0541848316789
      vertex -1.69100260735 0.0479012988508 0.0602009445429
    endloop
  endfacet
  facet normal 0.445140957832 -0.169999584556 -0.879175543785
    outer loop
      vertex -1.61173343658 0.167793855071 0.133979395032
      vertex -1.70116043091 0.218362748623 0.16134019196
      vertex -1.66031575203 0.207662075758 0.212951332331
    endloop
  endfacet
  facet normal 0.322782695293 -0.580635011196 -0.747445166111
    outer loop
      vertex -1.49556136131 0.102511420846 0.0710208266973
      vertex -1.58082270622 0.163388669491 0.101989544928
      vertex -1.52732825279 0.137143269181 0.097942404449
    endloop
  endfacet
  facet normal -0.658692419529 -0.751863002777 0.0287451129407
    outer loop
      vertex -1.529743433 0.584125936031 0.202799260616
      vertex -1.48859739304 0.704085290432 0.162165731192
      vertex -1.51650261879 0.488709837198 0.194847166538
    endloop
  endfacet
  facet normal -0.806280374527 -0.564554572105 -0.176607221365
    outer loop
      vertex -1.50257849693 0.826330721378 0.0863052308559
      vertex -1.48580551147 0.887165129185 0.0813811048865
      vertex -1.47587823868 0.832480251789 0.0500964336097
    endloop
  endfacet
  facet normal -0.386113554239 -0.863322854042 0.32494610548
    outer loop
      vertex -1.48516654968 0.759001851082 0.0767641887069
      vertex -1.50347518921 0.783821880817 0.075610563159
      vertex -1.43904471397 0.785390675068 0.0462041124701
    endloop
  endfacet
  facet normal -0.20301964879 -0.20239508152 0.95802885294
    outer loop
      vertex -1.29873681068 0.719210147858 0.0832879543304
      vertex -1.22957086563 0.696416795254 0.121800109744
      vertex -1.44773745537 0.743342339993 0.11851978302
    endloop
  endfacet
  facet normal 0.374270349741 -0.744113981724 -0.553367912769
    outer loop
      vertex -1.36499094963 -0.00141117570456 0.0594113171101
      vertex -1.49556136131 0.102511420846 0.0710208266973
      vertex -1.37138748169 0.0423705428839 0.0887527391315
    endloop
  endfacet
  facet normal 0.124669343233 -0.887693583965 -0.443235486746
    outer loop
      vertex -1.46154260635 0.11496540159 0.199282094836
      vertex -1.48658847809 0.1533947438 0.214952811599
      vertex -1.31978821754 0.105257831514 0.214343249798
    endloop
  endfacet
  facet normal -0.10227253288 -0.98627102375 0.129652544856
    outer loop
      vertex -1.33917188644 0.243998885155 0.226289570332
      vertex -1.37808609009 0.355071514845 0.215723514557
      vertex -1.17979741096 0.285730808973 0.204277083278
    endloop
  endfacet
  facet normal -0.993016004562 0.0502818115056 0.106728442013
    outer loop
      vertex -1.99137187004 -0.41448122263 0.137966349721
      vertex -1.98621892929 -0.429211646318 0.208464965224
      vertex -1.99127602577 -0.374317824841 0.22511023283
    endloop
  endfacet
  facet normal -0.931641459465 -0.36148840189 0.0370172969997
    outer loop
      vertex -1.97723078728 -0.369976073503 0.0969639867544
      vertex -1.97221851349 -0.443511426449 0.0915763676167
      vertex -1.99137187004 -0.41448122263 0.137966349721
    endloop
  endfacet
  facet normal -0.976017773151 -0.186327368021 -0.112567305565
    outer loop
      vertex -1.89827883244 0.00562819000334 0.0883149728179
      vertex -1.90853893757 -0.0534328371286 0.106378361583
      vertex -1.91378462315 -0.03089537099 0.147471964359
    endloop
  endfacet
  facet normal -0.724297463894 -0.409730434418 -0.554539561272
    outer loop
      vertex -1.94596672058 -0.104162044823 0.103882804513
      vertex -1.90853893757 -0.0534328371286 0.106378361583
      vertex -1.92856895924 -0.1011903584 0.0771500244737
    endloop
  endfacet
  facet normal -0.833885967731 -0.52313375473 -0.175969406962
    outer loop
      vertex -1.94596672058 -0.104162044823 0.103882804513
      vertex -1.92856895924 -0.1011903584 0.0771500244737
      vertex -1.94666659832 -0.174894079566 0.0812058970332
    endloop
  endfacet
  facet normal -0.623222589493 -0.771547079086 0.127705618739
    outer loop
      vertex -1.90853893757 -0.0534328371286 0.106378361583
      vertex -1.89827883244 0.00562819000334 0.0883149728179
      vertex -1.85354542732 -0.0293944068253 0.0579781457782
    endloop
  endfacet
  facet normal -0.526833176613 -0.775585651398 0.347726434469
    outer loop
      vertex -1.86998939514 -0.614284753799 0.0875258296728
      vertex -1.95269596577 -0.521437466145 0.102078847587
      vertex -1.91254377365 -0.528165876865 0.0778212323785
    endloop
  endfacet
  facet normal -0.249656751752 -0.959802150726 0.128262788057
    outer loop
      vertex -1.91254377365 -0.528165876865 0.0778212323785
      vertex -1.80480504036 -0.555207669735 0.0534107349813
      vertex -1.76311850548 -0.650759100914 0.0553365126252
    endloop
  endfacet
  facet normal 0.0488730929792 -0.998574435711 0.0214590542018
    outer loop
      vertex -1.69640612602 -0.22367708385 0.0491097643971
      vertex -1.7615237236 -0.153458163142 0.044413741678
      vertex -1.55686950684 -0.162731692195 0.0546293891966
    endloop
  endfacet
  facet normal -0.250150561333 -0.487005084753 0.836809873581
    outer loop
      vertex -1.50161838531 -0.634553849697 0.0489758141339
      vertex -1.45325732231 -0.66212105751 0.0715032443404
      vertex -1.49594759941 -0.680218279362 0.124527163804
    endloop
  endfacet
  facet normal 0.73286896944 0.0405112244189 0.679162621498
    outer loop
      vertex -1.35900878906 -0.573558390141 0.132681623101
      vertex -1.40345001221 -0.620036125183 0.157456114888
      vertex -1.3921391964 -0.612938165665 0.0718327760696
    endloop
  endfacet
  facet normal 0.0274143368006 -0.995011150837 -0.0959233641624
    outer loop
      vertex -1.3453412056 -0.356939613819 0.0512088052928
      vertex -1.36842441559 -0.451380729675 0.0414682887495
      vertex -1.44920086861 -0.354603379965 0.0485725067556
    endloop
  endfacet
  facet normal 0.736980557442 0.0587863177061 0.673352658749
    outer loop
      vertex -1.30975341797 -0.512486696243 0.214715972543
      vertex -1.40345001221 -0.620036125183 0.157456114888
      vertex -1.35900878906 -0.573558390141 0.132681623101
    endloop
  endfacet
  facet normal 0.13672940433 -0.958616316319 -0.249719396234
    outer loop
      vertex -1.29417300224 -0.210058316588 0.0500212088227
      vertex -1.43885231018 -0.129841268063 0.050281830132
      vertex -1.33074307442 -0.14997549355 0.0604567117989
    endloop
  endfacet
  facet normal -0.160751909018 -0.983272314072 0.0856410488486
    outer loop
      vertex -1.2926633358 -0.330423772335 0.0438522174954
      vertex -1.40073657036 -0.277078837156 0.0568745136261
      vertex -1.43885231018 -0.129841268063 0.050281830132
    endloop
  endfacet
  facet normal 0.11439678818 -0.968670904636 0.220431506634
    outer loop
      vertex -1.32897543907 -0.517548263073 0.0611842162907
      vertex -1.36842441559 -0.451380729675 0.0414682887495
      vertex -1.30359983444 -0.430735766888 0.0444258749485
    endloop
  endfacet
  facet normal -0.348978847265 -0.919907450676 0.178840830922
    outer loop
      vertex -1.30316901207 -0.154564872384 0.0712596103549
      vertex -1.2403011322 -0.140451774001 0.0446661114693
      vertex -1.2290790081 -0.210128337145 0.0539547838271
    endloop
  endfacet
  facet normal -0.761410534382 -0.0769439190626 -0.643687546253
    outer loop
      vertex -1.16953873634 1.48539197445 0.233977153897
      vertex -1.27890872955 1.36581885815 0.315954715014
      vertex -1.1706943512 1.49503755569 0.326103389263
    endloop
  endfacet
  facet normal 0.0593414418399 -0.980023026466 0.189824834466
    outer loop
      vertex -1.28456616402 1.26819419861 0.0540047734976
      vertex -1.21102666855 1.27022635937 0.0580640509725
      vertex -1.27900671959 1.18654716015 0.0701559707522
    endloop
  endfacet
  facet normal -0.532129466534 -0.818578004837 0.216259837151
    outer loop
      vertex -1.20539116859 1.44479465485 0.0637899413705
      vertex -1.15475583076 1.34508395195 0.0572161823511
      vertex -1.23256897926 1.41166365147 0.0902101695538
    endloop
  endfacet
  facet normal -0.210302010179 -0.976276993752 0.0515396744013
    outer loop
      vertex -1.15475583076 1.34508395195 0.0572161823511
      vertex -1.15557956696 1.4679287672 0.0509083867073
      vertex -1.10746479034 1.32729399204 0.0479682758451
    endloop
  endfacet
  facet normal 0.026539735496 -0.997782170773 0.0610442273319
    outer loop
      vertex -1.1366751194 1.20365488529 0.0728951618075
      vertex -1.16435837746 1.06702697277 0.0805177092552
      vertex -1.27900671959 1.18654716015 0.0701559707522
    endloop
  endfacet
  facet normal -0.430355250835 -0.204056382179 -0.879292547703
    outer loop
      vertex -1.15715360641 1.55000150204 0.135640665889
      vertex -1.1120121479 1.56150126457 0.0899903178215
      vertex -1.1532933712 1.53909695148 0.0805109143257
    endloop
  endfacet
  facet normal -0.0480048209429 -0.885089159012 -0.462939232588
    outer loop
      vertex -1.09344315529 1.51525712013 0.0647955387831
      vertex -1.1532933712 1.53909695148 0.0805109143257
      vertex -1.1120121479 1.56150126457 0.0899903178215
    endloop
  endfacet
  facet normal -0.582432329655 -0.796419799328 0.162751704454
    outer loop
      vertex -1.15475583076 1.34508395195 0.0572161823511
      vertex -1.1366751194 1.20365488529 0.0728951618075
      vertex -1.17159986496 1.29836046696 0.0790825933218
    endloop
  endfacet
  facet normal -0.0223026759923 -0.999174714088 0.0339476838708
    outer loop
      vertex -1.0226650238 0.946612119675 0.081446133554
      vertex -1.16435837746 1.06702697277 0.0805177092552
      vertex -1.06327700615 1.08276963234 0.0777265876532
    endloop
  endfacet
  facet normal -0.0386727079749 -0.981273412704 0.188697889447
    outer loop
      vertex -1.10746479034 1.32729399204 0.0479682758451
      vertex -1.02644133568 1.23142075539 0.0632114261389
      vertex -1.1366751194 1.20365488529 0.0728951618075
    endloop
  endfacet
  facet normal -0.0900569111109 -0.995884299278 -0.0102082043886
    outer loop
      vertex -1.02886772156 1.17767691612 0.0628799498081
      vertex -1.1366751194 1.20365488529 0.0728951618075
      vertex -1.02644133568 1.23142075539 0.0632114261389
    endloop
  endfacet
  facet normal -0.448355764151 0.26498284936 -0.853675127029
    outer loop
      vertex -1.01086091995 1.63524508476 0.112437181175
      vertex -1.08550715446 1.57976543903 0.164869010448
      vertex -0.993857085705 1.62256717682 0.18205152452
    endloop
  endfacet
  facet normal 0.812912106514 -0.560824692249 0.157001897693
    outer loop
      vertex -1.02644133568 1.23142075539 0.0632114261389
      vertex -1.01622867584 1.3216189146 0.0527637936175
      vertex -1.00486183167 1.25591540337 0.0876335725188
    endloop
  endfacet
  facet normal -0.182270154357 -0.418979525566 -0.889513194561
    outer loop
      vertex -0.924678742886 1.13654589653 0.100338466465
      vertex -0.858464002609 1.14070534706 0.0803633704782
      vertex -0.958406627178 1.11865997314 0.0770383998752
    endloop
  endfacet
  facet normal -0.008176648058 -0.995915412903 0.0899203419685
    outer loop
      vertex -0.910346210003 0.995730340481 0.078815177083
      vertex -0.755213201046 1.13142132759 0.0652900859714
      vertex -0.703021287918 1.07232618332 0.070197224617
    endloop
  endfacet
  facet normal 0.116011612117 0.0817521885037 -0.989877700806
    outer loop
      vertex -0.78553622961 1.63582646847 0.192627772689
      vertex -0.863496243954 1.6533125639 0.0915317162871
      vertex -0.883662462234 1.64862215519 0.176942005754
    endloop
  endfacet
  facet normal 0.0998105034232 -0.918755292892 0.382003307343
    outer loop
      vertex -0.67285746336 1.20448720455 0.0748107433319
      vertex -0.806885302067 1.17702615261 0.0716682523489
      vertex -0.608785688877 1.27832686901 0.0510700009763
    endloop
  endfacet
  facet normal 0.430157959461 -0.726879835129 -0.535359561443
    outer loop
      vertex -0.597089529037 1.49322760105 0.0548992305994
      vertex -0.692603588104 1.57388007641 0.0577772222459
      vertex -0.648003876209 1.57533109188 0.0852394551039
    endloop
  endfacet
  facet normal 0.65636742115 -0.26294952631 -0.707134604454
    outer loop
      vertex -0.557004213333 1.48920381069 0.0807734727859
      vertex -0.648003876209 1.57533109188 0.0852394551039
      vertex -0.565420866013 1.5142198801 0.127038240433
    endloop
  endfacet
  facet normal 0.852914631367 -0.483067899942 -0.197944492102
    outer loop
      vertex -0.485006183386 1.22887337208 0.0550103709102
      vertex -0.475206702948 1.29604494572 0.0998371168971
      vertex -0.454789459705 1.21628856659 0.103204801679
    endloop
  endfacet
  facet normal 0.661298692226 -0.706638753414 0.251685827971
    outer loop
      vertex -0.463255405426 1.05915498734 0.0964869111776
      vertex -0.489457607269 1.12782299519 0.0475081838667
      vertex -0.461464047432 1.15888226032 0.0626431107521
    endloop
  endfacet
  facet normal 0.497220426798 -0.784765660763 0.370019823313
    outer loop
      vertex -0.463255405426 1.05915498734 0.0964869111776
      vertex -0.507809877396 1.06232571602 0.0667625665665
      vertex -0.489457607269 1.12782299519 0.0475081838667
    endloop
  endfacet
  facet normal 0.989533901215 -0.143663704395 0.0135434865952
    outer loop
      vertex -0.461464047432 1.15888226032 0.0626431107521
      vertex -0.454789459705 1.21628856659 0.103204801679
      vertex -0.449274092913 1.10328793526 0.151846706867
    endloop
  endfacet
  facet normal -0.252690404654 -0.967459559441 -0.0130212381482
    outer loop
      vertex -1.20113706589 0.145888134837 0.212882891297
      vertex -1.02842116356 0.253666222095 0.169221907854
      vertex -1.0957839489 0.0531849339604 0.184118047357
    endloop
  endfacet
  facet normal 0.789475023746 -0.0868768766522 0.607603192329
    outer loop
      vertex -0.851957380772 0.248755991459 0.163288295269
      vertex -0.843180000782 0.251358747482 0.224847659469
      vertex -0.984770298004 0.0596008971334 0.279299914837
    endloop
  endfacet
  facet normal 0.254632353783 -0.880965709686 0.39882555604
    outer loop
      vertex -0.748608291149 0.373429596424 0.136718586087
      vertex -0.851957380772 0.248755991459 0.163288295269
      vertex -0.788911819458 0.399228364229 0.113389879465
    endloop
  endfacet
  facet normal -0.0178996156901 -0.997087240219 -0.0741396471858
    outer loop
      vertex -0.74779510498 0.816739916801 0.0825876221061
      vertex -0.817603826523 0.892981290817 0.08950984478
      vertex -0.637255430222 0.871474385262 0.0846730768681
    endloop
  endfacet
  facet normal -0.18409794569 -0.962151050568 -0.200931146741
    outer loop
      vertex -0.785030603409 0.662410259247 0.0685786604881
      vertex -0.684661626816 0.767299056053 0.0712785348296
      vertex -0.650168418884 0.709694564342 0.0526487715542
    endloop
  endfacet
  facet normal 0.140344828367 -0.565017700195 0.813054919243
    outer loop
      vertex -0.680858790874 0.556806564331 0.056193113327
      vertex -0.635611772537 0.55268663168 0.0733605846763
      vertex -0.657845437527 0.531311750412 0.0985961407423
    endloop
  endfacet
  facet normal 0.281992375851 -0.85000538826 0.444939464331
    outer loop
      vertex -0.658077955246 0.601003646851 0.0406155698001
      vertex -0.635611772537 0.55268663168 0.0733605846763
      vertex -0.680858790874 0.556806564331 0.056193113327
    endloop
  endfacet
  facet normal 0.874020755291 0.017301319167 0.485580503941
    outer loop
      vertex -0.588549852371 0.624917685986 0.149907335639
      vertex -0.65037894249 0.514042019844 0.161516845226
      vertex -0.609205961227 0.585309505463 0.08175868541
    endloop
  endfacet
  facet normal 0.577523767948 -0.793956696987 -0.189997434616
    outer loop
      vertex -0.607045412064 0.705791592598 0.0634244903922
      vertex -0.557181358337 0.715097606182 0.101922571659
      vertex -0.591056346893 0.654750704765 0.0628406405449
    endloop
  endfacet
  facet normal -0.259944200516 -0.953472197056 -0.152708098292
    outer loop
      vertex -0.684661626816 0.767299056053 0.0712785348296
      vertex -0.58371090889 0.813347935677 0.0511316359043
      vertex -0.650168418884 0.709694564342 0.0526487715542
    endloop
  endfacet
  facet normal 0.927537322044 -0.0798163712025 0.36510810256
    outer loop
      vertex -0.588549852371 0.624917685986 0.149907335639
      vertex -0.557181358337 0.715097606182 0.101922571659
      vertex -0.524436950684 0.780474424362 0.183385208249
    endloop
  endfacet
  facet normal 0.161496952176 -0.98547399044 -0.0525332503021
    outer loop
      vertex -1.2926633358 -0.330423772335 0.0438522174954
      vertex -1.29417300224 -0.210058316588 0.0500212088227
      vertex -1.19143629074 -0.280511528254 0.0631017461419
    endloop
  endfacet
  facet normal 0.699096739292 -0.444857597351 0.559790551662
    outer loop
      vertex -1.19944524765 -0.342717081308 0.086977891624
      vertex -1.24803853035 -0.393985062838 0.0751266926527
      vertex -1.22782802582 -0.35022342205 0.0518198311329
    endloop
  endfacet
  facet normal 0.420386910439 -0.167552784085 -0.891740381718
    outer loop
      vertex -1.15058755875 -0.067498408258 0.0863086283207
      vertex -1.21695899963 -0.0369708165526 0.0822561457753
      vertex -1.15121722221 -0.056352108717 0.144050896168
    endloop
  endfacet
  facet normal 0.969311892986 -0.230228349566 0.0861938670278
    outer loop
      vertex -1.13058280945 -0.163534790277 0.0791772305965
      vertex -1.1233894825 -0.110904537141 0.0897588208318
      vertex -1.10504031181 -0.116996727884 0.169293731451
    endloop
  endfacet
  facet normal 0.677937924862 -0.728712677956 -0.0968397706747
    outer loop
      vertex -1.10410547256 -0.056069649756 0.178260147572
      vertex -1.05196094513 -0.0429176203907 0.228519171476
      vertex -1.10504031181 -0.116996727884 0.169293731451
    endloop
  endfacet
  facet normal -0.134922593832 -0.63095664978 0.763995826244
    outer loop
      vertex -2.95431828499 -1.39755380154 0.188072487712
      vertex -2.93409657478 -1.3708486557 0.151412338018
      vertex -2.87913799286 -1.41291737556 0.190599098802
    endloop
  endfacet
  facet normal -0.0211090259254 -0.897803962231 0.439889162779
    outer loop
      vertex -2.93289589882 -1.54981410503 0.210785314441
      vertex -2.9342083931 -1.47514247894 0.174229994416
      vertex -2.86578011513 -1.54238951206 0.205569505692
    endloop
  endfacet
  facet normal -0.867002785206 0.0252242982388 -0.497664451599
    outer loop
      vertex -2.92598509789 -1.00432538986 0.35561516881
      vertex -2.93457007408 -1.02292430401 0.427481412888
      vertex -2.87270283699 -0.914593040943 0.416637271643
    endloop
  endfacet
  facet normal -0.0702957212925 -0.996656239033 -0.0416511818767
    outer loop
      vertex -2.91886401176 -1.59450352192 0.240389287472
      vertex -2.86371827126 -1.59929728508 0.236299440265
      vertex -2.86011481285 -1.6689106226 0.233136087656
    endloop
  endfacet
  facet normal -0.137228950858 -0.990469038486 0.0118000702932
    outer loop
      vertex -2.90196251869 -1.65809357166 0.238805189729
      vertex -2.91886401176 -1.59450352192 0.240389287472
      vertex -2.86011481285 -1.6689106226 0.233136087656
    endloop
  endfacet
  facet normal 0.365852057934 -0.930234968662 0.0285506546497
    outer loop
      vertex -2.83102655411 -1.22947967052 0.146033465862
      vertex -2.88510727882 -1.25258052349 0.125473067164
      vertex -2.89597439766 -1.19380879402 0.119395315647
    endloop
  endfacet
  facet normal -0.057061586529 -0.761659145355 0.645460546017
    outer loop
      vertex -2.88362288475 -1.15462005138 0.0852598398924
      vertex -2.72391629219 -1.24725222588 0.151795268059
      vertex -2.89597439766 -1.19380879402 0.119395315647
    endloop
  endfacet
  facet normal 0.192513152957 -0.980081140995 0.0487817525864
    outer loop
      vertex -2.7813129425 -1.74038386345 0.279943436384
      vertex -2.79628777504 -1.81631088257 0.280781120062
      vertex -2.86118292809 -1.73405253887 0.263939797878
    endloop
  endfacet
  facet normal -0.0733845904469 -0.730403065681 0.679062604904
    outer loop
      vertex -2.83102655411 -1.22947967052 0.146033465862
      vertex -2.89597439766 -1.19380879402 0.119395315647
      vertex -2.72391629219 -1.24725222588 0.151795268059
    endloop
  endfacet
  facet normal 0.151596754789 -0.907919466496 0.390769273043
    outer loop
      vertex -2.88362288475 -1.15462005138 0.0852598398924
      vertex -2.80663895607 -1.08903169632 0.069884672761
      vertex -2.72391629219 -1.24725222588 0.151795268059
    endloop
  endfacet
  facet normal 0.40957775712 -0.853879332542 0.32114815712
    outer loop
      vertex -2.79628777504 -1.81631088257 0.280781120062
      vertex -2.68032884598 -1.83986508846 0.345261663198
      vertex -2.75261497498 -1.87715148926 0.324611991644
    endloop
  endfacet
  facet normal -0.123984828591 -0.597362816334 0.792329132557
    outer loop
      vertex -2.78033638 -1.42318212986 0.224425435066
      vertex -2.79758930206 -1.39413070679 0.189473152161
      vertex -2.68326234818 -1.44847249985 0.237821906805
    endloop
  endfacet
  facet normal 0.172049820423 -0.887441933155 0.427604556084
    outer loop
      vertex -2.75362920761 -1.35238111019 0.177879169583
      vertex -2.68326234818 -1.44847249985 0.237821906805
      vertex -2.79758930206 -1.39413070679 0.189473152161
    endloop
  endfacet
  facet normal 0.11285148561 -0.878040730953 0.46509039402
    outer loop
      vertex -2.5485522747 -1.45953011513 0.260992884636
      vertex -2.68326234818 -1.44847249985 0.237821906805
      vertex -2.75362920761 -1.35238111019 0.177879169583
    endloop
  endfacet
  facet normal 0.985181868076 0.0808379948139 -0.151267722249
    outer loop
      vertex -2.57656478882 -1.33646476269 0.225958094001
      vertex -2.58388733864 -1.27601182461 0.202076599002
      vertex -2.58552479744 -1.28880727291 0.245976373553
    endloop
  endfacet
  facet normal 0.387906849384 -0.759182035923 0.522657513618
    outer loop
      vertex -2.61822795868 -1.26756000519 0.178711503744
      vertex -2.49937176704 -1.13856458664 0.150634855032
      vertex -2.58388733864 -1.27601182461 0.202076599002
    endloop
  endfacet
  facet normal 0.242552414536 -0.89853066206 0.365801900625
    outer loop
      vertex -2.37309932709 -1.0839189291 0.162474408746
      vertex -2.4226398468 -1.17558956146 0.186421409249
      vertex -2.49937176704 -1.13856458664 0.150634855032
    endloop
  endfacet
  facet normal 0.73783737421 -0.403258264065 0.541275143623
    outer loop
      vertex -2.2577586174 -1.13477933407 0.18984927237
      vertex -2.31745004654 -1.24176263809 0.224231302738
      vertex -2.22154474258 -1.06154942513 0.157816231251
    endloop
  endfacet
  facet normal 0.0558573007584 -0.821514904499 0.567444503307
    outer loop
      vertex -2.06578660011 -1.48410737514 0.30807980895
      vertex -2.18025565147 -1.52579009533 0.329088151455
      vertex -2.10492610931 -1.44096899033 0.275621622801
    endloop
  endfacet
  facet normal -0.0645020827651 -0.935410380363 0.347630381584
    outer loop
      vertex -2.12208914757 -1.21445512772 0.19715732336
      vertex -2.17851161957 -1.32516956329 0.242193251848
      vertex -2.20441412926 -1.28450131416 0.228865683079
    endloop
  endfacet
  facet normal 0.0786042809486 -0.822222948074 -0.563711643219
    outer loop
      vertex -2.13939785957 -1.0674932003 0.199665009975
      vertex -2.18486237526 -1.07745850086 0.188486471772
      vertex -2.15910983086 -1.03541588783 0.219772607088
    endloop
  endfacet
  facet normal 0.23693357408 -0.962046325207 -0.135385930538
    outer loop
      vertex -2.17085075378 -1.13540112972 0.183783173561
      vertex -2.18486237526 -1.07745850086 0.188486471772
      vertex -2.11095833778 -1.13410651684 0.1987157166
    endloop
  endfacet
  facet normal -0.281304895878 -0.945622324944 0.163297131658
    outer loop
      vertex -2.08430123329 -1.34093391895 0.242714986205
      vertex -2.1609249115 -1.37197101116 0.270868808031
      vertex -2.12225723267 -1.30391728878 0.247613877058
    endloop
  endfacet
  facet normal 0.0330594629049 -0.987073779106 -0.156819760799
    outer loop
      vertex -2.08430123329 -1.34093391895 0.242714986205
      vertex -2.07229828835 -1.25757539272 0.256360441446
      vertex -2.04742741585 -1.33351576328 0.245128512383
    endloop
  endfacet
  facet normal -0.00668084714562 -0.950311660767 0.311228483915
    outer loop
      vertex -2.05591917038 -1.42802727222 0.271038681269
      vertex -2.10492610931 -1.44096899033 0.275621622801
      vertex -2.08430123329 -1.34093391895 0.242714986205
    endloop
  endfacet
  facet normal 0.589875876904 -0.68389570713 0.429340273142
    outer loop
      vertex -2.03232622147 -1.46979224682 0.319692701101
      vertex -2.01908540726 -1.37447452545 0.271274060011
      vertex -2.0057182312 -1.41615331173 0.308968931437
    endloop
  endfacet
  facet normal -0.978629291058 0.149866119027 -0.140800848603
    outer loop
      vertex -2.97233629227 -1.24709379673 0.52691423893
      vertex -2.96427297592 -1.14109647274 0.479981690645
      vertex -2.98886203766 -1.23836481571 0.410799771547
    endloop
  endfacet
  facet normal -0.986721932888 0.16108264029 -0.0207894854248
    outer loop
      vertex -2.97347807884 -1.45445585251 0.54668211937
      vertex -2.97233629227 -1.24709379673 0.52691423893
      vertex -2.98551893234 -1.39530658722 0.465291321278
    endloop
  endfacet
  facet normal -0.978686034679 0.0850221663713 -0.186935335398
    outer loop
      vertex -2.96427297592 -1.14109647274 0.479981690645
      vertex -2.9639942646 -1.10497701168 0.403776586056
      vertex -2.98886203766 -1.23836481571 0.410799771547
    endloop
  endfacet
  facet normal -0.989317834377 0.142949551344 -0.0285596325994
    outer loop
      vertex -2.98551893234 -1.39530658722 0.465291321278
      vertex -2.97233629227 -1.24709379673 0.52691423893
      vertex -2.98886203766 -1.23836481571 0.410799771547
    endloop
  endfacet
  facet normal -0.986425936222 0.00283912708983 0.16418209672
    outer loop
      vertex -2.96966695786 -1.4908977747 0.445021152496
      vertex -2.98551893234 -1.39530658722 0.465291321278
      vertex -2.98408508301 -1.40635168552 0.324766308069
    endloop
  endfacet
  facet normal -0.998219609261 0.0365736745298 0.0471168197691
    outer loop
      vertex -2.98408508301 -1.40635168552 0.324766308069
      vertex -2.98886203766 -1.23836481571 0.410799771547
      vertex -2.99027633667 -1.29428327084 0.300158768892
    endloop
  endfacet
  facet normal -0.996287763119 -0.0541406683624 0.0669287964702
    outer loop
      vertex -2.98408508301 -1.40635168552 0.324766308069
      vertex -2.99027633667 -1.29428327084 0.300158768892
      vertex -2.97967195511 -1.39056539536 0.224042505026
    endloop
  endfacet
  facet normal -0.986558318138 -0.15012589097 0.0645364299417
    outer loop
      vertex -2.97967195511 -1.39056539536 0.224042505026
      vertex -2.98479175568 -1.27422225475 0.207673877478
      vertex -2.97622346878 -1.32548332214 0.173402994871
    endloop
  endfacet
  facet normal -0.609745264053 0.512922644615 -0.604252457619
    outer loop
      vertex -2.81652259827 -0.865728735924 0.444538712502
      vertex -2.8570318222 -0.97938811779 0.530279994011
      vertex -2.77233195305 -0.874905347824 0.507881700993
    endloop
  endfacet
  facet normal -0.512804269791 0.320304960012 -0.796515226364
    outer loop
      vertex -2.81652259827 -0.865728735924 0.444538712502
      vertex -2.66512823105 -0.776065826416 0.463950842619
      vertex -2.78351926804 -0.824250757694 0.394231677055
    endloop
  endfacet
  facet normal -0.465036928654 0.503490269184 -0.728174567223
    outer loop
      vertex -2.77233195305 -0.874905347824 0.507881700993
      vertex -2.6673977375 -0.816935241222 0.520962178707
      vertex -2.66512823105 -0.776065826416 0.463950842619
    endloop
  endfacet
  facet normal -0.419818073511 0.673998117447 -0.607848107815
    outer loop
      vertex -2.69284820557 -0.899090707302 0.579201936722
      vertex -2.6673977375 -0.816935241222 0.520962178707
      vertex -2.77233195305 -0.874905347824 0.507881700993
    endloop
  endfacet
  facet normal -0.280286043882 0.742243945599 -0.608698368073
    outer loop
      vertex -2.53638148308 -0.877088606358 0.619767010212
      vertex -2.59154582024 -0.786806821823 0.524897754192
      vertex -2.6673977375 -0.816935241222 0.520962178707
    endloop
  endfacet
  facet normal -0.163882270455 0.728394150734 -0.665270328522
    outer loop
      vertex -2.47586274147 -0.846372008324 0.605328559875
      vertex -2.59154582024 -0.786806821823 0.524897754192
      vertex -2.53638148308 -0.877088606358 0.619767010212
    endloop
  endfacet
  facet normal -0.212502703071 0.332288295031 -0.918927133083
    outer loop
      vertex -2.66512823105 -0.776065826416 0.463950842619
      vertex -2.50610518456 -0.750535309315 0.495044767857
      vertex -2.58118915558 -0.732046723366 0.395898282528
    endloop
  endfacet
  facet normal -0.112339802086 0.795602858067 -0.595311582088
    outer loop
      vertex -2.53638148308 -0.877088606358 0.619767010212
      vertex -2.44162154198 -1.00185191631 0.726501643658
      vertex -2.47586274147 -0.846372008324 0.605328559875
    endloop
  endfacet
  facet normal 0.160742416978 0.461804479361 -0.872294962406
    outer loop
      vertex -2.43856215477 -0.794616341591 0.554798722267
      vertex -2.39698171616 -0.764455199242 0.483354687691
      vertex -2.50610518456 -0.750535309315 0.495044767857
    endloop
  endfacet
  facet normal 0.153384834528 0.317567497492 -0.935747802258
    outer loop
      vertex -2.50610518456 -0.750535309315 0.495044767857
      vertex -2.39698171616 -0.764455199242 0.483354687691
      vertex -2.51188349724 -0.72673869133 0.427716314793
    endloop
  endfacet
  facet normal 0.0305161532015 0.726101100445 -0.686910450459
    outer loop
      vertex -2.43856215477 -0.794616341591 0.554798722267
      vertex -2.47586274147 -0.846372008324 0.605328559875
      vertex -2.37915277481 -0.861648440361 0.61571598053
    endloop
  endfacet
  facet normal 0.0186960324645 0.767790198326 -0.640428483486
    outer loop
      vertex -2.3743159771 -0.981995105743 0.715981662273
      vertex -2.37915277481 -0.861648440361 0.61571598053
      vertex -2.47586274147 -0.846372008324 0.605328559875
    endloop
  endfacet
  facet normal 0.41095995903 0.0424939505756 -0.910662472248
    outer loop
      vertex -2.39698171616 -0.764455199242 0.483354687691
      vertex -2.33886241913 -0.787766098976 0.420844078064
      vertex -2.41341638565 -0.75237685442 0.383451104164
    endloop
  endfacet
  facet normal 0.405237346888 0.456247597933 -0.792225241661
    outer loop
      vertex -2.31101799011 -0.854145765305 0.562740147114
      vertex -2.31737422943 -0.820016622543 0.509124100208
      vertex -2.39698171616 -0.764455199242 0.483354687691
    endloop
  endfacet
  facet normal 0.66068738699 0.345789968967 -0.666274309158
    outer loop
      vertex -2.23805212975 -0.914657890797 0.539922952652
      vertex -2.31737422943 -0.820016622543 0.509124100208
      vertex -2.31101799011 -0.854145765305 0.562740147114
    endloop
  endfacet
  facet normal 0.791813969612 0.114240422845 -0.599983096123
    outer loop
      vertex -2.23805212975 -0.914657890797 0.539922952652
      vertex -2.21083283424 -0.931378602982 0.439078807831
      vertex -2.27634572983 -0.84530633688 0.44111084938
    endloop
  endfacet
  facet normal -0.891033351421 0.308571726084 -0.332930952311
    outer loop
      vertex -1.35316121578 1.11024570465 0.573720157146
      vertex -1.3759200573 1.12393152714 0.493235468864
      vertex -1.42880153656 0.891484260559 0.591331720352
    endloop
  endfacet
  facet normal -0.91217982769 0.25959905982 -0.317074537277
    outer loop
      vertex -1.3759200573 1.12393152714 0.493235468864
      vertex -1.47405695915 0.789659976959 0.556681334972
      vertex -1.42880153656 0.891484260559 0.591331720352
    endloop
  endfacet
  facet normal -0.959978818893 -0.0384452715516 -0.27742138505
    outer loop
      vertex -1.40829479694 1.05150818825 0.405384480953
      vertex -1.35381245613 1.22941672802 0.328750371933
      vertex -1.38706541061 1.11165428162 0.309300392866
    endloop
  endfacet
  facet normal -0.861806809902 0.31173530221 -0.400137662888
    outer loop
      vertex -1.35316121578 1.11024570465 0.573720157146
      vertex -1.31953132153 1.27067148685 0.460771948099
      vertex -1.3759200573 1.12393152714 0.493235468864
    endloop
  endfacet
  facet normal -0.820163965225 0.372539907694 -0.434217751026
    outer loop
      vertex -1.25075602531 1.32630550861 0.547339260578
      vertex -1.31953132153 1.27067148685 0.460771948099
      vertex -1.35316121578 1.11024570465 0.573720157146
    endloop
  endfacet
  facet normal -0.876536071301 -4.72659667139e-05 -0.481336176395
    outer loop
      vertex -1.35381245613 1.22941672802 0.328750371933
      vertex -1.27890872955 1.36581885815 0.315954715014
      vertex -1.30205607414 1.32365620136 0.212160244584
    endloop
  endfacet
  facet normal -0.938781201839 -0.17862662673 -0.294588476419
    outer loop
      vertex -1.38706541061 1.11165428162 0.309300392866
      vertex -1.35381245613 1.22941672802 0.328750371933
      vertex -1.30205607414 1.32365620136 0.212160244584
    endloop
  endfacet
  facet normal -0.522378861904 0.779294312 -0.346151262522
    outer loop
      vertex -1.30048561096 1.13321042061 0.634818017483
      vertex -1.37280106544 0.916800618172 0.682469367981
      vertex -1.22035336494 1.13411605358 0.688130199909
    endloop
  endfacet
  facet normal -0.600694417953 0.690236747265 -0.403409838676
    outer loop
      vertex -1.37280106544 0.916800618172 0.682469367981
      vertex -1.30210828781 0.92670071125 0.738205254078
      vertex -1.22035336494 1.13411605358 0.688130199909
    endloop
  endfacet
  facet normal -0.714180588722 0.549914062023 -0.433059573174
    outer loop
      vertex -1.30048561096 1.13321042061 0.634818017483
      vertex -1.21175432205 1.31433153152 0.607420802116
      vertex -1.25075602531 1.32630550861 0.547339260578
    endloop
  endfacet
  facet normal -0.804057836533 0.314562410116 -0.504521012306
    outer loop
      vertex -1.25075602531 1.32630550861 0.547339260578
      vertex -1.22101986408 1.41832077503 0.475766599178
      vertex -1.31953132153 1.27067148685 0.460771948099
    endloop
  endfacet
  facet normal -0.827371537685 0.127323925495 -0.547032833099
    outer loop
      vertex -1.31953132153 1.27067148685 0.460771948099
      vertex -1.27890872955 1.36581885815 0.315954715014
      vertex -1.34084713459 1.25268781185 0.399523198605
    endloop
  endfacet
  facet normal -0.871952772141 -0.0396421924233 -0.487982481718
    outer loop
      vertex -1.90172958374 -0.0563463754952 0.503974795341
      vertex -1.71321511269 0.287604242563 0.591410815716
      vertex -1.8622918129 0.00294727366418 0.366403967142
    endloop
  endfacet
  facet normal -0.830436646938 -0.133934959769 -0.540773868561
    outer loop
      vertex -1.71321511269 0.287604242563 0.591410815716
      vertex -1.77023506165 0.167656809092 0.46065351367
      vertex -1.8622918129 0.00294727366418 0.366403967142
    endloop
  endfacet
  facet normal -0.873962163925 -0.133088067174 -0.467415928841
    outer loop
      vertex -1.66611707211 0.385715961456 0.72277867794
      vertex -1.80044090748 0.122104622424 0.679031789303
      vertex -1.71751725674 0.307948440313 0.78718739748
    endloop
  endfacet
  facet normal -0.721439778805 0.135342806578 -0.679122209549
    outer loop
      vertex -1.74004364014 0.167907297611 0.341930389404
      vertex -1.68006181717 0.244624584913 0.276709705591
      vertex -1.7755188942 0.145004957914 0.2677500844
    endloop
  endfacet
  facet normal -0.684136509895 -0.265260189772 -0.67940723896
    outer loop
      vertex -1.68006181717 0.244624584913 0.276709705591
      vertex -1.68883180618 0.220078572631 0.236459121108
      vertex -1.7755188942 0.145004957914 0.2677500844
    endloop
  endfacet
  facet normal -0.861990213394 -0.194358736277 -0.468185395002
    outer loop
      vertex -1.71321511269 0.287604242563 0.591410815716
      vertex -1.57398533821 0.524584233761 0.544774770737
      vertex -1.67184185982 0.298933893442 0.435210257769
    endloop
  endfacet
  facet normal -0.851370453835 -0.10066100955 -0.514816224575
    outer loop
      vertex -1.74004364014 0.167907297611 0.341930389404
      vertex -1.67184185982 0.298933893442 0.435210257769
      vertex -1.61869812012 0.359657853842 0.296295076609
    endloop
  endfacet
  facet normal -0.794329404831 0.145902365446 -0.589706063271
    outer loop
      vertex -1.56711304188 0.504031658173 0.889581203461
      vertex -1.51939558983 0.583656430244 0.827540874481
      vertex -1.59948563576 0.490936398506 0.766264975071
    endloop
  endfacet
  facet normal -0.841940879822 -0.0149956718087 -0.539361357689
    outer loop
      vertex -1.59948563576 0.490936398506 0.766264975071
      vertex -1.57398533821 0.524584233761 0.544774770737
      vertex -1.66611707211 0.385715961456 0.72277867794
    endloop
  endfacet
  facet normal -0.867829203606 -0.0245244447142 -0.496257007122
    outer loop
      vertex -1.48258888721 0.692386627197 0.706107199192
      vertex -1.57398533821 0.524584233761 0.544774770737
      vertex -1.59948563576 0.490936398506 0.766264975071
    endloop
  endfacet
  facet normal -0.923240602016 0.159414440393 -0.349591016769
    outer loop
      vertex -1.48258888721 0.692386627197 0.706107199192
      vertex -1.52669501305 0.629921257496 0.587653398514
      vertex -1.57398533821 0.524584233761 0.544774770737
    endloop
  endfacet
  facet normal -0.807340919971 0.238549813628 -0.539717197418
    outer loop
      vertex -1.51939558983 0.583656430244 0.827540874481
      vertex -1.48258888721 0.692386627197 0.706107199192
      vertex -1.59948563576 0.490936398506 0.766264975071
    endloop
  endfacet
  facet normal -0.965422332287 0.0287886466831 -0.259096294641
    outer loop
      vertex -1.47405695915 0.789659976959 0.556681334972
      vertex -1.40829479694 1.05150818825 0.405384480953
      vertex -1.48652267456 0.763637602329 0.372845739126
    endloop
  endfacet
  facet normal -0.748046934605 0.302270978689 -0.590811371803
    outer loop
      vertex -1.38480651379 0.78592467308 0.76526761055
      vertex -1.48258888721 0.692386627197 0.706107199192
      vertex -1.51939558983 0.583656430244 0.827540874481
    endloop
  endfacet
  facet normal -0.727097392082 0.548083841801 -0.413441002369
    outer loop
      vertex -1.38480651379 0.78592467308 0.76526761055
      vertex -1.37280106544 0.916800618172 0.682469367981
      vertex -1.48258888721 0.692386627197 0.706107199192
    endloop
  endfacet
  facet normal -0.814911544323 0.378900825977 -0.438581109047
    outer loop
      vertex -1.37280106544 0.916800618172 0.682469367981
      vertex -1.42880153656 0.891484260559 0.591331720352
      vertex -1.48258888721 0.692386627197 0.706107199192
    endloop
  endfacet
  facet normal -0.50055629015 0.605085432529 -0.619124412537
    outer loop
      vertex -1.4041980505 0.636535406113 0.902081310749
      vertex -1.32686173916 0.774335086346 0.825060844421
      vertex -1.38480651379 0.78592467308 0.76526761055
    endloop
  endfacet
  facet normal -0.275674074888 0.798977077007 -0.534452438354
    outer loop
      vertex -1.31883347034 0.651443958282 0.921562314034
      vertex -1.27557218075 0.758117377758 0.86513286829
      vertex -1.4041980505 0.636535406113 0.902081310749
    endloop
  endfacet
  facet normal -0.585903763771 0.659478008747 -0.470962315798
    outer loop
      vertex -1.30210828781 0.92670071125 0.738205254078
      vertex -1.37280106544 0.916800618172 0.682469367981
      vertex -1.38480651379 0.78592467308 0.76526761055
    endloop
  endfacet
  facet normal -0.294999092817 0.891188025475 -0.344614893198
    outer loop
      vertex -1.23102080822 0.858820319176 0.787985265255
      vertex -1.30210828781 0.92670071125 0.738205254078
      vertex -1.38480651379 0.78592467308 0.76526761055
    endloop
  endfacet
  facet normal -0.917569637299 0.0111822085455 0.397417783737
    outer loop
      vertex -1.97311449051 -0.440313756466 0.578805446625
      vertex -1.95525705814 -0.485455363989 0.439777672291
      vertex -1.93064451218 -0.538109123707 0.588065445423
    endloop
  endfacet
  facet normal -0.987693369389 0.00859229080379 -0.156166672707
    outer loop
      vertex -1.98231709003 -0.338406324387 0.553276240826
      vertex -1.96533346176 -0.230249240994 0.53978562355
      vertex -1.97438120842 -0.281563609838 0.432386606932
    endloop
  endfacet
  facet normal -0.937492311001 0.208121538162 -0.278915017843
    outer loop
      vertex -1.96974551678 -0.333022475243 0.35335791111
      vertex -1.97434592247 -0.226745739579 0.190207928419
      vertex -1.98219180107 -0.303680479527 0.257970273495
    endloop
  endfacet
  facet normal -0.987413346767 0.146881997585 -0.0586564354599
    outer loop
      vertex -1.96974551678 -0.333022475243 0.35335791111
      vertex -1.98219180107 -0.303680479527 0.257970273495
      vertex -1.99127602577 -0.374317824841 0.22511023283
    endloop
  endfacet
  facet normal -0.952716350555 0.225518554449 0.203649103642
    outer loop
      vertex -1.99127602577 -0.374317824841 0.22511023283
      vertex -1.9460195303 -0.465947896242 0.333554625511
      vertex -1.96974551678 -0.333022475243 0.35335791111
    endloop
  endfacet
  facet normal -0.904514193535 0.0804278850555 -0.418790459633
    outer loop
      vertex -1.89424979687 -0.0616207309067 0.61555826664
      vertex -1.90172958374 -0.0563463754952 0.503974795341
      vertex -1.93939781189 -0.15282548964 0.582717180252
    endloop
  endfacet
  facet normal -0.918363392353 -0.051681291312 -0.392348974943
    outer loop
      vertex -1.90172958374 -0.0563463754952 0.503974795341
      vertex -1.92626535892 -0.13133841753 0.37065204978
      vertex -1.94825053215 -0.173712044954 0.439634978771
    endloop
  endfacet
  facet normal -0.957496702671 -0.156209588051 -0.242484182119
    outer loop
      vertex -1.94825053215 -0.173712044954 0.439634978771
      vertex -1.92626535892 -0.13133841753 0.37065204978
      vertex -1.97438120842 -0.281563609838 0.432386606932
    endloop
  endfacet
  facet normal -0.857198119164 -0.164185136557 0.488113343716
    outer loop
      vertex -1.95525705814 -0.485455363989 0.439777672291
      vertex -1.9460195303 -0.465947896242 0.333554625511
      vertex -1.90532064438 -0.551824271679 0.376374542713
    endloop
  endfacet
  facet normal -0.968427240849 0.15466748178 -0.195516332984
    outer loop
      vertex -1.97434592247 -0.226745739579 0.190207928419
      vertex -1.96974551678 -0.333022475243 0.35335791111
      vertex -1.92626535892 -0.13133841753 0.37065204978
    endloop
  endfacet
  facet normal -0.919812977314 0.136594176292 0.367812603712
    outer loop
      vertex -1.90532064438 -0.551824271679 0.376374542713
      vertex -1.9460195303 -0.465947896242 0.333554625511
      vertex -1.94089663029 -0.5152374506 0.23532782495
    endloop
  endfacet
  facet normal -0.719759225845 -0.0978137403727 0.687298417091
    outer loop
      vertex -1.92961871624 -0.543041110039 0.493455320597
      vertex -1.90532064438 -0.551824271679 0.376374542713
      vertex -1.85817599297 -0.611271321774 0.447173088789
    endloop
  endfacet
  facet normal -0.891336023808 0.143149510026 -0.430149137974
    outer loop
      vertex -1.91378462315 -0.03089537099 0.147471964359
      vertex -1.8622918129 0.00294727366418 0.366403967142
      vertex -1.8727684021 0.0334845967591 0.209408923984
    endloop
  endfacet
  facet normal -0.772873699665 0.0305296108127 0.633825063705
    outer loop
      vertex -1.86649107933 -0.607037305832 0.213088676333
      vertex -1.90532064438 -0.551824271679 0.376374542713
      vertex -1.94089663029 -0.5152374506 0.23532782495
    endloop
  endfacet
  facet normal -0.450193792582 -0.094319857657 0.887935400009
    outer loop
      vertex -1.74948048592 -0.662378072739 0.409486949444
      vertex -1.83989834785 -0.632504343987 0.559822320938
      vertex -1.85817599297 -0.611271321774 0.447173088789
    endloop
  endfacet
  facet normal -0.233319431543 0.0807705894113 0.969039797783
    outer loop
      vertex -1.70465564728 -0.67833596468 0.607861936092
      vertex -1.76135134697 -0.660338163376 0.660014212132
      vertex -1.7850291729 -0.660705864429 0.587205469608
    endloop
  endfacet
  facet normal -0.425290107727 -0.076584495604 0.901811003685
    outer loop
      vertex -1.7850291729 -0.660705864429 0.587205469608
      vertex -1.83989834785 -0.632504343987 0.559822320938
      vertex -1.74948048592 -0.662378072739 0.409486949444
    endloop
  endfacet
  facet normal -0.446103453636 -0.077529758215 0.891617000103
    outer loop
      vertex -1.74948048592 -0.662378072739 0.409486949444
      vertex -1.85817599297 -0.611271321774 0.447173088789
      vertex -1.8284034729 -0.614462852478 0.312566637993
    endloop
  endfacet
  facet normal -0.351851403713 -0.168674334884 0.92073315382
    outer loop
      vertex -1.71294856071 -0.658912956715 0.314367204905
      vertex -1.74948048592 -0.662378072739 0.409486949444
      vertex -1.8284034729 -0.614462852478 0.312566637993
    endloop
  endfacet
  facet normal -0.349032640457 0.27654337883 0.895376980305
    outer loop
      vertex -1.8284034729 -0.614462852478 0.312566637993
      vertex -1.7833878994 -0.664063513279 0.208787709475
      vertex -1.71294856071 -0.658912956715 0.314367204905
    endloop
  endfacet
  facet normal -0.181574597955 -0.0380180850625 0.982641994953
    outer loop
      vertex -1.65635061264 -0.681813061237 0.467028290033
      vertex -1.70465564728 -0.67833596468 0.607861936092
      vertex -1.74948048592 -0.662378072739 0.409486949444
    endloop
  endfacet
  facet normal 0.235470443964 0.0120024867356 0.971807420254
    outer loop
      vertex -1.51201224327 -0.656934738159 0.565820991993
      vertex -1.57882583141 -0.671819090843 0.671458721161
      vertex -1.60332274437 -0.679091989994 0.563184678555
    endloop
  endfacet
  facet normal 0.100190542638 -0.0271069891751 0.994598925114
    outer loop
      vertex -1.65635061264 -0.681813061237 0.467028290033
      vertex -1.5643851757 -0.671318173409 0.421868622303
      vertex -1.60332274437 -0.679091989994 0.563184678555
    endloop
  endfacet
  facet normal 0.117679052055 0.00887627527118 0.993012011051
    outer loop
      vertex -1.5643851757 -0.671318173409 0.421868622303
      vertex -1.65635061264 -0.681813061237 0.467028290033
      vertex -1.57041215897 -0.673130869865 0.298981368542
    endloop
  endfacet
  facet normal 0.235487774014 0.0114257968962 0.971810162067
    outer loop
      vertex -1.51201224327 -0.656934738159 0.565820991993
      vertex -1.60332274437 -0.679091989994 0.563184678555
      vertex -1.5643851757 -0.671318173409 0.421868622303
    endloop
  endfacet
  facet normal 0.399827599525 0.124940365553 0.908035159111
    outer loop
      vertex -1.42119693756 -0.618294298649 0.556027591228
      vertex -1.57882583141 -0.671819090843 0.671458721161
      vertex -1.51201224327 -0.656934738159 0.565820991993
    endloop
  endfacet
  facet normal 0.295029193163 -0.0118748648092 0.95541447401
    outer loop
      vertex -1.51201224327 -0.656934738159 0.565820991993
      vertex -1.5643851757 -0.671318173409 0.421868622303
      vertex -1.45727562904 -0.638018429279 0.403796970844
    endloop
  endfacet
  facet normal 0.308774620295 -0.0192930325866 0.950939536095
    outer loop
      vertex -1.42119693756 -0.618294298649 0.556027591228
      vertex -1.45374035835 -0.631056308746 0.66421765089
      vertex -1.57882583141 -0.671819090843 0.671458721161
    endloop
  endfacet
  facet normal 0.393736809492 0.0257389694452 0.918862760067
    outer loop
      vertex -1.42119693756 -0.618294298649 0.556027591228
      vertex -1.51201224327 -0.656934738159 0.565820991993
      vertex -1.45727562904 -0.638018429279 0.403796970844
    endloop
  endfacet
  facet normal 0.52950578928 -0.0155987283215 0.848162889481
    outer loop
      vertex -1.42119693756 -0.618294298649 0.556027591228
      vertex -1.45727562904 -0.638018429279 0.403796970844
      vertex -1.36381614208 -0.580281794071 0.436957418919
    endloop
  endfacet
  facet normal 0.604100525379 0.0369859822094 0.796049356461
    outer loop
      vertex -1.32773542404 -0.545808494091 0.589611709118
      vertex -1.42119693756 -0.618294298649 0.556027591228
      vertex -1.36381614208 -0.580281794071 0.436957418919
    endloop
  endfacet
  facet normal 0.714630782604 -0.0613445937634 0.696806788445
    outer loop
      vertex -1.36381614208 -0.580281794071 0.436957418919
      vertex -1.34586215019 -0.548199057579 0.281687229872
      vertex -1.30081725121 -0.512129247189 0.396722376347
    endloop
  endfacet
  facet normal 0.757663071156 0.0604926794767 0.649836361408
    outer loop
      vertex -1.28852248192 -0.493024766445 0.66549795866
      vertex -1.32773542404 -0.545808494091 0.589611709118
      vertex -1.26519465446 -0.475108712912 0.565781652927
    endloop
  endfacet
  facet normal 0.744513750076 -0.0253155287355 0.667126953602
    outer loop
      vertex -1.26519465446 -0.475108712912 0.565781652927
      vertex -1.32773542404 -0.545808494091 0.589611709118
      vertex -1.36381614208 -0.580281794071 0.436957418919
    endloop
  endfacet
  facet normal -0.765882670879 -0.017292547971 -0.642747819424
    outer loop
      vertex -1.2443728447 1.40945088863 0.40813434124
      vertex -1.1706943512 1.49503755569 0.326103389263
      vertex -1.27890872955 1.36581885815 0.315954715014
    endloop
  endfacet
  facet normal -0.489395022392 0.711268186569 -0.504569172859
    outer loop
      vertex -1.21175432205 1.31433153152 0.607420802116
      vertex -1.16295051575 1.32301354408 0.634841799736
      vertex -1.13701844215 1.4578025341 0.557066202164
    endloop
  endfacet
  facet normal -0.666638195515 0.376336663961 -0.643400549889
    outer loop
      vertex -1.13701844215 1.4578025341 0.557066202164
      vertex -1.11785507202 1.51964592934 0.485281944275
      vertex -1.22101986408 1.41832077503 0.475766599178
    endloop
  endfacet
  facet normal -0.745118916035 0.0260577537119 -0.666422367096
    outer loop
      vertex -1.2443728447 1.40945088863 0.40813434124
      vertex -1.15820193291 1.50522696972 0.42272862792
      vertex -1.1706943512 1.49503755569 0.326103389263
    endloop
  endfacet
  facet normal -0.00571356434375 0.964516162872 -0.263962030411
    outer loop
      vertex -1.03301382065 1.31669521332 0.654300451279
      vertex -1.10805034637 1.31536006927 0.654221355915
      vertex -1.13112556934 1.06942081451 0.721391618252
    endloop
  endfacet
  facet normal -0.537404954433 0.681558489799 -0.496662795544
    outer loop
      vertex -1.16295051575 1.32301354408 0.634841799736
      vertex -1.10214316845 1.44162774086 0.596351921558
      vertex -1.13701844215 1.4578025341 0.557066202164
    endloop
  endfacet
  facet normal -0.520573198795 0.141688063741 -0.841978669167
    outer loop
      vertex -1.11785507202 1.51964592934 0.485281944275
      vertex -1.07115864754 1.56925451756 0.362049639225
      vertex -1.15820193291 1.50522696972 0.42272862792
    endloop
  endfacet
  facet normal -0.566521883011 -0.115794569254 -0.815870463848
    outer loop
      vertex -1.07115864754 1.56925451756 0.362049639225
      vertex -1.03100419044 1.57949411869 0.237741351128
      vertex -1.1706943512 1.49503755569 0.326103389263
    endloop
  endfacet
  facet normal 0.253079921007 0.927080750465 -0.27653542161
    outer loop
      vertex -1.05525505543 0.851666808128 0.765633046627
      vertex -0.965268194675 1.02532422543 0.689268290997
      vertex -1.13112556934 1.06942081451 0.721391618252
    endloop
  endfacet
  facet normal -0.215846568346 0.762398779392 -0.61004781723
    outer loop
      vertex -1.01848065853 1.46413087845 0.602031707764
      vertex -1.05608248711 1.52910912037 0.539392530918
      vertex -1.10214316845 1.44162774086 0.596351921558
    endloop
  endfacet
  facet normal -0.409568727016 0.318025588989 -0.855051577091
    outer loop
      vertex -1.11785507202 1.51964592934 0.485281944275
      vertex -1.05608248711 1.52910912037 0.539392530918
      vertex -0.994449853897 1.5909422636 0.452519923449
    endloop
  endfacet
  facet normal -0.456409871578 0.177999690175 -0.871783316135
    outer loop
      vertex -1.11785507202 1.51964592934 0.485281944275
      vertex -0.994449853897 1.5909422636 0.452519923449
      vertex -1.07115864754 1.56925451756 0.362049639225
    endloop
  endfacet
  facet normal 0.224432423711 0.964116811752 -0.141805663705
    outer loop
      vertex -0.965268194675 1.02532422543 0.689268290997
      vertex -0.876940190792 1.34179162979 0.622159719467
      vertex -1.13112556934 1.06942081451 0.721391618252
    endloop
  endfacet
  facet normal -0.219393312931 0.762753248215 -0.608337104321
    outer loop
      vertex -1.01848065853 1.46413087845 0.602031707764
      vertex -0.980980634689 1.54050779343 0.551903247833
      vertex -1.05608248711 1.52910912037 0.539392530918
    endloop
  endfacet
  facet normal -0.208059385419 0.464911282063 -0.860563099384
    outer loop
      vertex -0.994449853897 1.5909422636 0.452519923449
      vertex -1.05608248711 1.52910912037 0.539392530918
      vertex -0.980980634689 1.54050779343 0.551903247833
    endloop
  endfacet
  facet normal -0.35742226243 0.0799908563495 -0.930511057377
    outer loop
      vertex -1.07115864754 1.56925451756 0.362049639225
      vertex -0.994449853897 1.5909422636 0.452519923449
      vertex -0.991694688797 1.60289633274 0.325772404671
    endloop
  endfacet
  facet normal -0.0255279485136 0.829949200153 -0.557254612446
    outer loop
      vertex -0.901235878468 1.51502680779 0.571464836597
      vertex -0.980980634689 1.54050779343 0.551903247833
      vertex -1.01848065853 1.46413087845 0.602031707764
    endloop
  endfacet
  facet normal 0.0740391165018 0.920963168144 -0.382550776005
    outer loop
      vertex -0.883685469627 1.44739317894 0.598147630692
      vertex -0.901235878468 1.51502680779 0.571464836597
      vertex -1.01848065853 1.46413087845 0.602031707764
    endloop
  endfacet
  facet normal -0.168959096074 0.0889065042138 -0.981605052948
    outer loop
      vertex -0.991694688797 1.60289633274 0.325772404671
      vertex -0.994449853897 1.5909422636 0.452519923449
      vertex -0.892927110195 1.61661076546 0.36205303669
    endloop
  endfacet
  facet normal -0.252872824669 -0.141516089439 -0.957093775272
    outer loop
      vertex -1.03100419044 1.57949411869 0.237741351128
      vertex -0.991694688797 1.60289633274 0.325772404671
      vertex -0.876525580883 1.621509552 0.245862811804
    endloop
  endfacet
  facet normal 0.160963147879 0.960121929646 -0.228597283363
    outer loop
      vertex -0.883685469627 1.44739317894 0.598147630692
      vertex -1.03301382065 1.31669521332 0.654300451279
      vertex -0.876940190792 1.34179162979 0.622159719467
    endloop
  endfacet
  facet normal -0.0413765944541 0.229478552938 -0.97243386507
    outer loop
      vertex -0.892927110195 1.61661076546 0.36205303669
      vertex -0.994449853897 1.5909422636 0.452519923449
      vertex -0.906394183636 1.58350467682 0.499914050102
    endloop
  endfacet
  facet normal -0.145146861672 0.0212175436318 -0.989182591438
    outer loop
      vertex -0.991694688797 1.60289633274 0.325772404671
      vertex -0.892927110195 1.61661076546 0.36205303669
      vertex -0.876525580883 1.621509552 0.245862811804
    endloop
  endfacet
  facet normal 0.267862588167 0.954951345921 -0.127740442753
    outer loop
      vertex -0.759873688221 1.17003953457 0.612297356129
      vertex -0.876940190792 1.34179162979 0.622159719467
      vertex -0.965268194675 1.02532422543 0.689268290997
    endloop
  endfacet
  facet normal 0.329636156559 0.943496644497 -0.0339726880193
    outer loop
      vertex -0.759873688221 1.17003953457 0.612297356129
      vertex -0.965268194675 1.02532422543 0.689268290997
      vertex -0.697470128536 1.06576788425 0.594249486923
    endloop
  endfacet
  facet normal 0.338143020868 0.94064617157 0.029052387923
    outer loop
      vertex -0.965268194675 1.02532422543 0.689268290997
      vertex -0.833420395851 0.903071939945 0.638095915318
      vertex -0.697470128536 1.06576788425 0.594249486923
    endloop
  endfacet
  facet normal 0.274900823832 0.855080068111 -0.439622104168
    outer loop
      vertex -0.82823652029 1.53469896317 0.53788214922
      vertex -0.901235878468 1.51502680779 0.571464836597
      vertex -0.776704490185 1.44696760178 0.566420376301
    endloop
  endfacet
  facet normal 0.260706454515 0.481575608253 -0.836730003357
    outer loop
      vertex -0.772366762161 1.5461050272 0.492338091135
      vertex -0.819718778133 1.5921036005 0.438050866127
      vertex -0.906394183636 1.58350467682 0.499914050102
    endloop
  endfacet
  facet normal 0.199057891965 0.121814981103 -0.972387313843
    outer loop
      vertex -0.892927110195 1.61661076546 0.36205303669
      vertex -0.819718778133 1.5921036005 0.438050866127
      vertex -0.794821500778 1.60109555721 0.325588464737
    endloop
  endfacet
  facet normal 0.275230437517 0.924510121346 -0.263683944941
    outer loop
      vertex -0.776704490185 1.44696760178 0.566420376301
      vertex -0.883685469627 1.44739317894 0.598147630692
      vertex -0.762836992741 1.35731863976 0.587861120701
    endloop
  endfacet
  facet normal 0.269356548786 0.954389810562 -0.128790974617
    outer loop
      vertex -0.876940190792 1.34179162979 0.622159719467
      vertex -0.759873688221 1.17003953457 0.612297356129
      vertex -0.762836992741 1.35731863976 0.587861120701
    endloop
  endfacet
  facet normal 0.43013432622 0.860692799091 -0.272382736206
    outer loop
      vertex -0.708678245544 1.43996012211 0.534641623497
      vertex -0.776704490185 1.44696760178 0.566420376301
      vertex -0.762836992741 1.35731863976 0.587861120701
    endloop
  endfacet
  facet normal 0.456285685301 0.697965502739 -0.551948845387
    outer loop
      vertex -0.772366762161 1.5461050272 0.492338091135
      vertex -0.82823652029 1.53469896317 0.53788214922
      vertex -0.708678245544 1.43996012211 0.534641623497
    endloop
  endfacet
  facet normal 0.432905882597 0.332384556532 -0.837921857834
    outer loop
      vertex -0.772366762161 1.5461050272 0.492338091135
      vertex -0.678105533123 1.53420293331 0.399574637413
      vertex -0.819718778133 1.5921036005 0.438050866127
    endloop
  endfacet
  facet normal 0.34850281477 0.151114404202 -0.925046086311
    outer loop
      vertex -0.819718778133 1.5921036005 0.438050866127
      vertex -0.70954054594 1.56295180321 0.362408280373
      vertex -0.794821500778 1.60109555721 0.325588464737
    endloop
  endfacet
  facet normal 0.348444223404 0.92872774601 -0.126693978906
    outer loop
      vertex -0.645858824253 1.23226428032 0.561032295227
      vertex -0.762836992741 1.35731863976 0.587861120701
      vertex -0.759873688221 1.17003953457 0.612297356129
    endloop
  endfacet
  facet normal 0.443340241909 0.862590074539 -0.243696093559
    outer loop
      vertex -0.604677855968 1.31642818451 0.51608902216
      vertex -0.708678245544 1.43996012211 0.534641623497
      vertex -0.645858824253 1.23226428032 0.561032295227
    endloop
  endfacet
  facet normal 0.506298005581 0.862226784229 -0.0150761157274
    outer loop
      vertex -0.562823057175 1.07196426392 0.515076637268
      vertex -0.645858824253 1.23226428032 0.561032295227
      vertex -0.697470128536 1.06576788425 0.594249486923
    endloop
  endfacet
  facet normal 0.410424351692 0.910666227341 0.0473166704178
    outer loop
      vertex -0.621822059155 0.933657765388 0.553291797638
      vertex -0.697470128536 1.06576788425 0.594249486923
      vertex -0.680035948753 0.893952786922 0.577464938164
    endloop
  endfacet
  facet normal 0.725222527981 0.619719445705 -0.300000220537
    outer loop
      vertex -0.604677855968 1.31642818451 0.51608902216
      vertex -0.541915118694 1.30445325375 0.448438316584
      vertex -0.605790138245 1.40668106079 0.473700076342
    endloop
  endfacet
  facet normal 0.760837852955 0.397809863091 -0.512711524963
    outer loop
      vertex -0.641453027725 1.47593152523 0.452655345201
      vertex -0.605790138245 1.40668106079 0.473700076342
      vertex -0.556389153004 1.408010602 0.37750390172
    endloop
  endfacet
  facet normal 0.734906852245 0.644399225712 -0.211332693696
    outer loop
      vertex -0.561647176743 1.20352876186 0.504040300846
      vertex -0.541915118694 1.30445325375 0.448438316584
      vertex -0.604677855968 1.31642818451 0.51608902216
    endloop
  endfacet
  facet normal 0.799974918365 0.598784565926 0.0386924929917
    outer loop
      vertex -0.562823057175 1.07196426392 0.515076637268
      vertex -0.569216251373 0.910191357136 0.513164460659
      vertex -0.53037828207 0.913189828396 0.461470812559
    endloop
  endfacet
  facet normal 0.811891436577 0.422510206699 -0.402886390686
    outer loop
      vertex -0.605790138245 1.40668106079 0.473700076342
      vertex -0.541915118694 1.30445325375 0.448438316584
      vertex -0.556389153004 1.408010602 0.37750390172
    endloop
  endfacet
  facet normal 0.895219326019 0.299310982227 -0.33014434576
    outer loop
      vertex -0.556389153004 1.408010602 0.37750390172
      vertex -0.541915118694 1.30445325375 0.448438316584
      vertex -0.510587155819 1.31236326694 0.346013456583
    endloop
  endfacet
  facet normal 0.775364100933 0.134225413203 -0.617085158825
    outer loop
      vertex -0.6303820014 1.54063439369 0.250141948462
      vertex -0.595446586609 1.47226846218 0.362638324499
      vertex -0.516657650471 1.39905107021 0.244115635753
    endloop
  endfacet
  facet normal 0.814295649529 0.206101730466 -0.542627513409
    outer loop
      vertex -0.556389153004 1.408010602 0.37750390172
      vertex -0.516657650471 1.39905107021 0.244115635753
      vertex -0.595446586609 1.47226846218 0.362638324499
    endloop
  endfacet
  facet normal 0.903336942196 0.24544377625 -0.351766556501
    outer loop
      vertex -0.510587155819 1.31236326694 0.346013456583
      vertex -0.516657650471 1.39905107021 0.244115635753
      vertex -0.556389153004 1.408010602 0.37750390172
    endloop
  endfacet
  facet normal 0.916776955128 0.39612197876 0.0510628148913
    outer loop
      vertex -0.53037828207 0.913189828396 0.461470812559
      vertex -0.50338602066 0.939041137695 0.402332752943
      vertex -0.508231163025 1.12548863888 0.43758058548
    endloop
  endfacet
  facet normal 0.94496512413 0.231582522392 -0.231107100844
    outer loop
      vertex -0.510587155819 1.31236326694 0.346013456583
      vertex -0.496283829212 1.2204631567 0.379360765219
      vertex -0.473055124283 1.27510011196 0.230051830411
    endloop
  endfacet
  facet normal 0.971526384354 0.198488757014 -0.129377916455
    outer loop
      vertex -0.473055124283 1.27510011196 0.230051830411
      vertex -0.496283829212 1.2204631567 0.379360765219
      vertex -0.457862913609 1.16823887825 0.225345611572
    endloop
  endfacet
  facet normal 0.973205626011 0.218645617366 -0.0711684077978
    outer loop
      vertex -0.496283829212 1.2204631567 0.379360765219
      vertex -0.483874887228 1.07507228851 0.371451854706
      vertex -0.457862913609 1.16823887825 0.225345611572
    endloop
  endfacet
  facet normal 0.987802743912 0.150576114655 0.0396555103362
    outer loop
      vertex -0.457862913609 1.16823887825 0.225345611572
      vertex -0.483874887228 1.07507228851 0.371451854706
      vertex -0.469828188419 1.02571737766 0.266305267811
    endloop
  endfacet
  facet normal 0.529915511608 0.585134625435 -0.613846123219
    outer loop
      vertex -1.14879453182 0.691479682922 0.874914646149
      vertex -1.13986003399 0.724142074585 0.832558214664
      vertex -1.21642768383 0.785517215729 0.837513387203
    endloop
  endfacet
  facet normal -0.0152215072885 0.951259315014 -0.308016330004
    outer loop
      vertex -1.13112556934 1.06942081451 0.721391618252
      vertex -1.23102080822 0.858820319176 0.787985265255
      vertex -1.15568578243 0.852021217346 0.79139226675
    endloop
  endfacet
  facet normal 0.0460914112628 0.998897731304 -0.00888096820563
    outer loop
      vertex -1.0634945631 0.615773975849 0.871651768684
      vertex -1.14879453182 0.691479682922 0.874914646149
      vertex -1.17681968212 0.654113233089 0.876540005207
    endloop
  endfacet
  facet normal 0.465939432383 0.758270978928 -0.455988556147
    outer loop
      vertex -1.09181249142 0.574066519737 0.872441411018
      vertex -1.17681968212 0.654113233089 0.876540005207
      vertex -1.15091478825 0.581367850304 0.904367685318
    endloop
  endfacet
  facet normal 0.495808780193 0.688749670982 -0.528958916664
    outer loop
      vertex -1.14879453182 0.691479682922 0.874914646149
      vertex -1.0634945631 0.615773975849 0.871651768684
      vertex -1.06886208057 0.661240279675 0.840597629547
    endloop
  endfacet
  facet normal 0.433308511972 0.883822381496 -0.176356866956
    outer loop
      vertex -0.951322138309 0.806150555611 0.723760485649
      vertex -1.05525505543 0.851666808128 0.765633046627
      vertex -1.13986003399 0.724142074585 0.832558214664
    endloop
  endfacet
  facet normal 0.239919990301 0.931652009487 -0.272878944874
    outer loop
      vertex -1.05525505543 0.851666808128 0.765633046627
      vertex -1.13112556934 1.06942081451 0.721391618252
      vertex -1.15568578243 0.852021217346 0.79139226675
    endloop
  endfacet
  facet normal 0.528792619705 0.845785677433 -0.0708871483803
    outer loop
      vertex -1.07514941692 0.523480772972 0.890937209129
      vertex -0.99973732233 0.52205324173 0.843908548355
      vertex -1.00507009029 0.591059267521 0.841459095478
    endloop
  endfacet
  facet normal 0.713078439236 0.700912356377 0.0155233545229
    outer loop
      vertex -0.99504929781 0.36230713129 0.835601210594
      vertex -0.99973732233 0.52205324173 0.843908548355
      vertex -1.06192672253 0.478044211864 0.906202673912
    endloop
  endfacet
  facet normal 0.533996343613 0.713517725468 -0.453586041927
    outer loop
      vertex -0.979551434517 0.625191986561 0.796673595905
      vertex -1.0255562067 0.678458333015 0.797241926193
      vertex -1.06886208057 0.661240279675 0.840597629547
    endloop
  endfacet
  facet normal 0.536118626595 0.68327075243 -0.495699346066
    outer loop
      vertex -1.06886208057 0.661240279675 0.840597629547
      vertex -1.00507009029 0.591059267521 0.841459095478
      vertex -0.979551434517 0.625191986561 0.796673595905
    endloop
  endfacet
  facet normal 0.755113363266 0.07421528548 -0.651380002499
    outer loop
      vertex -1.0255562067 0.678458333015 0.797241926193
      vertex -0.979551434517 0.625191986561 0.796673595905
      vertex -0.955532193184 0.601258993149 0.762344479561
    endloop
  endfacet
  facet normal 0.86976069212 0.317577719688 0.377704590559
    outer loop
      vertex -1.03366541862 0.0202177278697 0.692498147488
      vertex -0.997886955738 0.0310818962753 0.607431471348
      vertex -0.960202932358 0.146448925138 0.641434431076
    endloop
  endfacet
  facet normal 0.839664578438 0.53658002615 -0.0839356929064
    outer loop
      vertex -0.955532193184 0.601258993149 0.762344479561
      vertex -1.00507009029 0.591059267521 0.841459095478
      vertex -0.99973732233 0.52205324173 0.843908548355
    endloop
  endfacet
  facet normal 0.878943741322 0.345873534679 0.328373938799
    outer loop
      vertex -0.988344192505 0.159593224525 0.725427091122
      vertex -0.960202932358 0.146448925138 0.641434431076
      vertex -0.93172699213 0.288179904222 0.703630566597
    endloop
  endfacet
  facet normal 0.933354973793 0.116987608373 0.339355885983
    outer loop
      vertex -0.960202932358 0.146448925138 0.641434431076
      vertex -0.997886955738 0.0310818962753 0.607431471348
      vertex -0.992949306965 0.00987358856946 0.506516933441
    endloop
  endfacet
  facet normal 0.636473536491 0.771255671978 0.00813133083284
    outer loop
      vertex -0.955532193184 0.601258993149 0.762344479561
      vertex -0.800514161587 0.592722058296 0.634326815605
      vertex -0.802018761635 0.718509554863 0.636894702911
    endloop
  endfacet
  facet normal 0.634449243546 0.771468043327 0.0480745024979
    outer loop
      vertex -0.955532193184 0.601258993149 0.762344479561
      vertex -0.899361431599 0.420907586813 0.704911351204
      vertex -0.800514161587 0.592722058296 0.634326815605
    endloop
  endfacet
  facet normal 0.818237125874 0.537198007107 0.204710349441
    outer loop
      vertex -0.953591704369 0.413145005703 0.784554481506
      vertex -0.93172699213 0.288179904222 0.703630566597
      vertex -0.899361431599 0.420907586813 0.704911351204
    endloop
  endfacet
  facet normal 0.486731946468 0.857645273209 -0.165941700339
    outer loop
      vertex -0.965268194675 1.02532422543 0.689268290997
      vertex -0.951322138309 0.806150555611 0.723760485649
      vertex -0.833420395851 0.903071939945 0.638095915318
    endloop
  endfacet
  facet normal 0.747443795204 0.637047171593 0.188410952687
    outer loop
      vertex -0.899361431599 0.420907586813 0.704911351204
      vertex -0.93172699213 0.288179904222 0.703630566597
      vertex -0.817943692207 0.398136019707 0.602649569511
    endloop
  endfacet
  facet normal 0.784517407417 0.494240999222 0.374510645866
    outer loop
      vertex -0.93172699213 0.288179904222 0.703630566597
      vertex -0.960202932358 0.146448925138 0.641434431076
      vertex -0.834131419659 0.285828977823 0.546934008598
    endloop
  endfacet
  facet normal 0.800218045712 0.313701927662 0.511118590832
    outer loop
      vertex -0.834131419659 0.285828977823 0.546934008598
      vertex -0.960202932358 0.146448925138 0.641434431076
      vertex -0.856260478497 0.216816201806 0.490939378738
    endloop
  endfacet
  facet normal 0.802071332932 0.317428469658 0.505886137486
    outer loop
      vertex -0.960202932358 0.146448925138 0.641434431076
      vertex -0.992949306965 0.00987358856946 0.506516933441
      vertex -0.856260478497 0.216816201806 0.490939378738
    endloop
  endfacet
  facet normal 0.768061578274 0.12660522759 0.627736032009
    outer loop
      vertex -0.840520858765 0.223560601473 0.428893715143
      vertex -0.856260478497 0.216816201806 0.490939378738
      vertex -0.943636894226 0.0886274278164 0.385428309441
    endloop
  endfacet
  facet normal 0.538308799267 0.838334560394 -0.0861322954297
    outer loop
      vertex -0.951322138309 0.806150555611 0.723760485649
      vertex -0.802018761635 0.718509554863 0.636894702911
      vertex -0.833420395851 0.903071939945 0.638095915318
    endloop
  endfacet
  facet normal 0.699011683464 0.706285715103 0.111996270716
    outer loop
      vertex -0.760357201099 0.525574326515 0.583935797215
      vertex -0.800514161587 0.592722058296 0.634326815605
      vertex -0.899361431599 0.420907586813 0.704911351204
    endloop
  endfacet
  facet normal 0.789358913898 0.497044146061 0.360360354185
    outer loop
      vertex -0.93172699213 0.288179904222 0.703630566597
      vertex -0.834131419659 0.285828977823 0.546934008598
      vertex -0.817943692207 0.398136019707 0.602649569511
    endloop
  endfacet
  facet normal 0.530927062035 0.847346842289 0.0109471967444
    outer loop
      vertex -0.802018761635 0.718509554863 0.636894702911
      vertex -0.800514161587 0.592722058296 0.634326815605
      vertex -0.665240883827 0.710377335548 0.551087915897
    endloop
  endfacet
  facet normal 0.617754518986 0.760229468346 0.201073303819
    outer loop
      vertex -0.800514161587 0.592722058296 0.634326815605
      vertex -0.760357201099 0.525574326515 0.583935797215
      vertex -0.626448452473 0.680571317673 0.516118168831
    endloop
  endfacet
  facet normal 0.840388476849 0.256395161152 0.47750261426
    outer loop
      vertex -0.834131419659 0.285828977823 0.546934008598
      vertex -0.856260478497 0.216816201806 0.490939378738
      vertex -0.688576996326 0.507660806179 0.482981979847
    endloop
  endfacet
  facet normal 0.845228254795 0.158955037594 0.510218083858
    outer loop
      vertex -0.856260478497 0.216816201806 0.490939378738
      vertex -0.840520858765 0.223560601473 0.428893715143
      vertex -0.713686704636 0.429004639387 0.413904875517
    endloop
  endfacet
  facet normal 0.360247433186 0.927022814751 0.104165516794
    outer loop
      vertex -0.833420395851 0.903071939945 0.638095915318
      vertex -0.665240883827 0.710377335548 0.551087915897
      vertex -0.680035948753 0.893952786922 0.577464938164
    endloop
  endfacet
  facet normal 0.602963805199 0.7858710289 0.137263849378
    outer loop
      vertex -0.800514161587 0.592722058296 0.634326815605
      vertex -0.626448452473 0.680571317673 0.516118168831
      vertex -0.665240883827 0.710377335548 0.551087915897
    endloop
  endfacet
  facet normal 0.435561537743 0.895286142826 0.0935355648398
    outer loop
      vertex -0.680035948753 0.893952786922 0.577464938164
      vertex -0.665240883827 0.710377335548 0.551087915897
      vertex -0.621822059155 0.933657765388 0.553291797638
    endloop
  endfacet
  facet normal 0.735658407211 0.565586805344 0.372717499733
    outer loop
      vertex -0.626448452473 0.680571317673 0.516118168831
      vertex -0.688576996326 0.507660806179 0.482981979847
      vertex -0.580329120159 0.717733442783 0.480620354414
    endloop
  endfacet
  facet normal 0.568246245384 0.814275741577 0.118537656963
    outer loop
      vertex -0.621822059155 0.933657765388 0.553291797638
      vertex -0.665240883827 0.710377335548 0.551087915897
      vertex -0.569216251373 0.910191357136 0.513164460659
    endloop
  endfacet
  facet normal 0.640588819981 0.765208005905 0.0640521124005
    outer loop
      vertex -0.665240883827 0.710377335548 0.551087915897
      vertex -0.626448452473 0.680571317673 0.516118168831
      vertex -0.580329120159 0.717733442783 0.480620354414
    endloop
  endfacet
  facet normal 0.909357666969 0.343903660774 0.234091728926
    outer loop
      vertex -0.580329120159 0.717733442783 0.480620354414
      vertex -0.577762246132 0.669008433819 0.440666288137
      vertex -0.531688213348 0.785672307014 0.398248225451
    endloop
  endfacet
  facet normal 0.97692656517 0.10977819562 0.183202654123
    outer loop
      vertex -0.50338602066 0.939041137695 0.402332752943
      vertex -0.531688213348 0.785672307014 0.398248225451
      vertex -0.488026112318 0.911754667759 0.220106989145
    endloop
  endfacet
  facet normal 0.824349403381 -0.0730783343315 0.561344504356
    outer loop
      vertex -1.23830628395 -0.418574124575 0.383233189583
      vertex -1.21919608116 -0.407713145018 0.515375137329
      vertex -1.30081725121 -0.512129247189 0.396722376347
    endloop
  endfacet
  facet normal 0.863389253616 0.131957143545 0.486976742744
    outer loop
      vertex -1.13925743103 -0.223470449448 0.683631718159
      vertex -1.28852248192 -0.493024766445 0.66549795866
      vertex -1.13855195045 -0.244180798531 0.602585971355
    endloop
  endfacet
  facet normal 0.890832960606 0.0267042666674 0.453545451164
    outer loop
      vertex -1.13855195045 -0.244180798531 0.602585971355
      vertex -1.21919608116 -0.407713145018 0.515375137329
      vertex -1.11223435402 -0.20079651475 0.461491197348
    endloop
  endfacet
  facet normal 0.875438213348 -0.087535828352 0.47533711791
    outer loop
      vertex -1.11223435402 -0.20079651475 0.461491197348
      vertex -1.21919608116 -0.407713145018 0.515375137329
      vertex -1.23830628395 -0.418574124575 0.383233189583
    endloop
  endfacet
  facet normal 0.863633811474 -0.156453028321 0.479227632284
    outer loop
      vertex -1.02509689331 -0.0284188985825 0.414491653442
      vertex -1.11223435402 -0.20079651475 0.461491197348
      vertex -1.09600830078 -0.117070533335 0.294601291418
    endloop
  endfacet
  facet normal 0.880931615829 0.138223692775 0.45260772109
    outer loop
      vertex -0.997886955738 0.0310818962753 0.607431471348
      vertex -1.13855195045 -0.244180798531 0.602585971355
      vertex -0.992949306965 0.00987358856946 0.506516933441
    endloop
  endfacet
  facet normal 0.874812066555 -0.109200827777 0.47199472785
    outer loop
      vertex -0.992949306965 0.00987358856946 0.506516933441
      vertex -1.11223435402 -0.20079651475 0.461491197348
      vertex -1.02509689331 -0.0284188985825 0.414491653442
    endloop
  endfacet
  facet normal 0.814816892147 -0.0441172495484 0.578037321568
    outer loop
      vertex -0.992949306965 0.00987358856946 0.506516933441
      vertex -1.02509689331 -0.0284188985825 0.414491653442
      vertex -0.943636894226 0.0886274278164 0.385428309441
    endloop
  endfacet
  facet normal -0.994073152542 0.105271190405 -0.0271395891905
    outer loop
      vertex -2.74420928955 -1.63351988792 1.37186920643
      vertex -2.7379860878 -1.43971037865 1.38066959381
      vertex -2.75262498856 -1.50184965134 1.25845456123
    endloop
  endfacet
  facet normal -0.993804395199 0.10731536895 -0.0289175268263
    outer loop
      vertex -2.75262498856 -1.50184965134 1.25845456123
      vertex -2.76592564583 -1.60772359371 1.16381192207
      vertex -2.74420928955 -1.63351988792 1.37186920643
    endloop
  endfacet
  facet normal -0.990161657333 0.0900729224086 0.107082761824
    outer loop
      vertex -2.74491429329 -1.75708603859 1.21721827984
      vertex -2.74420928955 -1.63351988792 1.37186920643
      vertex -2.76592564583 -1.60772359371 1.16381192207
    endloop
  endfacet
  facet normal -0.992335498333 0.0656242445111 -0.104707628489
    outer loop
      vertex -2.75262498856 -1.50184965134 1.25845456123
      vertex -2.7379860878 -1.43971037865 1.38066959381
      vertex -2.76386070251 -1.47918915749 1.0523982048
    endloop
  endfacet
  facet normal -0.94277048111 0.0347664617002 -0.331624954939
    outer loop
      vertex -2.65215730667 -1.21957361698 1.3676224947
      vertex -2.64619135857 -1.19300377369 1.27596223354
      vertex -2.66822314262 -1.25261604786 1.24714159966
    endloop
  endfacet
  facet normal -0.57305508852 0.018251599744 -0.819313585758
    outer loop
      vertex -2.6381881237 -1.18626236916 1.2246209383
      vertex -2.64619135857 -1.19300377369 1.27596223354
      vertex -2.59434008598 -1.15485286713 1.19137310982
    endloop
  endfacet
  facet normal -0.83875888586 -0.502787828445 -0.209016606212
    outer loop
      vertex -2.6381881237 -1.18626236916 1.2246209383
      vertex -2.62603878975 -1.21892869473 1.19077324867
      vertex -2.66822314262 -1.25261604786 1.24714159966
    endloop
  endfacet
  facet normal -0.403508365154 -0.611319184303 -0.680786192417
    outer loop
      vertex -2.52706623077 -1.07864701748 1.35254251957
      vertex -2.48029923439 -1.08633387089 1.31311309338
      vertex -2.56638526917 -1.09833419323 1.35657119751
    endloop
  endfacet
  facet normal -0.448900699615 -0.89345061779 0.0153001397848
    outer loop
      vertex -2.58047699928 -1.14797437191 1.36450135708
      vertex -2.56638526917 -1.09833419323 1.35657119751
      vertex -2.48029923439 -1.08633387089 1.31311309338
    endloop
  endfacet
  facet normal -0.159403160214 -0.367679983377 -0.916188895702
    outer loop
      vertex -2.45837473869 -1.06151914597 1.36544144154
      vertex -2.48029923439 -1.08633387089 1.31311309338
      vertex -2.52706623077 -1.07864701748 1.35254251957
    endloop
  endfacet
  facet normal -0.276185750961 0.23248372972 -0.932562470436
    outer loop
      vertex -2.49428153038 -1.0777002573 1.38769233227
      vertex -2.45837473869 -1.06151914597 1.36544144154
      vertex -2.52706623077 -1.07864701748 1.35254251957
    endloop
  endfacet
  facet normal -0.366643100977 -0.26876193285 -0.890696287155
    outer loop
      vertex -2.45837473869 -1.06151914597 1.36544144154
      vertex -2.41490149498 -1.07357978821 1.26616585255
      vertex -2.48029923439 -1.08633387089 1.31311309338
    endloop
  endfacet
  facet normal -0.520130693913 -0.546157121658 -0.656640291214
    outer loop
      vertex -2.48029923439 -1.08633387089 1.31311309338
      vertex -2.41490149498 -1.07357978821 1.26616585255
      vertex -2.48664808273 -1.1143348217 1.28549408913
    endloop
  endfacet
  facet normal -0.621606647968 0.103137440979 -0.776510059834
    outer loop
      vertex -2.48083639145 -1.11613607407 1.18917989731
      vertex -2.49087405205 -1.13017380238 1.23437166214
      vertex -2.41490149498 -1.07357978821 1.26616585255
    endloop
  endfacet
  facet normal -0.0932013690472 -0.283331662416 -0.95448243618
    outer loop
      vertex -2.43083786964 -1.10118043423 1.17842745781
      vertex -2.41490149498 -1.07357978821 1.26616585255
      vertex -2.37982583046 -1.0821313858 1.22581923008
    endloop
  endfacet
  facet normal 0.291752338409 -0.149352654815 -0.944761514664
    outer loop
      vertex -2.37982583046 -1.0821313858 1.22581923008
      vertex -2.34098625183 -1.07416498661 1.35208332539
      vertex -2.33841896057 -1.1149969101 1.09880769253
    endloop
  endfacet
  facet normal 0.481800556183 -0.14118462801 -0.864832401276
    outer loop
      vertex -2.25792264938 -1.15284073353 1.15361130238
      vertex -2.34098625183 -1.07416498661 1.35208332539
      vertex -2.25345015526 -1.12611305714 1.33259546757
    endloop
  endfacet
  facet normal 0.494603812695 -0.133440360427 -0.858813583851
    outer loop
      vertex -2.34098625183 -1.07416498661 1.35208332539
      vertex -2.25792264938 -1.15284073353 1.15361130238
      vertex -2.33841896057 -1.1149969101 1.09880769253
    endloop
  endfacet
  facet normal 0.708397328854 -0.12152659893 -0.695272982121
    outer loop
      vertex -2.25345015526 -1.12611305714 1.33259546757
      vertex -2.18094086647 -1.19303965569 1.37236559391
      vertex -2.25792264938 -1.15284073353 1.15361130238
    endloop
  endfacet
  facet normal 0.682439446449 -0.10729201138 -0.723024785519
    outer loop
      vertex -2.18094086647 -1.19303965569 1.37236559391
      vertex -2.17608880997 -1.23127782345 1.14554607868
      vertex -2.25792264938 -1.15284073353 1.15361130238
    endloop
  endfacet
  facet normal 0.868534088135 -0.0642703771591 -0.491444647312
    outer loop
      vertex -2.18094086647 -1.19303965569 1.37236559391
      vertex -2.09336471558 -1.34578967094 1.38784229755
      vertex -2.17608880997 -1.23127782345 1.14554607868
    endloop
  endfacet
  facet normal -0.577611804008 -0.240764603019 0.779998123646
    outer loop
      vertex -2.54788208008 -2.1860229969 1.25884032249
      vertex -2.57279038429 -2.13302850723 1.14691233635
      vertex -2.54229021072 -2.1634812355 1.17239677906
    endloop
  endfacet
  facet normal -0.896110236645 -0.0807702168822 0.43642026186
    outer loop
      vertex -2.48615574837 -2.31550264359 1.27362203598
      vertex -2.54788208008 -2.1860229969 1.25884032249
      vertex -2.4910068512 -2.29457998276 1.21439313889
    endloop
  endfacet
  facet normal -0.479523003101 -0.22881770134 0.847171843052
    outer loop
      vertex -2.43600034714 -2.40370082855 1.37684476376
      vertex -2.43674898148 -2.41834926605 1.43264758587
      vertex -2.46564102173 -2.39054775238 1.39026355743
    endloop
  endfacet
  facet normal -0.853514194489 -0.352986305952 0.383293837309
    outer loop
      vertex -2.46564102173 -2.39054775238 1.39026355743
      vertex -2.48990321159 -2.31175899506 1.36337542534
      vertex -2.44970750809 -2.36881542206 1.32813823223
    endloop
  endfacet
  facet normal -0.832372426987 -0.467478662729 0.297690868378
    outer loop
      vertex -2.44970750809 -2.36881542206 1.32813823223
      vertex -2.48990321159 -2.31175899506 1.36337542534
      vertex -2.45014262199 -2.33224582672 1.30562543869
    endloop
  endfacet
  facet normal -0.516548156738 -0.397737592459 0.758276224136
    outer loop
      vertex -2.43600034714 -2.40370082855 1.37684476376
      vertex -2.46564102173 -2.39054775238 1.39026355743
      vertex -2.44970750809 -2.36881542206 1.32813823223
    endloop
  endfacet
  facet normal -0.459217101336 -0.370268106461 0.807478249073
    outer loop
      vertex -2.4910068512 -2.29457998276 1.21439313889
      vertex -2.46263337135 -2.29683995247 1.18413197994
      vertex -2.45480775833 -2.33663415909 1.2612092495
    endloop
  endfacet
  facet normal 0.0417774058878 -0.461700618267 0.886051476002
    outer loop
      vertex -2.41628456116 -2.32039904594 1.23353838921
      vertex -2.45480775833 -2.33663415909 1.2612092495
      vertex -2.46263337135 -2.29683995247 1.18413197994
    endloop
  endfacet
  facet normal 0.319615542889 -0.384713202715 0.865933954716
    outer loop
      vertex -2.34077262878 -2.37950944901 1.40150761604
      vertex -2.43600034714 -2.40370082855 1.37684476376
      vertex -2.39308714867 -2.36918926239 1.33481585979
    endloop
  endfacet
  facet normal 0.0646412074566 -0.593030750751 0.802580833435
    outer loop
      vertex -2.44970750809 -2.36881542206 1.32813823223
      vertex -2.39308714867 -2.36918926239 1.33481585979
      vertex -2.43600034714 -2.40370082855 1.37684476376
    endloop
  endfacet
  facet normal 0.0805532485247 -0.849230468273 0.52184176445
    outer loop
      vertex -2.45014262199 -2.33224582672 1.30562543869
      vertex -2.3487803936 -2.31711888313 1.30594480038
      vertex -2.44970750809 -2.36881542206 1.32813823223
    endloop
  endfacet
  facet normal 0.146852359176 0.0819686725736 0.985756337643
    outer loop
      vertex -2.3487803936 -2.31711888313 1.30594480038
      vertex -2.45014262199 -2.33224582672 1.30562543869
      vertex -2.45480775833 -2.33663415909 1.2612092495
    endloop
  endfacet
  facet normal 0.501048922539 -0.26822963357 0.822801828384
    outer loop
      vertex -2.38607096672 -2.42600560188 1.45951926708
      vertex -2.34077262878 -2.37950944901 1.40150761604
      vertex -2.21334648132 -2.30358695984 1.40664339066
    endloop
  endfacet
  facet normal 0.501101076603 -0.502140939236 0.704806506634
    outer loop
      vertex -2.3487803936 -2.31711888313 1.30594480038
      vertex -2.34077262878 -2.37950944901 1.40150761604
      vertex -2.39308714867 -2.36918926239 1.33481585979
    endloop
  endfacet
  facet normal 0.323096305132 -0.557955205441 0.7643917799
    outer loop
      vertex -2.26516485214 -2.23986196518 1.23205661774
      vertex -2.33190751076 -2.2782497406 1.24599862099
      vertex -2.34720611572 -2.23434376717 1.17698895931
    endloop
  endfacet
  facet normal 0.211777836084 -0.824781835079 0.52429485321
    outer loop
      vertex -2.3487803936 -2.31711888313 1.30594480038
      vertex -2.31889462471 -2.28236103058 1.29152369499
      vertex -2.19799375534 -2.21505713463 1.27978372574
    endloop
  endfacet
  facet normal 0.46158260107 -0.200519993901 0.864137291908
    outer loop
      vertex -2.31889462471 -2.28236103058 1.29152369499
      vertex -2.26516485214 -2.23986196518 1.23205661774
      vertex -2.19799375534 -2.21505713463 1.27978372574
    endloop
  endfacet
  facet normal 0.401485562325 -0.563888072968 0.721692144871
    outer loop
      vertex -2.21334648132 -2.30358695984 1.40664339066
      vertex -2.08783769608 -2.24426746368 1.42008495331
      vertex -2.31507587433 -2.39894080162 1.4562510252
    endloop
  endfacet
  facet normal -0.000128379586386 0.997734427452 0.0672756582499
    outer loop
      vertex -1.96185493469 -2.17137074471 1.41559076309
      vertex -2.21334648132 -2.30358695984 1.40664339066
      vertex -2.34077262878 -2.37950944901 1.40150761604
    endloop
  endfacet
  facet normal 0.423504501581 -0.447500914335 0.787646412849
    outer loop
      vertex -1.96185493469 -2.17137074471 1.41559076309
      vertex -2.3487803936 -2.31711888313 1.30594480038
      vertex -2.05594325066 -2.16367197037 1.31299710274
    endloop
  endfacet
  facet normal 0.431850939989 -0.416243761778 0.800153672695
    outer loop
      vertex -2.19799375534 -2.21505713463 1.27978372574
      vertex -2.19315671921 -2.18108654022 1.21949970722
      vertex -2.06825780869 -2.1304166317 1.25167787075
    endloop
  endfacet
  facet normal -0.0062298537232 -0.966056883335 -0.258254259825
    outer loop
      vertex -2.26068353653 -2.03711771965 1.19699072838
      vertex -2.06638288498 -1.92006552219 1.22702908516
      vertex -2.10464096069 -2.00004315376 1.2058955431
    endloop
  endfacet
  facet normal 0.423024088144 -0.653400123119 0.627788901329
    outer loop
      vertex -2.21488547325 -2.15509271622 1.18045711517
      vertex -2.06825780869 -2.1304166317 1.25167787075
      vertex -2.19315671921 -2.18108654022 1.21949970722
    endloop
  endfacet
  facet normal -0.908288657665 0.415779680014 0.0462488979101
    outer loop
      vertex -2.9258620739 -1.52534222603 0.673067092896
      vertex -2.96156835556 -1.42019069195 0.606761753559
      vertex -2.94696497917 -1.55086195469 0.624128162861
    endloop
  endfacet
  facet normal -0.918967723846 0.37669980526 -0.116600133479
    outer loop
      vertex -2.94581818581 -1.36367583275 0.627691447735
      vertex -2.97233629227 -1.24709379673 0.52691423893
      vertex -2.96156835556 -1.42019069195 0.606761753559
    endloop
  endfacet
  facet normal -0.866140961647 0.432640820742 -0.250243335962
    outer loop
      vertex -2.92540335655 -1.21907687187 0.604668021202
      vertex -2.92561483383 -1.07593643665 0.521450936794
      vertex -2.97233629227 -1.24709379673 0.52691423893
    endloop
  endfacet
  facet normal -0.973357617855 0.044164378196 0.224998861551
    outer loop
      vertex -2.93645048141 -1.61031961441 0.568689286709
      vertex -2.97347807884 -1.45445585251 0.54668211937
      vertex -2.96966695786 -1.4908977747 0.445021152496
    endloop
  endfacet
  facet normal -0.910764038563 -0.0305267982185 0.41179728508
    outer loop
      vertex -2.8892660141 -1.712454319 0.538712561131
      vertex -2.93645048141 -1.61031961441 0.568689286709
      vertex -2.95495700836 -1.55512392521 0.376256108284
    endloop
  endfacet
  facet normal -0.849876761436 0.318040013313 -0.420190453529
    outer loop
      vertex -2.92561483383 -1.07593643665 0.521450936794
      vertex -2.89406919479 -0.971523404121 0.467799007893
      vertex -2.93457007408 -1.02292430401 0.427481412888
    endloop
  endfacet
  facet normal -0.921021819115 -0.00476767355576 0.38948187232
    outer loop
      vertex -2.8892660141 -1.712454319 0.538712561131
      vertex -2.95495700836 -1.55512392521 0.376256108284
      vertex -2.88913869858 -1.71168684959 0.45141094923
    endloop
  endfacet
  facet normal -0.780342042446 0.621879816055 0.0658167228103
    outer loop
      vertex -2.9258620739 -1.52534222603 0.673067092896
      vertex -2.87843513489 -1.61119663715 0.723492562771
      vertex -2.84768795967 -1.55340635777 0.768190741539
    endloop
  endfacet
  facet normal -0.758162438869 0.647000968456 -0.081113807857
    outer loop
      vertex -2.90569901466 -1.41684758663 0.683092534542
      vertex -2.9258620739 -1.52534222603 0.673067092896
      vertex -2.84768795967 -1.55340635777 0.768190741539
    endloop
  endfacet
  facet normal -0.631053388119 0.740607082844 -0.230808883905
    outer loop
      vertex -2.92540335655 -1.21907687187 0.604668021202
      vertex -2.90569901466 -1.41684758663 0.683092534542
      vertex -2.84764814377 -1.22120916843 0.671585917473
    endloop
  endfacet
  facet normal -0.617802679539 0.727374970913 -0.298739910126
    outer loop
      vertex -2.87215709686 -1.08515357971 0.594889640808
      vertex -2.92540335655 -1.21907687187 0.604668021202
      vertex -2.84764814377 -1.22120916843 0.671585917473
    endloop
  endfacet
  facet normal -0.973435819149 0.228410109878 0.0158586073667
    outer loop
      vertex -2.83586645126 -1.71058487892 0.812769949436
      vertex -2.78731703758 -1.75760734081 1.01641273499
      vertex -2.80987000465 -1.62759280205 0.929323673248
    endloop
  endfacet
  facet normal -0.951689183712 0.238581985235 0.193303868175
    outer loop
      vertex -2.83586645126 -1.71058487892 0.812769949436
      vertex -2.87843513489 -1.61119663715 0.723492562771
      vertex -2.86222100258 -1.72266149521 0.697858572006
    endloop
  endfacet
  facet normal -0.455503970385 0.859293878078 -0.232658848166
    outer loop
      vertex -2.8602449894 -1.37855160236 0.707509815693
      vertex -2.72223424911 -1.28271770477 0.754720449448
      vertex -2.84764814377 -1.22120916843 0.671585917473
    endloop
  endfacet
  facet normal -0.643235206604 0.741948962212 -0.189103662968
    outer loop
      vertex -2.80901956558 -1.47020614147 0.780508816242
      vertex -2.90569901466 -1.41684758663 0.683092534542
      vertex -2.84768795967 -1.55340635777 0.768190741539
    endloop
  endfacet
  facet normal -0.491749703884 0.793428778648 -0.358682364225
    outer loop
      vertex -2.87215709686 -1.08515357971 0.594889640808
      vertex -2.84764814377 -1.22120916843 0.671585917473
      vertex -2.7700240612 -1.12304210663 0.675317585468
    endloop
  endfacet
  facet normal -0.464928478003 0.784087955952 -0.411153972149
    outer loop
      vertex -2.78251743317 -1.00327539444 0.605107247829
      vertex -2.87215709686 -1.08515357971 0.594889640808
      vertex -2.7700240612 -1.12304210663 0.675317585468
    endloop
  endfacet
  facet normal -0.873570799828 -0.0055528874509 0.486665427685
    outer loop
      vertex -2.75402927399 -1.95645534992 0.648198485374
      vertex -2.8892660141 -1.712454319 0.538712561131
      vertex -2.88913869858 -1.71168684959 0.45141094923
    endloop
  endfacet
  facet normal -0.995642483234 0.0619544200599 -0.0696974098682
    outer loop
      vertex -2.75262498856 -1.50184965134 1.25845456123
      vertex -2.76386070251 -1.47918915749 1.0523982048
      vertex -2.76592564583 -1.60772359371 1.16381192207
    endloop
  endfacet
  facet normal -0.98122549057 0.187658265233 0.0445070639253
    outer loop
      vertex -2.78731703758 -1.75760734081 1.01641273499
      vertex -2.76592564583 -1.60772359371 1.16381192207
      vertex -2.80987000465 -1.62759280205 0.929323673248
    endloop
  endfacet
  facet normal -0.947733044624 0.239513158798 0.210797429085
    outer loop
      vertex -2.76045179367 -1.86413311958 0.976040303707
      vertex -2.83586645126 -1.71058487892 0.812769949436
      vertex -2.86222100258 -1.72266149521 0.697858572006
    endloop
  endfacet
  facet normal -0.896553754807 0.109760090709 0.429120063782
    outer loop
      vertex -2.76365065575 -1.90842461586 0.776748478413
      vertex -2.76045179367 -1.86413311958 0.976040303707
      vertex -2.86222100258 -1.72266149521 0.697858572006
    endloop
  endfacet
  facet normal -0.5973046422 0.70943915844 -0.3740632236
    outer loop
      vertex -2.80901956558 -1.47020614147 0.780508816242
      vertex -2.69208860397 -1.30662548542 0.792707026005
      vertex -2.72223424911 -1.28271770477 0.754720449448
    endloop
  endfacet
  facet normal -0.420499294996 0.8562759161 -0.29995316267
    outer loop
      vertex -2.72223424911 -1.28271770477 0.754720449448
      vertex -2.7700240612 -1.12304210663 0.675317585468
      vertex -2.84764814377 -1.22120916843 0.671585917473
    endloop
  endfacet
  facet normal -0.498604625463 0.671508014202 -0.548151791096
    outer loop
      vertex -2.8570318222 -0.97938811779 0.530279994011
      vertex -2.78251743317 -1.00327539444 0.605107247829
      vertex -2.77233195305 -0.874905347824 0.507881700993
    endloop
  endfacet
  facet normal -0.451629728079 0.69362360239 -0.561174571514
    outer loop
      vertex -2.69284820557 -0.899090707302 0.579201936722
      vertex -2.77233195305 -0.874905347824 0.507881700993
      vertex -2.78251743317 -1.00327539444 0.605107247829
    endloop
  endfacet
  facet normal -0.928932487965 -0.0815734788775 -0.361151278019
    outer loop
      vertex -2.76386070251 -1.47918915749 1.0523982048
      vertex -2.72316503525 -1.35661780834 1.13163125515
      vertex -2.71805763245 -1.37775933743 0.979869544506
    endloop
  endfacet
  facet normal -0.895965456963 0.0511481501162 -0.441168576479
    outer loop
      vertex -2.76386070251 -1.47918915749 1.0523982048
      vertex -2.71805763245 -1.37775933743 0.979869544506
      vertex -2.78254795074 -1.4975284338 0.883234083652
    endloop
  endfacet
  facet normal -0.878345251083 -0.00624217884615 -0.477986097336
    outer loop
      vertex -2.78254795074 -1.4975284338 0.883234083652
      vertex -2.71805763245 -1.37775933743 0.979869544506
      vertex -2.70984196663 -1.36434864998 0.850734651089
    endloop
  endfacet
  facet normal -0.348227024078 0.824091494083 -0.446778655052
    outer loop
      vertex -2.78251743317 -1.00327539444 0.605107247829
      vertex -2.7700240612 -1.12304210663 0.675317585468
      vertex -2.56697106361 -1.06179404259 0.727913916111
    endloop
  endfacet
  facet normal -0.882685005665 -0.0032863789238 -0.469953626394
    outer loop
      vertex -2.72316503525 -1.35661780834 1.13163125515
      vertex -2.70443296432 -1.32013857365 1.31695008278
      vertex -2.66822314262 -1.25261604786 1.24714159966
    endloop
  endfacet
  facet normal -0.836574018002 -0.0888304784894 -0.540604352951
    outer loop
      vertex -2.72316503525 -1.35661780834 1.13163125515
      vertex -2.66822314262 -1.25261604786 1.24714159966
      vertex -2.65254187584 -1.25233495235 1.10117173195
    endloop
  endfacet
  facet normal -0.81261241436 0.0882149487734 -0.576089560986
    outer loop
      vertex -2.65254187584 -1.25233495235 1.10117173195
      vertex -2.68263673782 -1.28175592422 1.01607978344
      vertex -2.72316503525 -1.35661780834 1.13163125515
    endloop
  endfacet
  facet normal -0.586150228977 -0.281873732805 -0.759588778019
    outer loop
      vertex -2.68263673782 -1.28175592422 1.01607978344
      vertex -2.61790752411 -1.24321949482 0.985324084759
      vertex -2.64007377625 -1.27976918221 0.932924807072
    endloop
  endfacet
  facet normal -0.370948970318 0.8103120327 -0.453642249107
    outer loop
      vertex -2.69284820557 -0.899090707302 0.579201936722
      vertex -2.56697106361 -1.06179404259 0.727913916111
      vertex -2.60046124458 -0.955137073994 0.652872145176
    endloop
  endfacet
  facet normal -0.329714715481 0.809885323048 -0.48515355587
    outer loop
      vertex -2.56697106361 -1.06179404259 0.727913916111
      vertex -2.69284820557 -0.899090707302 0.579201936722
      vertex -2.78251743317 -1.00327539444 0.605107247829
    endloop
  endfacet
  facet normal -0.718215942383 -0.431558817625 -0.545823097229
    outer loop
      vertex -2.6381881237 -1.18626236916 1.2246209383
      vertex -2.59434008598 -1.15485286713 1.19137310982
      vertex -2.58577847481 -1.18655157089 1.13703298569
    endloop
  endfacet
  facet normal -0.430404067039 -0.200790584087 -0.880020141602
    outer loop
      vertex -2.62603878975 -1.21892869473 1.19077324867
      vertex -2.59249567986 -1.21216511726 1.14851534367
      vertex -2.65254187584 -1.25233495235 1.10117173195
    endloop
  endfacet
  facet normal -0.718652188778 0.544463932514 -0.43254840374
    outer loop
      vertex -2.59249567986 -1.21216511726 1.14851534367
      vertex -2.58577847481 -1.18655157089 1.13703298569
      vertex -2.65254187584 -1.25233495235 1.10117173195
    endloop
  endfacet
  facet normal -0.525458693504 -0.399613976479 -0.751133680344
    outer loop
      vertex -2.58612751961 -1.22373998165 1.06759095192
      vertex -2.65254187584 -1.25233495235 1.10117173195
      vertex -2.58577847481 -1.18655157089 1.13703298569
    endloop
  endfacet
  facet normal -0.223485276103 0.336852908134 -0.914649903774
    outer loop
      vertex -2.65254187584 -1.25233495235 1.10117173195
      vertex -2.58612751961 -1.22373998165 1.06759095192
      vertex -2.62811517715 -1.22291648388 1.0374982357
    endloop
  endfacet
  facet normal -0.604916751385 -0.388774484396 -0.694931685925
    outer loop
      vertex -2.61790752411 -1.24321949482 0.985324084759
      vertex -2.62811517715 -1.22291648388 1.0374982357
      vertex -2.55300474167 -1.18045735359 0.996524989605
    endloop
  endfacet
  facet normal -0.720093011856 -0.0959318205714 -0.687214016914
    outer loop
      vertex -2.70984196663 -1.36434864998 0.850734651089
      vertex -2.64007377625 -1.27976918221 0.932924807072
      vertex -2.57023835182 -1.21512508392 0.871801257133
    endloop
  endfacet
  facet normal 0.216132715344 0.455833017826 -0.863425135612
    outer loop
      vertex -2.50835061073 -1.14213347435 1.15852713585
      vertex -2.59306693077 -1.16153585911 1.23544669151
      vertex -2.56626439095 -1.1733905077 1.24519300461
    endloop
  endfacet
  facet normal -0.774724841118 -0.627455413342 0.0781095698476
    outer loop
      vertex -2.59249567986 -1.21216511726 1.14851534367
      vertex -2.62603878975 -1.21892869473 1.19077324867
      vertex -2.58577847481 -1.18655157089 1.13703298569
    endloop
  endfacet
  facet normal -0.6445723176 -0.528959095478 -0.552022457123
    outer loop
      vertex -2.58577847481 -1.18655157089 1.13703298569
      vertex -2.53611326218 -1.14435791969 1.12054598331
      vertex -2.51593327522 -1.17278170586 1.06629216671
    endloop
  endfacet
  facet normal -0.455568432808 0.349035084248 -0.818921208382
    outer loop
      vertex -2.62811517715 -1.22291648388 1.0374982357
      vertex -2.51593327522 -1.17278170586 1.06629216671
      vertex -2.48992729187 -1.14203703403 1.02810132504
    endloop
  endfacet
  facet normal -0.634284079075 0.0876662805676 -0.768113493919
    outer loop
      vertex -2.53215837479 -1.19391274452 0.961459636688
      vertex -2.57023835182 -1.21512508392 0.871801257133
      vertex -2.64007377625 -1.27976918221 0.932924807072
    endloop
  endfacet
  facet normal -0.22322191298 0.817951738834 -0.530214071274
    outer loop
      vertex -2.53638148308 -0.877088606358 0.619767010212
      vertex -2.60046124458 -0.955137073994 0.652872145176
      vertex -2.44162154198 -1.00185191631 0.726501643658
    endloop
  endfacet
  facet normal -0.496893137693 -0.540514647961 -0.678926408291
    outer loop
      vertex -2.51593327522 -1.17278170586 1.06629216671
      vertex -2.53611326218 -1.14435791969 1.12054598331
      vertex -2.487585783 -1.14105212688 1.08008718491
    endloop
  endfacet
  facet normal -0.476617991924 -0.109258115292 -0.872294664383
    outer loop
      vertex -2.48992729187 -1.14203703403 1.02810132504
      vertex -2.45244216919 -1.12816262245 0.975350141525
      vertex -2.55300474167 -1.18045735359 0.996524989605
    endloop
  endfacet
  facet normal -0.541575908661 0.0312666408718 -0.840070188046
    outer loop
      vertex -2.57023835182 -1.21512508392 0.871801257133
      vertex -2.53215837479 -1.19391274452 0.961459636688
      vertex -2.46949100494 -1.15075135231 0.887275934219
    endloop
  endfacet
  facet normal -0.703308582306 0.276415288448 -0.654944002628
    outer loop
      vertex -2.57023835182 -1.21512508392 0.871801257133
      vertex -2.52873659134 -1.13426756859 0.785812437534
      vertex -2.6016998291 -1.2271348238 0.820207118988
    endloop
  endfacet
  facet normal -0.532194256783 0.429301798344 -0.729704856873
    outer loop
      vertex -2.57023835182 -1.21512508392 0.871801257133
      vertex -2.46949100494 -1.15075135231 0.887275934219
      vertex -2.52873659134 -1.13426756859 0.785812437534
    endloop
  endfacet
  facet normal -0.341237664223 -0.410769313574 -0.845473468304
    outer loop
      vertex -2.48083639145 -1.11613607407 1.18917989731
      vertex -2.43083786964 -1.10118043423 1.17842745781
      vertex -2.50835061073 -1.14213347435 1.15852713585
    endloop
  endfacet
  facet normal -0.0724744349718 -0.00543613405898 -0.997355461121
    outer loop
      vertex -2.53611326218 -1.14435791969 1.12054598331
      vertex -2.50835061073 -1.14213347435 1.15852713585
      vertex -2.487585783 -1.14105212688 1.08008718491
    endloop
  endfacet
  facet normal -0.411038964987 -0.21970872581 -0.884745776653
    outer loop
      vertex -2.50835061073 -1.14213347435 1.15852713585
      vertex -2.43083786964 -1.10118043423 1.17842745781
      vertex -2.4159579277 -1.11615109444 1.09030425549
    endloop
  endfacet
  facet normal -0.318447828293 -0.0712690502405 -0.945257484913
    outer loop
      vertex -2.50835061073 -1.14213347435 1.15852713585
      vertex -2.4159579277 -1.11615109444 1.09030425549
      vertex -2.487585783 -1.14105212688 1.08008718491
    endloop
  endfacet
  facet normal -0.474046856165 -0.546679317951 -0.690232813358
    outer loop
      vertex -2.55300474167 -1.18045735359 0.996524989605
      vertex -2.45244216919 -1.12816262245 0.975350141525
      vertex -2.53215837479 -1.19391274452 0.961459636688
    endloop
  endfacet
  facet normal -0.234157457948 0.828195989132 -0.509177446365
    outer loop
      vertex -2.60046124458 -0.955137073994 0.652872145176
      vertex -2.56697106361 -1.06179404259 0.727913916111
      vertex -2.44162154198 -1.00185191631 0.726501643658
    endloop
  endfacet
  facet normal -0.523443222046 0.288870930672 -0.801598906517
    outer loop
      vertex -2.4159579277 -1.11615109444 1.09030425549
      vertex -2.48992729187 -1.14203703403 1.02810132504
      vertex -2.51593327522 -1.17278170586 1.06629216671
    endloop
  endfacet
  facet normal -0.312095403671 -0.178890869021 -0.933056533337
    outer loop
      vertex -2.45244216919 -1.12816262245 0.975350141525
      vertex -2.36671972275 -1.1209359169 0.863490521908
      vertex -2.46949100494 -1.15075135231 0.887275934219
    endloop
  endfacet
  facet normal -0.214180618525 -0.101369954646 -0.971519827843
    outer loop
      vertex -2.37658715248 -1.11275827885 0.962712705135
      vertex -2.36671972275 -1.1209359169 0.863490521908
      vertex -2.45244216919 -1.12816262245 0.975350141525
    endloop
  endfacet
  facet normal -0.138069242239 0.485530406237 -0.863247990608
    outer loop
      vertex -2.46949100494 -1.15075135231 0.887275934219
      vertex -2.36671972275 -1.1209359169 0.863490521908
      vertex -2.41266608238 -1.0932418108 0.801186144352
    endloop
  endfacet
  facet normal 0.342665076256 0.0470258332789 0.938279926777
    outer loop
      vertex -2.37796139717 -1.80654537678 0.497555851936
      vertex -2.28327441216 -1.76810991764 0.574475347996
      vertex -2.45144343376 -1.83257591724 0.513625979424
    endloop
  endfacet
  facet normal 0.383972853422 0.521559536457 0.761932075024
    outer loop
      vertex -2.45144343376 -1.83257591724 0.513625979424
      vertex -2.48598837852 -1.88038265705 0.469218581915
      vertex -2.37796139717 -1.80654537678 0.497555851936
    endloop
  endfacet
  facet normal 0.293148696423 -0.806408286095 0.513584971428
    outer loop
      vertex -2.40096783638 -1.73790514469 0.386322766542
      vertex -2.40573835373 -1.81795752048 0.435572296381
      vertex -2.5241291523 -1.77364122868 0.36431029439
    endloop
  endfacet
  facet normal 0.307458460331 -0.730716884136 0.609526157379
    outer loop
      vertex -2.40096783638 -1.73790514469 0.386322766542
      vertex -2.5241291523 -1.77364122868 0.36431029439
      vertex -2.37679171562 -1.69535183907 0.360999375582
    endloop
  endfacet
  facet normal 0.169733166695 0.809754490852 -0.561683416367
    outer loop
      vertex -2.3743159771 -0.981995105743 0.715981662273
      vertex -2.41266608238 -1.0932418108 0.801186144352
      vertex -2.28414607048 -1.06230723858 0.752789378166
    endloop
  endfacet
  facet normal 0.177683398128 0.752545177937 -0.634117007256
    outer loop
      vertex -2.31983447075 -0.943689882755 0.670840919018
      vertex -2.37915277481 -0.861648440361 0.61571598053
      vertex -2.3743159771 -0.981995105743 0.715981662273
    endloop
  endfacet
  facet normal 0.430873215199 -0.00976186618209 -0.90235966444
    outer loop
      vertex -2.25792264938 -1.15284073353 1.15361130238
      vertex -2.28357338905 -1.1431375742 0.91835963726
      vertex -2.33841896057 -1.1149969101 1.09880769253
    endloop
  endfacet
  facet normal 0.43330296874 -0.28645709157 0.854512095451
    outer loop
      vertex -2.31036996841 -1.88432121277 0.844375431538
      vertex -2.36673736572 -1.84366321564 0.637828469276
      vertex -2.17522954941 -1.7670789957 0.699054896832
    endloop
  endfacet
  facet normal 0.218161970377 0.771003544331 -0.598296642303
    outer loop
      vertex -2.28414607048 -1.06230723858 0.752789378166
      vertex -2.31983447075 -0.943689882755 0.670840919018
      vertex -2.3743159771 -0.981995105743 0.715981662273
    endloop
  endfacet
  facet normal 0.444756031036 0.668728590012 -0.59581387043
    outer loop
      vertex -2.28414607048 -1.06230723858 0.752789378166
      vertex -2.25501728058 -0.977350592613 0.657723009586
      vertex -2.31983447075 -0.943689882755 0.670840919018
    endloop
  endfacet
  facet normal 0.351095318794 -0.520222306252 0.778524756432
    outer loop
      vertex -2.2213549614 -1.78267943859 0.507217288017
      vertex -2.40573835373 -1.81795752048 0.435572296381
      vertex -2.24980950356 -1.7604393959 0.454730600119
    endloop
  endfacet
  facet normal 0.652601540089 0.427073508501 -0.625874936581
    outer loop
      vertex -2.25501728058 -0.977350592613 0.657723009586
      vertex -2.23805212975 -0.914657890797 0.539922952652
      vertex -2.31101799011 -0.854145765305 0.562740147114
    endloop
  endfacet
  facet normal 0.327923774719 -0.670279085636 0.665726602077
    outer loop
      vertex -2.40573835373 -1.81795752048 0.435572296381
      vertex -2.17944192886 -1.68693816662 0.41615486145
      vertex -2.24980950356 -1.7604393959 0.454730600119
    endloop
  endfacet
  facet normal 0.691824793816 -0.00268411380239 -0.722060441971
    outer loop
      vertex -2.25792264938 -1.15284073353 1.15361130238
      vertex -2.17608880997 -1.23127782345 1.14554607868
      vertex -2.22074222565 -1.18911230564 0.9792740345
    endloop
  endfacet
  facet normal 0.483705461025 0.151656284928 -0.861991524696
    outer loop
      vertex -2.22074222565 -1.18911230564 0.9792740345
      vertex -2.18429231644 -1.18089902401 0.816334664822
      vertex -2.28357338905 -1.1431375742 0.91835963726
    endloop
  endfacet
  facet normal 0.479683816433 -0.235786363482 0.845167577267
    outer loop
      vertex -2.16872429848 -1.83160936832 0.943595707417
      vertex -2.31036996841 -1.88432121277 0.844375431538
      vertex -2.17522954941 -1.7670789957 0.699054896832
    endloop
  endfacet
  facet normal 0.729750692844 0.400141447783 -0.55439221859
    outer loop
      vertex -2.23805212975 -0.914657890797 0.539922952652
      vertex -2.25501728058 -0.977350592613 0.657723009586
      vertex -2.18518352509 -1.07740843296 0.668994247913
    endloop
  endfacet
  facet normal 0.744017541409 0.384378939867 -0.546526074409
    outer loop
      vertex -2.23805212975 -0.914657890797 0.539922952652
      vertex -2.18518352509 -1.07740843296 0.668994247913
      vertex -2.17528438568 -1.01301622391 0.558277547359
    endloop
  endfacet
  facet normal 0.866653442383 -0.153257772326 -0.474788248539
    outer loop
      vertex -2.14787364006 -1.04277789593 0.449658453465
      vertex -2.16031622887 -1.05907189846 0.328818798065
      vertex -2.22006416321 -0.939767003059 0.360554814339
    endloop
  endfacet
  facet normal 0.873941004276 -0.0711490213871 -0.480796098709
    outer loop
      vertex -2.09336471558 -1.34578967094 1.38784229755
      vertex -2.1188147068 -1.34270298481 1.09609222412
      vertex -2.17608880997 -1.23127782345 1.14554607868
    endloop
  endfacet
  facet normal 0.796603679657 0.206833988428 -0.568016111851
    outer loop
      vertex -2.22074222565 -1.18911230564 0.9792740345
      vertex -2.12536382675 -1.30148541927 0.920535862446
      vertex -2.18429231644 -1.18089902401 0.816334664822
    endloop
  endfacet
  facet normal 0.810602128506 0.184680297971 -0.555713415146
    outer loop
      vertex -2.12536382675 -1.30148541927 0.920535862446
      vertex -2.10312652588 -1.27224802971 0.734954535961
      vertex -2.18429231644 -1.18089902401 0.816334664822
    endloop
  endfacet
  facet normal 0.832965970039 0.312532126904 -0.456608504057
    outer loop
      vertex -2.18518352509 -1.07740843296 0.668994247913
      vertex -2.10312652588 -1.27224802971 0.734954535961
      vertex -2.12819361687 -1.12282705307 0.583460211754
    endloop
  endfacet
  facet normal 0.838683009148 0.327893942595 -0.434852093458
    outer loop
      vertex -2.17528438568 -1.01301622391 0.558277547359
      vertex -2.18518352509 -1.07740843296 0.668994247913
      vertex -2.12819361687 -1.12282705307 0.583460211754
    endloop
  endfacet
  facet normal 0.253557801247 -0.212094306946 0.943781971931
    outer loop
      vertex -2.17522954941 -1.7670789957 0.699054896832
      vertex -2.28327441216 -1.76810991764 0.574475347996
      vertex -2.05050778389 -1.71592760086 0.620544552803
    endloop
  endfacet
  facet normal 0.903212308884 0.114602103829 -0.413610816002
    outer loop
      vertex -2.12819361687 -1.12282705307 0.583460211754
      vertex -2.14787364006 -1.04277789593 0.449658453465
      vertex -2.17528438568 -1.01301622391 0.558277547359
    endloop
  endfacet
  facet normal 0.158751368523 -0.635012507439 0.756013929844
    outer loop
      vertex -2.10541248322 -1.52066612244 0.341698408127
      vertex -2.18025565147 -1.52579009533 0.329088151455
      vertex -2.06578660011 -1.48410737514 0.30807980895
    endloop
  endfacet
  facet normal -0.887546658516 0.0427368246019 0.458731383085
    outer loop
      vertex -2.82980656624 -1.89358150959 0.457243144512
      vertex -2.87887954712 -1.81133842468 0.320894390345
      vertex -2.84958219528 -1.86687731743 0.333187222481
    endloop
  endfacet
  facet normal -0.906917452812 0.247676566243 0.34081825614
    outer loop
      vertex -2.76685476303 -1.99069797993 0.554115414619
      vertex -2.75402927399 -1.95645534992 0.648198485374
      vertex -2.82980656624 -1.89358150959 0.457243144512
    endloop
  endfacet
  facet normal -0.830562889576 -0.188209459186 0.524158775806
    outer loop
      vertex -2.77710437775 -2.01120090485 0.467431604862
      vertex -2.80967259407 -1.9434415102 0.422445654869
      vertex -2.7845916748 -1.97205638885 0.391456067562
    endloop
  endfacet
  facet normal -0.848360538483 -0.479618966579 0.224165245891
    outer loop
      vertex -2.80967259407 -1.9434415102 0.422445654869
      vertex -2.78366971016 -1.92157387733 0.366230726242
      vertex -2.7845916748 -1.97205638885 0.391456067562
    endloop
  endfacet
  facet normal -0.0344400331378 -0.712766110897 0.700555741787
    outer loop
      vertex -2.7845916748 -1.97205638885 0.391456067562
      vertex -2.73022627831 -1.99464046955 0.411026418209
      vertex -2.76895713806 -2.00954985619 0.427551805973
    endloop
  endfacet
  facet normal -0.840177416801 0.13047131896 0.526383042336
    outer loop
      vertex -2.66953039169 -1.98841238022 1.0601323843
      vertex -2.76045179367 -1.86413311958 0.976040303707
      vertex -2.76365065575 -1.90842461586 0.776748478413
    endloop
  endfacet
  facet normal -0.826520502567 0.14168857038 0.544782757759
    outer loop
      vertex -2.66258597374 -2.02094173431 0.933674633503
      vertex -2.76365065575 -1.90842461586 0.776748478413
      vertex -2.75402927399 -1.95645534992 0.648198485374
    endloop
  endfacet
  facet normal -0.832775115967 0.286039084196 0.473990797997
    outer loop
      vertex -2.67576789856 -2.05357289314 0.715116798878
      vertex -2.75402927399 -1.95645534992 0.648198485374
      vertex -2.76685476303 -1.99069797993 0.554115414619
    endloop
  endfacet
  facet normal -0.469973742962 -0.132145702839 0.872732579708
    outer loop
      vertex -2.76895713806 -2.00954985619 0.427551805973
      vertex -2.73204779625 -2.03561329842 0.468415349722
      vertex -2.77710437775 -2.01120090485 0.467431604862
    endloop
  endfacet
  facet normal -0.0312126483768 -0.976936519146 0.211236447096
    outer loop
      vertex -2.73548650742 -1.945489645 0.369862407446
      vertex -2.78366971016 -1.92157387733 0.366230726242
      vertex -2.68032884598 -1.83986508846 0.345261663198
    endloop
  endfacet
  facet normal 0.306167811155 -0.879353284836 0.364690363407
    outer loop
      vertex -2.73548650742 -1.945489645 0.369862407446
      vertex -2.68032884598 -1.83986508846 0.345261663198
      vertex -2.60160255432 -1.87911212444 0.388948887587
    endloop
  endfacet
  facet normal 0.00968865770847 -0.767121255398 0.641428947449
    outer loop
      vertex -2.73022627831 -1.99464046955 0.411026418209
      vertex -2.7845916748 -1.97205638885 0.391456067562
      vertex -2.73548650742 -1.945489645 0.369862407446
    endloop
  endfacet
  facet normal -0.902586102486 0.203406304121 0.379426181316
    outer loop
      vertex -2.63578486443 -2.08089256287 0.940770626068
      vertex -2.66258597374 -2.02094173431 0.933674633503
      vertex -2.75402927399 -1.95645534992 0.648198485374
    endloop
  endfacet
  facet normal -0.799606978893 0.069463737309 0.596492648125
    outer loop
      vertex -2.67576789856 -2.05357289314 0.715116798878
      vertex -2.63578486443 -2.08089256287 0.940770626068
      vertex -2.75402927399 -1.95645534992 0.648198485374
    endloop
  endfacet
  facet normal 0.488596737385 -0.407676100731 0.771410048008
    outer loop
      vertex -2.64942502975 -2.0350291729 0.651305019855
      vertex -2.69067311287 -2.00441932678 0.543949246407
      vertex -2.55728673935 -1.94308614731 0.587756335735
    endloop
  endfacet
  facet normal 0.300845295191 0.28445354104 0.9102627635
    outer loop
      vertex -2.67610287666 -2.01761698723 0.486306458712
      vertex -2.69067311287 -2.00441932678 0.543949246407
      vertex -2.7256603241 -2.02630496025 0.510917901993
    endloop
  endfacet
  facet normal 0.613033473492 0.320309698582 0.722213029861
    outer loop
      vertex -2.67610287666 -2.01761698723 0.486306458712
      vertex -2.60417842865 -1.93877255917 0.52642506361
      vertex -2.69067311287 -2.00441932678 0.543949246407
    endloop
  endfacet
  facet normal 0.365452259779 -0.533154070377 0.763014674187
    outer loop
      vertex -2.73204779625 -2.03561329842 0.468415349722
      vertex -2.73022627831 -1.99464046955 0.411026418209
      vertex -2.64340257645 -1.97604382038 0.443925768137
    endloop
  endfacet
  facet normal 0.402253091335 -0.46388977766 0.789302706718
    outer loop
      vertex -2.67610287666 -2.01761698723 0.486306458712
      vertex -2.73204779625 -2.03561329842 0.468415349722
      vertex -2.64340257645 -1.97604382038 0.443925768137
    endloop
  endfacet
  facet normal 0.385258674622 -0.727348983288 0.567925393581
    outer loop
      vertex -2.73548650742 -1.945489645 0.369862407446
      vertex -2.60160255432 -1.87911212444 0.388948887587
      vertex -2.73022627831 -1.99464046955 0.411026418209
    endloop
  endfacet
  facet normal -0.811594307423 0.103343300521 0.575008571148
    outer loop
      vertex -2.59751319885 -2.06812334061 1.18219411373
      vertex -2.66953039169 -1.98841238022 1.0601323843
      vertex -2.66258597374 -2.02094173431 0.933674633503
    endloop
  endfacet
  facet normal 0.0055301534012 -0.202691838145 0.979226946831
    outer loop
      vertex -2.6045935154 -2.0968644619 0.92620497942
      vertex -2.67576789856 -2.05357289314 0.715116798878
      vertex -2.6077003479 -2.07082366943 0.800314068794
    endloop
  endfacet
  facet normal 0.448073267937 -0.325481563807 0.832641661167
    outer loop
      vertex -2.6077003479 -2.07082366943 0.800314068794
      vertex -2.64942502975 -2.0350291729 0.651305019855
      vertex -2.57912611961 -2.01407980919 0.69448941946
    endloop
  endfacet
  facet normal 0.582403719425 0.374159485102 0.721672058105
    outer loop
      vertex -2.60417842865 -1.93877255917 0.52642506361
      vertex -2.67610287666 -2.01761698723 0.486306458712
      vertex -2.59579873085 -1.95665323734 0.478893578053
    endloop
  endfacet
  facet normal 0.55224275589 -0.326408088207 0.767128229141
    outer loop
      vertex -2.59579873085 -1.95665323734 0.478893578053
      vertex -2.67610287666 -2.01761698723 0.486306458712
      vertex -2.64340257645 -1.97604382038 0.443925768137
    endloop
  endfacet
  facet normal 0.354688674212 -0.739369034767 0.572301805019
    outer loop
      vertex -2.60160255432 -1.87911212444 0.388948887587
      vertex -2.40573835373 -1.81795752048 0.435572296381
      vertex -2.64340257645 -1.97604382038 0.443925768137
    endloop
  endfacet
  facet normal 0.278995394707 -0.869304060936 0.408009797335
    outer loop
      vertex -2.68032884598 -1.83986508846 0.345261663198
      vertex -2.5241291523 -1.77364122868 0.36431029439
      vertex -2.60160255432 -1.87911212444 0.388948887587
    endloop
  endfacet
  facet normal -0.889068901539 0.163553833961 0.427558928728
    outer loop
      vertex -2.63578486443 -2.08089256287 0.940770626068
      vertex -2.57279038429 -2.13302850723 1.14691233635
      vertex -2.59751319885 -2.06812334061 1.18219411373
    endloop
  endfacet
  facet normal 0.325407028198 -0.199233800173 0.924346327782
    outer loop
      vertex -2.6077003479 -2.07082366943 0.800314068794
      vertex -2.52470493317 -2.07887482643 0.9732234478
      vertex -2.6045935154 -2.0968644619 0.92620497942
    endloop
  endfacet
  facet normal 0.559189140797 -0.269418925047 0.784041464329
    outer loop
      vertex -2.57912611961 -2.01407980919 0.69448941946
      vertex -2.47320270538 -1.99431121349 0.856808543205
      vertex -2.6077003479 -2.07082366943 0.800314068794
    endloop
  endfacet
  facet normal 0.558201313019 -0.268656820059 0.785006225109
    outer loop
      vertex -2.57912611961 -2.01407980919 0.69448941946
      vertex -2.36673736572 -1.84366321564 0.637828469276
      vertex -2.47320270538 -1.99431121349 0.856808543205
    endloop
  endfacet
  facet normal 0.504351913929 -0.404308825731 0.762996435165
    outer loop
      vertex -2.57912611961 -2.01407980919 0.69448941946
      vertex -2.55728673935 -1.94308614731 0.587756335735
      vertex -2.36673736572 -1.84366321564 0.637828469276
    endloop
  endfacet
  facet normal 0.550510525703 0.377216637135 0.744745433331
    outer loop
      vertex -2.48598837852 -1.88038265705 0.469218581915
      vertex -2.60417842865 -1.93877255917 0.52642506361
      vertex -2.59579873085 -1.95665323734 0.478893578053
    endloop
  endfacet
  facet normal 0.480393618345 -0.589897930622 0.649031877518
    outer loop
      vertex -2.3946826458 -2.04985570908 1.11171007156
      vertex -2.43496084213 -2.13811302185 1.1760134697
      vertex -2.52347564697 -2.13378477097 1.09916782379
    endloop
  endfacet
  facet normal 0.157042011619 -0.541233837605 0.826077282429
    outer loop
      vertex -2.41628456116 -2.32039904594 1.23353838921
      vertex -2.46263337135 -2.29683995247 1.18413197994
      vertex -2.39849805832 -2.28309726715 1.18176603317
    endloop
  endfacet
  facet normal 0.584305644035 -0.329117566347 0.741800904274
    outer loop
      vertex -2.42077612877 -2.02057361603 1.02632987499
      vertex -2.52347564697 -2.13378477097 1.09916782379
      vertex -2.52470493317 -2.07887482643 0.9732234478
    endloop
  endfacet
  facet normal -0.138601377606 -0.905762255192 -0.400480180979
    outer loop
      vertex -2.47004461288 -2.23014211655 1.17028522491
      vertex -2.38463020325 -2.1792678833 1.17970871925
      vertex -2.42621850967 -2.25018620491 1.15471637249
    endloop
  endfacet
  facet normal 0.22799949348 -0.952485024929 -0.201961636543
    outer loop
      vertex -2.34720611572 -2.23434376717 1.17698895931
      vertex -2.42621850967 -2.25018620491 1.15471637249
      vertex -2.38463020325 -2.1792678833 1.17970871925
    endloop
  endfacet
  facet normal 0.323427349329 -0.846345305443 0.423195451498
    outer loop
      vertex -2.42621850967 -2.25018620491 1.15471637249
      vertex -2.34720611572 -2.23434376717 1.17698895931
      vertex -2.39849805832 -2.28309726715 1.18176603317
    endloop
  endfacet
  facet normal 0.518320977688 -0.299155682325 0.801154971123
    outer loop
      vertex -2.31036996841 -1.88432121277 0.844375431538
      vertex -2.47320270538 -1.99431121349 0.856808543205
      vertex -2.36673736572 -1.84366321564 0.637828469276
    endloop
  endfacet
  facet normal -0.0135947261006 -0.991109967232 -0.132348671556
    outer loop
      vertex -2.33847737312 -2.18628811836 1.17813825607
      vertex -2.38463020325 -2.1792678833 1.17970871925
      vertex -2.26068353653 -2.03711771965 1.19699072838
    endloop
  endfacet
  facet normal -0.0295482892543 -0.99913495779 -0.0292614903301
    outer loop
      vertex -2.38463020325 -2.1792678833 1.17970871925
      vertex -2.33847737312 -2.18628811836 1.17813825607
      vertex -2.34720611572 -2.23434376717 1.17698895931
    endloop
  endfacet
  facet normal 0.513169586658 -0.414574921131 0.751521527767
    outer loop
      vertex -2.3946826458 -2.04985570908 1.11171007156
      vertex -2.42077612877 -2.02057361603 1.02632987499
      vertex -2.27184224129 -1.92500162125 1.03743517399
    endloop
  endfacet
  facet normal 0.533688783646 -0.275016248226 0.799713909626
    outer loop
      vertex -2.42077612877 -2.02057361603 1.02632987499
      vertex -2.31036996841 -1.88432121277 0.844375431538
      vertex -2.27184224129 -1.92500162125 1.03743517399
    endloop
  endfacet
  facet normal -0.00187370029744 -0.991984367371 -0.126346558332
    outer loop
      vertex -2.33847737312 -2.18628811836 1.17813825607
      vertex -2.26068353653 -2.03711771965 1.19699072838
      vertex -2.26312375069 -2.11097359657 1.1875885725
    endloop
  endfacet
  facet normal -0.340048760176 -0.828870534897 -0.444230169058
    outer loop
      vertex -2.33847737312 -2.18628811836 1.17813825607
      vertex -2.26312375069 -2.11097359657 1.1875885725
      vertex -2.29765295982 -2.17655205727 1.16660785675
    endloop
  endfacet
  facet normal 0.509296894073 -0.496113181114 0.703198671341
    outer loop
      vertex -2.30691099167 -2.02827692032 1.17122817039
      vertex -2.3946826458 -2.04985570908 1.11171007156
      vertex -2.20776343346 -1.94158089161 1.15012609959
    endloop
  endfacet
  facet normal -0.253070890903 -0.959780275822 0.121560432017
    outer loop
      vertex -2.19880366325 -2.10730195045 1.17016386986
      vertex -2.21488547325 -2.15509271622 1.18045711517
      vertex -2.26312375069 -2.11097359657 1.1875885725
    endloop
  endfacet
  facet normal 0.246180608869 -0.89504891634 0.371863663197
    outer loop
      vertex -2.21488547325 -2.15509271622 1.18045711517
      vertex -2.34720611572 -2.23434376717 1.17698895931
      vertex -2.29765295982 -2.17655205727 1.16660785675
    endloop
  endfacet
  facet normal 0.497523754835 -0.27279818058 0.823438704014
    outer loop
      vertex -2.16872429848 -1.83160936832 0.943595707417
      vertex -2.27184224129 -1.92500162125 1.03743517399
      vertex -2.31036996841 -1.88432121277 0.844375431538
    endloop
  endfacet
  facet normal -0.262323051691 -0.889459848404 -0.374229639769
    outer loop
      vertex -2.19512081146 -2.04280662537 1.19621324539
      vertex -2.19880366325 -2.10730195045 1.17016386986
      vertex -2.26312375069 -2.11097359657 1.1875885725
    endloop
  endfacet
  facet normal 0.453009307384 -0.376482456923 0.808111071587
    outer loop
      vertex -2.20776343346 -1.94158089161 1.15012609959
      vertex -2.27184224129 -1.92500162125 1.03743517399
      vertex -2.11539745331 -1.88001000881 1.12910664082
    endloop
  endfacet
  facet normal 0.428991913795 -0.434563487768 0.791909396648
    outer loop
      vertex -2.11856746674 -1.92431485653 1.2067142725
      vertex -2.20776343346 -1.94158089161 1.15012609959
      vertex -2.11539745331 -1.88001000881 1.12910664082
    endloop
  endfacet
  facet normal 0.937414765358 -0.259400695562 -0.232303380966
    outer loop
      vertex -2.0431034565 -1.50779426098 1.28094995022
      vertex -1.97655069828 -1.64026868343 1.40282046795
      vertex -2.00572395325 -1.68947255611 1.25333094597
    endloop
  endfacet
  facet normal 0.926220655441 -0.268014490604 -0.265110492706
    outer loop
      vertex -1.97655069828 -1.64026868343 1.40282046795
      vertex -1.94687068462 -1.77343559265 1.37366628647
      vertex -2.00572395325 -1.68947255611 1.25333094597
    endloop
  endfacet
  facet normal 0.830324530602 -0.451673597097 -0.326423227787
    outer loop
      vertex -2.00572395325 -1.68947255611 1.25333094597
      vertex -1.91847026348 -1.82492864132 1.31583809853
      vertex -1.97174525261 -1.78520464897 1.24660968781
    endloop
  endfacet
  facet normal 0.849926412106 -0.0496757738292 -0.524554491043
    outer loop
      vertex -1.94687068462 -1.77343559265 1.37366628647
      vertex -1.91847026348 -1.82492864132 1.31583809853
      vertex -2.00572395325 -1.68947255611 1.25333094597
    endloop
  endfacet
  facet normal 0.3738052845 -0.745953261852 0.551201760769
    outer loop
      vertex -2.19799375534 -2.21505713463 1.27978372574
      vertex -2.06147432327 -2.13631868362 1.2900134325
      vertex -2.05594325066 -2.16367197037 1.31299710274
    endloop
  endfacet
  facet normal 0.499831229448 -0.217518359423 0.838364183903
    outer loop
      vertex -2.06147432327 -2.13631868362 1.2900134325
      vertex -2.19799375534 -2.21505713463 1.27978372574
      vertex -2.06825780869 -2.1304166317 1.25167787075
    endloop
  endfacet
  facet normal 0.242962181568 -0.766307592392 0.594762146473
    outer loop
      vertex -2.06147432327 -2.13631868362 1.2900134325
      vertex -1.97817420959 -2.09526491165 1.2845607996
      vertex -2.05594325066 -2.16367197037 1.31299710274
    endloop
  endfacet
  facet normal 0.353727310896 -0.811280846596 0.465510934591
    outer loop
      vertex -2.11856746674 -1.92431485653 1.2067142725
      vertex -1.98463881016 -1.84780597687 1.22120809555
      vertex -2.06638288498 -1.92006552219 1.22702908516
    endloop
  endfacet
  facet normal -0.184060931206 -0.701735317707 -0.688250720501
    outer loop
      vertex -2.10464096069 -2.00004315376 1.2058955431
      vertex -1.99678444862 -1.97603237629 1.20115482807
      vertex -2.04089736938 -2.00657391548 1.18277072906
    endloop
  endfacet
  facet normal 0.125964909792 -0.726392745972 0.67563778162
    outer loop
      vertex -2.01827406883 -2.07290029526 1.20684826374
      vertex -2.06825780869 -2.1304166317 1.25167787075
      vertex -2.10472559929 -2.05897641182 1.17890560627
    endloop
  endfacet
  facet normal 0.47806212306 -0.472975879908 0.740101635456
    outer loop
      vertex -1.97817420959 -2.09526491165 1.2845607996
      vertex -1.91193604469 -2.07108879089 1.31368088722
      vertex -2.05594325066 -2.16367197037 1.31299710274
    endloop
  endfacet
  facet normal -0.0500610545278 -0.928813874722 -0.367149353027
    outer loop
      vertex -2.06638288498 -1.92006552219 1.22702908516
      vertex -1.96166300774 -1.87039864063 1.24101769924
      vertex -1.99678444862 -1.97603237629 1.20115482807
    endloop
  endfacet
  facet normal 0.514698684216 -0.583003520966 0.628643095493
    outer loop
      vertex -1.9784361124 -2.03179264069 1.1976929903
      vertex -1.93138182163 -2.05402517319 1.2632073164
      vertex -2.01827406883 -2.07290029526 1.20684826374
    endloop
  endfacet
  facet normal 0.461570888758 -0.456986933947 0.760338902473
    outer loop
      vertex -1.93138182163 -2.05402517319 1.2632073164
      vertex -1.97817420959 -2.09526491165 1.2845607996
      vertex -2.01827406883 -2.07290029526 1.20684826374
    endloop
  endfacet
  facet normal 0.45876455307 -0.210621193051 0.863234519958
    outer loop
      vertex -1.78739619255 -2.09343338013 1.47616016865
      vertex -1.96185493469 -2.17137074471 1.41559076309
      vertex -1.83156406879 -2.10171246529 1.41388833523
    endloop
  endfacet
  facet normal 0.477182984352 -0.712508499622 0.514420092106
    outer loop
      vertex -1.78739619255 -2.09343338013 1.47616016865
      vertex -1.8061132431 -2.13697218895 1.49505925179
      vertex -1.96185493469 -2.17137074471 1.41559076309
    endloop
  endfacet
  facet normal 0.738005280495 -0.150921732187 -0.657701134682
    outer loop
      vertex -1.84382975101 -1.8970246315 1.36664271355
      vertex -1.88894021511 -1.87279689312 1.25163519382
      vertex -1.91847026348 -1.82492864132 1.31583809853
    endloop
  endfacet
  facet normal 0.553204774857 -0.247151494026 0.795537948608
    outer loop
      vertex -1.82414805889 -2.01194548607 1.31980669498
      vertex -1.91193604469 -2.07108879089 1.31368088722
      vertex -1.87007582188 -2.0281264782 1.26908946037
    endloop
  endfacet
  facet normal 0.84400331974 0.103316254914 -0.526292860508
    outer loop
      vertex -1.80698633194 -1.96324598789 1.53552770615
      vertex -1.77958595753 -1.9850256443 1.42263627052
      vertex -1.86897492409 -1.85741865635 1.50283563137
    endloop
  endfacet
  facet normal 0.813243806362 -0.0189892314374 -0.581613183022
    outer loop
      vertex -1.84382975101 -1.8970246315 1.36664271355
      vertex -1.86897492409 -1.85741865635 1.50283563137
      vertex -1.77958595753 -1.9850256443 1.42263627052
    endloop
  endfacet
  facet normal 0.41206791997 -0.737349033356 0.535272240639
    outer loop
      vertex -1.91193604469 -2.07108879089 1.31368088722
      vertex -1.82414805889 -2.01194548607 1.31980669498
      vertex -1.82387173176 -2.05287718773 1.34967517853
    endloop
  endfacet
  facet normal 0.859721422195 -0.0827064886689 -0.504022538662
    outer loop
      vertex -1.84382975101 -1.8970246315 1.36664271355
      vertex -1.81462800503 -1.95735263824 1.30254507065
      vertex -1.83822000027 -1.92768502235 1.23810720444
    endloop
  endfacet
  facet normal 0.941713035107 0.203132018447 -0.268167823553
    outer loop
      vertex -1.80698633194 -1.96324598789 1.53552770615
      vertex -1.77188241482 -2.05771756172 1.4975053072
      vertex -1.76742339134 -2.04318451881 1.45764732361
    endloop
  endfacet
  facet normal 0.983834505081 -0.0638428628445 -0.167313471437
    outer loop
      vertex -1.77716481686 -2.01278162003 1.3872064352
      vertex -1.77958595753 -1.9850256443 1.42263627052
      vertex -1.76742339134 -2.04318451881 1.45764732361
    endloop
  endfacet
  facet normal 0.801910221577 -0.556294500828 -0.217890813947
    outer loop
      vertex -1.81067359447 -1.9689565897 1.35606837273
      vertex -1.77716481686 -2.01278162003 1.3872064352
      vertex -1.82414805889 -2.01194548607 1.31980669498
    endloop
  endfacet
  facet normal 0.748078346252 -0.572565317154 0.335481315851
    outer loop
      vertex -1.82387173176 -2.05287718773 1.34967517853
      vertex -1.77716481686 -2.01278162003 1.3872064352
      vertex -1.78332722187 -2.05056786537 1.40129506588
    endloop
  endfacet
  facet normal 0.936438024044 -0.0780688300729 -0.342036664486
    outer loop
      vertex -2.0431034565 -1.50779426098 1.28094995022
      vertex -2.1188147068 -1.34270298481 1.09609222412
      vertex -2.09336471558 -1.34578967094 1.38784229755
    endloop
  endfacet
  facet normal 0.947141349316 -0.123473927379 -0.296103775501
    outer loop
      vertex -2.0431034565 -1.50779426098 1.28094995022
      vertex -2.06873202324 -1.49549734592 1.11384797096
      vertex -2.1188147068 -1.34270298481 1.09609222412
    endloop
  endfacet
  facet normal 0.917703092098 0.11330037564 -0.380767762661
    outer loop
      vertex -2.06873202324 -1.49549734592 1.11384797096
      vertex -2.06462621689 -1.40516602993 0.777015924454
      vertex -2.12536382675 -1.30148541927 0.920535862446
    endloop
  endfacet
  facet normal 0.932835519314 0.162444353104 -0.321604967117
    outer loop
      vertex -2.10312652588 -1.27224802971 0.734954535961
      vertex -2.12536382675 -1.30148541927 0.920535862446
      vertex -2.06462621689 -1.40516602993 0.777015924454
    endloop
  endfacet
  facet normal 0.351704001427 -0.13731919229 0.925984740257
    outer loop
      vertex -2.17522954941 -1.7670789957 0.699054896832
      vertex -2.04053854942 -1.71272456646 0.677499115467
      vertex -2.01999902725 -1.71626794338 0.75399929285
    endloop
  endfacet
  facet normal 0.950179219246 0.124589376152 -0.285721749067
    outer loop
      vertex -2.12819361687 -1.12282705307 0.583460211754
      vertex -2.10312652588 -1.27224802971 0.734954535961
      vertex -2.08882141113 -1.2228666544 0.512610197067
    endloop
  endfacet
  facet normal 0.940578818321 0.130171105266 -0.313635110855
    outer loop
      vertex -2.10312652588 -1.27224802971 0.734954535961
      vertex -2.06462621689 -1.40516602993 0.777015924454
      vertex -2.08882141113 -1.2228666544 0.512610197067
    endloop
  endfacet
  facet normal 0.0821793973446 0.255581974983 0.96328830719
    outer loop
      vertex -2.0217359066 -1.74461054802 0.586513876915
      vertex -2.22247266769 -1.77327442169 0.54302418232
      vertex -2.2213549614 -1.78267943859 0.507217288017
    endloop
  endfacet
  facet normal 0.944554507732 0.0728073939681 -0.320181041956
    outer loop
      vertex -2.12819361687 -1.12282705307 0.583460211754
      vertex -2.08882141113 -1.2228666544 0.512610197067
      vertex -2.11254501343 -1.13344585896 0.427143156528
    endloop
  endfacet
  facet normal 0.979917764664 -0.0191284306347 -0.198482364416
    outer loop
      vertex -2.04803180695 -1.41306340694 0.628655791283
      vertex -2.02940940857 -1.50810325146 0.596487820148
      vertex -2.08882141113 -1.2228666544 0.512610197067
    endloop
  endfacet
  facet normal 0.252231001854 -0.544624388218 0.799852371216
    outer loop
      vertex -2.09729266167 -1.710247159 0.452645152807
      vertex -2.003282547 -1.70050764084 0.481880277395
      vertex -2.0671620369 -1.74549472332 0.518365204334
    endloop
  endfacet
  facet normal 0.974944651127 -0.0420864187181 -0.218429893255
    outer loop
      vertex -2.08882141113 -1.2228666544 0.512610197067
      vertex -2.07359027863 -1.30513656139 0.438460975885
      vertex -2.11254501343 -1.13344585896 0.427143156528
    endloop
  endfacet
  facet normal 0.979912102222 -0.0189807899296 -0.198524609208
    outer loop
      vertex -2.02940940857 -1.50810325146 0.596487820148
      vertex -2.07359027863 -1.30513656139 0.438460975885
      vertex -2.08882141113 -1.2228666544 0.512610197067
    endloop
  endfacet
  facet normal 0.974957942963 0.0125532718375 -0.222034752369
    outer loop
      vertex -2.07359027863 -1.30513656139 0.438460975885
      vertex -2.08763337135 -1.23994827271 0.376115381718
      vertex -2.11254501343 -1.13344585896 0.427143156528
    endloop
  endfacet
  facet normal 0.924993813038 -0.209739133716 -0.316853225231
    outer loop
      vertex -2.11254501343 -1.13344585896 0.427143156528
      vertex -2.08763337135 -1.23994827271 0.376115381718
      vertex -2.16031622887 -1.05907189846 0.328818798065
    endloop
  endfacet
  facet normal -0.0608418099582 -0.94500118494 0.321358144283
    outer loop
      vertex -2.03232622147 -1.46979224682 0.319692701101
      vertex -2.02634644508 -1.51083397865 0.333264380693
      vertex -2.10541248322 -1.52066612244 0.341698408127
    endloop
  endfacet
  facet normal 0.892110168934 0.110909491777 -0.437993735075
    outer loop
      vertex -2.02320098877 -1.67303967476 1.07863116264
      vertex -1.99539685249 -1.74220025539 1.1281093359
      vertex -2.01517629623 -1.64722776413 0.912149906158
    endloop
  endfacet
  facet normal 0.967715084553 0.0762245208025 -0.240244328976
    outer loop
      vertex -2.06462621689 -1.40516602993 0.777015924454
      vertex -2.06873202324 -1.49549734592 1.11384797096
      vertex -2.01517629623 -1.64722776413 0.912149906158
    endloop
  endfacet
  facet normal 0.969160318375 0.0827067270875 -0.232137531042
    outer loop
      vertex -2.06873202324 -1.49549734592 1.11384797096
      vertex -2.02320098877 -1.67303967476 1.07863116264
      vertex -2.01517629623 -1.64722776413 0.912149906158
    endloop
  endfacet
  facet normal 0.669466972351 -0.177328124642 0.721365869045
    outer loop
      vertex -2.05243444443 -1.81729447842 1.04251897335
      vertex -2.01999902725 -1.71626794338 0.75399929285
      vertex -2.01131248474 -1.74865841866 0.918557167053
    endloop
  endfacet
  facet normal 0.971289396286 0.0579038597643 -0.230746775866
    outer loop
      vertex -2.06462621689 -1.40516602993 0.777015924454
      vertex -2.01517629623 -1.64722776413 0.912149906158
      vertex -2.02940940857 -1.50810325146 0.596487820148
    endloop
  endfacet
  facet normal 0.960280418396 0.0934131219983 -0.262936413288
    outer loop
      vertex -2.06462621689 -1.40516602993 0.777015924454
      vertex -2.04803180695 -1.41306340694 0.628655791283
      vertex -2.08882141113 -1.2228666544 0.512610197067
    endloop
  endfacet
  facet normal 0.852873086929 0.238050237298 -0.464693009853
    outer loop
      vertex -1.98644793034 -1.62299406528 0.666843771935
      vertex -1.9847317934 -1.54534184933 0.509112000465
      vertex -2.02940940857 -1.50810325146 0.596487820148
    endloop
  endfacet
  facet normal 0.300288766623 -0.486144542694 0.820664465427
    outer loop
      vertex -1.96631336212 -1.7294049263 0.553497552872
      vertex -2.0671620369 -1.74549472332 0.518365204334
      vertex -2.003282547 -1.70050764084 0.481880277395
    endloop
  endfacet
  facet normal 0.234384223819 -0.840116143227 0.48915117979
    outer loop
      vertex -2.17944192886 -1.68693816662 0.41615486145
      vertex -2.00689792633 -1.65661537647 0.446637779474
      vertex -2.09729266167 -1.710247159 0.452645152807
    endloop
  endfacet
  facet normal 0.882094323635 -0.470298558474 0.0269973874092
    outer loop
      vertex -2.01327133179 -1.44768452644 0.354163050652
      vertex -2.02634644508 -1.51083397865 0.333264380693
      vertex -2.03232622147 -1.46979224682 0.319692701101
    endloop
  endfacet
  facet normal 0.98111397028 -0.152759864926 -0.118658110499
    outer loop
      vertex -1.97174525261 -1.78520464897 1.24660968781
      vertex -1.99097573757 -1.79112768173 1.11849927902
      vertex -1.99539685249 -1.74220025539 1.1281093359
    endloop
  endfacet
  facet normal 0.977479279041 0.00326823024079 -0.211006224155
    outer loop
      vertex -2.01517629623 -1.64722776413 0.912149906158
      vertex -1.99539685249 -1.74220025539 1.1281093359
      vertex -1.99770450592 -1.72909677029 0.972289681435
    endloop
  endfacet
  facet normal 0.956105113029 -0.150635182858 0.251340597868
    outer loop
      vertex -1.99770450592 -1.72909677029 0.972289681435
      vertex -1.99097573757 -1.79112768173 1.11849927902
      vertex -2.01131248474 -1.74865841866 0.918557167053
    endloop
  endfacet
  facet normal 0.978748559952 0.130268871784 -0.158370688558
    outer loop
      vertex -1.98644793034 -1.62299406528 0.666843771935
      vertex -2.01517629623 -1.64722776413 0.912149906158
      vertex -1.98998343945 -1.66492974758 0.744389295578
    endloop
  endfacet
  facet normal -0.72903072834 0.164967790246 0.664304018021
    outer loop
      vertex -2.01999902725 -1.71626794338 0.75399929285
      vertex -2.04053854942 -1.71272456646 0.677499115467
      vertex -2.05050778389 -1.71592760086 0.620544552803
    endloop
  endfacet
  facet normal 0.40580624342 -0.0950884819031 0.908999145031
    outer loop
      vertex -1.97828483582 -1.68513715267 0.634426355362
      vertex -2.01999902725 -1.71626794338 0.75399929285
      vertex -2.05050778389 -1.71592760086 0.620544552803
    endloop
  endfacet
  facet normal 0.863606095314 0.178521767259 0.471502393484
    outer loop
      vertex -2.01999902725 -1.71626794338 0.75399929285
      vertex -1.97828483582 -1.68513715267 0.634426355362
      vertex -1.98998343945 -1.66492974758 0.744389295578
    endloop
  endfacet
  facet normal 0.156045496464 0.710382938385 0.686298668385
    outer loop
      vertex -1.97828483582 -1.68513715267 0.634426355362
      vertex -2.05050778389 -1.71592760086 0.620544552803
      vertex -2.0217359066 -1.74461054802 0.586513876915
    endloop
  endfacet
  facet normal 0.19652505219 -0.118370808661 0.9733273983
    outer loop
      vertex -2.0671620369 -1.74549472332 0.518365204334
      vertex -1.96631336212 -1.7294049263 0.553497552872
      vertex -2.0217359066 -1.74461054802 0.586513876915
    endloop
  endfacet
  facet normal 0.501685798168 -0.651818811893 0.568721055984
    outer loop
      vertex -1.95256567001 -1.64026844501 0.474192708731
      vertex -1.9458514452 -1.69110369682 0.523714959621
      vertex -2.00689792633 -1.65661537647 0.446637779474
    endloop
  endfacet
  facet normal 0.879153728485 0.225319072604 -0.419904738665
    outer loop
      vertex -1.9847317934 -1.54534184933 0.509112000465
      vertex -1.96393549442 -1.52757382393 0.394856274128
      vertex -2.02560281754 -1.3905903101 0.3801882267
    endloop
  endfacet
  facet normal 0.807845890522 0.585601985455 -0.0667481347919
    outer loop
      vertex -1.9504301548 -1.72229731083 0.600235998631
      vertex -1.93694758415 -1.68221926689 0.577068448067
      vertex -1.97828483582 -1.68513715267 0.634426355362
    endloop
  endfacet
  facet normal 0.884358167648 0.213890910149 -0.41492331028
    outer loop
      vertex -1.9847317934 -1.54534184933 0.509112000465
      vertex -1.98644793034 -1.62299406528 0.666843771935
      vertex -1.93694758415 -1.68221926689 0.577068448067
    endloop
  endfacet
  facet normal 0.799784421921 -0.184945732355 0.571086704731
    outer loop
      vertex -1.9504301548 -1.72229731083 0.600235998631
      vertex -1.96631336212 -1.7294049263 0.553497552872
      vertex -1.9458514452 -1.69110369682 0.523714959621
    endloop
  endfacet
  facet normal 0.97803914547 -0.186457470059 0.093129336834
    outer loop
      vertex -1.95256567001 -1.64026844501 0.474192708731
      vertex -1.94692480564 -1.62113392353 0.494224071503
      vertex -1.93694758415 -1.68221926689 0.577068448067
    endloop
  endfacet
  facet normal 0.175465583801 -0.974210202694 0.141867250204
    outer loop
      vertex -2.04089736938 -2.00657391548 1.18277072906
      vertex -1.9784361124 -2.03179264069 1.1976929903
      vertex -2.10472559929 -2.05897641182 1.17890560627
    endloop
  endfacet
  facet normal -0.437458604574 -0.783591926098 -0.44115036726
    outer loop
      vertex -1.95578896999 -1.95158576965 1.19203126431
      vertex -1.99678444862 -1.97603237629 1.20115482807
      vertex -1.96166300774 -1.87039864063 1.24101769924
    endloop
  endfacet
  facet normal -0.0355806611478 -0.895170867443 -0.444300681353
    outer loop
      vertex -1.8808658123 -1.90187966824 1.21372389793
      vertex -1.88313388824 -1.94450116158 1.19265973568
      vertex -1.95578896999 -1.95158576965 1.19203126431
    endloop
  endfacet
  facet normal 0.426094502211 -0.766968607903 0.479794412851
    outer loop
      vertex -1.88313388824 -1.94450116158 1.19265973568
      vertex -1.85398805141 -1.98138296604 1.23192417622
      vertex -1.9398907423 -1.98786509037 1.18825542927
    endloop
  endfacet
  facet normal -0.713463246822 -0.0152662266046 -0.700526297092
    outer loop
      vertex -2.87270283699 -0.914593040943 0.416637271643
      vertex -2.78351926804 -0.824250757694 0.394231677055
      vertex -2.88132810593 -0.924930989742 0.345354378223
    endloop
  endfacet
  facet normal -0.721913397312 -0.249141663313 -0.645576834679
    outer loop
      vertex -2.88307595253 -0.968623816967 0.231694176793
      vertex -2.8171505928 -0.861009478569 0.319519430399
      vertex -2.79696750641 -0.88022840023 0.211236670613
    endloop
  endfacet
  facet normal -0.656690895557 -0.183855757117 -0.731405556202
    outer loop
      vertex -2.86295151711 -0.957758247852 0.138491481543
      vertex -2.79696750641 -0.88022840023 0.211236670613
      vertex -2.77327036858 -0.877432763577 0.13771738112
    endloop
  endfacet
  facet normal -0.502604782581 -0.503448724747 -0.702799975872
    outer loop
      vertex -2.77327036858 -0.877432763577 0.13771738112
      vertex -2.72151231766 -0.885002791882 0.075478553772
      vertex -2.81309294701 -0.956309556961 0.0673634037375
    endloop
  endfacet
  facet normal -0.337815642357 -0.265189766884 -0.903080821037
    outer loop
      vertex -2.77327036858 -0.877432763577 0.13771738112
      vertex -2.71764683723 -0.840425133705 0.192886933684
      vertex -2.62108397484 -0.827659845352 0.113350078464
    endloop
  endfacet
  facet normal -0.304020226002 -0.0774876624346 -0.94950902462
    outer loop
      vertex -2.65170049667 -0.752835392952 0.417809337378
      vertex -2.58118915558 -0.732046723366 0.395898282528
      vertex -2.68199896812 -0.767708361149 0.354435801506
    endloop
  endfacet
  facet normal -0.208039149642 -0.137051820755 -0.968471229076
    outer loop
      vertex -2.58892583847 -0.807504594326 0.206961423159
      vertex -2.55487537384 -0.807903170586 0.152457743883
      vertex -2.62108397484 -0.827659845352 0.113350078464
    endloop
  endfacet
  facet normal -0.235068619251 -0.56939303875 -0.787739992142
    outer loop
      vertex -2.62108397484 -0.827659845352 0.113350078464
      vertex -2.57861328125 -0.854093074799 0.059246789664
      vertex -2.72151231766 -0.885002791882 0.075478553772
    endloop
  endfacet
  facet normal 0.006218329072 -0.45927169919 -0.888274073601
    outer loop
      vertex -2.55487537384 -0.807903170586 0.152457743883
      vertex -2.45596647263 -0.837096273899 0.0973347723484
      vertex -2.62108397484 -0.827659845352 0.113350078464
    endloop
  endfacet
  facet normal -0.00391695415601 -0.156242311001 -0.987711012363
    outer loop
      vertex -2.51188349724 -0.72673869133 0.427716314793
      vertex -2.49201202393 -0.738356411457 0.353774785995
      vertex -2.58118915558 -0.732046723366 0.395898282528
    endloop
  endfacet
  facet normal 0.0220096167177 -0.370611459017 -0.92852717638
    outer loop
      vertex -2.44714045525 -0.774217486382 0.29877898097
      vertex -2.46187567711 -0.815871357918 0.19354455173
      vertex -2.58892583847 -0.807504594326 0.206961423159
    endloop
  endfacet
  facet normal 0.0694649219513 0.0361068882048 -0.996930778027
    outer loop
      vertex -2.58892583847 -0.807504594326 0.206961423159
      vertex -2.46187567711 -0.815871357918 0.19354455173
      vertex -2.55487537384 -0.807903170586 0.152457743883
    endloop
  endfacet
  facet normal 0.171913698316 -0.202142626047 -0.964149415493
    outer loop
      vertex -2.46187567711 -0.815871357918 0.19354455173
      vertex -2.45596647263 -0.837096273899 0.0973347723484
      vertex -2.55487537384 -0.807903170586 0.152457743883
    endloop
  endfacet
  facet normal 0.0602024905384 -0.561991691589 -0.824949085712
    outer loop
      vertex -2.45596647263 -0.837096273899 0.0973347723484
      vertex -2.48435878754 -0.860628962517 0.0597495883703
      vertex -2.57861328125 -0.854093074799 0.059246789664
    endloop
  endfacet
  facet normal 0.0208755545318 -0.973873853683 -0.22612825036
    outer loop
      vertex -2.57861328125 -0.854093074799 0.059246789664
      vertex -2.48435878754 -0.860628962517 0.0597495883703
      vertex -2.52282047272 -0.893365800381 0.0513238273561
    endloop
  endfacet
  facet normal 0.200930118561 -0.624393224716 -0.754824578762
    outer loop
      vertex -2.45596647263 -0.837096273899 0.0973347723484
      vertex -2.39888238907 -0.86628395319 0.0804196670651
      vertex -2.48435878754 -0.860628962517 0.0597495883703
    endloop
  endfacet
  facet normal 0.166609227657 -0.938806355 0.301469653845
    outer loop
      vertex -2.39006090164 -0.910950243473 0.0805312916636
      vertex -2.6473300457 -1.01547181606 0.0684379115701
      vertex -2.52282047272 -0.893365800381 0.0513238273561
    endloop
  endfacet
  facet normal 0.423876464367 -0.384032785892 -0.820272862911
    outer loop
      vertex -2.37261557579 -0.805192530155 0.314874857664
      vertex -2.46187567711 -0.815871357918 0.19354455173
      vertex -2.44714045525 -0.774217486382 0.29877898097
    endloop
  endfacet
  facet normal 0.39154329896 -0.0266883838922 -0.919772565365
    outer loop
      vertex -2.46187567711 -0.815871357918 0.19354455173
      vertex -2.35328984261 -0.86104375124 0.229804798961
      vertex -2.37230682373 -0.855795741081 0.131672635674
    endloop
  endfacet
  facet normal 0.340222001076 -0.354630976915 -0.870910942554
    outer loop
      vertex -2.45596647263 -0.837096273899 0.0973347723484
      vertex -2.37230682373 -0.855795741081 0.131672635674
      vertex -2.39888238907 -0.86628395319 0.0804196670651
    endloop
  endfacet
  facet normal 0.237594634295 -0.970344603062 -0.0444994010031
    outer loop
      vertex -2.39888238907 -0.86628395319 0.0804196670651
      vertex -2.39006090164 -0.910950243473 0.0805312916636
      vertex -2.48435878754 -0.860628962517 0.0597495883703
    endloop
  endfacet
  facet normal 0.588202178478 -0.310174077749 -0.746866941452
    outer loop
      vertex -2.33886241913 -0.787766098976 0.420844078064
      vertex -2.30955147743 -0.847540140152 0.332498550415
      vertex -2.37261557579 -0.805192530155 0.314874857664
    endloop
  endfacet
  facet normal 0.423816561699 -0.380784392357 -0.82181674242
    outer loop
      vertex -2.41341638565 -0.75237685442 0.383451104164
      vertex -2.37261557579 -0.805192530155 0.314874857664
      vertex -2.44714045525 -0.774217486382 0.29877898097
    endloop
  endfacet
  facet normal 0.66203558445 -0.088494874537 -0.744229495525
    outer loop
      vertex -2.35328984261 -0.86104375124 0.229804798961
      vertex -2.33492326736 -0.886907458305 0.149696230888
      vertex -2.37230682373 -0.855795741081 0.131672635674
    endloop
  endfacet
  facet normal 0.949254453182 -0.307511717081 0.065973713994
    outer loop
      vertex -2.35241866112 -0.924398601055 0.103733323514
      vertex -2.33492326736 -0.886907458305 0.149696230888
      vertex -2.34248828888 -0.947858631611 0.139420390129
    endloop
  endfacet
  facet normal -0.889943301678 -0.00511104660109 -0.456042528152
    outer loop
      vertex -1.4432952404 1.02780771255 0.0755401924253
      vertex -1.44087195396 1.03299808502 0.116724558175
      vertex -1.41217660904 1.08854699135 0.0766972079873
    endloop
  endfacet
  facet normal -0.734098374844 -0.65459394455 -0.180572405457
    outer loop
      vertex -1.47017002106 0.954675912857 0.0855054110289
      vertex -1.4432952404 1.02780771255 0.0755401924253
      vertex -1.45437955856 0.925260126591 0.0596826151013
    endloop
  endfacet
  facet normal -0.57040065527 -0.800171017647 -0.185389891267
    outer loop
      vertex -1.4432952404 1.02780771255 0.0755401924253
      vertex -1.41212081909 1.021240592 0.0517960488796
      vertex -1.45437955856 0.925260126591 0.0596826151013
    endloop
  endfacet
  facet normal -0.96809887886 -0.0619118250906 -0.242799386382
    outer loop
      vertex -1.40829479694 1.05150818825 0.405384480953
      vertex -1.38706541061 1.11165428162 0.309300392866
      vertex -1.39184880257 1.07303202152 0.232633277774
    endloop
  endfacet
  facet normal -0.918593227863 0.243269279599 -0.311458796263
    outer loop
      vertex -1.39184880257 1.07303202152 0.232633277774
      vertex -1.36045026779 1.2404717207 0.136821463704
      vertex -1.40574240685 1.09335422516 0.154152005911
    endloop
  endfacet
  facet normal -0.902083158493 0.250663846731 -0.35130277276
    outer loop
      vertex -1.40574240685 1.09335422516 0.154152005911
      vertex -1.44728207588 0.986636519432 0.154223844409
      vertex -1.39184880257 1.07303202152 0.232633277774
    endloop
  endfacet
  facet normal -0.897941470146 -0.0229154713452 -0.439517915249
    outer loop
      vertex -1.40666365623 1.14409732819 0.0992348268628
      vertex -1.36045026779 1.2404717207 0.136821463704
      vertex -1.37559700012 1.20641314983 0.0771019756794
    endloop
  endfacet
  facet normal -0.8997874856 0.30415853858 -0.312841981649
    outer loop
      vertex -1.36045026779 1.2404717207 0.136821463704
      vertex -1.40666365623 1.14409732819 0.0992348268628
      vertex -1.40574240685 1.09335422516 0.154152005911
    endloop
  endfacet
  facet normal -0.874765098095 0.0427106432617 -0.482661128044
    outer loop
      vertex -1.40574240685 1.09335422516 0.154152005911
      vertex -1.41217660904 1.08854699135 0.0766972079873
      vertex -1.44087195396 1.03299808502 0.116724558175
    endloop
  endfacet
  facet normal -0.539931833744 -0.789560496807 -0.291663885117
    outer loop
      vertex -1.41212081909 1.021240592 0.0517960488796
      vertex -1.4432952404 1.02780771255 0.0755401924253
      vertex -1.41217660904 1.08854699135 0.0766972079873
    endloop
  endfacet
  facet normal -0.495856791735 -0.868152797222 -0.020898014307
    outer loop
      vertex -1.41217660904 1.08854699135 0.0766972079873
      vertex -1.3679523468 1.16231584549 0.0532136894763
      vertex -1.37338089943 1.06494176388 0.0539703145623
    endloop
  endfacet
  facet normal -0.42808932066 -0.363342165947 -0.827479302883
    outer loop
      vertex -1.34980559349 1.21996486187 0.0775775909424
      vertex -1.37559700012 1.20641314983 0.0771019756794
      vertex -1.36045026779 1.2404717207 0.136821463704
    endloop
  endfacet
  facet normal -0.944390058517 -0.228893265128 -0.236083254218
    outer loop
      vertex -1.33647561073 1.27390921116 0.072392359376
      vertex -1.36045026779 1.2404717207 0.136821463704
      vertex -1.33196878433 1.32420957088 0.105678029358
    endloop
  endfacet
  facet normal -0.946876108646 -0.243034243584 -0.21061822772
    outer loop
      vertex -1.34980559349 1.21996486187 0.0775775909424
      vertex -1.36045026779 1.2404717207 0.136821463704
      vertex -1.33647561073 1.27390921116 0.072392359376
    endloop
  endfacet
  facet normal -0.346772104502 -0.915343642235 0.204683080316
    outer loop
      vertex -1.28456616402 1.26819419861 0.0540047734976
      vertex -1.27900671959 1.18654716015 0.0701559707522
      vertex -1.33647561073 1.27390921116 0.072392359376
    endloop
  endfacet
  facet normal 0.0292979441583 -0.999526500702 0.00939995981753
    outer loop
      vertex -1.3679523468 1.16231584549 0.0532136894763
      vertex -1.30938959122 1.15323102474 0.0550157092512
      vertex -1.37338089943 1.06494176388 0.0539703145623
    endloop
  endfacet
  facet normal 0.088300421834 -0.994724094868 0.0522213503718
    outer loop
      vertex -1.30938959122 1.15323102474 0.0550157092512
      vertex -1.24052667618 1.03640091419 0.0672619640827
      vertex -1.37338089943 1.06494176388 0.0539703145623
    endloop
  endfacet
  facet normal 0.0824259966612 -0.99346280098 0.078978702426
    outer loop
      vertex -1.24052667618 1.03640091419 0.0672619640827
      vertex -1.25363540649 0.987244665623 0.0700822025537
      vertex -1.37338089943 1.06494176388 0.0539703145623
    endloop
  endfacet
  facet normal -0.868845939636 0.246305927634 -0.429464906454
    outer loop
      vertex -1.30205607414 1.32365620136 0.212160244584
      vertex -1.27312207222 1.41529262066 0.154445633292
      vertex -1.33196878433 1.32420957088 0.105678029358
    endloop
  endfacet
  facet normal -0.792973339558 0.0299117546529 -0.608521640301
    outer loop
      vertex -1.27312207222 1.41529262066 0.154445633292
      vertex -1.2421245575 1.45792555809 0.108884103596
      vertex -1.28354358673 1.40466725826 0.0943276882172
    endloop
  endfacet
  facet normal -0.122998297215 -0.928820610046 -0.349519193172
    outer loop
      vertex -1.2421245575 1.45792555809 0.108884103596
      vertex -1.23256897926 1.41166365147 0.0902101695538
      vertex -1.28354358673 1.40466725826 0.0943276882172
    endloop
  endfacet
  facet normal -0.262809693813 -0.792364239693 -0.550536096096
    outer loop
      vertex -1.28354358673 1.40466725826 0.0943276882172
      vertex -1.25341367722 1.37012112141 0.0603314973414
      vertex -1.29443144798 1.35635268688 0.0643699020147
    endloop
  endfacet
  facet normal -0.131091073155 -0.986183345318 -0.101279698312
    outer loop
      vertex -1.29443144798 1.35635268688 0.0643699020147
      vertex -1.25341367722 1.37012112141 0.0603314973414
      vertex -1.28456616402 1.26819419861 0.0540047734976
    endloop
  endfacet
  facet normal -0.325685322285 -0.942548453808 -0.0743736252189
    outer loop
      vertex -1.33647561073 1.27390921116 0.072392359376
      vertex -1.29443144798 1.35635268688 0.0643699020147
      vertex -1.28456616402 1.26819419861 0.0540047734976
    endloop
  endfacet
  facet normal -0.90954887867 0.0987453684211 -0.403695732355
    outer loop
      vertex -1.89827883244 0.00562819000334 0.0883149728179
      vertex -1.8727684021 0.0334845967591 0.209408923984
      vertex -1.86057448387 0.0783198997378 0.13842985034
    endloop
  endfacet
  facet normal -0.785811245441 -0.237245872617 -0.57115238905
    outer loop
      vertex -1.86057448387 0.0783198997378 0.13842985034
      vertex -1.83683466911 0.088054895401 0.0832345634699
      vertex -1.89827883244 0.00562819000334 0.0883149728179
    endloop
  endfacet
  facet normal -0.703764677048 0.289036005735 -0.648978769779
    outer loop
      vertex -1.8727684021 0.0334845967591 0.209408923984
      vertex -1.82311916351 0.117250747979 0.14221636951
      vertex -1.86057448387 0.0783198997378 0.13842985034
    endloop
  endfacet
  facet normal -0.714145600796 0.174601390958 -0.677872002125
    outer loop
      vertex -1.8136575222 0.156922474504 0.118391171098
      vertex -1.74595165253 0.230450734496 0.109852328897
      vertex -1.77002549171 0.210093200207 0.0904227495193
    endloop
  endfacet
  facet normal -0.713603317738 0.177449703217 -0.677703380585
    outer loop
      vertex -1.74957799911 0.209440812469 0.175508826971
      vertex -1.74595165253 0.230450734496 0.109852328897
      vertex -1.8136575222 0.156922474504 0.118391171098
    endloop
  endfacet
  facet normal -0.290018320084 -0.913337290287 -0.285839796066
    outer loop
      vertex -1.80439281464 0.144151881337 0.0752106532454
      vertex -1.73932409286 0.192271456122 0.0696085244417
      vertex -1.75429654121 0.134460747242 0.0562702789903
    endloop
  endfacet
  facet normal 0.150081664324 -0.313244283199 -0.937738537788
    outer loop
      vertex -1.66031575203 0.207662075758 0.212951332331
      vertex -1.74957799911 0.209440812469 0.175508826971
      vertex -1.68883180618 0.220078572631 0.236459121108
    endloop
  endfacet
  facet normal -0.520466864109 0.385770767927 -0.761771082878
    outer loop
      vertex -1.7755188942 0.145004957914 0.2677500844
      vertex -1.68883180618 0.220078572631 0.236459121108
      vertex -1.74957799911 0.209440812469 0.175508826971
    endloop
  endfacet
  facet normal 0.225891143084 0.0320699997246 -0.973624527454
    outer loop
      vertex -1.70116043091 0.218362748623 0.16134019196
      vertex -1.67656326294 0.214437544346 0.107251949608
      vertex -1.74595165253 0.230450734496 0.109852328897
    endloop
  endfacet
  facet normal 0.176796391606 -0.84526860714 -0.504245996475
    outer loop
      vertex -1.73932409286 0.192271456122 0.0696085244417
      vertex -1.62672019005 0.172697663307 0.081483989954
      vertex -1.62641191483 0.133010953665 0.0578733161092
    endloop
  endfacet
  facet normal 0.0130278393626 -0.998916864395 -0.044669341296
    outer loop
      vertex -1.73424196243 0.0819759890437 0.0541848316789
      vertex -1.75429654121 0.134460747242 0.0562702789903
      vertex -1.62641191483 0.133010953665 0.0578733161092
    endloop
  endfacet
  facet normal -0.868681669235 -0.112204372883 -0.482495963573
    outer loop
      vertex -1.60517406464 0.369496822357 0.233901441097
      vertex -1.68006181717 0.244624584913 0.276709705591
      vertex -1.61869812012 0.359657853842 0.296295076609
    endloop
  endfacet
  facet normal 0.607930243015 -0.0999766141176 -0.787670910358
    outer loop
      vertex -1.61173343658 0.167793855071 0.133979395032
      vertex -1.62672019005 0.172697663307 0.081483989954
      vertex -1.67656326294 0.214437544346 0.107251949608
    endloop
  endfacet
  facet normal 0.0731291398406 -0.993889391422 0.0826800093055
    outer loop
      vertex -1.73424196243 0.0819759890437 0.0541848316789
      vertex -1.62641191483 0.133010953665 0.0578733161092
      vertex -1.69100260735 0.0479012988508 0.0602009445429
    endloop
  endfacet
  facet normal -0.216714411974 -0.966426789761 -0.138036653399
    outer loop
      vertex -1.69100260735 0.0479012988508 0.0602009445429
      vertex -1.62641191483 0.133010953665 0.0578733161092
      vertex -1.61588597298 0.068761870265 0.0463361218572
    endloop
  endfacet
  facet normal -0.237659797072 -0.944146096706 -0.228267431259
    outer loop
      vertex -1.69100260735 0.0479012988508 0.0602009445429
      vertex -1.61588597298 0.068761870265 0.0463361218572
      vertex -1.67353248596 0.0155223403126 0.0479750707746
    endloop
  endfacet
  facet normal -0.500821888447 -0.791973948479 -0.349220216274
    outer loop
      vertex -1.68883180618 0.220078572631 0.236459121108
      vertex -1.59588432312 0.30905637145 0.216916456819
      vertex -1.66031575203 0.207662075758 0.212951332331
    endloop
  endfacet
  facet normal 0.0817180424929 -0.978550493717 -0.189106017351
    outer loop
      vertex -1.62641191483 0.133010953665 0.0578733161092
      vertex -1.50902104378 0.0679681748152 0.0551069527864
      vertex -1.61588597298 0.068761870265 0.0463361218572
    endloop
  endfacet
  facet normal 0.0268521886319 -0.997849583626 0.0597931668162
    outer loop
      vertex -1.61588597298 0.068761870265 0.0463361218572
      vertex -1.57104825974 -0.0231237690896 0.0530486777425
      vertex -1.67353248596 0.0155223403126 0.0479750707746
    endloop
  endfacet
  facet normal -0.916568875313 0.191485896707 -0.351047992706
    outer loop
      vertex -1.53147578239 0.588994801044 0.293354988098
      vertex -1.5161511898 0.660476982594 0.235660746694
      vertex -1.61869812012 0.359657853842 0.296295076609
    endloop
  endfacet
  facet normal -0.0653072223067 -0.9973102808 0.0332738272846
    outer loop
      vertex -1.51116871834 0.348356097937 0.210057809949
      vertex -1.48658847809 0.1533947438 0.214952811599
      vertex -1.59588432312 0.30905637145 0.216916456819
    endloop
  endfacet
  facet normal 0.437838017941 0.306689709425 -0.84512680769
    outer loop
      vertex -1.58082270622 0.163388669491 0.101989544928
      vertex -1.61173343658 0.167793855071 0.133979395032
      vertex -1.52732825279 0.137143269181 0.097942404449
    endloop
  endfacet
  facet normal 0.0816223174334 -0.996433496475 0.0214018914849
    outer loop
      vertex -1.61588597298 0.068761870265 0.0463361218572
      vertex -1.50902104378 0.0679681748152 0.0551069527864
      vertex -1.54536724091 0.0231019966304 0.053093329072
    endloop
  endfacet
  facet normal -0.894202470779 0.321169734001 -0.311852425337
    outer loop
      vertex -1.45963096619 0.823090314865 0.235128834844
      vertex -1.46553778648 0.893885314465 0.149941802025
      vertex -1.5161511898 0.660476982594 0.235660746694
    endloop
  endfacet
  facet normal 0.395443528891 -0.918099045753 -0.0268052797765
    outer loop
      vertex -1.51116871834 0.348356097937 0.210057809949
      vertex -1.47412109375 0.217016756535 0.222180306911
      vertex -1.48658847809 0.1533947438 0.214952811599
    endloop
  endfacet
  facet normal -0.92042940855 0.349166125059 -0.1757632792
    outer loop
      vertex -1.48707079887 0.789081215858 0.145935431123
      vertex -1.46553778648 0.893885314465 0.149941802025
      vertex -1.50257849693 0.826330721378 0.0863052308559
    endloop
  endfacet
  facet normal -0.675333201885 0.210396319628 0.706865251064
    outer loop
      vertex -1.44773745537 0.743342339993 0.11851978302
      vertex -1.48707079887 0.789081215858 0.145935431123
      vertex -1.50347518921 0.783821880817 0.075610563159
    endloop
  endfacet
  facet normal -0.729059159756 -0.642718195915 -0.23534232378
    outer loop
      vertex -1.48580551147 0.887165129185 0.0813811048865
      vertex -1.45437955856 0.925260126591 0.0596826151013
      vertex -1.47587823868 0.832480251789 0.0500964336097
    endloop
  endfacet
  facet normal -0.878221035004 0.453484535217 -0.151919588447
    outer loop
      vertex -1.39184880257 1.07303202152 0.232633277774
      vertex -1.44728207588 0.986636519432 0.154223844409
      vertex -1.46553778648 0.893885314465 0.149941802025
    endloop
  endfacet
  facet normal -0.565279781818 -0.777380764484 0.275931030512
    outer loop
      vertex -1.48859739304 0.704085290432 0.162165731192
      vertex -1.44773745537 0.743342339993 0.11851978302
      vertex -1.45539665222 0.655304729939 0.155338153243
    endloop
  endfacet
  facet normal -0.720476508141 0.146546557546 -0.677818357944
    outer loop
      vertex -1.46553778648 0.893885314465 0.149941802025
      vertex -1.45437955856 0.925260126591 0.0596826151013
      vertex -1.48580551147 0.887165129185 0.0813811048865
    endloop
  endfacet
  facet normal -0.18029256165 -0.973260045052 -0.14233584702
    outer loop
      vertex -1.45437955856 0.925260126591 0.0596826151013
      vertex -1.43423771858 0.896411895752 0.0517324730754
      vertex -1.47587823868 0.832480251789 0.0500964336097
    endloop
  endfacet
  facet normal -0.19446310401 -0.792558014393 0.577958405018
    outer loop
      vertex -1.40187358856 0.747346758842 0.0648266002536
      vertex -1.48516654968 0.759001851082 0.0767641887069
      vertex -1.43904471397 0.785390675068 0.0462041124701
    endloop
  endfacet
  facet normal 0.19452047348 -0.917509734631 -0.346897184849
    outer loop
      vertex -1.50902104378 0.0679681748152 0.0551069527864
      vertex -1.49556136131 0.102511420846 0.0710208266973
      vertex -1.36499094963 -0.00141117570456 0.0594113171101
    endloop
  endfacet
  facet normal -0.0296325255185 -0.982448458672 0.184165462852
    outer loop
      vertex -1.37808609009 0.355071514845 0.215723514557
      vertex -1.51650261879 0.488709837198 0.194847166538
      vertex -1.37564373016 0.531164526939 0.182640224695
    endloop
  endfacet
  facet normal 0.0128241851926 -0.996076762676 -0.0875590741634
    outer loop
      vertex -1.47412109375 0.217016756535 0.222180306911
      vertex -1.33917188644 0.243998885155 0.226289570332
      vertex -1.31978821754 0.105257831514 0.214343249798
    endloop
  endfacet
  facet normal -0.0289501864463 -0.923077344894 0.383523225784
    outer loop
      vertex -1.33587312698 0.699754714966 0.133121341467
      vertex -1.45539665222 0.655304729939 0.155338153243
      vertex -1.44773745537 0.743342339993 0.11851978302
    endloop
  endfacet
  facet normal 0.529392421246 -0.130400031805 -0.838295578957
    outer loop
      vertex -1.35783624649 0.0424141027033 0.144047498703
      vertex -1.37138748169 0.0423705428839 0.0887527391315
      vertex -1.45910000801 0.101785980165 0.114622123539
    endloop
  endfacet
  facet normal -0.105552904308 -0.829321920872 0.548711001873
    outer loop
      vertex -1.44773745537 0.743342339993 0.11851978302
      vertex -1.22957086563 0.696416795254 0.121800109744
      vertex -1.33587312698 0.699754714966 0.133121341467
    endloop
  endfacet
  facet normal -0.0631242096424 -0.995781183243 -0.0665970593691
    outer loop
      vertex -1.43423771858 0.896411895752 0.0517324730754
      vertex -1.35019636154 0.836871385574 0.042422927916
      vertex -1.47587823868 0.832480251789 0.0500964336097
    endloop
  endfacet
  facet normal 0.027903502807 -0.992255687714 0.121037200093
    outer loop
      vertex -1.35019636154 0.836871385574 0.042422927916
      vertex -1.2866089344 0.742116868496 0.0557694211602
      vertex -1.43904471397 0.785390675068 0.0462041124701
    endloop
  endfacet
  facet normal -0.125957995653 -0.99115562439 0.041774135083
    outer loop
      vertex -1.33917188644 0.243998885155 0.226289570332
      vertex -1.17979741096 0.285730808973 0.204277083278
      vertex -1.20113706589 0.145888134837 0.212882891297
    endloop
  endfacet
  facet normal -0.0397250801325 -0.995986104012 -0.08020953089
    outer loop
      vertex -1.31978821754 0.105257831514 0.214343249798
      vertex -1.33917188644 0.243998885155 0.226289570332
      vertex -1.20113706589 0.145888134837 0.212882891297
    endloop
  endfacet
  facet normal -0.0980582982302 -0.96086114645 0.259095400572
    outer loop
      vertex -1.37564373016 0.531164526939 0.182640224695
      vertex -1.33587312698 0.699754714966 0.133121341467
      vertex -1.20262885094 0.560844302177 0.156980499625
    endloop
  endfacet
  facet normal 0.172508746386 -0.983053922653 -0.0620138570666
    outer loop
      vertex -1.25363540649 0.987244665623 0.0700822025537
      vertex -1.3410923481 0.903565049171 0.0494562871754
      vertex -1.37338089943 1.06494176388 0.0539703145623
    endloop
  endfacet
  facet normal -0.792386054993 0.559660494328 0.242702513933
    outer loop
      vertex -1.94089663029 -0.5152374506 0.23532782495
      vertex -1.99127602577 -0.374317824841 0.22511023283
      vertex -1.98621892929 -0.429211646318 0.208464965224
    endloop
  endfacet
  facet normal -0.983918488026 -0.0197343770415 -0.177524492145
    outer loop
      vertex -1.96442532539 -0.20315566659 0.13367703557
      vertex -1.94609868526 -0.100798517466 0.140719622374
      vertex -1.94596672058 -0.104162044823 0.103882804513
    endloop
  endfacet
  facet normal -0.914841353893 0.00793160963804 -0.403735518456
    outer loop
      vertex -1.96442532539 -0.20315566659 0.13367703557
      vertex -1.98556995392 -0.250543683767 0.106979191303
      vertex -1.97434592247 -0.226745739579 0.190207928419
    endloop
  endfacet
  facet normal -0.979610741138 0.079330585897 -0.184579029679
    outer loop
      vertex -2.00222492218 -0.34304279089 0.11653431505
      vertex -1.97434592247 -0.226745739579 0.190207928419
      vertex -1.98556995392 -0.250543683767 0.106979191303
    endloop
  endfacet
  facet normal -0.763629734516 -0.577265441418 0.289195746183
    outer loop
      vertex -1.99137187004 -0.41448122263 0.137966349721
      vertex -2.00222492218 -0.34304279089 0.11653431505
      vertex -1.97723078728 -0.369976073503 0.0969639867544
    endloop
  endfacet
  facet normal -0.978773653507 0.0291544683278 0.202859982848
    outer loop
      vertex -1.97421562672 -0.497731238604 0.134672924876
      vertex -1.98621892929 -0.429211646318 0.208464965224
      vertex -1.99137187004 -0.41448122263 0.137966349721
    endloop
  endfacet
  facet normal -0.889247894287 0.225103840232 0.398204088211
    outer loop
      vertex -1.94089663029 -0.5152374506 0.23532782495
      vertex -1.98621892929 -0.429211646318 0.208464965224
      vertex -1.97421562672 -0.497731238604 0.134672924876
    endloop
  endfacet
  facet normal -0.66432005167 -0.743553161621 0.0762077793479
    outer loop
      vertex -2.00222492218 -0.34304279089 0.11653431505
      vertex -1.97360777855 -0.266782611609 0.0831506028771
      vertex -1.97723078728 -0.369976073503 0.0969639867544
    endloop
  endfacet
  facet normal -0.376009613276 -0.920068442822 0.109958216548
    outer loop
      vertex -1.97360777855 -0.266782611609 0.0831506028771
      vertex -1.90616738796 -0.299367696047 0.0594836324453
      vertex -1.97723078728 -0.369976073503 0.0969639867544
    endloop
  endfacet
  facet normal -0.531113564968 -0.811864078045 0.242477029562
    outer loop
      vertex -1.97221851349 -0.443511426449 0.0915763676167
      vertex -1.91254377365 -0.528165876865 0.0778212323785
      vertex -1.95269596577 -0.521437466145 0.102078847587
    endloop
  endfacet
  facet normal -0.841209948063 -0.338589906693 -0.421571731567
    outer loop
      vertex -1.94609868526 -0.100798517466 0.140719622374
      vertex -1.91378462315 -0.03089537099 0.147471964359
      vertex -1.90853893757 -0.0534328371286 0.106378361583
    endloop
  endfacet
  facet normal -0.802028179169 -0.0571604333818 -0.594544768333
    outer loop
      vertex -1.94609868526 -0.100798517466 0.140719622374
      vertex -1.90853893757 -0.0534328371286 0.106378361583
      vertex -1.94596672058 -0.104162044823 0.103882804513
    endloop
  endfacet
  facet normal -0.762129068375 0.14243838191 0.631561994553
    outer loop
      vertex -1.94089663029 -0.5152374506 0.23532782495
      vertex -1.97421562672 -0.497731238604 0.134672924876
      vertex -1.88085997105 -0.613711833954 0.119930632412
    endloop
  endfacet
  facet normal -0.747181594372 0.161438927054 0.644714772701
    outer loop
      vertex -1.86649107933 -0.607037305832 0.213088676333
      vertex -1.94089663029 -0.5152374506 0.23532782495
      vertex -1.88085997105 -0.613711833954 0.119930632412
    endloop
  endfacet
  facet normal -0.216475918889 -0.789665043354 -0.57407951355
    outer loop
      vertex -1.92856895924 -0.1011903584 0.0771500244737
      vertex -1.90853893757 -0.0534328371286 0.106378361583
      vertex -1.82206320763 -0.0878749862313 0.0576330795884
    endloop
  endfacet
  facet normal -0.596404969692 -0.584457397461 -0.55019146204
    outer loop
      vertex -1.97360777855 -0.266782611609 0.0831506028771
      vertex -1.96442532539 -0.20315566659 0.13367703557
      vertex -1.92161154747 -0.219730347395 0.0743851140141
    endloop
  endfacet
  facet normal -0.248456805944 -0.917396008968 -0.310891866684
    outer loop
      vertex -1.97723078728 -0.369976073503 0.0969639867544
      vertex -1.79652667046 -0.355655103922 0.0528773590922
      vertex -1.910582304 -0.39800709486 0.0694143921137
    endloop
  endfacet
  facet normal -0.300292462111 -0.95214420557 0.0569727569818
    outer loop
      vertex -1.97221851349 -0.443511426449 0.0915763676167
      vertex -1.910582304 -0.39800709486 0.0694143921137
      vertex -1.91254377365 -0.528165876865 0.0778212323785
    endloop
  endfacet
  facet normal -0.781359314919 -0.0643965527415 0.620750069618
    outer loop
      vertex -1.88085997105 -0.613711833954 0.119930632412
      vertex -1.97421562672 -0.497731238604 0.134672924876
      vertex -1.95269596577 -0.521437466145 0.102078847587
    endloop
  endfacet
  facet normal -0.743443191051 -0.238348707557 0.624885678291
    outer loop
      vertex -1.88085997105 -0.613711833954 0.119930632412
      vertex -1.95269596577 -0.521437466145 0.102078847587
      vertex -1.86998939514 -0.614284753799 0.0875258296728
    endloop
  endfacet
  facet normal -0.234677836299 -0.970272958279 0.0591324791312
    outer loop
      vertex -1.91254377365 -0.528165876865 0.0778212323785
      vertex -1.910582304 -0.39800709486 0.0694143921137
      vertex -1.80480504036 -0.555207669735 0.0534107349813
    endloop
  endfacet
  facet normal -0.555592894554 -0.777548491955 0.294507861137
    outer loop
      vertex -1.82206320763 -0.0878749862313 0.0576330795884
      vertex -1.90853893757 -0.0534328371286 0.106378361583
      vertex -1.85354542732 -0.0293944068253 0.0579781457782
    endloop
  endfacet
  facet normal -0.112523533404 -0.966710209846 0.229803949594
    outer loop
      vertex -1.90060603619 -0.155164062977 0.0565915666521
      vertex -1.69640612602 -0.22367708385 0.0491097643971
      vertex -1.92161154747 -0.219730347395 0.0743851140141
    endloop
  endfacet
  facet normal -0.215648293495 -0.966522634029 -0.139031678438
    outer loop
      vertex -1.90616738796 -0.299367696047 0.0594836324453
      vertex -1.92161154747 -0.219730347395 0.0743851140141
      vertex -1.81625175476 -0.253686398268 0.0459929928184
    endloop
  endfacet
  facet normal -0.0913200005889 -0.884967923164 -0.456609666348
    outer loop
      vertex -1.92161154747 -0.219730347395 0.0743851140141
      vertex -1.69640612602 -0.22367708385 0.0491097643971
      vertex -1.81625175476 -0.253686398268 0.0459929928184
    endloop
  endfacet
  facet normal -0.195861011744 -0.980109035969 0.0320120304823
    outer loop
      vertex -1.910582304 -0.39800709486 0.0694143921137
      vertex -1.79933381081 -0.414800137281 0.047731436789
      vertex -1.80480504036 -0.555207669735 0.0534107349813
    endloop
  endfacet
  facet normal -0.553993821144 0.150997281075 0.818712830544
    outer loop
      vertex -1.8284034729 -0.614462852478 0.312566637993
      vertex -1.86649107933 -0.607037305832 0.213088676333
      vertex -1.7833878994 -0.664063513279 0.208787709475
    endloop
  endfacet
  facet normal -0.554798603058 0.144279584289 0.819378972054
    outer loop
      vertex -1.7833878994 -0.664063513279 0.208787709475
      vertex -1.86649107933 -0.607037305832 0.213088676333
      vertex -1.88085997105 -0.613711833954 0.119930632412
    endloop
  endfacet
  facet normal -0.547547698021 0.132445633411 0.826226174831
    outer loop
      vertex -1.7833878994 -0.664063513279 0.208787709475
      vertex -1.88085997105 -0.613711833954 0.119930632412
      vertex -1.75168204308 -0.700216174126 0.114335298538
    endloop
  endfacet
  facet normal -0.555351614952 0.0282042678446 0.831137239933
    outer loop
      vertex -1.75168204308 -0.700216174126 0.114335298538
      vertex -1.88085997105 -0.613711833954 0.119930632412
      vertex -1.78849554062 -0.676944077015 0.0752587020397
    endloop
  endfacet
  facet normal -0.616165816784 -0.193200320005 0.763553082943
    outer loop
      vertex -1.88085997105 -0.613711833954 0.119930632412
      vertex -1.86998939514 -0.614284753799 0.0875258296728
      vertex -1.78849554062 -0.676944077015 0.0752587020397
    endloop
  endfacet
  facet normal -0.104401238263 -0.990715324879 0.0870832726359
    outer loop
      vertex -1.90616738796 -0.299367696047 0.0594836324453
      vertex -1.81625175476 -0.253686398268 0.0459929928184
      vertex -1.79652667046 -0.355655103922 0.0528773590922
    endloop
  endfacet
  facet normal -0.363128006458 -0.888800561428 0.279591917992
    outer loop
      vertex -1.86998939514 -0.614284753799 0.0875258296728
      vertex -1.91254377365 -0.528165876865 0.0778212323785
      vertex -1.76311850548 -0.650759100914 0.0553365126252
    endloop
  endfacet
  facet normal -0.369389981031 -0.8764539361 0.308835834265
    outer loop
      vertex -1.86998939514 -0.614284753799 0.0875258296728
      vertex -1.76311850548 -0.650759100914 0.0553365126252
      vertex -1.78849554062 -0.676944077015 0.0752587020397
    endloop
  endfacet
  facet normal -0.039650067687 -0.997214436531 0.0631765723228
    outer loop
      vertex -1.85354542732 -0.0293944068253 0.0579781457782
      vertex -1.67353248596 0.0155223403126 0.0479750707746
      vertex -1.55686950684 -0.162731692195 0.0546293891966
    endloop
  endfacet
  facet normal -0.0113911824301 -0.999935090542 0.000232120903092
    outer loop
      vertex -1.85354542732 -0.0293944068253 0.0579781457782
      vertex -1.55686950684 -0.162731692195 0.0546293891966
      vertex -1.82206320763 -0.0878749862313 0.0576330795884
    endloop
  endfacet
  facet normal -0.400417178869 -0.160101413727 0.902238130569
    outer loop
      vertex -1.75168204308 -0.700216174126 0.114335298538
      vertex -1.78849554062 -0.676944077015 0.0752587020397
      vertex -1.70498538017 -0.714577913284 0.0784803032875
    endloop
  endfacet
  facet normal 0.0408230535686 -0.997396707535 0.0594418048859
    outer loop
      vertex -1.81625175476 -0.253686398268 0.0459929928184
      vertex -1.69640612602 -0.22367708385 0.0491097643971
      vertex -1.79652667046 -0.355655103922 0.0528773590922
    endloop
  endfacet
  facet normal -0.182043239474 -0.85954529047 0.477537542582
    outer loop
      vertex -1.78849554062 -0.676944077015 0.0752587020397
      vertex -1.76311850548 -0.650759100914 0.0553365126252
      vertex -1.70498538017 -0.714577913284 0.0784803032875
    endloop
  endfacet
  facet normal -0.0189152769744 -0.999793171883 -0.0074698580429
    outer loop
      vertex -1.79933381081 -0.414800137281 0.047731436789
      vertex -1.6614716053 -0.365289658308 0.0454931072891
      vertex -1.65921592712 -0.620773732662 0.0435416065156
    endloop
  endfacet
  facet normal 0.0469851270318 -0.998874187469 0.00653787655756
    outer loop
      vertex -1.67353248596 0.0155223403126 0.0479750707746
      vertex -1.57104825974 -0.0231237690896 0.0530486777425
      vertex -1.55686950684 -0.162731692195 0.0546293891966
    endloop
  endfacet
  facet normal 0.0595614388585 -0.966467022896 -0.249787703156
    outer loop
      vertex -1.55686950684 -0.162731692195 0.0546293891966
      vertex -1.7615237236 -0.153458163142 0.044413741678
      vertex -1.82206320763 -0.0878749862313 0.0576330795884
    endloop
  endfacet
  facet normal -0.0873644948006 0.270271420479 0.958812177181
    outer loop
      vertex -1.75168204308 -0.700216174126 0.114335298538
      vertex -1.70498538017 -0.714577913284 0.0784803032875
      vertex -1.59946703911 -0.721517384052 0.0879703909159
    endloop
  endfacet
  facet normal 0.0128938583657 0.292029201984 0.956322491169
    outer loop
      vertex -1.57041215897 -0.673130869865 0.298981368542
      vertex -1.65659117699 -0.692259252071 0.240145653486
      vertex -1.56782078743 -0.699082553387 0.213881701231
    endloop
  endfacet
  facet normal -0.022100167349 0.180755183101 0.983279764652
    outer loop
      vertex -1.56782078743 -0.699082553387 0.213881701231
      vertex -1.65659117699 -0.692259252071 0.240145653486
      vertex -1.59946703911 -0.721517384052 0.0879703909159
    endloop
  endfacet
  facet normal 0.0707019865513 -0.996761322021 0.0383161567152
    outer loop
      vertex -1.61588597298 0.068761870265 0.0463361218572
      vertex -1.54536724091 0.0231019966304 0.053093329072
      vertex -1.57104825974 -0.0231237690896 0.0530486777425
    endloop
  endfacet
  facet normal 0.020016843453 -0.986873447895 0.160250350833
    outer loop
      vertex -1.65921592712 -0.620773732662 0.0435416065156
      vertex -1.50161838531 -0.634553849697 0.0489758141339
      vertex -1.62828707695 -0.702360212803 0.0574171096087
    endloop
  endfacet
  facet normal 0.0342326648533 -0.999410450459 0.00261384691112
    outer loop
      vertex -1.65921592712 -0.620773732662 0.0435416065156
      vertex -1.57059502602 -0.514150381088 0.0462982654572
      vertex -1.50161838531 -0.634553849697 0.0489758141339
    endloop
  endfacet
  facet normal 0.20946829021 0.291053384542 0.933493971825
    outer loop
      vertex -1.57041215897 -0.673130869865 0.298981368542
      vertex -1.56782078743 -0.699082553387 0.213881701231
      vertex -1.48537015915 -0.666435182095 0.259252488613
    endloop
  endfacet
  facet normal 0.378070920706 -0.0251116584986 0.925436019897
    outer loop
      vertex -1.59946703911 -0.721517384052 0.0879703909159
      vertex -1.53590655327 -0.695090591908 0.0710091814399
      vertex -1.49594759941 -0.680218279362 0.124527163804
    endloop
  endfacet
  facet normal -0.0327346771955 -0.999356865883 0.0146397929639
    outer loop
      vertex -1.57104825974 -0.0231237690896 0.0530486777425
      vertex -1.43885231018 -0.129841268063 0.050281830132
      vertex -1.55686950684 -0.162731692195 0.0546293891966
    endloop
  endfacet
  facet normal 0.0373503305018 -0.999289810658 -0.00498750247061
    outer loop
      vertex -1.69640612602 -0.22367708385 0.0491097643971
      vertex -1.55686950684 -0.162731692195 0.0546293891966
      vertex -1.4890563488 -0.372336089611 0.05611788854
    endloop
  endfacet
  facet normal 0.0665420517325 -0.988166511059 -0.13819950819
    outer loop
      vertex -1.6614716053 -0.365289658308 0.0454931072891
      vertex -1.4890563488 -0.372336089611 0.05611788854
      vertex -1.47081792355 -0.482871830463 0.041887126863
    endloop
  endfacet
  facet normal 0.333727777004 0.0699725374579 0.94006896019
    outer loop
      vertex -1.49594759941 -0.680218279362 0.124527163804
      vertex -1.48537015915 -0.666435182095 0.259252488613
      vertex -1.56782078743 -0.699082553387 0.213881701231
    endloop
  endfacet
  facet normal 0.73181116581 -0.391356110573 0.557936251163
    outer loop
      vertex -1.50628018379 -0.667223155499 0.0866794213653
      vertex -1.49594759941 -0.680218279362 0.124527163804
      vertex -1.53590655327 -0.695090591908 0.0710091814399
    endloop
  endfacet
  facet normal -0.000477965426398 -0.991248190403 0.132010623813
    outer loop
      vertex -1.44518256187 -0.0179746299982 0.0523022450507
      vertex -1.42635846138 -0.0931544005871 0.0623053237796
      vertex -1.57104825974 -0.0231237690896 0.0530486777425
    endloop
  endfacet
  facet normal -0.0226855855435 -0.998462378979 0.0505796410143
    outer loop
      vertex -1.55686950684 -0.162731692195 0.0546293891966
      vertex -1.43885231018 -0.129841268063 0.050281830132
      vertex -1.40073657036 -0.277078837156 0.0568745136261
    endloop
  endfacet
  facet normal 0.733360886574 -0.391133099794 0.556054532528
    outer loop
      vertex -1.50161838531 -0.634553849697 0.0489758141339
      vertex -1.49594759941 -0.680218279362 0.124527163804
      vertex -1.50628018379 -0.667223155499 0.0866794213653
    endloop
  endfacet
  facet normal 0.569229960442 0.0853591486812 0.817735314369
    outer loop
      vertex -1.4255053997 -0.622298955917 0.282857835293
      vertex -1.48537015915 -0.666435182095 0.259252488613
      vertex -1.40345001221 -0.620036125183 0.157456114888
    endloop
  endfacet
  facet normal -0.103043921292 -0.982288002968 0.156499743462
    outer loop
      vertex -1.44518256187 -0.0179746299982 0.0523022450507
      vertex -1.38708400726 -0.0735400021076 0.0550603605807
      vertex -1.42635846138 -0.0931544005871 0.0623053237796
    endloop
  endfacet
  facet normal -0.159492522478 -0.985325574875 0.0607918649912
    outer loop
      vertex -1.44920086861 -0.354603379965 0.0485725067556
      vertex -1.36842441559 -0.451380729675 0.0414682887495
      vertex -1.4890563488 -0.372336089611 0.05611788854
    endloop
  endfacet
  facet normal -0.030079530552 -0.998723983765 0.0405662991107
    outer loop
      vertex -1.47081792355 -0.482871830463 0.041887126863
      vertex -1.43246793747 -0.613910019398 0.0460546314716
      vertex -1.50161838531 -0.634553849697 0.0489758141339
    endloop
  endfacet
  facet normal 0.626770198345 0.0182200428098 0.778991103172
    outer loop
      vertex -1.40345001221 -0.620036125183 0.157456114888
      vertex -1.45325732231 -0.66212105751 0.0715032443404
      vertex -1.3921391964 -0.612938165665 0.0718327760696
    endloop
  endfacet
  facet normal 0.0810193344951 -0.996088325977 -0.0352698490024
    outer loop
      vertex -1.44518256187 -0.0179746299982 0.0523022450507
      vertex -1.36499094963 -0.00141117570456 0.0594113171101
      vertex -1.38708400726 -0.0735400021076 0.0550603605807
    endloop
  endfacet
  facet normal -0.0689357444644 -0.972770810127 0.221280053258
    outer loop
      vertex -1.38708400726 -0.0735400021076 0.0550603605807
      vertex -1.28836131096 -0.0858464390039 0.0508637353778
      vertex -1.42635846138 -0.0931544005871 0.0623053237796
    endloop
  endfacet
  facet normal -0.0771071985364 -0.992246985435 0.0974700674415
    outer loop
      vertex -1.28836131096 -0.0858464390039 0.0508637353778
      vertex -1.33074307442 -0.14997549355 0.0604567117989
      vertex -1.42635846138 -0.0931544005871 0.0623053237796
    endloop
  endfacet
  facet normal 0.503181576729 -0.772609651089 0.387146800756
    outer loop
      vertex -1.43246793747 -0.613910019398 0.0460546314716
      vertex -1.3891658783 -0.565904796124 0.050201267004
      vertex -1.3921391964 -0.612938165665 0.0718327760696
    endloop
  endfacet
  facet normal 0.557149648666 -0.259026348591 0.788980126381
    outer loop
      vertex -1.2951529026 -0.501596331596 0.0853457376361
      vertex -1.36066794395 -0.550929546356 0.0946931391954
      vertex -1.32897543907 -0.517548263073 0.0611842162907
    endloop
  endfacet
  facet normal 0.896997988224 -0.254475802183 0.361436992884
    outer loop
      vertex -1.36066794395 -0.550929546356 0.0946931391954
      vertex -1.35900878906 -0.573558390141 0.132681623101
      vertex -1.3921391964 -0.612938165665 0.0718327760696
    endloop
  endfacet
  facet normal -0.0336000435054 -0.996950685978 -0.0704297870398
    outer loop
      vertex -1.38708400726 -0.0735400021076 0.0550603605807
      vertex -1.36499094963 -0.00141117570456 0.0594113171101
      vertex -1.28836131096 -0.0858464390039 0.0508637353778
    endloop
  endfacet
  facet normal 0.855877757072 0.0523695759475 0.514519870281
    outer loop
      vertex -1.25068163872 -0.42073187232 0.150775596499
      vertex -1.24456548691 -0.396374493837 0.290125131607
      vertex -1.30975341797 -0.512486696243 0.214715972543
    endloop
  endfacet
  facet normal 0.453672200441 -0.0665560364723 -0.888679802418
    outer loop
      vertex -1.37138748169 0.0423705428839 0.0887527391315
      vertex -1.25680780411 -0.0125621110201 0.136292949319
      vertex -1.28713822365 -0.000943441700656 0.0846852064133
    endloop
  endfacet
  facet normal 0.6619810462 -0.228331625462 -0.713894784451
    outer loop
      vertex -1.28713822365 -0.000943441700656 0.0846852064133
      vertex -1.25680780411 -0.0125621110201 0.136292949319
      vertex -1.25261592865 -0.0385790094733 0.0671022981405
    endloop
  endfacet
  facet normal 0.25193426013 -0.786484122276 -0.563889920712
    outer loop
      vertex -1.37138748169 0.0423705428839 0.0887527391315
      vertex -1.28713822365 -0.000943441700656 0.0846852064133
      vertex -1.36499094963 -0.00141117570456 0.0594113171101
    endloop
  endfacet
  facet normal 0.140422314405 -0.964176058769 -0.225046768785
    outer loop
      vertex -1.36499094963 -0.00141117570456 0.0594113171101
      vertex -1.25261592865 -0.0385790094733 0.0671022981405
      vertex -1.28836131096 -0.0858464390039 0.0508637353778
    endloop
  endfacet
  facet normal -0.343738228083 -0.917876720428 0.19835908711
    outer loop
      vertex -1.30316901207 -0.154564872384 0.0712596103549
      vertex -1.28836131096 -0.0858464390039 0.0508637353778
      vertex -1.2403011322 -0.140451774001 0.0446661114693
    endloop
  endfacet
  facet normal 0.0565522201359 -0.929348468781 -0.364846974611
    outer loop
      vertex -1.29417300224 -0.210058316588 0.0500212088227
      vertex -1.30316901207 -0.154564872384 0.0712596103549
      vertex -1.2290790081 -0.210128337145 0.0539547838271
    endloop
  endfacet
  facet normal -0.128872275352 -0.991478145123 0.0190518982708
    outer loop
      vertex -1.3453412056 -0.356939613819 0.0512088052928
      vertex -1.40073657036 -0.277078837156 0.0568745136261
      vertex -1.2926633358 -0.330423772335 0.0438522174954
    endloop
  endfacet
  facet normal 0.324705868959 -0.907328426838 -0.267060309649
    outer loop
      vertex -1.3453412056 -0.356939613819 0.0512088052928
      vertex -1.24803853035 -0.393985062838 0.0751266926527
      vertex -1.30359983444 -0.430735766888 0.0444258749485
    endloop
  endfacet
  facet normal -0.756875574589 0.0906958729029 -0.647235393524
    outer loop
      vertex -1.2421245575 1.45792555809 0.108884103596
      vertex -1.27312207222 1.41529262066 0.154445633292
      vertex -1.19149684906 1.50788891315 0.174827426672
    endloop
  endfacet
  facet normal -0.811422586441 0.209590286016 -0.545587062836
    outer loop
      vertex -1.2421245575 1.45792555809 0.108884103596
      vertex -1.19149684906 1.50788891315 0.174827426672
      vertex -1.20847463608 1.51035761833 0.10267239809
    endloop
  endfacet
  facet normal -0.755904614925 -0.646250903606 -0.104728147388
    outer loop
      vertex -1.2421245575 1.45792555809 0.108884103596
      vertex -1.20539116859 1.44479465485 0.0637899413705
      vertex -1.23256897926 1.41166365147 0.0902101695538
    endloop
  endfacet
  facet normal -0.147717759013 -0.766302287579 -0.625268101692
    outer loop
      vertex -1.23256897926 1.41166365147 0.0902101695538
      vertex -1.25341367722 1.37012112141 0.0603314973414
      vertex -1.28354358673 1.40466725826 0.0943276882172
    endloop
  endfacet
  facet normal 0.0538048259914 -0.997515559196 -0.0454722642899
    outer loop
      vertex -1.25341367722 1.37012112141 0.0603314973414
      vertex -1.21102666855 1.27022635937 0.0580640509725
      vertex -1.28456616402 1.26819419861 0.0540047734976
    endloop
  endfacet
  facet normal 0.172151461244 -0.98506885767 0.0017851786688
    outer loop
      vertex -1.30938959122 1.15323102474 0.0550157092512
      vertex -1.16435837746 1.06702697277 0.0805177092552
      vertex -1.24052667618 1.03640091419 0.0672619640827
    endloop
  endfacet
  facet normal -0.499340206385 -0.794157266617 -0.346372067928
    outer loop
      vertex -1.20847463608 1.51035761833 0.10267239809
      vertex -1.1532933712 1.53909695148 0.0805109143257
      vertex -1.15557956696 1.4679287672 0.0509083867073
    endloop
  endfacet
  facet normal -0.413649708033 -0.791484594345 -0.449940025806
    outer loop
      vertex -1.20847463608 1.51035761833 0.10267239809
      vertex -1.15557956696 1.4679287672 0.0509083867073
      vertex -1.20539116859 1.44479465485 0.0637899413705
    endloop
  endfacet
  facet normal 0.352856189013 -0.916187644005 -0.189980909228
    outer loop
      vertex -1.21102666855 1.27022635937 0.0580640509725
      vertex -1.17159986496 1.29836046696 0.0790825933218
      vertex -1.1366751194 1.20365488529 0.0728951618075
    endloop
  endfacet
  facet normal 0.0399199202657 -0.983830392361 0.17459718883
    outer loop
      vertex -1.21102666855 1.27022635937 0.0580640509725
      vertex -1.1366751194 1.20365488529 0.0728951618075
      vertex -1.27900671959 1.18654716015 0.0701559707522
    endloop
  endfacet
  facet normal 5.49079741177e-05 -0.998357415199 0.0572933033109
    outer loop
      vertex -1.25363540649 0.987244665623 0.0700822025537
      vertex -1.24052667618 1.03640091419 0.0672619640827
      vertex -1.14277172089 0.929657161236 0.0733931064606
    endloop
  endfacet
  facet normal -0.0577234216034 -0.998331964016 -0.00112246477511
    outer loop
      vertex -1.10746479034 1.32729399204 0.0479682758451
      vertex -1.15557956696 1.4679287672 0.0509083867073
      vertex -1.08451890945 1.41909515858 0.0467447675765
    endloop
  endfacet
  facet normal 0.0582238323987 -0.99644857645 -0.0608296729624
    outer loop
      vertex -1.16435837746 1.06702697277 0.0805177092552
      vertex -1.0226650238 0.946612119675 0.081446133554
      vertex -1.14277172089 0.929657161236 0.0733931064606
    endloop
  endfacet
  facet normal -0.496193289757 0.374031722546 -0.783512890339
    outer loop
      vertex -1.03100419044 1.57949411869 0.237741351128
      vertex -1.08550715446 1.57976543903 0.164869010448
      vertex -1.19149684906 1.50788891315 0.174827426672
    endloop
  endfacet
  facet normal -0.224276214838 -0.680149376392 -0.697923362255
    outer loop
      vertex -1.09344315529 1.51525712013 0.0647955387831
      vertex -1.07382822037 1.57158982754 0.116132460535
      vertex -1.05913543701 1.53965973854 0.0785230100155
    endloop
  endfacet
  facet normal 0.188894912601 -0.945237517357 -0.266166716814
    outer loop
      vertex -1.05913543701 1.53965973854 0.0785230100155
      vertex -1.03557062149 1.43757081032 0.0544852465391
      vertex -1.09344315529 1.51525712013 0.0647955387831
    endloop
  endfacet
  facet normal 0.0824803411961 -0.978069663048 -0.191250324249
    outer loop
      vertex -1.09344315529 1.51525712013 0.0647955387831
      vertex -1.03557062149 1.43757081032 0.0544852465391
      vertex -1.08451890945 1.41909515858 0.0467447675765
    endloop
  endfacet
  facet normal 0.131718114018 -0.990213751793 0.0461205206811
    outer loop
      vertex -1.10746479034 1.32729399204 0.0479682758451
      vertex -1.08451890945 1.41909515858 0.0467447675765
      vertex -1.02644133568 1.23142075539 0.0632114261389
    endloop
  endfacet
  facet normal 0.141937568784 -0.989131987095 -0.0383615605533
    outer loop
      vertex -1.03557062149 1.43757081032 0.0544852465391
      vertex -1.01622867584 1.3216189146 0.0527637936175
      vertex -1.08451890945 1.41909515858 0.0467447675765
    endloop
  endfacet
  facet normal -0.876861870289 -0.276140153408 -0.393522381783
    outer loop
      vertex -1.05031490326 1.60381543636 0.0873918756843
      vertex -1.07382822037 1.57158982754 0.116132460535
      vertex -1.08550715446 1.57976543903 0.164869010448
    endloop
  endfacet
  facet normal -0.375125557184 -0.435776889324 -0.818156063557
    outer loop
      vertex -1.05031490326 1.60381543636 0.0873918756843
      vertex -1.01086091995 1.63524508476 0.112437181175
      vertex -1.02910518646 1.60132825375 0.0644645392895
    endloop
  endfacet
  facet normal -0.0962104573846 -0.974020898342 -0.20500446856
    outer loop
      vertex -1.02910518646 1.60132825375 0.0644645392895
      vertex -0.942916154861 1.62772548199 0.061506960541
      vertex -0.969238042831 1.53945076466 0.0455275662243
    endloop
  endfacet
  facet normal 0.194791093469 -0.980840921402 0.00274472869933
    outer loop
      vertex -1.02644133568 1.23142075539 0.0632114261389
      vertex -0.958406627178 1.11865997314 0.0770383998752
      vertex -1.02886772156 1.17767691612 0.0628799498081
    endloop
  endfacet
  facet normal -0.00142494076863 -0.999886333942 0.0150091098621
    outer loop
      vertex -1.06327700615 1.08276963234 0.0777265876532
      vertex -0.958406627178 1.11865997314 0.0770383998752
      vertex -0.910346210003 0.995730340481 0.078815177083
    endloop
  endfacet
  facet normal -0.169372722507 0.131430596113 -0.976749122143
    outer loop
      vertex -1.01086091995 1.63524508476 0.112437181175
      vertex -0.883662462234 1.64862215519 0.176942005754
      vertex -0.94729757309 1.64955878258 0.0879752412438
    endloop
  endfacet
  facet normal 0.685073375702 -0.719522476196 -0.113850191236
    outer loop
      vertex -1.00486183167 1.25591540337 0.0876335725188
      vertex -0.974693477154 1.21500861645 0.10988484323
      vertex -1.02644133568 1.23142075539 0.0632114261389
    endloop
  endfacet
  facet normal -0.00749011430889 -0.637051939964 -0.770784497261
    outer loop
      vertex -0.942916154861 1.62772548199 0.061506960541
      vertex -0.94729757309 1.64955878258 0.0879752412438
      vertex -0.863496243954 1.6533125639 0.0915317162871
    endloop
  endfacet
  facet normal -0.00824327021837 -0.983540892601 -0.180497571826
    outer loop
      vertex -0.969238042831 1.53945076466 0.0455275662243
      vertex -0.942916154861 1.62772548199 0.061506960541
      vertex -0.778401792049 1.57641017437 0.0507108606398
    endloop
  endfacet
  facet normal 0.0179209355265 -0.998709082603 -0.0475287511945
    outer loop
      vertex -0.969238042831 1.53945076466 0.0455275662243
      vertex -0.778401792049 1.57641017437 0.0507108606398
      vertex -0.901200711727 1.4035050869 0.0402787551284
    endloop
  endfacet
  facet normal 0.063909560442 0.359593153 -0.930917978287
    outer loop
      vertex -0.876525580883 1.621509552 0.245862811804
      vertex -0.78553622961 1.63582646847 0.192627772689
      vertex -0.883662462234 1.64862215519 0.176942005754
    endloop
  endfacet
  facet normal -0.0812047123909 -0.863176643848 -0.498329132795
    outer loop
      vertex -0.958406627178 1.11865997314 0.0770383998752
      vertex -0.858464002609 1.14070534706 0.0803633704782
      vertex -0.755213201046 1.13142132759 0.0652900859714
    endloop
  endfacet
  facet normal -0.0554251037538 -0.99781036377 0.0360909514129
    outer loop
      vertex -0.910346210003 0.995730340481 0.078815177083
      vertex -0.958406627178 1.11865997314 0.0770383998752
      vertex -0.755213201046 1.13142132759 0.0652900859714
    endloop
  endfacet
  facet normal -0.536870539188 -0.444858789444 0.716847717762
    outer loop
      vertex -0.941435277462 1.28629624844 0.0579694099724
      vertex -0.806885302067 1.17702615261 0.0716682523489
      vertex -0.849388182163 1.20850563049 0.0722360834479
    endloop
  endfacet
  facet normal -0.00418936647475 -0.990992665291 -0.13385078311
    outer loop
      vertex -0.755213201046 1.13142132759 0.0652900859714
      vertex -0.806885302067 1.17702615261 0.0716682523489
      vertex -0.67285746336 1.20448720455 0.0748107433319
    endloop
  endfacet
  facet normal 0.34312582016 0.282092481852 -0.895928859711
    outer loop
      vertex -0.722091734409 1.59673702717 0.239605009556
      vertex -0.672199726105 1.59914171696 0.171281144023
      vertex -0.78553622961 1.63582646847 0.192627772689
    endloop
  endfacet
  facet normal 0.3261282444 0.120127171278 -0.937661886215
    outer loop
      vertex -0.78553622961 1.63582646847 0.192627772689
      vertex -0.672199726105 1.59914171696 0.171281144023
      vertex -0.745283305645 1.63092052937 0.121640436351
    endloop
  endfacet
  facet normal 0.334905534983 -0.583010673523 -0.74022758007
    outer loop
      vertex -0.779955089092 1.6215108633 0.0680739209056
      vertex -0.648003876209 1.57533109188 0.0852394551039
      vertex -0.692603588104 1.57388007641 0.0577772222459
    endloop
  endfacet
  facet normal 0.349270612001 -0.37677949667 -0.85793197155
    outer loop
      vertex -0.648003876209 1.57533109188 0.0852394551039
      vertex -0.779955089092 1.6215108633 0.0680739209056
      vertex -0.745283305645 1.63092052937 0.121640436351
    endloop
  endfacet
  facet normal 0.0273622944951 -0.99937826395 0.0222354326397
    outer loop
      vertex -0.691291749477 1.49038338661 0.0440929383039
      vertex -0.608785688877 1.27832686901 0.0510700009763
      vertex -0.901200711727 1.4035050869 0.0402787551284
    endloop
  endfacet
  facet normal -0.188506036997 -0.923940598965 -0.332865178585
    outer loop
      vertex -0.755213201046 1.13142132759 0.0652900859714
      vertex -0.67285746336 1.20448720455 0.0748107433319
      vertex -0.568456470966 1.21210467815 0.056254748255
    endloop
  endfacet
  facet normal 0.574120521545 0.269231826067 -0.773239850998
    outer loop
      vertex -0.672199726105 1.59914171696 0.171281144023
      vertex -0.6303820014 1.54063439369 0.250141948462
      vertex -0.59427523613 1.54281127453 0.16689427197
    endloop
  endfacet
  facet normal 0.460354685783 -0.114169307053 -0.880362927914
    outer loop
      vertex -0.745283305645 1.63092052937 0.121640436351
      vertex -0.672199726105 1.59914171696 0.171281144023
      vertex -0.648003876209 1.57533109188 0.0852394551039
    endloop
  endfacet
  facet normal 0.624808013439 -0.102880425751 -0.773970603943
    outer loop
      vertex -0.59427523613 1.54281127453 0.16689427197
      vertex -0.565420866013 1.5142198801 0.127038240433
      vertex -0.648003876209 1.57533109188 0.0852394551039
    endloop
  endfacet
  facet normal -0.0661451146007 -0.996948182583 -0.0414619557559
    outer loop
      vertex -0.568456470966 1.21210467815 0.056254748255
      vertex -0.489457607269 1.12782299519 0.0475081838667
      vertex -0.755213201046 1.13142132759 0.0652900859714
    endloop
  endfacet
  facet normal -0.067999124527 -0.987520039082 0.142057538033
    outer loop
      vertex -0.755213201046 1.13142132759 0.0652900859714
      vertex -0.489457607269 1.12782299519 0.0475081838667
      vertex -0.703021287918 1.07232618332 0.070197224617
    endloop
  endfacet
  facet normal -0.0388000681996 -0.891596913338 0.451164543629
    outer loop
      vertex -0.703021287918 1.07232618332 0.070197224617
      vertex -0.507809877396 1.06232571602 0.0667625665665
      vertex -0.591317892075 1.03995728493 0.0817154943943
    endloop
  endfacet
  facet normal 0.856479883194 -0.116136386991 -0.502945899963
    outer loop
      vertex -0.565420866013 1.5142198801 0.127038240433
      vertex -0.498451054096 1.41041696072 0.171391323209
      vertex -0.557004213333 1.48920381069 0.0807734727859
    endloop
  endfacet
  facet normal 0.836106181145 -0.0668625086546 -0.544477581978
    outer loop
      vertex -0.498451054096 1.41041696072 0.171391323209
      vertex -0.49046754837 1.39043426514 0.108499720693
      vertex -0.557004213333 1.48920381069 0.0807734727859
    endloop
  endfacet
  facet normal 0.212523445487 -0.861383080482 0.461359918118
    outer loop
      vertex -0.67285746336 1.20448720455 0.0748107433319
      vertex -0.608785688877 1.27832686901 0.0510700009763
      vertex -0.523549377918 1.26569640636 0.0788646787405
    endloop
  endfacet
  facet normal 0.113592676818 -0.993451833725 -0.0122522385791
    outer loop
      vertex -0.597089529037 1.49322760105 0.0548992305994
      vertex -0.497657567263 1.3239814043 0.064181111753
      vertex -0.691291749477 1.49038338661 0.0440929383039
    endloop
  endfacet
  facet normal -0.0309451855719 -0.961256802082 0.273911833763
    outer loop
      vertex -0.489457607269 1.12782299519 0.0475081838667
      vertex -0.507809877396 1.06232571602 0.0667625665665
      vertex -0.703021287918 1.07232618332 0.070197224617
    endloop
  endfacet
  facet normal -0.180103674531 -0.888221502304 -0.422640800476
    outer loop
      vertex -0.591317892075 1.03995728493 0.0817154943943
      vertex -0.503648340702 1.01012659073 0.0497445724905
      vertex -0.621920585632 0.992760777473 0.0654633492231
    endloop
  endfacet
  facet normal -0.24203927815 -0.928000986576 -0.283251076937
    outer loop
      vertex -0.507809877396 1.06232571602 0.0667625665665
      vertex -0.503648340702 1.01012659073 0.0497445724905
      vertex -0.591317892075 1.03995728493 0.0817154943943
    endloop
  endfacet
  facet normal 0.930608570576 0.203421995044 -0.304281502962
    outer loop
      vertex -0.516657650471 1.39905107021 0.244115635753
      vertex -0.510587155819 1.31236326694 0.346013456583
      vertex -0.473055124283 1.27510011196 0.230051830411
    endloop
  endfacet
  facet normal 0.97194647789 0.196319177747 -0.129533171654
    outer loop
      vertex -0.473055124283 1.27510011196 0.230051830411
      vertex -0.457862913609 1.16823887825 0.225345611572
      vertex -0.457754194736 1.26780307293 0.159114003181
    endloop
  endfacet
  facet normal 0.950098514557 0.178623765707 -0.255746603012
    outer loop
      vertex -0.473055124283 1.27510011196 0.230051830411
      vertex -0.457754194736 1.26780307293 0.159114003181
      vertex -0.498451054096 1.41041696072 0.171391323209
    endloop
  endfacet
  facet normal 0.961804687977 0.0358669050038 -0.271376729012
    outer loop
      vertex -0.498451054096 1.41041696072 0.171391323209
      vertex -0.457754194736 1.26780307293 0.159114003181
      vertex -0.49046754837 1.39043426514 0.108499720693
    endloop
  endfacet
  facet normal 0.834724128246 -0.243239149451 -0.494034737349
    outer loop
      vertex -0.557004213333 1.48920381069 0.0807734727859
      vertex -0.49046754837 1.39043426514 0.108499720693
      vertex -0.513161718845 1.40933871269 0.0690164268017
    endloop
  endfacet
  facet normal 0.887689530849 -0.421589523554 -0.185120478272
    outer loop
      vertex -0.49046754837 1.39043426514 0.108499720693
      vertex -0.497657567263 1.3239814043 0.064181111753
      vertex -0.513161718845 1.40933871269 0.0690164268017
    endloop
  endfacet
  facet normal 0.890128910542 -0.417679160833 -0.182248666883
    outer loop
      vertex -0.497657567263 1.3239814043 0.064181111753
      vertex -0.49046754837 1.39043426514 0.108499720693
      vertex -0.475206702948 1.29604494572 0.0998371168971
    endloop
  endfacet
  facet normal 0.984077632427 -0.014076908119 0.177180886269
    outer loop
      vertex -0.463255405426 1.05915498734 0.0964869111776
      vertex -0.488026112318 0.911754667759 0.220106989145
      vertex -0.476610004902 0.98721575737 0.0683743357658
    endloop
  endfacet
  facet normal 0.97272002697 -0.0691289827228 0.221442729235
    outer loop
      vertex -0.449274092913 1.10328793526 0.151846706867
      vertex -0.488026112318 0.911754667759 0.220106989145
      vertex -0.463255405426 1.05915498734 0.0964869111776
    endloop
  endfacet
  facet normal 0.850009143353 -0.471709340811 -0.234466835856
    outer loop
      vertex -0.454789459705 1.21628856659 0.103204801679
      vertex -0.461464047432 1.15888226032 0.0626431107521
      vertex -0.485006183386 1.22887337208 0.0550103709102
    endloop
  endfacet
  facet normal 0.433579981327 -0.899851322174 -0.0477069839835
    outer loop
      vertex -0.485006183386 1.22887337208 0.0550103709102
      vertex -0.461464047432 1.15888226032 0.0626431107521
      vertex -0.489457607269 1.12782299519 0.0475081838667
    endloop
  endfacet
  facet normal 0.552734971046 -0.805859565735 -0.212307333946
    outer loop
      vertex -0.463255405426 1.05915498734 0.0964869111776
      vertex -0.476610004902 0.98721575737 0.0683743357658
      vertex -0.507809877396 1.06232571602 0.0667625665665
    endloop
  endfacet
  facet normal 0.52093487978 -0.850159943104 0.0765178278089
    outer loop
      vertex -0.476610004902 0.98721575737 0.0683743357658
      vertex -0.519583880901 0.955047309399 0.0449374094605
      vertex -0.503648340702 1.01012659073 0.0497445724905
    endloop
  endfacet
  facet normal 0.987813830376 0.150497049093 0.0396791659296
    outer loop
      vertex -0.457862913609 1.16823887825 0.225345611572
      vertex -0.469828188419 1.02571737766 0.266305267811
      vertex -0.449274092913 1.10328793526 0.151846706867
    endloop
  endfacet
  facet normal 0.996105015278 0.0739128962159 -0.0480803214014
    outer loop
      vertex -0.457862913609 1.16823887825 0.225345611572
      vertex -0.449274092913 1.10328793526 0.151846706867
      vertex -0.457754194736 1.26780307293 0.159114003181
    endloop
  endfacet
  facet normal 0.998670637608 0.00576047692448 -0.051223129034
    outer loop
      vertex -0.457754194736 1.26780307293 0.159114003181
      vertex -0.449274092913 1.10328793526 0.151846706867
      vertex -0.454789459705 1.21628856659 0.103204801679
    endloop
  endfacet
  facet normal -0.0722249820828 -0.981803715229 -0.175627484918
    outer loop
      vertex -1.31978821754 0.105257831514 0.214343249798
      vertex -1.20113706589 0.145888134837 0.212882891297
      vertex -1.1767718792 0.0153502011672 0.187739551067
    endloop
  endfacet
  facet normal -0.109020709991 -0.897953808308 0.426372379065
    outer loop
      vertex -1.10004496574 0.649941861629 0.128141880035
      vertex -1.33587312698 0.699754714966 0.133121341467
      vertex -1.22957086563 0.696416795254 0.121800109744
    endloop
  endfacet
  facet normal 0.0796946063638 -0.992398381233 -0.0937773734331
    outer loop
      vertex -1.3410923481 0.903565049171 0.0494562871754
      vertex -1.12534141541 0.822928190231 0.0591623447835
      vertex -1.35019636154 0.836871385574 0.042422927916
    endloop
  endfacet
  facet normal 0.0668227896094 -0.991391897202 0.112591557205
    outer loop
      vertex -1.35019636154 0.836871385574 0.042422927916
      vertex -1.12534141541 0.822928190231 0.0591623447835
      vertex -1.14010238647 0.696811318398 0.0724903941154
    endloop
  endfacet
  facet normal -0.153010070324 -0.285195529461 0.946177303791
    outer loop
      vertex -1.22957086563 0.696416795254 0.121800109744
      vertex -1.29873681068 0.719210147858 0.0832879543304
      vertex -1.14010238647 0.696811318398 0.0724903941154
    endloop
  endfacet
  facet normal 0.0993762761354 -0.984065890312 -0.147440358996
    outer loop
      vertex -1.14277172089 0.929657161236 0.0733931064606
      vertex -1.12534141541 0.822928190231 0.0591623447835
      vertex -1.3410923481 0.903565049171 0.0494562871754
    endloop
  endfacet
  facet normal -0.4579000175 -0.356343895197 0.814460933208
    outer loop
      vertex -1.10004496574 0.649941861629 0.128141880035
      vertex -1.14010238647 0.696811318398 0.0724903941154
      vertex -1.0531873703 0.644420266151 0.0805502235889
    endloop
  endfacet
  facet normal -0.0673072040081 -0.992999792099 0.0970626249909
    outer loop
      vertex -1.12534141541 0.822928190231 0.0591623447835
      vertex -0.948587834835 0.628961265087 0.0661413446069
      vertex -1.14010238647 0.696811318398 0.0724903941154
    endloop
  endfacet
  facet normal -0.130695983768 -0.975220620632 0.178502976894
    outer loop
      vertex -1.20262885094 0.560844302177 0.156980499625
      vertex -0.991368055344 0.497364789248 0.140287190676
      vertex -1.17979741096 0.285730808973 0.204277083278
    endloop
  endfacet
  facet normal 0.104804344475 -0.983383059502 -0.148235782981
    outer loop
      vertex -1.14277172089 0.929657161236 0.0733931064606
      vertex -1.00531482697 0.827199935913 0.0725981369615
      vertex -1.12534141541 0.822928190231 0.0591623447835
    endloop
  endfacet
  facet normal -0.164833605289 -0.961720407009 0.218914851546
    outer loop
      vertex -1.0531873703 0.644420266151 0.0805502235889
      vertex -0.948587834835 0.628961265087 0.0661413446069
      vertex -0.920476198196 0.53526455164 0.0826512053609
    endloop
  endfacet
  facet normal 0.827851295471 0.0349003449082 0.559860885143
    outer loop
      vertex -0.984770298004 0.0596008971334 0.279299914837
      vertex -1.05196094513 -0.0429176203907 0.228519171476
      vertex -0.851957380772 0.248755991459 0.163288295269
    endloop
  endfacet
  facet normal -0.322900086641 -0.944332122803 0.0630267113447
    outer loop
      vertex -0.991368055344 0.497364789248 0.140287190676
      vertex -1.00535035133 0.138632431626 0.169010788202
      vertex -1.02842116356 0.253666222095 0.169221907854
    endloop
  endfacet
  facet normal 0.0542053505778 -0.967504918575 0.246973648667
    outer loop
      vertex -1.01179099083 0.0387840382755 0.194138109684
      vertex -1.00535035133 0.138632431626 0.169010788202
      vertex -0.880214929581 0.243367165327 0.14928612113
    endloop
  endfacet
  facet normal -0.592987120152 -0.344932109118 0.727590620518
    outer loop
      vertex -1.02245521545 0.596813857555 0.128137022257
      vertex -1.0531873703 0.644420266151 0.0805502235889
      vertex -0.920476198196 0.53526455164 0.0826512053609
    endloop
  endfacet
  facet normal -0.596706569195 -0.38537222147 0.703867554665
    outer loop
      vertex -1.02245521545 0.596813857555 0.128137022257
      vertex -0.920476198196 0.53526455164 0.0826512053609
      vertex -0.891659915447 0.489808171988 0.121056586504
    endloop
  endfacet
  facet normal -0.199421554804 -0.963235914707 0.180021062493
    outer loop
      vertex -0.991368055344 0.497364789248 0.140287190676
      vertex -1.02245521545 0.596813857555 0.128137022257
      vertex -0.891659915447 0.489808171988 0.121056586504
    endloop
  endfacet
  facet normal 0.00239761802368 -0.982196450233 0.187841415405
    outer loop
      vertex -0.83675122261 0.363600224257 0.126398101449
      vertex -0.880214929581 0.243367165327 0.14928612113
      vertex -1.00535035133 0.138632431626 0.169010788202
    endloop
  endfacet
  facet normal 0.0938268974423 -0.995518565178 0.01180306077
    outer loop
      vertex -1.00531482697 0.827199935913 0.0725981369615
      vertex -0.817603826523 0.892981290817 0.08950984478
      vertex -0.859422922134 0.792030572891 0.086765319109
    endloop
  endfacet
  facet normal 0.778615951538 -0.134119227529 0.6130002141
    outer loop
      vertex -0.843180000782 0.251358747482 0.224847659469
      vertex -0.943636894226 0.0886274278164 0.385428309441
      vertex -0.984770298004 0.0596008971334 0.279299914837
    endloop
  endfacet
  facet normal -0.177385136485 -0.976978421211 0.118522822857
    outer loop
      vertex -0.891659915447 0.489808171988 0.121056586504
      vertex -0.788911819458 0.399228364229 0.113389879465
      vertex -0.83675122261 0.363600224257 0.126398101449
    endloop
  endfacet
  facet normal -0.0477217361331 -0.997759222984 -0.0468946993351
    outer loop
      vertex -0.859422922134 0.792030572891 0.086765319109
      vertex -0.817603826523 0.892981290817 0.08950984478
      vertex -0.74779510498 0.816739916801 0.0825876221061
    endloop
  endfacet
  facet normal 0.146567076445 -0.964551150799 -0.219451904297
    outer loop
      vertex -1.00531482697 0.827199935913 0.0725981369615
      vertex -0.859422922134 0.792030572891 0.086765319109
      vertex -0.785030603409 0.662410259247 0.0685786604881
    endloop
  endfacet
  facet normal 0.00778031162918 -0.999364852905 -0.0347764901817
    outer loop
      vertex -1.00531482697 0.827199935913 0.0725981369615
      vertex -0.785030603409 0.662410259247 0.0685786604881
      vertex -0.948587834835 0.628961265087 0.0661413446069
    endloop
  endfacet
  facet normal -0.340952426195 -0.903004229069 0.261409342289
    outer loop
      vertex -0.948587834835 0.628961265087 0.0661413446069
      vertex -0.799370467663 0.476665765047 0.0538882948458
      vertex -0.920476198196 0.53526455164 0.0826512053609
    endloop
  endfacet
  facet normal -0.101087294519 -0.994695842266 0.0190151501447
    outer loop
      vertex -0.743017435074 0.519718647003 0.047338321805
      vertex -0.799370467663 0.476665765047 0.0538882948458
      vertex -0.948587834835 0.628961265087 0.0661413446069
    endloop
  endfacet
  facet normal 0.758818030357 -0.0808711647987 0.646262347698
    outer loop
      vertex -0.843180000782 0.251358747482 0.224847659469
      vertex -0.851957380772 0.248755991459 0.163288295269
      vertex -0.748608291149 0.373429596424 0.136718586087
    endloop
  endfacet
  facet normal -0.014505431056 -0.98961097002 -0.143037512898
    outer loop
      vertex -0.785030603409 0.662410259247 0.0685786604881
      vertex -0.743017435074 0.519718647003 0.047338321805
      vertex -0.948587834835 0.628961265087 0.0661413446069
    endloop
  endfacet
  facet normal 0.752860367298 -0.0943555235863 0.651381850243
    outer loop
      vertex -0.843180000782 0.251358747482 0.224847659469
      vertex -0.748608291149 0.373429596424 0.136718586087
      vertex -0.702148675919 0.422929883003 0.16569454968
    endloop
  endfacet
  facet normal 0.781970262527 0.329244673252 0.529264092445
    outer loop
      vertex -0.843180000782 0.251358747482 0.224847659469
      vertex -0.702148675919 0.422929883003 0.16569454968
      vertex -0.680863440037 0.500390410423 0.239659845829
    endloop
  endfacet
  facet normal 0.104175932705 -0.847098469734 0.521125257015
    outer loop
      vertex -0.770435750484 0.414580911398 0.0656094327569
      vertex -0.719928264618 0.454204887152 0.0474446080625
      vertex -0.714070141315 0.411449581385 0.0744676217437
    endloop
  endfacet
  facet normal 0.732004582882 -0.00992985256016 0.681227326393
    outer loop
      vertex -0.748608291149 0.373429596424 0.136718586087
      vertex -0.714070141315 0.411449581385 0.0744676217437
      vertex -0.702148675919 0.422929883003 0.16569454968
    endloop
  endfacet
  facet normal -0.0436587557197 -0.988648474216 0.143764138222
    outer loop
      vertex -0.743695676327 0.951792240143 0.0776940733194
      vertex -0.637255430222 0.871474385262 0.0846730768681
      vertex -0.817603826523 0.892981290817 0.08950984478
    endloop
  endfacet
  facet normal -0.208583310246 -0.86611354351 -0.454247057438
    outer loop
      vertex -0.637255430222 0.871474385262 0.0846730768681
      vertex -0.623405456543 0.844751060009 0.0673221498728
      vertex -0.74779510498 0.816739916801 0.0825876221061
    endloop
  endfacet
  facet normal 0.875150978565 -0.483635246754 0.0144120668992
    outer loop
      vertex -0.680858790874 0.556806564331 0.056193113327
      vertex -0.657845437527 0.531311750412 0.0985961407423
      vertex -0.667581617832 0.480417966843 0.0824949294329
    endloop
  endfacet
  facet normal 0.830671429634 -0.0386556200683 0.555419445038
    outer loop
      vertex -0.702148675919 0.422929883003 0.16569454968
      vertex -0.714070141315 0.411449581385 0.0744676217437
      vertex -0.667581617832 0.480417966843 0.0824949294329
    endloop
  endfacet
  facet normal 0.689573228359 -0.607602715492 0.394091010094
    outer loop
      vertex -0.667581617832 0.480417966843 0.0824949294329
      vertex -0.714070141315 0.411449581385 0.0744676217437
      vertex -0.686974525452 0.4887984097 0.0550501681864
    endloop
  endfacet
  facet normal -0.157847523689 -0.980145096779 -0.11999874562
    outer loop
      vertex -0.650168418884 0.709694564342 0.0526487715542
      vertex -0.658077955246 0.601003646851 0.0406155698001
      vertex -0.785030603409 0.662410259247 0.0685786604881
    endloop
  endfacet
  facet normal 0.00737849622965 -0.992297410965 -0.123658321798
    outer loop
      vertex -0.785030603409 0.662410259247 0.0685786604881
      vertex -0.680858790874 0.556806564331 0.056193113327
      vertex -0.750243604183 0.596082925797 0.0605717338622
    endloop
  endfacet
  facet normal -0.293656289577 -0.938895583153 0.179557830095
    outer loop
      vertex -0.785030603409 0.662410259247 0.0685786604881
      vertex -0.658077955246 0.601003646851 0.0406155698001
      vertex -0.680858790874 0.556806564331 0.056193113327
    endloop
  endfacet
  facet normal 0.167043477297 -0.984284579754 -0.0572747327387
    outer loop
      vertex -0.743017435074 0.519718647003 0.047338321805
      vertex -0.686974525452 0.4887984097 0.0550501681864
      vertex -0.719928264618 0.454204887152 0.0474446080625
    endloop
  endfacet
  facet normal 0.786832749844 -0.132437974215 0.602788865566
    outer loop
      vertex -0.65037894249 0.514042019844 0.161516845226
      vertex -0.635611772537 0.55268663168 0.0733605846763
      vertex -0.609205961227 0.585309505463 0.08175868541
    endloop
  endfacet
  facet normal 0.97831594944 -0.154081061482 0.138408452272
    outer loop
      vertex -0.657845437527 0.531311750412 0.0985961407423
      vertex -0.65037894249 0.514042019844 0.161516845226
      vertex -0.667581617832 0.480417966843 0.0824949294329
    endloop
  endfacet
  facet normal -0.262451887131 -0.951763033867 -0.158953294158
    outer loop
      vertex -0.623405456543 0.844751060009 0.0673221498728
      vertex -0.58371090889 0.813347935677 0.0511316359043
      vertex -0.684661626816 0.767299056053 0.0712785348296
    endloop
  endfacet
  facet normal 0.256246656179 -0.92992323637 -0.263780981302
    outer loop
      vertex -0.607045412064 0.705791592598 0.0634244903922
      vertex -0.617845773697 0.650346755981 0.0447209514678
      vertex -0.650168418884 0.709694564342 0.0526487715542
    endloop
  endfacet
  facet normal 0.527571499348 -0.766437530518 0.366390198469
    outer loop
      vertex -0.609205961227 0.585309505463 0.08175868541
      vertex -0.658077955246 0.601003646851 0.0406155698001
      vertex -0.617845773697 0.650346755981 0.0447209514678
    endloop
  endfacet
  facet normal 0.854538559914 0.239444226027 0.460901588202
    outer loop
      vertex -0.680863440037 0.500390410423 0.239659845829
      vertex -0.588549852371 0.624917685986 0.149907335639
      vertex -0.564369618893 0.711856007576 0.230957940221
    endloop
  endfacet
  facet normal -0.228508874774 -0.925540864468 0.301923453808
    outer loop
      vertex -0.637255430222 0.871474385262 0.0846730768681
      vertex -0.576674997807 0.911166250706 0.0567682273686
      vertex -0.542913913727 0.846642494202 0.0694813653827
    endloop
  endfacet
  facet normal 0.58280479908 -0.631138563156 0.511861979961
    outer loop
      vertex -0.572461605072 0.750554978848 0.059056058526
      vertex -0.557181358337 0.715097606182 0.101922571659
      vertex -0.607045412064 0.705791592598 0.0634244903922
    endloop
  endfacet
  facet normal 0.563513100147 -0.747824192047 0.35101556778
    outer loop
      vertex -0.609205961227 0.585309505463 0.08175868541
      vertex -0.617845773697 0.650346755981 0.0447209514678
      vertex -0.591056346893 0.654750704765 0.0628406405449
    endloop
  endfacet
  facet normal 0.904918968678 -0.0675992295146 0.420180916786
    outer loop
      vertex -0.543504953384 0.744416713715 0.307874023914
      vertex -0.596587955952 0.629531919956 0.311373710632
      vertex -0.564369618893 0.711856007576 0.230957940221
    endloop
  endfacet
  facet normal 0.936746537685 -0.109821259975 0.332333058119
    outer loop
      vertex -0.506707191467 0.855118334293 0.108733162284
      vertex -0.524436950684 0.780474424362 0.183385208249
      vertex -0.557181358337 0.715097606182 0.101922571659
    endloop
  endfacet
  facet normal 0.0242292694747 -0.983177542686 0.181038320065
    outer loop
      vertex -0.542913913727 0.846642494202 0.0694813653827
      vertex -0.576674997807 0.911166250706 0.0567682273686
      vertex -0.513739228249 0.905886232853 0.0592914409935
    endloop
  endfacet
  facet normal 0.704772472382 -0.554556906223 0.442450463772
    outer loop
      vertex -0.542913913727 0.846642494202 0.0694813653827
      vertex -0.513739228249 0.905886232853 0.0592914409935
      vertex -0.506707191467 0.855118334293 0.108733162284
    endloop
  endfacet
  facet normal 0.742583274841 -0.650916397572 0.157727196813
    outer loop
      vertex -0.572461605072 0.750554978848 0.059056058526
      vertex -0.542913913727 0.846642494202 0.0694813653827
      vertex -0.506707191467 0.855118334293 0.108733162284
    endloop
  endfacet
  facet normal 0.0151278842241 -0.960291802883 0.27858710289
    outer loop
      vertex -0.576674997807 0.911166250706 0.0567682273686
      vertex -0.519583880901 0.955047309399 0.0449374094605
      vertex -0.513739228249 0.905886232853 0.0592914409935
    endloop
  endfacet
  facet normal 0.828533649445 -0.454155117273 0.327528804541
    outer loop
      vertex -0.476610004902 0.98721575737 0.0683743357658
      vertex -0.506707191467 0.855118334293 0.108733162284
      vertex -0.513739228249 0.905886232853 0.0592914409935
    endloop
  endfacet
  facet normal 0.870358943939 0.0474698133767 0.490124344826
    outer loop
      vertex -1.24456548691 -0.396374493837 0.290125131607
      vertex -1.25068163872 -0.42073187232 0.150775596499
      vertex -1.17145252228 -0.274489820004 0.208054870367
    endloop
  endfacet
  facet normal 0.733649730682 -0.203587993979 0.648313224316
    outer loop
      vertex -1.25068163872 -0.42073187232 0.150775596499
      vertex -1.24803853035 -0.393985062838 0.0751266926527
      vertex -1.19944524765 -0.342717081308 0.086977891624
    endloop
  endfacet
  facet normal 0.944370150566 -0.0798109695315 0.319053679705
    outer loop
      vertex -1.25068163872 -0.42073187232 0.150775596499
      vertex -1.26460361481 -0.442375987768 0.0725675597787
      vertex -1.24803853035 -0.393985062838 0.0751266926527
    endloop
  endfacet
  facet normal 0.00568933552131 -0.993031144142 -0.117715001106
    outer loop
      vertex -1.17450356483 -0.0907106548548 0.0509394481778
      vertex -1.2403011322 -0.140451774001 0.0446661114693
      vertex -1.28836131096 -0.0858464390039 0.0508637353778
    endloop
  endfacet
  facet normal -0.0335081778467 -0.989953041077 0.137368783355
    outer loop
      vertex -1.2290790081 -0.210128337145 0.0539547838271
      vertex -1.2403011322 -0.140451774001 0.0446661114693
      vertex -1.17956399918 -0.195230036974 0.050211455673
    endloop
  endfacet
  facet normal 0.059930305928 -0.993472635746 0.0970589071512
    outer loop
      vertex -1.2290790081 -0.210128337145 0.0539547838271
      vertex -1.19143629074 -0.280511528254 0.0631017461419
      vertex -1.29417300224 -0.210058316588 0.0500212088227
    endloop
  endfacet
  facet normal 0.146496877074 -0.985718786716 -0.0830492824316
    outer loop
      vertex -1.2926633358 -0.330423772335 0.0438522174954
      vertex -1.19143629074 -0.280511528254 0.0631017461419
      vertex -1.22782802582 -0.35022342205 0.0518198311329
    endloop
  endfacet
  facet normal 0.913274347782 0.018165115267 0.406939774752
    outer loop
      vertex -1.1564719677 -0.243792548776 0.142575025558
      vertex -1.17145252228 -0.274489820004 0.208054870367
      vertex -1.19944524765 -0.342717081308 0.086977891624
    endloop
  endfacet
  facet normal 0.0930934101343 -0.995654404163 -0.0024276166223
    outer loop
      vertex -1.17450356483 -0.0907106548548 0.0509394481778
      vertex -1.17956399918 -0.195230036974 0.050211455673
      vertex -1.2403011322 -0.140451774001 0.0446661114693
    endloop
  endfacet
  facet normal 0.0280291363597 -0.99959141016 -0.00560521148145
    outer loop
      vertex -1.17450356483 -0.0907106548548 0.0509394481778
      vertex -1.1485915184 -0.141005650163 0.0513840094209
      vertex -1.17956399918 -0.195230036974 0.050211455673
    endloop
  endfacet
  facet normal 0.455673396587 -0.880713701248 -0.12924849987
    outer loop
      vertex -1.17315506935 -0.229926615953 0.0799838453531
      vertex -1.19143629074 -0.280511528254 0.0631017461419
      vertex -1.2290790081 -0.210128337145 0.0539547838271
    endloop
  endfacet
  facet normal 0.883913993835 0.0703913345933 0.462321460247
    outer loop
      vertex -1.05196094513 -0.0429176203907 0.228519171476
      vertex -1.09600830078 -0.117070533335 0.294601291418
      vertex -1.17145252228 -0.274489820004 0.208054870367
    endloop
  endfacet
  facet normal 0.855770766735 -0.45188832283 0.251899540424
    outer loop
      vertex -1.10504031181 -0.116996727884 0.169293731451
      vertex -1.05196094513 -0.0429176203907 0.228519171476
      vertex -1.1564719677 -0.243792548776 0.142575025558
    endloop
  endfacet
  facet normal 0.478487849236 -0.663703978062 -0.574931621552
    outer loop
      vertex -1.15121722221 -0.056352108717 0.144050896168
      vertex -1.1767718792 0.0153502011672 0.187739551067
      vertex -1.10410547256 -0.056069649756 0.178260147572
    endloop
  endfacet
  facet normal 0.92946344614 -0.0771428495646 0.360758423805
    outer loop
      vertex -1.10504031181 -0.116996727884 0.169293731451
      vertex -1.1564719677 -0.243792548776 0.142575025558
      vertex -1.13058280945 -0.163534790277 0.0791772305965
    endloop
  endfacet
  facet normal 0.847078859806 -0.0918116271496 -0.52347689867
    outer loop
      vertex -1.15058755875 -0.067498408258 0.0863086283207
      vertex -1.15121722221 -0.056352108717 0.144050896168
      vertex -1.1233894825 -0.110904537141 0.0897588208318
    endloop
  endfacet
  facet normal 0.794193565845 -0.32537779212 0.51321130991
    outer loop
      vertex -1.1564719677 -0.243792548776 0.142575025558
      vertex -1.17315506935 -0.229926615953 0.0799838453531
      vertex -1.13058280945 -0.163534790277 0.0791772305965
    endloop
  endfacet
  facet normal 0.650320708752 -0.672102272511 -0.354064315557
    outer loop
      vertex -1.15058755875 -0.067498408258 0.0863086283207
      vertex -1.1233894825 -0.110904537141 0.0897588208318
      vertex -1.17450356483 -0.0907106548548 0.0509394481778
    endloop
  endfacet
  facet normal 0.837509512901 -0.546403288841 0.00461091334
    outer loop
      vertex -1.1485915184 -0.141005650163 0.0513840094209
      vertex -1.1233894825 -0.110904537141 0.0897588208318
      vertex -1.13058280945 -0.163534790277 0.0791772305965
    endloop
  endfacet
  facet normal 0.633480489254 -0.691646814346 0.346882104874
    outer loop
      vertex -1.1485915184 -0.141005650163 0.0513840094209
      vertex -1.13058280945 -0.163534790277 0.0791772305965
      vertex -1.17956399918 -0.195230036974 0.050211455673
    endloop
  endfacet
  facet normal 0.844177663326 -0.0373793244362 0.534758687019
    outer loop
      vertex -0.984770298004 0.0596008971334 0.279299914837
      vertex -1.09600830078 -0.117070533335 0.294601291418
      vertex -1.05196094513 -0.0429176203907 0.228519171476
    endloop
  endfacet
  facet normal -0.938895344734 -0.0232835523784 -0.343414396048
    outer loop
      vertex -2.9639942646 -1.10497701168 0.403776586056
      vertex -2.93457007408 -1.02292430401 0.427481412888
      vertex -2.92598509789 -1.00432538986 0.35561516881
    endloop
  endfacet
  facet normal -0.968188464642 -0.0131026348099 0.249878913164
    outer loop
      vertex -2.92077636719 -1.68712472916 0.367933243513
      vertex -2.95495700836 -1.55512392521 0.376256108284
      vertex -2.94564175606 -1.58627462387 0.281999766827
    endloop
  endfacet
  facet normal -0.960020601749 -0.0598475970328 -0.27345687151
    outer loop
      vertex -2.94953465462 -1.08636212349 0.256885558367
      vertex -2.97754812241 -1.18185794353 0.269911259413
      vertex -2.9639942646 -1.10497701168 0.403776586056
    endloop
  endfacet
  facet normal -0.966403841972 -0.0106362039223 0.25680822134
    outer loop
      vertex -2.94564175606 -1.58627462387 0.281999766827
      vertex -2.95495700836 -1.55512392521 0.376256108284
      vertex -2.97147154808 -1.4874253273 0.242198586464
    endloop
  endfacet
  facet normal -0.768613576889 -0.395138114691 0.503089487553
    outer loop
      vertex -2.91886401176 -1.59450352192 0.240389287472
      vertex -2.94564175606 -1.58627462387 0.281999766827
      vertex -2.93289589882 -1.54981410503 0.210785314441
    endloop
  endfacet
  facet normal -0.513124108315 -0.767299592495 0.384649187326
    outer loop
      vertex -2.9342083931 -1.47514247894 0.174229994416
      vertex -2.93289589882 -1.54981410503 0.210785314441
      vertex -2.95963406563 -1.4646127224 0.185954526067
    endloop
  endfacet
  facet normal -0.931780874729 -0.353902250528 -0.080855473876
    outer loop
      vertex -2.95611023903 -1.16371572018 0.157406136394
      vertex -2.97622346878 -1.32548332214 0.173402994871
      vertex -2.98479175568 -1.27422225475 0.207673877478
    endloop
  endfacet
  facet normal -0.696312665939 -0.631954133511 0.340268403292
    outer loop
      vertex -2.97622346878 -1.32548332214 0.173402994871
      vertex -2.93409657478 -1.3708486557 0.151412338018
      vertex -2.95431828499 -1.39755380154 0.188072487712
    endloop
  endfacet
  facet normal -0.806968390942 -0.584812700748 -0.0824384465814
    outer loop
      vertex -2.95963406563 -1.4646127224 0.185954526067
      vertex -2.97967195511 -1.39056539536 0.224042505026
      vertex -2.95431828499 -1.39755380154 0.188072487712
    endloop
  endfacet
  facet normal -0.93543946743 -0.220735818148 -0.276095479727
    outer loop
      vertex -2.95611023903 -1.16371572018 0.157406136394
      vertex -2.92184710503 -1.02639627457 0.18396371603
      vertex -2.9216735363 -1.08625197411 0.108360916376
    endloop
  endfacet
  facet normal -0.871863424778 -0.4828568995 -0.0818739831448
    outer loop
      vertex -2.92992854118 -1.15637493134 0.111376255751
      vertex -2.95611023903 -1.16371572018 0.157406136394
      vertex -2.9216735363 -1.08625197411 0.108360916376
    endloop
  endfacet
  facet normal -0.368161141872 -0.860751867294 -0.351516157389
    outer loop
      vertex -2.95611023903 -1.16371572018 0.157406136394
      vertex -2.89597439766 -1.19380879402 0.119395315647
      vertex -2.93323802948 -1.23936367035 0.116729900241
    endloop
  endfacet
  facet normal -0.816285550594 -0.575928866863 -0.0445397049189
    outer loop
      vertex -2.97622346878 -1.32548332214 0.173402994871
      vertex -2.95611023903 -1.16371572018 0.157406136394
      vertex -2.94230914116 -1.31011652946 0.126523315907
    endloop
  endfacet
  facet normal -0.843010365963 -0.536836028099 -0.033773843199
    outer loop
      vertex -2.93323802948 -1.23936367035 0.116729900241
      vertex -2.94230914116 -1.31011652946 0.126523315907
      vertex -2.95611023903 -1.16371572018 0.157406136394
    endloop
  endfacet
  facet normal -0.71455103159 -0.697486341 -0.0541256964207
    outer loop
      vertex -2.92992854118 -1.15637493134 0.111376255751
      vertex -2.9216735363 -1.08625197411 0.108360916376
      vertex -2.88541460037 -1.06943941116 0.072519518435
    endloop
  endfacet
  facet normal -0.84069532156 0.206114068627 -0.500747799873
    outer loop
      vertex -2.93457007408 -1.02292430401 0.427481412888
      vertex -2.89406919479 -0.971523404121 0.467799007893
      vertex -2.87270283699 -0.914593040943 0.416637271643
    endloop
  endfacet
  facet normal -0.9534932971 -0.0880401805043 0.288269758224
    outer loop
      vertex -2.90896439552 -1.70490455627 0.29822281003
      vertex -2.87887954712 -1.81133842468 0.320894390345
      vertex -2.92077636719 -1.68712472916 0.367933243513
    endloop
  endfacet
  facet normal -0.776027083397 -0.535378396511 0.333394646645
    outer loop
      vertex -2.85177922249 -1.81045198441 0.281060665846
      vertex -2.87887954712 -1.81133842468 0.320894390345
      vertex -2.90896439552 -1.70490455627 0.29822281003
    endloop
  endfacet
  facet normal -0.683301627636 -0.499828487635 0.532231509686
    outer loop
      vertex -2.90896439552 -1.70490455627 0.29822281003
      vertex -2.90196251869 -1.65809357166 0.238805189729
      vertex -2.86118292809 -1.73405253887 0.263939797878
    endloop
  endfacet
  facet normal -0.786602318287 -0.0987875163555 -0.609506249428
    outer loop
      vertex -2.86295151711 -0.957758247852 0.138491481543
      vertex -2.92184710503 -1.02639627457 0.18396371603
      vertex -2.88307595253 -0.968623816967 0.231694176793
    endloop
  endfacet
  facet normal 0.252098947763 -0.967194497585 -0.0313203968108
    outer loop
      vertex -2.87913799286 -1.41291737556 0.190599098802
      vertex -2.82509231567 -1.46403515339 0.203030765057
      vertex -2.9342083931 -1.47514247894 0.174229994416
    endloop
  endfacet
  facet normal 0.123704992235 -0.801532685757 0.585014939308
    outer loop
      vertex -2.87913799286 -1.41291737556 0.190599098802
      vertex -2.93409657478 -1.3708486557 0.151412338018
      vertex -2.79758930206 -1.39413070679 0.189473152161
    endloop
  endfacet
  facet normal 0.267617702484 -0.948463439941 0.169699206948
    outer loop
      vertex -2.9342083931 -1.47514247894 0.174229994416
      vertex -2.82509231567 -1.46403515339 0.203030765057
      vertex -2.86578011513 -1.54238951206 0.205569505692
    endloop
  endfacet
  facet normal -0.812286973 -0.363188028336 -0.456381738186
    outer loop
      vertex -2.92184710503 -1.02639627457 0.18396371603
      vertex -2.86295151711 -0.957758247852 0.138491481543
      vertex -2.9216735363 -1.08625197411 0.108360916376
    endloop
  endfacet
  facet normal -0.724128723145 -0.520121097565 -0.452892482281
    outer loop
      vertex -2.9216735363 -1.08625197411 0.108360916376
      vertex -2.86295151711 -0.957758247852 0.138491481543
      vertex -2.88541460037 -1.06943941116 0.072519518435
    endloop
  endfacet
  facet normal -0.482435435057 -0.864753901958 0.139487341046
    outer loop
      vertex -2.88541460037 -1.06943941116 0.072519518435
      vertex -2.88362288475 -1.15462005138 0.0852598398924
      vertex -2.92992854118 -1.15637493134 0.111376255751
    endloop
  endfacet
  facet normal 0.268845498562 -0.819597899914 0.505946040154
    outer loop
      vertex -2.72866654396 -1.57526993752 0.270843088627
      vertex -2.86578011513 -1.54238951206 0.205569505692
      vertex -2.70069169998 -1.53070151806 0.252506941557
    endloop
  endfacet
  facet normal 0.156578630209 -0.675885796547 0.720181584358
    outer loop
      vertex -2.78033638 -1.42318212986 0.224425435066
      vertex -2.87913799286 -1.41291737556 0.190599098802
      vertex -2.79758930206 -1.39413070679 0.189473152161
    endloop
  endfacet
  facet normal 0.29543414712 -0.845065295696 0.445626914501
    outer loop
      vertex -2.86371827126 -1.59929728508 0.236299440265
      vertex -2.86578011513 -1.54238951206 0.205569505692
      vertex -2.72866654396 -1.57526993752 0.270843088627
    endloop
  endfacet
  facet normal 0.152742251754 -0.898985862732 0.410480469465
    outer loop
      vertex -2.94230914116 -1.31011652946 0.126523315907
      vertex -2.75362920761 -1.35238111019 0.177879169583
      vertex -2.79758930206 -1.39413070679 0.189473152161
    endloop
  endfacet
  facet normal -0.609469115734 -0.413441836834 -0.676471173763
    outer loop
      vertex -2.86295151711 -0.957758247852 0.138491481543
      vertex -2.77327036858 -0.877432763577 0.13771738112
      vertex -2.81309294701 -0.956309556961 0.0673634037375
    endloop
  endfacet
  facet normal 0.358929991722 -0.903521299362 0.234133645892
    outer loop
      vertex -2.75380897522 -1.69299459457 0.278589397669
      vertex -2.69437360764 -1.72499668598 0.310493320227
      vertex -2.7813129425 -1.74038386345 0.279943436384
    endloop
  endfacet
  facet normal 0.342761605978 -0.936184465885 0.0779305770993
    outer loop
      vertex -2.7813129425 -1.74038386345 0.279943436384
      vertex -2.69437360764 -1.72499668598 0.310493320227
      vertex -2.79628777504 -1.81631088257 0.280781120062
    endloop
  endfacet
  facet normal 0.34404695034 -0.915396213531 0.209001004696
    outer loop
      vertex -2.86011481285 -1.6689106226 0.233136087656
      vertex -2.72938418388 -1.60991513729 0.268800824881
      vertex -2.75380897522 -1.69299459457 0.278589397669
    endloop
  endfacet
  facet normal 0.280723512173 -0.943449854851 0.176342338324
    outer loop
      vertex -2.82509231567 -1.46403515339 0.203030765057
      vertex -2.70069169998 -1.53070151806 0.252506941557
      vertex -2.86578011513 -1.54238951206 0.205569505692
    endloop
  endfacet
  facet normal 0.333382248878 -0.94118475914 0.0550233833492
    outer loop
      vertex -2.88510727882 -1.25258052349 0.125473067164
      vertex -2.77730178833 -1.26977550983 0.164664685726
      vertex -2.75362920761 -1.35238111019 0.177879169583
    endloop
  endfacet
  facet normal -0.271863907576 -0.852642595768 -0.446195691824
    outer loop
      vertex -2.81309294701 -0.956309556961 0.0673634037375
      vertex -2.72151231766 -0.885002791882 0.075478553772
      vertex -2.77987861633 -0.982659399509 0.0429839678109
    endloop
  endfacet
  facet normal 0.442254722118 -0.871991574764 0.209860503674
    outer loop
      vertex -2.68032884598 -1.83986508846 0.345261663198
      vertex -2.79628777504 -1.81631088257 0.280781120062
      vertex -2.69437360764 -1.72499668598 0.310493320227
    endloop
  endfacet
  facet normal 0.255209624767 -0.941019773483 0.222148194909
    outer loop
      vertex -2.82509231567 -1.46403515339 0.203030765057
      vertex -2.68326234818 -1.44847249985 0.237821906805
      vertex -2.70069169998 -1.53070151806 0.252506941557
    endloop
  endfacet
  facet normal -0.0263038221747 -0.893541693687 0.448209017515
    outer loop
      vertex -2.83102655411 -1.22947967052 0.146033465862
      vertex -2.72391629219 -1.24725222588 0.151795268059
      vertex -2.77730178833 -1.26977550983 0.164664685726
    endloop
  endfacet
  facet normal 0.158986225724 -0.911132335663 0.380212128162
    outer loop
      vertex -2.72391629219 -1.24725222588 0.151795268059
      vertex -2.6473300457 -1.01547181606 0.0684379115701
      vertex -2.61822795868 -1.26756000519 0.178711503744
    endloop
  endfacet
  facet normal 0.125897377729 -0.962962925434 0.238437086344
    outer loop
      vertex -2.77987861633 -0.982659399509 0.0429839678109
      vertex -2.66873407364 -0.908016979694 0.0390329174697
      vertex -2.6473300457 -1.01547181606 0.0684379115701
    endloop
  endfacet
  facet normal 0.277420967817 -0.959404051304 -0.0508077405393
    outer loop
      vertex -2.72866654396 -1.57526993752 0.270843088627
      vertex -2.55807828903 -1.63280510902 0.317123383284
      vertex -2.72938418388 -1.60991513729 0.268800824881
    endloop
  endfacet
  facet normal 0.244275853038 -0.944322049618 0.220420405269
    outer loop
      vertex -2.70069169998 -1.53070151806 0.252506941557
      vertex -2.68326234818 -1.44847249985 0.237821906805
      vertex -2.52881455421 -1.55161595345 0.301849663258
    endloop
  endfacet
  facet normal 0.27360612154 -0.939690291882 0.205236122012
    outer loop
      vertex -2.75362920761 -1.35238111019 0.177879169583
      vertex -2.57656478882 -1.33646476269 0.225958094001
      vertex -2.5485522747 -1.45953011513 0.260992884636
    endloop
  endfacet
  facet normal 0.272456347942 -0.655288398266 0.704531490803
    outer loop
      vertex -2.58388733864 -1.27601182461 0.202076599002
      vertex -2.68962264061 -1.30598044395 0.19033460319
      vertex -2.61822795868 -1.26756000519 0.178711503744
    endloop
  endfacet
  facet normal 0.000900788116269 -0.914701938629 -0.404128193855
    outer loop
      vertex -2.6259560585 -1.69456398487 0.324006289244
      vertex -2.49653553963 -1.6699937582 0.334989249706
      vertex -2.69437360764 -1.72499668598 0.310493320227
    endloop
  endfacet
  facet normal 0.202649652958 -0.926816642284 0.316139221191
    outer loop
      vertex -2.69437360764 -1.72499668598 0.310493320227
      vertex -2.49653553963 -1.6699937582 0.334989249706
      vertex -2.5241291523 -1.77364122868 0.36431029439
    endloop
  endfacet
  facet normal 0.176749125123 -0.953753829002 0.243132501841
    outer loop
      vertex -2.72866654396 -1.57526993752 0.270843088627
      vertex -2.52881455421 -1.55161595345 0.301849663258
      vertex -2.55807828903 -1.63280510902 0.317123383284
    endloop
  endfacet
  facet normal 0.241263523698 -0.920315206051 0.307915329933
    outer loop
      vertex -2.58552479744 -1.28880727291 0.245976373553
      vertex -2.52894663811 -1.23394930363 0.242454364896
      vertex -2.51616644859 -1.30535328388 0.269694805145
    endloop
  endfacet
  facet normal 0.381637126207 -0.824381649494 -0.41802868247
    outer loop
      vertex -2.58552479744 -1.28880727291 0.245976373553
      vertex -2.51616644859 -1.30535328388 0.269694805145
      vertex -2.57656478882 -1.33646476269 0.225958094001
    endloop
  endfacet
  facet normal 0.126490056515 -0.916495859623 0.379520177841
    outer loop
      vertex -2.68326234818 -1.44847249985 0.237821906805
      vertex -2.5485522747 -1.45953011513 0.260992884636
      vertex -2.52881455421 -1.55161595345 0.301849663258
    endloop
  endfacet
  facet normal 0.678604960442 -0.182090178132 0.711574614048
    outer loop
      vertex -2.52894663811 -1.23394930363 0.242454364896
      vertex -2.58552479744 -1.28880727291 0.245976373553
      vertex -2.58388733864 -1.27601182461 0.202076599002
    endloop
  endfacet
  facet normal 0.14032009244 -0.942304968834 0.30392703414
    outer loop
      vertex -2.49653553963 -1.6699937582 0.334989249706
      vertex -2.37679171562 -1.69535183907 0.360999375582
      vertex -2.5241291523 -1.77364122868 0.36431029439
    endloop
  endfacet
  facet normal -0.0550143830478 -0.989632487297 0.132668733597
    outer loop
      vertex -2.49054718018 -1.36197888851 0.244690746069
      vertex -2.43384313583 -1.33557283878 0.237998574972
      vertex -2.5485522747 -1.45953011513 0.260992884636
    endloop
  endfacet
  facet normal 0.10183186084 -0.917226970196 0.38512980938
    outer loop
      vertex -2.52881455421 -1.55161595345 0.301849663258
      vertex -2.5485522747 -1.45953011513 0.260992884636
      vertex -2.36689901352 -1.55342125893 0.320583760738
    endloop
  endfacet
  facet normal 0.130558684468 -0.93176394701 0.338777720928
    outer loop
      vertex -2.36689901352 -1.55342125893 0.320583760738
      vertex -2.5485522747 -1.45953011513 0.260992884636
      vertex -2.37416267395 -1.37991774082 0.256482243538
    endloop
  endfacet
  facet normal 0.142201945186 -0.585699260235 0.797956764698
    outer loop
      vertex -2.43794035912 -1.22216153145 0.251731395721
      vertex -2.49105715752 -1.20824623108 0.219876945019
      vertex -2.41684913635 -1.19738149643 0.223091751337
    endloop
  endfacet
  facet normal 0.145644247532 -0.522314608097 0.840223312378
    outer loop
      vertex -2.4226398468 -1.17558956146 0.186421409249
      vertex -2.41684913635 -1.19738149643 0.223091751337
      vertex -2.49105715752 -1.20824623108 0.219876945019
    endloop
  endfacet
  facet normal 0.746243596077 -0.423195451498 0.51383471489
    outer loop
      vertex -2.37309932709 -1.0839189291 0.162474408746
      vertex -2.41684913635 -1.19738149643 0.223091751337
      vertex -2.4226398468 -1.17558956146 0.186421409249
    endloop
  endfacet
  facet normal 0.194067358971 -0.907438278198 0.372684419155
    outer loop
      vertex -2.6473300457 -1.01547181606 0.0684379115701
      vertex -2.39006090164 -0.910950243473 0.0805312916636
      vertex -2.49937176704 -1.13856458664 0.150634855032
    endloop
  endfacet
  facet normal 0.25326231122 -0.883626878262 0.393778830767
    outer loop
      vertex -2.39006090164 -0.910950243473 0.0805312916636
      vertex -2.37309932709 -1.0839189291 0.162474408746
      vertex -2.49937176704 -1.13856458664 0.150634855032
    endloop
  endfacet
  facet normal 0.391871541739 -0.845712602139 0.362224876881
    outer loop
      vertex -2.37309932709 -1.0839189291 0.162474408746
      vertex -2.39006090164 -0.910950243473 0.0805312916636
      vertex -2.35241866112 -0.924398601055 0.103733323514
    endloop
  endfacet
  facet normal 0.192773506045 -0.924575209618 0.328632116318
    outer loop
      vertex -2.36689901352 -1.55342125893 0.320583760738
      vertex -2.27999353409 -1.5881601572 0.351051151752
      vertex -2.49653553963 -1.6699937582 0.334989249706
    endloop
  endfacet
  facet normal 0.210123434663 -0.919913947582 0.331068754196
    outer loop
      vertex -2.37416267395 -1.37991774082 0.256482243538
      vertex -2.30543041229 -1.36115086079 0.265427798033
      vertex -2.36689901352 -1.55342125893 0.320583760738
    endloop
  endfacet
  facet normal 0.0758779421449 -0.952509582043 0.294903337955
    outer loop
      vertex -2.43384313583 -1.33557283878 0.237998574972
      vertex -2.36951756477 -1.22666299343 0.209403589368
      vertex -2.37416267395 -1.37991774082 0.256482243538
    endloop
  endfacet
  facet normal 0.182033598423 -0.938379943371 0.293780356646
    outer loop
      vertex -2.36951756477 -1.22666299343 0.209403589368
      vertex -2.31745004654 -1.24176263809 0.224231302738
      vertex -2.37416267395 -1.37991774082 0.256482243538
    endloop
  endfacet
  facet normal -0.321318119764 -0.942922234535 0.0874777957797
    outer loop
      vertex -2.37309932709 -1.0839189291 0.162474408746
      vertex -2.34248828888 -0.947858631611 0.139420390129
      vertex -2.29641819 -0.976174533367 0.126348108053
    endloop
  endfacet
  facet normal -0.127969563007 -0.964208304882 0.232220068574
    outer loop
      vertex -2.37309932709 -1.0839189291 0.162474408746
      vertex -2.29641819 -0.976174533367 0.126348108053
      vertex -2.33161401749 -1.07920908928 0.155834153295
    endloop
  endfacet
  facet normal -0.0298251844943 -0.989039182663 0.144609630108
    outer loop
      vertex -2.27788472176 -1.45326340199 0.303255170584
      vertex -2.20039725304 -1.47918629646 0.304708719254
      vertex -2.36689901352 -1.55342125893 0.320583760738
    endloop
  endfacet
  facet normal 0.203444123268 -0.931669354439 0.301002860069
    outer loop
      vertex -2.37416267395 -1.37991774082 0.256482243538
      vertex -2.31745004654 -1.24176263809 0.224231302738
      vertex -2.30543041229 -1.36115086079 0.265427798033
    endloop
  endfacet
  facet normal -0.0377599969506 -0.920357763767 0.389250308275
    outer loop
      vertex -2.27788472176 -1.45326340199 0.303255170584
      vertex -2.30543041229 -1.36115086079 0.265427798033
      vertex -2.20441412926 -1.28450131416 0.228865683079
    endloop
  endfacet
  facet normal 0.139146670699 -0.902862966061 0.406788170338
    outer loop
      vertex -2.31745004654 -1.24176263809 0.224231302738
      vertex -2.36951756477 -1.22666299343 0.209403589368
      vertex -2.22154474258 -1.06154942513 0.157816231251
    endloop
  endfacet
  facet normal 0.556654632092 -0.648636877537 0.519043207169
    outer loop
      vertex -2.31745004654 -1.24176263809 0.224231302738
      vertex -2.2577586174 -1.13477933407 0.18984927237
      vertex -2.28897476196 -1.24098682404 0.248047754169
    endloop
  endfacet
  facet normal -0.109103001654 -0.958109021187 -0.264808744192
    outer loop
      vertex -2.34248828888 -0.947858631611 0.139420390129
      vertex -2.30586481094 -0.921225786209 0.142610937357
      vertex -2.29641819 -0.976174533367 0.126348108053
    endloop
  endfacet
  facet normal -0.0876944214106 -0.965225994587 0.246269002557
    outer loop
      vertex -2.33161401749 -1.07920908928 0.155834153295
      vertex -2.29641819 -0.976174533367 0.126348108053
      vertex -2.2638657093 -1.02860808372 0.136768564582
    endloop
  endfacet
  facet normal -0.0117286592722 -0.940795242786 0.338772386312
    outer loop
      vertex -2.33161401749 -1.07920908928 0.155834153295
      vertex -2.2638657093 -1.02860808372 0.136768564582
      vertex -2.36951756477 -1.22666299343 0.209403589368
    endloop
  endfacet
  facet normal 0.111138269305 -0.868272721767 0.483477771282
    outer loop
      vertex -2.36689901352 -1.55342125893 0.320583760738
      vertex -2.18025565147 -1.52579009533 0.329088151455
      vertex -2.27999353409 -1.5881601572 0.351051151752
    endloop
  endfacet
  facet normal 0.103938497603 -0.899026870728 0.425379246473
    outer loop
      vertex -2.36689901352 -1.55342125893 0.320583760738
      vertex -2.20039725304 -1.47918629646 0.304708719254
      vertex -2.18025565147 -1.52579009533 0.329088151455
    endloop
  endfacet
  facet normal 0.727154374123 -0.315971434116 -0.609432995319
    outer loop
      vertex -2.22006416321 -0.939767003059 0.360554814339
      vertex -2.24616718292 -0.946362018585 0.287763029337
      vertex -2.30955147743 -0.847540140152 0.332498550415
    endloop
  endfacet
  facet normal -0.097619600594 -0.925666213036 0.365530371666
    outer loop
      vertex -2.17851161957 -1.32516956329 0.242193251848
      vertex -2.27788472176 -1.45326340199 0.303255170584
      vertex -2.20441412926 -1.28450131416 0.228865683079
    endloop
  endfacet
  facet normal -0.0741025581956 -0.958512604237 0.27524971962
    outer loop
      vertex -2.27788472176 -1.45326340199 0.303255170584
      vertex -2.1609249115 -1.37197101116 0.270868808031
      vertex -2.20039725304 -1.47918629646 0.304708719254
    endloop
  endfacet
  facet normal 0.636979520321 0.232283696532 -0.735051929951
    outer loop
      vertex -2.24616718292 -0.946362018585 0.287763029337
      vertex -2.19501638412 -0.978909015656 0.250488460064
      vertex -2.24534034729 -0.924744486809 0.217087775469
    endloop
  endfacet
  facet normal -0.424113214016 -0.902703762054 0.0724840536714
    outer loop
      vertex -2.30543041229 -1.36115086079 0.265427798033
      vertex -2.28897476196 -1.24098682404 0.248047754169
      vertex -2.21631240845 -1.19124615192 0.209915116429
    endloop
  endfacet
  facet normal -0.181625261903 -0.958892285824 0.218031659722
    outer loop
      vertex -2.21631240845 -1.19124615192 0.209915116429
      vertex -2.20441412926 -1.28450131416 0.228865683079
      vertex -2.30543041229 -1.36115086079 0.265427798033
    endloop
  endfacet
  facet normal 0.045760307461 -0.988728642464 -0.142553880811
    outer loop
      vertex -2.2638657093 -1.02860808372 0.136768564582
      vertex -2.2596552372 -0.928557991982 0.151388555765
      vertex -2.2114508152 -0.985519468784 0.145406901836
    endloop
  endfacet
  facet normal 0.569784760475 -0.170807227492 -0.803847134113
    outer loop
      vertex -2.24534034729 -0.924744486809 0.217087775469
      vertex -2.20220994949 -0.962024986744 0.185515299439
      vertex -2.2596552372 -0.928557991982 0.151388555765
    endloop
  endfacet
  facet normal 0.637718379498 -0.493409633636 -0.591491520405
    outer loop
      vertex -2.20220994949 -0.962024986744 0.185515299439
      vertex -2.2114508152 -0.985519468784 0.145406901836
      vertex -2.2596552372 -0.928557991982 0.151388555765
    endloop
  endfacet
  facet normal -0.0707342103124 -0.87098056078 0.486199110746
    outer loop
      vertex -2.20039725304 -1.47918629646 0.304708719254
      vertex -2.10492610931 -1.44096899033 0.275621622801
      vertex -2.18025565147 -1.52579009533 0.329088151455
    endloop
  endfacet
  facet normal 0.673592090607 0.361402213573 -0.644718647003
    outer loop
      vertex -2.24616718292 -0.946362018585 0.287763029337
      vertex -2.16031622887 -1.05907189846 0.328818798065
      vertex -2.19501638412 -0.978909015656 0.250488460064
    endloop
  endfacet
  facet normal 0.853178501129 0.0406754799187 -0.520030677319
    outer loop
      vertex -2.15910983086 -1.03541588783 0.219772607088
      vertex -2.20220994949 -0.962024986744 0.185515299439
      vertex -2.19501638412 -0.978909015656 0.250488460064
    endloop
  endfacet
  facet normal 0.880014836788 -0.269825488329 -0.390855640173
    outer loop
      vertex -2.15910983086 -1.03541588783 0.219772607088
      vertex -2.18254065514 -1.0149282217 0.173032209277
      vertex -2.20220994949 -0.962024986744 0.185515299439
    endloop
  endfacet
  facet normal 0.812439501286 -0.422526568174 -0.401762783527
    outer loop
      vertex -2.20220994949 -0.962024986744 0.185515299439
      vertex -2.18254065514 -1.0149282217 0.173032209277
      vertex -2.2114508152 -0.985519468784 0.145406901836
    endloop
  endfacet
  facet normal 0.854501485825 -0.495998740196 0.154312774539
    outer loop
      vertex -2.15910983086 -1.03541588783 0.219772607088
      vertex -2.18486237526 -1.07745850086 0.188486471772
      vertex -2.18254065514 -1.0149282217 0.173032209277
    endloop
  endfacet
  facet normal 0.568983495235 -0.793159365654 0.217154413462
    outer loop
      vertex -2.22154474258 -1.06154942513 0.157816231251
      vertex -2.18254065514 -1.0149282217 0.173032209277
      vertex -2.18486237526 -1.07745850086 0.188486471772
    endloop
  endfacet
  facet normal 0.37621486187 -0.739509046078 0.558201313019
    outer loop
      vertex -2.18486237526 -1.07745850086 0.188486471772
      vertex -2.25014662743 -1.16777002811 0.223443612456
      vertex -2.22154474258 -1.06154942513 0.157816231251
    endloop
  endfacet
  facet normal 0.312171429396 -0.93016064167 0.193262040615
    outer loop
      vertex -2.2638657093 -1.02860808372 0.136768564582
      vertex -2.2114508152 -0.985519468784 0.145406901836
      vertex -2.22154474258 -1.06154942513 0.157816231251
    endloop
  endfacet
  facet normal 0.558860361576 -0.803439259529 0.205330088735
    outer loop
      vertex -2.2114508152 -0.985519468784 0.145406901836
      vertex -2.18254065514 -1.0149282217 0.173032209277
      vertex -2.22154474258 -1.06154942513 0.157816231251
    endloop
  endfacet
  facet normal 0.248251229525 -0.864750444889 0.436552375555
    outer loop
      vertex -2.1609249115 -1.37197101116 0.270868808031
      vertex -2.17851161957 -1.32516956329 0.242193251848
      vertex -2.12225723267 -1.30391728878 0.247613877058
    endloop
  endfacet
  facet normal 0.898653328419 0.168253868818 -0.405108422041
    outer loop
      vertex -2.16031622887 -1.05907189846 0.328818798065
      vertex -2.08763337135 -1.23994827271 0.376115381718
      vertex -2.0621817112 -1.25782966614 0.283230096102
    endloop
  endfacet
  facet normal 0.0701415091753 -0.82664090395 0.558341324329
    outer loop
      vertex -2.06578660011 -1.48410737514 0.30807980895
      vertex -2.10492610931 -1.44096899033 0.275621622801
      vertex -2.05591917038 -1.42802727222 0.271038681269
    endloop
  endfacet
  facet normal 0.915763795376 -0.34280860424 -0.209425270557
    outer loop
      vertex -2.09799981117 -1.14823496342 0.254499703646
      vertex -2.0621817112 -1.25782966614 0.283230096102
      vertex -2.07229828835 -1.25757539272 0.256360441446
    endloop
  endfacet
  facet normal 0.973450064659 0.00332046439871 -0.228875368834
    outer loop
      vertex -2.09799981117 -1.14823496342 0.254499703646
      vertex -2.07229828835 -1.25757539272 0.256360441446
      vertex -2.08306670189 -1.21117568016 0.215028524399
    endloop
  endfacet
  facet normal 0.0264665726572 -0.987120091915 -0.157776668668
    outer loop
      vertex -2.07229828835 -1.25757539272 0.256360441446
      vertex -2.08430123329 -1.34093391895 0.242714986205
      vertex -2.12225723267 -1.30391728878 0.247613877058
    endloop
  endfacet
  facet normal 0.940188348293 -0.139716908336 -0.310684859753
    outer loop
      vertex -2.09799981117 -1.14823496342 0.254499703646
      vertex -2.08306670189 -1.21117568016 0.215028524399
      vertex -2.11095833778 -1.13410651684 0.1987157166
    endloop
  endfacet
  facet normal 0.419580191374 -0.866610646248 0.27007111907
    outer loop
      vertex -2.08221697807 -1.25364613533 0.228675439954
      vertex -2.12208914757 -1.21445512772 0.19715732336
      vertex -2.08306670189 -1.21117568016 0.215028524399
    endloop
  endfacet
  facet normal 0.275359541178 -0.806524813175 0.523158550262
    outer loop
      vertex -2.17851161957 -1.32516956329 0.242193251848
      vertex -2.08221697807 -1.25364613533 0.228675439954
      vertex -2.12225723267 -1.30391728878 0.247613877058
    endloop
  endfacet
  facet normal 0.671710431576 -0.334469139576 0.661010980606
    outer loop
      vertex -2.08221697807 -1.25364613533 0.228675439954
      vertex -2.07229828835 -1.25757539272 0.256360441446
      vertex -2.12225723267 -1.30391728878 0.247613877058
    endloop
  endfacet
  facet normal 0.618478477001 -0.662567436695 0.422479361296
    outer loop
      vertex -2.03232622147 -1.46979224682 0.319692701101
      vertex -2.05591917038 -1.42802727222 0.271038681269
      vertex -2.01908540726 -1.37447452545 0.271274060011
    endloop
  endfacet
  facet normal 0.472970694304 -0.694627761841 0.54202491045
    outer loop
      vertex -2.06578660011 -1.48410737514 0.30807980895
      vertex -2.05591917038 -1.42802727222 0.271038681269
      vertex -2.03232622147 -1.46979224682 0.319692701101
    endloop
  endfacet
  facet normal 0.88200122118 -0.328884869814 -0.337503492832
    outer loop
      vertex -2.07229828835 -1.25757539272 0.256360441446
      vertex -2.0621817112 -1.25782966614 0.283230096102
      vertex -2.04742741585 -1.33351576328 0.245128512383
    endloop
  endfacet
  facet normal 0.926284730434 -0.125976249576 -0.355143070221
    outer loop
      vertex -2.0325191021 -1.32505321503 0.311823129654
      vertex -2.01908540726 -1.37447452545 0.271274060011
      vertex -2.0621817112 -1.25782966614 0.283230096102
    endloop
  endfacet
  facet normal -0.983054220676 0.181897491217 -0.0227535702288
    outer loop
      vertex -2.96156835556 -1.42019069195 0.606761753559
      vertex -2.97233629227 -1.24709379673 0.52691423893
      vertex -2.97347807884 -1.45445585251 0.54668211937
    endloop
  endfacet
  facet normal -0.983099281788 -0.00555383181199 -0.18298907578
    outer loop
      vertex -2.98886203766 -1.23836481571 0.410799771547
      vertex -2.9639942646 -1.10497701168 0.403776586056
      vertex -2.97754812241 -1.18185794353 0.269911259413
    endloop
  endfacet
  facet normal -0.99401640892 -0.0388827696443 -0.102075912058
    outer loop
      vertex -2.98886203766 -1.23836481571 0.410799771547
      vertex -2.97754812241 -1.18185794353 0.269911259413
      vertex -2.99027633667 -1.29428327084 0.300158768892
    endloop
  endfacet
  facet normal -0.996044158936 -0.0707340165973 0.0537840165198
    outer loop
      vertex -2.99027633667 -1.29428327084 0.300158768892
      vertex -2.98479175568 -1.27422225475 0.207673877478
      vertex -2.97967195511 -1.39056539536 0.224042505026
    endloop
  endfacet
  facet normal -0.993751704693 -0.0584430508316 0.0950889363885
    outer loop
      vertex -2.97967195511 -1.39056539536 0.224042505026
      vertex -2.97147154808 -1.4874253273 0.242198586464
      vertex -2.98408508301 -1.40635168552 0.324766308069
    endloop
  endfacet
  facet normal -0.982798099518 0.0289600398391 0.182398572564
    outer loop
      vertex -2.95495700836 -1.55512392521 0.376256108284
      vertex -2.98408508301 -1.40635168552 0.324766308069
      vertex -2.97147154808 -1.4874253273 0.242198586464
    endloop
  endfacet
  facet normal -0.994038879871 -0.0366780385375 -0.10267162323
    outer loop
      vertex -2.99027633667 -1.29428327084 0.300158768892
      vertex -2.97754812241 -1.18185794353 0.269911259413
      vertex -2.98479175568 -1.27422225475 0.207673877478
    endloop
  endfacet
  facet normal -0.971033275127 -0.155819728971 -0.181148082018
    outer loop
      vertex -2.97754812241 -1.18185794353 0.269911259413
      vertex -2.95611023903 -1.16371572018 0.157406136394
      vertex -2.98479175568 -1.27422225475 0.207673877478
    endloop
  endfacet
  facet normal -0.661579847336 0.466109931469 -0.587412655354
    outer loop
      vertex -2.89406919479 -0.971523404121 0.467799007893
      vertex -2.8570318222 -0.97938811779 0.530279994011
      vertex -2.81652259827 -0.865728735924 0.444538712502
    endloop
  endfacet
  facet normal -0.707426965237 0.372763872147 -0.600494921207
    outer loop
      vertex -2.81652259827 -0.865728735924 0.444538712502
      vertex -2.87270283699 -0.914593040943 0.416637271643
      vertex -2.89406919479 -0.971523404121 0.467799007893
    endloop
  endfacet
  facet normal -0.496486365795 0.453589886427 -0.740106403828
    outer loop
      vertex -2.77233195305 -0.874905347824 0.507881700993
      vertex -2.66512823105 -0.776065826416 0.463950842619
      vertex -2.81652259827 -0.865728735924 0.444538712502
    endloop
  endfacet
  facet normal -0.495551228523 0.271218240261 -0.825148224831
    outer loop
      vertex -2.65170049667 -0.752835392952 0.417809337378
      vertex -2.78351926804 -0.824250757694 0.394231677055
      vertex -2.66512823105 -0.776065826416 0.463950842619
    endloop
  endfacet
  facet normal -0.280786514282 0.77882707119 -0.560880839825
    outer loop
      vertex -2.69284820557 -0.899090707302 0.579201936722
      vertex -2.60046124458 -0.955137073994 0.652872145176
      vertex -2.53638148308 -0.877088606358 0.619767010212
    endloop
  endfacet
  facet normal -0.278051108122 0.740898668766 -0.611356496811
    outer loop
      vertex -2.6673977375 -0.816935241222 0.520962178707
      vertex -2.69284820557 -0.899090707302 0.579201936722
      vertex -2.53638148308 -0.877088606358 0.619767010212
    endloop
  endfacet
  facet normal -0.334713667631 0.54018163681 -0.772120833397
    outer loop
      vertex -2.59154582024 -0.786806821823 0.524897754192
      vertex -2.66512823105 -0.776065826416 0.463950842619
      vertex -2.6673977375 -0.816935241222 0.520962178707
    endloop
  endfacet
  facet normal -0.223897755146 0.424895435572 -0.877116680145
    outer loop
      vertex -2.50610518456 -0.750535309315 0.495044767857
      vertex -2.66512823105 -0.776065826416 0.463950842619
      vertex -2.59154582024 -0.786806821823 0.524897754192
    endloop
  endfacet
  facet normal -0.13695526123 0.413363426924 -0.900207698345
    outer loop
      vertex -2.66512823105 -0.776065826416 0.463950842619
      vertex -2.58118915558 -0.732046723366 0.395898282528
      vertex -2.65170049667 -0.752835392952 0.417809337378
    endloop
  endfacet
  facet normal -0.226768672466 0.341800659895 -0.912002325058
    outer loop
      vertex -2.50610518456 -0.750535309315 0.495044767857
      vertex -2.51188349724 -0.72673869133 0.427716314793
      vertex -2.58118915558 -0.732046723366 0.395898282528
    endloop
  endfacet
  facet normal -0.0817587599158 0.666419684887 -0.741080522537
    outer loop
      vertex -2.47586274147 -0.846372008324 0.605328559875
      vertex -2.50610518456 -0.750535309315 0.495044767857
      vertex -2.59154582024 -0.786806821823 0.524897754192
    endloop
  endfacet
  facet normal -0.112641073763 0.669180929661 -0.734512686729
    outer loop
      vertex -2.47586274147 -0.846372008324 0.605328559875
      vertex -2.43856215477 -0.794616341591 0.554798722267
      vertex -2.50610518456 -0.750535309315 0.495044767857
    endloop
  endfacet
  facet normal 0.326337456703 0.530516922474 -0.78233987093
    outer loop
      vertex -2.31101799011 -0.854145765305 0.562740147114
      vertex -2.39698171616 -0.764455199242 0.483354687691
      vertex -2.37915277481 -0.861648440361 0.61571598053
    endloop
  endfacet
  facet normal 0.524210333824 0.176731854677 -0.833048284054
    outer loop
      vertex -2.31737422943 -0.820016622543 0.509124100208
      vertex -2.33886241913 -0.787766098976 0.420844078064
      vertex -2.39698171616 -0.764455199242 0.483354687691
    endloop
  endfacet
  facet normal 0.721839666367 0.187764108181 -0.666102230549
    outer loop
      vertex -2.23805212975 -0.914657890797 0.539922952652
      vertex -2.27634572983 -0.84530633688 0.44111084938
      vertex -2.31737422943 -0.820016622543 0.509124100208
    endloop
  endfacet
  facet normal 0.652303218842 0.11491972208 -0.749195575714
    outer loop
      vertex -2.27634572983 -0.84530633688 0.44111084938
      vertex -2.33886241913 -0.787766098976 0.420844078064
      vertex -2.31737422943 -0.820016622543 0.509124100208
    endloop
  endfacet
  facet normal 0.732281148434 -0.237008750439 -0.638428628445
    outer loop
      vertex -2.22006416321 -0.939767003059 0.360554814339
      vertex -2.30955147743 -0.847540140152 0.332498550415
      vertex -2.27634572983 -0.84530633688 0.44111084938
    endloop
  endfacet
  facet normal 0.784158349037 -0.156340450048 -0.600544214249
    outer loop
      vertex -2.21083283424 -0.931378602982 0.439078807831
      vertex -2.22006416321 -0.939767003059 0.360554814339
      vertex -2.27634572983 -0.84530633688 0.44111084938
    endloop
  endfacet
  facet normal -0.948826491833 0.103779703379 -0.298258394003
    outer loop
      vertex -1.3759200573 1.12393152714 0.493235468864
      vertex -1.40829479694 1.05150818825 0.405384480953
      vertex -1.47405695915 0.789659976959 0.556681334972
    endloop
  endfacet
  facet normal -0.843177080154 0.427552253008 -0.325962454081
    outer loop
      vertex -1.37280106544 0.916800618172 0.682469367981
      vertex -1.35316121578 1.11024570465 0.573720157146
      vertex -1.42880153656 0.891484260559 0.591331720352
    endloop
  endfacet
  facet normal -0.899341106415 0.19861471653 -0.389535337687
    outer loop
      vertex -1.31953132153 1.27067148685 0.460771948099
      vertex -1.34084713459 1.25268781185 0.399523198605
      vertex -1.3759200573 1.12393152714 0.493235468864
    endloop
  endfacet
  facet normal -0.876443445683 0.00223768735304 -0.481499642134
    outer loop
      vertex -1.27890872955 1.36581885815 0.315954715014
      vertex -1.35381245613 1.22941672802 0.328750371933
      vertex -1.34084713459 1.25268781185 0.399523198605
    endloop
  endfacet
  facet normal -0.759316980839 0.496585458517 -0.420524269342
    outer loop
      vertex -1.35316121578 1.11024570465 0.573720157146
      vertex -1.30048561096 1.13321042061 0.634818017483
      vertex -1.25075602531 1.32630550861 0.547339260578
    endloop
  endfacet
  facet normal -0.822352051735 0.21485696733 -0.526852548122
    outer loop
      vertex -1.22101986408 1.41832077503 0.475766599178
      vertex -1.2443728447 1.40945088863 0.40813434124
      vertex -1.31953132153 1.27067148685 0.460771948099
    endloop
  endfacet
  facet normal -0.88257920742 0.0810531079769 -0.463124573231
    outer loop
      vertex -1.71321511269 0.287604242563 0.591410815716
      vertex -1.90172958374 -0.0563463754952 0.503974795341
      vertex -1.89424979687 -0.0616207309067 0.61555826664
    endloop
  endfacet
  facet normal -0.888148784637 -0.0167011581361 -0.459252506495
    outer loop
      vertex -1.80044090748 0.122104622424 0.679031789303
      vertex -1.71321511269 0.287604242563 0.591410815716
      vertex -1.89424979687 -0.0616207309067 0.61555826664
    endloop
  endfacet
  facet normal -0.776202201843 0.185128867626 -0.602691888809
    outer loop
      vertex -1.74004364014 0.167907297611 0.341930389404
      vertex -1.7755188942 0.145004957914 0.2677500844
      vertex -1.8622918129 0.00294727366418 0.366403967142
    endloop
  endfacet
  facet normal -0.784868597984 0.16837246716 -0.596348881721
    outer loop
      vertex -1.7755188942 0.145004957914 0.2677500844
      vertex -1.8727684021 0.0334845967591 0.209408923984
      vertex -1.8622918129 0.00294727366418 0.366403967142
    endloop
  endfacet
  facet normal -0.800916433334 -0.202485024929 -0.563500404358
    outer loop
      vertex -1.8622918129 0.00294727366418 0.366403967142
      vertex -1.77023506165 0.167656809092 0.46065351367
      vertex -1.74004364014 0.167907297611 0.341930389404
    endloop
  endfacet
  facet normal -0.889267206192 -0.0223699435592 -0.456840723753
    outer loop
      vertex -1.66611707211 0.385715961456 0.72277867794
      vertex -1.71321511269 0.287604242563 0.591410815716
      vertex -1.80044090748 0.122104622424 0.679031789303
    endloop
  endfacet
  facet normal -0.803990006447 -0.171660020947 -0.56932669878
    outer loop
      vertex -1.71321511269 0.287604242563 0.591410815716
      vertex -1.67184185982 0.298933893442 0.435210257769
      vertex -1.77023506165 0.167656809092 0.46065351367
    endloop
  endfacet
  facet normal -0.802022397518 -0.202769815922 -0.561822474003
    outer loop
      vertex -1.67184185982 0.298933893442 0.435210257769
      vertex -1.74004364014 0.167907297611 0.341930389404
      vertex -1.77023506165 0.167656809092 0.46065351367
    endloop
  endfacet
  facet normal -0.841177105904 -0.0187617987394 -0.54043418169
    outer loop
      vertex -1.59948563576 0.490936398506 0.766264975071
      vertex -1.66611707211 0.385715961456 0.72277867794
      vertex -1.71751725674 0.307948440313 0.78718739748
    endloop
  endfacet
  facet normal -0.865782678127 -0.0605874061584 -0.49673885107
    outer loop
      vertex -1.57398533821 0.524584233761 0.544774770737
      vertex -1.71321511269 0.287604242563 0.591410815716
      vertex -1.66611707211 0.385715961456 0.72277867794
    endloop
  endfacet
  facet normal -0.932864665985 -0.0670542269945 -0.353931188583
    outer loop
      vertex -1.57398533821 0.524584233761 0.544774770737
      vertex -1.53147578239 0.588994801044 0.293354988098
      vertex -1.61869812012 0.359657853842 0.296295076609
    endloop
  endfacet
  facet normal -0.881670951843 -0.140365660191 -0.450503915548
    outer loop
      vertex -1.67184185982 0.298933893442 0.435210257769
      vertex -1.57398533821 0.524584233761 0.544774770737
      vertex -1.61869812012 0.359657853842 0.296295076609
    endloop
  endfacet
  facet normal -0.920210778713 0.0678735747933 -0.385493546724
    outer loop
      vertex -1.52669501305 0.629921257496 0.587653398514
      vertex -1.48652267456 0.763637602329 0.372845739126
      vertex -1.57398533821 0.524584233761 0.544774770737
    endloop
  endfacet
  facet normal -0.954245209694 -0.0881388112903 -0.285740435123
    outer loop
      vertex -1.48652267456 0.763637602329 0.372845739126
      vertex -1.53147578239 0.588994801044 0.293354988098
      vertex -1.57398533821 0.524584233761 0.544774770737
    endloop
  endfacet
  facet normal -0.926368772984 0.166891217232 -0.337621480227
    outer loop
      vertex -1.48258888721 0.692386627197 0.706107199192
      vertex -1.47405695915 0.789659976959 0.556681334972
      vertex -1.52669501305 0.629921257496 0.587653398514
    endloop
  endfacet
  facet normal -0.948449134827 0.0195366125554 -0.316326618195
    outer loop
      vertex -1.52669501305 0.629921257496 0.587653398514
      vertex -1.47405695915 0.789659976959 0.556681334972
      vertex -1.48652267456 0.763637602329 0.372845739126
    endloop
  endfacet
  facet normal -0.613898515701 0.540838181973 -0.574997961521
    outer loop
      vertex -1.51939558983 0.583656430244 0.827540874481
      vertex -1.4041980505 0.636535406113 0.902081310749
      vertex -1.38480651379 0.78592467308 0.76526761055
    endloop
  endfacet
  facet normal -0.920436441898 0.174986928701 -0.349537342787
    outer loop
      vertex -1.42880153656 0.891484260559 0.591331720352
      vertex -1.47405695915 0.789659976959 0.556681334972
      vertex -1.48258888721 0.692386627197 0.706107199192
    endloop
  endfacet
  facet normal -0.364779025316 0.710457742214 -0.601818919182
    outer loop
      vertex -1.27557218075 0.758117377758 0.86513286829
      vertex -1.32686173916 0.774335086346 0.825060844421
      vertex -1.4041980505 0.636535406113 0.902081310749
    endloop
  endfacet
  facet normal 0.202410519123 0.698468387127 -0.686419606209
    outer loop
      vertex -1.31883347034 0.651443958282 0.921562314034
      vertex -1.28423798084 0.600491285324 0.961610555649
      vertex -1.22829258442 0.607802450657 0.938212931156
    endloop
  endfacet
  facet normal -0.995992124081 0.00209496938623 0.0894167497754
    outer loop
      vertex -1.98231709003 -0.338406324387 0.553276240826
      vertex -1.97471296787 -0.42567050457 0.443853914738
      vertex -1.97311449051 -0.440313756466 0.578805446625
    endloop
  endfacet
  facet normal -0.951123356819 -0.0221560895443 0.308015406132
    outer loop
      vertex -1.97471296787 -0.42567050457 0.443853914738
      vertex -1.95525705814 -0.485455363989 0.439777672291
      vertex -1.97311449051 -0.440313756466 0.578805446625
    endloop
  endfacet
  facet normal -0.998019874096 -0.0625915378332 -0.00621891021729
    outer loop
      vertex -1.97438120842 -0.281563609838 0.432386606932
      vertex -1.96974551678 -0.333022475243 0.35335791111
      vertex -1.98231709003 -0.338406324387 0.553276240826
    endloop
  endfacet
  facet normal -0.997983217239 -0.0629721879959 0.00800122600049
    outer loop
      vertex -1.98231709003 -0.338406324387 0.553276240826
      vertex -1.96974551678 -0.333022475243 0.35335791111
      vertex -1.97471296787 -0.42567050457 0.443853914738
    endloop
  endfacet
  facet normal -0.969300270081 -0.199850037694 0.143237575889
    outer loop
      vertex -1.96974551678 -0.333022475243 0.35335791111
      vertex -1.9460195303 -0.465947896242 0.333554625511
      vertex -1.97471296787 -0.42567050457 0.443853914738
    endloop
  endfacet
  facet normal -0.937986850739 0.115159168839 0.326984703541
    outer loop
      vertex -1.99127602577 -0.374317824841 0.22511023283
      vertex -1.94089663029 -0.5152374506 0.23532782495
      vertex -1.9460195303 -0.465947896242 0.333554625511
    endloop
  endfacet
  facet normal -0.950344264507 0.0134137012064 -0.310911357403
    outer loop
      vertex -1.93939781189 -0.15282548964 0.582717180252
      vertex -1.94825053215 -0.173712044954 0.439634978771
      vertex -1.96533346176 -0.230249240994 0.53978562355
    endloop
  endfacet
  facet normal -0.930385768414 0.00405555218458 -0.366559445858
    outer loop
      vertex -1.93939781189 -0.15282548964 0.582717180252
      vertex -1.90172958374 -0.0563463754952 0.503974795341
      vertex -1.94825053215 -0.173712044954 0.439634978771
    endloop
  endfacet
  facet normal -0.850391030312 -0.138403072953 0.507621586323
    outer loop
      vertex -1.92961871624 -0.543041110039 0.493455320597
      vertex -1.95525705814 -0.485455363989 0.439777672291
      vertex -1.90532064438 -0.551824271679 0.376374542713
    endloop
  endfacet
  facet normal -0.93068087101 0.16871881485 -0.324602931738
    outer loop
      vertex -1.8622918129 0.00294727366418 0.366403967142
      vertex -1.91378462315 -0.03089537099 0.147471964359
      vertex -1.97434592247 -0.226745739579 0.190207928419
    endloop
  endfacet
  facet normal -0.902553081512 0.0129316821694 -0.4303843081
    outer loop
      vertex -1.8622918129 0.00294727366418 0.366403967142
      vertex -1.97434592247 -0.226745739579 0.190207928419
      vertex -1.92626535892 -0.13133841753 0.37065204978
    endloop
  endfacet
  facet normal -0.679816186428 0.0308263190091 0.732734382153
    outer loop
      vertex -1.93064451218 -0.538109123707 0.588065445423
      vertex -1.92961871624 -0.543041110039 0.493455320597
      vertex -1.85817599297 -0.611271321774 0.447173088789
    endloop
  endfacet
  facet normal -0.722778141499 -0.0129645774141 0.690958559513
    outer loop
      vertex -1.83989834785 -0.632504343987 0.559822320938
      vertex -1.93064451218 -0.538109123707 0.588065445423
      vertex -1.85817599297 -0.611271321774 0.447173088789
    endloop
  endfacet
  facet normal -0.690986514091 -0.136000603437 0.709958791733
    outer loop
      vertex -1.85817599297 -0.611271321774 0.447173088789
      vertex -1.90532064438 -0.551824271679 0.376374542713
      vertex -1.8284034729 -0.614462852478 0.312566637993
    endloop
  endfacet
  facet normal -0.547653436661 0.148214384913 0.823473274708
    outer loop
      vertex -1.90532064438 -0.551824271679 0.376374542713
      vertex -1.86649107933 -0.607037305832 0.213088676333
      vertex -1.8284034729 -0.614462852478 0.312566637993
    endloop
  endfacet
  facet normal -0.516971707344 0.172356501222 0.838470935822
    outer loop
      vertex -1.76135134697 -0.660338163376 0.660014212132
      vertex -1.83989834785 -0.632504343987 0.559822320938
      vertex -1.7850291729 -0.660705864429 0.587205469608
    endloop
  endfacet
  facet normal -0.206279709935 -0.0320597067475 0.977967739105
    outer loop
      vertex -1.70465564728 -0.67833596468 0.607861936092
      vertex -1.7850291729 -0.660705864429 0.587205469608
      vertex -1.74948048592 -0.662378072739 0.409486949444
    endloop
  endfacet
  facet normal -0.148155421019 -0.0927690416574 0.984603404999
    outer loop
      vertex -1.65635061264 -0.681813061237 0.467028290033
      vertex -1.74948048592 -0.662378072739 0.409486949444
      vertex -1.71294856071 -0.658912956715 0.314367204905
    endloop
  endfacet
  facet normal -0.0516424998641 0.376382529736 0.925023913383
    outer loop
      vertex -1.71294856071 -0.658912956715 0.314367204905
      vertex -1.65659117699 -0.692259252071 0.240145653486
      vertex -1.57041215897 -0.673130869865 0.298981368542
    endloop
  endfacet
  facet normal 0.327204853296 0.573876619339 0.750734686852
    outer loop
      vertex -1.57041215897 -0.673130869865 0.298981368542
      vertex -1.48537015915 -0.666435182095 0.259252488613
      vertex -1.4255053997 -0.622298955917 0.282857835293
    endloop
  endfacet
  facet normal 0.678804993629 -0.0724967867136 0.730731189251
    outer loop
      vertex -1.36381614208 -0.580281794071 0.436957418919
      vertex -1.4255053997 -0.622298955917 0.282857835293
      vertex -1.34586215019 -0.548199057579 0.281687229872
    endloop
  endfacet
  facet normal 0.810072898865 -0.0426367297769 0.584776878357
    outer loop
      vertex -1.26519465446 -0.475108712912 0.565781652927
      vertex -1.30081725121 -0.512129247189 0.396722376347
      vertex -1.21919608116 -0.407713145018 0.515375137329
    endloop
  endfacet
  facet normal 0.732730567455 -0.00537898344919 0.680497646332
    outer loop
      vertex -1.26519465446 -0.475108712912 0.565781652927
      vertex -1.36381614208 -0.580281794071 0.436957418919
      vertex -1.30081725121 -0.512129247189 0.396722376347
    endloop
  endfacet
  facet normal 0.825927019119 -0.153298079967 0.542535066605
    outer loop
      vertex -1.30081725121 -0.512129247189 0.396722376347
      vertex -1.34586215019 -0.548199057579 0.281687229872
      vertex -1.24456548691 -0.396374493837 0.290125131607
    endloop
  endfacet
  facet normal 0.803779602051 -0.188568085432 0.564252078533
    outer loop
      vertex -1.30081725121 -0.512129247189 0.396722376347
      vertex -1.24456548691 -0.396374493837 0.290125131607
      vertex -1.23830628395 -0.418574124575 0.383233189583
    endloop
  endfacet
  facet normal -0.0997448936105 0.934136748314 -0.342694461346
    outer loop
      vertex -1.23102080822 0.858820319176 0.787985265255
      vertex -1.13112556934 1.06942081451 0.721391618252
      vertex -1.22035336494 1.13411605358 0.688130199909
    endloop
  endfacet
  facet normal -0.504521250725 0.782225608826 -0.365487933159
    outer loop
      vertex -1.21175432205 1.31433153152 0.607420802116
      vertex -1.30048561096 1.13321042061 0.634818017483
      vertex -1.16295051575 1.32301354408 0.634841799736
    endloop
  endfacet
  facet normal -0.516591072083 0.770117819309 -0.374235481024
    outer loop
      vertex -1.30048561096 1.13321042061 0.634818017483
      vertex -1.22035336494 1.13411605358 0.688130199909
      vertex -1.16295051575 1.32301354408 0.634841799736
    endloop
  endfacet
  facet normal -0.155296504498 0.94916510582 -0.273803949356
    outer loop
      vertex -1.10805034637 1.31536006927 0.654221355915
      vertex -1.22035336494 1.13411605358 0.688130199909
      vertex -1.13112556934 1.06942081451 0.721391618252
    endloop
  endfacet
  facet normal -0.658871412277 0.533415853977 -0.530430018902
    outer loop
      vertex -1.21175432205 1.31433153152 0.607420802116
      vertex -1.13701844215 1.4578025341 0.557066202164
      vertex -1.25075602531 1.32630550861 0.547339260578
    endloop
  endfacet
  facet normal -0.6944617033 0.441702961922 -0.56799775362
    outer loop
      vertex -1.13701844215 1.4578025341 0.557066202164
      vertex -1.22101986408 1.41832077503 0.475766599178
      vertex -1.25075602531 1.32630550861 0.547339260578
    endloop
  endfacet
  facet normal -0.684565484524 0.287097454071 -0.670033693314
    outer loop
      vertex -1.11785507202 1.51964592934 0.485281944275
      vertex -1.15820193291 1.50522696972 0.42272862792
      vertex -1.22101986408 1.41832077503 0.475766599178
    endloop
  endfacet
  facet normal -0.745163500309 0.172827795148 -0.644097745419
    outer loop
      vertex -1.15820193291 1.50522696972 0.42272862792
      vertex -1.2443728447 1.40945088863 0.40813434124
      vertex -1.22101986408 1.41832077503 0.475766599178
    endloop
  endfacet
  facet normal -0.522411763668 0.472215026617 -0.709999263287
    outer loop
      vertex -1.13701844215 1.4578025341 0.557066202164
      vertex -1.05608248711 1.52910912037 0.539392530918
      vertex -1.11785507202 1.51964592934 0.485281944275
    endloop
  endfacet
  facet normal -0.557705700397 -0.0933482348919 -0.824772953987
    outer loop
      vertex -1.03100419044 1.57949411869 0.237741351128
      vertex -1.16953873634 1.48539197445 0.233977153897
      vertex -1.1706943512 1.49503755569 0.326103389263
    endloop
  endfacet
  facet normal -0.00694953417405 0.942283987999 -0.334742605686
    outer loop
      vertex -1.03301382065 1.31669521332 0.654300451279
      vertex -1.01848065853 1.46413087845 0.602031707764
      vertex -1.10805034637 1.31536006927 0.654221355915
    endloop
  endfacet
  facet normal -0.251432001591 0.875360786915 -0.412947297096
    outer loop
      vertex -1.10214316845 1.44162774086 0.596351921558
      vertex -1.16295051575 1.32301354408 0.634841799736
      vertex -1.10805034637 1.31536006927 0.654221355915
    endloop
  endfacet
  facet normal -0.172752186656 0.892320096493 -0.417039006948
    outer loop
      vertex -1.10214316845 1.44162774086 0.596351921558
      vertex -1.10805034637 1.31536006927 0.654221355915
      vertex -1.01848065853 1.46413087845 0.602031707764
    endloop
  endfacet
  facet normal -0.42430460453 0.640295028687 -0.640302956104
    outer loop
      vertex -1.13701844215 1.4578025341 0.557066202164
      vertex -1.10214316845 1.44162774086 0.596351921558
      vertex -1.05608248711 1.52910912037 0.539392530918
    endloop
  endfacet
  facet normal 0.167515024543 0.966250538826 -0.195700228214
    outer loop
      vertex -0.876940190792 1.34179162979 0.622159719467
      vertex -1.03301382065 1.31669521332 0.654300451279
      vertex -1.13112556934 1.06942081451 0.721391618252
    endloop
  endfacet
  facet normal -0.411548435688 -0.0580188632011 -0.909539282322
    outer loop
      vertex -0.991694688797 1.60289633274 0.325772404671
      vertex -1.03100419044 1.57949411869 0.237741351128
      vertex -1.07115864754 1.56925451756 0.362049639225
    endloop
  endfacet
  facet normal 0.119288563728 0.681984245777 -0.72157305479
    outer loop
      vertex -0.901235878468 1.51502680779 0.571464836597
      vertex -0.82823652029 1.53469896317 0.53788214922
      vertex -0.906394183636 1.58350467682 0.499914050102
    endloop
  endfacet
  facet normal 0.0624125376344 0.687723219395 -0.723285198212
    outer loop
      vertex -0.980980634689 1.54050779343 0.551903247833
      vertex -0.901235878468 1.51502680779 0.571464836597
      vertex -0.906394183636 1.58350467682 0.499914050102
    endloop
  endfacet
  facet normal 0.251343697309 0.940211951733 -0.22984315455
    outer loop
      vertex -0.883685469627 1.44739317894 0.598147630692
      vertex -0.876940190792 1.34179162979 0.622159719467
      vertex -0.762836992741 1.35731863976 0.587861120701
    endloop
  endfacet
  facet normal 0.260573357344 0.873097360134 -0.412070989609
    outer loop
      vertex -0.901235878468 1.51502680779 0.571464836597
      vertex -0.883685469627 1.44739317894 0.598147630692
      vertex -0.776704490185 1.44696760178 0.566420376301
    endloop
  endfacet
  facet normal 0.0751089975238 0.239773407578 -0.967919111252
    outer loop
      vertex -0.906394183636 1.58350467682 0.499914050102
      vertex -0.819718778133 1.5921036005 0.438050866127
      vertex -0.892927110195 1.61661076546 0.36205303669
    endloop
  endfacet
  facet normal 0.40975472331 0.768905162811 -0.490801274776
    outer loop
      vertex -0.82823652029 1.53469896317 0.53788214922
      vertex -0.776704490185 1.44696760178 0.566420376301
      vertex -0.708678245544 1.43996012211 0.534641623497
    endloop
  endfacet
  facet normal 0.161207213998 0.0865242481232 -0.983120441437
    outer loop
      vertex -0.794821500778 1.60109555721 0.325588464737
      vertex -0.722091734409 1.59673702717 0.239605009556
      vertex -0.876525580883 1.621509552 0.245862811804
    endloop
  endfacet
  facet normal 0.429370969534 0.29666480422 -0.853012621403
    outer loop
      vertex -0.678105533123 1.53420293331 0.399574637413
      vertex -0.70954054594 1.56295180321 0.362408280373
      vertex -0.819718778133 1.5921036005 0.438050866127
    endloop
  endfacet
  facet normal 0.378614872694 0.923139989376 -0.0668084770441
    outer loop
      vertex -0.645858824253 1.23226428032 0.561032295227
      vertex -0.759873688221 1.17003953457 0.612297356129
      vertex -0.697470128536 1.06576788425 0.594249486923
    endloop
  endfacet
  facet normal 0.460158675909 0.85263633728 -0.247518211603
    outer loop
      vertex -0.708678245544 1.43996012211 0.534641623497
      vertex -0.762836992741 1.35731863976 0.587861120701
      vertex -0.645858824253 1.23226428032 0.561032295227
    endloop
  endfacet
  facet normal 0.377022922039 0.0824474021792 -0.922527015209
    outer loop
      vertex -0.6303820014 1.54063439369 0.250141948462
      vertex -0.794821500778 1.60109555721 0.325588464737
      vertex -0.70954054594 1.56295180321 0.362408280373
    endloop
  endfacet
  facet normal 0.556084513664 0.671089828014 -0.490314632654
    outer loop
      vertex -0.641453027725 1.47593152523 0.452655345201
      vertex -0.708678245544 1.43996012211 0.534641623497
      vertex -0.605790138245 1.40668106079 0.473700076342
    endloop
  endfacet
  facet normal 0.558854162693 0.747929751873 -0.358166337013
    outer loop
      vertex -0.605790138245 1.40668106079 0.473700076342
      vertex -0.708678245544 1.43996012211 0.534641623497
      vertex -0.604677855968 1.31642818451 0.51608902216
    endloop
  endfacet
  facet normal 0.654687225819 0.3064840734 -0.690979123116
    outer loop
      vertex -0.641453027725 1.47593152523 0.452655345201
      vertex -0.595446586609 1.47226846218 0.362638324499
      vertex -0.678105533123 1.53420293331 0.399574637413
    endloop
  endfacet
  facet normal 0.520244836807 0.201862409711 -0.829817414284
    outer loop
      vertex -0.678105533123 1.53420293331 0.399574637413
      vertex -0.6303820014 1.54063439369 0.250141948462
      vertex -0.70954054594 1.56295180321 0.362408280373
    endloop
  endfacet
  facet normal 0.648290395737 0.238166287541 -0.723184883595
    outer loop
      vertex -0.595446586609 1.47226846218 0.362638324499
      vertex -0.6303820014 1.54063439369 0.250141948462
      vertex -0.678105533123 1.53420293331 0.399574637413
    endloop
  endfacet
  facet normal 0.587080001831 0.797568202019 -0.138643413782
    outer loop
      vertex -0.604677855968 1.31642818451 0.51608902216
      vertex -0.645858824253 1.23226428032 0.561032295227
      vertex -0.561647176743 1.20352876186 0.504040300846
    endloop
  endfacet
  facet normal 0.574089825153 0.816338062286 -0.0633480846882
    outer loop
      vertex -0.562823057175 1.07196426392 0.515076637268
      vertex -0.561647176743 1.20352876186 0.504040300846
      vertex -0.645858824253 1.23226428032 0.561032295227
    endloop
  endfacet
  facet normal 0.505977511406 0.862255573273 -0.0224069878459
    outer loop
      vertex -0.697470128536 1.06576788425 0.594249486923
      vertex -0.621822059155 0.933657765388 0.553291797638
      vertex -0.562823057175 1.07196426392 0.515076637268
    endloop
  endfacet
  facet normal 0.756032288074 0.364269018173 -0.543804466724
    outer loop
      vertex -0.641453027725 1.47593152523 0.452655345201
      vertex -0.556389153004 1.408010602 0.37750390172
      vertex -0.595446586609 1.47226846218 0.362638324499
    endloop
  endfacet
  facet normal 0.840305328369 0.527226269245 -0.126172229648
    outer loop
      vertex -0.541915118694 1.30445325375 0.448438316584
      vertex -0.561647176743 1.20352876186 0.504040300846
      vertex -0.508231163025 1.12548863888 0.43758058548
    endloop
  endfacet
  facet normal 0.802639603615 0.594931602478 -0.0427326932549
    outer loop
      vertex -0.562823057175 1.07196426392 0.515076637268
      vertex -0.508231163025 1.12548863888 0.43758058548
      vertex -0.561647176743 1.20352876186 0.504040300846
    endloop
  endfacet
  facet normal 0.896998345852 0.418105632067 -0.143463090062
    outer loop
      vertex -0.541915118694 1.30445325375 0.448438316584
      vertex -0.508231163025 1.12548863888 0.43758058548
      vertex -0.496283829212 1.2204631567 0.379360765219
    endloop
  endfacet
  facet normal 0.824531674385 0.565372467041 0.0223937686533
    outer loop
      vertex -0.562823057175 1.07196426392 0.515076637268
      vertex -0.53037828207 0.913189828396 0.461470812559
      vertex -0.508231163025 1.12548863888 0.43758058548
    endloop
  endfacet
  facet normal 0.951418876648 0.300997167826 -0.0648292154074
    outer loop
      vertex -0.508231163025 1.12548863888 0.43758058548
      vertex -0.483874887228 1.07507228851 0.371451854706
      vertex -0.496283829212 1.2204631567 0.379360765219
    endloop
  endfacet
  facet normal 0.978974759579 0.177751794457 0.100063502789
    outer loop
      vertex -0.483874887228 1.07507228851 0.371451854706
      vertex -0.50338602066 0.939041137695 0.402332752943
      vertex -0.469828188419 1.02571737766 0.266305267811
    endloop
  endfacet
  facet normal 0.0707962214947 0.997443497181 0.00971111655235
    outer loop
      vertex -1.23889863491 0.730239093304 0.881687343121
      vertex -1.17681968212 0.654113233089 0.876540005207
      vertex -1.14879453182 0.691479682922 0.874914646149
    endloop
  endfacet
  facet normal 0.177313819528 0.605307579041 -0.77599132061
    outer loop
      vertex -1.19023048878 0.624264538288 0.91873383522
      vertex -1.17681968212 0.654113233089 0.876540005207
      vertex -1.31883347034 0.651443958282 0.921562314034
    endloop
  endfacet
  facet normal -0.147917211056 0.832890212536 -0.533305168152
    outer loop
      vertex -1.23102080822 0.858820319176 0.787985265255
      vertex -1.32686173916 0.774335086346 0.825060844421
      vertex -1.21642768383 0.785517215729 0.837513387203
    endloop
  endfacet
  facet normal 0.0132721858099 0.827293515205 -0.56161314249
    outer loop
      vertex -1.15568578243 0.852021217346 0.79139226675
      vertex -1.23102080822 0.858820319176 0.787985265255
      vertex -1.21642768383 0.785517215729 0.837513387203
    endloop
  endfacet
  facet normal 0.318879336119 0.889981210232 -0.325959205627
    outer loop
      vertex -1.21642768383 0.785517215729 0.837513387203
      vertex -1.13986003399 0.724142074585 0.832558214664
      vertex -1.15568578243 0.852021217346 0.79139226675
    endloop
  endfacet
  facet normal 0.468903273344 0.76845896244 -0.435431391001
    outer loop
      vertex -1.09181249142 0.574066519737 0.872441411018
      vertex -1.15091478825 0.581367850304 0.904367685318
      vertex -1.07514941692 0.523480772972 0.890937209129
    endloop
  endfacet
  facet normal 0.399284809828 0.857828497887 -0.323576718569
    outer loop
      vertex -1.15091478825 0.581367850304 0.904367685318
      vertex -1.11351072788 0.505507588387 0.915572404861
      vertex -1.07514941692 0.523480772972 0.890937209129
    endloop
  endfacet
  facet normal 0.236106663942 0.916079580784 -0.324117034674
    outer loop
      vertex -1.05525505543 0.851666808128 0.765633046627
      vertex -1.15568578243 0.852021217346 0.79139226675
      vertex -1.13986003399 0.724142074585 0.832558214664
    endloop
  endfacet
  facet normal 0.0402517057955 0.999154150486 0.00841302238405
    outer loop
      vertex -1.0634945631 0.615773975849 0.871651768684
      vertex -1.17681968212 0.654113233089 0.876540005207
      vertex -1.09181249142 0.574066519737 0.872441411018
    endloop
  endfacet
  facet normal -0.316259354353 0.919831037521 -0.23214404285
    outer loop
      vertex -1.0634945631 0.615773975849 0.871651768684
      vertex -1.09181249142 0.574066519737 0.872441411018
      vertex -1.07514941692 0.523480772972 0.890937209129
    endloop
  endfacet
  facet normal 0.384398937225 0.878938257694 -0.282320648432
    outer loop
      vertex -0.951322138309 0.806150555611 0.723760485649
      vertex -1.13986003399 0.724142074585 0.832558214664
      vertex -1.0255562067 0.678458333015 0.797241926193
    endloop
  endfacet
  facet normal 0.489898592234 0.773354947567 -0.402394711971
    outer loop
      vertex -0.99973732233 0.52205324173 0.843908548355
      vertex -1.07514941692 0.523480772972 0.890937209129
      vertex -1.06192672253 0.478044211864 0.906202673912
    endloop
  endfacet
  facet normal 0.78085309267 0.624641418457 0.0095680449158
    outer loop
      vertex -0.953591704369 0.413145005703 0.784554481506
      vertex -0.99973732233 0.52205324173 0.843908548355
      vertex -0.99504929781 0.36230713129 0.835601210594
    endloop
  endfacet
  facet normal 0.56236821413 0.814628958702 -0.141850709915
    outer loop
      vertex -0.955532193184 0.601258993149 0.762344479561
      vertex -0.951322138309 0.806150555611 0.723760485649
      vertex -1.0255562067 0.678458333015 0.797241926193
    endloop
  endfacet
  facet normal 0.84081441164 0.536126255989 -0.074831597507
    outer loop
      vertex -0.979551434517 0.625191986561 0.796673595905
      vertex -1.00507009029 0.591059267521 0.841459095478
      vertex -0.955532193184 0.601258993149 0.762344479561
    endloop
  endfacet
  facet normal 0.846438288689 0.527727007866 -0.0710386261344
    outer loop
      vertex -0.99973732233 0.52205324173 0.843908548355
      vertex -0.953591704369 0.413145005703 0.784554481506
      vertex -0.955532193184 0.601258993149 0.762344479561
    endloop
  endfacet
  facet normal 0.430490136147 0.887014269829 -0.166984930634
    outer loop
      vertex -0.965268194675 1.02532422543 0.689268290997
      vertex -1.05525505543 0.851666808128 0.765633046627
      vertex -0.951322138309 0.806150555611 0.723760485649
    endloop
  endfacet
  facet normal 0.833572983742 -0.0195851456374 0.552062094212
    outer loop
      vertex -0.856260478497 0.216816201806 0.490939378738
      vertex -0.992949306965 0.00987358856946 0.506516933441
      vertex -0.943636894226 0.0886274278164 0.385428309441
    endloop
  endfacet
  facet normal 0.820795893669 0.566234052181 -0.0753205120564
    outer loop
      vertex -0.953591704369 0.413145005703 0.784554481506
      vertex -0.899361431599 0.420907586813 0.704911351204
      vertex -0.955532193184 0.601258993149 0.762344479561
    endloop
  endfacet
  facet normal 0.558869123459 0.816945075989 -0.142358765006
    outer loop
      vertex -0.802018761635 0.718509554863 0.636894702911
      vertex -0.951322138309 0.806150555611 0.723760485649
      vertex -0.955532193184 0.601258993149 0.762344479561
    endloop
  endfacet
  facet normal 0.806276023388 -0.106334321201 0.581903815269
    outer loop
      vertex -0.840520858765 0.223560601473 0.428893715143
      vertex -0.943636894226 0.0886274278164 0.385428309441
      vertex -0.768387079239 0.342743963003 0.323626756668
    endloop
  endfacet
  facet normal 0.733369410038 0.636855840683 0.237873747945
    outer loop
      vertex -0.760357201099 0.525574326515 0.583935797215
      vertex -0.899361431599 0.420907586813 0.704911351204
      vertex -0.817943692207 0.398136019707 0.602649569511
    endloop
  endfacet
  facet normal 0.779663920403 0.50892418623 0.364856600761
    outer loop
      vertex -0.817943692207 0.398136019707 0.602649569511
      vertex -0.834131419659 0.285828977823 0.546934008598
      vertex -0.688576996326 0.507660806179 0.482981979847
    endloop
  endfacet
  facet normal 0.364304959774 0.929721057415 0.0538578853011
    outer loop
      vertex -0.833420395851 0.903071939945 0.638095915318
      vertex -0.680035948753 0.893952786922 0.577464938164
      vertex -0.697470128536 1.06576788425 0.594249486923
    endloop
  endfacet
  facet normal 0.850420415401 -0.0127331549302 0.525949597359
    outer loop
      vertex -0.713686704636 0.429004639387 0.413904875517
      vertex -0.840520858765 0.223560601473 0.428893715143
      vertex -0.768387079239 0.342743963003 0.323626756668
    endloop
  endfacet
  facet normal 0.533123731613 0.841733515263 -0.0852279886603
    outer loop
      vertex -0.833420395851 0.903071939945 0.638095915318
      vertex -0.802018761635 0.718509554863 0.636894702911
      vertex -0.665240883827 0.710377335548 0.551087915897
    endloop
  endfacet
  facet normal 0.764877915382 0.589805006981 0.259020924568
    outer loop
      vertex -0.760357201099 0.525574326515 0.583935797215
      vertex -0.817943692207 0.398136019707 0.602649569511
      vertex -0.688576996326 0.507660806179 0.482981979847
    endloop
  endfacet
  facet normal 0.724244534969 0.580880761147 0.371547281742
    outer loop
      vertex -0.760357201099 0.525574326515 0.583935797215
      vertex -0.688576996326 0.507660806179 0.482981979847
      vertex -0.626448452473 0.680571317673 0.516118168831
    endloop
  endfacet
  facet normal 0.825736701488 0.266132593155 0.497325152159
    outer loop
      vertex -0.688576996326 0.507660806179 0.482981979847
      vertex -0.713686704636 0.429004639387 0.413904875517
      vertex -0.577762246132 0.669008433819 0.440666288137
    endloop
  endfacet
  facet normal 0.761487901211 0.520313441753 0.386536091566
    outer loop
      vertex -0.688576996326 0.507660806179 0.482981979847
      vertex -0.577762246132 0.669008433819 0.440666288137
      vertex -0.580329120159 0.717733442783 0.480620354414
    endloop
  endfacet
  facet normal 0.852681815624 0.151929482818 0.499851167202
    outer loop
      vertex -0.577762246132 0.669008433819 0.440666288137
      vertex -0.713686704636 0.429004639387 0.413904875517
      vertex -0.580402195454 0.648148536682 0.386853247881
    endloop
  endfacet
  facet normal 0.853194117546 -0.0189034882933 0.521250844002
    outer loop
      vertex -0.580402195454 0.648148536682 0.386853247881
      vertex -0.713686704636 0.429004639387 0.413904875517
      vertex -0.768387079239 0.342743963003 0.323626756668
    endloop
  endfacet
  facet normal 0.638346254826 0.752068817616 0.164032101631
    outer loop
      vertex -0.665240883827 0.710377335548 0.551087915897
      vertex -0.580329120159 0.717733442783 0.480620354414
      vertex -0.569216251373 0.910191357136 0.513164460659
    endloop
  endfacet
  facet normal 0.855420768261 -0.0564510710537 0.514848053455
    outer loop
      vertex -0.768387079239 0.342743963003 0.323626756668
      vertex -0.596587955952 0.629531919956 0.311373710632
      vertex -0.580402195454 0.648148536682 0.386853247881
    endloop
  endfacet
  facet normal 0.795025229454 0.588871479034 0.145482838154
    outer loop
      vertex -0.580329120159 0.717733442783 0.480620354414
      vertex -0.53037828207 0.913189828396 0.461470812559
      vertex -0.569216251373 0.910191357136 0.513164460659
    endloop
  endfacet
  facet normal 0.906503796577 0.374479442835 0.194977045059
    outer loop
      vertex -0.580329120159 0.717733442783 0.480620354414
      vertex -0.531688213348 0.785672307014 0.398248225451
      vertex -0.53037828207 0.913189828396 0.461470812559
    endloop
  endfacet
  facet normal 0.92222982645 0.34255027771 0.179308265448
    outer loop
      vertex -0.531688213348 0.785672307014 0.398248225451
      vertex -0.50338602066 0.939041137695 0.402332752943
      vertex -0.53037828207 0.913189828396 0.461470812559
    endloop
  endfacet
  facet normal 0.941386222839 0.0302793998271 0.335968911648
    outer loop
      vertex -0.580402195454 0.648148536682 0.386853247881
      vertex -0.543504953384 0.744416713715 0.307874023914
      vertex -0.531688213348 0.785672307014 0.398248225451
    endloop
  endfacet
  facet normal 0.973187029362 0.112105041742 0.200847014785
    outer loop
      vertex -0.50338602066 0.939041137695 0.402332752943
      vertex -0.488026112318 0.911754667759 0.220106989145
      vertex -0.469828188419 1.02571737766 0.266305267811
    endloop
  endfacet
  facet normal 0.860984325409 0.127262890339 0.492453217506
    outer loop
      vertex -1.13855195045 -0.244180798531 0.602585971355
      vertex -1.26519465446 -0.475108712912 0.565781652927
      vertex -1.21919608116 -0.407713145018 0.515375137329
    endloop
  endfacet
  facet normal 0.877977728844 -0.143716007471 0.45661893487
    outer loop
      vertex -1.23830628395 -0.418574124575 0.383233189583
      vertex -1.09600830078 -0.117070533335 0.294601291418
      vertex -1.11223435402 -0.20079651475 0.461491197348
    endloop
  endfacet
  facet normal 0.871385633945 -0.168441265821 0.460776120424
    outer loop
      vertex -1.09600830078 -0.117070533335 0.294601291418
      vertex -1.23830628395 -0.418574124575 0.383233189583
      vertex -1.24456548691 -0.396374493837 0.290125131607
    endloop
  endfacet
  facet normal 0.847198188305 0.300359040499 0.438223332167
    outer loop
      vertex -1.03366541862 0.0202177278697 0.692498147488
      vertex -1.13855195045 -0.244180798531 0.602585971355
      vertex -0.997886955738 0.0310818962753 0.607431471348
    endloop
  endfacet
  facet normal 0.869215190411 0.0101314196363 0.494330137968
    outer loop
      vertex -0.992949306965 0.00987358856946 0.506516933441
      vertex -1.13855195045 -0.244180798531 0.602585971355
      vertex -1.11223435402 -0.20079651475 0.461491197348
    endloop
  endfacet
  facet normal 0.826480448246 -0.173884019256 0.535438537598
    outer loop
      vertex -1.09600830078 -0.117070533335 0.294601291418
      vertex -0.984770298004 0.0596008971334 0.279299914837
      vertex -0.943636894226 0.0886274278164 0.385428309441
    endloop
  endfacet
  facet normal 0.813443720341 -0.0528133437037 0.579240977764
    outer loop
      vertex -1.09600830078 -0.117070533335 0.294601291418
      vertex -0.943636894226 0.0886274278164 0.385428309441
      vertex -1.02509689331 -0.0284188985825 0.414491653442
    endloop
  endfacet
  facet normal -0.885282516479 -0.00946642737836 -0.464957296848
    outer loop
      vertex -2.70443296432 -1.32013857365 1.31695008278
      vertex -2.65215730667 -1.21957361698 1.3676224947
      vertex -2.66822314262 -1.25261604786 1.24714159966
    endloop
  endfacet
  facet normal -0.452475398779 -0.0726590007544 -0.888811945915
    outer loop
      vertex -2.52706623077 -1.07864701748 1.35254251957
      vertex -2.56638526917 -1.09833419323 1.35657119751
      vertex -2.59630036354 -1.11098980904 1.38805186749
    endloop
  endfacet
  facet normal -0.482803702354 -0.191161796451 -0.854609727859
    outer loop
      vertex -2.5600028038 -1.15988028049 1.28977751732
      vertex -2.56626439095 -1.1733905077 1.24519300461
      vertex -2.61781382561 -1.1860255003 1.31890153885
    endloop
  endfacet
  facet normal -0.524392783642 -0.212142109871 -0.824625909328
    outer loop
      vertex -2.48664808273 -1.1143348217 1.28549408913
      vertex -2.49087405205 -1.13017380238 1.23437166214
      vertex -2.5600028038 -1.15988028049 1.28977751732
    endloop
  endfacet
  facet normal -0.508570253849 -0.183492124081 -0.841241300106
    outer loop
      vertex -2.49087405205 -1.13017380238 1.23437166214
      vertex -2.56626439095 -1.1733905077 1.24519300461
      vertex -2.5600028038 -1.15988028049 1.28977751732
    endloop
  endfacet
  facet normal 0.305695146322 -0.256745845079 -0.916859865189
    outer loop
      vertex -2.34098625183 -1.07416498661 1.35208332539
      vertex -2.41490149498 -1.07357978821 1.26616585255
      vertex -2.41581320763 -1.0383130312 1.39102065563
    endloop
  endfacet
  facet normal -0.865276455879 -0.0193447656929 0.500921547413
    outer loop
      vertex -2.60832309723 -2.05728602409 1.38508701324
      vertex -2.68947887421 -1.9112226963 1.23289775848
      vertex -2.59751319885 -2.06812334061 1.18219411373
    endloop
  endfacet
  facet normal -0.85618263483 -0.0180357117206 0.516358375549
    outer loop
      vertex -2.60832309723 -2.05728602409 1.38508701324
      vertex -2.59751319885 -2.06812334061 1.18219411373
      vertex -2.53445100784 -2.1814596653 1.43332755566
    endloop
  endfacet
  facet normal -0.952220201492 0.0809981524944 0.294475823641
    outer loop
      vertex -2.53445100784 -2.1814596653 1.43332755566
      vertex -2.54788208008 -2.1860229969 1.25884032249
      vertex -2.51549863815 -2.24620866776 1.42073237896
    endloop
  endfacet
  facet normal -0.919102370739 0.0380517169833 0.39217710495
    outer loop
      vertex -2.48990321159 -2.31175899506 1.36337542534
      vertex -2.51549863815 -2.24620866776 1.42073237896
      vertex -2.54788208008 -2.1860229969 1.25884032249
    endloop
  endfacet
  facet normal -0.901626765728 -0.019623985514 0.432069569826
    outer loop
      vertex -2.48990321159 -2.31175899506 1.36337542534
      vertex -2.54788208008 -2.1860229969 1.25884032249
      vertex -2.48615574837 -2.31550264359 1.27362203598
    endloop
  endfacet
  facet normal -0.867100358009 -0.406558632851 0.287831634283
    outer loop
      vertex -2.54788208008 -2.1860229969 1.25884032249
      vertex -2.51384878159 -2.1984398365 1.1950455904
      vertex -2.4910068512 -2.29457998276 1.21439313889
    endloop
  endfacet
  facet normal 0.160293698311 -0.538082063198 0.827510476112
    outer loop
      vertex -2.38607096672 -2.42600560188 1.45951926708
      vertex -2.43674898148 -2.41834926605 1.43264758587
      vertex -2.34077262878 -2.37950944901 1.40150761604
    endloop
  endfacet
  facet normal 0.257232517004 -0.196957394481 0.94606512785
    outer loop
      vertex -2.3487803936 -2.31711888313 1.30594480038
      vertex -2.45480775833 -2.33663415909 1.2612092495
      vertex -2.41628456116 -2.32039904594 1.23353838921
    endloop
  endfacet
  facet normal 0.455130785704 -0.41227632761 0.789230108261
    outer loop
      vertex -2.41628456116 -2.32039904594 1.23353838921
      vertex -2.39849805832 -2.28309726715 1.18176603317
      vertex -2.33190751076 -2.2782497406 1.24599862099
    endloop
  endfacet
  facet normal 0.197081252933 -0.767754375935 0.609682023525
    outer loop
      vertex -2.38607096672 -2.42600560188 1.45951926708
      vertex -2.21334648132 -2.30358695984 1.40664339066
      vertex -2.31507587433 -2.39894080162 1.4562510252
    endloop
  endfacet
  facet normal 0.426182329655 -0.519316017628 0.740729033947
    outer loop
      vertex -2.34077262878 -2.37950944901 1.40150761604
      vertex -2.3487803936 -2.31711888313 1.30594480038
      vertex -1.96185493469 -2.17137074471 1.41559076309
    endloop
  endfacet
  facet normal 0.407756835222 -0.652314782143 0.638920843601
    outer loop
      vertex -2.19315671921 -2.18108654022 1.21949970722
      vertex -2.26516485214 -2.23986196518 1.23205661774
      vertex -2.21488547325 -2.15509271622 1.18045711517
    endloop
  endfacet
  facet normal 0.544961929321 -0.378012120724 0.748413860798
    outer loop
      vertex -2.19799375534 -2.21505713463 1.27978372574
      vertex -2.26516485214 -2.23986196518 1.23205661774
      vertex -2.19315671921 -2.18108654022 1.21949970722
    endloop
  endfacet
  facet normal 0.394393384457 -0.56231200695 0.726814329624
    outer loop
      vertex -2.3487803936 -2.31711888313 1.30594480038
      vertex -2.19799375534 -2.21505713463 1.27978372574
      vertex -2.05594325066 -2.16367197037 1.31299710274
    endloop
  endfacet
  facet normal 0.00643582362682 -0.978139996529 -0.207847982645
    outer loop
      vertex -2.26068353653 -2.03711771965 1.19699072838
      vertex -2.10464096069 -2.00004315376 1.2058955431
      vertex -2.19512081146 -2.04280662537 1.19621324539
    endloop
  endfacet
  facet normal 0.394187033176 -0.558726549149 0.729685723782
    outer loop
      vertex -2.21488547325 -2.15509271622 1.18045711517
      vertex -2.12586116791 -2.10676884651 1.18015480042
      vertex -2.06825780869 -2.1304166317 1.25167787075
    endloop
  endfacet
  facet normal -0.80523878336 0.585197627544 -0.0955735445023
    outer loop
      vertex -2.96156835556 -1.42019069195 0.606761753559
      vertex -2.9258620739 -1.52534222603 0.673067092896
      vertex -2.90569901466 -1.41684758663 0.683092534542
    endloop
  endfacet
  facet normal -0.807057023048 0.590440392494 -0.00625500595197
    outer loop
      vertex -2.90569901466 -1.41684758663 0.683092534542
      vertex -2.94581818581 -1.36367583275 0.627691447735
      vertex -2.96156835556 -1.42019069195 0.606761753559
    endloop
  endfacet
  facet normal -0.686588287354 0.696698606014 -0.207864254713
    outer loop
      vertex -2.92540335655 -1.21907687187 0.604668021202
      vertex -2.94581818581 -1.36367583275 0.627691447735
      vertex -2.90569901466 -1.41684758663 0.683092534542
    endloop
  endfacet
  facet normal -0.968729376793 0.235898837447 0.0769100338221
    outer loop
      vertex -2.94696497917 -1.55086195469 0.624128162861
      vertex -2.96156835556 -1.42019069195 0.606761753559
      vertex -2.97347807884 -1.45445585251 0.54668211937
    endloop
  endfacet
  facet normal -0.869195401669 0.454368412495 -0.195060670376
    outer loop
      vertex -2.92540335655 -1.21907687187 0.604668021202
      vertex -2.97233629227 -1.24709379673 0.52691423893
      vertex -2.94581818581 -1.36367583275 0.627691447735
    endloop
  endfacet
  facet normal -0.973167419434 0.0550431497395 0.223417654634
    outer loop
      vertex -2.94696497917 -1.55086195469 0.624128162861
      vertex -2.97347807884 -1.45445585251 0.54668211937
      vertex -2.93645048141 -1.61031961441 0.568689286709
    endloop
  endfacet
  facet normal -0.872776031494 0.41828379035 -0.251596271992
    outer loop
      vertex -2.92561483383 -1.07593643665 0.521450936794
      vertex -2.96427297592 -1.14109647274 0.479981690645
      vertex -2.97233629227 -1.24709379673 0.52691423893
    endloop
  endfacet
  facet normal -0.74060022831 0.581384122372 -0.336903244257
    outer loop
      vertex -2.87215709686 -1.08515357971 0.594889640808
      vertex -2.92561483383 -1.07593643665 0.521450936794
      vertex -2.92540335655 -1.21907687187 0.604668021202
    endloop
  endfacet
  facet normal -0.985443532467 0.0234162826091 0.168382585049
    outer loop
      vertex -2.97347807884 -1.45445585251 0.54668211937
      vertex -2.98551893234 -1.39530658722 0.465291321278
      vertex -2.96966695786 -1.4908977747 0.445021152496
    endloop
  endfacet
  facet normal -0.893103718758 0.282575637102 -0.350023925304
    outer loop
      vertex -2.92561483383 -1.07593643665 0.521450936794
      vertex -2.93457007408 -1.02292430401 0.427481412888
      vertex -2.96427297592 -1.14109647274 0.479981690645
    endloop
  endfacet
  facet normal -0.968976438046 0.0225932560861 0.246118396521
    outer loop
      vertex -2.93645048141 -1.61031961441 0.568689286709
      vertex -2.96966695786 -1.4908977747 0.445021152496
      vertex -2.95495700836 -1.55512392521 0.376256108284
    endloop
  endfacet
  facet normal -0.944292187691 0.138130232692 -0.298717677593
    outer loop
      vertex -2.93457007408 -1.02292430401 0.427481412888
      vertex -2.9639942646 -1.10497701168 0.403776586056
      vertex -2.96427297592 -1.14109647274 0.479981690645
    endloop
  endfacet
  facet normal -0.926286637783 0.275376141071 0.257217824459
    outer loop
      vertex -2.95495700836 -1.55512392521 0.376256108284
      vertex -2.92077636719 -1.68712472916 0.367933243513
      vertex -2.88913869858 -1.71168684959 0.45141094923
    endloop
  endfacet
  facet normal -0.600598216057 0.767716884613 -0.223366543651
    outer loop
      vertex -2.84764814377 -1.22120916843 0.671585917473
      vertex -2.90569901466 -1.41684758663 0.683092534542
      vertex -2.8602449894 -1.37855160236 0.707509815693
    endloop
  endfacet
  facet normal -0.858872234821 0.472918897867 0.196688041091
    outer loop
      vertex -2.9258620739 -1.52534222603 0.673067092896
      vertex -2.94696497917 -1.55086195469 0.624128162861
      vertex -2.87843513489 -1.61119663715 0.723492562771
    endloop
  endfacet
  facet normal -0.86078196764 0.45420986414 0.229668900371
    outer loop
      vertex -2.87843513489 -1.61119663715 0.723492562771
      vertex -2.94696497917 -1.55086195469 0.624128162861
      vertex -2.86222100258 -1.72266149521 0.697858572006
    endloop
  endfacet
  facet normal -0.909512221813 0.211372226477 0.3579236269
    outer loop
      vertex -2.94696497917 -1.55086195469 0.624128162861
      vertex -2.93645048141 -1.61031961441 0.568689286709
      vertex -2.86222100258 -1.72266149521 0.697858572006
    endloop
  endfacet
  facet normal -0.886877000332 0.12213704735 0.445568978786
    outer loop
      vertex -2.86222100258 -1.72266149521 0.697858572006
      vertex -2.93645048141 -1.61031961441 0.568689286709
      vertex -2.8892660141 -1.712454319 0.538712561131
    endloop
  endfacet
  facet normal -0.697130024433 0.563145935535 -0.443707495928
    outer loop
      vertex -2.8570318222 -0.97938811779 0.530279994011
      vertex -2.92561483383 -1.07593643665 0.521450936794
      vertex -2.87215709686 -1.08515357971 0.594889640808
    endloop
  endfacet
  facet normal -0.919740974903 0.262783557177 0.291584193707
    outer loop
      vertex -2.88913869858 -1.71168684959 0.45141094923
      vertex -2.92077636719 -1.68712472916 0.367933243513
      vertex -2.82980656624 -1.89358150959 0.457243144512
    endloop
  endfacet
  facet normal -0.926540195942 0.118008114398 0.357207685709
    outer loop
      vertex -2.82980656624 -1.89358150959 0.457243144512
      vertex -2.92077636719 -1.68712472916 0.367933243513
      vertex -2.87887954712 -1.81133842468 0.320894390345
    endloop
  endfacet
  facet normal -0.884015142918 0.35009381175 -0.309760481119
    outer loop
      vertex -2.80987000465 -1.62759280205 0.929323673248
      vertex -2.78254795074 -1.4975284338 0.883234083652
      vertex -2.84768795967 -1.55340635777 0.768190741539
    endloop
  endfacet
  facet normal -0.974483311176 0.224250689149 0.00968902744353
    outer loop
      vertex -2.84768795967 -1.55340635777 0.768190741539
      vertex -2.83586645126 -1.71058487892 0.812769949436
      vertex -2.80987000465 -1.62759280205 0.929323673248
    endloop
  endfacet
  facet normal -0.614209771156 0.747736930847 -0.25226137042
    outer loop
      vertex -2.8602449894 -1.37855160236 0.707509815693
      vertex -2.90569901466 -1.41684758663 0.683092534542
      vertex -2.80901956558 -1.47020614147 0.780508816242
    endloop
  endfacet
  facet normal -0.897435069084 0.12538176775 0.422953486443
    outer loop
      vertex -2.76365065575 -1.90842461586 0.776748478413
      vertex -2.86222100258 -1.72266149521 0.697858572006
      vertex -2.8892660141 -1.712454319 0.538712561131
    endloop
  endfacet
  facet normal -0.918267607689 0.268611252308 0.290916770697
    outer loop
      vertex -2.75402927399 -1.95645534992 0.648198485374
      vertex -2.88913869858 -1.71168684959 0.45141094923
      vertex -2.82980656624 -1.89358150959 0.457243144512
    endloop
  endfacet
  facet normal -0.53112077713 0.687149584293 -0.495717793703
    outer loop
      vertex -2.87215709686 -1.08515357971 0.594889640808
      vertex -2.78251743317 -1.00327539444 0.605107247829
      vertex -2.8570318222 -0.97938811779 0.530279994011
    endloop
  endfacet
  facet normal -0.97641146183 0.206347152591 0.0635732039809
    outer loop
      vertex -2.74491429329 -1.75708603859 1.21721827984
      vertex -2.76592564583 -1.60772359371 1.16381192207
      vertex -2.78731703758 -1.75760734081 1.01641273499
    endloop
  endfacet
  facet normal -0.972345113754 0.168521612883 -0.161695584655
    outer loop
      vertex -2.76386070251 -1.47918915749 1.0523982048
      vertex -2.80987000465 -1.62759280205 0.929323673248
      vertex -2.76592564583 -1.60772359371 1.16381192207
    endloop
  endfacet
  facet normal -0.969126999378 0.0818432793021 -0.232582286
    outer loop
      vertex -2.76386070251 -1.47918915749 1.0523982048
      vertex -2.78254795074 -1.4975284338 0.883234083652
      vertex -2.80987000465 -1.62759280205 0.929323673248
    endloop
  endfacet
  facet normal -0.942113339901 0.156082943082 0.296750038862
    outer loop
      vertex -2.78731703758 -1.75760734081 1.01641273499
      vertex -2.83586645126 -1.71058487892 0.812769949436
      vertex -2.76045179367 -1.86413311958 0.976040303707
    endloop
  endfacet
  facet normal -0.788226425648 0.339615345001 -0.513186633587
    outer loop
      vertex -2.78254795074 -1.4975284338 0.883234083652
      vertex -2.70984196663 -1.36434864998 0.850734651089
      vertex -2.80901956558 -1.47020614147 0.780508816242
    endloop
  endfacet
  facet normal -0.508860468864 0.78909432888 -0.344080150127
    outer loop
      vertex -2.72223424911 -1.28271770477 0.754720449448
      vertex -2.8602449894 -1.37855160236 0.707509815693
      vertex -2.80901956558 -1.47020614147 0.780508816242
    endloop
  endfacet
  facet normal -0.955787718296 0.0403055511415 -0.291282176971
    outer loop
      vertex -2.7379860878 -1.43971037865 1.38066959381
      vertex -2.72316503525 -1.35661780834 1.13163125515
      vertex -2.76386070251 -1.47918915749 1.0523982048
    endloop
  endfacet
  facet normal -0.930264592171 0.197240784764 0.309360355139
    outer loop
      vertex -2.74491429329 -1.75708603859 1.21721827984
      vertex -2.78731703758 -1.75760734081 1.01641273499
      vertex -2.76045179367 -1.86413311958 0.976040303707
    endloop
  endfacet
  facet normal -0.787183403969 0.296884834766 -0.540556848049
    outer loop
      vertex -2.70984196663 -1.36434864998 0.850734651089
      vertex -2.69208860397 -1.30662548542 0.792707026005
      vertex -2.80901956558 -1.47020614147 0.780508816242
    endloop
  endfacet
  facet normal -0.924375236034 -0.0829802155495 -0.372350215912
    outer loop
      vertex -2.68263673782 -1.28175592422 1.01607978344
      vertex -2.71805763245 -1.37775933743 0.979869544506
      vertex -2.72316503525 -1.35661780834 1.13163125515
    endloop
  endfacet
  facet normal -0.800952136517 -0.399309754372 -0.446124851704
    outer loop
      vertex -2.68263673782 -1.28175592422 1.01607978344
      vertex -2.64007377625 -1.27976918221 0.932924807072
      vertex -2.71805763245 -1.37775933743 0.979869544506
    endloop
  endfacet
  facet normal -0.778708636761 0.0155918486416 -0.627191960812
    outer loop
      vertex -2.71805763245 -1.37775933743 0.979869544506
      vertex -2.64007377625 -1.27976918221 0.932924807072
      vertex -2.70984196663 -1.36434864998 0.850734651089
    endloop
  endfacet
  facet normal -0.669351398945 0.410925060511 -0.618958234787
    outer loop
      vertex -2.6016998291 -1.2271348238 0.820207118988
      vertex -2.69208860397 -1.30662548542 0.792707026005
      vertex -2.70984196663 -1.36434864998 0.850734651089
    endloop
  endfacet
  facet normal -0.679040133953 -0.0715409740806 -0.730606853962
    outer loop
      vertex -2.62603878975 -1.21892869473 1.19077324867
      vertex -2.65254187584 -1.25233495235 1.10117173195
      vertex -2.66822314262 -1.25261604786 1.24714159966
    endloop
  endfacet
  facet normal -0.573174893856 0.511857092381 -0.639900684357
    outer loop
      vertex -2.72223424911 -1.28271770477 0.754720449448
      vertex -2.6016998291 -1.2271348238 0.820207118988
      vertex -2.52873659134 -1.13426756859 0.785812437534
    endloop
  endfacet
  facet normal -0.573745250702 0.711094617844 -0.406399786472
    outer loop
      vertex -2.6016998291 -1.2271348238 0.820207118988
      vertex -2.72223424911 -1.28271770477 0.754720449448
      vertex -2.69208860397 -1.30662548542 0.792707026005
    endloop
  endfacet
  facet normal -0.350747108459 0.813121020794 -0.464554280043
    outer loop
      vertex -2.56697106361 -1.06179404259 0.727913916111
      vertex -2.7700240612 -1.12304210663 0.675317585468
      vertex -2.52873659134 -1.13426756859 0.785812437534
    endloop
  endfacet
  facet normal -0.382651865482 0.867802202702 -0.317012429237
    outer loop
      vertex -2.7700240612 -1.12304210663 0.675317585468
      vertex -2.72223424911 -1.28271770477 0.754720449448
      vertex -2.52873659134 -1.13426756859 0.785812437534
    endloop
  endfacet
  facet normal -0.544776201248 -0.39376103878 -0.740385830402
    outer loop
      vertex -2.51593327522 -1.17278170586 1.06629216671
      vertex -2.58612751961 -1.22373998165 1.06759095192
      vertex -2.58577847481 -1.18655157089 1.13703298569
    endloop
  endfacet
  facet normal -0.444740593433 0.637745201588 -0.628877460957
    outer loop
      vertex -2.62811517715 -1.22291648388 1.0374982357
      vertex -2.58612751961 -1.22373998165 1.06759095192
      vertex -2.51593327522 -1.17278170586 1.06629216671
    endloop
  endfacet
  facet normal -0.524810254574 -0.558496952057 -0.64238256216
    outer loop
      vertex -2.55300474167 -1.18045735359 0.996524989605
      vertex -2.53215837479 -1.19391274452 0.961459636688
      vertex -2.61790752411 -1.24321949482 0.985324084759
    endloop
  endfacet
  facet normal -0.717983603477 0.0560391657054 -0.693800508976
    outer loop
      vertex -2.48083639145 -1.11613607407 1.18917989731
      vertex -2.50835061073 -1.14213347435 1.15852713585
      vertex -2.49087405205 -1.13017380238 1.23437166214
    endloop
  endfacet
  facet normal -0.626272857189 -0.0777219235897 -0.775720059872
    outer loop
      vertex -2.53215837479 -1.19391274452 0.961459636688
      vertex -2.45244216919 -1.12816262245 0.975350141525
      vertex -2.46949100494 -1.15075135231 0.887275934219
    endloop
  endfacet
  facet normal -0.353064984083 0.347295999527 -0.868752300739
    outer loop
      vertex -2.46949100494 -1.15075135231 0.887275934219
      vertex -2.41266608238 -1.0932418108 0.801186144352
      vertex -2.52873659134 -1.13426756859 0.785812437534
    endloop
  endfacet
  facet normal -0.28549182415 0.816557168961 -0.501725792885
    outer loop
      vertex -2.56697106361 -1.06179404259 0.727913916111
      vertex -2.52873659134 -1.13426756859 0.785812437534
      vertex -2.41266608238 -1.0932418108 0.801186144352
    endloop
  endfacet
  facet normal -0.259212493896 0.786478757858 -0.560589015484
    outer loop
      vertex -2.41266608238 -1.0932418108 0.801186144352
      vertex -2.44162154198 -1.00185191631 0.726501643658
      vertex -2.56697106361 -1.06179404259 0.727913916111
    endloop
  endfacet
  facet normal 0.335834681988 -0.832250773907 0.441105097532
    outer loop
      vertex -2.40573835373 -1.81795752048 0.435572296381
      vertex -2.60160255432 -1.87911212444 0.388948887587
      vertex -2.5241291523 -1.77364122868 0.36431029439
    endloop
  endfacet
  facet normal 0.00362574355677 -0.166887179017 -0.985969305038
    outer loop
      vertex -2.33841896057 -1.1149969101 1.09880769253
      vertex -2.4159579277 -1.11615109444 1.09030425549
      vertex -2.43083786964 -1.10118043423 1.17842745781
    endloop
  endfacet
  facet normal -0.336624264717 0.00845043733716 -0.941601157188
    outer loop
      vertex -2.4159579277 -1.11615109444 1.09030425549
      vertex -2.45244216919 -1.12816262245 0.975350141525
      vertex -2.48992729187 -1.14203703403 1.02810132504
    endloop
  endfacet
  facet normal -0.204823493958 -0.0371935889125 -0.97809201479
    outer loop
      vertex -2.37658715248 -1.11275827885 0.962712705135
      vertex -2.45244216919 -1.12816262245 0.975350141525
      vertex -2.4159579277 -1.11615109444 1.09030425549
    endloop
  endfacet
  facet normal 0.458989232779 -0.469273328781 0.754394769669
    outer loop
      vertex -2.45144343376 -1.83257591724 0.513625979424
      vertex -2.28327441216 -1.76810991764 0.574475347996
      vertex -2.55728673935 -1.94308614731 0.587756335735
    endloop
  endfacet
  facet normal 0.502255320549 -0.303813189268 0.809590697289
    outer loop
      vertex -2.55728673935 -1.94308614731 0.587756335735
      vertex -2.28327441216 -1.76810991764 0.574475347996
      vertex -2.36673736572 -1.84366321564 0.637828469276
    endloop
  endfacet
  facet normal -0.0975410863757 -0.278999000788 -0.955324709415
    outer loop
      vertex -2.33841896057 -1.1149969101 1.09880769253
      vertex -2.43083786964 -1.10118043423 1.17842745781
      vertex -2.37982583046 -1.0821313858 1.22581923008
    endloop
  endfacet
  facet normal 0.130212455988 0.255679756403 0.957952260971
    outer loop
      vertex -2.22247266769 -1.77327442169 0.54302418232
      vertex -2.37796139717 -1.80654537678 0.497555851936
      vertex -2.2213549614 -1.78267943859 0.507217288017
    endloop
  endfacet
  facet normal 0.282377660275 -0.0634484887123 -0.957202792168
    outer loop
      vertex -2.28357338905 -1.1431375742 0.91835963726
      vertex -2.37658715248 -1.11275827885 0.962712705135
      vertex -2.33841896057 -1.1149969101 1.09880769253
    endloop
  endfacet
  facet normal 0.127116099 0.200440317392 -0.971424281597
    outer loop
      vertex -2.24926352501 -1.12597799301 0.813437759876
      vertex -2.36671972275 -1.1209359169 0.863490521908
      vertex -2.28357338905 -1.1431375742 0.91835963726
    endloop
  endfacet
  facet normal 0.290860027075 0.608140826225 -0.738623857498
    outer loop
      vertex -2.24926352501 -1.12597799301 0.813437759876
      vertex -2.28414607048 -1.06230723858 0.752789378166
      vertex -2.36671972275 -1.1209359169 0.863490521908
    endloop
  endfacet
  facet normal 0.463434427977 0.587384641171 -0.663481593132
    outer loop
      vertex -2.25501728058 -0.977350592613 0.657723009586
      vertex -2.31101799011 -0.854145765305 0.562740147114
      vertex -2.31983447075 -0.943689882755 0.670840919018
    endloop
  endfacet
  facet normal 0.22531889379 0.565828204155 0.793139219284
    outer loop
      vertex -2.28327441216 -1.76810991764 0.574475347996
      vertex -2.22247266769 -1.77327442169 0.54302418232
      vertex -2.21354150772 -1.74879229069 0.573785185814
    endloop
  endfacet
  facet normal 0.240002393723 -0.768207073212 0.593512237072
    outer loop
      vertex -2.40096783638 -1.73790514469 0.386322766542
      vertex -2.37679171562 -1.69535183907 0.360999375582
      vertex -2.17944192886 -1.68693816662 0.41615486145
    endloop
  endfacet
  facet normal 0.130174577236 -0.969528138638 0.207532554865
    outer loop
      vertex -2.27999353409 -1.5881601572 0.351051151752
      vertex -2.16281938553 -1.61471641064 0.372468143702
      vertex -2.37679171562 -1.69535183907 0.360999375582
    endloop
  endfacet
  facet normal 0.611473321915 -0.0340661108494 -0.790531396866
    outer loop
      vertex -2.22074222565 -1.18911230564 0.9792740345
      vertex -2.28357338905 -1.1431375742 0.91835963726
      vertex -2.25792264938 -1.15284073353 1.15361130238
    endloop
  endfacet
  facet normal 0.603968799114 0.317087829113 -0.731216073036
    outer loop
      vertex -2.18429231644 -1.18089902401 0.816334664822
      vertex -2.24926352501 -1.12597799301 0.813437759876
      vertex -2.28357338905 -1.1431375742 0.91835963726
    endloop
  endfacet
  facet normal 0.506914317608 0.468241125345 -0.723732054234
    outer loop
      vertex -2.18518352509 -1.07740843296 0.668994247913
      vertex -2.28414607048 -1.06230723858 0.752789378166
      vertex -2.24926352501 -1.12597799301 0.813437759876
    endloop
  endfacet
  facet normal 0.6049015522 0.625608563423 -0.492654055357
    outer loop
      vertex -2.28414607048 -1.06230723858 0.752789378166
      vertex -2.18518352509 -1.07740843296 0.668994247913
      vertex -2.25501728058 -0.977350592613 0.657723009586
    endloop
  endfacet
  facet normal 0.445607066154 -0.379755407572 0.810691177845
    outer loop
      vertex -2.36673736572 -1.84366321564 0.637828469276
      vertex -2.28327441216 -1.76810991764 0.574475347996
      vertex -2.17522954941 -1.7670789957 0.699054896832
    endloop
  endfacet
  facet normal 0.230376452208 -0.822625398636 0.519821226597
    outer loop
      vertex -2.40573835373 -1.81795752048 0.435572296381
      vertex -2.40096783638 -1.73790514469 0.386322766542
      vertex -2.17944192886 -1.68693816662 0.41615486145
    endloop
  endfacet
  facet normal 0.864074289799 -0.107338771224 -0.491786569357
    outer loop
      vertex -2.17608880997 -1.23127782345 1.14554607868
      vertex -2.1188147068 -1.34270298481 1.09609222412
      vertex -2.22074222565 -1.18911230564 0.9792740345
    endloop
  endfacet
  facet normal 0.555367052555 0.475733667612 -0.68208861351
    outer loop
      vertex -2.18518352509 -1.07740843296 0.668994247913
      vertex -2.24926352501 -1.12597799301 0.813437759876
      vertex -2.18429231644 -1.18089902401 0.816334664822
    endloop
  endfacet
  facet normal 0.824401497841 0.131227180362 -0.550582945347
    outer loop
      vertex -2.17528438568 -1.01301622391 0.558277547359
      vertex -2.21083283424 -0.931378602982 0.439078807831
      vertex -2.23805212975 -0.914657890797 0.539922952652
    endloop
  endfacet
  facet normal 0.182881250978 -0.787589669228 0.588436067104
    outer loop
      vertex -2.24980950356 -1.7604393959 0.454730600119
      vertex -2.17944192886 -1.68693816662 0.41615486145
      vertex -2.09729266167 -1.710247159 0.452645152807
    endloop
  endfacet
  facet normal 0.866519808769 -0.152636259794 -0.475232183933
    outer loop
      vertex -2.14787364006 -1.04277789593 0.449658453465
      vertex -2.22006416321 -0.939767003059 0.360554814339
      vertex -2.21083283424 -0.931378602982 0.439078807831
    endloop
  endfacet
  facet normal 0.174622029066 -0.807405769825 0.563562870026
    outer loop
      vertex -2.27999353409 -1.5881601572 0.351051151752
      vertex -2.18025565147 -1.52579009533 0.329088151455
      vertex -2.10541248322 -1.52066612244 0.341698408127
    endloop
  endfacet
  facet normal 0.785942733288 0.113384500146 -0.607814073563
    outer loop
      vertex -2.1188147068 -1.34270298481 1.09609222412
      vertex -2.12536382675 -1.30148541927 0.920535862446
      vertex -2.22074222565 -1.18911230564 0.9792740345
    endloop
  endfacet
  facet normal 0.237970888615 -0.485469639301 0.841242551804
    outer loop
      vertex -2.24980950356 -1.7604393959 0.454730600119
      vertex -2.0671620369 -1.74549472332 0.518365204334
      vertex -2.2213549614 -1.78267943859 0.507217288017
    endloop
  endfacet
  facet normal 0.864279329777 0.082130715251 -0.496261864901
    outer loop
      vertex -2.14787364006 -1.04277789593 0.449658453465
      vertex -2.21083283424 -0.931378602982 0.439078807831
      vertex -2.17528438568 -1.01301622391 0.558277547359
    endloop
  endfacet
  facet normal 0.255303710699 -0.545272707939 0.798434555531
    outer loop
      vertex -2.24980950356 -1.7604393959 0.454730600119
      vertex -2.09729266167 -1.710247159 0.452645152807
      vertex -2.0671620369 -1.74549472332 0.518365204334
    endloop
  endfacet
  facet normal -0.928758502007 -0.345705926418 0.133772552013
    outer loop
      vertex -2.80417013168 -1.90583014488 0.393109112978
      vertex -2.80967259407 -1.9434415102 0.422445654869
      vertex -2.82980656624 -1.89358150959 0.457243144512
    endloop
  endfacet
  facet normal -0.457653552294 -0.0131461322308 0.889033436775
    outer loop
      vertex -2.82730770111 -1.8936239481 0.373123824596
      vertex -2.80417013168 -1.90583014488 0.393109112978
      vertex -2.82980656624 -1.89358150959 0.457243144512
    endloop
  endfacet
  facet normal -0.751839339733 -0.0220012813807 0.658979177475
    outer loop
      vertex -2.82730770111 -1.8936239481 0.373123824596
      vertex -2.82980656624 -1.89358150959 0.457243144512
      vertex -2.84958219528 -1.86687731743 0.333187222481
    endloop
  endfacet
  facet normal -0.888663589954 0.100643984973 0.447378873825
    outer loop
      vertex -2.76365065575 -1.90842461586 0.776748478413
      vertex -2.8892660141 -1.712454319 0.538712561131
      vertex -2.75402927399 -1.95645534992 0.648198485374
    endloop
  endfacet
  facet normal -0.900808393955 0.197926476598 0.386483311653
    outer loop
      vertex -2.76685476303 -1.99069797993 0.554115414619
      vertex -2.82980656624 -1.89358150959 0.457243144512
      vertex -2.77710437775 -2.01120090485 0.467431604862
    endloop
  endfacet
  facet normal -0.928438603878 0.199034661055 0.31366699934
    outer loop
      vertex -2.74491429329 -1.75708603859 1.21721827984
      vertex -2.76045179367 -1.86413311958 0.976040303707
      vertex -2.68947887421 -1.9112226963 1.23289775848
    endloop
  endfacet
  facet normal -0.571777760983 0.123303353786 0.8110896945
    outer loop
      vertex -2.72083830833 -2.01855540276 0.584255158901
      vertex -2.76685476303 -1.99069797993 0.554115414619
      vertex -2.7256603241 -2.02630496025 0.510917901993
    endloop
  endfacet
  facet normal 0.0662071853876 -0.578388869762 0.813070058823
    outer loop
      vertex -2.76895713806 -2.00954985619 0.427551805973
      vertex -2.73022627831 -1.99464046955 0.411026418209
      vertex -2.73204779625 -2.03561329842 0.468415349722
    endloop
  endfacet
  facet normal 0.50790822506 -0.422353774309 0.750763952732
    outer loop
      vertex -2.78366971016 -1.92157387733 0.366230726242
      vertex -2.75261497498 -1.87715148926 0.324611991644
      vertex -2.68032884598 -1.83986508846 0.345261663198
    endloop
  endfacet
  facet normal -0.84127920866 0.136562034488 0.523067951202
    outer loop
      vertex -2.68947887421 -1.9112226963 1.23289775848
      vertex -2.76045179367 -1.86413311958 0.976040303707
      vertex -2.66953039169 -1.98841238022 1.0601323843
    endloop
  endfacet
  facet normal -0.808056533337 0.104748867452 0.579717457294
    outer loop
      vertex -2.66953039169 -1.98841238022 1.0601323843
      vertex -2.76365065575 -1.90842461586 0.776748478413
      vertex -2.66258597374 -2.02094173431 0.933674633503
    endloop
  endfacet
  facet normal 0.489808380604 -0.427913933992 0.759590268135
    outer loop
      vertex -2.55728673935 -1.94308614731 0.587756335735
      vertex -2.69067311287 -2.00441932678 0.543949246407
      vertex -2.60417842865 -1.93877255917 0.52642506361
    endloop
  endfacet
  facet normal 0.394624739885 -0.715774178505 0.576141178608
    outer loop
      vertex -2.73022627831 -1.99464046955 0.411026418209
      vertex -2.60160255432 -1.87911212444 0.388948887587
      vertex -2.64340257645 -1.97604382038 0.443925768137
    endloop
  endfacet
  facet normal -0.833123087883 0.142565831542 0.534397721291
    outer loop
      vertex -2.68947887421 -1.9112226963 1.23289775848
      vertex -2.66953039169 -1.98841238022 1.0601323843
      vertex -2.59751319885 -2.06812334061 1.18219411373
    endloop
  endfacet
  facet normal 0.0701977014542 -0.251537233591 0.96529853344
    outer loop
      vertex -2.67576789856 -2.05357289314 0.715116798878
      vertex -2.64942502975 -2.0350291729 0.651305019855
      vertex -2.6077003479 -2.07082366943 0.800314068794
    endloop
  endfacet
  facet normal 0.483986347914 -0.413826942444 0.771041154861
    outer loop
      vertex -2.64942502975 -2.0350291729 0.651305019855
      vertex -2.55728673935 -1.94308614731 0.587756335735
      vertex -2.57912611961 -2.01407980919 0.69448941946
    endloop
  endfacet
  facet normal -0.149462714791 -0.138871639967 0.978966593742
    outer loop
      vertex -2.57279038429 -2.13302850723 1.14691233635
      vertex -2.6045935154 -2.0968644619 0.92620497942
      vertex -2.52347564697 -2.13378477097 1.09916782379
    endloop
  endfacet
  facet normal 0.564699709415 -0.306728035212 0.766180276871
    outer loop
      vertex -2.47320270538 -1.99431121349 0.856808543205
      vertex -2.52470493317 -2.07887482643 0.9732234478
      vertex -2.6077003479 -2.07082366943 0.800314068794
    endloop
  endfacet
  facet normal 0.532042384148 -0.238407582045 0.812460899353
    outer loop
      vertex -2.48598837852 -1.88038265705 0.469218581915
      vertex -2.64340257645 -1.97604382038 0.443925768137
      vertex -2.40573835373 -1.81795752048 0.435572296381
    endloop
  endfacet
  facet normal 0.491200178862 -0.428876578808 0.758147239685
    outer loop
      vertex -2.55728673935 -1.94308614731 0.587756335735
      vertex -2.60417842865 -1.93877255917 0.52642506361
      vertex -2.45144343376 -1.83257591724 0.513625979424
    endloop
  endfacet
  facet normal 0.55015873909 0.375170946121 0.746037602425
    outer loop
      vertex -2.60417842865 -1.93877255917 0.52642506361
      vertex -2.48598837852 -1.88038265705 0.469218581915
      vertex -2.45144343376 -1.83257591724 0.513625979424
    endloop
  endfacet
  facet normal -0.370097309351 -0.907736361027 -0.19759221375
    outer loop
      vertex -2.43496084213 -2.13811302185 1.1760134697
      vertex -2.47004461288 -2.23014211655 1.17028522491
      vertex -2.51384878159 -2.1984398365 1.1950455904
    endloop
  endfacet
  facet normal 0.0943190380931 -0.995202720165 -0.0259892269969
    outer loop
      vertex -2.43496084213 -2.13811302185 1.1760134697
      vertex -2.38463020325 -2.1792678833 1.17970871925
      vertex -2.47004461288 -2.23014211655 1.17028522491
    endloop
  endfacet
  facet normal 0.524712204933 -0.41522911191 0.743143260479
    outer loop
      vertex -2.3946826458 -2.04985570908 1.11171007156
      vertex -2.52347564697 -2.13378477097 1.09916782379
      vertex -2.42077612877 -2.02057361603 1.02632987499
    endloop
  endfacet
  facet normal 0.578004479408 -0.296533554792 0.760249078274
    outer loop
      vertex -2.47320270538 -1.99431121349 0.856808543205
      vertex -2.42077612877 -2.02057361603 1.02632987499
      vertex -2.52470493317 -2.07887482643 0.9732234478
    endloop
  endfacet
  facet normal 0.531568825245 -0.550528407097 0.643702626228
    outer loop
      vertex -2.43496084213 -2.13811302185 1.1760134697
      vertex -2.3946826458 -2.04985570908 1.11171007156
      vertex -2.30691099167 -2.02827692032 1.17122817039
    endloop
  endfacet
  facet normal 0.521318793297 -0.28579351306 0.80408257246
    outer loop
      vertex -2.42077612877 -2.02057361603 1.02632987499
      vertex -2.47320270538 -1.99431121349 0.856808543205
      vertex -2.31036996841 -1.88432121277 0.844375431538
    endloop
  endfacet
  facet normal 0.557756841183 -0.530027747154 0.638731479645
    outer loop
      vertex -2.39849805832 -2.28309726715 1.18176603317
      vertex -2.34720611572 -2.23434376717 1.17698895931
      vertex -2.33190751076 -2.2782497406 1.24599862099
    endloop
  endfacet
  facet normal -0.00080346444156 -0.99199026823 -0.126311942935
    outer loop
      vertex -2.19512081146 -2.04280662537 1.19621324539
      vertex -2.26312375069 -2.11097359657 1.1875885725
      vertex -2.26068353653 -2.03711771965 1.19699072838
    endloop
  endfacet
  facet normal 0.382649451494 -0.827564954758 0.410750031471
    outer loop
      vertex -2.30691099167 -2.02827692032 1.17122817039
      vertex -2.11856746674 -1.92431485653 1.2067142725
      vertex -2.26068353653 -2.03711771965 1.19699072838
    endloop
  endfacet
  facet normal 0.480769336224 -0.549251973629 0.683507978916
    outer loop
      vertex -2.11856746674 -1.92431485653 1.2067142725
      vertex -2.30691099167 -2.02827692032 1.17122817039
      vertex -2.20776343346 -1.94158089161 1.15012609959
    endloop
  endfacet
  facet normal 0.439690619707 -0.342967063189 0.830087780952
    outer loop
      vertex -2.27184224129 -1.92500162125 1.03743517399
      vertex -2.16872429848 -1.83160936832 0.943595707417
      vertex -2.11539745331 -1.88001000881 1.12910664082
    endloop
  endfacet
  facet normal -0.0990759059787 -0.904660701752 -0.414454996586
    outer loop
      vertex -2.19512081146 -2.04280662537 1.19621324539
      vertex -2.10464096069 -2.00004315376 1.2058955431
      vertex -2.10472559929 -2.05897641182 1.17890560627
    endloop
  endfacet
  facet normal 0.966735720634 -0.132153719664 -0.218991786242
    outer loop
      vertex -2.00572395325 -1.68947255611 1.25333094597
      vertex -2.06873202324 -1.49549734592 1.11384797096
      vertex -2.0431034565 -1.50779426098 1.28094995022
    endloop
  endfacet
  facet normal 0.979460418224 -0.140331357718 0.144790753722
    outer loop
      vertex -1.97174525261 -1.78520464897 1.24660968781
      vertex -1.98463881016 -1.84780597687 1.22120809555
      vertex -1.99097573757 -1.79112768173 1.11849927902
    endloop
  endfacet
  facet normal 0.891803205013 -0.357661217451 -0.277065873146
    outer loop
      vertex -1.86897492409 -1.85741865635 1.50283563137
      vertex -1.94687068462 -1.77343559265 1.37366628647
      vertex -1.97655069828 -1.64026868343 1.40282046795
    endloop
  endfacet
  facet normal 0.747334241867 -0.197803586721 -0.634322702885
    outer loop
      vertex -1.84382975101 -1.8970246315 1.36664271355
      vertex -1.91847026348 -1.82492864132 1.31583809853
      vertex -1.94687068462 -1.77343559265 1.37366628647
    endloop
  endfacet
  facet normal 0.82097017765 -0.555122077465 -0.133594334126
    outer loop
      vertex -1.91847026348 -1.82492864132 1.31583809853
      vertex -1.96166300774 -1.87039864063 1.24101769924
      vertex -1.97174525261 -1.78520464897 1.24660968781
    endloop
  endfacet
  facet normal 0.766028106213 -0.0450427681208 -0.641227006912
    outer loop
      vertex -1.84382975101 -1.8970246315 1.36664271355
      vertex -1.94687068462 -1.77343559265 1.37366628647
      vertex -1.86897492409 -1.85741865635 1.50283563137
    endloop
  endfacet
  facet normal -0.108927153051 -0.946957886219 -0.302333712578
    outer loop
      vertex -2.06638288498 -1.92006552219 1.22702908516
      vertex -1.99678444862 -1.97603237629 1.20115482807
      vertex -2.10464096069 -2.00004315376 1.2058955431
    endloop
  endfacet
  facet normal 0.47333881259 -0.489075660706 0.732635915279
    outer loop
      vertex -1.96185493469 -2.17137074471 1.41559076309
      vertex -2.05594325066 -2.16367197037 1.31299710274
      vertex -1.91193604469 -2.07108879089 1.31368088722
    endloop
  endfacet
  facet normal 0.495335638523 -0.325461804867 0.805429816246
    outer loop
      vertex -2.11856746674 -1.92431485653 1.2067142725
      vertex -2.05243444443 -1.81729447842 1.04251897335
      vertex -1.98463881016 -1.84780597687 1.22120809555
    endloop
  endfacet
  facet normal 0.463182985783 -0.457455307245 0.759075880051
    outer loop
      vertex -2.06825780869 -2.1304166317 1.25167787075
      vertex -2.01827406883 -2.07290029526 1.20684826374
      vertex -1.97817420959 -2.09526491165 1.2845607996
    endloop
  endfacet
  facet normal 0.109023079276 -0.561449348927 -0.820297837257
    outer loop
      vertex -1.91847026348 -1.82492864132 1.31583809853
      vertex -1.88894021511 -1.87279689312 1.25163519382
      vertex -1.96166300774 -1.87039864063 1.24101769924
    endloop
  endfacet
  facet normal -0.0904284268618 -0.855587303638 -0.509698987007
    outer loop
      vertex -1.8808658123 -1.90187966824 1.21372389793
      vertex -1.95578896999 -1.95158576965 1.19203126431
      vertex -1.96166300774 -1.87039864063 1.24101769924
    endloop
  endfacet
  facet normal 0.390981376171 -0.541119813919 0.744528651237
    outer loop
      vertex -1.96185493469 -2.17137074471 1.41559076309
      vertex -1.91193604469 -2.07108879089 1.31368088722
      vertex -1.83156406879 -2.10171246529 1.41388833523
    endloop
  endfacet
  facet normal 0.374592542648 -0.532422840595 0.759082555771
    outer loop
      vertex -1.91193604469 -2.07108879089 1.31368088722
      vertex -1.82387173176 -2.05287718773 1.34967517853
      vertex -1.83156406879 -2.10171246529 1.41388833523
    endloop
  endfacet
  facet normal 0.386499196291 -0.425532996655 0.818254232407
    outer loop
      vertex -1.91193604469 -2.07108879089 1.31368088722
      vertex -1.93138182163 -2.05402517319 1.2632073164
      vertex -1.87007582188 -2.0281264782 1.26908946037
    endloop
  endfacet
  facet normal 0.711231946945 -0.133584827185 -0.690147995949
    outer loop
      vertex -1.84382975101 -1.8970246315 1.36664271355
      vertex -1.83822000027 -1.92768502235 1.23810720444
      vertex -1.88894021511 -1.87279689312 1.25163519382
    endloop
  endfacet
  facet normal 0.434479266405 -0.626176834106 0.647402763367
    outer loop
      vertex -1.85398805141 -1.98138296604 1.23192417622
      vertex -1.87007582188 -2.0281264782 1.26908946037
      vertex -1.9784361124 -2.03179264069 1.1976929903
    endloop
  endfacet
  facet normal 0.373119950294 -0.527087807655 0.763518154621
    outer loop
      vertex -1.93138182163 -2.05402517319 1.2632073164
      vertex -1.9784361124 -2.03179264069 1.1976929903
      vertex -1.87007582188 -2.0281264782 1.26908946037
    endloop
  endfacet
  facet normal 0.882613301277 -0.420191794634 0.210790574551
    outer loop
      vertex -1.81462800503 -1.95735263824 1.30254507065
      vertex -1.85398805141 -1.98138296604 1.23192417622
      vertex -1.83822000027 -1.92768502235 1.23810720444
    endloop
  endfacet
  facet normal 0.879497170448 -0.464276790619 0.104555152357
    outer loop
      vertex -1.78739619255 -2.09343338013 1.47616016865
      vertex -1.77188241482 -2.05771756172 1.4975053072
      vertex -1.75826740265 -2.11116528511 1.53533315659
    endloop
  endfacet
  facet normal 0.697233557701 -0.497794151306 0.5158162117
    outer loop
      vertex -1.75826740265 -2.11116528511 1.53533315659
      vertex -1.8061132431 -2.13697218895 1.49505925179
      vertex -1.78739619255 -2.09343338013 1.47616016865
    endloop
  endfacet
  facet normal 0.848462283611 -0.289245188236 -0.443225711584
    outer loop
      vertex -1.77716481686 -2.01278162003 1.3872064352
      vertex -1.81067359447 -1.9689565897 1.35606837273
      vertex -1.77958595753 -1.9850256443 1.42263627052
    endloop
  endfacet
  facet normal 0.633578658104 -0.358208417892 0.685758531094
    outer loop
      vertex -1.83156406879 -2.10171246529 1.41388833523
      vertex -1.78332722187 -2.05056786537 1.40129506588
      vertex -1.78739619255 -2.09343338013 1.47616016865
    endloop
  endfacet
  facet normal 0.948206841946 0.0386524647474 -0.315293133259
    outer loop
      vertex -2.1188147068 -1.34270298481 1.09609222412
      vertex -2.06873202324 -1.49549734592 1.11384797096
      vertex -2.12536382675 -1.30148541927 0.920535862446
    endloop
  endfacet
  facet normal 0.324474602938 -0.249404773116 0.912421762943
    outer loop
      vertex -2.16872429848 -1.83160936832 0.943595707417
      vertex -2.17522954941 -1.7670789957 0.699054896832
      vertex -2.05243444443 -1.81729447842 1.04251897335
    endloop
  endfacet
  facet normal 0.383725583553 -0.266457557678 0.884169101715
    outer loop
      vertex -2.17522954941 -1.7670789957 0.699054896832
      vertex -2.01999902725 -1.71626794338 0.75399929285
      vertex -2.05243444443 -1.81729447842 1.04251897335
    endloop
  endfacet
  facet normal 0.372405230999 -0.0129971103743 0.927979230881
    outer loop
      vertex -2.04053854942 -1.71272456646 0.677499115467
      vertex -2.17522954941 -1.7670789957 0.699054896832
      vertex -2.05050778389 -1.71592760086 0.620544552803
    endloop
  endfacet
  facet normal 0.241982728243 -0.148860290647 0.958793520927
    outer loop
      vertex -2.2213549614 -1.78267943859 0.507217288017
      vertex -2.0671620369 -1.74549472332 0.518365204334
      vertex -2.0217359066 -1.74461054802 0.586513876915
    endloop
  endfacet
  facet normal 0.905753731728 0.191364258528 -0.378140062094
    outer loop
      vertex -2.08763337135 -1.23994827271 0.376115381718
      vertex -2.07359027863 -1.30513656139 0.438460975885
      vertex -2.02560281754 -1.3905903101 0.3801882267
    endloop
  endfacet
  facet normal 0.888347387314 0.267734974623 -0.373037397861
    outer loop
      vertex -2.02560281754 -1.3905903101 0.3801882267
      vertex -2.0325191021 -1.32505321503 0.311823129654
      vertex -2.08763337135 -1.23994827271 0.376115381718
    endloop
  endfacet
  facet normal 0.962641537189 -0.0717427954078 -0.261101961136
    outer loop
      vertex -2.00572395325 -1.68947255611 1.25333094597
      vertex -2.02320098877 -1.67303967476 1.07863116264
      vertex -2.06873202324 -1.49549734592 1.11384797096
    endloop
  endfacet
  facet normal 0.893751442432 0.146550878882 -0.423947125673
    outer loop
      vertex -1.98644793034 -1.62299406528 0.666843771935
      vertex -2.02940940857 -1.50810325146 0.596487820148
      vertex -2.01517629623 -1.64722776413 0.912149906158
    endloop
  endfacet
  facet normal 0.982195317745 0.101443901658 -0.158118754625
    outer loop
      vertex -2.06462621689 -1.40516602993 0.777015924454
      vertex -2.02940940857 -1.50810325146 0.596487820148
      vertex -2.04803180695 -1.41306340694 0.628655791283
    endloop
  endfacet
  facet normal 0.906756222248 0.213501229882 -0.363607376814
    outer loop
      vertex -2.07359027863 -1.30513656139 0.438460975885
      vertex -2.02940940857 -1.50810325146 0.596487820148
      vertex -2.02560281754 -1.3905903101 0.3801882267
    endloop
  endfacet
  facet normal 0.861953616142 0.25365626812 -0.438969820738
    outer loop
      vertex -2.02940940857 -1.50810325146 0.596487820148
      vertex -1.9847317934 -1.54534184933 0.509112000465
      vertex -2.02560281754 -1.3905903101 0.3801882267
    endloop
  endfacet
  facet normal 0.295709133148 -0.756624042988 0.5831605196
    outer loop
      vertex -2.00689792633 -1.65661537647 0.446637779474
      vertex -2.003282547 -1.70050764084 0.481880277395
      vertex -2.09729266167 -1.710247159 0.452645152807
    endloop
  endfacet
  facet normal 0.113712735474 -0.806837439537 0.579726457596
    outer loop
      vertex -2.09379148483 -1.56646025181 0.347523778677
      vertex -2.03241920471 -1.62945389748 0.401435375214
      vertex -2.16281938553 -1.61471641064 0.372468143702
    endloop
  endfacet
  facet normal 0.119860321283 -0.8089427948 0.575538933277
    outer loop
      vertex -2.09379148483 -1.56646025181 0.347523778677
      vertex -2.01158475876 -1.55966293812 0.354868233204
      vertex -2.03241920471 -1.62945389748 0.401435375214
    endloop
  endfacet
  facet normal 0.113126344979 -0.920824408531 0.373208880424
    outer loop
      vertex -2.02634644508 -1.51083397865 0.333264380693
      vertex -2.01158475876 -1.55966293812 0.354868233204
      vertex -2.09379148483 -1.56646025181 0.347523778677
    endloop
  endfacet
  facet normal 0.940731108189 -0.062760040164 -0.333295851946
    outer loop
      vertex -2.00572395325 -1.68947255611 1.25333094597
      vertex -1.99539685249 -1.74220025539 1.1281093359
      vertex -2.02320098877 -1.67303967476 1.07863116264
    endloop
  endfacet
  facet normal 0.712962269783 -0.371995687485 0.594393789768
    outer loop
      vertex -2.05243444443 -1.81729447842 1.04251897335
      vertex -1.99097573757 -1.79112768173 1.11849927902
      vertex -1.98463881016 -1.84780597687 1.22120809555
    endloop
  endfacet
  facet normal 0.951605439186 0.112736098468 -0.285898000002
    outer loop
      vertex -2.01517629623 -1.64722776413 0.912149906158
      vertex -1.99770450592 -1.72909677029 0.972289681435
      vertex -1.98998343945 -1.66492974758 0.744389295578
    endloop
  endfacet
  facet normal 0.910544097424 -0.0831706449389 0.404959350824
    outer loop
      vertex -1.99770450592 -1.72909677029 0.972289681435
      vertex -2.01131248474 -1.74865841866 0.918557167053
      vertex -1.98998343945 -1.66492974758 0.744389295578
    endloop
  endfacet
  facet normal 0.841727018356 -0.146704927087 0.519589543343
    outer loop
      vertex -1.98998343945 -1.66492974758 0.744389295578
      vertex -2.01131248474 -1.74865841866 0.918557167053
      vertex -2.01999902725 -1.71626794338 0.75399929285
    endloop
  endfacet
  facet normal 0.847843706608 -0.243882313371 -0.470831692219
    outer loop
      vertex -1.94692480564 -1.62113392353 0.494224071503
      vertex -1.96886146069 -1.59864640236 0.461376190186
      vertex -1.9847317934 -1.54534184933 0.509112000465
    endloop
  endfacet
  facet normal 0.471075713634 -0.877900838852 0.0858939662576
    outer loop
      vertex -1.95256567001 -1.64026844501 0.474192708731
      vertex -2.00689792633 -1.65661537647 0.446637779474
      vertex -1.96886146069 -1.59864640236 0.461376190186
    endloop
  endfacet
  facet normal 0.841340720654 -0.0574305839837 0.537445366383
    outer loop
      vertex -2.00689792633 -1.65661537647 0.446637779474
      vertex -1.97594797611 -1.60461032391 0.41337248683
      vertex -1.96886146069 -1.59864640236 0.461376190186
    endloop
  endfacet
  facet normal 0.406492233276 -0.699327588081 0.587966799736
    outer loop
      vertex -2.03241920471 -1.62945389748 0.401435375214
      vertex -2.01158475876 -1.55966293812 0.354868233204
      vertex -1.97594797611 -1.60461032391 0.41337248683
    endloop
  endfacet
  facet normal 0.298595786095 -0.922778010368 -0.243559747934
    outer loop
      vertex -1.98291361332 -1.50733685493 0.348241597414
      vertex -2.02634644508 -1.51083397865 0.333264380693
      vertex -2.01327133179 -1.44768452644 0.354163050652
    endloop
  endfacet
  facet normal 0.800938010216 0.56751948595 0.190839961171
    outer loop
      vertex -1.93694758415 -1.68221926689 0.577068448067
      vertex -1.98644793034 -1.62299406528 0.666843771935
      vertex -1.97828483582 -1.68513715267 0.634426355362
    endloop
  endfacet
  facet normal 0.892653167248 0.192883655429 -0.407389521599
    outer loop
      vertex -1.9847317934 -1.54534184933 0.509112000465
      vertex -1.93694758415 -1.68221926689 0.577068448067
      vertex -1.94692480564 -1.62113392353 0.494224071503
    endloop
  endfacet
  facet normal 0.391287565231 -0.336005479097 0.85673469305
    outer loop
      vertex -2.11539745331 -1.88001000881 1.12910664082
      vertex -2.16872429848 -1.83160936832 0.943595707417
      vertex -2.05243444443 -1.81729447842 1.04251897335
    endloop
  endfacet
  facet normal 0.191296681762 -0.480719894171 0.855753421783
    outer loop
      vertex -2.11539745331 -1.88001000881 1.12910664082
      vertex -2.05243444443 -1.81729447842 1.04251897335
      vertex -2.11856746674 -1.92431485653 1.2067142725
    endloop
  endfacet
  facet normal 0.416802465916 -0.741958618164 0.525141060352
    outer loop
      vertex -1.9398907423 -1.98786509037 1.18825542927
      vertex -1.85398805141 -1.98138296604 1.23192417622
      vertex -1.9784361124 -2.03179264069 1.1976929903
    endloop
  endfacet
  facet normal -0.731781363487 -0.234714433551 -0.639847815037
    outer loop
      vertex -2.88132810593 -0.924930989742 0.345354378223
      vertex -2.8171505928 -0.861009478569 0.319519430399
      vertex -2.88307595253 -0.968623816967 0.231694176793
    endloop
  endfacet
  facet normal -0.529607951641 -0.170428082347 -0.830945074558
    outer loop
      vertex -2.68199896812 -0.767708361149 0.354435801506
      vertex -2.8171505928 -0.861009478569 0.319519430399
      vertex -2.78351926804 -0.824250757694 0.394231677055
    endloop
  endfacet
  facet normal -0.504445850849 -0.241176396608 -0.829076826572
    outer loop
      vertex -2.70921993256 -0.805214703083 0.285573244095
      vertex -2.79696750641 -0.88022840023 0.211236670613
      vertex -2.8171505928 -0.861009478569 0.319519430399
    endloop
  endfacet
  facet normal -0.479447156191 0.023338701576 -0.877260327339
    outer loop
      vertex -2.78351926804 -0.824250757694 0.394231677055
      vertex -2.65170049667 -0.752835392952 0.417809337378
      vertex -2.68199896812 -0.767708361149 0.354435801506
    endloop
  endfacet
  facet normal -0.481159478426 -0.272747188807 -0.833123326302
    outer loop
      vertex -2.70921993256 -0.805214703083 0.285573244095
      vertex -2.71764683723 -0.840425133705 0.192886933684
      vertex -2.79696750641 -0.88022840023 0.211236670613
    endloop
  endfacet
  facet normal -0.466933846474 -0.117175109684 -0.876494586468
    outer loop
      vertex -2.71764683723 -0.840425133705 0.192886933684
      vertex -2.77327036858 -0.877432763577 0.13771738112
      vertex -2.79696750641 -0.88022840023 0.211236670613
    endloop
  endfacet
  facet normal -0.199469804764 -0.332089215517 -0.921915709972
    outer loop
      vertex -2.70921993256 -0.805214703083 0.285573244095
      vertex -2.58892583847 -0.807504594326 0.206961423159
      vertex -2.71764683723 -0.840425133705 0.192886933684
    endloop
  endfacet
  facet normal -0.342036068439 -0.388505578041 -0.855613648891
    outer loop
      vertex -2.77327036858 -0.877432763577 0.13771738112
      vertex -2.62108397484 -0.827659845352 0.113350078464
      vertex -2.72151231766 -0.885002791882 0.075478553772
    endloop
  endfacet
  facet normal -0.232621997595 -0.127676561475 -0.964150249958
    outer loop
      vertex -2.58892583847 -0.807504594326 0.206961423159
      vertex -2.62108397484 -0.827659845352 0.113350078464
      vertex -2.71764683723 -0.840425133705 0.192886933684
    endloop
  endfacet
  facet normal -0.201074644923 -0.310266524553 -0.92914134264
    outer loop
      vertex -2.58118915558 -0.732046723366 0.395898282528
      vertex -2.56576609612 -0.764526069164 0.288638561964
      vertex -2.68199896812 -0.767708361149 0.354435801506
    endloop
  endfacet
  facet normal -0.243843749166 -0.387764781713 -0.888919949532
    outer loop
      vertex -2.56576609612 -0.764526069164 0.288638561964
      vertex -2.70921993256 -0.805214703083 0.285573244095
      vertex -2.68199896812 -0.767708361149 0.354435801506
    endloop
  endfacet
  facet normal -0.242585986853 -0.396996825933 -0.885181069374
    outer loop
      vertex -2.56576609612 -0.764526069164 0.288638561964
      vertex -2.58892583847 -0.807504594326 0.206961423159
      vertex -2.70921993256 -0.805214703083 0.285573244095
    endloop
  endfacet
  facet normal -0.222652673721 -0.730269193649 -0.645858049393
    outer loop
      vertex -2.57861328125 -0.854093074799 0.059246789664
      vertex -2.66873407364 -0.908016979694 0.0390329174697
      vertex -2.72151231766 -0.885002791882 0.075478553772
    endloop
  endfacet
  facet normal -0.0737845897675 -0.298728168011 -0.951481640339
    outer loop
      vertex -2.49201202393 -0.738356411457 0.353774785995
      vertex -2.56576609612 -0.764526069164 0.288638561964
      vertex -2.58118915558 -0.732046723366 0.395898282528
    endloop
  endfacet
  facet normal 0.00952426530421 -0.432912945747 -0.901385426521
    outer loop
      vertex -2.45596647263 -0.837096273899 0.0973347723484
      vertex -2.57861328125 -0.854093074799 0.059246789664
      vertex -2.62108397484 -0.827659845352 0.113350078464
    endloop
  endfacet
  facet normal 0.0538205206394 -0.961246967316 -0.270384132862
    outer loop
      vertex -2.57861328125 -0.854093074799 0.059246789664
      vertex -2.52282047272 -0.893365800381 0.0513238273561
      vertex -2.66873407364 -0.908016979694 0.0390329174697
    endloop
  endfacet
  facet normal 0.112410575151 -0.487490832806 -0.865861713886
    outer loop
      vertex -2.56576609612 -0.764526069164 0.288638561964
      vertex -2.44714045525 -0.774217486382 0.29877898097
      vertex -2.58892583847 -0.807504594326 0.206961423159
    endloop
  endfacet
  facet normal 0.111995577812 -0.477040886879 -0.871716141701
    outer loop
      vertex -2.49201202393 -0.738356411457 0.353774785995
      vertex -2.44714045525 -0.774217486382 0.29877898097
      vertex -2.56576609612 -0.764526069164 0.288638561964
    endloop
  endfacet
  facet normal 0.289713919163 -0.345613688231 -0.892534017563
    outer loop
      vertex -2.49201202393 -0.738356411457 0.353774785995
      vertex -2.41341638565 -0.75237685442 0.383451104164
      vertex -2.44714045525 -0.774217486382 0.29877898097
    endloop
  endfacet
  facet normal 0.463683158159 -0.410239875317 -0.785303235054
    outer loop
      vertex -2.37261557579 -0.805192530155 0.314874857664
      vertex -2.35328984261 -0.86104375124 0.229804798961
      vertex -2.46187567711 -0.815871357918 0.19354455173
    endloop
  endfacet
  facet normal 0.287604033947 -0.189450100064 -0.938825130463
    outer loop
      vertex -2.37230682373 -0.855795741081 0.131672635674
      vertex -2.45596647263 -0.837096273899 0.0973347723484
      vertex -2.46187567711 -0.815871357918 0.19354455173
    endloop
  endfacet
  facet normal 0.527392745018 -0.298778772354 -0.795354068279
    outer loop
      vertex -2.33886241913 -0.787766098976 0.420844078064
      vertex -2.37261557579 -0.805192530155 0.314874857664
      vertex -2.41341638565 -0.75237685442 0.383451104164
    endloop
  endfacet
  facet normal 0.58775550127 -0.346466451883 -0.731098115444
    outer loop
      vertex -2.37261557579 -0.805192530155 0.314874857664
      vertex -2.30955147743 -0.847540140152 0.332498550415
      vertex -2.35328984261 -0.86104375124 0.229804798961
    endloop
  endfacet
  facet normal 0.513443648815 0.256484091282 -0.818896532059
    outer loop
      vertex -2.24616718292 -0.946362018585 0.287763029337
      vertex -2.24534034729 -0.924744486809 0.217087775469
      vertex -2.35328984261 -0.86104375124 0.229804798961
    endloop
  endfacet
  facet normal 0.488256007433 -0.156221657991 -0.85860401392
    outer loop
      vertex -2.24534034729 -0.924744486809 0.217087775469
      vertex -2.2596552372 -0.928557991982 0.151388555765
      vertex -2.35328984261 -0.86104375124 0.229804798961
    endloop
  endfacet
  facet normal 0.69318652153 -0.376085937023 -0.614859163761
    outer loop
      vertex -2.24616718292 -0.946362018585 0.287763029337
      vertex -2.35328984261 -0.86104375124 0.229804798961
      vertex -2.30955147743 -0.847540140152 0.332498550415
    endloop
  endfacet
  facet normal -0.89509922266 0.277981162071 -0.348602682352
    outer loop
      vertex -1.44728207588 0.986636519432 0.154223844409
      vertex -1.40574240685 1.09335422516 0.154152005911
      vertex -1.44087195396 1.03299808502 0.116724558175
    endloop
  endfacet
  facet normal -0.994670391083 0.0784773752093 -0.0668739676476
    outer loop
      vertex -1.40574240685 1.09335422516 0.154152005911
      vertex -1.40666365623 1.14409732819 0.0992348268628
      vertex -1.41217660904 1.08854699135 0.0766972079873
    endloop
  endfacet
  facet normal -0.0972242280841 -0.994501590729 0.0389102995396
    outer loop
      vertex -1.41212081909 1.021240592 0.0517960488796
      vertex -1.3410923481 0.903565049171 0.0494562871754
      vertex -1.45437955856 0.925260126591 0.0596826151013
    endloop
  endfacet
  facet normal -0.884346425533 0.250475734472 -0.393945783377
    outer loop
      vertex -1.30205607414 1.32365620136 0.212160244584
      vertex -1.33196878433 1.32420957088 0.105678029358
      vertex -1.36045026779 1.2404717207 0.136821463704
    endloop
  endfacet
  facet normal -0.133049979806 -0.98915553093 0.0622020289302
    outer loop
      vertex -1.27900671959 1.18654716015 0.0701559707522
      vertex -1.34980559349 1.21996486187 0.0775775909424
      vertex -1.33647561073 1.27390921116 0.072392359376
    endloop
  endfacet
  facet normal 0.0851517319679 -0.927100837231 -0.365011304617
    outer loop
      vertex -1.30938959122 1.15323102474 0.0550157092512
      vertex -1.3679523468 1.16231584549 0.0532136894763
      vertex -1.34980559349 1.21996486187 0.0775775909424
    endloop
  endfacet
  facet normal -0.456785440445 -0.841446459293 -0.288643240929
    outer loop
      vertex -1.83683466911 0.088054895401 0.0832345634699
      vertex -1.8087310791 0.0445323102176 0.0530486777425
      vertex -1.89827883244 0.00562819000334 0.0883149728179
    endloop
  endfacet
  facet normal -0.784531831741 0.165349975228 -0.597636342049
    outer loop
      vertex -1.82311916351 0.117250747979 0.14221636951
      vertex -1.8727684021 0.0334845967591 0.209408923984
      vertex -1.7755188942 0.145004957914 0.2677500844
    endloop
  endfacet
  facet normal -0.893553853035 0.257512122393 -0.367762178183
    outer loop
      vertex -1.82311916351 0.117250747979 0.14221636951
      vertex -1.7755188942 0.145004957914 0.2677500844
      vertex -1.8136575222 0.156922474504 0.118391171098
    endloop
  endfacet
  facet normal -0.700188279152 -0.179265752435 -0.691086232662
    outer loop
      vertex -1.86057448387 0.0783198997378 0.13842985034
      vertex -1.82311916351 0.117250747979 0.14221636951
      vertex -1.83683466911 0.088054895401 0.0832345634699
    endloop
  endfacet
  facet normal -0.841285526752 -0.311228901148 -0.442012757063
    outer loop
      vertex -1.8136575222 0.156922474504 0.118391171098
      vertex -1.80439281464 0.144151881337 0.0752106532454
      vertex -1.83683466911 0.088054895401 0.0832345634699
    endloop
  endfacet
  facet normal -0.27551189065 -0.958948016167 0.0671706795692
    outer loop
      vertex -1.73424196243 0.0819759890437 0.0541848316789
      vertex -1.83683466911 0.088054895401 0.0832345634699
      vertex -1.75429654121 0.134460747242 0.0562702789903
    endloop
  endfacet
  facet normal -0.216993689537 -0.862146556377 -0.457839518785
    outer loop
      vertex -1.73424196243 0.0819759890437 0.0541848316789
      vertex -1.8087310791 0.0445323102176 0.0530486777425
      vertex -1.83683466911 0.088054895401 0.0832345634699
    endloop
  endfacet
  facet normal -0.733765184879 0.238137274981 -0.636301279068
    outer loop
      vertex -1.74957799911 0.209440812469 0.175508826971
      vertex -1.8136575222 0.156922474504 0.118391171098
      vertex -1.7755188942 0.145004957914 0.2677500844
    endloop
  endfacet
  facet normal -0.808007478714 -0.319722801447 -0.494874954224
    outer loop
      vertex -1.8136575222 0.156922474504 0.118391171098
      vertex -1.77002549171 0.210093200207 0.0904227495193
      vertex -1.80439281464 0.144151881337 0.0752106532454
    endloop
  endfacet
  facet normal -0.356133699417 -0.852648258209 -0.382308453321
    outer loop
      vertex -1.77002549171 0.210093200207 0.0904227495193
      vertex -1.73932409286 0.192271456122 0.0696085244417
      vertex -1.80439281464 0.144151881337 0.0752106532454
    endloop
  endfacet
  facet normal -0.0216736923903 -0.997069180012 -0.0733708590269
    outer loop
      vertex -1.73424196243 0.0819759890437 0.0541848316789
      vertex -1.67353248596 0.0155223403126 0.0479750707746
      vertex -1.8087310791 0.0445323102176 0.0530486777425
    endloop
  endfacet
  facet normal 0.192190408707 -0.715763926506 -0.671375334263
    outer loop
      vertex -1.62672019005 0.172697663307 0.081483989954
      vertex -1.73932409286 0.192271456122 0.0696085244417
      vertex -1.67656326294 0.214437544346 0.107251949608
    endloop
  endfacet
  facet normal -0.868387818336 -0.10618352145 -0.484383791685
    outer loop
      vertex -1.68006181717 0.244624584913 0.276709705591
      vertex -1.60517406464 0.369496822357 0.233901441097
      vertex -1.68883180618 0.220078572631 0.236459121108
    endloop
  endfacet
  facet normal 0.52512794733 0.178420752287 -0.832109808922
    outer loop
      vertex -1.70116043091 0.218362748623 0.16134019196
      vertex -1.61173343658 0.167793855071 0.133979395032
      vertex -1.67656326294 0.214437544346 0.107251949608
    endloop
  endfacet
  facet normal -0.55533427 -0.818927705288 -0.144780054688
    outer loop
      vertex -1.60517406464 0.369496822357 0.233901441097
      vertex -1.51650261879 0.488709837198 0.194847166538
      vertex -1.59588432312 0.30905637145 0.216916456819
    endloop
  endfacet
  facet normal -0.378016352654 -0.904778957367 -0.196159869432
    outer loop
      vertex -1.60517406464 0.369496822357 0.233901441097
      vertex -1.59588432312 0.30905637145 0.216916456819
      vertex -1.68883180618 0.220078572631 0.236459121108
    endloop
  endfacet
  facet normal 0.019794318825 -0.999452650547 -0.0265061855316
    outer loop
      vertex -1.48658847809 0.1533947438 0.214952811599
      vertex -1.66031575203 0.207662075758 0.212951332331
      vertex -1.59588432312 0.30905637145 0.216916456819
    endloop
  endfacet
  facet normal -0.91840326786 -0.276845753193 -0.28265145421
    outer loop
      vertex -1.5161511898 0.660476982594 0.235660746694
      vertex -1.529743433 0.584125936031 0.202799260616
      vertex -1.60517406464 0.369496822357 0.233901441097
    endloop
  endfacet
  facet normal -0.422042667866 -0.906417012215 -0.0169752910733
    outer loop
      vertex -1.51650261879 0.488709837198 0.194847166538
      vertex -1.60517406464 0.369496822357 0.233901441097
      vertex -1.529743433 0.584125936031 0.202799260616
    endloop
  endfacet
  facet normal -0.0299617722631 -0.993609845638 0.108819700778
    outer loop
      vertex -1.51116871834 0.348356097937 0.210057809949
      vertex -1.59588432312 0.30905637145 0.216916456819
      vertex -1.51650261879 0.488709837198 0.194847166538
    endloop
  endfacet
  facet normal 0.436155349016 -0.323954492807 -0.839536786079
    outer loop
      vertex -1.46154260635 0.11496540159 0.199282094836
      vertex -1.50492882729 0.118805244565 0.150820240378
      vertex -1.61173343658 0.167793855071 0.133979395032
    endloop
  endfacet
  facet normal 0.392884969711 0.148309096694 -0.907549321651
    outer loop
      vertex -1.52732825279 0.137143269181 0.097942404449
      vertex -1.61173343658 0.167793855071 0.133979395032
      vertex -1.50492882729 0.118805244565 0.150820240378
    endloop
  endfacet
  facet normal 0.37932369113 -0.493817865849 -0.782468795776
    outer loop
      vertex -1.58082270622 0.163388669491 0.101989544928
      vertex -1.49556136131 0.102511420846 0.0710208266973
      vertex -1.62672019005 0.172697663307 0.081483989954
    endloop
  endfacet
  facet normal 0.174999505281 -0.91837823391 -0.354903578758
    outer loop
      vertex -1.49556136131 0.102511420846 0.0710208266973
      vertex -1.50902104378 0.0679681748152 0.0551069527864
      vertex -1.62641191483 0.133010953665 0.0578733161092
    endloop
  endfacet
  facet normal -0.933057069778 0.15460087359 -0.324812412262
    outer loop
      vertex -1.53147578239 0.588994801044 0.293354988098
      vertex -1.45963096619 0.823090314865 0.235128834844
      vertex -1.5161511898 0.660476982594 0.235660746694
    endloop
  endfacet
  facet normal -0.978960990906 -0.0274882130325 -0.202187612653
    outer loop
      vertex -1.5161511898 0.660476982594 0.235660746694
      vertex -1.46553778648 0.893885314465 0.149941802025
      vertex -1.48707079887 0.789081215858 0.145935431123
    endloop
  endfacet
  facet normal -0.9235496521 -0.379388809204 0.055858079344
    outer loop
      vertex -1.48707079887 0.789081215858 0.145935431123
      vertex -1.48859739304 0.704085290432 0.162165731192
      vertex -1.5161511898 0.660476982594 0.235660746694
    endloop
  endfacet
  facet normal -0.337118953466 -0.936305880547 0.0983976349235
    outer loop
      vertex -1.45539665222 0.655304729939 0.155338153243
      vertex -1.51650261879 0.488709837198 0.194847166538
      vertex -1.48859739304 0.704085290432 0.162165731192
    endloop
  endfacet
  facet normal -0.928721368313 0.247483536601 -0.276095032692
    outer loop
      vertex -1.48580551147 0.887165129185 0.0813811048865
      vertex -1.50257849693 0.826330721378 0.0863052308559
      vertex -1.46553778648 0.893885314465 0.149941802025
    endloop
  endfacet
  facet normal -0.72555744648 0.457635760307 0.513941526413
    outer loop
      vertex -1.50347518921 0.783821880817 0.075610563159
      vertex -1.48516654968 0.759001851082 0.0767641887069
      vertex -1.44773745537 0.743342339993 0.11851978302
    endloop
  endfacet
  facet normal -0.807260870934 -0.568105578423 -0.159956142306
    outer loop
      vertex -1.50257849693 0.826330721378 0.0863052308559
      vertex -1.47587823868 0.832480251789 0.0500964336097
      vertex -1.50347518921 0.783821880817 0.075610563159
    endloop
  endfacet
  facet normal -0.398419111967 -0.885669410229 0.23843640089
    outer loop
      vertex -1.47587823868 0.832480251789 0.0500964336097
      vertex -1.43904471397 0.785390675068 0.0462041124701
      vertex -1.50347518921 0.783821880817 0.075610563159
    endloop
  endfacet
  facet normal -0.961686015129 -0.0581726171076 -0.267910391092
    outer loop
      vertex -1.48652267456 0.763637602329 0.372845739126
      vertex -1.40829479694 1.05150818825 0.405384480953
      vertex -1.39184880257 1.07303202152 0.232633277774
    endloop
  endfacet
  facet normal -0.958395779133 -0.0674025788903 -0.277370452881
    outer loop
      vertex -1.48652267456 0.763637602329 0.372845739126
      vertex -1.45963096619 0.823090314865 0.235128834844
      vertex -1.53147578239 0.588994801044 0.293354988098
    endloop
  endfacet
  facet normal 0.0476255044341 -0.993242919445 0.105831347406
    outer loop
      vertex -1.51650261879 0.488709837198 0.194847166538
      vertex -1.37808609009 0.355071514845 0.215723514557
      vertex -1.51116871834 0.348356097937 0.210057809949
    endloop
  endfacet
  facet normal 0.0463723242283 -0.995808780193 0.0788317322731
    outer loop
      vertex -1.51116871834 0.348356097937 0.210057809949
      vertex -1.37808609009 0.355071514845 0.215723514557
      vertex -1.47412109375 0.217016756535 0.222180306911
    endloop
  endfacet
  facet normal -0.0166293252259 -0.974229514599 0.224945098162
    outer loop
      vertex -1.51650261879 0.488709837198 0.194847166538
      vertex -1.45539665222 0.655304729939 0.155338153243
      vertex -1.37564373016 0.531164526939 0.182640224695
    endloop
  endfacet
  facet normal -0.955502867699 0.235843375325 -0.177178382874
    outer loop
      vertex -1.46553778648 0.893885314465 0.149941802025
      vertex -1.44728207588 0.986636519432 0.154223844409
      vertex -1.47017002106 0.954675912857 0.0855054110289
    endloop
  endfacet
  facet normal -0.16527454555 -0.212993457913 0.962973594666
    outer loop
      vertex -1.48516654968 0.759001851082 0.0767641887069
      vertex -1.40187358856 0.747346758842 0.0648266002536
      vertex -1.44773745537 0.743342339993 0.11851978302
    endloop
  endfacet
  facet normal 0.447762012482 -0.360826969147 -0.818115592003
    outer loop
      vertex -1.45910000801 0.101785980165 0.114622123539
      vertex -1.37138748169 0.0423705428839 0.0887527391315
      vertex -1.49556136131 0.102511420846 0.0710208266973
    endloop
  endfacet
  facet normal -0.0419960282743 -0.970335125923 -0.238088488579
    outer loop
      vertex -1.3410923481 0.903565049171 0.0494562871754
      vertex -1.43423771858 0.896411895752 0.0517324730754
      vertex -1.45437955856 0.925260126591 0.0596826151013
    endloop
  endfacet
  facet normal 0.0705810561776 -0.993889629841 -0.0848628729582
    outer loop
      vertex -1.36499094963 -0.00141117570456 0.0594113171101
      vertex -1.44518256187 -0.0179746299982 0.0523022450507
      vertex -1.50902104378 0.0679681748152 0.0551069527864
    endloop
  endfacet
  facet normal 0.0460397601128 -0.995842397213 0.0786019638181
    outer loop
      vertex -1.33917188644 0.243998885155 0.226289570332
      vertex -1.47412109375 0.217016756535 0.222180306911
      vertex -1.37808609009 0.355071514845 0.215723514557
    endloop
  endfacet
  facet normal 0.0274000577629 -0.993824243546 -0.107529588044
    outer loop
      vertex -1.47412109375 0.217016756535 0.222180306911
      vertex -1.31978821754 0.105257831514 0.214343249798
      vertex -1.48658847809 0.1533947438 0.214952811599
    endloop
  endfacet
  facet normal -0.0807656943798 -0.96132427454 0.26331076026
    outer loop
      vertex -1.33587312698 0.699754714966 0.133121341467
      vertex -1.37564373016 0.531164526939 0.182640224695
      vertex -1.45539665222 0.655304729939 0.155338153243
    endloop
  endfacet
  facet normal 0.460194259882 0.173228979111 -0.870754241943
    outer loop
      vertex -1.35783624649 0.0424141027033 0.144047498703
      vertex -1.45910000801 0.101785980165 0.114622123539
      vertex -1.50492882729 0.118805244565 0.150820240378
    endloop
  endfacet
  facet normal 0.426105707884 -0.314260184765 -0.848336279392
    outer loop
      vertex -1.35783624649 0.0424141027033 0.144047498703
      vertex -1.50492882729 0.118805244565 0.150820240378
      vertex -1.46154260635 0.11496540159 0.199282094836
    endloop
  endfacet
  facet normal -0.0326658338308 -0.993479728699 -0.109229154885
    outer loop
      vertex -1.3410923481 0.903565049171 0.0494562871754
      vertex -1.35019636154 0.836871385574 0.042422927916
      vertex -1.43423771858 0.896411895752 0.0517324730754
    endloop
  endfacet
  facet normal -0.0620860308409 -0.997495353222 -0.0338870324194
    outer loop
      vertex -1.35019636154 0.836871385574 0.042422927916
      vertex -1.43904471397 0.785390675068 0.0462041124701
      vertex -1.47587823868 0.832480251789 0.0500964336097
    endloop
  endfacet
  facet normal -0.113648973405 -0.97672277689 0.18192447722
    outer loop
      vertex -1.20262885094 0.560844302177 0.156980499625
      vertex -1.37808609009 0.355071514845 0.215723514557
      vertex -1.37564373016 0.531164526939 0.182640224695
    endloop
  endfacet
  facet normal 0.124889858067 -0.87964117527 -0.458948671818
    outer loop
      vertex -1.31978821754 0.105257831514 0.214343249798
      vertex -1.1767718792 0.0153502011672 0.187739551067
      vertex -1.46154260635 0.11496540159 0.199282094836
    endloop
  endfacet
  facet normal 0.440220564604 -0.289750933647 -0.849853098392
    outer loop
      vertex -1.25680780411 -0.0125621110201 0.136292949319
      vertex -1.35783624649 0.0424141027033 0.144047498703
      vertex -1.46154260635 0.11496540159 0.199282094836
    endloop
  endfacet
  facet normal -0.978647351265 -0.0958703532815 -0.181819185615
    outer loop
      vertex -1.94609868526 -0.100798517466 0.140719622374
      vertex -1.96442532539 -0.20315566659 0.13367703557
      vertex -1.97434592247 -0.226745739579 0.190207928419
    endloop
  endfacet
  facet normal -0.957436561584 -0.271974682808 -0.0966695323586
    outer loop
      vertex -1.94596672058 -0.104162044823 0.103882804513
      vertex -1.94666659832 -0.174894079566 0.0812058970332
      vertex -1.96442532539 -0.20315566659 0.13367703557
    endloop
  endfacet
  facet normal -0.979905366898 0.0891342312098 -0.178439095616
    outer loop
      vertex -1.97434592247 -0.226745739579 0.190207928419
      vertex -2.00222492218 -0.34304279089 0.11653431505
      vertex -1.98219180107 -0.303680479527 0.257970273495
    endloop
  endfacet
  facet normal -0.990159988403 0.120395384729 -0.0713310614228
    outer loop
      vertex -2.00222492218 -0.34304279089 0.11653431505
      vertex -1.99127602577 -0.374317824841 0.22511023283
      vertex -1.98219180107 -0.303680479527 0.257970273495
    endloop
  endfacet
  facet normal -0.493115097284 -0.645226061344 -0.583541631699
    outer loop
      vertex -1.96442532539 -0.20315566659 0.13367703557
      vertex -1.97360777855 -0.266782611609 0.0831506028771
      vertex -1.98556995392 -0.250543683767 0.106979191303
    endloop
  endfacet
  facet normal -0.85908395052 -0.501386582851 -0.102889679372
    outer loop
      vertex -1.98556995392 -0.250543683767 0.106979191303
      vertex -1.97360777855 -0.266782611609 0.0831506028771
      vertex -2.00222492218 -0.34304279089 0.11653431505
    endloop
  endfacet
  facet normal -0.366097211838 -0.929575562477 -0.0431522652507
    outer loop
      vertex -1.910582304 -0.39800709486 0.0694143921137
      vertex -1.97221851349 -0.443511426449 0.0915763676167
      vertex -1.97723078728 -0.369976073503 0.0969639867544
    endloop
  endfacet
  facet normal -0.943813443184 -0.274764418602 0.183632105589
    outer loop
      vertex -1.99137187004 -0.41448122263 0.137966349721
      vertex -1.97221851349 -0.443511426449 0.0915763676167
      vertex -1.97421562672 -0.497731238604 0.134672924876
    endloop
  endfacet
  facet normal -0.882117331028 -0.384025901556 0.272750943899
    outer loop
      vertex -1.97421562672 -0.497731238604 0.134672924876
      vertex -1.97221851349 -0.443511426449 0.0915763676167
      vertex -1.95269596577 -0.521437466145 0.102078847587
    endloop
  endfacet
  facet normal -0.842499017715 0.409595072269 -0.349896073341
    outer loop
      vertex -1.94609868526 -0.100798517466 0.140719622374
      vertex -1.97434592247 -0.226745739579 0.190207928419
      vertex -1.91378462315 -0.03089537099 0.147471964359
    endloop
  endfacet
  facet normal -0.494417965412 -0.866090655327 -0.0737417191267
    outer loop
      vertex -1.92856895924 -0.1011903584 0.0771500244737
      vertex -1.90060603619 -0.155164062977 0.0565915666521
      vertex -1.94666659832 -0.174894079566 0.0812058970332
    endloop
  endfacet
  facet normal -0.43303412199 -0.895145714283 0.105809286237
    outer loop
      vertex -1.92161154747 -0.219730347395 0.0743851140141
      vertex -1.94666659832 -0.174894079566 0.0812058970332
      vertex -1.90060603619 -0.155164062977 0.0565915666521
    endloop
  endfacet
  facet normal -0.434428721666 -0.877098619938 -0.204865157604
    outer loop
      vertex -1.89827883244 0.00562819000334 0.0883149728179
      vertex -1.8087310791 0.0445323102176 0.0530486777425
      vertex -1.85354542732 -0.0293944068253 0.0579781457782
    endloop
  endfacet
  facet normal -0.0880516842008 -0.98909163475 -0.11808719486
    outer loop
      vertex -1.82206320763 -0.0878749862313 0.0576330795884
      vertex -1.7615237236 -0.153458163142 0.044413741678
      vertex -1.90060603619 -0.155164062977 0.0565915666521
    endloop
  endfacet
  facet normal -0.176829308271 -0.979777157307 -0.0936383530498
    outer loop
      vertex -1.79652667046 -0.355655103922 0.0528773590922
      vertex -1.79933381081 -0.414800137281 0.047731436789
      vertex -1.910582304 -0.39800709486 0.0694143921137
    endloop
  endfacet
  facet normal -0.0845541059971 -0.985908150673 0.144345879555
    outer loop
      vertex -1.7615237236 -0.153458163142 0.044413741678
      vertex -1.69640612602 -0.22367708385 0.0491097643971
      vertex -1.90060603619 -0.155164062977 0.0565915666521
    endloop
  endfacet
  facet normal -0.0457859039307 -0.998197317123 0.0388048514724
    outer loop
      vertex -1.8087310791 0.0445323102176 0.0530486777425
      vertex -1.67353248596 0.0155223403126 0.0479750707746
      vertex -1.85354542732 -0.0293944068253 0.0579781457782
    endloop
  endfacet
  facet normal -0.0841624140739 -0.995764970779 0.0369978249073
    outer loop
      vertex -1.79933381081 -0.414800137281 0.047731436789
      vertex -1.65921592712 -0.620773732662 0.0435416065156
      vertex -1.80480504036 -0.555207669735 0.0534107349813
    endloop
  endfacet
  facet normal -0.0950437709689 -0.993572175503 0.0614898763597
    outer loop
      vertex -1.65921592712 -0.620773732662 0.0435416065156
      vertex -1.76311850548 -0.650759100914 0.0553365126252
      vertex -1.80480504036 -0.555207669735 0.0534107349813
    endloop
  endfacet
  facet normal -0.263583362103 0.221653848886 0.938825547695
    outer loop
      vertex -1.7833878994 -0.664063513279 0.208787709475
      vertex -1.65659117699 -0.692259252071 0.240145653486
      vertex -1.71294856071 -0.658912956715 0.314367204905
    endloop
  endfacet
  facet normal -0.27101829648 0.263397634029 0.925835192204
    outer loop
      vertex -1.7833878994 -0.664063513279 0.208787709475
      vertex -1.75168204308 -0.700216174126 0.114335298538
      vertex -1.65659117699 -0.692259252071 0.240145653486
    endloop
  endfacet
  facet normal -0.0537190362811 -0.998480975628 -0.0122483139858
    outer loop
      vertex -1.69640612602 -0.22367708385 0.0491097643971
      vertex -1.6614716053 -0.365289658308 0.0454931072891
      vertex -1.79652667046 -0.355655103922 0.0528773590922
    endloop
  endfacet
  facet normal -0.0569479875267 -0.980452358723 0.188335135579
    outer loop
      vertex -1.65921592712 -0.620773732662 0.0435416065156
      vertex -1.62828707695 -0.702360212803 0.0574171096087
      vertex -1.76311850548 -0.650759100914 0.0553365126252
    endloop
  endfacet
  facet normal -0.164690673351 -0.869646608829 0.465394169092
    outer loop
      vertex -1.62828707695 -0.702360212803 0.0574171096087
      vertex -1.70498538017 -0.714577913284 0.0784803032875
      vertex -1.76311850548 -0.650759100914 0.0553365126252
    endloop
  endfacet
  facet normal -0.112091712654 0.146878287196 0.982782900333
    outer loop
      vertex -1.75168204308 -0.700216174126 0.114335298538
      vertex -1.59946703911 -0.721517384052 0.0879703909159
      vertex -1.65659117699 -0.692259252071 0.240145653486
    endloop
  endfacet
  facet normal -0.00871542375535 -0.525287866592 0.850879967213
    outer loop
      vertex -1.59946703911 -0.721517384052 0.0879703909159
      vertex -1.70498538017 -0.714577913284 0.0784803032875
      vertex -1.62828707695 -0.702360212803 0.0574171096087
    endloop
  endfacet
  facet normal 0.0631255060434 -0.997161448002 -0.0410390794277
    outer loop
      vertex -1.69640612602 -0.22367708385 0.0491097643971
      vertex -1.4890563488 -0.372336089611 0.05611788854
      vertex -1.6614716053 -0.365289658308 0.0454931072891
    endloop
  endfacet
  facet normal 0.0216799452901 -0.999734342098 -0.00782782491297
    outer loop
      vertex -1.6614716053 -0.365289658308 0.0454931072891
      vertex -1.57059502602 -0.514150381088 0.0462982654572
      vertex -1.65921592712 -0.620773732662 0.0435416065156
    endloop
  endfacet
  facet normal 0.344875901937 0.0799598693848 0.935236334801
    outer loop
      vertex -1.56782078743 -0.699082553387 0.213881701231
      vertex -1.59946703911 -0.721517384052 0.0879703909159
      vertex -1.49594759941 -0.680218279362 0.124527163804
    endloop
  endfacet
  facet normal -0.0356492102146 -0.998995065689 0.0271665137261
    outer loop
      vertex -1.6614716053 -0.365289658308 0.0454931072891
      vertex -1.47081792355 -0.482871830463 0.041887126863
      vertex -1.57059502602 -0.514150381088 0.0462982654572
    endloop
  endfacet
  facet normal 0.164351120591 -0.893345713615 0.418237000704
    outer loop
      vertex -1.50161838531 -0.634553849697 0.0489758141339
      vertex -1.53590655327 -0.695090591908 0.0710091814399
      vertex -1.62828707695 -0.702360212803 0.0574171096087
    endloop
  endfacet
  facet normal 0.00787983182818 -0.999228954315 -0.0384625419974
    outer loop
      vertex -1.50902104378 0.0679681748152 0.0551069527864
      vertex -1.44518256187 -0.0179746299982 0.0523022450507
      vertex -1.54536724091 0.0231019966304 0.053093329072
    endloop
  endfacet
  facet normal 0.181753337383 -0.951085269451 -0.249805018306
    outer loop
      vertex -1.42635846138 -0.0931544005871 0.0623053237796
      vertex -1.43885231018 -0.129841268063 0.050281830132
      vertex -1.57104825974 -0.0231237690896 0.0530486777425
    endloop
  endfacet
  facet normal -0.160342410207 -0.985304176807 0.0588725544512
    outer loop
      vertex -1.55686950684 -0.162731692195 0.0546293891966
      vertex -1.44920086861 -0.354603379965 0.0485725067556
      vertex -1.4890563488 -0.372336089611 0.05611788854
    endloop
  endfacet
  facet normal -0.0315278284252 -0.998691260815 0.0402706824243
    outer loop
      vertex -1.57059502602 -0.514150381088 0.0462982654572
      vertex -1.47081792355 -0.482871830463 0.041887126863
      vertex -1.50161838531 -0.634553849697 0.0489758141339
    endloop
  endfacet
  facet normal 0.731749534607 -0.392398267984 0.557284712791
    outer loop
      vertex -1.50628018379 -0.667223155499 0.0866794213653
      vertex -1.53590655327 -0.695090591908 0.0710091814399
      vertex -1.50161838531 -0.634553849697 0.0489758141339
    endloop
  endfacet
  facet normal 0.53364276886 0.0445037148893 0.844538211823
    outer loop
      vertex -1.48537015915 -0.666435182095 0.259252488613
      vertex -1.49594759941 -0.680218279362 0.124527163804
      vertex -1.40345001221 -0.620036125183 0.157456114888
    endloop
  endfacet
  facet normal 0.510811924934 0.120755150914 0.851169407368
    outer loop
      vertex -1.49594759941 -0.680218279362 0.124527163804
      vertex -1.45325732231 -0.66212105751 0.0715032443404
      vertex -1.40345001221 -0.620036125183 0.157456114888
    endloop
  endfacet
  facet normal 0.214011117816 -0.963740110397 -0.159387215972
    outer loop
      vertex -1.4890563488 -0.372336089611 0.05611788854
      vertex -1.37768578529 -0.519717812538 0.0564746037126
      vertex -1.47081792355 -0.482871830463 0.041887126863
    endloop
  endfacet
  facet normal 0.0984422415495 -0.995138704777 0.00283876922913
    outer loop
      vertex -1.3891658783 -0.565904796124 0.050201267004
      vertex -1.43246793747 -0.613910019398 0.0460546314716
      vertex -1.47081792355 -0.482871830463 0.041887126863
    endloop
  endfacet
  facet normal 0.678156018257 0.106150306761 0.727211475372
    outer loop
      vertex -1.4255053997 -0.622298955917 0.282857835293
      vertex -1.40345001221 -0.620036125183 0.157456114888
      vertex -1.34586215019 -0.548199057579 0.281687229872
    endloop
  endfacet
  facet normal 0.139198884368 -0.954071521759 -0.265275806189
    outer loop
      vertex -1.33074307442 -0.14997549355 0.0604567117989
      vertex -1.43885231018 -0.129841268063 0.050281830132
      vertex -1.42635846138 -0.0931544005871 0.0623053237796
    endloop
  endfacet
  facet normal -0.232964292169 -0.955989956856 0.178355798125
    outer loop
      vertex -1.36842441559 -0.451380729675 0.0414682887495
      vertex -1.37768578529 -0.519717812538 0.0564746037126
      vertex -1.4890563488 -0.372336089611 0.05611788854
    endloop
  endfacet
  facet normal 0.741816222668 0.0431045293808 0.669216454029
    outer loop
      vertex -1.34586215019 -0.548199057579 0.281687229872
      vertex -1.40345001221 -0.620036125183 0.157456114888
      vertex -1.30975341797 -0.512486696243 0.214715972543
    endloop
  endfacet
  facet normal 0.490626960993 -0.461650162935 0.739029288292
    outer loop
      vertex -1.36066794395 -0.550929546356 0.0946931391954
      vertex -1.2951529026 -0.501596331596 0.0853457376361
      vertex -1.35900878906 -0.573558390141 0.132681623101
    endloop
  endfacet
  facet normal 0.0967110022902 -0.655048787594 0.749371767044
    outer loop
      vertex -1.32897543907 -0.517548263073 0.0611842162907
      vertex -1.36066794395 -0.550929546356 0.0946931391954
      vertex -1.37768578529 -0.519717812538 0.0564746037126
    endloop
  endfacet
  facet normal 0.819182693958 0.145903110504 0.554663836956
    outer loop
      vertex -1.34586215019 -0.548199057579 0.281687229872
      vertex -1.30975341797 -0.512486696243 0.214715972543
      vertex -1.24456548691 -0.396374493837 0.290125131607
    endloop
  endfacet
  facet normal 0.210790991783 -0.698794007301 -0.683559894562
    outer loop
      vertex -1.1767718792 0.0153502011672 0.187739551067
      vertex -1.25680780411 -0.0125621110201 0.136292949319
      vertex -1.46154260635 0.11496540159 0.199282094836
    endloop
  endfacet
  facet normal 0.856130957603 0.0533533543348 0.51399731636
    outer loop
      vertex -1.25068163872 -0.42073187232 0.150775596499
      vertex -1.30975341797 -0.512486696243 0.214715972543
      vertex -1.2951529026 -0.501596331596 0.0853457376361
    endloop
  endfacet
  facet normal 0.757537007332 0.0306028798223 0.65207451582
    outer loop
      vertex -1.35900878906 -0.573558390141 0.132681623101
      vertex -1.2951529026 -0.501596331596 0.0853457376361
      vertex -1.30975341797 -0.512486696243 0.214715972543
    endloop
  endfacet
  facet normal 0.467940866947 -0.115369774401 -0.876196980476
    outer loop
      vertex -1.25680780411 -0.0125621110201 0.136292949319
      vertex -1.37138748169 0.0423705428839 0.0887527391315
      vertex -1.35783624649 0.0424141027033 0.144047498703
    endloop
  endfacet
  facet normal 0.0267564691603 -0.99831444025 -0.0515013821423
    outer loop
      vertex -1.29417300224 -0.210058316588 0.0500212088227
      vertex -1.2926633358 -0.330423772335 0.0438522174954
      vertex -1.43885231018 -0.129841268063 0.050281830132
    endloop
  endfacet
  facet normal 0.550217866898 -0.822360098362 0.144859105349
    outer loop
      vertex -1.26460361481 -0.442375987768 0.0725675597787
      vertex -1.30359983444 -0.430735766888 0.0444258749485
      vertex -1.24803853035 -0.393985062838 0.0751266926527
    endloop
  endfacet
  facet normal -0.712528407574 0.464516073465 -0.525859355927
    outer loop
      vertex -1.19149684906 1.50788891315 0.174827426672
      vertex -1.27312207222 1.41529262066 0.154445633292
      vertex -1.16953873634 1.48539197445 0.233977153897
    endloop
  endfacet
  facet normal -0.764551222324 -0.0888275876641 -0.638412952423
    outer loop
      vertex -1.27890872955 1.36581885815 0.315954715014
      vertex -1.16953873634 1.48539197445 0.233977153897
      vertex -1.30205607414 1.32365620136 0.212160244584
    endloop
  endfacet
  facet normal -0.671913087368 -0.650463759899 -0.354160547256
    outer loop
      vertex -1.20847463608 1.51035761833 0.10267239809
      vertex -1.20539116859 1.44479465485 0.0637899413705
      vertex -1.2421245575 1.45792555809 0.108884103596
    endloop
  endfacet
  facet normal 0.482388734818 -0.807740390301 -0.338905006647
    outer loop
      vertex -1.17159986496 1.29836046696 0.0790825933218
      vertex -1.25341367722 1.37012112141 0.0603314973414
      vertex -1.23256897926 1.41166365147 0.0902101695538
    endloop
  endfacet
  facet normal 0.363120079041 -0.915188968182 -0.174851208925
    outer loop
      vertex -1.21102666855 1.27022635937 0.0580640509725
      vertex -1.25341367722 1.37012112141 0.0603314973414
      vertex -1.17159986496 1.29836046696 0.0790825933218
    endloop
  endfacet
  facet normal 0.273261487484 -0.94490981102 -0.180204480886
    outer loop
      vertex -1.16435837746 1.06702697277 0.0805177092552
      vertex -1.30938959122 1.15323102474 0.0550157092512
      vertex -1.27900671959 1.18654716015 0.0701559707522
    endloop
  endfacet
  facet normal -0.671830892563 0.182637989521 -0.71783465147
    outer loop
      vertex -1.19149684906 1.50788891315 0.174827426672
      vertex -1.15715360641 1.55000150204 0.135640665889
      vertex -1.20847463608 1.51035761833 0.10267239809
    endloop
  endfacet
  facet normal -0.51476508379 -0.200901225209 -0.83346003294
    outer loop
      vertex -1.15715360641 1.55000150204 0.135640665889
      vertex -1.1532933712 1.53909695148 0.0805109143257
      vertex -1.20847463608 1.51035761833 0.10267239809
    endloop
  endfacet
  facet normal -0.52235865593 -0.829020500183 0.199665665627
    outer loop
      vertex -1.23256897926 1.41166365147 0.0902101695538
      vertex -1.15475583076 1.34508395195 0.0572161823511
      vertex -1.17159986496 1.29836046696 0.0790825933218
    endloop
  endfacet
  facet normal -0.227570086718 -0.972401201725 0.0514564551413
    outer loop
      vertex -1.15557956696 1.4679287672 0.0509083867073
      vertex -1.15475583076 1.34508395195 0.0572161823511
      vertex -1.20539116859 1.44479465485 0.0637899413705
    endloop
  endfacet
  facet normal 0.14221636951 -0.987099707127 -0.0735436305404
    outer loop
      vertex -1.16435837746 1.06702697277 0.0805177092552
      vertex -1.14277172089 0.929657161236 0.0733931064606
      vertex -1.24052667618 1.03640091419 0.0672619640827
    endloop
  endfacet
  facet normal -0.486768603325 0.405098736286 -0.773919463158
    outer loop
      vertex -1.19149684906 1.50788891315 0.174827426672
      vertex -1.08550715446 1.57976543903 0.164869010448
      vertex -1.15715360641 1.55000150204 0.135640665889
    endloop
  endfacet
  facet normal -0.124870963395 -0.193175762892 -0.973185658455
    outer loop
      vertex -1.07382822037 1.57158982754 0.116132460535
      vertex -1.1120121479 1.56150126457 0.0899903178215
      vertex -1.08550715446 1.57976543903 0.164869010448
    endloop
  endfacet
  facet normal -0.0878951922059 -0.918733179569 -0.38497248292
    outer loop
      vertex -1.1532933712 1.53909695148 0.0805109143257
      vertex -1.09344315529 1.51525712013 0.0647955387831
      vertex -1.15557956696 1.4679287672 0.0509083867073
    endloop
  endfacet
  facet normal 0.0736152231693 -0.978906691074 -0.190584719181
    outer loop
      vertex -1.08451890945 1.41909515858 0.0467447675765
      vertex -1.15557956696 1.4679287672 0.0509083867073
      vertex -1.09344315529 1.51525712013 0.0647955387831
    endloop
  endfacet
  facet normal -0.239558041096 -0.961141943932 0.137179002166
    outer loop
      vertex -1.1366751194 1.20365488529 0.0728951618075
      vertex -1.15475583076 1.34508395195 0.0572161823511
      vertex -1.10746479034 1.32729399204 0.0479682758451
    endloop
  endfacet
  facet normal -0.0195103064179 -0.998469352722 0.051752012223
    outer loop
      vertex -1.06327700615 1.08276963234 0.0777265876532
      vertex -1.16435837746 1.06702697277 0.0805177092552
      vertex -1.1366751194 1.20365488529 0.0728951618075
    endloop
  endfacet
  facet normal -0.449515491724 0.339279681444 -0.826332330704
    outer loop
      vertex -1.03100419044 1.57949411869 0.237741351128
      vertex -0.993857085705 1.62256717682 0.18205152452
      vertex -1.08550715446 1.57976543903 0.164869010448
    endloop
  endfacet
  facet normal -0.0659241601825 -0.992023348808 0.107441477478
    outer loop
      vertex -1.01622867584 1.3216189146 0.0527637936175
      vertex -1.02644133568 1.23142075539 0.0632114261389
      vertex -1.08451890945 1.41909515858 0.0467447675765
    endloop
  endfacet
  facet normal -0.356333136559 -0.445251554251 -0.821448564529
    outer loop
      vertex -1.01086091995 1.63524508476 0.112437181175
      vertex -0.94729757309 1.64955878258 0.0879752412438
      vertex -1.02910518646 1.60132825375 0.0644645392895
    endloop
  endfacet
  facet normal -0.235940188169 -0.969358205795 -0.06838747859
    outer loop
      vertex -0.969238042831 1.53945076466 0.0455275662243
      vertex -1.03557062149 1.43757081032 0.0544852465391
      vertex -1.02910518646 1.60132825375 0.0644645392895
    endloop
  endfacet
  facet normal -0.169184416533 -0.858159005642 0.484705835581
    outer loop
      vertex -0.941435277462 1.28629624844 0.0579694099724
      vertex -1.00486183167 1.25591540337 0.0876335725188
      vertex -1.01622867584 1.3216189146 0.0527637936175
    endloop
  endfacet
  facet normal 0.052744563669 -0.983512580395 0.17297680676
    outer loop
      vertex -1.06327700615 1.08276963234 0.0777265876532
      vertex -1.02886772156 1.17767691612 0.0628799498081
      vertex -0.958406627178 1.11865997314 0.0770383998752
    endloop
  endfacet
  facet normal -0.253621697426 0.480256468058 -0.839660525322
    outer loop
      vertex -0.876525580883 1.621509552 0.245862811804
      vertex -0.993857085705 1.62256717682 0.18205152452
      vertex -1.03100419044 1.57949411869 0.237741351128
    endloop
  endfacet
  facet normal -0.214267164469 0.225421667099 -0.950407624245
    outer loop
      vertex -0.993857085705 1.62256717682 0.18205152452
      vertex -0.883662462234 1.64862215519 0.176942005754
      vertex -1.01086091995 1.63524508476 0.112437181175
    endloop
  endfacet
  facet normal -0.109208233654 -0.99388551712 0.0162823759019
    outer loop
      vertex -0.969238042831 1.53945076466 0.0455275662243
      vertex -0.901200711727 1.4035050869 0.0402787551284
      vertex -1.03557062149 1.43757081032 0.0544852465391
    endloop
  endfacet
  facet normal -0.00143053196371 -0.988871991634 0.148762196302
    outer loop
      vertex -0.901200711727 1.4035050869 0.0402787551284
      vertex -0.941435277462 1.28629624844 0.0579694099724
      vertex -1.01622867584 1.3216189146 0.0527637936175
    endloop
  endfacet
  facet normal 0.185741513968 -0.914165854454 0.360278844833
    outer loop
      vertex -0.943420410156 1.25474107265 0.100580155849
      vertex -0.974693477154 1.21500861645 0.10988484323
      vertex -1.00486183167 1.25591540337 0.0876335725188
    endloop
  endfacet
  facet normal 0.6873716712 -0.644040882587 -0.335755169392
    outer loop
      vertex -0.974693477154 1.21500861645 0.10988484323
      vertex -0.958406627178 1.11865997314 0.0770383998752
      vertex -1.02644133568 1.23142075539 0.0632114261389
    endloop
  endfacet
  facet normal 0.884464085102 -0.375185102224 -0.277415573597
    outer loop
      vertex -0.954876840115 1.15888798237 0.115104541183
      vertex -0.958406627178 1.11865997314 0.0770383998752
      vertex -0.974693477154 1.21500861645 0.10988484323
    endloop
  endfacet
  facet normal -0.196600392461 0.37649795413 -0.90531629324
    outer loop
      vertex -0.993857085705 1.62256717682 0.18205152452
      vertex -0.876525580883 1.621509552 0.245862811804
      vertex -0.883662462234 1.64862215519 0.176942005754
    endloop
  endfacet
  facet normal -0.0465612635016 0.0438107028604 -0.997954249382
    outer loop
      vertex -0.883662462234 1.64862215519 0.176942005754
      vertex -0.863496243954 1.6533125639 0.0915317162871
      vertex -0.94729757309 1.64955878258 0.0879752412438
    endloop
  endfacet
  facet normal 0.0553959682584 -0.728456139565 -0.682849168777
    outer loop
      vertex -0.863496243954 1.6533125639 0.0915317162871
      vertex -0.779955089092 1.6215108633 0.0680739209056
      vertex -0.942916154861 1.62772548199 0.061506960541
    endloop
  endfacet
  facet normal 0.0639247298241 -0.994986772537 0.0769086554646
    outer loop
      vertex -0.943420410156 1.25474107265 0.100580155849
      vertex -0.873370826244 1.20542132854 0.108892835677
      vertex -0.854220211506 1.167517066 0.113053061068
    endloop
  endfacet
  facet normal -0.436931699514 -0.548370778561 0.713007807732
    outer loop
      vertex -0.943420410156 1.25474107265 0.100580155849
      vertex -0.941435277462 1.28629624844 0.0579694099724
      vertex -0.873370826244 1.20542132854 0.108892835677
    endloop
  endfacet
  facet normal 0.0512756109238 -0.931408941746 -0.360344588757
    outer loop
      vertex -0.779955089092 1.6215108633 0.0680739209056
      vertex -0.778401792049 1.57641017437 0.0507108606398
      vertex -0.942916154861 1.62772548199 0.061506960541
    endloop
  endfacet
  facet normal -0.228994518518 -0.599371671677 -0.767017006874
    outer loop
      vertex -0.854220211506 1.167517066 0.113053061068
      vertex -0.858464002609 1.14070534706 0.0803633704782
      vertex -0.924678742886 1.13654589653 0.100338466465
    endloop
  endfacet
  facet normal 0.0966119840741 -0.925721526146 0.365657925606
    outer loop
      vertex -0.910346210003 0.995730340481 0.078815177083
      vertex -0.703021287918 1.07232618332 0.070197224617
      vertex -0.727133512497 1.02484989166 0.0864338427782
    endloop
  endfacet
  facet normal 0.156997233629 0.497742772102 -0.85299706459
    outer loop
      vertex -0.722091734409 1.59673702717 0.239605009556
      vertex -0.78553622961 1.63582646847 0.192627772689
      vertex -0.876525580883 1.621509552 0.245862811804
    endloop
  endfacet
  facet normal 0.17791159451 0.0329142957926 -0.983495891094
    outer loop
      vertex -0.78553622961 1.63582646847 0.192627772689
      vertex -0.745283305645 1.63092052937 0.121640436351
      vertex -0.863496243954 1.6533125639 0.0915317162871
    endloop
  endfacet
  facet normal 0.255301147699 -0.325196295977 -0.91053211689
    outer loop
      vertex -0.745283305645 1.63092052937 0.121640436351
      vertex -0.779955089092 1.6215108633 0.0680739209056
      vertex -0.863496243954 1.6533125639 0.0915317162871
    endloop
  endfacet
  facet normal -0.0096100308001 -0.997705280781 -0.067020945251
    outer loop
      vertex -0.778401792049 1.57641017437 0.0507108606398
      vertex -0.691291749477 1.49038338661 0.0440929383039
      vertex -0.901200711727 1.4035050869 0.0402787551284
    endloop
  endfacet
  facet normal -0.0160653088242 -0.989472150803 0.143829062581
    outer loop
      vertex -0.901200711727 1.4035050869 0.0402787551284
      vertex -0.806885302067 1.17702615261 0.0716682523489
      vertex -0.941435277462 1.28629624844 0.0579694099724
    endloop
  endfacet
  facet normal -0.0269817002118 -0.9885815382 0.14825168252
    outer loop
      vertex -0.901200711727 1.4035050869 0.0402787551284
      vertex -0.608785688877 1.27832686901 0.0510700009763
      vertex -0.806885302067 1.17702615261 0.0716682523489
    endloop
  endfacet
  facet normal -0.146874904633 -0.988754987717 0.028130363673
    outer loop
      vertex -0.806885302067 1.17702615261 0.0716682523489
      vertex -0.755213201046 1.13142132759 0.0652900859714
      vertex -0.858464002609 1.14070534706 0.0803633704782
    endloop
  endfacet
  facet normal 0.0232560038567 -0.993260085583 -0.113550029695
    outer loop
      vertex -0.727133512497 1.02484989166 0.0864338427782
      vertex -0.743695676327 0.951792240143 0.0776940733194
      vertex -0.910346210003 0.995730340481 0.078815177083
    endloop
  endfacet
  facet normal 0.0871173515916 -0.928672194481 -0.360525399446
    outer loop
      vertex -0.692603588104 1.57388007641 0.0577772222459
      vertex -0.778401792049 1.57641017437 0.0507108606398
      vertex -0.779955089092 1.6215108633 0.0680739209056
    endloop
  endfacet
  facet normal 0.085749335587 -0.982984006405 -0.162448450923
    outer loop
      vertex -0.692603588104 1.57388007641 0.0577772222459
      vertex -0.691291749477 1.49038338661 0.0440929383039
      vertex -0.778401792049 1.57641017437 0.0507108606398
    endloop
  endfacet
  facet normal -0.148844212294 -0.977316558361 -0.150657817721
    outer loop
      vertex -0.727133512497 1.02484989166 0.0864338427782
      vertex -0.621920585632 0.992760777473 0.0654633492231
      vertex -0.743695676327 0.951792240143 0.0776940733194
    endloop
  endfacet
  facet normal 0.455954700708 0.361573249102 -0.813246667385
    outer loop
      vertex -0.6303820014 1.54063439369 0.250141948462
      vertex -0.672199726105 1.59914171696 0.171281144023
      vertex -0.722091734409 1.59673702717 0.239605009556
    endloop
  endfacet
  facet normal 0.582531750202 -0.060493208468 -0.810553729534
    outer loop
      vertex -0.672199726105 1.59914171696 0.171281144023
      vertex -0.59427523613 1.54281127453 0.16689427197
      vertex -0.648003876209 1.57533109188 0.0852394551039
    endloop
  endfacet
  facet normal 0.00330821471289 -0.945675551891 0.325095057487
    outer loop
      vertex -0.703021287918 1.07232618332 0.070197224617
      vertex -0.591317892075 1.03995728493 0.0817154943943
      vertex -0.727133512497 1.02484989166 0.0864338427782
    endloop
  endfacet
  facet normal -0.0730122253299 -0.927464008331 -0.366714835167
    outer loop
      vertex -0.591317892075 1.03995728493 0.0817154943943
      vertex -0.621920585632 0.992760777473 0.0654633492231
      vertex -0.727133512497 1.02484989166 0.0864338427782
    endloop
  endfacet
  facet normal 0.624042451382 0.289641857147 -0.725726246834
    outer loop
      vertex -0.55547785759 1.48960912228 0.216607302427
      vertex -0.59427523613 1.54281127453 0.16689427197
      vertex -0.6303820014 1.54063439369 0.250141948462
    endloop
  endfacet
  facet normal 0.603791356087 0.653002500534 -0.45719113946
    outer loop
      vertex -0.55547785759 1.48960912228 0.216607302427
      vertex -0.6303820014 1.54063439369 0.250141948462
      vertex -0.516657650471 1.39905107021 0.244115635753
    endloop
  endfacet
  facet normal 0.826392173767 0.0620417483151 -0.559666633606
    outer loop
      vertex -0.55547785759 1.48960912228 0.216607302427
      vertex -0.498451054096 1.41041696072 0.171391323209
      vertex -0.565420866013 1.5142198801 0.127038240433
    endloop
  endfacet
  facet normal 0.84764868021 0.282406002283 -0.449153214693
    outer loop
      vertex -0.498451054096 1.41041696072 0.171391323209
      vertex -0.55547785759 1.48960912228 0.216607302427
      vertex -0.516657650471 1.39905107021 0.244115635753
    endloop
  endfacet
  facet normal 0.263501405716 -0.959229946136 -0.102200321853
    outer loop
      vertex -0.513161718845 1.40933871269 0.0690164268017
      vertex -0.497657567263 1.3239814043 0.064181111753
      vertex -0.597089529037 1.49322760105 0.0548992305994
    endloop
  endfacet
  facet normal 0.112647749484 -0.993572533131 -0.0111381066963
    outer loop
      vertex -0.497657567263 1.3239814043 0.064181111753
      vertex -0.608785688877 1.27832686901 0.0510700009763
      vertex -0.691291749477 1.49038338661 0.0440929383039
    endloop
  endfacet
  facet normal -0.149198949337 -0.98039162159 -0.128732204437
    outer loop
      vertex -0.503648340702 1.01012659073 0.0497445724905
      vertex -0.519583880901 0.955047309399 0.0449374094605
      vertex -0.621920585632 0.992760777473 0.0654633492231
    endloop
  endfacet
  facet normal 0.916329443455 0.274906039238 -0.291147738695
    outer loop
      vertex -0.473055124283 1.27510011196 0.230051830411
      vertex -0.498451054096 1.41041696072 0.171391323209
      vertex -0.516657650471 1.39905107021 0.244115635753
    endloop
  endfacet
  facet normal 0.964006125927 -0.200788199902 -0.17428791523
    outer loop
      vertex -0.475206702948 1.29604494572 0.0998371168971
      vertex -0.49046754837 1.39043426514 0.108499720693
      vertex -0.457754194736 1.26780307293 0.159114003181
    endloop
  endfacet
  facet normal -0.105655126274 -0.881406009197 -0.460391581059
    outer loop
      vertex -0.485006183386 1.22887337208 0.0550103709102
      vertex -0.568456470966 1.21210467815 0.056254748255
      vertex -0.523549377918 1.26569640636 0.0788646787405
    endloop
  endfacet
  facet normal -0.029997292906 -0.996708154678 -0.0753191187978
    outer loop
      vertex -0.485006183386 1.22887337208 0.0550103709102
      vertex -0.489457607269 1.12782299519 0.0475081838667
      vertex -0.568456470966 1.21210467815 0.056254748255
    endloop
  endfacet
  facet normal 0.691895246506 -0.668369174004 -0.273063361645
    outer loop
      vertex -0.476610004902 0.98721575737 0.0683743357658
      vertex -0.503648340702 1.01012659073 0.0497445724905
      vertex -0.507809877396 1.06232571602 0.0667625665665
    endloop
  endfacet
  facet normal 0.956616342068 -0.168362423778 -0.237779930234
    outer loop
      vertex -0.457754194736 1.26780307293 0.159114003181
      vertex -0.454789459705 1.21628856659 0.103204801679
      vertex -0.475206702948 1.29604494572 0.0998371168971
    endloop
  endfacet
  facet normal 0.979725599289 -0.183704063296 0.079940661788
    outer loop
      vertex -0.449274092913 1.10328793526 0.151846706867
      vertex -0.463255405426 1.05915498734 0.0964869111776
      vertex -0.461464047432 1.15888226032 0.0626431107521
    endloop
  endfacet
  facet normal -0.118563324213 -0.976900815964 0.177784949541
    outer loop
      vertex -1.20262885094 0.560844302177 0.156980499625
      vertex -1.17979741096 0.285730808973 0.204277083278
      vertex -1.37808609009 0.355071514845 0.215723514557
    endloop
  endfacet
  facet normal -0.0698071569204 -0.969838500023 0.233538553119
    outer loop
      vertex -1.10004496574 0.649941861629 0.128141880035
      vertex -1.20262885094 0.560844302177 0.156980499625
      vertex -1.33587312698 0.699754714966 0.133121341467
    endloop
  endfacet
  facet normal 0.100842162967 -0.985357403755 -0.137483298779
    outer loop
      vertex -1.14277172089 0.929657161236 0.0733931064606
      vertex -1.3410923481 0.903565049171 0.0494562871754
      vertex -1.25363540649 0.987244665623 0.0700822025537
    endloop
  endfacet
  facet normal 0.0884157940745 -0.992824733257 0.08050904423
    outer loop
      vertex -1.35019636154 0.836871385574 0.042422927916
      vertex -1.14010238647 0.696811318398 0.0724903941154
      vertex -1.2866089344 0.742116868496 0.0557694211602
    endloop
  endfacet
  facet normal -0.121252164245 -0.978664636612 -0.165871828794
    outer loop
      vertex -1.20113706589 0.145888134837 0.212882891297
      vertex -1.0957839489 0.0531849339604 0.184118047357
      vertex -1.1767718792 0.0153502011672 0.187739551067
    endloop
  endfacet
  facet normal -0.271065175533 -0.498415023088 0.82347202301
    outer loop
      vertex -1.22957086563 0.696416795254 0.121800109744
      vertex -1.14010238647 0.696811318398 0.0724903941154
      vertex -1.10004496574 0.649941861629 0.128141880035
    endloop
  endfacet
  facet normal -0.230497956276 -0.972759544849 0.0246895104647
    outer loop
      vertex -1.02842116356 0.253666222095 0.169221907854
      vertex -1.20113706589 0.145888134837 0.212882891297
      vertex -1.17979741096 0.285730808973 0.204277083278
    endloop
  endfacet
  facet normal -0.140442013741 -0.989738225937 0.0263501703739
    outer loop
      vertex -1.00535035133 0.138632431626 0.169010788202
      vertex -1.0957839489 0.0531849339604 0.184118047357
      vertex -1.02842116356 0.253666222095 0.169221907854
    endloop
  endfacet
  facet normal 0.0727610439062 -0.966072440147 0.247810080647
    outer loop
      vertex -1.00535035133 0.138632431626 0.169010788202
      vertex -1.01179099083 0.0387840382755 0.194138109684
      vertex -1.0957839489 0.0531849339604 0.184118047357
    endloop
  endfacet
  facet normal -0.513184785843 -0.418320477009 0.749432682991
    outer loop
      vertex -1.10004496574 0.649941861629 0.128141880035
      vertex -1.0531873703 0.644420266151 0.0805502235889
      vertex -1.02245521545 0.596813857555 0.128137022257
    endloop
  endfacet
  facet normal -0.121084518731 -0.976780056953 0.176746353507
    outer loop
      vertex -1.02245521545 0.596813857555 0.128137022257
      vertex -1.20262885094 0.560844302177 0.156980499625
      vertex -1.10004496574 0.649941861629 0.128141880035
    endloop
  endfacet
  facet normal -0.125089481473 -0.979361712933 0.158755451441
    outer loop
      vertex -1.02245521545 0.596813857555 0.128137022257
      vertex -0.991368055344 0.497364789248 0.140287190676
      vertex -1.20262885094 0.560844302177 0.156980499625
    endloop
  endfacet
  facet normal 0.0551814138889 -0.99512386322 -0.0817526504397
    outer loop
      vertex -1.00531482697 0.827199935913 0.0725981369615
      vertex -1.14277172089 0.929657161236 0.0733931064606
      vertex -1.0226650238 0.946612119675 0.081446133554
    endloop
  endfacet
  facet normal -0.186349540949 -0.876444935799 0.44397982955
    outer loop
      vertex -0.948587834835 0.628961265087 0.0661413446069
      vertex -1.0531873703 0.644420266151 0.0805502235889
      vertex -1.14010238647 0.696811318398 0.0724903941154
    endloop
  endfacet
  facet normal -0.24062204361 -0.967456936836 0.0782823115587
    outer loop
      vertex -0.991368055344 0.497364789248 0.140287190676
      vertex -1.02842116356 0.253666222095 0.169221907854
      vertex -1.17979741096 0.285730808973 0.204277083278
    endloop
  endfacet
  facet normal 0.598787367344 -0.589296340942 0.542386829853
    outer loop
      vertex -1.05196094513 -0.0429176203907 0.228519171476
      vertex -1.01179099083 0.0387840382755 0.194138109684
      vertex -0.851957380772 0.248755991459 0.163288295269
    endloop
  endfacet
  facet normal 0.46283107996 -0.755710661411 0.463345199823
    outer loop
      vertex -0.851957380772 0.248755991459 0.163288295269
      vertex -1.01179099083 0.0387840382755 0.194138109684
      vertex -0.880214929581 0.243367165327 0.14928612113
    endloop
  endfacet
  facet normal 0.0607000179589 -0.994738638401 -0.0825259461999
    outer loop
      vertex -0.817603826523 0.892981290817 0.08950984478
      vertex -1.00531482697 0.827199935913 0.0725981369615
      vertex -1.0226650238 0.946612119675 0.081446133554
    endloop
  endfacet
  facet normal -0.151713162661 -0.985724210739 0.0730133205652
    outer loop
      vertex -0.83675122261 0.363600224257 0.126398101449
      vertex -1.00535035133 0.138632431626 0.169010788202
      vertex -0.991368055344 0.497364789248 0.140287190676
    endloop
  endfacet
  facet normal 0.0157754532993 -0.995869398117 0.0894162654877
    outer loop
      vertex -0.910346210003 0.995730340481 0.078815177083
      vertex -0.817603826523 0.892981290817 0.08950984478
      vertex -1.0226650238 0.946612119675 0.081446133554
    endloop
  endfacet
  facet normal 0.811572730541 -0.0789390429854 0.578894078732
    outer loop
      vertex -0.943636894226 0.0886274278164 0.385428309441
      vertex -0.843180000782 0.251358747482 0.224847659469
      vertex -0.768387079239 0.342743963003 0.323626756668
    endloop
  endfacet
  facet normal -0.197111710906 -0.972133398056 0.12690012157
    outer loop
      vertex -0.991368055344 0.497364789248 0.140287190676
      vertex -0.891659915447 0.489808171988 0.121056586504
      vertex -0.83675122261 0.363600224257 0.126398101449
    endloop
  endfacet
  facet normal -0.649118959904 -0.326272845268 0.687161266804
    outer loop
      vertex -0.891659915447 0.489808171988 0.121056586504
      vertex -0.920476198196 0.53526455164 0.0826512053609
      vertex -0.817722976208 0.4437751472 0.0709092020988
    endloop
  endfacet
  facet normal 0.468928515911 -0.820952773094 0.325795292854
    outer loop
      vertex -0.83675122261 0.363600224257 0.126398101449
      vertex -0.851957380772 0.248755991459 0.163288295269
      vertex -0.880214929581 0.243367165327 0.14928612113
    endloop
  endfacet
  facet normal -0.0345535241067 -0.952841162682 0.301495969296
    outer loop
      vertex -0.788911819458 0.399228364229 0.113389879465
      vertex -0.851957380772 0.248755991459 0.163288295269
      vertex -0.83675122261 0.363600224257 0.126398101449
    endloop
  endfacet
  facet normal -0.0443359687924 -0.988739073277 0.14293128252
    outer loop
      vertex -0.743695676327 0.951792240143 0.0776940733194
      vertex -0.817603826523 0.892981290817 0.08950984478
      vertex -0.910346210003 0.995730340481 0.078815177083
    endloop
  endfacet
  facet normal -0.507777512074 -0.435234725475 0.743459999561
    outer loop
      vertex -0.788911819458 0.399228364229 0.113389879465
      vertex -0.817722976208 0.4437751472 0.0709092020988
      vertex -0.770435750484 0.414580911398 0.0656094327569
    endloop
  endfacet
  facet normal 0.833653867245 -0.136009454727 0.535278141499
    outer loop
      vertex -0.768387079239 0.342743963003 0.323626756668
      vertex -0.843180000782 0.251358747482 0.224847659469
      vertex -0.680863440037 0.500390410423 0.239659845829
    endloop
  endfacet
  facet normal -0.0678229257464 -0.987915158272 -0.139368936419
    outer loop
      vertex -0.859422922134 0.792030572891 0.086765319109
      vertex -0.74779510498 0.816739916801 0.0825876221061
      vertex -0.684661626816 0.767299056053 0.0712785348296
    endloop
  endfacet
  facet normal -0.148224204779 -0.956902146339 0.249735668302
    outer loop
      vertex -0.719928264618 0.454204887152 0.0474446080625
      vertex -0.770435750484 0.414580911398 0.0656094327569
      vertex -0.799370467663 0.476665765047 0.0538882948458
    endloop
  endfacet
  facet normal -0.0901779904962 -0.995365560055 0.0333965159953
    outer loop
      vertex -0.799370467663 0.476665765047 0.0538882948458
      vertex -0.743017435074 0.519718647003 0.047338321805
      vertex -0.719928264618 0.454204887152 0.0474446080625
    endloop
  endfacet
  facet normal 0.847057461739 0.248353853822 0.46990853548
    outer loop
      vertex -0.702148675919 0.422929883003 0.16569454968
      vertex -0.65037894249 0.514042019844 0.161516845226
      vertex -0.680863440037 0.500390410423 0.239659845829
    endloop
  endfacet
  facet normal -0.13389274478 -0.989448785782 -0.0553518757224
    outer loop
      vertex -0.74779510498 0.816739916801 0.0825876221061
      vertex -0.623405456543 0.844751060009 0.0673221498728
      vertex -0.684661626816 0.767299056053 0.0712785348296
    endloop
  endfacet
  facet normal 0.234698146582 -0.953813970089 -0.187498420477
    outer loop
      vertex -0.750243604183 0.596082925797 0.0605717338622
      vertex -0.686974525452 0.4887984097 0.0550501681864
      vertex -0.743017435074 0.519718647003 0.047338321805
    endloop
  endfacet
  facet normal -0.0509192757308 -0.998474359512 -0.0213593486696
    outer loop
      vertex -0.680858790874 0.556806564331 0.056193113327
      vertex -0.686974525452 0.4887984097 0.0550501681864
      vertex -0.750243604183 0.596082925797 0.0605717338622
    endloop
  endfacet
  facet normal 0.569181084633 -0.728010237217 0.382144004107
    outer loop
      vertex -0.719928264618 0.454204887152 0.0474446080625
      vertex -0.686974525452 0.4887984097 0.0550501681864
      vertex -0.714070141315 0.411449581385 0.0744676217437
    endloop
  endfacet
  facet normal 0.853900671005 -0.0764418393373 0.514791548252
    outer loop
      vertex -0.768387079239 0.342743963003 0.323626756668
      vertex -0.680863440037 0.500390410423 0.239659845829
      vertex -0.596587955952 0.629531919956 0.311373710632
    endloop
  endfacet
  facet normal 0.855603158474 0.25509378314 0.45041140914
    outer loop
      vertex -0.680863440037 0.500390410423 0.239659845829
      vertex -0.65037894249 0.514042019844 0.161516845226
      vertex -0.588549852371 0.624917685986 0.149907335639
    endloop
  endfacet
  facet normal 0.869671404362 0.0205367151648 0.493203669786
    outer loop
      vertex -0.702148675919 0.422929883003 0.16569454968
      vertex -0.667581617832 0.480417966843 0.0824949294329
      vertex -0.65037894249 0.514042019844 0.161516845226
    endloop
  endfacet
  facet normal -0.198411017656 -0.918242514133 0.342729866505
    outer loop
      vertex -0.576674997807 0.911166250706 0.0567682273686
      vertex -0.637255430222 0.871474385262 0.0846730768681
      vertex -0.743695676327 0.951792240143 0.0776940733194
    endloop
  endfacet
  facet normal 0.476389616728 -0.28483864665 0.831817209721
    outer loop
      vertex -0.657845437527 0.531311750412 0.0985961407423
      vertex -0.635611772537 0.55268663168 0.0733605846763
      vertex -0.65037894249 0.514042019844 0.161516845226
    endloop
  endfacet
  facet normal -0.0367847010493 -0.992958426476 -0.112607501447
    outer loop
      vertex -0.617845773697 0.650346755981 0.0447209514678
      vertex -0.658077955246 0.601003646851 0.0406155698001
      vertex -0.650168418884 0.709694564342 0.0526487715542
    endloop
  endfacet
  facet normal 0.570961952209 -0.778100013733 0.261845052242
    outer loop
      vertex -0.658077955246 0.601003646851 0.0406155698001
      vertex -0.609205961227 0.585309505463 0.08175868541
      vertex -0.635611772537 0.55268663168 0.0733605846763
    endloop
  endfacet
  facet normal 0.00955937802792 -0.836410880089 -0.548019528389
    outer loop
      vertex -0.542913913727 0.846642494202 0.0694813653827
      vertex -0.623405456543 0.844751060009 0.0673221498728
      vertex -0.637255430222 0.871474385262 0.0846730768681
    endloop
  endfacet
  facet normal 0.92961537838 -0.0716682299972 0.361495316029
    outer loop
      vertex -0.588549852371 0.624917685986 0.149907335639
      vertex -0.609205961227 0.585309505463 0.08175868541
      vertex -0.557181358337 0.715097606182 0.101922571659
    endloop
  endfacet
  facet normal 0.212453782558 -0.942996442318 0.256166160107
    outer loop
      vertex -0.650168418884 0.709694564342 0.0526487715542
      vertex -0.572461605072 0.750554978848 0.059056058526
      vertex -0.607045412064 0.705791592598 0.0634244903922
    endloop
  endfacet
  facet normal 0.531499326229 -0.828577697277 -0.175975814462
    outer loop
      vertex -0.591056346893 0.654750704765 0.0628406405449
      vertex -0.617845773697 0.650346755981 0.0447209514678
      vertex -0.607045412064 0.705791592598 0.0634244903922
    endloop
  endfacet
  facet normal 0.902061283588 -0.294104069471 0.315892785788
    outer loop
      vertex -0.591056346893 0.654750704765 0.0628406405449
      vertex -0.557181358337 0.715097606182 0.101922571659
      vertex -0.609205961227 0.585309505463 0.08175868541
    endloop
  endfacet
  facet normal 0.903044998646 -0.0900576040149 0.419999182224
    outer loop
      vertex -0.580402195454 0.648148536682 0.386853247881
      vertex -0.596587955952 0.629531919956 0.311373710632
      vertex -0.543504953384 0.744416713715 0.307874023914
    endloop
  endfacet
  facet normal 0.898180246353 0.167871713638 0.406314283609
    outer loop
      vertex -0.564369618893 0.711856007576 0.230957940221
      vertex -0.588549852371 0.624917685986 0.149907335639
      vertex -0.524436950684 0.780474424362 0.183385208249
    endloop
  endfacet
  facet normal 0.81518048048 -0.513004183769 0.268900632858
    outer loop
      vertex -0.557181358337 0.715097606182 0.101922571659
      vertex -0.572461605072 0.750554978848 0.059056058526
      vertex -0.506707191467 0.855118334293 0.108733162284
    endloop
  endfacet
  facet normal 0.434109210968 -0.900147497654 0.0358278043568
    outer loop
      vertex -0.542913913727 0.846642494202 0.0694813653827
      vertex -0.572461605072 0.750554978848 0.059056058526
      vertex -0.58371090889 0.813347935677 0.0511316359043
    endloop
  endfacet
  facet normal 0.97111839056 -0.0435986332595 0.234580889344
    outer loop
      vertex -0.488026112318 0.911754667759 0.220106989145
      vertex -0.506707191467 0.855118334293 0.108733162284
      vertex -0.476610004902 0.98721575737 0.0683743357658
    endloop
  endfacet
  facet normal 0.566097736359 -0.806971371174 0.168316841125
    outer loop
      vertex -0.519583880901 0.955047309399 0.0449374094605
      vertex -0.476610004902 0.98721575737 0.0683743357658
      vertex -0.513739228249 0.905886232853 0.0592914409935
    endloop
  endfacet
  facet normal 0.104327633977 -0.344493865967 -0.932973623276
    outer loop
      vertex -1.21695899963 -0.0369708165526 0.0822561457753
      vertex -1.25261592865 -0.0385790094733 0.0671022981405
      vertex -1.25680780411 -0.0125621110201 0.136292949319
    endloop
  endfacet
  facet normal 0.387915343046 -0.126340910792 -0.912994861603
    outer loop
      vertex -1.21695899963 -0.0369708165526 0.0822561457753
      vertex -1.25680780411 -0.0125621110201 0.136292949319
      vertex -1.15121722221 -0.056352108717 0.144050896168
    endloop
  endfacet
  facet normal 0.0141020417213 -0.94888061285 -0.315320104361
    outer loop
      vertex -1.17450356483 -0.0907106548548 0.0509394481778
      vertex -1.28836131096 -0.0858464390039 0.0508637353778
      vertex -1.25261592865 -0.0385790094733 0.0671022981405
    endloop
  endfacet
  facet normal 0.878985524178 0.08666562289 0.468906760216
    outer loop
      vertex -1.24456548691 -0.396374493837 0.290125131607
      vertex -1.17145252228 -0.274489820004 0.208054870367
      vertex -1.09600830078 -0.117070533335 0.294601291418
    endloop
  endfacet
  facet normal 0.344652980566 -0.666733264923 -0.660818457603
    outer loop
      vertex -1.21695899963 -0.0369708165526 0.0822561457753
      vertex -1.15058755875 -0.067498408258 0.0863086283207
      vertex -1.17450356483 -0.0907106548548 0.0509394481778
    endloop
  endfacet
  facet normal 0.925086319447 -0.298562914133 0.234681725502
    outer loop
      vertex -1.1564719677 -0.243792548776 0.142575025558
      vertex -1.19143629074 -0.280511528254 0.0631017461419
      vertex -1.17315506935 -0.229926615953 0.0799838453531
    endloop
  endfacet
  facet normal 0.925160467625 -0.298971861601 0.233867242932
    outer loop
      vertex -1.1564719677 -0.243792548776 0.142575025558
      vertex -1.19944524765 -0.342717081308 0.086977891624
      vertex -1.19143629074 -0.280511528254 0.0631017461419
    endloop
  endfacet
  facet normal 0.862490355968 0.0819999948144 0.499385982752
    outer loop
      vertex -1.25068163872 -0.42073187232 0.150775596499
      vertex -1.19944524765 -0.342717081308 0.086977891624
      vertex -1.17145252228 -0.274489820004 0.208054870367
    endloop
  endfacet
  facet normal 0.132180050015 -0.764181435108 0.631312251091
    outer loop
      vertex -1.17956399918 -0.195230036974 0.050211455673
      vertex -1.17315506935 -0.229926615953 0.0799838453531
      vertex -1.2290790081 -0.210128337145 0.0539547838271
    endloop
  endfacet
  facet normal 0.889014184475 -0.0112018184736 0.457742661238
    outer loop
      vertex -1.17145252228 -0.274489820004 0.208054870367
      vertex -1.1564719677 -0.243792548776 0.142575025558
      vertex -1.05196094513 -0.0429176203907 0.228519171476
    endloop
  endfacet
  facet normal -0.0720249339938 -0.995663940907 -0.0588703118265
    outer loop
      vertex -1.0957839489 0.0531849339604 0.184118047357
      vertex -1.10410547256 -0.056069649756 0.178260147572
      vertex -1.1767718792 0.0153502011672 0.187739551067
    endloop
  endfacet
  facet normal 0.815379500389 -0.145185649395 -0.560426056385
    outer loop
      vertex -1.15121722221 -0.056352108717 0.144050896168
      vertex -1.10504031181 -0.116996727884 0.169293731451
      vertex -1.1233894825 -0.110904537141 0.0897588208318
    endloop
  endfacet
  facet normal 0.649642109871 -0.531861007214 0.543220937252
    outer loop
      vertex -1.05196094513 -0.0429176203907 0.228519171476
      vertex -1.10410547256 -0.056069649756 0.178260147572
      vertex -1.01179099083 0.0387840382755 0.194138109684
    endloop
  endfacet
  facet normal -0.979577958584 -0.0229857247323 0.199746444821
    outer loop
      vertex -2.96966695786 -1.4908977747 0.445021152496
      vertex -2.98408508301 -1.40635168552 0.324766308069
      vertex -2.95495700836 -1.55512392521 0.376256108284
    endloop
  endfacet
  facet normal -0.942093968391 -0.0507286600769 -0.331489920616
    outer loop
      vertex -2.92598509789 -1.00432538986 0.35561516881
      vertex -2.94953465462 -1.08636212349 0.256885558367
      vertex -2.9639942646 -1.10497701168 0.403776586056
    endloop
  endfacet
  facet normal -0.948817372322 -0.0830551087856 0.304708689451
    outer loop
      vertex -2.92077636719 -1.68712472916 0.367933243513
      vertex -2.94564175606 -1.58627462387 0.281999766827
      vertex -2.90896439552 -1.70490455627 0.29822281003
    endloop
  endfacet
  facet normal -0.86659938097 -0.341422170401 0.363918155432
    outer loop
      vertex -2.94564175606 -1.58627462387 0.281999766827
      vertex -2.97147154808 -1.4874253273 0.242198586464
      vertex -2.93289589882 -1.54981410503 0.210785314441
    endloop
  endfacet
  facet normal -0.878077626228 -0.355673134327 0.320119172335
    outer loop
      vertex -2.94564175606 -1.58627462387 0.281999766827
      vertex -2.90196251869 -1.65809357166 0.238805189729
      vertex -2.90896439552 -1.70490455627 0.29822281003
    endloop
  endfacet
  facet normal -0.859272241592 0.0880966633558 -0.50387519598
    outer loop
      vertex -2.88307595253 -0.968623816967 0.231694176793
      vertex -2.92184710503 -1.02639627457 0.18396371603
      vertex -2.94953465462 -1.08636212349 0.256885558367
    endloop
  endfacet
  facet normal -0.955120801926 -0.139894649386 -0.261101037264
    outer loop
      vertex -2.94953465462 -1.08636212349 0.256885558367
      vertex -2.95611023903 -1.16371572018 0.157406136394
      vertex -2.97754812241 -1.18185794353 0.269911259413
    endloop
  endfacet
  facet normal -0.953330755234 -0.143533602357 -0.265628695488
    outer loop
      vertex -2.94953465462 -1.08636212349 0.256885558367
      vertex -2.92184710503 -1.02639627457 0.18396371603
      vertex -2.95611023903 -1.16371572018 0.157406136394
    endloop
  endfacet
  facet normal -0.797789216042 -0.495616644621 0.343360632658
    outer loop
      vertex -2.97622346878 -1.32548332214 0.173402994871
      vertex -2.95431828499 -1.39755380154 0.188072487712
      vertex -2.97967195511 -1.39056539536 0.224042505026
    endloop
  endfacet
  facet normal -0.397248059511 -0.915720701218 -0.0604114308953
    outer loop
      vertex -2.95431828499 -1.39755380154 0.188072487712
      vertex -2.9342083931 -1.47514247894 0.174229994416
      vertex -2.95963406563 -1.4646127224 0.185954526067
    endloop
  endfacet
  facet normal 0.135826438665 -0.978862166405 0.152905508876
    outer loop
      vertex -2.88510727882 -1.25258052349 0.125473067164
      vertex -2.94230914116 -1.31011652946 0.126523315907
      vertex -2.93323802948 -1.23936367035 0.116729900241
    endloop
  endfacet
  facet normal -0.869229316711 0.033640217036 -0.493263363838
    outer loop
      vertex -2.87270283699 -0.914593040943 0.416637271643
      vertex -2.88132810593 -0.924930989742 0.345354378223
      vertex -2.92598509789 -1.00432538986 0.35561516881
    endloop
  endfacet
  facet normal -0.658496916294 -0.71300804615 0.240834593773
    outer loop
      vertex -2.90896439552 -1.70490455627 0.29822281003
      vertex -2.86118292809 -1.73405253887 0.263939797878
      vertex -2.85177922249 -1.81045198441 0.281060665846
    endloop
  endfacet
  facet normal -0.868489861488 -0.166175782681 -0.467023581266
    outer loop
      vertex -2.92598509789 -1.00432538986 0.35561516881
      vertex -2.88132810593 -0.924930989742 0.345354378223
      vertex -2.88307595253 -0.968623816967 0.231694176793
    endloop
  endfacet
  facet normal -0.873237967491 -0.170896694064 -0.456343919039
    outer loop
      vertex -2.94953465462 -1.08636212349 0.256885558367
      vertex -2.92598509789 -1.00432538986 0.35561516881
      vertex -2.88307595253 -0.968623816967 0.231694176793
    endloop
  endfacet
  facet normal -0.226329818368 -0.881992459297 0.413357168436
    outer loop
      vertex -2.86011481285 -1.6689106226 0.233136087656
      vertex -2.86118292809 -1.73405253887 0.263939797878
      vertex -2.90196251869 -1.65809357166 0.238805189729
    endloop
  endfacet
  facet normal -0.110031589866 -0.81235742569 0.572685360909
    outer loop
      vertex -2.86371827126 -1.59929728508 0.236299440265
      vertex -2.91886401176 -1.59450352192 0.240389287472
      vertex -2.93289589882 -1.54981410503 0.210785314441
    endloop
  endfacet
  facet normal 0.195973008871 -0.916383981705 0.349048733711
    outer loop
      vertex -2.94230914116 -1.31011652946 0.126523315907
      vertex -2.79758930206 -1.39413070679 0.189473152161
      vertex -2.93409657478 -1.3708486557 0.151412338018
    endloop
  endfacet
  facet normal -0.736471116543 -0.507125735283 -0.447698384523
    outer loop
      vertex -2.86295151711 -0.957758247852 0.138491481543
      vertex -2.81309294701 -0.956309556961 0.0673634037375
      vertex -2.88541460037 -1.06943941116 0.072519518435
    endloop
  endfacet
  facet normal -0.716464459896 -0.498301595449 0.488235801458
    outer loop
      vertex -2.87887954712 -1.81133842468 0.320894390345
      vertex -2.85177922249 -1.81045198441 0.281060665846
      vertex -2.84958219528 -1.86687731743 0.333187222481
    endloop
  endfacet
  facet normal -0.0283391289413 -0.974656224251 0.221905604005
    outer loop
      vertex -2.79628777504 -1.81631088257 0.280781120062
      vertex -2.85177922249 -1.81045198441 0.281060665846
      vertex -2.86118292809 -1.73405253887 0.263939797878
    endloop
  endfacet
  facet normal 0.238995701075 -0.969380021095 -0.0564220026135
    outer loop
      vertex -2.86371827126 -1.59929728508 0.236299440265
      vertex -2.72938418388 -1.60991513729 0.268800824881
      vertex -2.86011481285 -1.6689106226 0.233136087656
    endloop
  endfacet
  facet normal 0.184385567904 -0.973561644554 0.134832158685
    outer loop
      vertex -2.86118292809 -1.73405253887 0.263939797878
      vertex -2.75380897522 -1.69299459457 0.278589397669
      vertex -2.7813129425 -1.74038386345 0.279943436384
    endloop
  endfacet
  facet normal -0.722978115082 -0.0760537534952 -0.686672031879
    outer loop
      vertex -2.79696750641 -0.88022840023 0.211236670613
      vertex -2.86295151711 -0.957758247852 0.138491481543
      vertex -2.88307595253 -0.968623816967 0.231694176793
    endloop
  endfacet
  facet normal 0.208692908287 -0.951781332493 0.224854469299
    outer loop
      vertex -2.88510727882 -1.25258052349 0.125473067164
      vertex -2.75362920761 -1.35238111019 0.177879169583
      vertex -2.94230914116 -1.31011652946 0.126523315907
    endloop
  endfacet
  facet normal -0.441415756941 -0.863823771477 -0.242818027735
    outer loop
      vertex -2.81309294701 -0.956309556961 0.0673634037375
      vertex -2.77987861633 -0.982659399509 0.0429839678109
      vertex -2.88541460037 -1.06943941116 0.072519518435
    endloop
  endfacet
  facet normal 0.238735690713 -0.969679772854 -0.0522148348391
    outer loop
      vertex -2.72866654396 -1.57526993752 0.270843088627
      vertex -2.72938418388 -1.60991513729 0.268800824881
      vertex -2.86371827126 -1.59929728508 0.236299440265
    endloop
  endfacet
  facet normal 0.345288157463 -0.938119471073 -0.0266083274037
    outer loop
      vertex -2.77730178833 -1.26977550983 0.164664685726
      vertex -2.88510727882 -1.25258052349 0.125473067164
      vertex -2.83102655411 -1.22947967052 0.146033465862
    endloop
  endfacet
  facet normal 0.200885221362 -0.94090116024 -0.272672176361
    outer loop
      vertex -2.68326234818 -1.44847249985 0.237821906805
      vertex -2.82509231567 -1.46403515339 0.203030765057
      vertex -2.78033638 -1.42318212986 0.224425435066
    endloop
  endfacet
  facet normal 0.248176857829 -0.965129077435 0.0832714140415
    outer loop
      vertex -2.77730178833 -1.26977550983 0.164664685726
      vertex -2.68962264061 -1.30598044395 0.19033460319
      vertex -2.75362920761 -1.35238111019 0.177879169583
    endloop
  endfacet
  facet normal 0.168302968144 -0.908554971218 0.382363706827
    outer loop
      vertex -2.80663895607 -1.08903169632 0.069884672761
      vertex -2.6473300457 -1.01547181606 0.0684379115701
      vertex -2.72391629219 -1.24725222588 0.151795268059
    endloop
  endfacet
  facet normal 0.116425141692 -0.955530822277 0.270935565233
    outer loop
      vertex -2.77987861633 -0.982659399509 0.0429839678109
      vertex -2.6473300457 -1.01547181606 0.0684379115701
      vertex -2.80663895607 -1.08903169632 0.069884672761
    endloop
  endfacet
  facet normal 0.269963651896 -0.955880880356 0.115807317197
    outer loop
      vertex -2.68962264061 -1.30598044395 0.19033460319
      vertex -2.57656478882 -1.33646476269 0.225958094001
      vertex -2.75362920761 -1.35238111019 0.177879169583
    endloop
  endfacet
  facet normal 0.105610921979 -0.964299380779 0.242843687534
    outer loop
      vertex -2.66873407364 -0.908016979694 0.0390329174697
      vertex -2.52282047272 -0.893365800381 0.0513238273561
      vertex -2.6473300457 -1.01547181606 0.0684379115701
    endloop
  endfacet
  facet normal 0.223692536354 -0.940111041069 0.257202088833
    outer loop
      vertex -2.69437360764 -1.72499668598 0.310493320227
      vertex -2.5241291523 -1.77364122868 0.36431029439
      vertex -2.68032884598 -1.83986508846 0.345261663198
    endloop
  endfacet
  facet normal 0.189477458596 -0.860476672649 0.472946256399
    outer loop
      vertex -2.72866654396 -1.57526993752 0.270843088627
      vertex -2.70069169998 -1.53070151806 0.252506941557
      vertex -2.52881455421 -1.55161595345 0.301849663258
    endloop
  endfacet
  facet normal 0.244015306234 -0.952170193195 0.183925181627
    outer loop
      vertex -2.75380897522 -1.69299459457 0.278589397669
      vertex -2.72938418388 -1.60991513729 0.268800824881
      vertex -2.55807828903 -1.63280510902 0.317123383284
    endloop
  endfacet
  facet normal 0.298612564802 -0.855257451534 0.423515349627
    outer loop
      vertex -2.6259560585 -1.69456398487 0.324006289244
      vertex -2.75380897522 -1.69299459457 0.278589397669
      vertex -2.55807828903 -1.63280510902 0.317123383284
    endloop
  endfacet
  facet normal 0.137336328626 -0.960465073586 0.242168471217
    outer loop
      vertex -2.57656478882 -1.33646476269 0.225958094001
      vertex -2.49054718018 -1.36197888851 0.244690746069
      vertex -2.5485522747 -1.45953011513 0.260992884636
    endloop
  endfacet
  facet normal 0.19226950407 -0.907040476799 0.374579817057
    outer loop
      vertex -2.6473300457 -1.01547181606 0.0684379115701
      vertex -2.49937176704 -1.13856458664 0.150634855032
      vertex -2.61822795868 -1.26756000519 0.178711503744
    endloop
  endfacet
  facet normal 0.264131784439 -0.915935993195 0.302151620388
    outer loop
      vertex -2.51616644859 -1.30535328388 0.269694805145
      vertex -2.52894663811 -1.23394930363 0.242454364896
      vertex -2.49333906174 -1.27373898029 0.265848577023
    endloop
  endfacet
  facet normal 0.323398381472 -0.802857756615 -0.500832259655
    outer loop
      vertex -2.49054718018 -1.36197888851 0.244690746069
      vertex -2.57656478882 -1.33646476269 0.225958094001
      vertex -2.51616644859 -1.30535328388 0.269694805145
    endloop
  endfacet
  facet normal 0.582101762295 0.0531828962266 0.811374843121
    outer loop
      vertex -2.52894663811 -1.23394930363 0.242454364896
      vertex -2.58388733864 -1.27601182461 0.202076599002
      vertex -2.49105715752 -1.20824623108 0.219876945019
    endloop
  endfacet
  facet normal 0.532590389252 -0.63128900528 0.563756763935
    outer loop
      vertex -2.58388733864 -1.27601182461 0.202076599002
      vertex -2.49937176704 -1.13856458664 0.150634855032
      vertex -2.49105715752 -1.20824623108 0.219876945019
    endloop
  endfacet
  facet normal -0.179702818394 -0.980823755264 0.0754433497787
    outer loop
      vertex -2.43794035912 -1.22216153145 0.251731395721
      vertex -2.45852637291 -1.30584979057 0.26194024086
      vertex -2.49333906174 -1.27373898029 0.265848577023
    endloop
  endfacet
  facet normal 0.144276514649 -0.904021501541 0.402404516935
    outer loop
      vertex -2.52894663811 -1.23394930363 0.242454364896
      vertex -2.43794035912 -1.22216153145 0.251731395721
      vertex -2.49333906174 -1.27373898029 0.265848577023
    endloop
  endfacet
  facet normal -0.651237130165 -0.755822062492 -0.0679941251874
    outer loop
      vertex -2.43794035912 -1.22216153145 0.251731395721
      vertex -2.43384313583 -1.33557283878 0.237998574972
      vertex -2.45852637291 -1.30584979057 0.26194024086
    endloop
  endfacet
  facet normal -0.301972568035 -0.849184930325 -0.433240652084
    outer loop
      vertex -2.45852637291 -1.30584979057 0.26194024086
      vertex -2.43384313583 -1.33557283878 0.237998574972
      vertex -2.49054718018 -1.36197888851 0.244690746069
    endloop
  endfacet
  facet normal 0.0976121649146 -0.958427727222 0.268119663
    outer loop
      vertex -2.43384313583 -1.33557283878 0.237998574972
      vertex -2.37416267395 -1.37991774082 0.256482243538
      vertex -2.5485522747 -1.45953011513 0.260992884636
    endloop
  endfacet
  facet normal -0.0098482221365 -0.70871847868 0.705422639847
    outer loop
      vertex -2.49105715752 -1.20824623108 0.219876945019
      vertex -2.49937176704 -1.13856458664 0.150634855032
      vertex -2.4226398468 -1.17558956146 0.186421409249
    endloop
  endfacet
  facet normal 0.185520842671 -0.927232503891 0.325302779675
    outer loop
      vertex -2.36689901352 -1.55342125893 0.320583760738
      vertex -2.30543041229 -1.36115086079 0.265427798033
      vertex -2.27788472176 -1.45326340199 0.303255170584
    endloop
  endfacet
  facet normal 0.869144558907 -0.416824221611 0.266167908907
    outer loop
      vertex -2.35241866112 -0.924398601055 0.103733323514
      vertex -2.34248828888 -0.947858631611 0.139420390129
      vertex -2.37309932709 -1.0839189291 0.162474408746
    endloop
  endfacet
  facet normal 0.135438129306 -0.904664695263 0.404027551413
    outer loop
      vertex -2.2638657093 -1.02860808372 0.136768564582
      vertex -2.22154474258 -1.06154942513 0.157816231251
      vertex -2.36951756477 -1.22666299343 0.209403589368
    endloop
  endfacet
  facet normal -0.418544113636 -0.90448820591 0.0819875448942
    outer loop
      vertex -2.28897476196 -1.24098682404 0.248047754169
      vertex -2.25014662743 -1.16777002811 0.223443612456
      vertex -2.21631240845 -1.19124615192 0.209915116429
    endloop
  endfacet
  facet normal 0.524000585079 -0.654253840446 0.545321285725
    outer loop
      vertex -2.25014662743 -1.16777002811 0.223443612456
      vertex -2.2577586174 -1.13477933407 0.18984927237
      vertex -2.22154474258 -1.06154942513 0.157816231251
    endloop
  endfacet
  facet normal 0.571319520473 -0.637304186821 0.51714348793
    outer loop
      vertex -2.28897476196 -1.24098682404 0.248047754169
      vertex -2.2577586174 -1.13477933407 0.18984927237
      vertex -2.25014662743 -1.16777002811 0.223443612456
    endloop
  endfacet
  facet normal 0.458729565144 -0.881797134876 -0.109549030662
    outer loop
      vertex -2.2596552372 -0.928557991982 0.151388555765
      vertex -2.2638657093 -1.02860808372 0.136768564582
      vertex -2.29641819 -0.976174533367 0.126348108053
    endloop
  endfacet
  facet normal 0.80463039875 -0.333074837923 -0.491559803486
    outer loop
      vertex -2.22006416321 -0.939767003059 0.360554814339
      vertex -2.16031622887 -1.05907189846 0.328818798065
      vertex -2.24616718292 -0.946362018585 0.287763029337
    endloop
  endfacet
  facet normal 0.694205224514 0.108062855899 -0.711618959904
    outer loop
      vertex -2.19501638412 -0.978909015656 0.250488460064
      vertex -2.20220994949 -0.962024986744 0.185515299439
      vertex -2.24534034729 -0.924744486809 0.217087775469
    endloop
  endfacet
  facet normal -0.4187271595 -0.904373466969 0.0823174268007
    outer loop
      vertex -2.17085075378 -1.13540112972 0.183783173561
      vertex -2.21631240845 -1.19124615192 0.209915116429
      vertex -2.25014662743 -1.16777002811 0.223443612456
    endloop
  endfacet
  facet normal -0.436429142952 -0.899149596691 0.0325512327254
    outer loop
      vertex -2.18486237526 -1.07745850086 0.188486471772
      vertex -2.17085075378 -1.13540112972 0.183783173561
      vertex -2.25014662743 -1.16777002811 0.223443612456
    endloop
  endfacet
  facet normal 0.859432578087 0.126273244619 -0.49540963769
    outer loop
      vertex -2.16031622887 -1.05907189846 0.328818798065
      vertex -2.09799981117 -1.14823496342 0.254499703646
      vertex -2.19501638412 -0.978909015656 0.250488460064
    endloop
  endfacet
  facet normal 0.862771987915 0.0950264930725 -0.496582776308
    outer loop
      vertex -2.09799981117 -1.14823496342 0.254499703646
      vertex -2.15910983086 -1.03541588783 0.219772607088
      vertex -2.19501638412 -0.978909015656 0.250488460064
    endloop
  endfacet
  facet normal -0.0546578429639 -0.877854466438 0.475798368454
    outer loop
      vertex -2.800126791 -1.89568352699 0.324040263891
      vertex -2.85177922249 -1.81045198441 0.281060665846
      vertex -2.79628777504 -1.81631088257 0.280781120062
    endloop
  endfacet
  facet normal 0.881048083305 0.299196630716 -0.366381883621
    outer loop
      vertex -2.0621817112 -1.25782966614 0.283230096102
      vertex -2.09799981117 -1.14823496342 0.254499703646
      vertex -2.16031622887 -1.05907189846 0.328818798065
    endloop
  endfacet
  facet normal 0.878286063671 0.153485968709 -0.452830672264
    outer loop
      vertex -2.08763337135 -1.23994827271 0.376115381718
      vertex -2.0325191021 -1.32505321503 0.311823129654
      vertex -2.0621817112 -1.25782966614 0.283230096102
    endloop
  endfacet
  facet normal 0.466930687428 -0.338169693947 0.817078351974
    outer loop
      vertex -2.10541248322 -1.52066612244 0.341698408127
      vertex -2.06578660011 -1.48410737514 0.30807980895
      vertex -2.03232622147 -1.46979224682 0.319692701101
    endloop
  endfacet
  facet normal 0.0821320042014 -0.930939257145 -0.355817943811
    outer loop
      vertex -1.76135134697 -0.660338163376 0.660014212132
      vertex -1.66054821014 -0.73382461071 0.640820026398
      vertex -1.77572870255 -0.730045735836 0.632102608681
    endloop
  endfacet
  facet normal 0.212106078863 -0.696662127972 0.685326874256
    outer loop
      vertex -1.50603330135 -0.76291513443 0.668592870235
      vertex -1.53434538841 -0.743194282055 0.64057302475
      vertex -1.44816160202 -0.709080934525 0.633254289627
    endloop
  endfacet
  facet normal 0.679443120956 -0.724276423454 0.117391295731
    outer loop
      vertex -1.02057266235 -0.179926991463 0.651133716106
      vertex -1.04107832909 -0.313902914524 0.653612315655
      vertex -1.08161211014 -0.354598075151 0.62218350172
    endloop
  endfacet
  facet normal 0.763185083866 -0.554345428944 0.332038640976
    outer loop
      vertex -1.0655734539 -0.404885441065 0.674385249615
      vertex -1.08161211014 -0.354598075151 0.62218350172
      vertex -1.04107832909 -0.313902914524 0.653612315655
    endloop
  endfacet
  facet normal 0.982388913631 0.0872310176492 0.165235370398
    outer loop
      vertex -1.00946176052 -0.160010144114 0.833812773228
      vertex -1.03921425343 -0.312264114618 0.88047939539
      vertex -1.01307177544 -0.238743960857 0.725329041481
    endloop
  endfacet
  facet normal 0.982606291771 -0.0545066222548 0.177521556616
    outer loop
      vertex -1.01307177544 -0.238743960857 0.725329041481
      vertex -0.996184647083 -0.132748782635 0.684544622898
      vertex -0.946060776711 0.108011633158 0.80401468277
    endloop
  endfacet
  facet normal 0.565657198429 -0.797611892223 -0.209397345781
    outer loop
      vertex -1.9866694212 -1.19301879406 1.48719739914
      vertex -1.97897493839 -1.24667525291 1.47856783867
      vertex -2.08863973618 -1.09563553333 1.44044733047
    endloop
  endfacet
  facet normal -0.321792036295 -0.938669919968 -0.123889885843
    outer loop
      vertex -2.73265743256 -1.23222279549 1.38763892651
      vertex -2.74124336243 -1.19185423851 1.39591038227
      vertex -2.64471673965 -1.09089505672 1.37614440918
    endloop
  endfacet
  facet normal 0.0245347376913 -0.971722483635 0.234847828746
    outer loop
      vertex -2.78106212616 -1.30628883839 1.40431714058
      vertex -2.73265743256 -1.23222279549 1.38763892651
      vertex -2.75435209274 -1.34478139877 1.41429448128
    endloop
  endfacet
  facet normal -0.263024628162 -0.891950845718 -0.367752283812
    outer loop
      vertex -2.51834416389 -1.01628494263 1.3760997057
      vertex -2.53641438484 -0.975700974464 1.39816129208
      vertex -2.47349095345 -0.952566385269 1.38914442062
    endloop
  endfacet
  facet normal 0.804889261723 -0.520991802216 0.284114122391
    outer loop
      vertex -1.08161211014 -0.354598075151 0.62218350172
      vertex -1.0655734539 -0.404885441065 0.674385249615
      vertex -1.10805153847 -0.449763059616 0.633233428001
    endloop
  endfacet
  facet normal 0.533517003059 -0.795200288296 -0.288125127554
    outer loop
      vertex -0.976268291473 0.102135904133 0.712710559368
      vertex -0.988344192505 0.159593224525 0.725427091122
      vertex -0.970456242561 0.240746468306 0.766832768917
    endloop
  endfacet
  facet normal -0.569404006004 -0.815679967403 0.102202273905
    outer loop
      vertex -2.79183936119 -1.41968107224 1.4260481596
      vertex -2.81534695625 -1.37228095531 1.43651914597
      vertex -2.78106212616 -1.30628883839 1.40431714058
    endloop
  endfacet
  facet normal 0.339216947556 -0.70945417881 0.617743134499
    outer loop
      vertex -1.42522716522 -0.724012732506 0.657221674919
      vertex -1.44816160202 -0.709080934525 0.633254289627
      vertex -1.33365631104 -0.642404913902 0.629946768284
    endloop
  endfacet
  facet normal 0.858859837055 -0.504814863205 0.0867279693484
    outer loop
      vertex -0.960680007935 0.0948007926345 0.740491628647
      vertex -1.00468075275 0.00985927134752 0.680224716663
      vertex -0.976268291473 0.102135904133 0.712710559368
    endloop
  endfacet
  facet normal 0.641326904297 -0.737791180611 -0.210627585649
    outer loop
      vertex -1.91638123989 -1.29953789711 1.5178861618
      vertex -1.97897493839 -1.24667525291 1.47856783867
      vertex -1.9866694212 -1.19301879406 1.48719739914
    endloop
  endfacet
  facet normal -0.0548488050699 -0.969030082226 -0.240774303675
    outer loop
      vertex -2.38540935516 -0.975212335587 1.37878072262
      vertex -2.51834416389 -1.01628494263 1.3760997057
      vertex -2.39937663078 -0.935951590538 1.389326334
    endloop
  endfacet
  facet normal 0.648438334465 -0.467420995235 0.600870490074
    outer loop
      vertex -1.10805153847 -0.449763059616 0.633233428001
      vertex -1.13879227638 -0.532519578934 0.696971416473
      vertex -1.19560134411 -0.540346443653 0.628223359585
    endloop
  endfacet
  facet normal 0.233648866415 -0.969108700752 -0.0789720416069
    outer loop
      vertex -1.06045031548 -0.242366090417 0.636431217194
      vertex -1.02057266235 -0.179926991463 0.651133716106
      vertex -1.08161211014 -0.354598075151 0.62218350172
    endloop
  endfacet
  facet normal 0.787906348705 -0.615144133568 -0.0283066257834
    outer loop
      vertex -1.00468075275 0.00985927134752 0.680224716663
      vertex -0.960680007935 0.0948007926345 0.740491628647
      vertex -0.996184647083 -0.132748782635 0.684544622898
    endloop
  endfacet
  facet normal -0.442954719067 -0.892156362534 -0.0885895118117
    outer loop
      vertex -2.73265743256 -1.23222279549 1.38763892651
      vertex -2.78106212616 -1.30628883839 1.40431714058
      vertex -2.74124336243 -1.19185423851 1.39591038227
    endloop
  endfacet
  facet normal -0.147311776876 -0.89504045248 -0.420953512192
    outer loop
      vertex -2.53641438484 -0.975700974464 1.39816129208
      vertex -2.51834416389 -1.01628494263 1.3760997057
      vertex -2.6035284996 -1.0297960043 1.38376545906
    endloop
  endfacet
  facet normal 0.116775296628 -0.647819280624 0.752790629864
    outer loop
      vertex -1.53434538841 -0.743194282055 0.64057302475
      vertex -1.50603330135 -0.76291513443 0.668592870235
      vertex -1.67775809765 -0.776267290115 0.653153657913
    endloop
  endfacet
  facet normal -0.155114918947 -0.938220739365 -0.309323787689
    outer loop
      vertex -1.53434538841 -0.743194282055 0.64057302475
      vertex -1.57882583141 -0.671819090843 0.671458721161
      vertex -1.45374035835 -0.631056308746 0.66421765089
    endloop
  endfacet
  facet normal 0.367802917957 -0.777145922184 0.510651767254
    outer loop
      vertex -1.27716755867 -0.625841081142 0.645797550678
      vertex -1.33365631104 -0.642404913902 0.629946768284
      vertex -1.19560134411 -0.540346443653 0.628223359585
    endloop
  endfacet
  facet normal 0.955220103264 -0.0301794521511 0.29435312748
    outer loop
      vertex -1.08369219303 -0.47303467989 0.775237679482
      vertex -1.01307177544 -0.238743960857 0.725329041481
      vertex -1.0749861002 -0.460127800703 0.924911081791
    endloop
  endfacet
  facet normal -0.521675765514 -0.828077316284 -0.205285951495
    outer loop
      vertex -1.03719651699 -0.102122485638 0.656548976898
      vertex -1.06045031548 -0.242366090417 0.636431217194
      vertex -1.07731938362 -0.186810612679 0.660831034184
    endloop
  endfacet
  facet normal 0.189895391464 -0.975791871548 -0.108489565551
    outer loop
      vertex -1.03719651699 -0.102122485638 0.656548976898
      vertex -1.02057266235 -0.179926991463 0.651133716106
      vertex -1.06045031548 -0.242366090417 0.636431217194
    endloop
  endfacet
  facet normal 0.787928640842 -0.615115523338 -0.0283088199794
    outer loop
      vertex -1.00468075275 0.00985927134752 0.680224716663
      vertex -0.996184647083 -0.132748782635 0.684544622898
      vertex -1.02057266235 -0.179926991463 0.651133716106
    endloop
  endfacet
  facet normal 0.0836763828993 -0.977182507515 0.195224627852
    outer loop
      vertex -2.78106212616 -1.30628883839 1.40431714058
      vertex -2.75435209274 -1.34478139877 1.41429448128
      vertex -2.79183936119 -1.41968107224 1.4260481596
    endloop
  endfacet
  facet normal 0.547224998474 -0.836051762104 -0.039524551481
    outer loop
      vertex -1.71751725674 0.307948440313 0.78718739748
      vertex -1.75327217579 0.390474110842 0.767686009407
      vertex -1.62543427944 0.509424507618 0.856983721256
    endloop
  endfacet
  facet normal 0.0621094405651 -0.951392292976 0.301654040813
    outer loop
      vertex -1.67775809765 -0.776267290115 0.653153657913
      vertex -1.77572870255 -0.730045735836 0.632102608681
      vertex -1.66054821014 -0.73382461071 0.640820026398
    endloop
  endfacet
  facet normal 0.404916882515 -0.185586944222 0.895321071148
    outer loop
      vertex -1.42522716522 -0.724012732506 0.657221674919
      vertex -1.4052284956 -0.74486041069 0.80142980814
      vertex -1.50603330135 -0.76291513443 0.668592870235
    endloop
  endfacet
  facet normal 0.54048448801 -0.400034368038 0.740168213844
    outer loop
      vertex -1.42522716522 -0.724012732506 0.657221674919
      vertex -1.33365631104 -0.642404913902 0.629946768284
      vertex -1.30686235428 -0.675866961479 0.728061437607
    endloop
  endfacet
  facet normal 0.165759280324 -0.986120402813 0.00950979534537
    outer loop
      vertex -1.23914003372 -0.494770109653 0.64441049099
      vertex -1.33365631104 -0.642404913902 0.629946768284
      vertex -1.33544898033 -0.608882248402 0.629322171211
    endloop
  endfacet
  facet normal -0.156097650528 -0.968341708183 -0.194802179933
    outer loop
      vertex -1.23914003372 -0.494770109653 0.64441049099
      vertex -1.19560134411 -0.540346443653 0.628223359585
      vertex -1.33365631104 -0.642404913902 0.629946768284
    endloop
  endfacet
  facet normal 0.214550301433 -0.964492499828 0.154020622373
    outer loop
      vertex -1.14079475403 -0.431348204613 0.623009026051
      vertex -1.10805153847 -0.449763059616 0.633233428001
      vertex -1.19560134411 -0.540346443653 0.628223359585
    endloop
  endfacet
  facet normal 0.917312800884 -0.300141811371 0.26163366437
    outer loop
      vertex -1.02057266235 -0.179926991463 0.651133716106
      vertex -0.996184647083 -0.132748782635 0.684544622898
      vertex -1.01307177544 -0.238743960857 0.725329041481
    endloop
  endfacet
  facet normal 0.959941625595 -0.257381498814 -0.110755898058
    outer loop
      vertex -0.962361454964 0.280139178038 0.813975036144
      vertex -0.960680007935 0.0948007926345 0.740491628647
      vertex -0.970456242561 0.240746468306 0.766832768917
    endloop
  endfacet
  facet normal 0.169838100672 -0.950616896152 0.259773939848
    outer loop
      vertex -2.59630036354 -1.11098980904 1.38805186749
      vertex -2.64806437492 -1.13790094852 1.38615763187
      vertex -2.51834416389 -1.01628494263 1.3760997057
    endloop
  endfacet
  facet normal 0.571562707424 -0.818769514561 -0.0541529841721
    outer loop
      vertex -1.71751725674 0.307948440313 0.78718739748
      vertex -1.84018862247 0.211341887712 0.69516402483
      vertex -1.75327217579 0.390474110842 0.767686009407
    endloop
  endfacet
  facet normal -0.0219852980226 -0.962397754192 0.270752996206
    outer loop
      vertex -1.66054821014 -0.73382461071 0.640820026398
      vertex -1.53434538841 -0.743194282055 0.64057302475
      vertex -1.67775809765 -0.776267290115 0.653153657913
    endloop
  endfacet
  facet normal 0.243410214782 -0.669903457165 0.701413452625
    outer loop
      vertex -1.50603330135 -0.76291513443 0.668592870235
      vertex -1.44816160202 -0.709080934525 0.633254289627
      vertex -1.42522716522 -0.724012732506 0.657221674919
    endloop
  endfacet
  facet normal 0.465148717165 -0.189514294267 0.864708602428
    outer loop
      vertex -1.4052284956 -0.74486041069 0.80142980814
      vertex -1.42522716522 -0.724012732506 0.657221674919
      vertex -1.30686235428 -0.675866961479 0.728061437607
    endloop
  endfacet
  facet normal -0.123487524688 -0.98727786541 -0.10016605258
    outer loop
      vertex -1.44816160202 -0.709080934525 0.633254289627
      vertex -1.53434538841 -0.743194282055 0.64057302475
      vertex -1.33544898033 -0.608882248402 0.629322171211
    endloop
  endfacet
  facet normal -0.0174847636372 -0.999655783176 0.0195612572134
    outer loop
      vertex -1.33365631104 -0.642404913902 0.629946768284
      vertex -1.44816160202 -0.709080934525 0.633254289627
      vertex -1.33544898033 -0.608882248402 0.629322171211
    endloop
  endfacet
  facet normal 0.502883434296 -0.309296131134 0.807120919228
    outer loop
      vertex -1.27716755867 -0.625841081142 0.645797550678
      vertex -1.2182559967 -0.605102837086 0.687464356422
      vertex -1.30686235428 -0.675866961479 0.728061437607
    endloop
  endfacet
  facet normal 0.668784737587 -0.253173500299 0.699020862579
    outer loop
      vertex -1.17366468906 -0.60263812542 0.798451840878
      vertex -1.2182559967 -0.605102837086 0.687464356422
      vertex -1.13879227638 -0.532519578934 0.696971416473
    endloop
  endfacet
  facet normal -0.368880182505 -0.886865675449 -0.278202682734
    outer loop
      vertex -1.23914003372 -0.494770109653 0.64441049099
      vertex -1.28852248192 -0.493024766445 0.66549795866
      vertex -1.13782286644 -0.290350079536 0.666393876076
    endloop
  endfacet
  facet normal 0.577284038067 -0.491771966219 0.651846170425
    outer loop
      vertex -1.2182559967 -0.605102837086 0.687464356422
      vertex -1.27716755867 -0.625841081142 0.645797550678
      vertex -1.19560134411 -0.540346443653 0.628223359585
    endloop
  endfacet
  facet normal 0.6311455369 -0.449577182531 0.632088363171
    outer loop
      vertex -1.13879227638 -0.532519578934 0.696971416473
      vertex -1.2182559967 -0.605102837086 0.687464356422
      vertex -1.19560134411 -0.540346443653 0.628223359585
    endloop
  endfacet
  facet normal 0.811612427235 -0.276638388634 0.514544844627
    outer loop
      vertex -1.10805153847 -0.449763059616 0.633233428001
      vertex -1.0655734539 -0.404885441065 0.674385249615
      vertex -1.13879227638 -0.532519578934 0.696971416473
    endloop
  endfacet
  facet normal -0.519295036793 -0.815759062767 -0.254695504904
    outer loop
      vertex -1.03719651699 -0.102122485638 0.656548976898
      vertex -1.13925743103 -0.223470449448 0.683631718159
      vertex -1.03366541862 0.0202177278697 0.692498147488
    endloop
  endfacet
  facet normal -0.446625649929 -0.868673920631 -0.214315667748
    outer loop
      vertex -1.07731938362 -0.186810612679 0.660831034184
      vertex -1.13782286644 -0.290350079536 0.666393876076
      vertex -1.13925743103 -0.223470449448 0.683631718159
    endloop
  endfacet
  facet normal -0.420282334089 -0.894246399403 -0.153902858496
    outer loop
      vertex -1.03719651699 -0.102122485638 0.656548976898
      vertex -1.07731938362 -0.186810612679 0.660831034184
      vertex -1.13925743103 -0.223470449448 0.683631718159
    endloop
  endfacet
  facet normal 0.834898889065 -0.197231769562 0.513851583004
    outer loop
      vertex -1.0655734539 -0.404885441065 0.674385249615
      vertex -1.08369219303 -0.47303467989 0.775237679482
      vertex -1.13879227638 -0.532519578934 0.696971416473
    endloop
  endfacet
  facet normal 0.205864816904 -0.963857352734 0.169111534953
    outer loop
      vertex -1.10805153847 -0.449763059616 0.633233428001
      vertex -1.14079475403 -0.431348204613 0.623009026051
      vertex -1.08161211014 -0.354598075151 0.62218350172
    endloop
  endfacet
  facet normal 0.957264840603 -0.0837050452828 0.276834726334
    outer loop
      vertex -1.01307177544 -0.238743960857 0.725329041481
      vertex -1.0655734539 -0.404885441065 0.674385249615
      vertex -1.04107832909 -0.313902914524 0.653612315655
    endloop
  endfacet
  facet normal 0.950109660625 -0.286908268929 -0.122373536229
    outer loop
      vertex -0.936669945717 0.241576313972 0.882605612278
      vertex -0.960680007935 0.0948007926345 0.740491628647
      vertex -0.962361454964 0.280139178038 0.813975036144
    endloop
  endfacet
  facet normal 0.975321531296 0.0786111354828 0.206320762634
    outer loop
      vertex -0.946060776711 0.108011633158 0.80401468277
      vertex -0.984085202217 -0.0358484685421 0.89820933342
      vertex -1.01307177544 -0.238743960857 0.725329041481
    endloop
  endfacet
  facet normal 0.126766949892 -0.968286454678 0.21529391408
    outer loop
      vertex -2.64806437492 -1.13790094852 1.38615763187
      vertex -2.64471673965 -1.09089505672 1.37614440918
      vertex -2.51834416389 -1.01628494263 1.3760997057
    endloop
  endfacet
  facet normal 0.746490716934 -0.28135740757 -0.602983951569
    outer loop
      vertex -1.00156438351 0.397178113461 0.893048405647
      vertex -0.99504929781 0.36230713129 0.835601210594
      vertex -1.06192672253 0.478044211864 0.906202673912
    endloop
  endfacet
  facet normal 0.907211661339 -0.138277202845 -0.397298842669
    outer loop
      vertex -0.962361454964 0.280139178038 0.813975036144
      vertex -0.99504929781 0.36230713129 0.835601210594
      vertex -1.00156438351 0.397178113461 0.893048405647
    endloop
  endfacet
  facet normal 0.028808331117 -0.910710632801 -0.412039071321
    outer loop
      vertex -1.53434538841 -0.743194282055 0.64057302475
      vertex -1.66054821014 -0.73382461071 0.640820026398
      vertex -1.57882583141 -0.671819090843 0.671458721161
    endloop
  endfacet
  facet normal 0.357846975327 -0.387477338314 0.849592149258
    outer loop
      vertex -1.33365631104 -0.642404913902 0.629946768284
      vertex -1.27716755867 -0.625841081142 0.645797550678
      vertex -1.30686235428 -0.675866961479 0.728061437607
    endloop
  endfacet
  facet normal -0.328116774559 -0.848692953587 -0.414800703526
    outer loop
      vertex -1.53434538841 -0.743194282055 0.64057302475
      vertex -1.45374035835 -0.631056308746 0.66421765089
      vertex -1.33544898033 -0.608882248402 0.629322171211
    endloop
  endfacet
  facet normal -0.32749658823 -0.856034100056 -0.399939537048
    outer loop
      vertex -1.33544898033 -0.608882248402 0.629322171211
      vertex -1.45374035835 -0.631056308746 0.66421765089
      vertex -1.28852248192 -0.493024766445 0.66549795866
    endloop
  endfacet
  facet normal -0.346981614828 -0.846054911613 -0.404715746641
    outer loop
      vertex -1.23914003372 -0.494770109653 0.64441049099
      vertex -1.33544898033 -0.608882248402 0.629322171211
      vertex -1.28852248192 -0.493024766445 0.66549795866
    endloop
  endfacet
  facet normal -0.373077630997 -0.884531021118 -0.280032008886
    outer loop
      vertex -1.23914003372 -0.494770109653 0.64441049099
      vertex -1.13782286644 -0.290350079536 0.666393876076
      vertex -1.14079475403 -0.431348204613 0.623009026051
    endloop
  endfacet
  facet normal -0.265377551317 -0.960165500641 -0.0875041261315
    outer loop
      vertex -1.14079475403 -0.431348204613 0.623009026051
      vertex -1.19560134411 -0.540346443653 0.628223359585
      vertex -1.23914003372 -0.494770109653 0.64441049099
    endloop
  endfacet
  facet normal 0.804409325123 -0.124883137643 0.580801010132
    outer loop
      vertex -1.08369219303 -0.47303467989 0.775237679482
      vertex -1.17366468906 -0.60263812542 0.798451840878
      vertex -1.13879227638 -0.532519578934 0.696971416473
    endloop
  endfacet
  facet normal -0.47229385376 -0.850830495358 -0.230273604393
    outer loop
      vertex -1.06045031548 -0.242366090417 0.636431217194
      vertex -1.13782286644 -0.290350079536 0.666393876076
      vertex -1.07731938362 -0.186810612679 0.660831034184
    endloop
  endfacet
  facet normal -0.487179219723 -0.831743359566 -0.266194343567
    outer loop
      vertex -1.13782286644 -0.290350079536 0.666393876076
      vertex -1.06045031548 -0.242366090417 0.636431217194
      vertex -1.14079475403 -0.431348204613 0.623009026051
    endloop
  endfacet
  facet normal 0.955513715744 -0.0268160775304 0.293725162745
    outer loop
      vertex -1.08369219303 -0.47303467989 0.775237679482
      vertex -1.0655734539 -0.404885441065 0.674385249615
      vertex -1.01307177544 -0.238743960857 0.725329041481
    endloop
  endfacet
  facet normal 0.94318985939 0.174028247595 0.28303194046
    outer loop
      vertex -1.00946176052 -0.160010144114 0.833812773228
      vertex -1.01307177544 -0.238743960857 0.725329041481
      vertex -0.984085202217 -0.0358484685421 0.89820933342
    endloop
  endfacet
  facet normal 0.974186718464 0.0611795112491 0.217295557261
    outer loop
      vertex -1.03921425343 -0.312264114618 0.88047939539
      vertex -1.0749861002 -0.460127800703 0.924911081791
      vertex -1.01307177544 -0.238743960857 0.725329041481
    endloop
  endfacet
  facet normal 0.236439824104 -0.93702095747 -0.257075816393
    outer loop
      vertex -0.976268291473 0.102135904133 0.712710559368
      vertex -1.00468075275 0.00985927134752 0.680224716663
      vertex -0.988344192505 0.159593224525 0.725427091122
    endloop
  endfacet
  facet normal 0.268774360418 -0.955199837685 -0.123909756541
    outer loop
      vertex -1.00468075275 0.00985927134752 0.680224716663
      vertex -1.02057266235 -0.179926991463 0.651133716106
      vertex -1.03719651699 -0.102122485638 0.656548976898
    endloop
  endfacet
  facet normal 0.968635678291 -0.237867727876 -0.0718599557877
    outer loop
      vertex -0.936669945717 0.241576313972 0.882605612278
      vertex -0.946060776711 0.108011633158 0.80401468277
      vertex -0.960680007935 0.0948007926345 0.740491628647
    endloop
  endfacet
  facet normal 0.878800392151 -0.455839306116 -0.141139432788
    outer loop
      vertex -0.960680007935 0.0948007926345 0.740491628647
      vertex -0.976268291473 0.102135904133 0.712710559368
      vertex -0.970456242561 0.240746468306 0.766832768917
    endloop
  endfacet
  facet normal 0.973865568638 -0.202900022268 0.102066092193
    outer loop
      vertex -0.946060776711 0.108011633158 0.80401468277
      vertex -0.996184647083 -0.132748782635 0.684544622898
      vertex -0.960680007935 0.0948007926345 0.740491628647
    endloop
  endfacet
  facet normal 0.226833954453 -0.94914329052 0.218342453241
    outer loop
      vertex -2.64471673965 -1.09089505672 1.37614440918
      vertex -2.64806437492 -1.13790094852 1.38615763187
      vertex -2.73265743256 -1.23222279549 1.38763892651
    endloop
  endfacet
endsolid "WorkerGuantes"
