solid "E12004216"
  facet normal 0.139172643423 0 0.990268111229
    outer loop
      vertex 9.98377799988e-07 0.285963892937 1.1919645071
      vertex 9.98377799988e-07 0.285963892937 0.00803746003658
      vertex 0.00704717077315 0.286954164505 1.19295477867
    endloop
  endfacet
  facet normal 0.139172643423 0 0.990268111229
    outer loop
      vertex 0.00704717077315 0.286954164505 1.19295477867
      vertex 9.98377799988e-07 0.285963892937 0.00803746003658
      vertex 0.00704717077315 0.286954164505 0.00704718846828
    endloop
  endfacet
  facet normal -0.999998033047 -0 -0.0019827960059
    outer loop
      vertex 0.0165098886937 0.27749145031 1.18349206448
      vertex 0.0165098886937 0.27749145031 0.0165099147707
      vertex 0.0165009833872 0.273000359535 1.1790009737
    endloop
  endfacet
  facet normal -0.999998033047 -0 -0.0019827960059
    outer loop
      vertex 0.0165009833872 0.273000359535 1.1790009737
      vertex 0.0165098886937 0.27749145031 0.0165099147707
      vertex 0.0165009833872 0.273000359535 0.0210010055453
    endloop
  endfacet
  facet normal 0 -0 1
    outer loop
      vertex 0.0250009838492 0.269000351429 0.905226886272
      vertex 0.0250009838492 0.269000351429 1.1750010252
      vertex 0.020493067801 0.269000351429 0.905226886272
    endloop
  endfacet
  facet normal 0 0 1
    outer loop
      vertex 0.020493067801 0.269000351429 0.905226886272
      vertex 0.0250009838492 0.269000351429 1.1750010252
      vertex 0.020493067801 0.269000351429 1.1750010252
    endloop
  endfacet
  facet normal 0 -0 1
    outer loop
      vertex 0.0250009838492 0.269000351429 0.622100949287
      vertex 0.0250009838492 0.269000351429 0.880226910114
      vertex 0.020493067801 0.269000351429 0.622100949287
    endloop
  endfacet
  facet normal 0 0 1
    outer loop
      vertex 0.020493067801 0.269000351429 0.622100949287
      vertex 0.0250009838492 0.269000351429 0.880226910114
      vertex 0.020493067801 0.269000351429 0.880226910114
    endloop
  endfacet
  facet normal 0 -0 1
    outer loop
      vertex 0.0250009838492 0.269000351429 0.322100967169
      vertex 0.0250009838492 0.269000351429 0.597100973129
      vertex 0.020493067801 0.269000351429 0.322100967169
    endloop
  endfacet
  facet normal 0 0 1
    outer loop
      vertex 0.020493067801 0.269000351429 0.322100967169
      vertex 0.0250009838492 0.269000351429 0.597100973129
      vertex 0.020493067801 0.269000351429 0.597100973129
    endloop
  endfacet
  facet normal -0.0491407141089 0 0.998791873455
    outer loop
      vertex 0.020493067801 0.269000351429 1.1750010252
      vertex 0.0201012771577 0.269019633532 1.1750202179
      vertex 0.020493067801 0.269000351429 0.905226886272
    endloop
  endfacet
  facet normal -0.0491407141089 0 0.998791873455
    outer loop
      vertex 0.020493067801 0.269000351429 0.905226886272
      vertex 0.0201012771577 0.269019633532 1.1750202179
      vertex 0.020493067801 0.269000351429 0.880226910114
    endloop
  endfacet
  facet normal -0.0491407141089 0 0.998791873455
    outer loop
      vertex 0.020493067801 0.269000351429 0.880226910114
      vertex 0.0201012771577 0.269019633532 1.1750202179
      vertex 0.020493067801 0.269000351429 0.622100949287
    endloop
  endfacet
  facet normal -0.0491407141089 0 0.998791873455
    outer loop
      vertex 0.020493067801 0.269000351429 0.622100949287
      vertex 0.0201012771577 0.269019633532 1.1750202179
      vertex 0.020493067801 0.269000351429 0.597100973129
    endloop
  endfacet
  facet normal -0.048687223345 3.08177988018e-07 0.998814046383
    outer loop
      vertex 0.020493067801 0.269000351429 0.597100973129
      vertex 0.0201012771577 0.269019633532 1.1750202179
      vertex 0.0201086699963 0.269018918276 0.0249824412167
    endloop
  endfacet
  facet normal -0.0482296161354 0 0.998836278915
    outer loop
      vertex 0.020493067801 0.269000351429 0.597100973129
      vertex 0.0201086699963 0.269018918276 0.0249824412167
      vertex 0.020493067801 0.269000351429 0.322100967169
    endloop
  endfacet
  facet normal -0.0482296161354 0 0.998836278915
    outer loop
      vertex 0.020493067801 0.269000351429 0.322100967169
      vertex 0.0201086699963 0.269018918276 0.0249824412167
      vertex 0.020493067801 0.269000351429 0.297100961208
    endloop
  endfacet
  facet normal -0.0472589991987 -1.37426559377e-06 0.998882651329
    outer loop
      vertex 0.020493067801 0.269000351429 0.297100961208
      vertex 0.0201086699963 0.269018918276 0.0249824412167
      vertex 0.0205009803176 0.269000351429 0.0250010024756
    endloop
  endfacet
  facet normal -0.145053520799 -3.17231638292e-07 0.989423811436
    outer loop
      vertex 0.0201086699963 0.269018918276 0.0249824412167
      vertex 0.0201012771577 0.269019633532 1.1750202179
      vertex 0.0197200719267 0.269075870514 0.0249254722148
    endloop
  endfacet
  facet normal -0.146879032254 3.01016001458e-07 0.989154458046
    outer loop
      vertex 0.0197200719267 0.269075870514 0.0249254722148
      vertex 0.0201012771577 0.269019633532 1.1750202179
      vertex 0.0197132769972 0.269077241421 1.17507791519
    endloop
  endfacet
  facet normal -0.289132922888 -5.77050059292e-07 0.957288980484
    outer loop
      vertex 0.0197200719267 0.269075870514 0.0249254722148
      vertex 0.0197132769972 0.269077241421 1.17507791519
      vertex 0.0189690180123 0.269302725792 0.0246986281127
    endloop
  endfacet
  facet normal -0.290639281273 4.86966712288e-07 0.956832706928
    outer loop
      vertex 0.0189690180123 0.269302725792 0.0246986281127
      vertex 0.0197132769972 0.269077241421 1.17507791519
      vertex 0.018963528797 0.269304990768 1.17530560493
    endloop
  endfacet
  facet normal -0.470737069845 -5.18283968631e-07 0.882273554802
    outer loop
      vertex 0.0189690180123 0.269302725792 0.0246986281127
      vertex 0.018963528797 0.269304990768 1.17530560493
      vertex 0.0182768199593 0.269672036171 0.0243293065578
    endloop
  endfacet
  facet normal -0.471963793039 4.22710968451e-07 0.881617903709
    outer loop
      vertex 0.0182768199593 0.269672036171 0.0243293065578
      vertex 0.018963528797 0.269304990768 1.17530560493
      vertex 0.0182727072388 0.269674807787 1.17567539215
    endloop
  endfacet
  facet normal -0.634203910828 -4.16217261545e-07 0.773165822029
    outer loop
      vertex 0.0182768199593 0.269672036171 0.0243293065578
      vertex 0.0182727072388 0.269674807787 1.17567539215
      vertex 0.0176702290773 0.270169615746 0.0238317381591
    endloop
  endfacet
  facet normal -0.63505333662 3.27716094262e-07 0.772468268871
    outer loop
      vertex 0.0176702290773 0.270169615746 0.0238317381591
      vertex 0.0182727072388 0.269674807787 1.17567539215
      vertex 0.0176674313843 0.270172417164 1.17617309093
    endloop
  endfacet
  facet normal -0.773174643517 -3.4243427649e-07 0.634193181992
    outer loop
      vertex 0.0176702290773 0.270169615746 0.0238317381591
      vertex 0.0176674313843 0.270172417164 1.17617309093
      vertex 0.0171726625413 0.270776212215 0.0232251659036
    endloop
  endfacet
  facet normal -0.773730933666 2.5176541385e-07 0.633514404297
    outer loop
      vertex 0.0171726625413 0.270776212215 0.0232251659036
      vertex 0.0176674313843 0.270172417164 1.17617309093
      vertex 0.0171710178256 0.270778685808 1.17677927017
    endloop
  endfacet
  facet normal -0.882270812988 -2.51218921221e-07 0.470742195845
    outer loop
      vertex 0.0171726625413 0.270776212215 0.0232251659036
      vertex 0.0171710178256 0.270778685808 1.17677927017
      vertex 0.0168033391237 0.271468400955 0.0225329771638
    endloop
  endfacet
  facet normal -0.882552444935 1.54116463591e-07 0.470214009285
    outer loop
      vertex 0.0168033391237 0.271468400955 0.0225329771638
      vertex 0.0171710178256 0.270778685808 1.17677927017
      vertex 0.0168025884777 0.271470189095 1.17747092247
    endloop
  endfacet
  facet normal -0.957294523716 -1.74874230652e-07 0.289114505053
    outer loop
      vertex 0.0168033391237 0.271468400955 0.0225329771638
      vertex 0.0168025884777 0.271470189095 1.17747092247
      vertex 0.0165765229613 0.272219419479 0.0217819213867
    endloop
  endfacet
  facet normal -0.957409501076 9.45727478552e-08 0.288733571768
    outer loop
      vertex 0.0165765229613 0.272219419479 0.0217819213867
      vertex 0.0168025884777 0.271470189095 1.17747092247
      vertex 0.0165763348341 0.272220432758 1.17822110653
    endloop
  endfacet
  facet normal -0.995353996754 -7.8230186773e-08 0.0962831154466
    outer loop
      vertex 0.0165765229613 0.272219419479 0.0217819213867
      vertex 0.0165763348341 0.272220432758 1.17822110653
      vertex 0.0165009833872 0.273000359535 0.0210010055453
    endloop
  endfacet
  facet normal -0.995365083218 0 0.0961681157351
    outer loop
      vertex 0.0165009833872 0.273000359535 0.0210010055453
      vertex 0.0165763348341 0.272220432758 1.17822110653
      vertex 0.0165009833872 0.273000359535 1.1790009737
    endloop
  endfacet
  facet normal -0 0 1
    outer loop
      vertex 0.020493067801 0.269000351429 0.297100961208
      vertex 0.0205009803176 0.269000351429 0.0250010024756
      vertex 0.0250009838492 0.269000351429 0.297100961208
    endloop
  endfacet
  facet normal 0 0 1
    outer loop
      vertex 0.0250009838492 0.269000351429 0.297100961208
      vertex 0.0205009803176 0.269000351429 0.0250010024756
      vertex 0.0250009838492 0.269000351429 0.0250010024756
    endloop
  endfacet
  facet normal -1 0 0
    outer loop
      vertex 9.98377799988e-07 0.00203683343716 1.1919645071
      vertex 9.98377799988e-07 -0.00599962845445 1.20000100136
      vertex 9.98377799988e-07 0.285963892937 1.1919645071
    endloop
  endfacet
  facet normal -1 0 0
    outer loop
      vertex 9.98377799988e-07 0.285963892937 1.1919645071
      vertex 9.98377799988e-07 -0.00599962845445 1.20000100136
      vertex 9.98377799988e-07 0.294000357389 1.20000100136
    endloop
  endfacet
  facet normal -1 0 -0
    outer loop
      vertex 9.98377799988e-07 0.285963892937 1.1919645071
      vertex 9.98377799988e-07 0.294000357389 1.20000100136
      vertex 9.98377799988e-07 0.294000357389 9.89437126009e-07
    endloop
  endfacet
  facet normal -1 0 0
    outer loop
      vertex 9.98377799988e-07 0.00203683343716 1.1919645071
      vertex 9.98377799988e-07 0.00203683343716 0.00803746003658
      vertex 9.98377799988e-07 -0.00599962845445 1.20000100136
    endloop
  endfacet
  facet normal -1 -0 0
    outer loop
      vertex 9.98377799988e-07 -0.00599962845445 1.20000100136
      vertex 9.98377799988e-07 0.00203683343716 0.00803746003658
      vertex 9.98377799988e-07 -0.00599962845445 9.89437126009e-07
    endloop
  endfacet
  facet normal -1 0 0
    outer loop
      vertex 9.98377799988e-07 -0.00599962845445 9.89437126009e-07
      vertex 9.98377799988e-07 0.00203683343716 0.00803746003658
      vertex 9.98377799988e-07 0.285963892937 0.00803746003658
    endloop
  endfacet
  facet normal -1 0 0
    outer loop
      vertex 9.98377799988e-07 -0.00599962845445 9.89437126009e-07
      vertex 9.98377799988e-07 0.285963892937 0.00803746003658
      vertex 9.98377799988e-07 0.294000357389 9.89437126009e-07
    endloop
  endfacet
  facet normal -1 0 0
    outer loop
      vertex 9.98377799988e-07 0.294000357389 9.89437126009e-07
      vertex 9.98377799988e-07 0.285963892937 0.00803746003658
      vertex 9.98377799988e-07 0.285963892937 1.1919645071
    endloop
  endfacet
  facet normal 0.0491947084665 0.998789191246 0
    outer loop
      vertex 0.0385009795427 -0.0018786553992 0.00412197131664
      vertex 0.0385009795427 0.255500376225 0.00412197131664
      vertex 0.0383049398661 -0.00186902633868 0.00413162726909
    endloop
  endfacet
  facet normal 0.0980171710253 0.995184719563 3.73241382476e-05
    outer loop
      vertex 0.0383049398661 -0.00186902633868 0.00413162726909
      vertex 0.0385009795427 0.255500376225 0.00412197131664
      vertex 0.0381107926369 0.255890548229 0.00416041631252
    endloop
  endfacet
  facet normal 0.146680727601 0.98918390274 0
    outer loop
      vertex 0.0383049398661 -0.00186902633868 0.00413162726909
      vertex 0.0381107926369 0.255890548229 0.00416041631252
      vertex 0.0381107926369 -0.00184021040332 0.00416041631252
    endloop
  endfacet
  facet normal 0.290256768465 0.956948816776 0
    outer loop
      vertex 0.0381107926369 -0.00184021040332 0.00416041631252
      vertex 0.0381107926369 0.255890548229 0.00416041631252
      vertex 0.0377356112003 -0.00172642222606 0.00427421368659
    endloop
  endfacet
  facet normal 0.290256768465 0.956948816776 0
    outer loop
      vertex 0.0377356112003 -0.00172642222606 0.00427421368659
      vertex 0.0381107926369 0.255890548229 0.00416041631252
      vertex 0.0377356112003 0.256265729666 0.00427421368659
    endloop
  endfacet
  facet normal 0.471402347088 0.881918251514 0
    outer loop
      vertex 0.0377356112003 -0.00172642222606 0.00427421368659
      vertex 0.0377356112003 0.256265729666 0.00427421368659
      vertex 0.0373898409307 -0.00154159113299 0.00445903558284
    endloop
  endfacet
  facet normal 0.471402347088 0.881918251514 0
    outer loop
      vertex 0.0373898409307 -0.00154159113299 0.00445903558284
      vertex 0.0377356112003 0.256265729666 0.00427421368659
      vertex 0.0373898409307 0.256611466408 0.00445903558284
    endloop
  endfacet
  facet normal 0.634401857853 0.773003399372 0
    outer loop
      vertex 0.0373898409307 -0.00154159113299 0.00445903558284
      vertex 0.0373898409307 0.256611466408 0.00445903558284
      vertex 0.0370867699385 -0.00129286095034 0.00470776576549
    endloop
  endfacet
  facet normal 0.634401857853 0.773003399372 0
    outer loop
      vertex 0.0370867699385 -0.00129286095034 0.00470776576549
      vertex 0.0373898409307 0.256611466408 0.00445903558284
      vertex 0.0370867699385 0.256914556026 0.00470776576549
    endloop
  endfacet
  facet normal 0.773032963276 0.634365856647 0
    outer loop
      vertex 0.0370867699385 -0.00129286095034 0.00470776576549
      vertex 0.0370867699385 0.256914556026 0.00470776576549
      vertex 0.0368380472064 -0.00098977133166 0.00501085538417
    endloop
  endfacet
  facet normal 0.773032963276 0.634365856647 0
    outer loop
      vertex 0.0368380472064 -0.00098977133166 0.00501085538417
      vertex 0.0370867699385 0.256914556026 0.00470776576549
      vertex 0.0368380472064 0.257163286209 0.00501085538417
    endloop
  endfacet
  facet normal 0.881908118725 0.471421301365 0
    outer loop
      vertex 0.0368380472064 -0.00098977133166 0.00501085538417
      vertex 0.0368380472064 0.257163286209 0.00501085538417
      vertex 0.0366532243788 -0.000644007755909 0.00535660982132
    endloop
  endfacet
  facet normal 0.881908118725 0.471421301365 0
    outer loop
      vertex 0.0366532243788 -0.000644007755909 0.00535660982132
      vertex 0.0368380472064 0.257163286209 0.00501085538417
      vertex 0.0366532243788 0.257348120213 0.00535660982132
    endloop
  endfacet
  facet normal 0.956938028336 0.290292203426 0
    outer loop
      vertex 0.0366532243788 -0.000644007755909 0.00535660982132
      vertex 0.0366532243788 0.257348120213 0.00535660982132
      vertex 0.0365394093096 -0.000268820323981 0.00573179731146
    endloop
  endfacet
  facet normal 0.956938028336 0.290292203426 0
    outer loop
      vertex 0.0365394093096 -0.000268820323981 0.00573179731146
      vertex 0.0366532243788 0.257348120213 0.00535660982132
      vertex 0.0365394093096 0.257461905479 0.00573179731146
    endloop
  endfacet
  facet normal 0.989178240299 0.14671869576 0
    outer loop
      vertex 0.0365394093096 -0.000268820323981 0.00573179731146
      vertex 0.0365394093096 0.257461905479 0.00573179731146
      vertex 0.0365106128156 0.257490694523 0.00592595385388
    endloop
  endfacet
  facet normal 0.998795568943 0.04906507954 -0
    outer loop
      vertex 0.0365009829402 0.257500350475 0.00612196931615
      vertex 0.0365009829402 0.000121351680718 0.00612196931615
      vertex 0.0365106128156 0.257490694523 0.00592595385388
    endloop
  endfacet
  facet normal 0.995188713074 0.0979763865471 -3.73864313588e-05
    outer loop
      vertex 0.0365106128156 0.257490694523 0.00592595385388
      vertex 0.0365009829402 0.000121351680718 0.00612196931615
      vertex 0.0365394093096 -0.000268820323981 0.00573179731146
    endloop
  endfacet
  facet normal 0.99879693985 0.0490378960967 -0
    outer loop
      vertex 0.0365009829402 0.257500350475 0.0210010055453
      vertex 0.0364817343652 0.257519632578 0.0213930737227
      vertex 0.0365009829402 0.0150003349409 0.0210010055453
    endloop
  endfacet
  facet normal 0.995176196098 0.0981035605073 7.96091044322e-05
    outer loop
      vertex 0.0365009829402 0.0150003349409 0.0210010055453
      vertex 0.0364817343652 0.257519632578 0.0213930737227
      vertex 0.0364241190255 0.0157807152718 0.0217813495547
    endloop
  endfacet
  facet normal 0.98916965723 0.146776497364 0
    outer loop
      vertex 0.0364241190255 0.0157807152718 0.0217813495547
      vertex 0.0364817343652 0.257519632578 0.0213930737227
      vertex 0.0364241190255 0.257577210665 0.0217813495547
    endloop
  endfacet
  facet normal 0.956941246986 0.290281742811 0
    outer loop
      vertex 0.0364241190255 0.0157807152718 0.0217813495547
      vertex 0.0364241190255 0.257577210665 0.0217813495547
      vertex 0.0361965000629 0.0165311079472 0.0225317254663
    endloop
  endfacet
  facet normal 0.956941246986 0.290281742811 0
    outer loop
      vertex 0.0361965000629 0.0165311079472 0.0225317254663
      vertex 0.0364241190255 0.257577210665 0.0217813495547
      vertex 0.0361965000629 0.257804840803 0.0225317254663
    endloop
  endfacet
  facet normal 0.881927728653 0.471384614706 0
    outer loop
      vertex 0.0361965000629 0.0165311079472 0.0225317254663
      vertex 0.0361965000629 0.257804840803 0.0225317254663
      vertex 0.0358268730342 0.0172226335853 0.0232232697308
    endloop
  endfacet
  facet normal 0.881927728653 0.471384614706 0
    outer loop
      vertex 0.0358268730342 0.0172226335853 0.0232232697308
      vertex 0.0361965000629 0.257804840803 0.0225317254663
      vertex 0.0358268730342 0.258174479008 0.0232232697308
    endloop
  endfacet
  facet normal 0.773003399372 0.634401857853 0
    outer loop
      vertex 0.0358268730342 0.0172226335853 0.0232232697308
      vertex 0.0358268730342 0.258174479008 0.0232232697308
      vertex 0.0353294126689 0.0178287774324 0.0238294135779
    endloop
  endfacet
  facet normal 0.773003399372 0.634401857853 0
    outer loop
      vertex 0.0353294126689 0.0178287774324 0.0238294135779
      vertex 0.0358268730342 0.258174479008 0.0232232697308
      vertex 0.0353294126689 0.258671939373 0.0238294135779
    endloop
  endfacet
  facet normal 0.63440746069 0.772998809814 0
    outer loop
      vertex 0.0353294126689 0.0178287774324 0.0238294135779
      vertex 0.0353294126689 0.258671939373 0.0238294135779
      vertex 0.0347232781351 0.0183262377977 0.0243268739432
    endloop
  endfacet
  facet normal 0.63440746069 0.772998809814 0
    outer loop
      vertex 0.0347232781351 0.0183262377977 0.0243268739432
      vertex 0.0353294126689 0.258671939373 0.0238294135779
      vertex 0.0347232781351 0.259278088808 0.0243268739432
    endloop
  endfacet
  facet normal 0.471392869949 0.881923317909 0
    outer loop
      vertex 0.0347232781351 0.0183262377977 0.0243268739432
      vertex 0.0347232781351 0.259278088808 0.0243268739432
      vertex 0.0340317152441 0.0186958815902 0.0246965177357
    endloop
  endfacet
  facet normal 0.471392869949 0.881923317909 0
    outer loop
      vertex 0.0340317152441 0.0186958815902 0.0246965177357
      vertex 0.0347232781351 0.259278088808 0.0243268739432
      vertex 0.0340317152441 0.259969592094 0.0246965177357
    endloop
  endfacet
  facet normal 0.290292203426 0.956938028336 0
    outer loop
      vertex 0.0340317152441 0.0186958815902 0.0246965177357
      vertex 0.0340317152441 0.259969592094 0.0246965177357
      vertex 0.0332813411951 0.0189235117286 0.0249241478741
    endloop
  endfacet
  facet normal 0.290292203426 0.956938028336 0
    outer loop
      vertex 0.0332813411951 0.0189235117286 0.0249241478741
      vertex 0.0340317152441 0.259969592094 0.0246965177357
      vertex 0.0332813411951 0.260720014572 0.0249241478741
    endloop
  endfacet
  facet normal 0.146684035659 0.989183425903 0
    outer loop
      vertex 0.0332813411951 0.0189235117286 0.0249241478741
      vertex 0.0332813411951 0.260720014572 0.0249241478741
      vertex 0.0328930541873 0.0189810898155 0.024981725961
    endloop
  endfacet
  facet normal 0.0980910211802 0.995177447796 -7.94786828919e-05
    outer loop
      vertex 0.0328930541873 0.0189810898155 0.024981725961
      vertex 0.0332813411951 0.260720014572 0.0249241478741
      vertex 0.0325009860098 0.261500358582 0.0250010024756
    endloop
  endfacet
  facet normal 0.0491060614586 0.998793542385 1.35699544945e-20
    outer loop
      vertex 0.0328930541873 0.0189810898155 0.024981725961
      vertex 0.0325009860098 0.261500358582 0.0250010024756
      vertex 0.0325009860098 0.0190003663301 0.0250010024756
    endloop
  endfacet
  facet normal -0.999998033047 -0.00198334478773 0
    outer loop
      vertex 0.016528332606 0.27747297287 0.00721015967429
      vertex 0.016528332606 0.00120952387806 0.00721015967429
      vertex 0.0165098886937 0.27749145031 0.0165099147707
    endloop
  endfacet
  facet normal -0.999998033047 -0.0019831599202 6.22655527138e-09
    outer loop
      vertex 0.0165098886937 0.27749145031 0.0165099147707
      vertex 0.016528332606 0.00120952387806 0.00721015967429
      vertex 0.0165009833872 0.0150003349409 0.0210010055453
    endloop
  endfacet
  facet normal -0.999998033047 -0.0019827960059 0
    outer loop
      vertex 0.0165098886937 0.27749145031 0.0165099147707
      vertex 0.0165009833872 0.0150003349409 0.0210010055453
      vertex 0.0165009833872 0.273000359535 0.0210010055453
    endloop
  endfacet
  facet normal -0.998795986176 0.0490567758679 0
    outer loop
      vertex 0.016528332606 0.27747297287 0.00721015967429
      vertex 0.0165220741183 0.277479231358 0.00708273658529
      vertex 0.016528332606 0.00120952387806 0.00721015967429
    endloop
  endfacet
  facet normal -0.994291961193 0.106693379581 -2.66855404334e-05
    outer loop
      vertex 0.016528332606 0.00120952387806 0.00721015967429
      vertex 0.0165220741183 0.277479231358 0.00708273658529
      vertex 0.0164987295866 0.00093370344257 0.00693435687572
    endloop
  endfacet
  facet normal -0.989169478416 0.146777972579 -4.74584476251e-06
    outer loop
      vertex 0.0164987295866 0.00093370344257 0.00693435687572
      vertex 0.0165220741183 0.277479231358 0.00708273658529
      vertex 0.0165033526719 0.277497977018 0.00695656565949
    endloop
  endfacet
  facet normal -0.956941783428 0.290279954672 7.31629916118e-06
    outer loop
      vertex 0.0164987295866 0.00093370344257 0.00693435687572
      vertex 0.0165033526719 0.277497977018 0.00695656565949
      vertex 0.0164293777198 0.277571976185 0.00671269930899
    endloop
  endfacet
  facet normal -0.949025511742 0.315199255943 -1.46350212162e-05
    outer loop
      vertex 0.0164987295866 0.00093370344257 0.00693435687572
      vertex 0.0164293777198 0.277571976185 0.00671269930899
      vertex 0.0164112821221 0.00067045353353 0.00667107151821
    endloop
  endfacet
  facet normal -0.881933093071 0.471374601126 1.32281393235e-05
    outer loop
      vertex 0.0164112821221 0.00067045353353 0.00667107151821
      vertex 0.0164293777198 0.277571976185 0.00671269930899
      vertex 0.0163092408329 0.277692109346 0.00648793019354
    endloop
  endfacet
  facet normal -0.86052942276 0.509400725365 -1.97952304006e-05
    outer loop
      vertex 0.0164112821221 0.00067045353353 0.00667107151821
      vertex 0.0163092408329 0.277692109346 0.00648793019354
      vertex 0.0162699650973 0.000431736931205 0.00643235491589
    endloop
  endfacet
  facet normal -0.773003697395 0.634401500225 1.76593330252e-05
    outer loop
      vertex 0.0162699650973 0.000431736931205 0.00643235491589
      vertex 0.0163092408329 0.277692109346 0.00648793019354
      vertex 0.0161475762725 0.277853786945 0.00629094848409
    endloop
  endfacet
  facet normal -0.73286485672 0.680374205112 -2.34815179283e-05
    outer loop
      vertex 0.0162699650973 0.000431736931205 0.00643235491589
      vertex 0.0161475762725 0.277853786945 0.00629094848409
      vertex 0.0160812083632 0.000228425473324 0.00622904347256
    endloop
  endfacet
  facet normal -0.63443005085 0.77298027277 2.0698957087e-05
    outer loop
      vertex 0.0160812083632 0.000228425473324 0.00622904347256
      vertex 0.0161475762725 0.277853786945 0.00629094848409
      vertex 0.0159505754709 0.278050780296 0.0061292652972
    endloop
  endfacet
  facet normal -0.571760058403 0.820420861244 -2.58065665548e-05
    outer loop
      vertex 0.0160812083632 0.000228425473324 0.00622904347256
      vertex 0.0159505754709 0.278050780296 0.0061292652972
      vertex 0.015853613615 6.98175063008e-05 0.00607043551281
    endloop
  endfacet
  facet normal -0.471384674311 0.881927728653 2.22219714487e-05
    outer loop
      vertex 0.015853613615 6.98175063008e-05 0.00607043551281
      vertex 0.0159505754709 0.278050780296 0.0061292652972
      vertex 0.0157258156687 0.278275489807 0.00600913772359
    endloop
  endfacet
  facet normal -0.433542490005 0.90113312006 6.07000231412e-07
    outer loop
      vertex 0.015853613615 6.98175063008e-05 0.00607043551281
      vertex 0.0157258156687 0.278275489807 0.00600913772359
      vertex 0.0157284364104 9.59297085501e-06 0.0060102106072
    endloop
  endfacet
  facet normal -0.334725350142 0.942315757275 -4.82058737816e-07
    outer loop
      vertex 0.0157284364104 9.59297085501e-06 0.0060102106072
      vertex 0.0157258156687 0.278275489807 0.00600913772359
      vertex 0.0155975529924 -3.68986547983e-05 0.00596371898428
    endloop
  endfacet
  facet normal -0.29036667943 0.956915438175 2.23436782107e-05
    outer loop
      vertex 0.0155975529924 -3.68986547983e-05 0.00596371898428
      vertex 0.0157258156687 0.278275489807 0.00600913772359
      vertex 0.0154819497839 0.278519392014 0.0059351446107
    endloop
  endfacet
  facet normal -0.232482627034 0.972600519657 -3.287679192e-06
    outer loop
      vertex 0.0155975529924 -3.68986547983e-05 0.00596371898428
      vertex 0.0154819497839 0.278519392014 0.0059351446107
      vertex 0.0154624497518 -6.92103349138e-05 0.005931425374
    endloop
  endfacet
  facet normal -0.127186492085 0.991878807545 4.3398440539e-06
    outer loop
      vertex 0.0154624497518 -6.92103349138e-05 0.005931425374
      vertex 0.0154819497839 0.278519392014 0.0059351446107
      vertex 0.0153246736154 -8.69129144121e-05 0.00591375865042
    endloop
  endfacet
  facet normal -0.0979718118906 0.995189189911 2.10859107028e-05
    outer loop
      vertex 0.0153246736154 -8.69129144121e-05 0.00591375865042
      vertex 0.0154819497839 0.278519392014 0.0059351446107
      vertex 0.0152283282951 0.278773009777 0.00591018237174
    endloop
  endfacet
  facet normal -0.0208543967456 0.999782502651 -5.61674596611e-06
    outer loop
      vertex 0.0153246736154 -8.69129144121e-05 0.00591375865042
      vertex 0.0152283282951 0.278773009777 0.00591018237174
      vertex 0.015185797587 -8.97739373613e-05 0.00591086177155
    endloop
  endfacet
  facet normal 0.0697954446077 0.997561335564 8.21417233965e-06
    outer loop
      vertex 0.015185797587 -8.97739373613e-05 0.00591086177155
      vertex 0.0152283282951 0.278773009777 0.00591018237174
      vertex 0.0150474049151 0.278953909874 0.00592284230515
    endloop
  endfacet
  facet normal 0.0862463340163 0.996273815632 0
    outer loop
      vertex 0.015185797587 -8.97739373613e-05 0.00591086177155
      vertex 0.0150474049151 0.278953909874 0.00592284230515
      vertex 0.0150474049151 -7.78202229412e-05 0.00592284230515
    endloop
  endfacet
  facet normal 0.139171496034 0.990268290043 -0
    outer loop
      vertex 0.0150474049151 0.278953909874 0.00592284230515
      vertex 0.00704717077315 0.286954164505 0.00704718846828
      vertex 0.0150474049151 -7.78202229412e-05 0.00592284230515
    endloop
  endfacet
  facet normal 0.139172032475 0.990268230438 -1.54015573628e-08
    outer loop
      vertex 0.0150474049151 -7.78202229412e-05 0.00592284230515
      vertex 0.00704717077315 0.286954164505 0.00704718846828
      vertex 9.98377799988e-07 0.00203683343716 0.00803746003658
    endloop
  endfacet
  facet normal 0.139172643423 0.990268111229 0
    outer loop
      vertex 9.98377799988e-07 0.00203683343716 0.00803746003658
      vertex 0.00704717077315 0.286954164505 0.00704718846828
      vertex 9.98377799988e-07 0.285963892937 0.00803746003658
    endloop
  endfacet
  facet normal 1 0 -0
    outer loop
      vertex 0.120000988245 0.174000367522 0.0250010024756
      vertex 0.120000988245 0.0190003663301 0.0250010024756
      vertex 0.120000988245 0.174000367522 9.89437126009e-07
    endloop
  endfacet
  facet normal 1 0 0
    outer loop
      vertex 0.120000988245 0.174000367522 9.89437126009e-07
      vertex 0.120000988245 0.0190003663301 0.0250010024756
      vertex 0.120000988245 -0.00599962845445 9.89437126009e-07
    endloop
  endfacet
  facet normal -0.697488129139 0.71659630537 0
    outer loop
      vertex 0.0837110355496 0.210290297866 0.0188787709922
      vertex 0.0837110355496 0.0128781348467 0.0188787709922
      vertex 0.0900009870529 0.204000383615 0.0250010024756
    endloop
  endfacet
  facet normal -0.697488129139 0.71659630537 0
    outer loop
      vertex 0.0900009870529 0.204000383615 0.0250010024756
      vertex 0.0837110355496 0.0128781348467 0.0188787709922
      vertex 0.0900009870529 0.0190003663301 0.0250010024756
    endloop
  endfacet
  facet normal -0.765453934669 0.643490672112 0
    outer loop
      vertex 0.0837110355496 0.210290297866 0.0188787709922
      vertex 0.0831978023052 0.210803568363 0.0182682648301
      vertex 0.0837110355496 0.0128781348467 0.0188787709922
    endloop
  endfacet
  facet normal -0.765453934669 0.643490672112 -2.72233902536e-19
    outer loop
      vertex 0.0837110355496 0.0128781348467 0.0188787709922
      vertex 0.0831978023052 0.210803568363 0.0182682648301
      vertex 0.0831978023052 0.0122676463798 0.0182682648301
    endloop
  endfacet
  facet normal -0.877904117107 0.478836417198 0
    outer loop
      vertex 0.0831978023052 0.0122676463798 0.0182682648301
      vertex 0.0831978023052 0.210803568363 0.0182682648301
      vertex 0.0828158929944 0.211185440421 0.0175680648535
    endloop
  endfacet
  facet normal -0.877904117107 0.478836417198 -2.87539096163e-19
    outer loop
      vertex 0.0831978023052 0.0122676463798 0.0182682648301
      vertex 0.0828158929944 0.211185440421 0.0175680648535
      vertex 0.0828158929944 0.0115674287081 0.0175680648535
    endloop
  endfacet
  facet normal -0.955458521843 0.295125424862 0
    outer loop
      vertex 0.0828158929944 0.0115674287081 0.0175680648535
      vertex 0.0828158929944 0.211185440421 0.0175680648535
      vertex 0.082580499351 0.211420834064 0.0168059952557
    endloop
  endfacet
  facet normal -0.955458521843 0.295125424862 1.49385031691e-19
    outer loop
      vertex 0.0828158929944 0.0115674287081 0.0175680648535
      vertex 0.082580499351 0.211420834064 0.0168059952557
      vertex 0.082580499351 0.0108053591102 0.0168059952557
    endloop
  endfacet
  facet normal -0.988802909851 0.149227291346 0
    outer loop
      vertex 0.082580499351 0.0108053591102 0.0168059952557
      vertex 0.082580499351 0.211420834064 0.0168059952557
      vertex 0.082520917058 0.21148045361 0.0164111740887
    endloop
  endfacet
  facet normal -0.995008349419 0.099791623652 9.91054694168e-05
    outer loop
      vertex 0.082580499351 0.0108053591102 0.0168059952557
      vertex 0.082520917058 0.21148045361 0.0164111740887
      vertex 0.0825009867549 0.0100117474794 0.0160123836249
    endloop
  endfacet
  facet normal -0.998753666878 0.04991081357 0
    outer loop
      vertex 0.0825009867549 0.0100117474794 0.0160123836249
      vertex 0.082520917058 0.21148045361 0.0164111740887
      vertex 0.0825009867549 0.211500376463 0.0160123836249
    endloop
  endfacet
  facet normal -0.998796284199 0.04905128479 0
    outer loop
      vertex 0.0825009867549 0.211500376463 0.00614414224401
      vertex 0.0824913606048 0.211509987712 0.00594816217199
      vertex 0.0825009867549 0.000143524608575 0.00614414224401
    endloop
  endfacet
  facet normal -0.995191335678 0.0979498624802 -4.5503165893e-05
    outer loop
      vertex 0.0825009867549 0.000143524608575 0.00614414224401
      vertex 0.0824913606048 0.211509987712 0.00594816217199
      vertex 0.0824625790119 -0.000246557989158 0.00575407780707
    endloop
  endfacet
  facet normal -0.989180326462 0.146704718471 0
    outer loop
      vertex 0.0824625790119 -0.000246557989158 0.00575407780707
      vertex 0.0824913606048 0.211509987712 0.00594816217199
      vertex 0.0824625790119 0.211538776755 0.00575407780707
    endloop
  endfacet
  facet normal -0.95696747303 0.290195137262 0
    outer loop
      vertex 0.0824625790119 -0.000246557989158 0.00575407780707
      vertex 0.0824625790119 0.211538776755 0.00575407780707
      vertex 0.0823488458991 0.211652502418 0.00537903327495
    endloop
  endfacet
  facet normal -0.95696747303 0.290195137262 0
    outer loop
      vertex 0.0824625790119 -0.000246557989158 0.00575407780707
      vertex 0.0823488458991 0.211652502418 0.00537903327495
      vertex 0.0823488458991 -0.000621620216407 0.00537903327495
    endloop
  endfacet
  facet normal -0.882015824318 0.471219718456 0
    outer loop
      vertex 0.0823488458991 -0.000621620216407 0.00537903327495
      vertex 0.0823488458991 0.211652502418 0.00537903327495
      vertex 0.0821641460061 0.211837217212 0.00503331422806
    endloop
  endfacet
  facet normal -0.882015824318 0.471219718456 0
    outer loop
      vertex 0.0823488458991 -0.000621620216407 0.00537903327495
      vertex 0.0821641460061 0.211837217212 0.00503331422806
      vertex 0.0821641460061 -0.000967303349171 0.00503331422806
    endloop
  endfacet
  facet normal -0.773144066334 0.634230434895 0
    outer loop
      vertex 0.0821641460061 -0.000967303349171 0.00503331422806
      vertex 0.0821641460061 0.211837217212 0.00503331422806
      vertex 0.0819155722857 0.21208576858 0.00473029632121
    endloop
  endfacet
  facet normal -0.773144066334 0.634230434895 -1.3685263795e-19
    outer loop
      vertex 0.0821641460061 -0.000967303349171 0.00503331422806
      vertex 0.0819155722857 0.21208576858 0.00473029632121
      vertex 0.0819155722857 -0.00127033039462 0.00473029632121
    endloop
  endfacet
  facet normal -0.634620010853 0.772824347019 0
    outer loop
      vertex 0.0819155722857 -0.00127033039462 0.00473029632121
      vertex 0.0819155722857 0.21208576858 0.00473029632121
      vertex 0.0816126763821 -0.00151906057727 0.00448156613857
    endloop
  endfacet
  facet normal -0.634620010853 0.772824347019 0
    outer loop
      vertex 0.0816126763821 -0.00151906057727 0.00448156613857
      vertex 0.0819155722857 0.21208576858 0.00473029632121
      vertex 0.0816126763821 0.212388679385 0.00448156613857
    endloop
  endfacet
  facet normal -0.471733927727 0.881740927696 0
    outer loop
      vertex 0.0816126763821 -0.00151906057727 0.00448156613857
      vertex 0.0816126763821 0.212388679385 0.00448156613857
      vertex 0.0812670812011 -0.00170395418536 0.00429667253047
    endloop
  endfacet
  facet normal -0.471733927727 0.881740927696 0
    outer loop
      vertex 0.0812670812011 -0.00170395418536 0.00429667253047
      vertex 0.0816126763821 0.212388679385 0.00448156613857
      vertex 0.0812670812011 0.212734252214 0.00429667253047
    endloop
  endfacet
  facet normal -0.290627807379 0.956836163998 0
    outer loop
      vertex 0.0812670812011 -0.00170395418536 0.00429667253047
      vertex 0.0812670812011 0.212734252214 0.00429667253047
      vertex 0.0808920711279 -0.00181788555346 0.00418276805431
    endloop
  endfacet
  facet normal -0.290627807379 0.956836163998 0
    outer loop
      vertex 0.0808920711279 -0.00181788555346 0.00418276805431
      vertex 0.0812670812011 0.212734252214 0.00429667253047
      vertex 0.0808920711279 0.213109269738 0.00418276805431
    endloop
  endfacet
  facet normal -0.14727525413 0.989095568657 0
    outer loop
      vertex 0.0808920711279 -0.00181788555346 0.00418276805431
      vertex 0.0808920711279 0.213109269738 0.00418276805431
      vertex 0.0806980058551 -0.00184676400386 0.00415387190878
    endloop
  endfacet
  facet normal -0.0985892489552 0.995128214359 4.47657075711e-05
    outer loop
      vertex 0.0806980058551 -0.00184676400386 0.00415387190878
      vertex 0.0808920711279 0.213109269738 0.00418276805431
      vertex 0.0805020406842 0.213499292731 0.00414414424449
    endloop
  endfacet
  facet normal -0.0495773926377 0.998770296574 0
    outer loop
      vertex 0.0806980058551 -0.00184676400386 0.00415387190878
      vertex 0.0805020406842 0.213499292731 0.00414414424449
      vertex 0.0805020406842 -0.00185648247134 0.00414414424449
    endloop
  endfacet
  facet normal -0.00052791350754 0.999999880791 0
    outer loop
      vertex 0.0385009795427 0.255500376225 0.00412197131664
      vertex 0.0385009795427 -0.0018786553992 0.00412197131664
      vertex 0.0805020406842 0.213499292731 0.00414414424449
    endloop
  endfacet
  facet normal -0.00052791350754 0.999999880791 0
    outer loop
      vertex 0.0805020406842 0.213499292731 0.00414414424449
      vertex 0.0385009795427 -0.0018786553992 0.00412197131664
      vertex 0.0805020406842 -0.00185648247134 0.00414414424449
    endloop
  endfacet
  facet normal -0.0471363030374 0.998888492584 0
    outer loop
      vertex 0.0205009803176 0.0190003663301 0.0250010024756
      vertex 0.0205009803176 0.269000351429 0.0250010024756
      vertex 0.0201091617346 0.0189818944782 0.0249825138599
    endloop
  endfacet
  facet normal -0.047259055078 0.998882651329 -1.92797728005e-07
    outer loop
      vertex 0.0201091617346 0.0189818944782 0.0249825138599
      vertex 0.0205009803176 0.269000351429 0.0250010024756
      vertex 0.0201086699963 0.269018918276 0.0249824412167
    endloop
  endfacet
  facet normal -0.144962459803 0.989437162876 2.0538366563e-09
    outer loop
      vertex 0.0201091617346 0.0189818944782 0.0249825138599
      vertex 0.0201086699963 0.269018918276 0.0249824412167
      vertex 0.0197210460901 0.0189250316471 0.0249256510288
    endloop
  endfacet
  facet normal -0.145053550601 0.989423811436 -1.42165674788e-07
    outer loop
      vertex 0.0197210460901 0.0189250316471 0.0249256510288
      vertex 0.0201086699963 0.269018918276 0.0249824412167
      vertex 0.0197200719267 0.269075870514 0.0249254722148
    endloop
  endfacet
  facet normal -0.28876376152 0.957400381565 4.40590667949e-07
    outer loop
      vertex 0.0197210460901 0.0189250316471 0.0249256510288
      vertex 0.0197200719267 0.269075870514 0.0249254722148
      vertex 0.0189708415419 0.0186987426132 0.0246993787587
    endloop
  endfacet
  facet normal -0.289132863283 0.957288980484 -7.64519882068e-07
    outer loop
      vertex 0.0189708415419 0.0186987426132 0.0246993787587
      vertex 0.0197200719267 0.269075870514 0.0249254722148
      vertex 0.0189690180123 0.269302725792 0.0246986281127
    endloop
  endfacet
  facet normal -0.470194637775 0.882562756538 7.77194372859e-07
    outer loop
      vertex 0.0189708415419 0.0186987426132 0.0246993787587
      vertex 0.0189690180123 0.269302725792 0.0246986281127
      vertex 0.0182792972773 0.0183303337544 0.0243309512734
    endloop
  endfacet
  facet normal -0.470736801624 0.882273674011 -1.1363174508e-06
    outer loop
      vertex 0.0182792972773 0.0183303337544 0.0243309512734
      vertex 0.0189690180123 0.269302725792 0.0246986281127
      vertex 0.0182768199593 0.269672036171 0.0243293065578
    endloop
  endfacet
  facet normal -0.633504331112 0.773739099503 1.17788124498e-06
    outer loop
      vertex 0.0182792972773 0.0183303337544 0.0243309512734
      vertex 0.0182768199593 0.269672036171 0.0243293065578
      vertex 0.017673028633 0.0178339090198 0.0238345637918
    endloop
  endfacet
  facet normal -0.634203374386 0.773166298866 -1.62330240983e-06
    outer loop
      vertex 0.017673028633 0.0178339090198 0.0238345637918
      vertex 0.0182768199593 0.269672036171 0.0243293065578
      vertex 0.0176702290773 0.270169615746 0.0238317381591
    endloop
  endfacet
  facet normal -0.772466421127 0.635055601597 1.45640217397e-06
    outer loop
      vertex 0.017673028633 0.0178339090198 0.0238345637918
      vertex 0.0176702290773 0.270169615746 0.0238317381591
      vertex 0.0171754155308 0.017228661105 0.0232292786241
    endloop
  endfacet
  facet normal -0.77315557003 0.634216427803 -1.8903349428e-06
    outer loop
      vertex 0.0171754155308 0.017228661105 0.0232292786241
      vertex 0.0176702290773 0.270169615746 0.0238317381591
      vertex 0.0171726625413 0.270776212215 0.0232251659036
    endloop
  endfacet
  facet normal -0.881629049778 0.471942991018 1.9199669623e-06
    outer loop
      vertex 0.0171754155308 0.017228661105 0.0232292786241
      vertex 0.0171726625413 0.270776212215 0.0232251659036
      vertex 0.0168056115508 0.0165378134698 0.0225384477526
    endloop
  endfacet
  facet normal -0.882269978523 0.470743775368 -2.24450172936e-06
    outer loop
      vertex 0.0168056115508 0.0165378134698 0.0225384477526
      vertex 0.0171726625413 0.270776212215 0.0232251659036
      vertex 0.0168033391237 0.271468400955 0.0225329771638
    endloop
  endfacet
  facet normal -0.956830084324 0.290647864342 2.28517501455e-06
    outer loop
      vertex 0.0168056115508 0.0165378134698 0.0225384477526
      vertex 0.0168033391237 0.271468400955 0.0225329771638
      vertex 0.016577873379 0.0157880466431 0.0217887163162
    endloop
  endfacet
  facet normal -0.957297623158 0.289104133844 -2.62076810031e-06
    outer loop
      vertex 0.016577873379 0.0157880466431 0.0217887163162
      vertex 0.0168033391237 0.271468400955 0.0225329771638
      vertex 0.0165765229613 0.272219419479 0.0217819213867
    endloop
  endfacet
  facet normal -0.995172679424 0.098139308393 2.63882861873e-06
    outer loop
      vertex 0.016577873379 0.0157880466431 0.0217887163162
      vertex 0.0165765229613 0.272219419479 0.0217819213867
      vertex 0.016500974074 0.0150082921609 0.0210089087486
    endloop
  endfacet
  facet normal -0.99535369873 0.0962859988213 -2.98421150546e-06
    outer loop
      vertex 0.016500974074 0.0150082921609 0.0210089087486
      vertex 0.0165765229613 0.272219419479 0.0217819213867
      vertex 0.0165009833872 0.273000359535 0.0210010055453
    endloop
  endfacet
  facet normal -0.999999344349 -0.00113122095354 0
    outer loop
      vertex 0.016500974074 0.0150082921609 0.0210089087486
      vertex 0.0165009833872 0.273000359535 0.0210010055453
      vertex 0.0165009833872 0.0150003349409 0.0210010055453
    endloop
  endfacet
  facet normal 0 0 -1
    outer loop
      vertex 0.0900009870529 0.0190003663301 0.322100967169
      vertex 0.0900009870529 0.0190003663301 0.397238612175
      vertex 0.120000988245 0.0190003663301 0.322100967169
    endloop
  endfacet
  facet normal 0 0 -1
    outer loop
      vertex 0.120000988245 0.0190003663301 0.322100967169
      vertex 0.0900009870529 0.0190003663301 0.397238612175
      vertex 0.120000988245 0.0190003663301 0.397238612175
    endloop
  endfacet
  facet normal 0 0 -1
    outer loop
      vertex 0.0900009870529 0.0190003663301 0.297100961208
      vertex 0.120000988245 0.0190003663301 0.297100961208
      vertex 0.0900009870529 0.0190003663301 0.0250010024756
    endloop
  endfacet
  facet normal 0 0 -1
    outer loop
      vertex 0.0900009870529 0.0190003663301 0.0250010024756
      vertex 0.120000988245 0.0190003663301 0.297100961208
      vertex 0.120000988245 0.0190003663301 0.0250010024756
    endloop
  endfacet
  facet normal -0 -0 -1
    outer loop
      vertex 0.120000988245 0.0190003663301 0.880226910114
      vertex 0.120000988245 0.0190003663301 0.622100949287
      vertex 0.0900009870529 0.0190003663301 0.880226910114
    endloop
  endfacet
  facet normal 0 0 -1
    outer loop
      vertex 0.0900009870529 0.0190003663301 0.880226910114
      vertex 0.120000988245 0.0190003663301 0.622100949287
      vertex 0.0900009870529 0.0190003663301 0.622100949287
    endloop
  endfacet
  facet normal 0 0 -1
    outer loop
      vertex 0.0900009870529 0.0190003663301 0.597100973129
      vertex 0.120000988245 0.0190003663301 0.597100973129
      vertex 0.0900009870529 0.0190003663301 0.406033575535
    endloop
  endfacet
  facet normal 0 0 -1
    outer loop
      vertex 0.0900009870529 0.0190003663301 0.406033575535
      vertex 0.120000988245 0.0190003663301 0.597100973129
      vertex 0.120000988245 0.0190003663301 0.406033575535
    endloop
  endfacet
  facet normal -0 -0 -1
    outer loop
      vertex 0.120000988245 0.0190003663301 1.09502542019
      vertex 0.120000988245 0.0190003663301 0.905226886272
      vertex 0.0900009870529 0.0190003663301 1.09502542019
    endloop
  endfacet
  facet normal 0 0 -1
    outer loop
      vertex 0.0900009870529 0.0190003663301 1.09502542019
      vertex 0.120000988245 0.0190003663301 0.905226886272
      vertex 0.0900009870529 0.0190003663301 0.905226886272
    endloop
  endfacet
  facet normal 0 0 -1
    outer loop
      vertex 0.020493067801 0.0190003663301 0.322100967169
      vertex 0.0205009803176 0.0190003663301 0.397238612175
      vertex 0.0325009860098 0.0190003663301 0.322100967169
    endloop
  endfacet
  facet normal 0 0 -1
    outer loop
      vertex 0.0325009860098 0.0190003663301 0.322100967169
      vertex 0.0205009803176 0.0190003663301 0.397238612175
      vertex 0.0325009860098 0.0190003663301 0.397238612175
    endloop
  endfacet
  facet normal 0 0 -1
    outer loop
      vertex 0.020493067801 0.0190003663301 0.297100961208
      vertex 0.0325009860098 0.0190003663301 0.297100961208
      vertex 0.0205009803176 0.0190003663301 0.0250010024756
    endloop
  endfacet
  facet normal 0 0 -1
    outer loop
      vertex 0.0205009803176 0.0190003663301 0.0250010024756
      vertex 0.0325009860098 0.0190003663301 0.297100961208
      vertex 0.0325009860098 0.0190003663301 0.0250010024756
    endloop
  endfacet
  facet normal 0 0 -1
    outer loop
      vertex 0.020493067801 0.0190003663301 0.597100973129
      vertex 0.0325009860098 0.0190003663301 0.597100973129
      vertex 0.0205009803176 0.0190003663301 0.406033575535
    endloop
  endfacet
  facet normal 0 0 -1
    outer loop
      vertex 0.0205009803176 0.0190003663301 0.406033575535
      vertex 0.0325009860098 0.0190003663301 0.597100973129
      vertex 0.0325009860098 0.0190003663301 0.406033575535
    endloop
  endfacet
  facet normal -0 -0 -1
    outer loop
      vertex 0.0325009860098 0.0190003663301 0.880226910114
      vertex 0.0325009860098 0.0190003663301 0.622100949287
      vertex 0.020493067801 0.0190003663301 0.880226910114
    endloop
  endfacet
  facet normal 0 0 -1
    outer loop
      vertex 0.020493067801 0.0190003663301 0.880226910114
      vertex 0.0325009860098 0.0190003663301 0.622100949287
      vertex 0.020493067801 0.0190003663301 0.622100949287
    endloop
  endfacet
  facet normal 0 0 -1
    outer loop
      vertex 0.0205009803176 0.0190003663301 1.10382032394
      vertex 0.0205009803176 0.0190003663301 1.1750010252
      vertex 0.0325009860098 0.0190003663301 1.10382032394
    endloop
  endfacet
  facet normal 0 0 -1
    outer loop
      vertex 0.0325009860098 0.0190003663301 1.10382032394
      vertex 0.0205009803176 0.0190003663301 1.1750010252
      vertex 0.0325009860098 0.0190003663301 1.1750010252
    endloop
  endfacet
  facet normal -0 -0 -1
    outer loop
      vertex 0.0325009860098 0.0190003663301 1.09502542019
      vertex 0.0325009860098 0.0190003663301 0.905226886272
      vertex 0.0205009803176 0.0190003663301 1.09502542019
    endloop
  endfacet
  facet normal 0 -0 -1
    outer loop
      vertex 0.0205009803176 0.0190003663301 1.09502542019
      vertex 0.0325009860098 0.0190003663301 0.905226886272
      vertex 0.020493067801 0.0190003663301 0.905226886272
    endloop
  endfacet
  facet normal -0.697488129139 -0 -0.71659630537
    outer loop
      vertex 0.0900009870529 0.0190003663301 1.1750010252
      vertex 0.0900009870529 0.0190003663301 1.10382032394
      vertex 0.0837110355496 0.0128781348467 1.18112325668
    endloop
  endfacet
  facet normal -0.697488129139 0 -0.71659630537
    outer loop
      vertex 0.0837110355496 0.0128781348467 1.18112325668
      vertex 0.0900009870529 0.0190003663301 1.10382032394
      vertex 0.0900009870529 0.0190003663301 1.09502542019
    endloop
  endfacet
  facet normal -0.697488129139 0 -0.71659630537
    outer loop
      vertex 0.0837110355496 0.0128781348467 1.18112325668
      vertex 0.0900009870529 0.0190003663301 1.09502542019
      vertex 0.0900009870529 0.0190003663301 0.905226886272
    endloop
  endfacet
  facet normal -0.697488129139 -0 -0.71659630537
    outer loop
      vertex 0.0900009870529 0.0190003663301 0.905226886272
      vertex 0.0900009870529 0.0190003663301 0.880226910114
      vertex 0.0837110355496 0.0128781348467 1.18112325668
    endloop
  endfacet
  facet normal -0.697488129139 2.01339959037e-18 -0.71659630537
    outer loop
      vertex 0.0837110355496 0.0128781348467 1.18112325668
      vertex 0.0900009870529 0.0190003663301 0.880226910114
      vertex 0.0900009870529 0.0190003663301 0.622100949287
    endloop
  endfacet
  facet normal -0.697488129139 2.0168279645e-17 -0.71659630537
    outer loop
      vertex 0.0837110355496 0.0128781348467 1.18112325668
      vertex 0.0900009870529 0.0190003663301 0.622100949287
      vertex 0.0900009870529 0.0190003663301 0.597100973129
    endloop
  endfacet
  facet normal -0.697488129139 -0 -0.71659630537
    outer loop
      vertex 0.0837110355496 0.0128781348467 1.18112325668
      vertex 0.0900009870529 0.0190003663301 0.597100973129
      vertex 0.0837110355496 0.0128781348467 0.0188787709922
    endloop
  endfacet
  facet normal -0.697488129139 0 -0.71659630537
    outer loop
      vertex 0.0837110355496 0.0128781348467 0.0188787709922
      vertex 0.0900009870529 0.0190003663301 0.597100973129
      vertex 0.0900009870529 0.0190003663301 0.406033575535
    endloop
  endfacet
  facet normal -0.697488129139 -1.02918010337e-16 -0.71659630537
    outer loop
      vertex 0.0837110355496 0.0128781348467 0.0188787709922
      vertex 0.0900009870529 0.0190003663301 0.406033575535
      vertex 0.0900009870529 0.0190003663301 0.397238612175
    endloop
  endfacet
  facet normal -0.697488129139 -0 -0.71659630537
    outer loop
      vertex 0.0900009870529 0.0190003663301 0.397238612175
      vertex 0.0900009870529 0.0190003663301 0.322100967169
      vertex 0.0837110355496 0.0128781348467 0.0188787709922
    endloop
  endfacet
  facet normal -0.697488129139 0 -0.71659630537
    outer loop
      vertex 0.0837110355496 0.0128781348467 0.0188787709922
      vertex 0.0900009870529 0.0190003663301 0.322100967169
      vertex 0.0900009870529 0.0190003663301 0.297100961208
    endloop
  endfacet
  facet normal -0.697488129139 -2.16366749519e-18 -0.71659630537
    outer loop
      vertex 0.0837110355496 0.0128781348467 0.0188787709922
      vertex 0.0900009870529 0.0190003663301 0.297100961208
      vertex 0.0900009870529 0.0190003663301 0.0250010024756
    endloop
  endfacet
  facet normal 0 0 -1
    outer loop
      vertex 0.0900009870529 0.0190003663301 1.10382032394
      vertex 0.0900009870529 0.0190003663301 1.1750010252
      vertex 0.120000988245 0.0190003663301 1.10382032394
    endloop
  endfacet
  facet normal 0 0 -1
    outer loop
      vertex 0.120000988245 0.0190003663301 1.10382032394
      vertex 0.0900009870529 0.0190003663301 1.1750010252
      vertex 0.120000988245 0.0190003663301 1.1750010252
    endloop
  endfacet
  facet normal 1 0 -0
    outer loop
      vertex 0.120000988245 0.0190003663301 1.1750010252
      vertex 0.120000988245 -0.00599962845445 1.20000100136
      vertex 0.120000988245 0.0190003663301 1.10382032394
    endloop
  endfacet
  facet normal 1 0 -0
    outer loop
      vertex 0.120000988245 0.0190003663301 1.10382032394
      vertex 0.120000988245 -0.00599962845445 1.20000100136
      vertex 0.120000988245 0.0190003663301 1.09502542019
    endloop
  endfacet
  facet normal 1 0 -0
    outer loop
      vertex 0.120000988245 0.0190003663301 1.09502542019
      vertex 0.120000988245 -0.00599962845445 1.20000100136
      vertex 0.120000988245 0.0190003663301 0.905226886272
    endloop
  endfacet
  facet normal 1 0 -0
    outer loop
      vertex 0.120000988245 0.0190003663301 0.905226886272
      vertex 0.120000988245 -0.00599962845445 1.20000100136
      vertex 0.120000988245 0.0190003663301 0.880226910114
    endloop
  endfacet
  facet normal 1 0 -0
    outer loop
      vertex 0.120000988245 0.0190003663301 0.880226910114
      vertex 0.120000988245 -0.00599962845445 1.20000100136
      vertex 0.120000988245 0.0190003663301 0.622100949287
    endloop
  endfacet
  facet normal 1 0 -0
    outer loop
      vertex 0.120000988245 0.0190003663301 0.622100949287
      vertex 0.120000988245 -0.00599962845445 1.20000100136
      vertex 0.120000988245 0.0190003663301 0.597100973129
    endloop
  endfacet
  facet normal 1 0 -0
    outer loop
      vertex 0.120000988245 0.0190003663301 0.597100973129
      vertex 0.120000988245 -0.00599962845445 1.20000100136
      vertex 0.120000988245 -0.00599962845445 9.89437126009e-07
    endloop
  endfacet
  facet normal 1 0 0
    outer loop
      vertex 0.120000988245 0.0190003663301 0.597100973129
      vertex 0.120000988245 -0.00599962845445 9.89437126009e-07
      vertex 0.120000988245 0.0190003663301 0.406033575535
    endloop
  endfacet
  facet normal 1 0 0
    outer loop
      vertex 0.120000988245 0.0190003663301 0.406033575535
      vertex 0.120000988245 -0.00599962845445 9.89437126009e-07
      vertex 0.120000988245 0.0190003663301 0.397238612175
    endloop
  endfacet
  facet normal 1 0 0
    outer loop
      vertex 0.120000988245 0.0190003663301 0.397238612175
      vertex 0.120000988245 -0.00599962845445 9.89437126009e-07
      vertex 0.120000988245 0.0190003663301 0.322100967169
    endloop
  endfacet
  facet normal 1 0 0
    outer loop
      vertex 0.120000988245 0.0190003663301 0.322100967169
      vertex 0.120000988245 -0.00599962845445 9.89437126009e-07
      vertex 0.120000988245 0.0190003663301 0.297100961208
    endloop
  endfacet
  facet normal 1 0 0
    outer loop
      vertex 0.120000988245 0.0190003663301 0.297100961208
      vertex 0.120000988245 -0.00599962845445 9.89437126009e-07
      vertex 0.120000988245 0.0190003663301 0.0250010024756
    endloop
  endfacet
  facet normal -0 0 1
    outer loop
      vertex 9.98377799988e-07 -0.00599962845445 1.20000100136
      vertex 0.0564509853721 -0.00599962845445 0.559960305691
      vertex 0.120000988245 -0.00599962845445 1.20000100136
    endloop
  endfacet
  facet normal 0 0 1
    outer loop
      vertex 0.120000988245 -0.00599962845445 1.20000100136
      vertex 0.0564509853721 -0.00599962845445 0.559960305691
      vertex 0.0588327087462 -0.00599962845445 0.558132708073
    endloop
  endfacet
  facet normal 0 0 1
    outer loop
      vertex 0.120000988245 -0.00599962845445 1.20000100136
      vertex 0.0588327087462 -0.00599962845445 0.558132708073
      vertex 0.060660276562 -0.00599962845445 0.555751025677
    endloop
  endfacet
  facet normal 0 0 1
    outer loop
      vertex 9.98377799988e-07 -0.00599962845445 9.89437126009e-07
      vertex 0.039200976491 -0.00599962845445 0.5500010252
      vertex 9.98377799988e-07 -0.00599962845445 1.20000100136
    endloop
  endfacet
  facet normal 0 0 1
    outer loop
      vertex 9.98377799988e-07 -0.00599962845445 1.20000100136
      vertex 0.039200976491 -0.00599962845445 0.5500010252
      vertex 0.0395928360522 -0.00599962845445 0.552977442741
    endloop
  endfacet
  facet normal 0 0 1
    outer loop
      vertex 9.98377799988e-07 -0.00599962845445 1.20000100136
      vertex 0.0395928360522 -0.00599962845445 0.552977442741
      vertex 0.0407416820526 -0.00599962845445 0.555751025677
    endloop
  endfacet
  facet normal 0 0 1
    outer loop
      vertex 0.120000988245 -0.00599962845445 9.89437126009e-07
      vertex 0.0564509853721 -0.00599962845445 0.540041685104
      vertex 9.98377799988e-07 -0.00599962845445 9.89437126009e-07
    endloop
  endfacet
  facet normal 0 0 1
    outer loop
      vertex 9.98377799988e-07 -0.00599962845445 9.89437126009e-07
      vertex 0.0564509853721 -0.00599962845445 0.540041685104
      vertex 0.0536774024367 -0.00599962845445 0.538892865181
    endloop
  endfacet
  facet normal 0 0 1
    outer loop
      vertex 9.98377799988e-07 -0.00599962845445 9.89437126009e-07
      vertex 0.0536774024367 -0.00599962845445 0.538892865181
      vertex 0.0507009923458 -0.00599962845445 0.538501024246
    endloop
  endfacet
  facet normal 0 0 1
    outer loop
      vertex 0.120000988245 -0.00599962845445 1.20000100136
      vertex 0.0622009821236 -0.00599962845445 0.5500010252
      vertex 0.120000988245 -0.00599962845445 9.89437126009e-07
    endloop
  endfacet
  facet normal 0 0 1
    outer loop
      vertex 0.120000988245 -0.00599962845445 9.89437126009e-07
      vertex 0.0622009821236 -0.00599962845445 0.5500010252
      vertex 0.0618091262877 -0.00599962845445 0.547024607658
    endloop
  endfacet
  facet normal 0 0 1
    outer loop
      vertex 0.120000988245 -0.00599962845445 9.89437126009e-07
      vertex 0.0618091262877 -0.00599962845445 0.547024607658
      vertex 0.060660276562 -0.00599962845445 0.544251024723
    endloop
  endfacet
  facet normal 0 0 1
    outer loop
      vertex 0.060660276562 -0.00599962845445 0.544251024723
      vertex 0.0588327087462 -0.00599962845445 0.541869282722
      vertex 0.120000988245 -0.00599962845445 9.89437126009e-07
    endloop
  endfacet
  facet normal 0 0 1
    outer loop
      vertex 0.120000988245 -0.00599962845445 9.89437126009e-07
      vertex 0.0588327087462 -0.00599962845445 0.541869282722
      vertex 0.0564509853721 -0.00599962845445 0.540041685104
    endloop
  endfacet
  facet normal 0 0 1
    outer loop
      vertex 0.0507009923458 -0.00599962845445 0.538501024246
      vertex 0.0477245636284 -0.00599962845445 0.538892865181
      vertex 9.98377799988e-07 -0.00599962845445 9.89437126009e-07
    endloop
  endfacet
  facet normal 0 0 1
    outer loop
      vertex 9.98377799988e-07 -0.00599962845445 9.89437126009e-07
      vertex 0.0477245636284 -0.00599962845445 0.538892865181
      vertex 0.0449509769678 -0.00599962845445 0.540041685104
    endloop
  endfacet
  facet normal 0 0 1
    outer loop
      vertex 9.98377799988e-07 -0.00599962845445 9.89437126009e-07
      vertex 0.0449509769678 -0.00599962845445 0.540041685104
      vertex 0.0425692498684 -0.00599962845445 0.541869282722
    endloop
  endfacet
  facet normal 0 0 1
    outer loop
      vertex 0.0425692498684 -0.00599962845445 0.541869282722
      vertex 0.0407416820526 -0.00599962845445 0.544251024723
      vertex 9.98377799988e-07 -0.00599962845445 9.89437126009e-07
    endloop
  endfacet
  facet normal 0 0 1
    outer loop
      vertex 9.98377799988e-07 -0.00599962845445 9.89437126009e-07
      vertex 0.0407416820526 -0.00599962845445 0.544251024723
      vertex 0.0395928360522 -0.00599962845445 0.547024607658
    endloop
  endfacet
  facet normal 0 0 1
    outer loop
      vertex 9.98377799988e-07 -0.00599962845445 9.89437126009e-07
      vertex 0.0395928360522 -0.00599962845445 0.547024607658
      vertex 0.039200976491 -0.00599962845445 0.5500010252
    endloop
  endfacet
  facet normal 0 -0 1
    outer loop
      vertex 0.0407416820526 -0.00599962845445 0.555751025677
      vertex 0.0425692498684 -0.00599962845445 0.558132708073
      vertex 9.98377799988e-07 -0.00599962845445 1.20000100136
    endloop
  endfacet
  facet normal 0 0 1
    outer loop
      vertex 9.98377799988e-07 -0.00599962845445 1.20000100136
      vertex 0.0425692498684 -0.00599962845445 0.558132708073
      vertex 0.0449509769678 -0.00599962845445 0.559960305691
    endloop
  endfacet
  facet normal 0 0 1
    outer loop
      vertex 9.98377799988e-07 -0.00599962845445 1.20000100136
      vertex 0.0449509769678 -0.00599962845445 0.559960305691
      vertex 0.0477245636284 -0.00599962845445 0.561109125614
    endloop
  endfacet
  facet normal 0 -0 1
    outer loop
      vertex 0.0477245636284 -0.00599962845445 0.561109125614
      vertex 0.0507009923458 -0.00599962845445 0.561501026154
      vertex 9.98377799988e-07 -0.00599962845445 1.20000100136
    endloop
  endfacet
  facet normal 0 0 1
    outer loop
      vertex 9.98377799988e-07 -0.00599962845445 1.20000100136
      vertex 0.0507009923458 -0.00599962845445 0.561501026154
      vertex 0.0536774024367 -0.00599962845445 0.561109125614
    endloop
  endfacet
  facet normal 0 0 1
    outer loop
      vertex 9.98377799988e-07 -0.00599962845445 1.20000100136
      vertex 0.0536774024367 -0.00599962845445 0.561109125614
      vertex 0.0564509853721 -0.00599962845445 0.559960305691
    endloop
  endfacet
  facet normal -0 0 1
    outer loop
      vertex 0.060660276562 -0.00599962845445 0.555751025677
      vertex 0.0618091262877 -0.00599962845445 0.552977442741
      vertex 0.120000988245 -0.00599962845445 1.20000100136
    endloop
  endfacet
  facet normal 0 0 1
    outer loop
      vertex 0.120000988245 -0.00599962845445 1.20000100136
      vertex 0.0618091262877 -0.00599962845445 0.552977442741
      vertex 0.0622009821236 -0.00599962845445 0.5500010252
    endloop
  endfacet
  facet normal 0.139174342155 0 -0.99026787281
    outer loop
      vertex 0.0150474049151 -7.78202229412e-05 1.19407916069
      vertex 0.0150474049151 -7.78202229412e-05 0.00592284230515
      vertex 9.98377799988e-07 0.00203683343716 1.1919645071
    endloop
  endfacet
  facet normal 0.139174342155 0 -0.99026787281
    outer loop
      vertex 9.98377799988e-07 0.00203683343716 1.1919645071
      vertex 0.0150474049151 -7.78202229412e-05 0.00592284230515
      vertex 9.98377799988e-07 0.00203683343716 0.00803746003658
    endloop
  endfacet
  facet normal 0.086054675281 0 -0.996290445328
    outer loop
      vertex 0.0150474049151 -7.78202229412e-05 1.19407916069
      vertex 0.015185797587 -8.97739373613e-05 1.19409108162
      vertex 0.0150474049151 -7.78202229412e-05 0.00592284230515
    endloop
  endfacet
  facet normal 0.086054675281 -1.70033780571e-21 -0.996290445328
    outer loop
      vertex 0.0150474049151 -7.78202229412e-05 0.00592284230515
      vertex 0.015185797587 -8.97739373613e-05 1.19409108162
      vertex 0.015185797587 -8.97739373613e-05 0.00591086177155
    endloop
  endfacet
  facet normal -0.0205969307572 0 -0.999787867069
    outer loop
      vertex 0.015185797587 -8.97739373613e-05 0.00591086177155
      vertex 0.015185797587 -8.97739373613e-05 1.19409108162
      vertex 0.0153246736154 -8.69129144121e-05 0.00591375865042
    endloop
  endfacet
  facet normal -0.0205969307572 0 -0.999787867069
    outer loop
      vertex 0.0153246736154 -8.69129144121e-05 0.00591375865042
      vertex 0.015185797587 -8.97739373613e-05 1.19409108162
      vertex 0.0153246736154 -8.69129144121e-05 1.1940882206
    endloop
  endfacet
  facet normal -0.127440333366 0 -0.991846263409
    outer loop
      vertex 0.0153246736154 -8.69129144121e-05 0.00591375865042
      vertex 0.0153246736154 -8.69129144121e-05 1.1940882206
      vertex 0.0154624497518 -6.92103349138e-05 0.005931425374
    endloop
  endfacet
  facet normal -0.127440333366 0 -0.991846263409
    outer loop
      vertex 0.0154624497518 -6.92103349138e-05 0.005931425374
      vertex 0.0153246736154 -8.69129144121e-05 1.1940882206
      vertex 0.0154624497518 -6.92103349138e-05 1.19407057762
    endloop
  endfacet
  facet normal -0.232603654265 0 -0.972571611404
    outer loop
      vertex 0.0154624497518 -6.92103349138e-05 0.005931425374
      vertex 0.0154624497518 -6.92103349138e-05 1.19407057762
      vertex 0.0155975529924 -3.68986547983e-05 0.00596371898428
    endloop
  endfacet
  facet normal -0.232603654265 0 -0.972571611404
    outer loop
      vertex 0.0155975529924 -3.68986547983e-05 0.00596371898428
      vertex 0.0154624497518 -6.92103349138e-05 1.19407057762
      vertex 0.0155975529924 -3.68986547983e-05 1.1940382719
    endloop
  endfacet
  facet normal -0.33472520113 0 -0.942315816879
    outer loop
      vertex 0.0155975529924 -3.68986547983e-05 0.00596371898428
      vertex 0.0155975529924 -3.68986547983e-05 1.1940382719
      vertex 0.0157284364104 9.59297085501e-06 0.0060102106072
    endloop
  endfacet
  facet normal -0.33472520113 0 -0.942315816879
    outer loop
      vertex 0.0157284364104 9.59297085501e-06 0.0060102106072
      vertex 0.0155975529924 -3.68986547983e-05 1.1940382719
      vertex 0.0157284364104 9.59297085501e-06 1.19399178028
    endloop
  endfacet
  facet normal -0.433542728424 0 -0.901133000851
    outer loop
      vertex 0.0157284364104 9.59297085501e-06 0.0060102106072
      vertex 0.0157284364104 9.59297085501e-06 1.19399178028
      vertex 0.015853613615 6.98175063008e-05 0.00607043551281
    endloop
  endfacet
  facet normal -0.433542728424 0 -0.901133000851
    outer loop
      vertex 0.015853613615 6.98175063008e-05 0.00607043551281
      vertex 0.0157284364104 9.59297085501e-06 1.19399178028
      vertex 0.015853613615 6.98175063008e-05 1.19393157959
    endloop
  endfacet
  facet normal -0.57174795866 0 -0.820429325104
    outer loop
      vertex 0.015853613615 6.98175063008e-05 0.00607043551281
      vertex 0.015853613615 6.98175063008e-05 1.19393157959
      vertex 0.0160812083632 0.000228425473324 0.00622904347256
    endloop
  endfacet
  facet normal -0.57174795866 0 -0.820429325104
    outer loop
      vertex 0.0160812083632 0.000228425473324 0.00622904347256
      vertex 0.015853613615 6.98175063008e-05 1.19393157959
      vertex 0.0160812083632 0.000228425473324 1.19377291203
    endloop
  endfacet
  facet normal -0.73285317421 0 -0.680386841297
    outer loop
      vertex 0.0160812083632 0.000228425473324 0.00622904347256
      vertex 0.0160812083632 0.000228425473324 1.19377291203
      vertex 0.0162699650973 0.000431736931205 0.00643235491589
    endloop
  endfacet
  facet normal -0.73285317421 0 -0.680386841297
    outer loop
      vertex 0.0162699650973 0.000431736931205 0.00643235491589
      vertex 0.0160812083632 0.000228425473324 1.19377291203
      vertex 0.0162699650973 0.000431736931205 1.19356966019
    endloop
  endfacet
  facet normal -0.860520720482 0 -0.509415388107
    outer loop
      vertex 0.0162699650973 0.000431736931205 0.00643235491589
      vertex 0.0162699650973 0.000431736931205 1.19356966019
      vertex 0.0164112821221 0.00067045353353 0.00667107151821
    endloop
  endfacet
  facet normal -0.860520720482 0 -0.509415388107
    outer loop
      vertex 0.0164112821221 0.00067045353353 0.00667107151821
      vertex 0.0162699650973 0.000431736931205 1.19356966019
      vertex 0.0164112821221 0.00067045353353 1.19333088398
    endloop
  endfacet
  facet normal -0.949008345604 0 -0.315250992775
    outer loop
      vertex 0.0164112821221 0.00067045353353 0.00667107151821
      vertex 0.0164112821221 0.00067045353353 1.19333088398
      vertex 0.0164987295866 0.00093370344257 0.00693435687572
    endloop
  endfacet
  facet normal -0.949008345604 0 -0.315250992775
    outer loop
      vertex 0.0164987295866 0.00093370344257 0.00693435687572
      vertex 0.0164112821221 0.00067045353353 1.19333088398
      vertex 0.0164987295866 0.00093370344257 1.19306766987
    endloop
  endfacet
  facet normal -0.994289875031 0 -0.106712922454
    outer loop
      vertex 0.0164987295866 0.00093370344257 0.00693435687572
      vertex 0.0164987295866 0.00093370344257 1.19306766987
      vertex 0.016528332606 0.00120952387806 0.00721015967429
    endloop
  endfacet
  facet normal -0.994289875031 0 -0.106712922454
    outer loop
      vertex 0.016528332606 0.00120952387806 0.00721015967429
      vertex 0.0164987295866 0.00093370344257 1.19306766987
      vertex 0.016528332606 0.00120952387806 1.19279181957
    endloop
  endfacet
  facet normal -0.999998033047 0 0.00198317109607
    outer loop
      vertex 0.0165009833872 0.0150003349409 1.1790009737
      vertex 0.0165009833872 0.0150003349409 0.0210010055453
      vertex 0.016528332606 0.00120952387806 1.19279181957
    endloop
  endfacet
  facet normal -0.999998033047 0 0.00198317109607
    outer loop
      vertex 0.016528332606 0.00120952387806 1.19279181957
      vertex 0.0165009833872 0.0150003349409 0.0210010055453
      vertex 0.016528332606 0.00120952387806 0.00721015967429
    endloop
  endfacet
  facet normal -0.0472590625286 -0 -0.998882651329
    outer loop
      vertex 0.0205009803176 0.0190003663301 1.1750010252
      vertex 0.0205009803176 0.0190003663301 1.10382032394
      vertex 0.0201086699963 0.0189818050712 1.17501950264
    endloop
  endfacet
  facet normal -0.0472590625286 0 -0.998882651329
    outer loop
      vertex 0.0201086699963 0.0189818050712 1.17501950264
      vertex 0.0205009803176 0.0190003663301 1.10382032394
      vertex 0.0205009803176 0.0190003663301 1.09502542019
    endloop
  endfacet
  facet normal -0.0468615964055 1.95361462829e-06 -0.998901367188
    outer loop
      vertex 0.0201086699963 0.0189818050712 1.17501950264
      vertex 0.0205009803176 0.0190003663301 1.09502542019
      vertex 0.020493067801 0.0190003663301 0.905226886272
    endloop
  endfacet
  facet normal -0.0482296161354 -0 -0.998836278915
    outer loop
      vertex 0.020493067801 0.0190003663301 0.905226886272
      vertex 0.020493067801 0.0190003663301 0.880226910114
      vertex 0.0201086699963 0.0189818050712 1.17501950264
    endloop
  endfacet
  facet normal -0.0482296161354 0 -0.998836278915
    outer loop
      vertex 0.0201086699963 0.0189818050712 1.17501950264
      vertex 0.020493067801 0.0190003663301 0.880226910114
      vertex 0.020493067801 0.0190003663301 0.622100949287
    endloop
  endfacet
  facet normal -0.0482296161354 -1.09891422591e-19 -0.998836278915
    outer loop
      vertex 0.0201086699963 0.0189818050712 1.17501950264
      vertex 0.020493067801 0.0190003663301 0.622100949287
      vertex 0.020493067801 0.0190003663301 0.597100973129
    endloop
  endfacet
  facet normal -0.0481440201402 5.70668916566e-08 -0.998840391636
    outer loop
      vertex 0.0201086699963 0.0189818050712 1.17501950264
      vertex 0.020493067801 0.0190003663301 0.597100973129
      vertex 0.0201091617346 0.0189818944782 0.0249825138599
    endloop
  endfacet
  facet normal -0.0452715046704 -1.87479156466e-06 -0.998974740505
    outer loop
      vertex 0.0201091617346 0.0189818944782 0.0249825138599
      vertex 0.020493067801 0.0190003663301 0.597100973129
      vertex 0.0205009803176 0.0190003663301 0.406033575535
    endloop
  endfacet
  facet normal -0.0518317893147 4.88630030304e-06 -0.998655855656
    outer loop
      vertex 0.0201091617346 0.0189818944782 0.0249825138599
      vertex 0.0205009803176 0.0190003663301 0.406033575535
      vertex 0.020493067801 0.0190003663301 0.322100967169
    endloop
  endfacet
  facet normal 0 0 -1
    outer loop
      vertex 0.020493067801 0.0190003663301 0.322100967169
      vertex 0.0205009803176 0.0190003663301 0.406033575535
      vertex 0.0205009803176 0.0190003663301 0.397238612175
    endloop
  endfacet
  facet normal -0.048059169203 -0 -0.998844504356
    outer loop
      vertex 0.020493067801 0.0190003663301 0.322100967169
      vertex 0.020493067801 0.0190003663301 0.297100961208
      vertex 0.0201091617346 0.0189818944782 0.0249825138599
    endloop
  endfacet
  facet normal -0.0470907539129 -1.36937319439e-06 -0.998890638351
    outer loop
      vertex 0.0201091617346 0.0189818944782 0.0249825138599
      vertex 0.020493067801 0.0190003663301 0.297100961208
      vertex 0.0205009803176 0.0190003663301 0.0250010024756
    endloop
  endfacet
  facet normal -0.144962459803 1.49377630265e-08 -0.989437162876
    outer loop
      vertex 0.0201091617346 0.0189818944782 0.0249825138599
      vertex 0.0197210460901 0.0189250316471 0.0249256510288
      vertex 0.0201086699963 0.0189818050712 1.17501950264
    endloop
  endfacet
  facet normal -0.145142704248 7.69896999486e-08 -0.989410758018
    outer loop
      vertex 0.0201086699963 0.0189818050712 1.17501950264
      vertex 0.0197210460901 0.0189250316471 0.0249256510288
      vertex 0.0197200719267 0.0189248006791 1.17507660389
    endloop
  endfacet
  facet normal -0.288784772158 -5.1190788497e-08 -0.957394063473
    outer loop
      vertex 0.0197200719267 0.0189248006791 1.17507660389
      vertex 0.0197210460901 0.0189250316471 0.0249256510288
      vertex 0.0189708415419 0.0186987426132 0.0246993787587
    endloop
  endfacet
  facet normal -0.289091259241 1.66588208117e-07 -0.957301557064
    outer loop
      vertex 0.0197200719267 0.0189248006791 1.17507660389
      vertex 0.0189708415419 0.0186987426132 0.0246993787587
      vertex 0.0189690180123 0.0186979919672 1.17530333996
    endloop
  endfacet
  facet normal -0.47017711401 -1.69240720993e-07 -0.882572114468
    outer loop
      vertex 0.0189690180123 0.0186979919672 1.17530333996
      vertex 0.0189708415419 0.0186987426132 0.0246993787587
      vertex 0.0182792972773 0.0183303337544 0.0243309512734
    endloop
  endfacet
  facet normal -0.47071942687 2.48112485224e-07 -0.882282972336
    outer loop
      vertex 0.0189690180123 0.0186979919672 1.17530333996
      vertex 0.0182792972773 0.0183303337544 0.0243309512734
      vertex 0.0182768199593 0.0183286871761 1.17567265034
    endloop
  endfacet
  facet normal -0.633532106876 -2.57227640077e-07 -0.773716390133
    outer loop
      vertex 0.0182768199593 0.0183286871761 1.17567265034
      vertex 0.0182792972773 0.0183303337544 0.0243309512734
      vertex 0.017673028633 0.0178339090198 0.0238345637918
    endloop
  endfacet
  facet normal -0.634217619896 3.43406156844e-07 -0.773154616356
    outer loop
      vertex 0.0182768199593 0.0183286871761 1.17567265034
      vertex 0.017673028633 0.0178339090198 0.0238345637918
      vertex 0.0176702290773 0.0178311020136 1.17617022991
    endloop
  endfacet
  facet normal -0.772448599339 -3.28677685957e-07 -0.635077297688
    outer loop
      vertex 0.0176702290773 0.0178311020136 1.17617022991
      vertex 0.017673028633 0.0178339090198 0.0238345637918
      vertex 0.0171754155308 0.017228661105 0.0232292786241
    endloop
  endfacet
  facet normal -0.773165404797 4.35087372352e-07 -0.634204387665
    outer loop
      vertex 0.0176702290773 0.0178311020136 1.17617022991
      vertex 0.0171754155308 0.017228661105 0.0232292786241
      vertex 0.0171726625413 0.0172245111316 1.17677688599
    endloop
  endfacet
  facet normal -0.881634771824 -4.07425687854e-07 -0.471932321787
    outer loop
      vertex 0.0171726625413 0.0172245111316 1.17677688599
      vertex 0.0171754155308 0.017228661105 0.0232292786241
      vertex 0.0168056115508 0.0165378134698 0.0225384477526
    endloop
  endfacet
  facet normal -0.882260620594 4.88247280828e-07 -0.470761328936
    outer loop
      vertex 0.0171726625413 0.0172245111316 1.17677688599
      vertex 0.0168056115508 0.0165378134698 0.0225384477526
      vertex 0.0168033391237 0.0165323596448 1.17746901512
    endloop
  endfacet
  facet normal -0.956834435463 -5.08988364345e-07 -0.290633559227
    outer loop
      vertex 0.0168033391237 0.0165323596448 1.17746901512
      vertex 0.0168056115508 0.0165378134698 0.0225384477526
      vertex 0.016577873379 0.0157880466431 0.0217887163162
    endloop
  endfacet
  facet normal -0.95730394125 5.81009373946e-07 -0.289083361626
    outer loop
      vertex 0.0168033391237 0.0165323596448 1.17746901512
      vertex 0.016577873379 0.0157880466431 0.0217887163162
      vertex 0.0165765229613 0.0157812517136 1.17822003365
    endloop
  endfacet
  facet normal -0.995172202587 -5.85115799367e-07 -0.0981439575553
    outer loop
      vertex 0.0165765229613 0.0157812517136 1.17822003365
      vertex 0.016577873379 0.0157880466431 0.0217887163162
      vertex 0.016500974074 0.0150082921609 0.0210089087486
    endloop
  endfacet
  facet normal -0.995353937149 6.69304938583e-07 -0.0962837040424
    outer loop
      vertex 0.0165765229613 0.0157812517136 1.17822003365
      vertex 0.016500974074 0.0150082921609 0.0210089087486
      vertex 0.0165009833872 0.0150003349409 1.1790009737
    endloop
  endfacet
  facet normal -0.999999344349 0 0.00112359481864
    outer loop
      vertex 0.0165009833872 0.0150003349409 1.1790009737
      vertex 0.016500974074 0.0150082921609 0.0210089087486
      vertex 0.0165009833872 0.0150003349409 0.0210010055453
    endloop
  endfacet
  facet normal -0.991444885731 -0.130526080728 -1.7151254166e-17
    outer loop
      vertex 0.0618091262877 -0.00186634412967 0.552977442741
      vertex 0.0622009821236 -0.00186613842379 0.5500010252
      vertex 0.0622009821236 -0.00599962845445 0.5500010252
    endloop
  endfacet
  facet normal -0.991444826126 0.130526274443 0
    outer loop
      vertex 0.0622009821236 -0.00599962845445 0.5500010252
      vertex 0.0622009821236 -0.00186613842379 0.5500010252
      vertex 0.0618091262877 -0.00186634412967 0.547024607658
    endloop
  endfacet
  facet normal -0.991444826126 0.130526274443 0
    outer loop
      vertex 0.0622009821236 -0.00599962845445 0.5500010252
      vertex 0.0618091262877 -0.00186634412967 0.547024607658
      vertex 0.0618091262877 -0.00599962845445 0.547024607658
    endloop
  endfacet
  facet normal -0.923879861832 0.382682591677 0
    outer loop
      vertex 0.0618091262877 -0.00599962845445 0.547024607658
      vertex 0.0618091262877 -0.00186634412967 0.547024607658
      vertex 0.060660276562 -0.00186696997844 0.544251024723
    endloop
  endfacet
  facet normal -0.923879861832 0.382682591677 0
    outer loop
      vertex 0.0618091262877 -0.00599962845445 0.547024607658
      vertex 0.060660276562 -0.00186696997844 0.544251024723
      vertex 0.060660276562 -0.00599962845445 0.544251024723
    endloop
  endfacet
  facet normal -0.793354094028 0.608760416508 0
    outer loop
      vertex 0.060660276562 -0.00599962845445 0.544251024723
      vertex 0.060660276562 -0.00186696997844 0.544251024723
      vertex 0.0588327087462 -0.00186792656314 0.541869282722
    endloop
  endfacet
  facet normal -0.793354094028 0.608760416508 0
    outer loop
      vertex 0.060660276562 -0.00599962845445 0.544251024723
      vertex 0.0588327087462 -0.00186792656314 0.541869282722
      vertex 0.0588327087462 -0.00599962845445 0.541869282722
    endloop
  endfacet
  facet normal -0.608769834042 0.793346881866 0
    outer loop
      vertex 0.0588327087462 -0.00599962845445 0.541869282722
      vertex 0.0588327087462 -0.00186792656314 0.541869282722
      vertex 0.0564509853721 -0.00186917826068 0.540041685104
    endloop
  endfacet
  facet normal -0.608769834042 0.793346881866 0
    outer loop
      vertex 0.0588327087462 -0.00599962845445 0.541869282722
      vertex 0.0564509853721 -0.00186917826068 0.540041685104
      vertex 0.0564509853721 -0.00599962845445 0.540041685104
    endloop
  endfacet
  facet normal -0.382673680782 0.92388355732 0
    outer loop
      vertex 0.0564509853721 -0.00599962845445 0.540041685104
      vertex 0.0564509853721 -0.00186917826068 0.540041685104
      vertex 0.0536774024367 -0.00187063566409 0.538892865181
    endloop
  endfacet
  facet normal -0.382673680782 0.92388355732 -3.43164843755e-17
    outer loop
      vertex 0.0564509853721 -0.00599962845445 0.540041685104
      vertex 0.0536774024367 -0.00187063566409 0.538892865181
      vertex 0.0536774024367 -0.00599962845445 0.538892865181
    endloop
  endfacet
  facet normal -0.130522072315 0.991445422173 0
    outer loop
      vertex 0.0536774024367 -0.00599962845445 0.538892865181
      vertex 0.0536774024367 -0.00187063566409 0.538892865181
      vertex 0.0507009923458 -0.00187221809756 0.538501024246
    endloop
  endfacet
  facet normal -0.130522072315 0.991445422173 0
    outer loop
      vertex 0.0536774024367 -0.00599962845445 0.538892865181
      vertex 0.0507009923458 -0.00187221809756 0.538501024246
      vertex 0.0507009923458 -0.00599962845445 0.538501024246
    endloop
  endfacet
  facet normal 0.130521297455 0.991445481777 0
    outer loop
      vertex 0.0507009923458 -0.00599962845445 0.538501024246
      vertex 0.0507009923458 -0.00187221809756 0.538501024246
      vertex 0.0477245636284 -0.00187380064745 0.538892865181
    endloop
  endfacet
  facet normal 0.130521297455 0.991445481777 1.71628330402e-17
    outer loop
      vertex 0.0507009923458 -0.00599962845445 0.538501024246
      vertex 0.0477245636284 -0.00187380064745 0.538892865181
      vertex 0.0477245636284 -0.00599962845445 0.538892865181
    endloop
  endfacet
  facet normal 0.382673680782 0.92388355732 0
    outer loop
      vertex 0.0477245636284 -0.00599962845445 0.538892865181
      vertex 0.0477245636284 -0.00187380064745 0.538892865181
      vertex 0.0449509769678 -0.00187525793444 0.540041685104
    endloop
  endfacet
  facet normal 0.382673680782 0.92388355732 3.43297887485e-17
    outer loop
      vertex 0.0477245636284 -0.00599962845445 0.538892865181
      vertex 0.0449509769678 -0.00187525793444 0.540041685104
      vertex 0.0449509769678 -0.00599962845445 0.540041685104
    endloop
  endfacet
  facet normal 0.60876840353 0.79334795475 0
    outer loop
      vertex 0.0449509769678 -0.00599962845445 0.540041685104
      vertex 0.0449509769678 -0.00187525793444 0.540041685104
      vertex 0.0425692498684 -0.00187650963198 0.541869282722
    endloop
  endfacet
  facet normal 0.60876840353 0.79334795475 -6.86670684447e-17
    outer loop
      vertex 0.0449509769678 -0.00599962845445 0.540041685104
      vertex 0.0425692498684 -0.00187650963198 0.541869282722
      vertex 0.0425692498684 -0.00599962845445 0.541869282722
    endloop
  endfacet
  facet normal 0.793354094028 0.608760416508 0
    outer loop
      vertex 0.0425692498684 -0.00599962845445 0.541869282722
      vertex 0.0425692498684 -0.00187650963198 0.541869282722
      vertex 0.0407416820526 -0.0018774663331 0.544251024723
    endloop
  endfacet
  facet normal 0.793354094028 0.608760416508 0
    outer loop
      vertex 0.0425692498684 -0.00599962845445 0.541869282722
      vertex 0.0407416820526 -0.0018774663331 0.544251024723
      vertex 0.0407416820526 -0.00599962845445 0.544251024723
    endloop
  endfacet
  facet normal 0.923880934715 0.382680058479 0
    outer loop
      vertex 0.0407416820526 -0.00599962845445 0.544251024723
      vertex 0.0407416820526 -0.0018774663331 0.544251024723
      vertex 0.0395928360522 -0.00187809218187 0.547024607658
    endloop
  endfacet
  facet normal 0.923880934715 0.382680058479 0
    outer loop
      vertex 0.0407416820526 -0.00599962845445 0.544251024723
      vertex 0.0395928360522 -0.00187809218187 0.547024607658
      vertex 0.0395928360522 -0.00599962845445 0.547024607658
    endloop
  endfacet
  facet normal 0.991444468498 0.13052919507 0
    outer loop
      vertex 0.0395928360522 -0.00599962845445 0.547024607658
      vertex 0.0395928360522 -0.00187809218187 0.547024607658
      vertex 0.039200976491 -0.0018782709958 0.5500010252
    endloop
  endfacet
  facet normal 0.991444468498 0.13052919507 0
    outer loop
      vertex 0.0395928360522 -0.00599962845445 0.547024607658
      vertex 0.039200976491 -0.0018782709958 0.5500010252
      vertex 0.039200976491 -0.00599962845445 0.5500010252
    endloop
  endfacet
  facet normal 0.991444468498 -0.130529001355 0
    outer loop
      vertex 0.039200976491 -0.00599962845445 0.5500010252
      vertex 0.039200976491 -0.0018782709958 0.5500010252
      vertex 0.0395928360522 -0.00599962845445 0.552977442741
    endloop
  endfacet
  facet normal 0.991444468498 -0.130529001355 0
    outer loop
      vertex 0.0395928360522 -0.00599962845445 0.552977442741
      vertex 0.039200976491 -0.0018782709958 0.5500010252
      vertex 0.0395928360522 -0.00187809218187 0.552977442741
    endloop
  endfacet
  facet normal 0.923880934715 -0.382680058479 0
    outer loop
      vertex 0.0395928360522 -0.00599962845445 0.552977442741
      vertex 0.0395928360522 -0.00187809218187 0.552977442741
      vertex 0.0407416820526 -0.00599962845445 0.555751025677
    endloop
  endfacet
  facet normal 0.923880934715 -0.382680058479 0
    outer loop
      vertex 0.0407416820526 -0.00599962845445 0.555751025677
      vertex 0.0395928360522 -0.00187809218187 0.552977442741
      vertex 0.0407416820526 -0.0018774663331 0.555751025677
    endloop
  endfacet
  facet normal 0.793346941471 -0.608769774437 0
    outer loop
      vertex 0.0407416820526 -0.00599962845445 0.555751025677
      vertex 0.0407416820526 -0.0018774663331 0.555751025677
      vertex 0.0425692498684 -0.00599962845445 0.558132708073
    endloop
  endfacet
  facet normal 0.793346941471 -0.608769774437 0
    outer loop
      vertex 0.0425692498684 -0.00599962845445 0.558132708073
      vertex 0.0407416820526 -0.0018774663331 0.555751025677
      vertex 0.0425692498684 -0.00187650963198 0.558132708073
    endloop
  endfacet
  facet normal 0.60876840353 -0.79334795475 0
    outer loop
      vertex 0.0425692498684 -0.00599962845445 0.558132708073
      vertex 0.0425692498684 -0.00187650963198 0.558132708073
      vertex 0.0449509769678 -0.00599962845445 0.559960305691
    endloop
  endfacet
  facet normal 0.60876840353 -0.79334795475 0
    outer loop
      vertex 0.0449509769678 -0.00599962845445 0.559960305691
      vertex 0.0425692498684 -0.00187650963198 0.558132708073
      vertex 0.0449509769678 -0.00187525793444 0.559960305691
    endloop
  endfacet
  facet normal 0.382672429085 -0.923884093761 0
    outer loop
      vertex 0.0449509769678 -0.00599962845445 0.559960305691
      vertex 0.0449509769678 -0.00187525793444 0.559960305691
      vertex 0.0477245636284 -0.00599962845445 0.561109125614
    endloop
  endfacet
  facet normal 0.382672429085 -0.923884093761 0
    outer loop
      vertex 0.0477245636284 -0.00599962845445 0.561109125614
      vertex 0.0449509769678 -0.00187525793444 0.559960305691
      vertex 0.0477245636284 -0.00187380064745 0.561109125614
    endloop
  endfacet
  facet normal 0.130541801453 -0.991442799568 0
    outer loop
      vertex 0.0477245636284 -0.00599962845445 0.561109125614
      vertex 0.0477245636284 -0.00187380064745 0.561109125614
      vertex 0.0507009923458 -0.00599962845445 0.561501026154
    endloop
  endfacet
  facet normal 0.130541801453 -0.991442799568 0
    outer loop
      vertex 0.0507009923458 -0.00599962845445 0.561501026154
      vertex 0.0477245636284 -0.00187380064745 0.561109125614
      vertex 0.0507009923458 -0.00187221809756 0.561501026154
    endloop
  endfacet
  facet normal -0.130542561412 -0.991442680359 -0
    outer loop
      vertex 0.0507009923458 -0.00599962845445 0.561501026154
      vertex 0.0507009923458 -0.00187221809756 0.561501026154
      vertex 0.0536774024367 -0.00599962845445 0.561109125614
    endloop
  endfacet
  facet normal -0.130542561412 -0.991442680359 -0
    outer loop
      vertex 0.0536774024367 -0.00599962845445 0.561109125614
      vertex 0.0507009923458 -0.00187221809756 0.561501026154
      vertex 0.0536774024367 -0.00187063566409 0.561109125614
    endloop
  endfacet
  facet normal -0.382672429085 -0.923884093761 -0
    outer loop
      vertex 0.0536774024367 -0.00599962845445 0.561109125614
      vertex 0.0536774024367 -0.00187063566409 0.561109125614
      vertex 0.0564509853721 -0.00599962845445 0.559960305691
    endloop
  endfacet
  facet normal -0.382672429085 -0.923884093761 -0
    outer loop
      vertex 0.0564509853721 -0.00599962845445 0.559960305691
      vertex 0.0536774024367 -0.00187063566409 0.561109125614
      vertex 0.0564509853721 -0.00186917826068 0.559960305691
    endloop
  endfacet
  facet normal -0.608769834042 -0.793346881866 -0
    outer loop
      vertex 0.0564509853721 -0.00599962845445 0.559960305691
      vertex 0.0564509853721 -0.00186917826068 0.559960305691
      vertex 0.0588327087462 -0.00599962845445 0.558132708073
    endloop
  endfacet
  facet normal -0.608769834042 -0.793346881866 -0
    outer loop
      vertex 0.0588327087462 -0.00599962845445 0.558132708073
      vertex 0.0564509853721 -0.00186917826068 0.559960305691
      vertex 0.0588327087462 -0.00186792656314 0.558132708073
    endloop
  endfacet
  facet normal -0.793346941471 -0.608769774437 -0
    outer loop
      vertex 0.0588327087462 -0.00599962845445 0.558132708073
      vertex 0.0588327087462 -0.00186792656314 0.558132708073
      vertex 0.060660276562 -0.00599962845445 0.555751025677
    endloop
  endfacet
  facet normal -0.793346941471 -0.608769774437 -0
    outer loop
      vertex 0.060660276562 -0.00599962845445 0.555751025677
      vertex 0.0588327087462 -0.00186792656314 0.558132708073
      vertex 0.060660276562 -0.00186696997844 0.555751025677
    endloop
  endfacet
  facet normal -0.923879861832 -0.382682591677 -0
    outer loop
      vertex 0.060660276562 -0.00599962845445 0.555751025677
      vertex 0.060660276562 -0.00186696997844 0.555751025677
      vertex 0.0618091262877 -0.00599962845445 0.552977442741
    endloop
  endfacet
  facet normal -0.923879861832 -0.382682591677 -0
    outer loop
      vertex 0.0618091262877 -0.00599962845445 0.552977442741
      vertex 0.060660276562 -0.00186696997844 0.555751025677
      vertex 0.0618091262877 -0.00186634412967 0.552977442741
    endloop
  endfacet
  facet normal -0.991444885731 -0.130526080728 -0
    outer loop
      vertex 0.0618091262877 -0.00599962845445 0.552977442741
      vertex 0.0618091262877 -0.00186634412967 0.552977442741
      vertex 0.0622009821236 -0.00599962845445 0.5500010252
    endloop
  endfacet
  facet normal -0.995018184185 0 -0.0996935069561
    outer loop
      vertex 0.0825009867549 0.0100117474794 0.0160123836249
      vertex 0.0825009867549 0.0100117474794 1.18398964405
      vertex 0.082580499351 0.0108053591102 0.0168059952557
    endloop
  endfacet
  facet normal -0.995018184185 0 -0.0996935069561
    outer loop
      vertex 0.082580499351 0.0108053591102 0.0168059952557
      vertex 0.0825009867549 0.0100117474794 1.18398964405
      vertex 0.082580499351 0.0108053591102 1.1831959486
    endloop
  endfacet
  facet normal -0.955458521843 0 -0.295125424862
    outer loop
      vertex 0.082580499351 0.0108053591102 0.0168059952557
      vertex 0.082580499351 0.0108053591102 1.1831959486
      vertex 0.0828158929944 0.0115674287081 0.0175680648535
    endloop
  endfacet
  facet normal -0.955458521843 0 -0.295125424862
    outer loop
      vertex 0.0828158929944 0.0115674287081 0.0175680648535
      vertex 0.082580499351 0.0108053591102 1.1831959486
      vertex 0.0828158929944 0.0115674287081 1.18243396282
    endloop
  endfacet
  facet normal -0.877909302711 0 -0.478826999664
    outer loop
      vertex 0.0828158929944 0.0115674287081 0.0175680648535
      vertex 0.0828158929944 0.0115674287081 1.18243396282
      vertex 0.0831978023052 0.0122676463798 0.0182682648301
    endloop
  endfacet
  facet normal -0.877909302711 0 -0.478826999664
    outer loop
      vertex 0.0831978023052 0.0122676463798 0.0182682648301
      vertex 0.0828158929944 0.0115674287081 1.18243396282
      vertex 0.0831978023052 0.0122676463798 1.18173372746
    endloop
  endfacet
  facet normal -0.765444636345 0 -0.643501758575
    outer loop
      vertex 0.0831978023052 0.0122676463798 0.0182682648301
      vertex 0.0831978023052 0.0122676463798 1.18173372746
      vertex 0.0837110355496 0.0128781348467 0.0188787709922
    endloop
  endfacet
  facet normal -0.765444636345 0 -0.643501758575
    outer loop
      vertex 0.0837110355496 0.0128781348467 0.0188787709922
      vertex 0.0831978023052 0.0122676463798 1.18173372746
      vertex 0.0837110355496 0.0128781348467 1.18112325668
    endloop
  endfacet
  facet normal -0.0495319366455 0 -0.99877256155
    outer loop
      vertex 0.0805020406842 -0.00185648247134 0.00414414424449
      vertex 0.0805020406842 -0.00185648247134 1.1958578825
      vertex 0.0806980058551 -0.00184676400386 0.00415387190878
    endloop
  endfacet
  facet normal -0.0495319366455 0 -0.99877256155
    outer loop
      vertex 0.0806980058551 -0.00184676400386 0.00415387190878
      vertex 0.0805020406842 -0.00185648247134 1.1958578825
      vertex 0.0806980058551 -0.00184676400386 1.19584810734
    endloop
  endfacet
  facet normal -0.147186100483 0 -0.989108800888
    outer loop
      vertex 0.0806980058551 -0.00184676400386 0.00415387190878
      vertex 0.0806980058551 -0.00184676400386 1.19584810734
      vertex 0.0808920711279 -0.00181788555346 0.00418276805431
    endloop
  endfacet
  facet normal -0.147186100483 0 -0.989108800888
    outer loop
      vertex 0.0808920711279 -0.00181788555346 0.00418276805431
      vertex 0.0806980058551 -0.00184676400386 1.19584810734
      vertex 0.0808920711279 -0.00181788555346 1.19581925869
    endloop
  endfacet
  facet normal -0.29069045186 0 -0.956817150116
    outer loop
      vertex 0.0808920711279 -0.00181788555346 0.00418276805431
      vertex 0.0808920711279 -0.00181788555346 1.19581925869
      vertex 0.0812670812011 -0.00170395418536 0.00429667253047
    endloop
  endfacet
  facet normal -0.29069045186 0 -0.956817150116
    outer loop
      vertex 0.0812670812011 -0.00170395418536 0.00429667253047
      vertex 0.0808920711279 -0.00181788555346 1.19581925869
      vertex 0.0812670812011 -0.00170395418536 1.19570529461
    endloop
  endfacet
  facet normal -0.471733927727 0 -0.881740927696
    outer loop
      vertex 0.0812670812011 -0.00170395418536 0.00429667253047
      vertex 0.0812670812011 -0.00170395418536 1.19570529461
      vertex 0.0816126763821 -0.00151906057727 0.00448156613857
    endloop
  endfacet
  facet normal -0.471733927727 0 -0.881740927696
    outer loop
      vertex 0.0816126763821 -0.00151906057727 0.00448156613857
      vertex 0.0812670812011 -0.00170395418536 1.19570529461
      vertex 0.0816126763821 -0.00151906057727 1.195520401
    endloop
  endfacet
  facet normal -0.634620010853 0 -0.772824347019
    outer loop
      vertex 0.0816126763821 -0.00151906057727 0.00448156613857
      vertex 0.0816126763821 -0.00151906057727 1.195520401
      vertex 0.0819155722857 -0.00127033039462 0.00473029632121
    endloop
  endfacet
  facet normal -0.634620010853 0 -0.772824347019
    outer loop
      vertex 0.0819155722857 -0.00127033039462 0.00473029632121
      vertex 0.0816126763821 -0.00151906057727 1.195520401
      vertex 0.0819155722857 -0.00127033039462 1.19527173042
    endloop
  endfacet
  facet normal -0.773153245449 0 -0.634219229221
    outer loop
      vertex 0.0819155722857 -0.00127033039462 0.00473029632121
      vertex 0.0819155722857 -0.00127033039462 1.19527173042
      vertex 0.0821641460061 -0.000967303349171 0.00503331422806
    endloop
  endfacet
  facet normal -0.773153245449 0 -0.634219229221
    outer loop
      vertex 0.0821641460061 -0.000967303349171 0.00503331422806
      vertex 0.0819155722857 -0.00127033039462 1.19527173042
      vertex 0.0821641460061 -0.000967303349171 1.19496870041
    endloop
  endfacet
  facet normal -0.881995618343 0 -0.471257656813
    outer loop
      vertex 0.0821641460061 -0.000967303349171 0.00503331422806
      vertex 0.0821641460061 -0.000967303349171 1.19496870041
      vertex 0.0823488458991 -0.000621620216407 0.00537903327495
    endloop
  endfacet
  facet normal -0.881995618343 0 -0.471257656813
    outer loop
      vertex 0.0823488458991 -0.000621620216407 0.00537903327495
      vertex 0.0821641460061 -0.000967303349171 1.19496870041
      vertex 0.0823488458991 -0.000621620216407 1.19462299347
    endloop
  endfacet
  facet normal -0.956971347332 0 -0.290182441473
    outer loop
      vertex 0.0823488458991 -0.000621620216407 0.00537903327495
      vertex 0.0823488458991 -0.000621620216407 1.19462299347
      vertex 0.0824625790119 -0.000246557989158 0.00575407780707
    endloop
  endfacet
  facet normal -0.956971347332 0 -0.290182441473
    outer loop
      vertex 0.0824625790119 -0.000246557989158 0.00575407780707
      vertex 0.0823488458991 -0.000621620216407 1.19462299347
      vertex 0.0824625790119 -0.000246557989158 1.19424796104
    endloop
  endfacet
  facet normal -0.995187342167 0 -0.0979904830456
    outer loop
      vertex 0.0824625790119 -0.000246557989158 0.00575407780707
      vertex 0.0824625790119 -0.000246557989158 1.19424796104
      vertex 0.0825009867549 0.000143524608575 0.00614414224401
    endloop
  endfacet
  facet normal -0.995187342167 0 -0.0979904830456
    outer loop
      vertex 0.0825009867549 0.000143524608575 0.00614414224401
      vertex 0.0824625790119 -0.000246557989158 1.19424796104
      vertex 0.0825009867549 0.000143524608575 1.19385790825
    endloop
  endfacet
  facet normal -0.00052791350754 -7.14737646845e-09 -0.999999880791
    outer loop
      vertex 0.0805020406842 -0.00185648247134 1.1958578825
      vertex 0.0588327087462 -0.00186792656314 0.558132708073
      vertex 0.0385009795427 -0.0018786553992 1.19588005543
    endloop
  endfacet
  facet normal -0.000525489391293 7.01352362853e-08 -0.999999880791
    outer loop
      vertex 0.0385009795427 -0.0018786553992 1.19588005543
      vertex 0.0588327087462 -0.00186792656314 0.558132708073
      vertex 0.0564509853721 -0.00186917826068 0.559960305691
    endloop
  endfacet
  facet normal -0.000525403418578 7.25614484054e-08 -0.999999880791
    outer loop
      vertex 0.0385009795427 -0.0018786553992 1.19588005543
      vertex 0.0564509853721 -0.00186917826068 0.559960305691
      vertex 0.0536774024367 -0.00187063566409 0.561109125614
    endloop
  endfacet
  facet normal -0.000527617172338 0 -0.999999880791
    outer loop
      vertex 0.0805020406842 -0.00185648247134 0.00414414424449
      vertex 0.0622009821236 -0.00186613842379 0.5500010252
      vertex 0.0805020406842 -0.00185648247134 1.1958578825
    endloop
  endfacet
  facet normal -0.000525281357113 -6.61873187369e-08 -0.999999880791
    outer loop
      vertex 0.0805020406842 -0.00185648247134 1.1958578825
      vertex 0.0622009821236 -0.00186613842379 0.5500010252
      vertex 0.0618091262877 -0.00186634412967 0.552977442741
    endloop
  endfacet
  facet normal -0.000543631380424 4.6737301318e-07 -0.999999880791
    outer loop
      vertex 0.0805020406842 -0.00185648247134 1.1958578825
      vertex 0.0618091262877 -0.00186634412967 0.552977442741
      vertex 0.060660276562 -0.00186696997844 0.555751025677
    endloop
  endfacet
  facet normal -0.00052791350754 8.47653591762e-09 -0.999999880791
    outer loop
      vertex 0.0385009795427 -0.0018786553992 0.00412197131664
      vertex 0.0588327087462 -0.00186792656314 0.541869282722
      vertex 0.0805020406842 -0.00185648247134 0.00414414424449
    endloop
  endfacet
  facet normal -0.000523690541741 1.78655980676e-07 -0.999999880791
    outer loop
      vertex 0.0805020406842 -0.00185648247134 0.00414414424449
      vertex 0.0588327087462 -0.00186792656314 0.541869282722
      vertex 0.060660276562 -0.00186696997844 0.544251024723
    endloop
  endfacet
  facet normal -0.000543439469766 -5.46856938399e-07 -0.999999880791
    outer loop
      vertex 0.0805020406842 -0.00185648247134 0.00414414424449
      vertex 0.060660276562 -0.00186696997844 0.544251024723
      vertex 0.0618091262877 -0.00186634412967 0.547024607658
    endloop
  endfacet
  facet normal -0.00054921885021 -0 -0.999999821186
    outer loop
      vertex 0.0385009795427 -0.0018786553992 1.19588005543
      vertex 0.039200976491 -0.0018782709958 0.5500010252
      vertex 0.0385009795427 -0.0018786553992 0.00412197131664
    endloop
  endfacet
  facet normal -0.000457214948256 -1.1797891375e-07 -0.999999880791
    outer loop
      vertex 0.0385009795427 -0.0018786553992 0.00412197131664
      vertex 0.039200976491 -0.0018782709958 0.5500010252
      vertex 0.0395928360522 -0.00187809218187 0.547024607658
    endloop
  endfacet
  facet normal -0.000544624403119 5.78141623464e-08 -0.999999880791
    outer loop
      vertex 0.0385009795427 -0.0018786553992 0.00412197131664
      vertex 0.0395928360522 -0.00187809218187 0.547024607658
      vertex 0.0407416820526 -0.0018774663331 0.544251024723
    endloop
  endfacet
  facet normal -0.000523655558936 -1.51829510742e-07 -0.999999880791
    outer loop
      vertex 0.060660276562 -0.00186696997844 0.555751025677
      vertex 0.0588327087462 -0.00186792656314 0.558132708073
      vertex 0.0805020406842 -0.00185648247134 1.1958578825
    endloop
  endfacet
  facet normal -0.00053169176681 -7.77835325039e-08 -0.999999880791
    outer loop
      vertex 0.0536774024367 -0.00187063566409 0.561109125614
      vertex 0.0507009923458 -0.00187221809756 0.561501026154
      vertex 0.0385009795427 -0.0018786553992 1.19588005543
    endloop
  endfacet
  facet normal -0.000531668192707 -7.73293322709e-08 -0.999999880791
    outer loop
      vertex 0.0385009795427 -0.0018786553992 1.19588005543
      vertex 0.0507009923458 -0.00187221809756 0.561501026154
      vertex 0.0477245636284 -0.00187380064745 0.561109125614
    endloop
  endfacet
  facet normal -0.000525438925251 1.31846782381e-08 -0.999999880791
    outer loop
      vertex 0.0385009795427 -0.0018786553992 1.19588005543
      vertex 0.0477245636284 -0.00187380064745 0.561109125614
      vertex 0.0449509769678 -0.00187525793444 0.559960305691
    endloop
  endfacet
  facet normal -0.000525550509337 1.20534302539e-08 -0.999999880791
    outer loop
      vertex 0.0449509769678 -0.00187525793444 0.559960305691
      vertex 0.0425692498684 -0.00187650963198 0.558132708073
      vertex 0.0385009795427 -0.0018786553992 1.19588005543
    endloop
  endfacet
  facet normal -0.000523490540218 2.5194207609e-08 -0.999999880791
    outer loop
      vertex 0.0385009795427 -0.0018786553992 1.19588005543
      vertex 0.0425692498684 -0.00187650963198 0.558132708073
      vertex 0.0407416820526 -0.0018774663331 0.555751025677
    endloop
  endfacet
  facet normal -0.000544645998161 -4.88582081459e-08 -0.999999880791
    outer loop
      vertex 0.0385009795427 -0.0018786553992 1.19588005543
      vertex 0.0407416820526 -0.0018774663331 0.555751025677
      vertex 0.0395928360522 -0.00187809218187 0.552977442741
    endloop
  endfacet
  facet normal -0.000457077345345 9.98616442871e-08 -0.999999880791
    outer loop
      vertex 0.0395928360522 -0.00187809218187 0.552977442741
      vertex 0.039200976491 -0.0018782709958 0.5500010252
      vertex 0.0385009795427 -0.0018786553992 1.19588005543
    endloop
  endfacet
  facet normal -0.000523496593814 -2.98336004789e-08 -0.999999880791
    outer loop
      vertex 0.0407416820526 -0.0018774663331 0.544251024723
      vertex 0.0425692498684 -0.00187650963198 0.541869282722
      vertex 0.0385009795427 -0.0018786553992 0.00412197131664
    endloop
  endfacet
  facet normal -0.00052555219736 -1.42819613913e-08 -0.999999880791
    outer loop
      vertex 0.0385009795427 -0.0018786553992 0.00412197131664
      vertex 0.0425692498684 -0.00187650963198 0.541869282722
      vertex 0.0449509769678 -0.00187525793444 0.540041685104
    endloop
  endfacet
  facet normal -0.000525439972989 -1.56326720457e-08 -0.999999880791
    outer loop
      vertex 0.0385009795427 -0.0018786553992 0.00412197131664
      vertex 0.0449509769678 -0.00187525793444 0.540041685104
      vertex 0.0477245636284 -0.00187380064745 0.538892865181
    endloop
  endfacet
  facet normal -0.000531666271854 9.17568812042e-08 -0.999999880791
    outer loop
      vertex 0.0477245636284 -0.00187380064745 0.538892865181
      vertex 0.0507009923458 -0.00187221809756 0.538501024246
      vertex 0.0385009795427 -0.0018786553992 0.00412197131664
    endloop
  endfacet
  facet normal -0.000531693687662 9.23832459421e-08 -0.999999880791
    outer loop
      vertex 0.0385009795427 -0.0018786553992 0.00412197131664
      vertex 0.0507009923458 -0.00187221809756 0.538501024246
      vertex 0.0536774024367 -0.00187063566409 0.538892865181
    endloop
  endfacet
  facet normal -0.000525397772435 -8.62915499056e-08 -0.999999880791
    outer loop
      vertex 0.0385009795427 -0.0018786553992 0.00412197131664
      vertex 0.0536774024367 -0.00187063566409 0.538892865181
      vertex 0.0564509853721 -0.00186917826068 0.540041685104
    endloop
  endfacet
  facet normal -0.000525479088537 -8.35673574784e-08 -0.999999880791
    outer loop
      vertex 0.0564509853721 -0.00186917826068 0.540041685104
      vertex 0.0588327087462 -0.00186792656314 0.541869282722
      vertex 0.0385009795427 -0.0018786553992 0.00412197131664
    endloop
  endfacet
  facet normal -0.000525354756974 7.5851595227e-08 -0.999999880791
    outer loop
      vertex 0.0618091262877 -0.00186634412967 0.547024607658
      vertex 0.0622009821236 -0.00186613842379 0.5500010252
      vertex 0.0805020406842 -0.00185648247134 0.00414414424449
    endloop
  endfacet
  facet normal 0.99518507719 0 -0.0980134159327
    outer loop
      vertex 0.0365009829402 0.000121351680718 1.19387996197
      vertex 0.0365394093096 -0.000268820323981 1.19427025318
      vertex 0.0365009829402 0.000121351680718 0.00612196931615
    endloop
  endfacet
  facet normal 0.99518507719 -4.77845155038e-21 -0.0980134159327
    outer loop
      vertex 0.0365009829402 0.000121351680718 0.00612196931615
      vertex 0.0365394093096 -0.000268820323981 1.19427025318
      vertex 0.0365394093096 -0.000268820323981 0.00573179731146
    endloop
  endfacet
  facet normal 0.956938028336 0 -0.290292203426
    outer loop
      vertex 0.0365394093096 -0.000268820323981 0.00573179731146
      vertex 0.0365394093096 -0.000268820323981 1.19427025318
      vertex 0.0366532243788 -0.000644007755909 1.19464540482
    endloop
  endfacet
  facet normal 0.956938028336 0 -0.290292203426
    outer loop
      vertex 0.0365394093096 -0.000268820323981 0.00573179731146
      vertex 0.0366532243788 -0.000644007755909 1.19464540482
      vertex 0.0366532243788 -0.000644007755909 0.00535660982132
    endloop
  endfacet
  facet normal 0.88191318512 0 -0.471411824226
    outer loop
      vertex 0.0366532243788 -0.000644007755909 0.00535660982132
      vertex 0.0366532243788 -0.000644007755909 1.19464540482
      vertex 0.0368380472064 -0.00098977133166 1.19499111176
    endloop
  endfacet
  facet normal 0.88191318512 -1.80645469815e-20 -0.471411824226
    outer loop
      vertex 0.0366532243788 -0.000644007755909 0.00535660982132
      vertex 0.0368380472064 -0.00098977133166 1.19499111176
      vertex 0.0368380472064 -0.00098977133166 0.00501085538417
    endloop
  endfacet
  facet normal 0.773032963276 0 -0.634365856647
    outer loop
      vertex 0.0368380472064 -0.00098977133166 0.00501085538417
      vertex 0.0368380472064 -0.00098977133166 1.19499111176
      vertex 0.0370867699385 -0.00129286095034 1.19529426098
    endloop
  endfacet
  facet normal 0.773032963276 0 -0.634365856647
    outer loop
      vertex 0.0368380472064 -0.00098977133166 0.00501085538417
      vertex 0.0370867699385 -0.00129286095034 1.19529426098
      vertex 0.0370867699385 -0.00129286095034 0.00470776576549
    endloop
  endfacet
  facet normal 0.634401857853 0 -0.773003399372
    outer loop
      vertex 0.0370867699385 -0.00129286095034 0.00470776576549
      vertex 0.0370867699385 -0.00129286095034 1.19529426098
      vertex 0.0373898409307 -0.00154159113299 1.19554293156
    endloop
  endfacet
  facet normal 0.634401857853 0 -0.773003399372
    outer loop
      vertex 0.0370867699385 -0.00129286095034 0.00470776576549
      vertex 0.0373898409307 -0.00154159113299 1.19554293156
      vertex 0.0373898409307 -0.00154159113299 0.00445903558284
    endloop
  endfacet
  facet normal 0.47142007947 0 -0.881908774376
    outer loop
      vertex 0.0373898409307 -0.00154159113299 0.00445903558284
      vertex 0.0373898409307 -0.00154159113299 1.19554293156
      vertex 0.0377356112003 -0.00172642222606 1.19572782516
    endloop
  endfacet
  facet normal 0.47142007947 -2.99610343175e-20 -0.881908774376
    outer loop
      vertex 0.0373898409307 -0.00154159113299 0.00445903558284
      vertex 0.0377356112003 -0.00172642222606 1.19572782516
      vertex 0.0377356112003 -0.00172642222606 0.00427421368659
    endloop
  endfacet
  facet normal 0.290235877037 0 -0.956955134869
    outer loop
      vertex 0.0377356112003 -0.00172642222606 0.00427421368659
      vertex 0.0377356112003 -0.00172642222606 1.19572782516
      vertex 0.0381107926369 -0.00184021040332 1.19584155083
    endloop
  endfacet
  facet normal 0.290235877037 0 -0.956955134869
    outer loop
      vertex 0.0377356112003 -0.00172642222606 0.00427421368659
      vertex 0.0381107926369 -0.00184021040332 1.19584155083
      vertex 0.0381107926369 -0.00184021040332 0.00416041631252
    endloop
  endfacet
  facet normal 0.146814450622 0 -0.989164054394
    outer loop
      vertex 0.0381107926369 -0.00184021040332 0.00416041631252
      vertex 0.0381107926369 -0.00184021040332 1.19584155083
      vertex 0.0383049398661 -0.00186902633868 1.19587039948
    endloop
  endfacet
  facet normal 0.146814450622 3.42430195767e-21 -0.989164054394
    outer loop
      vertex 0.0381107926369 -0.00184021040332 0.00416041631252
      vertex 0.0383049398661 -0.00186902633868 1.19587039948
      vertex 0.0383049398661 -0.00186902633868 0.00413162726909
    endloop
  endfacet
  facet normal 0.0490583851933 0 -0.998795926571
    outer loop
      vertex 0.0383049398661 -0.00186902633868 0.00413162726909
      vertex 0.0383049398661 -0.00186902633868 1.19587039948
      vertex 0.0385009795427 -0.0018786553992 1.19588005543
    endloop
  endfacet
  facet normal 0.0490583851933 0 -0.998795926571
    outer loop
      vertex 0.0383049398661 -0.00186902633868 0.00413162726909
      vertex 0.0385009795427 -0.0018786553992 1.19588005543
      vertex 0.0385009795427 -0.0018786553992 0.00412197131664
    endloop
  endfacet
  facet normal 0.0491060614586 0 -0.998793542385
    outer loop
      vertex 0.0325009860098 0.0190003663301 1.1750010252
      vertex 0.0328930541873 0.0189810898155 1.1750202179
      vertex 0.0325009860098 0.0190003663301 1.10382032394
    endloop
  endfacet
  facet normal 0.0491060614586 0 -0.998793542385
    outer loop
      vertex 0.0325009860098 0.0190003663301 1.10382032394
      vertex 0.0328930541873 0.0189810898155 1.1750202179
      vertex 0.0325009860098 0.0190003663301 1.09502542019
    endloop
  endfacet
  facet normal 0.0491060614586 0 -0.998793542385
    outer loop
      vertex 0.0325009860098 0.0190003663301 1.09502542019
      vertex 0.0328930541873 0.0189810898155 1.1750202179
      vertex 0.0325009860098 0.0190003663301 0.905226886272
    endloop
  endfacet
  facet normal 0.0491060614586 0 -0.998793542385
    outer loop
      vertex 0.0325009860098 0.0190003663301 0.905226886272
      vertex 0.0328930541873 0.0189810898155 1.1750202179
      vertex 0.0325009860098 0.0190003663301 0.880226910114
    endloop
  endfacet
  facet normal 0.0491060614586 0 -0.998793542385
    outer loop
      vertex 0.0325009860098 0.0190003663301 0.880226910114
      vertex 0.0328930541873 0.0189810898155 1.1750202179
      vertex 0.0325009860098 0.0190003663301 0.622100949287
    endloop
  endfacet
  facet normal 0.0491060614586 0 -0.998793542385
    outer loop
      vertex 0.0325009860098 0.0190003663301 0.622100949287
      vertex 0.0328930541873 0.0189810898155 1.1750202179
      vertex 0.0325009860098 0.0190003663301 0.597100973129
    endloop
  endfacet
  facet normal 0.0491060614586 2.4233538417e-21 -0.998793542385
    outer loop
      vertex 0.0325009860098 0.0190003663301 0.597100973129
      vertex 0.0328930541873 0.0189810898155 1.1750202179
      vertex 0.0328930541873 0.0189810898155 0.024981725961
    endloop
  endfacet
  facet normal 0.0491060614586 0 -0.998793542385
    outer loop
      vertex 0.0325009860098 0.0190003663301 0.597100973129
      vertex 0.0328930541873 0.0189810898155 0.024981725961
      vertex 0.0325009860098 0.0190003663301 0.406033575535
    endloop
  endfacet
  facet normal 0.0491060614586 0 -0.998793542385
    outer loop
      vertex 0.0325009860098 0.0190003663301 0.406033575535
      vertex 0.0328930541873 0.0189810898155 0.024981725961
      vertex 0.0325009860098 0.0190003663301 0.397238612175
    endloop
  endfacet
  facet normal 0.0491060614586 0 -0.998793542385
    outer loop
      vertex 0.0325009860098 0.0190003663301 0.397238612175
      vertex 0.0328930541873 0.0189810898155 0.024981725961
      vertex 0.0325009860098 0.0190003663301 0.322100967169
    endloop
  endfacet
  facet normal 0.0491060614586 0 -0.998793542385
    outer loop
      vertex 0.0325009860098 0.0190003663301 0.322100967169
      vertex 0.0328930541873 0.0189810898155 0.024981725961
      vertex 0.0325009860098 0.0190003663301 0.297100961208
    endloop
  endfacet
  facet normal 0.0491060614586 0 -0.998793542385
    outer loop
      vertex 0.0325009860098 0.0190003663301 0.297100961208
      vertex 0.0328930541873 0.0189810898155 0.024981725961
      vertex 0.0325009860098 0.0190003663301 0.0250010024756
    endloop
  endfacet
  facet normal 0.146684035659 0 -0.989183425903
    outer loop
      vertex 0.0328930541873 0.0189810898155 0.024981725961
      vertex 0.0328930541873 0.0189810898155 1.1750202179
      vertex 0.0332813411951 0.0189235117286 0.0249241478741
    endloop
  endfacet
  facet normal 0.146684035659 0 -0.989183425903
    outer loop
      vertex 0.0332813411951 0.0189235117286 0.0249241478741
      vertex 0.0328930541873 0.0189810898155 1.1750202179
      vertex 0.0332813411951 0.0189235117286 1.17507791519
    endloop
  endfacet
  facet normal 0.290292203426 0 -0.956938028336
    outer loop
      vertex 0.0332813411951 0.0189235117286 0.0249241478741
      vertex 0.0332813411951 0.0189235117286 1.17507791519
      vertex 0.0340317152441 0.0186958815902 1.17530548573
    endloop
  endfacet
  facet normal 0.290292203426 0 -0.956938028336
    outer loop
      vertex 0.0332813411951 0.0189235117286 0.0249241478741
      vertex 0.0340317152441 0.0186958815902 1.17530548573
      vertex 0.0340317152441 0.0186958815902 0.0246965177357
    endloop
  endfacet
  facet normal 0.471392869949 0 -0.881923317909
    outer loop
      vertex 0.0340317152441 0.0186958815902 0.0246965177357
      vertex 0.0340317152441 0.0186958815902 1.17530548573
      vertex 0.0347232781351 0.0183262377977 1.17567515373
    endloop
  endfacet
  facet normal 0.471392869949 0 -0.881923317909
    outer loop
      vertex 0.0340317152441 0.0186958815902 0.0246965177357
      vertex 0.0347232781351 0.0183262377977 1.17567515373
      vertex 0.0347232781351 0.0183262377977 0.0243268739432
    endloop
  endfacet
  facet normal 0.63440746069 0 -0.772998809814
    outer loop
      vertex 0.0347232781351 0.0183262377977 0.0243268739432
      vertex 0.0347232781351 0.0183262377977 1.17567515373
      vertex 0.0353294126689 0.0178287774324 1.1761726141
    endloop
  endfacet
  facet normal 0.63440746069 -6.41711855817e-20 -0.772998809814
    outer loop
      vertex 0.0347232781351 0.0183262377977 0.0243268739432
      vertex 0.0353294126689 0.0178287774324 1.1761726141
      vertex 0.0353294126689 0.0178287774324 0.0238294135779
    endloop
  endfacet
  facet normal 0.773003399372 0 -0.634401857853
    outer loop
      vertex 0.0353294126689 0.0178287774324 0.0238294135779
      vertex 0.0353294126689 0.0178287774324 1.1761726141
      vertex 0.0358268730342 0.0172226335853 1.17677867413
    endloop
  endfacet
  facet normal 0.773003399372 -1.36964242709e-19 -0.634401857853
    outer loop
      vertex 0.0353294126689 0.0178287774324 0.0238294135779
      vertex 0.0358268730342 0.0172226335853 1.17677867413
      vertex 0.0358268730342 0.0172226335853 0.0232232697308
    endloop
  endfacet
  facet normal 0.881922662258 0 -0.471394091845
    outer loop
      vertex 0.0358268730342 0.0172226335853 0.0232232697308
      vertex 0.0358268730342 0.0172226335853 1.17677867413
      vertex 0.0361965000629 0.0165311079472 1.17747020721
    endloop
  endfacet
  facet normal 0.881922662258 3.61189480759e-20 -0.471394091845
    outer loop
      vertex 0.0358268730342 0.0172226335853 0.0232232697308
      vertex 0.0361965000629 0.0165311079472 1.17747020721
      vertex 0.0361965000629 0.0165311079472 0.0225317254663
    endloop
  endfacet
  facet normal 0.956943154335 0 -0.290275424719
    outer loop
      vertex 0.0361965000629 0.0165311079472 0.0225317254663
      vertex 0.0361965000629 0.0165311079472 1.17747020721
      vertex 0.0364241190255 0.0157807152718 1.17822062969
    endloop
  endfacet
  facet normal 0.956943154335 3.74914151955e-20 -0.290275424719
    outer loop
      vertex 0.0361965000629 0.0165311079472 0.0225317254663
      vertex 0.0364241190255 0.0157807152718 1.17822062969
      vertex 0.0364241190255 0.0157807152718 0.0217813495547
    endloop
  endfacet
  facet normal 0.995184421539 0 -0.0980202630162
    outer loop
      vertex 0.0364241190255 0.0157807152718 0.0217813495547
      vertex 0.0364241190255 0.0157807152718 1.17822062969
      vertex 0.0365009829402 0.0150003349409 1.1790009737
    endloop
  endfacet
  facet normal 0.995184421539 0 -0.0980202630162
    outer loop
      vertex 0.0364241190255 0.0157807152718 0.0217813495547
      vertex 0.0365009829402 0.0150003349409 1.1790009737
      vertex 0.0365009829402 0.0150003349409 0.0210010055453
    endloop
  endfacet
  facet normal 0 -0 1
    outer loop
      vertex 0.0205009803176 0.0190003663301 0.397238612175
      vertex 0.0205009803176 0.0190003663301 0.406033575535
      vertex 0.0165009833872 0.0190003663301 0.397238612175
    endloop
  endfacet
  facet normal 0 0 1
    outer loop
      vertex 0.0165009833872 0.0190003663301 0.397238612175
      vertex 0.0205009803176 0.0190003663301 0.406033575535
      vertex 0.0165009833872 0.0190003663301 0.406033575535
    endloop
  endfacet
  facet normal 0 -0.682208478451 0.731157720089
    outer loop
      vertex 0.0165009833872 0.0190003663301 0.397238612175
      vertex 0.0165009833872 0.0883531719446 0.322909653187
      vertex 0.0205009803176 0.0190003663301 0.397238612175
    endloop
  endfacet
  facet normal 0 -0.682208478451 0.731157720089
    outer loop
      vertex 0.0205009803176 0.0190003663301 0.397238612175
      vertex 0.0165009833872 0.0883531719446 0.322909653187
      vertex 0.0325009860098 0.0190003663301 0.397238612175
    endloop
  endfacet
  facet normal 0 -0.682208478451 0.731157720089
    outer loop
      vertex 0.0325009860098 0.0190003663301 0.397238612175
      vertex 0.0165009833872 0.0883531719446 0.322909653187
      vertex 0.0900009870529 0.0190003663301 0.397238612175
    endloop
  endfacet
  facet normal 0 -0.682208478451 0.731157720089
    outer loop
      vertex 0.0900009870529 0.0190003663301 0.397238612175
      vertex 0.0165009833872 0.0883531719446 0.322909653187
      vertex 0.120000988245 0.0883531719446 0.322909653187
    endloop
  endfacet
  facet normal 0 -0.682208478451 0.731157720089
    outer loop
      vertex 0.0900009870529 0.0190003663301 0.397238612175
      vertex 0.120000988245 0.0883531719446 0.322909653187
      vertex 0.120000988245 0.0190003663301 0.397238612175
    endloop
  endfacet
  facet normal 0 -1 0
    outer loop
      vertex 0.0165009833872 0.0883531719446 0.322909653187
      vertex 0.0165009833872 0.0965593010187 0.322909653187
      vertex 0.120000988245 0.0883531719446 0.322909653187
    endloop
  endfacet
  facet normal 0 -1 -0
    outer loop
      vertex 0.120000988245 0.0883531719446 0.322909653187
      vertex 0.0165009833872 0.0965593010187 0.322909653187
      vertex 0.120000988245 0.0965593010187 0.322909653187
    endloop
  endfacet
  facet normal 0 0.682208299637 -0.731157839298
    outer loop
      vertex 0.0165009833872 0.0190003663301 0.406033575535
      vertex 0.0205009803176 0.0190003663301 0.406033575535
      vertex 0.0165009833872 0.0965593010187 0.322909653187
    endloop
  endfacet
  facet normal 5.31423971245e-16 0.682208299637 -0.731157839298
    outer loop
      vertex 0.0165009833872 0.0965593010187 0.322909653187
      vertex 0.0205009803176 0.0190003663301 0.406033575535
      vertex 0.0325009860098 0.0190003663301 0.406033575535
    endloop
  endfacet
  facet normal 0 0.682208299637 -0.731157839298
    outer loop
      vertex 0.0165009833872 0.0965593010187 0.322909653187
      vertex 0.0325009860098 0.0190003663301 0.406033575535
      vertex 0.0900009870529 0.0190003663301 0.406033575535
    endloop
  endfacet
  facet normal 0 0.682208299637 -0.731157839298
    outer loop
      vertex 0.120000988245 0.0190003663301 0.406033575535
      vertex 0.120000988245 0.0965593010187 0.322909653187
      vertex 0.0900009870529 0.0190003663301 0.406033575535
    endloop
  endfacet
  facet normal 0 0.682208299637 -0.731157839298
    outer loop
      vertex 0.0900009870529 0.0190003663301 0.406033575535
      vertex 0.120000988245 0.0965593010187 0.322909653187
      vertex 0.0165009833872 0.0965593010187 0.322909653187
    endloop
  endfacet
  facet normal 0 -0 1
    outer loop
      vertex 0.0900009870529 0.0190003663301 0.397238612175
      vertex 0.0900009870529 0.0190003663301 0.406033575535
      vertex 0.0325009860098 0.0190003663301 0.397238612175
    endloop
  endfacet
  facet normal 0 0 1
    outer loop
      vertex 0.0325009860098 0.0190003663301 0.397238612175
      vertex 0.0900009870529 0.0190003663301 0.406033575535
      vertex 0.0325009860098 0.0190003663301 0.406033575535
    endloop
  endfacet
  facet normal -1 0 -0
    outer loop
      vertex 0.0165009833872 0.0190003663301 0.397238612175
      vertex 0.0165009833872 0.0190003663301 0.406033575535
      vertex 0.0165009833872 0.0883531719446 0.322909653187
    endloop
  endfacet
  facet normal -1 0 0
    outer loop
      vertex 0.0165009833872 0.0883531719446 0.322909653187
      vertex 0.0165009833872 0.0190003663301 0.406033575535
      vertex 0.0165009833872 0.0965593010187 0.322909653187
    endloop
  endfacet
  facet normal 1 -0 0
    outer loop
      vertex 0.120000988245 0.0190003663301 0.397238612175
      vertex 0.120000988245 0.0883531719446 0.322909653187
      vertex 0.120000988245 0.0190003663301 0.406033575535
    endloop
  endfacet
  facet normal 1 0 0
    outer loop
      vertex 0.120000988245 0.0190003663301 0.406033575535
      vertex 0.120000988245 0.0883531719446 0.322909653187
      vertex 0.120000988245 0.0965593010187 0.322909653187
    endloop
  endfacet
  facet normal 0 -0 1
    outer loop
      vertex 0.0205009803176 0.0190003663301 1.09502542019
      vertex 0.0205009803176 0.0190003663301 1.10382032394
      vertex 0.0165009833872 0.0190003663301 1.09502542019
    endloop
  endfacet
  facet normal 0 0 1
    outer loop
      vertex 0.0165009833872 0.0190003663301 1.09502542019
      vertex 0.0205009803176 0.0190003663301 1.10382032394
      vertex 0.0165009833872 0.0190003663301 1.10382032394
    endloop
  endfacet
  facet normal 0 -0 1
    outer loop
      vertex 0.020493067801 0.0190003663301 0.880226910114
      vertex 0.020493067801 0.0190003663301 0.905226886272
      vertex 0.0165009833872 0.0190003663301 0.880226910114
    endloop
  endfacet
  facet normal 0 0 1
    outer loop
      vertex 0.0165009833872 0.0190003663301 0.880226910114
      vertex 0.020493067801 0.0190003663301 0.905226886272
      vertex 0.0165009833872 0.0190003663301 0.905226886272
    endloop
  endfacet
  facet normal 0 -0 1
    outer loop
      vertex 0.0900009870529 0.0190003663301 0.880226910114
      vertex 0.0900009870529 0.0190003663301 0.905226886272
      vertex 0.0325009860098 0.0190003663301 0.880226910114
    endloop
  endfacet
  facet normal 0 0 1
    outer loop
      vertex 0.0325009860098 0.0190003663301 0.880226910114
      vertex 0.0900009870529 0.0190003663301 0.905226886272
      vertex 0.0325009860098 0.0190003663301 0.905226886272
    endloop
  endfacet
  facet normal 0 -0 1
    outer loop
      vertex 0.020493067801 0.0190003663301 0.597100973129
      vertex 0.020493067801 0.0190003663301 0.622100949287
      vertex 0.0165009833872 0.0190003663301 0.597100973129
    endloop
  endfacet
  facet normal 0 0 1
    outer loop
      vertex 0.0165009833872 0.0190003663301 0.597100973129
      vertex 0.020493067801 0.0190003663301 0.622100949287
      vertex 0.0165009833872 0.0190003663301 0.622100949287
    endloop
  endfacet
  facet normal 0 -0 1
    outer loop
      vertex 0.0900009870529 0.0190003663301 0.597100973129
      vertex 0.0900009870529 0.0190003663301 0.622100949287
      vertex 0.0325009860098 0.0190003663301 0.597100973129
    endloop
  endfacet
  facet normal 0 0 1
    outer loop
      vertex 0.0325009860098 0.0190003663301 0.597100973129
      vertex 0.0900009870529 0.0190003663301 0.622100949287
      vertex 0.0325009860098 0.0190003663301 0.622100949287
    endloop
  endfacet
  facet normal 0 -0 1
    outer loop
      vertex 0.020493067801 0.0190003663301 0.297100961208
      vertex 0.020493067801 0.0190003663301 0.322100967169
      vertex 0.0165009833872 0.0190003663301 0.297100961208
    endloop
  endfacet
  facet normal 0 0 1
    outer loop
      vertex 0.0165009833872 0.0190003663301 0.297100961208
      vertex 0.020493067801 0.0190003663301 0.322100967169
      vertex 0.0165009833872 0.0190003663301 0.322100967169
    endloop
  endfacet
  facet normal 0 -0 1
    outer loop
      vertex 0.0900009870529 0.0190003663301 0.297100961208
      vertex 0.0900009870529 0.0190003663301 0.322100967169
      vertex 0.0325009860098 0.0190003663301 0.297100961208
    endloop
  endfacet
  facet normal 0 0 1
    outer loop
      vertex 0.0325009860098 0.0190003663301 0.297100961208
      vertex 0.0900009870529 0.0190003663301 0.322100967169
      vertex 0.0325009860098 0.0190003663301 0.322100967169
    endloop
  endfacet
  facet normal -0.697484612465 -0.71659976244 -0
    outer loop
      vertex 0.0900009870529 0.0936217457056 1.1750010252
      vertex 0.0867663994431 0.0965593010187 1.17814934254
      vertex 0.0900009870529 0.204000383615 1.1750010252
    endloop
  endfacet
  facet normal -0.69748800993 -0.71659642458 -2.02101006153e-07
    outer loop
      vertex 0.0900009870529 0.204000383615 1.1750010252
      vertex 0.0867663994431 0.0965593010187 1.17814934254
      vertex 0.0837110355496 0.210290297866 1.18112325668
    endloop
  endfacet
  facet normal -0.697491884232 -0.716592669487 0
    outer loop
      vertex 0.0837110355496 0.210290297866 1.18112325668
      vertex 0.0867663994431 0.0965593010187 1.17814934254
      vertex 0.0837110355496 0.0128781348467 1.18112325668
    endloop
  endfacet
  facet normal -0.697491884232 -0.716592669487 0
    outer loop
      vertex 0.0837110355496 0.0128781348467 1.18112325668
      vertex 0.0867663994431 0.0965593010187 1.17814934254
      vertex 0.0867663994431 0.0883531719446 1.17814934254
    endloop
  endfacet
  facet normal -0.69748800993 -0.716596484184 3.08514586322e-07
    outer loop
      vertex 0.0837110355496 0.0128781348467 1.18112325668
      vertex 0.0867663994431 0.0883531719446 1.17814934254
      vertex 0.0900009870529 0.0190003663301 1.1750010252
    endloop
  endfacet
  facet normal -0.697484612465 -0.71659976244 -0
    outer loop
      vertex 0.0900009870529 0.0190003663301 1.1750010252
      vertex 0.0867663994431 0.0883531719446 1.17814934254
      vertex 0.0900009870529 0.0854156166315 1.1750010252
    endloop
  endfacet
  facet normal 0 -1 0
    outer loop
      vertex 0.120000988245 0.0854156166315 1.1750010252
      vertex 0.120000988245 0.0190003663301 1.1750010252
      vertex 0.0900009870529 0.0854156166315 1.1750010252
    endloop
  endfacet
  facet normal 0 -1 0
    outer loop
      vertex 0.0900009870529 0.0854156166315 1.1750010252
      vertex 0.120000988245 0.0190003663301 1.1750010252
      vertex 0.0900009870529 0.0190003663301 1.1750010252
    endloop
  endfacet
  facet normal -0.0489589199424 -0.998800814152 2.20886863644e-06
    outer loop
      vertex 0.020493067801 0.269000351429 1.1750010252
      vertex 0.0205009803176 0.0936217457056 1.1750010252
      vertex 0.0201012771577 0.269019633532 1.1750202179
    endloop
  endfacet
  facet normal -0.0828507393599 -0.996561944485 7.96878666733e-05
    outer loop
      vertex 0.0201012771577 0.269019633532 1.1750202179
      vertex 0.0205009803176 0.0936217457056 1.1750010252
      vertex 0.0198255628347 0.0936741754413 1.17505717278
    endloop
  endfacet
  facet normal -0.147054165602 -0.989128470421 -2.28317530855e-05
    outer loop
      vertex 0.0201012771577 0.269019633532 1.1750202179
      vertex 0.0198255628347 0.0936741754413 1.17505717278
      vertex 0.0197132769972 0.269077241421 1.17507791519
    endloop
  endfacet
  facet normal -0.250288903713 -0.968171179295 4.57334281236e-05
    outer loop
      vertex 0.0197132769972 0.269077241421 1.17507791519
      vertex 0.0198255628347 0.0936741754413 1.17505717278
      vertex 0.0191693976521 0.093832463026 1.17522680759
    endloop
  endfacet
  facet normal -0.290572911501 -0.956852853298 -8.89054790605e-05
    outer loop
      vertex 0.0197132769972 0.269077241421 1.17507791519
      vertex 0.0191693976521 0.093832463026 1.17522680759
      vertex 0.018963528797 0.269304990768 1.17530560493
    endloop
  endfacet
  facet normal -0.410540670156 -0.911842286587 7.20619937056e-05
    outer loop
      vertex 0.018963528797 0.269304990768 1.17530560493
      vertex 0.0191693976521 0.093832463026 1.17522680759
      vertex 0.0185513719916 0.0940920263529 1.17550504208
    endloop
  endfacet
  facet normal -0.471884131432 -0.881660580635 -0.000106587984192
    outer loop
      vertex 0.018963528797 0.269304990768 1.17530560493
      vertex 0.0185513719916 0.0940920263529 1.17550504208
      vertex 0.0182727072388 0.269674807787 1.17567539215
    endloop
  endfacet
  facet normal -0.55883872509 -0.829276323318 8.22459551273e-05
    outer loop
      vertex 0.0182727072388 0.269674807787 1.17567539215
      vertex 0.0185513719916 0.0940920263529 1.17550504208
      vertex 0.0179893150926 0.09444539994 1.17588376999
    endloop
  endfacet
  facet normal -0.635054707527 -0.772467136383 -0.000108564039692
    outer loop
      vertex 0.0182727072388 0.269674807787 1.17567539215
      vertex 0.0179893150926 0.09444539994 1.17588376999
      vertex 0.0176674313843 0.270172417164 1.17617309093
    endloop
  endfacet
  facet normal -0.69109505415 -0.722763836384 7.59189424571e-05
    outer loop
      vertex 0.0176674313843 0.270172417164 1.17617309093
      vertex 0.0179893150926 0.09444539994 1.17588376999
      vertex 0.0174994170666 0.0948823839426 1.17635214329
    endloop
  endfacet
  facet normal -0.773629844189 -0.633637785912 -9.42348560784e-05
    outer loop
      vertex 0.0176674313843 0.270172417164 1.17617309093
      vertex 0.0174994170666 0.0948823839426 1.17635214329
      vertex 0.0171710178256 0.270778685808 1.17677927017
    endloop
  endfacet
  facet normal -0.803342521191 -0.595517218113 5.38041895197e-05
    outer loop
      vertex 0.0171710178256 0.270778685808 1.17677927017
      vertex 0.0174994170666 0.0948823839426 1.17635214329
      vertex 0.0170958079398 0.09539039433 1.17689657211
    endloop
  endfacet
  facet normal -0.882566273212 -0.470187962055 -6.39899735688e-05
    outer loop
      vertex 0.0171710178256 0.270778685808 1.17677927017
      vertex 0.0170958079398 0.09539039433 1.17689657211
      vertex 0.0168025884777 0.271470189095 1.17747092247
    endloop
  endfacet
  facet normal -0.892509222031 -0.45102918148 1.50610985656e-05
    outer loop
      vertex 0.0168025884777 0.271470189095 1.17747092247
      vertex 0.0170958079398 0.09539039433 1.17689657211
      vertex 0.0167901162058 0.0959548056126 1.17750144005
    endloop
  endfacet
  facet normal -0.955936193466 -0.293574571609 -1.68447459146e-05
    outer loop
      vertex 0.0168025884777 0.271470189095 1.17747092247
      vertex 0.0167901162058 0.0959548056126 1.17750144005
      vertex 0.0165911596268 0.0965593010187 1.17814934254
    endloop
  endfacet
  facet normal -0.994441092014 -0.105294495821 -0
    outer loop
      vertex 0.0165911596268 0.0883531719446 1.17814934254
      vertex 0.0165009833872 0.0150003349409 1.1790009737
      vertex 0.0165911596268 0.0965593010187 1.17814934254
    endloop
  endfacet
  facet normal -0.994441092014 -0.105294495821 5.51691534587e-20
    outer loop
      vertex 0.0165911596268 0.0965593010187 1.17814934254
      vertex 0.0165009833872 0.0150003349409 1.1790009737
      vertex 0.0165009833872 0.273000359535 1.1790009737
    endloop
  endfacet
  facet normal -0.99536895752 -0.0961281806231 4.47187085229e-05
    outer loop
      vertex 0.0165911596268 0.0965593010187 1.17814934254
      vertex 0.0165009833872 0.273000359535 1.1790009737
      vertex 0.0165763348341 0.272220432758 1.17822110653
    endloop
  endfacet
  facet normal -0.955952048302 -0.293522834778 4.38084680354e-05
    outer loop
      vertex 0.0167901162058 0.0877486392856 1.17750144005
      vertex 0.0168033391237 0.0165323596448 1.17746901512
      vertex 0.0165911596268 0.0883531719446 1.17814934254
    endloop
  endfacet
  facet normal -0.957270026207 -0.289195626974 8.86910565896e-05
    outer loop
      vertex 0.0165911596268 0.0883531719446 1.17814934254
      vertex 0.0168033391237 0.0165323596448 1.17746901512
      vertex 0.0165765229613 0.0157812517136 1.17822003365
    endloop
  endfacet
  facet normal -0.995364665985 -0.0961726233363 -0.000107043910248
    outer loop
      vertex 0.0165911596268 0.0883531719446 1.17814934254
      vertex 0.0165765229613 0.0157812517136 1.17822003365
      vertex 0.0165009833872 0.0150003349409 1.1790009737
    endloop
  endfacet
  facet normal -0.892488598824 -0.451069921255 -3.97331932618e-05
    outer loop
      vertex 0.0167901162058 0.0877486392856 1.17750144005
      vertex 0.0170958079398 0.0871842503548 1.17689657211
      vertex 0.0168033391237 0.0165323596448 1.17746901512
    endloop
  endfacet
  facet normal -0.882182717323 -0.470907270908 0.000163660311955
    outer loop
      vertex 0.0168033391237 0.0165323596448 1.17746901512
      vertex 0.0170958079398 0.0871842503548 1.17689657211
      vertex 0.0171726625413 0.0172245111316 1.17677688599
    endloop
  endfacet
  facet normal -0.803257644176 -0.595631718636 -0.000136377144372
    outer loop
      vertex 0.0171726625413 0.0172245111316 1.17677688599
      vertex 0.0170958079398 0.0871842503548 1.17689657211
      vertex 0.0174994170666 0.0866762399673 1.17635214329
    endloop
  endfacet
  facet normal -0.773092806339 -0.634292900562 0.000241986796027
    outer loop
      vertex 0.0171726625413 0.0172245111316 1.17677688599
      vertex 0.0174994170666 0.0866762399673 1.17635214329
      vertex 0.0176702290773 0.0178311020136 1.17617022991
    endloop
  endfacet
  facet normal -0.690968394279 -0.722884953022 -0.000195879591047
    outer loop
      vertex 0.0176702290773 0.0178311020136 1.17617022991
      vertex 0.0174994170666 0.0866762399673 1.17635214329
      vertex 0.0179893150926 0.086239233613 1.17588376999
    endloop
  endfacet
  facet normal -0.634066522121 -0.773278474808 0.000280558248051
    outer loop
      vertex 0.0176702290773 0.0178311020136 1.17617022991
      vertex 0.0179893150926 0.086239233613 1.17588376999
      vertex 0.0182768199593 0.0183286871761 1.17567265034
    endloop
  endfacet
  facet normal -0.55871117115 -0.829362273216 -0.000212809274672
    outer loop
      vertex 0.0182768199593 0.0183286871761 1.17567265034
      vertex 0.0179893150926 0.086239233613 1.17588376999
      vertex 0.0185513719916 0.0858858823776 1.17550504208
    endloop
  endfacet
  facet normal -0.470622390509 -0.882334709167 0.000276614446193
    outer loop
      vertex 0.0182768199593 0.0183286871761 1.17567265034
      vertex 0.0185513719916 0.0858858823776 1.17550504208
      vertex 0.0189690180123 0.0186979919672 1.17530333996
    endloop
  endfacet
  facet normal -0.410450488329 -0.91188287735 -0.000186125529581
    outer loop
      vertex 0.0189690180123 0.0186979919672 1.17530333996
      vertex 0.0185513719916 0.0858858823776 1.17550504208
      vertex 0.0191693976521 0.085626296699 1.17522680759
    endloop
  endfacet
  facet normal -0.28894418478 -0.95734590292 0.000229643221246
    outer loop
      vertex 0.0189690180123 0.0186979919672 1.17530333996
      vertex 0.0191693976521 0.085626296699 1.17522680759
      vertex 0.0197200719267 0.0189248006791 1.17507660389
    endloop
  endfacet
  facet normal -0.250252753496 -0.968180537224 -0.000114184374979
    outer loop
      vertex 0.0197200719267 0.0189248006791 1.17507660389
      vertex 0.0191693976521 0.085626296699 1.17522680759
      vertex 0.0198255628347 0.0854680463672 1.17505717278
    endloop
  endfacet
  facet normal -0.145312592387 -0.989385783672 5.83659821132e-05
    outer loop
      vertex 0.0197200719267 0.0189248006791 1.17507660389
      vertex 0.0198255628347 0.0854680463672 1.17505717278
      vertex 0.0201086699963 0.0189818050712 1.17501950264
    endloop
  endfacet
  facet normal -0.0828282684088 -0.996563792229 -0.000211766178836
    outer loop
      vertex 0.0201086699963 0.0189818050712 1.17501950264
      vertex 0.0198255628347 0.0854680463672 1.17505717278
      vertex 0.0205009803176 0.0854156166315 1.1750010252
    endloop
  endfacet
  facet normal -0.0470773503184 -0.998891234398 0
    outer loop
      vertex 0.0201086699963 0.0189818050712 1.17501950264
      vertex 0.0205009803176 0.0854156166315 1.1750010252
      vertex 0.0205009803176 0.0190003663301 1.1750010252
    endloop
  endfacet
  facet normal -0.95739543438 -0.288780212402 -3.72042777599e-05
    outer loop
      vertex 0.0165763348341 0.272220432758 1.17822110653
      vertex 0.0168025884777 0.271470189095 1.17747092247
      vertex 0.0165911596268 0.0965593010187 1.17814934254
    endloop
  endfacet
  facet normal 0 -1 0
    outer loop
      vertex 0.0325009860098 0.0854156166315 1.1750010252
      vertex 0.0325009860098 0.0190003663301 1.1750010252
      vertex 0.0205009803176 0.0854156166315 1.1750010252
    endloop
  endfacet
  facet normal 0 -1 0
    outer loop
      vertex 0.0205009803176 0.0854156166315 1.1750010252
      vertex 0.0325009860098 0.0190003663301 1.1750010252
      vertex 0.0205009803176 0.0190003663301 1.1750010252
    endloop
  endfacet
  facet normal 1 0 0
    outer loop
      vertex 0.120000988245 0.0936217457056 1.1750010252
      vertex 0.120000988245 0.174000367522 1.1750010252
      vertex 0.120000988245 0.0965593010187 1.17814934254
    endloop
  endfacet
  facet normal 1 0 0
    outer loop
      vertex 0.120000988245 0.0965593010187 1.17814934254
      vertex 0.120000988245 0.174000367522 1.1750010252
      vertex 0.120000988245 0.174000367522 1.20000100136
    endloop
  endfacet
  facet normal 1 -0 0
    outer loop
      vertex 0.120000988245 0.0965593010187 1.17814934254
      vertex 0.120000988245 0.174000367522 1.20000100136
      vertex 0.120000988245 0.0883531719446 1.17814934254
    endloop
  endfacet
  facet normal 1 -0 0
    outer loop
      vertex 0.120000988245 0.0883531719446 1.17814934254
      vertex 0.120000988245 0.174000367522 1.20000100136
      vertex 0.120000988245 -0.00599962845445 1.20000100136
    endloop
  endfacet
  facet normal 1 0 -0
    outer loop
      vertex 0.120000988245 0.0883531719446 1.17814934254
      vertex 0.120000988245 -0.00599962845445 1.20000100136
      vertex 0.120000988245 0.0190003663301 1.1750010252
    endloop
  endfacet
  facet normal 1 0 0
    outer loop
      vertex 0.120000988245 0.0190003663301 1.1750010252
      vertex 0.120000988245 0.0854156166315 1.1750010252
      vertex 0.120000988245 0.0883531719446 1.17814934254
    endloop
  endfacet
  facet normal 0.139175832272 -0.990267693996 0
    outer loop
      vertex 0.0150474049151 0.278953909874 1.19407916069
      vertex 0.0150474049151 -7.78202229412e-05 1.19407916069
      vertex 0.00704717077315 0.286954164505 1.19295477867
    endloop
  endfacet
  facet normal 0.139174327254 -0.99026787281 4.2605236672e-08
    outer loop
      vertex 0.00704717077315 0.286954164505 1.19295477867
      vertex 0.0150474049151 -7.78202229412e-05 1.19407916069
      vertex 9.98377799988e-07 0.00203683343716 1.1919645071
    endloop
  endfacet
  facet normal 0.139172643423 -0.990268111229 0
    outer loop
      vertex 0.00704717077315 0.286954164505 1.19295477867
      vertex 9.98377799988e-07 0.00203683343716 1.1919645071
      vertex 9.98377799988e-07 0.285963892937 1.1919645071
    endloop
  endfacet
  facet normal 0.0859907865524 -0.996295928955 0
    outer loop
      vertex 0.0150474049151 -7.78202229412e-05 1.19407916069
      vertex 0.0150474049151 0.278953909874 1.19407916069
      vertex 0.015185797587 -8.97739373613e-05 1.19409108162
    endloop
  endfacet
  facet normal 0.0697955712676 -0.997561335564 8.0862591858e-06
    outer loop
      vertex 0.015185797587 -8.97739373613e-05 1.19409108162
      vertex 0.0150474049151 0.278953909874 1.19407916069
      vertex 0.0152283282951 0.278773009777 1.19409179688
    endloop
  endfacet
  facet normal -0.0205970481038 -0.999787867069 -5.70572728975e-06
    outer loop
      vertex 0.015185797587 -8.97739373613e-05 1.19409108162
      vertex 0.0152283282951 0.278773009777 1.19409179688
      vertex 0.0153246736154 -8.69129144121e-05 1.1940882206
    endloop
  endfacet
  facet normal -0.0978327766061 -0.995202839375 2.10376983887e-05
    outer loop
      vertex 0.0153246736154 -8.69129144121e-05 1.1940882206
      vertex 0.0152283282951 0.278773009777 1.19409179688
      vertex 0.0154819497839 0.278519392014 1.19406688213
    endloop
  endfacet
  facet normal -0.127186521888 -0.991878807545 4.21251388616e-06
    outer loop
      vertex 0.0153246736154 -8.69129144121e-05 1.1940882206
      vertex 0.0154819497839 0.278519392014 1.19406688213
      vertex 0.0154624497518 -6.92103349138e-05 1.19407057762
    endloop
  endfacet
  facet normal -0.232482656837 -0.972600519657 -3.41253530678e-06
    outer loop
      vertex 0.0154624497518 -6.92103349138e-05 1.19407057762
      vertex 0.0154819497839 0.278519392014 1.19406688213
      vertex 0.0155975529924 -3.68986547983e-05 1.1940382719
    endloop
  endfacet
  facet normal -0.290495127439 -0.956876456738 2.22781272896e-05
    outer loop
      vertex 0.0155975529924 -3.68986547983e-05 1.1940382719
      vertex 0.0154819497839 0.278519392014 1.19406688213
      vertex 0.0157258156687 0.278275489807 1.19399285316
    endloop
  endfacet
  facet normal -0.334725350142 -0.942315757275 -4.82058737816e-07
    outer loop
      vertex 0.0155975529924 -3.68986547983e-05 1.1940382719
      vertex 0.0157258156687 0.278275489807 1.19399285316
      vertex 0.0157284364104 9.59297085501e-06 1.19399178028
    endloop
  endfacet
  facet normal -0.433333396912 -0.901233673096 6.046440717e-07
    outer loop
      vertex 0.0157284364104 9.59297085501e-06 1.19399178028
      vertex 0.0157258156687 0.278275489807 1.19399285316
      vertex 0.015853613615 6.98175063008e-05 1.19393157959
    endloop
  endfacet
  facet normal -0.471493959427 -0.881869316101 2.2398400688e-05
    outer loop
      vertex 0.015853613615 6.98175063008e-05 1.19393157959
      vertex 0.0157258156687 0.278275489807 1.19399285316
      vertex 0.0159505754709 0.278050780296 1.1938726902
    endloop
  endfacet
  facet normal -0.571933507919 -0.820299983025 -2.56815874309e-05
    outer loop
      vertex 0.015853613615 6.98175063008e-05 1.19393157959
      vertex 0.0159505754709 0.278050780296 1.1938726902
      vertex 0.0160812083632 0.000228425473324 1.19377291203
    endloop
  endfacet
  facet normal -0.63434612751 -0.773049116135 2.06347813219e-05
    outer loop
      vertex 0.0160812083632 0.000228425473324 1.19377291203
      vertex 0.0159505754709 0.278050780296 1.1938726902
      vertex 0.0161475762725 0.277853786945 1.1937110424
    endloop
  endfacet
  facet normal -0.732745528221 -0.680502772331 -2.35119787249e-05
    outer loop
      vertex 0.0160812083632 0.000228425473324 1.19377291203
      vertex 0.0161475762725 0.277853786945 1.1937110424
      vertex 0.0162699650973 0.000431736931205 1.19356966019
    endloop
  endfacet
  facet normal -0.772947251797 -0.634470283985 1.76811281563e-05
    outer loop
      vertex 0.0162699650973 0.000431736931205 1.19356966019
      vertex 0.0161475762725 0.277853786945 1.1937110424
      vertex 0.0163092408329 0.277692109346 1.19351410866
    endloop
  endfacet
  facet normal -0.860596299171 -0.509287714958 -1.98273628484e-05
    outer loop
      vertex 0.0162699650973 0.000431736931205 1.19356966019
      vertex 0.0163092408329 0.277692109346 1.19351410866
      vertex 0.0164112821221 0.00067045353353 1.19333088398
    endloop
  endfacet
  facet normal -0.8819642663 -0.471316307783 1.31564665935e-05
    outer loop
      vertex 0.0164112821221 0.00067045353353 1.19333088398
      vertex 0.0163092408329 0.277692109346 1.19351410866
      vertex 0.0164293777198 0.277571976185 1.19328927994
    endloop
  endfacet
  facet normal -0.948999881744 -0.315276354551 -1.46624724948e-05
    outer loop
      vertex 0.0164112821221 0.00067045353353 1.19333088398
      vertex 0.0164293777198 0.277571976185 1.19328927994
      vertex 0.0164987295866 0.00093370344257 1.19306766987
    endloop
  endfacet
  facet normal -0.956918120384 -0.29035794735 7.28541135686e-06
    outer loop
      vertex 0.0164987295866 0.00093370344257 1.19306766987
      vertex 0.0164293777198 0.277571976185 1.19328927994
      vertex 0.0165033526719 0.277497977018 1.19304549694
    endloop
  endfacet
  facet normal -0.989181518555 -0.146696612239 -4.77154981127e-06
    outer loop
      vertex 0.0164987295866 0.00093370344257 1.19306766987
      vertex 0.0165033526719 0.277497977018 1.19304549694
      vertex 0.0165220741183 0.277479231358 1.1929192543
    endloop
  endfacet
  facet normal -0.998795986176 -0.0490567758679 0
    outer loop
      vertex 0.016528332606 0.27747297287 1.19279181957
      vertex 0.016528332606 0.00120952387806 1.19279181957
      vertex 0.0165220741183 0.277479231358 1.1929192543
    endloop
  endfacet
  facet normal -0.994293451309 -0.106679715216 -2.66792030743e-05
    outer loop
      vertex 0.0165220741183 0.277479231358 1.1929192543
      vertex 0.016528332606 0.00120952387806 1.19279181957
      vertex 0.0164987295866 0.00093370344257 1.19306766987
    endloop
  endfacet
  facet normal -0.999998033047 0.0019827960059 0
    outer loop
      vertex 0.0165009833872 0.273000359535 1.1790009737
      vertex 0.0165009833872 0.0150003349409 1.1790009737
      vertex 0.0165098886937 0.27749145031 1.18349206448
    endloop
  endfacet
  facet normal -0.999998033047 0.0019831599202 6.22655527138e-09
    outer loop
      vertex 0.0165098886937 0.27749145031 1.18349206448
      vertex 0.0165009833872 0.0150003349409 1.1790009737
      vertex 0.016528332606 0.00120952387806 1.19279181957
    endloop
  endfacet
  facet normal -0.999998033047 0.00198334478773 -1.35611350043e-20
    outer loop
      vertex 0.0165098886937 0.27749145031 1.18349206448
      vertex 0.016528332606 0.00120952387806 1.19279181957
      vertex 0.016528332606 0.27747297287 1.19279181957
    endloop
  endfacet
  facet normal 0.955525159836 -0.29490968585 -1.87550467672e-05
    outer loop
      vertex 0.0362095423043 0.0959554463625 1.1775021553
      vertex 0.0361965000629 0.257804840803 1.17747020721
      vertex 0.0364092700183 0.0965593010187 1.17814934254
    endloop
  endfacet
  facet normal 0.956952273846 -0.290245234966 -4.02840814786e-05
    outer loop
      vertex 0.0364092700183 0.0965593010187 1.17814934254
      vertex 0.0361965000629 0.257804840803 1.17747020721
      vertex 0.0364241190255 0.257577210665 1.17822062969
    endloop
  endfacet
  facet normal 0.989167153835 -0.146793529391 2.62183984887e-05
    outer loop
      vertex 0.0364092700183 0.0965593010187 1.17814934254
      vertex 0.0364241190255 0.257577210665 1.17822062969
      vertex 0.0364817343652 0.257519632578 1.17860889435
    endloop
  endfacet
  facet normal 0.892114579678 -0.451809197664 1.73497410287e-05
    outer loop
      vertex 0.0362095423043 0.0959554463625 1.1775021553
      vertex 0.0359034948051 0.0953916832805 1.17689788342
      vertex 0.0361965000629 0.257804840803 1.17747020721
    endloop
  endfacet
  facet normal 0.881933152676 -0.471374481916 -6.99624433764e-05
    outer loop
      vertex 0.0361965000629 0.257804840803 1.17747020721
      vertex 0.0359034948051 0.0953916832805 1.17689788342
      vertex 0.0358268730342 0.258174479008 1.17677867413
    endloop
  endfacet
  facet normal 0.80304479599 -0.595918655396 5.83674554946e-05
    outer loop
      vertex 0.0358268730342 0.258174479008 1.17677867413
      vertex 0.0359034948051 0.0953916832805 1.17689788342
      vertex 0.0354998856783 0.0948841720819 1.17635405064
    endloop
  endfacet
  facet normal 0.773007690907 -0.634396672249 -0.000101846424513
    outer loop
      vertex 0.0358268730342 0.258174479008 1.17677867413
      vertex 0.0354998856783 0.0948841720819 1.17635405064
      vertex 0.0353294126689 0.258671939373 1.1761726141
    endloop
  endfacet
  facet normal 0.691024959087 -0.722830891609 8.14390587038e-05
    outer loop
      vertex 0.0353294126689 0.258671939373 1.1761726141
      vertex 0.0354998856783 0.0948841720819 1.17635405064
      vertex 0.0350103005767 0.0944475084543 1.17588603497
    endloop
  endfacet
  facet normal 0.634476721287 -0.772941946983 -0.00011588477355
    outer loop
      vertex 0.0353294126689 0.258671939373 1.1761726141
      vertex 0.0350103005767 0.0944475084543 1.17588603497
      vertex 0.0347232781351 0.259278088808 1.17567515373
    endloop
  endfacet
  facet normal 0.559195518494 -0.829035818577 8.69734867592e-05
    outer loop
      vertex 0.0347232781351 0.259278088808 1.17567515373
      vertex 0.0350103005767 0.0944475084543 1.17588603497
      vertex 0.034448761493 0.0940941423178 1.17550730705
    endloop
  endfacet
  facet normal 0.471515744925 -0.881857633591 -0.000112408888526
    outer loop
      vertex 0.0347232781351 0.259278088808 1.17567515373
      vertex 0.034448761493 0.0940941423178 1.17550730705
      vertex 0.0340317152441 0.259969592094 1.17530548573
    endloop
  endfacet
  facet normal 0.41133633256 -0.911483645439 7.49458413338e-05
    outer loop
      vertex 0.0340317152441 0.259969592094 1.17530548573
      vertex 0.034448761493 0.0940941423178 1.17550730705
      vertex 0.0338313803077 0.0938342511654 1.17522871494
    endloop
  endfacet
  facet normal 0.290292918682 -0.956937849522 -9.20120437513e-05
    outer loop
      vertex 0.0340317152441 0.259969592094 1.17530548573
      vertex 0.0338313803077 0.0938342511654 1.17522871494
      vertex 0.0332813411951 0.260720014572 1.17507791519
    endloop
  endfacet
  facet normal 0.251561582088 -0.967841267586 4.54962391814e-05
    outer loop
      vertex 0.0332813411951 0.260720014572 1.17507791519
      vertex 0.0338313803077 0.0938342511654 1.17522871494
      vertex 0.0331758670509 0.0936752483249 1.17505836487
    endloop
  endfacet
  facet normal 0.0981115400791 -0.995175421238 -5.45943912584e-05
    outer loop
      vertex 0.0332813411951 0.260720014572 1.17507791519
      vertex 0.0331758670509 0.0936752483249 1.17505836487
      vertex 0.0325009860098 0.261500358582 1.1750010252
    endloop
  endfacet
  facet normal 0.0846403315663 -0.996411561966 0
    outer loop
      vertex 0.0325009860098 0.261500358582 1.1750010252
      vertex 0.0331758670509 0.0936752483249 1.17505836487
      vertex 0.0325009860098 0.0936217457056 1.1750010252
    endloop
  endfacet
  facet normal 0.998797118664 -0.0490334331989 0
    outer loop
      vertex 0.0365009829402 0.257500350475 1.1790009737
      vertex 0.0365009829402 0.0150003349409 1.1790009737
      vertex 0.0364817343652 0.257519632578 1.17860889435
    endloop
  endfacet
  facet normal 0.993060827255 -0.117601677775 0.000111315879622
    outer loop
      vertex 0.0364817343652 0.257519632578 1.17860889435
      vertex 0.0365009829402 0.0150003349409 1.1790009737
      vertex 0.0364092700183 0.0965593010187 1.17814934254
    endloop
  endfacet
  facet normal 0.994251489639 -0.107069708407 0
    outer loop
      vertex 0.0364092700183 0.0965593010187 1.17814934254
      vertex 0.0365009829402 0.0150003349409 1.1790009737
      vertex 0.0364092700183 0.0883531719446 1.17814934254
    endloop
  endfacet
  facet normal 0.99519443512 -0.0979183092713 -0.000107430292701
    outer loop
      vertex 0.0364092700183 0.0883531719446 1.17814934254
      vertex 0.0365009829402 0.0150003349409 1.1790009737
      vertex 0.0364241190255 0.0157807152718 1.17822062969
    endloop
  endfacet
  facet normal 0.956924021244 -0.290338337421 8.94763506949e-05
    outer loop
      vertex 0.0364092700183 0.0883531719446 1.17814934254
      vertex 0.0364241190255 0.0157807152718 1.17822062969
      vertex 0.0361965000629 0.0165311079472 1.17747020721
    endloop
  endfacet
  facet normal 0.881850063801 -0.471529901028 0.000162425989402
    outer loop
      vertex 0.0358268730342 0.0172226335853 1.17677867413
      vertex 0.0359034948051 0.0871855169535 1.17689788342
      vertex 0.0361965000629 0.0165311079472 1.17747020721
    endloop
  endfacet
  facet normal 0.892093241215 -0.45185136795 -3.94516064262e-05
    outer loop
      vertex 0.0361965000629 0.0165311079472 1.17747020721
      vertex 0.0359034948051 0.0871855169535 1.17689788342
      vertex 0.0362095423043 0.0877493023872 1.1775021553
    endloop
  endfacet
  facet normal 0.95554125309 -0.294857382774 4.26488804806e-05
    outer loop
      vertex 0.0361965000629 0.0165311079472 1.17747020721
      vertex 0.0362095423043 0.0877493023872 1.1775021553
      vertex 0.0364092700183 0.0883531719446 1.17814934254
    endloop
  endfacet
  facet normal 0.802957952023 -0.596035659313 -0.000136098169605
    outer loop
      vertex 0.0359034948051 0.0871855169535 1.17689788342
      vertex 0.0358268730342 0.0172226335853 1.17677867413
      vertex 0.0354998856783 0.0866780281067 1.17635405064
    endloop
  endfacet
  facet normal 0.772848248482 -0.634590804577 0.000241379515501
    outer loop
      vertex 0.0354998856783 0.0866780281067 1.17635405064
      vertex 0.0358268730342 0.0172226335853 1.17677867413
      vertex 0.0353294126689 0.0178287774324 1.1761726141
    endloop
  endfacet
  facet normal 0.690896391869 -0.722953736782 -0.000194380176254
    outer loop
      vertex 0.0354998856783 0.0866780281067 1.17635405064
      vertex 0.0353294126689 0.0178287774324 1.1761726141
      vertex 0.0350103005767 0.0862413644791 1.17588603497
    endloop
  endfacet
  facet normal 0.634270191193 -0.773111402988 0.000279854430119
    outer loop
      vertex 0.0350103005767 0.0862413644791 1.17588603497
      vertex 0.0353294126689 0.0178287774324 1.1761726141
      vertex 0.0347232781351 0.0183262377977 1.17567515373
    endloop
  endfacet
  facet normal 0.559066236019 -0.829122960567 -0.000211902501178
    outer loop
      vertex 0.0350103005767 0.0862413644791 1.17588603497
      vertex 0.0347232781351 0.0183262377977 1.17567515373
      vertex 0.034448761493 0.0858879759908 1.17550730705
    endloop
  endfacet
  facet normal 0.471313625574 -0.881965637207 0.000275921920547
    outer loop
      vertex 0.034448761493 0.0858879759908 1.17550730705
      vertex 0.0347232781351 0.0183262377977 1.17567515373
      vertex 0.0340317152441 0.0186958815902 1.17530548573
    endloop
  endfacet
  facet normal 0.411245167255 -0.911524772644 -0.000185706332559
    outer loop
      vertex 0.034448761493 0.0858879759908 1.17550730705
      vertex 0.0340317152441 0.0186958815902 1.17530548573
      vertex 0.0338313803077 0.0856280848384 1.17522871494
    endloop
  endfacet
  facet normal 0.290145069361 -0.956982672215 0.000228881064686
    outer loop
      vertex 0.0338313803077 0.0856280848384 1.17522871494
      vertex 0.0340317152441 0.0186958815902 1.17530548573
      vertex 0.0332813411951 0.0189235117286 1.17507791519
    endloop
  endfacet
  facet normal 0.251525312662 -0.96785068512 -0.000114145761472
    outer loop
      vertex 0.0338313803077 0.0856280848384 1.17522871494
      vertex 0.0332813411951 0.0189235117286 1.17507791519
      vertex 0.0331758670509 0.0854691192508 1.17505836487
    endloop
  endfacet
  facet normal 0.146943062544 -0.989144921303 5.78747531108e-05
    outer loop
      vertex 0.0331758670509 0.0854691192508 1.17505836487
      vertex 0.0332813411951 0.0189235117286 1.17507791519
      vertex 0.0328930541873 0.0189810898155 1.1750202179
    endloop
  endfacet
  facet normal 0.0846236944199 -0.996412932873 -0.00021137301519
    outer loop
      vertex 0.0331758670509 0.0854691192508 1.17505836487
      vertex 0.0328930541873 0.0189810898155 1.1750202179
      vertex 0.0325009860098 0.0854156166315 1.1750010252
    endloop
  endfacet
  facet normal 0.0489242859185 -0.998802483082 0
    outer loop
      vertex 0.0325009860098 0.0854156166315 1.1750010252
      vertex 0.0328930541873 0.0189810898155 1.1750202179
      vertex 0.0325009860098 0.0190003663301 1.1750010252
    endloop
  endfacet
  facet normal 1 0 0
    outer loop
      vertex 0.0365009829402 0.257500350475 1.1790009737
      vertex 0.0365009829402 0.257500350475 1.19387996197
      vertex 0.0365009829402 0.0150003349409 1.1790009737
    endloop
  endfacet
  facet normal 1 -0 0
    outer loop
      vertex 0.0365009829402 0.0150003349409 1.1790009737
      vertex 0.0365009829402 0.257500350475 1.19387996197
      vertex 0.0365009829402 0.000121351680718 1.19387996197
    endloop
  endfacet
  facet normal 1 0 -0
    outer loop
      vertex 0.0365009829402 0.0150003349409 1.1790009737
      vertex 0.0365009829402 0.000121351680718 1.19387996197
      vertex 0.0365009829402 0.0150003349409 0.0210010055453
    endloop
  endfacet
  facet normal 1 0 -0
    outer loop
      vertex 0.0365009829402 0.0150003349409 0.0210010055453
      vertex 0.0365009829402 0.000121351680718 1.19387996197
      vertex 0.0365009829402 0.000121351680718 0.00612196931615
    endloop
  endfacet
  facet normal 1 0 0
    outer loop
      vertex 0.0365009829402 0.0150003349409 0.0210010055453
      vertex 0.0365009829402 0.000121351680718 0.00612196931615
      vertex 0.0365009829402 0.257500350475 0.00612196931615
    endloop
  endfacet
  facet normal 1 0 0
    outer loop
      vertex 0.0365009829402 0.257500350475 0.00612196931615
      vertex 0.0365009829402 0.257500350475 0.0210010055453
      vertex 0.0365009829402 0.0150003349409 0.0210010055453
    endloop
  endfacet
  facet normal 0.998796880245 -0.0490383058786 0
    outer loop
      vertex 0.0365009829402 0.257500350475 1.19387996197
      vertex 0.0365106128156 0.257490694523 1.19407606125
      vertex 0.0365009829402 0.000121351680718 1.19387996197
    endloop
  endfacet
  facet normal 0.995192229748 -0.0979408100247 -3.74000337615e-05
    outer loop
      vertex 0.0365009829402 0.000121351680718 1.19387996197
      vertex 0.0365106128156 0.257490694523 1.19407606125
      vertex 0.0365394093096 -0.000268820323981 1.19427025318
    endloop
  endfacet
  facet normal 0.989182174206 -0.1466922611 0
    outer loop
      vertex 0.0365394093096 -0.000268820323981 1.19427025318
      vertex 0.0365106128156 0.257490694523 1.19407606125
      vertex 0.0365394093096 0.257461905479 1.19427025318
    endloop
  endfacet
  facet normal 0.956930339336 -0.2903175354 0
    outer loop
      vertex 0.0365394093096 -0.000268820323981 1.19427025318
      vertex 0.0365394093096 0.257461905479 1.19427025318
      vertex 0.0366532243788 0.257348120213 1.19464540482
    endloop
  endfacet
  facet normal 0.956930339336 -0.2903175354 0
    outer loop
      vertex 0.0365394093096 -0.000268820323981 1.19427025318
      vertex 0.0366532243788 0.257348120213 1.19464540482
      vertex 0.0366532243788 -0.000644007755909 1.19464540482
    endloop
  endfacet
  facet normal 0.881867587566 -0.471497178078 0
    outer loop
      vertex 0.0366532243788 -0.000644007755909 1.19464540482
      vertex 0.0366532243788 0.257348120213 1.19464540482
      vertex 0.0368380472064 0.257163286209 1.19499111176
    endloop
  endfacet
  facet normal 0.881867587566 -0.471497178078 -7.21889955604e-20
    outer loop
      vertex 0.0366532243788 -0.000644007755909 1.19464540482
      vertex 0.0368380472064 0.257163286209 1.19499111176
      vertex 0.0368380472064 -0.00098977133166 1.19499111176
    endloop
  endfacet
  facet normal 0.773106336594 -0.63427644968 0
    outer loop
      vertex 0.0368380472064 -0.00098977133166 1.19499111176
      vertex 0.0368380472064 0.257163286209 1.19499111176
      vertex 0.0370867699385 0.256914556026 1.19529426098
    endloop
  endfacet
  facet normal 0.773106336594 -0.63427644968 1.36870254312e-19
    outer loop
      vertex 0.0368380472064 -0.00098977133166 1.19499111176
      vertex 0.0370867699385 0.256914556026 1.19529426098
      vertex 0.0370867699385 -0.00129286095034 1.19529426098
    endloop
  endfacet
  facet normal 0.634292840958 -0.773092865944 0
    outer loop
      vertex 0.0370867699385 -0.00129286095034 1.19529426098
      vertex 0.0370867699385 0.256914556026 1.19529426098
      vertex 0.0373898409307 0.256611466408 1.19554293156
    endloop
  endfacet
  facet normal 0.634292840958 -0.773092865944 0
    outer loop
      vertex 0.0370867699385 -0.00129286095034 1.19529426098
      vertex 0.0373898409307 0.256611466408 1.19554293156
      vertex 0.0373898409307 -0.00154159113299 1.19554293156
    endloop
  endfacet
  facet normal 0.471544206142 -0.881842434406 0
    outer loop
      vertex 0.0373898409307 -0.00154159113299 1.19554293156
      vertex 0.0373898409307 0.256611466408 1.19554293156
      vertex 0.0377356112003 0.256265729666 1.19572782516
    endloop
  endfacet
  facet normal 0.471544206142 -0.881842434406 1.19776411857e-19
    outer loop
      vertex 0.0373898409307 -0.00154159113299 1.19554293156
      vertex 0.0377356112003 0.256265729666 1.19572782516
      vertex 0.0377356112003 -0.00172642222606 1.19572782516
    endloop
  endfacet
  facet normal 0.290089666843 -0.956999480724 0
    outer loop
      vertex 0.0377356112003 -0.00172642222606 1.19572782516
      vertex 0.0377356112003 0.256265729666 1.19572782516
      vertex 0.0381107926369 0.255890548229 1.19584155083
    endloop
  endfacet
  facet normal 0.290089666843 -0.956999480724 -5.64225388819e-20
    outer loop
      vertex 0.0377356112003 -0.00172642222606 1.19572782516
      vertex 0.0381107926369 0.255890548229 1.19584155083
      vertex 0.0381107926369 -0.00184021040332 1.19584155083
    endloop
  endfacet
  facet normal 0.147037282586 -0.989130973816 0
    outer loop
      vertex 0.0381107926369 -0.00184021040332 1.19584155083
      vertex 0.0381107926369 0.255890548229 1.19584155083
      vertex 0.0383049398661 -0.00186902633868 1.19587039948
    endloop
  endfacet
  facet normal 0.0981977060437 -0.995166897774 3.74623232346e-05
    outer loop
      vertex 0.0383049398661 -0.00186902633868 1.19587039948
      vertex 0.0381107926369 0.255890548229 1.19584155083
      vertex 0.0385009795427 0.255500376225 1.19588005543
    endloop
  endfacet
  facet normal 0.0491947084665 -0.998789191246 6.78416137574e-21
    outer loop
      vertex 0.0383049398661 -0.00186902633868 1.19587039948
      vertex 0.0385009795427 0.255500376225 1.19588005543
      vertex 0.0385009795427 -0.0018786553992 1.19588005543
    endloop
  endfacet
  facet normal -0.00052791350754 -0.999999880791 0
    outer loop
      vertex 0.0385009795427 0.255500376225 1.19588005543
      vertex 0.0805020406842 0.213499292731 1.1958578825
      vertex 0.0385009795427 -0.0018786553992 1.19588005543
    endloop
  endfacet
  facet normal -0.00052791350754 -0.999999880791 -1.38092423361e-20
    outer loop
      vertex 0.0385009795427 -0.0018786553992 1.19588005543
      vertex 0.0805020406842 0.213499292731 1.1958578825
      vertex 0.0805020406842 -0.00185648247134 1.1958578825
    endloop
  endfacet
  facet normal -0.0497592128813 -0.998761236668 -0
    outer loop
      vertex 0.0805020406842 -0.00185648247134 1.1958578825
      vertex 0.0805020406842 0.213499292731 1.1958578825
      vertex 0.0806980058551 -0.00184676400386 1.19584810734
    endloop
  endfacet
  facet normal -0.0985890850425 -0.995128214359 4.46002959507e-05
    outer loop
      vertex 0.0806980058551 -0.00184676400386 1.19584810734
      vertex 0.0805020406842 0.213499292731 1.1958578825
      vertex 0.0808920711279 0.213109269738 1.19581925869
    endloop
  endfacet
  facet normal -0.147096931934 -0.989122092724 -2.74007810746e-20
    outer loop
      vertex 0.0806980058551 -0.00184676400386 1.19584810734
      vertex 0.0808920711279 0.213109269738 1.19581925869
      vertex 0.0808920711279 -0.00181788555346 1.19581925869
    endloop
  endfacet
  facet normal -0.290794879198 -0.956785440445 -0
    outer loop
      vertex 0.0808920711279 -0.00181788555346 1.19581925869
      vertex 0.0808920711279 0.213109269738 1.19581925869
      vertex 0.0812670812011 0.212734252214 1.19570529461
    endloop
  endfacet
  facet normal -0.290794879198 -0.956785440445 -5.64840087411e-20
    outer loop
      vertex 0.0808920711279 -0.00181788555346 1.19581925869
      vertex 0.0812670812011 0.212734252214 1.19570529461
      vertex 0.0812670812011 -0.00170395418536 1.19570529461
    endloop
  endfacet
  facet normal -0.471733927727 -0.881740927696 -0
    outer loop
      vertex 0.0812670812011 -0.00170395418536 1.19570529461
      vertex 0.0812670812011 0.212734252214 1.19570529461
      vertex 0.0816126763821 0.212388679385 1.195520401
    endloop
  endfacet
  facet normal -0.471733927727 -0.881740927696 0
    outer loop
      vertex 0.0812670812011 -0.00170395418536 1.19570529461
      vertex 0.0816126763821 0.212388679385 1.195520401
      vertex 0.0816126763821 -0.00151906057727 1.195520401
    endloop
  endfacet
  facet normal -0.634510993958 -0.772913873196 -0
    outer loop
      vertex 0.0816126763821 -0.00151906057727 1.195520401
      vertex 0.0816126763821 0.212388679385 1.195520401
      vertex 0.0819155722857 0.21208576858 1.19527173042
    endloop
  endfacet
  facet normal -0.634510993958 -0.772913873196 1.28564314062e-19
    outer loop
      vertex 0.0816126763821 -0.00151906057727 1.195520401
      vertex 0.0819155722857 0.21208576858 1.19527173042
      vertex 0.0819155722857 -0.00127033039462 1.19527173042
    endloop
  endfacet
  facet normal -0.773144066334 -0.634230434895 -0
    outer loop
      vertex 0.0819155722857 -0.00127033039462 1.19527173042
      vertex 0.0819155722857 0.21208576858 1.19527173042
      vertex 0.0821641460061 -0.000967303349171 1.19496870041
    endloop
  endfacet
  facet normal -0.773144066334 -0.634230434895 -0
    outer loop
      vertex 0.0821641460061 -0.000967303349171 1.19496870041
      vertex 0.0819155722857 0.21208576858 1.19527173042
      vertex 0.0821641460061 0.211837217212 1.19496870041
    endloop
  endfacet
  facet normal -0.882015824318 -0.471219718456 -0
    outer loop
      vertex 0.0821641460061 -0.000967303349171 1.19496870041
      vertex 0.0821641460061 0.211837217212 1.19496870041
      vertex 0.0823488458991 -0.000621620216407 1.19462299347
    endloop
  endfacet
  facet normal -0.882015824318 -0.471219718456 -0
    outer loop
      vertex 0.0823488458991 -0.000621620216407 1.19462299347
      vertex 0.0821641460061 0.211837217212 1.19496870041
      vertex 0.0823488458991 0.211652502418 1.19462299347
    endloop
  endfacet
  facet normal -0.95696747303 -0.290195137262 -0
    outer loop
      vertex 0.0823488458991 -0.000621620216407 1.19462299347
      vertex 0.0823488458991 0.211652502418 1.19462299347
      vertex 0.0824625790119 -0.000246557989158 1.19424796104
    endloop
  endfacet
  facet normal -0.95696747303 -0.290195137262 -0
    outer loop
      vertex 0.0824625790119 -0.000246557989158 1.19424796104
      vertex 0.0823488458991 0.211652502418 1.19462299347
      vertex 0.0824625790119 0.211538776755 1.19424796104
    endloop
  endfacet
  facet normal -0.989192068577 -0.146625414491 -0
    outer loop
      vertex 0.0824625790119 -0.000246557989158 1.19424796104
      vertex 0.0824625790119 0.211538776755 1.19424796104
      vertex 0.0824913606048 0.211509987712 1.19405376911
    endloop
  endfacet
  facet normal -0.998794496059 -0.0490870289505 0
    outer loop
      vertex 0.0825009867549 0.211500376463 1.19385790825
      vertex 0.0825009867549 0.000143524608575 1.19385790825
      vertex 0.0824913606048 0.211509987712 1.19405376911
    endloop
  endfacet
  facet normal -0.995190441608 -0.097958818078 -4.54452092526e-05
    outer loop
      vertex 0.0824913606048 0.211509987712 1.19405376911
      vertex 0.0825009867549 0.000143524608575 1.19385790825
      vertex 0.0824625790119 -0.000246557989158 1.19424796104
    endloop
  endfacet
  facet normal -1 0 0
    outer loop
      vertex 0.0825009867549 0.211500376463 1.18398964405
      vertex 0.0825009867549 0.0100117474794 1.18398964405
      vertex 0.0825009867549 0.211500376463 1.19385790825
    endloop
  endfacet
  facet normal -1 0 0
    outer loop
      vertex 0.0825009867549 0.211500376463 1.19385790825
      vertex 0.0825009867549 0.0100117474794 1.18398964405
      vertex 0.0825009867549 0.000143524608575 1.19385790825
    endloop
  endfacet
  facet normal -1 0 0
    outer loop
      vertex 0.0825009867549 0.000143524608575 1.19385790825
      vertex 0.0825009867549 0.0100117474794 1.18398964405
      vertex 0.0825009867549 0.0100117474794 0.0160123836249
    endloop
  endfacet
  facet normal -1 -0 0
    outer loop
      vertex 0.0825009867549 0.000143524608575 1.19385790825
      vertex 0.0825009867549 0.0100117474794 0.0160123836249
      vertex 0.0825009867549 0.000143524608575 0.00614414224401
    endloop
  endfacet
  facet normal -1 0 0
    outer loop
      vertex 0.0825009867549 0.000143524608575 0.00614414224401
      vertex 0.0825009867549 0.0100117474794 0.0160123836249
      vertex 0.0825009867549 0.211500376463 0.00614414224401
    endloop
  endfacet
  facet normal -1 0 0
    outer loop
      vertex 0.0825009867549 0.211500376463 0.00614414224401
      vertex 0.0825009867549 0.0100117474794 0.0160123836249
      vertex 0.0825009867549 0.211500376463 0.0160123836249
    endloop
  endfacet
  facet normal -0.998754143715 -0.0499018877745 0
    outer loop
      vertex 0.0825009867549 0.211500376463 1.18398964405
      vertex 0.082520917058 0.21148045361 1.18359076977
      vertex 0.0825009867549 0.0100117474794 1.18398964405
    endloop
  endfacet
  facet normal -0.995009243488 -0.0997827351093 9.91232227534e-05
    outer loop
      vertex 0.0825009867549 0.0100117474794 1.18398964405
      vertex 0.082520917058 0.21148045361 1.18359076977
      vertex 0.082580499351 0.0108053591102 1.1831959486
    endloop
  endfacet
  facet normal -0.988802909851 -0.149227291346 -0
    outer loop
      vertex 0.082580499351 0.0108053591102 1.1831959486
      vertex 0.082520917058 0.21148045361 1.18359076977
      vertex 0.082580499351 0.211420834064 1.1831959486
    endloop
  endfacet
  facet normal -0.955450713634 -0.295150727034 -0
    outer loop
      vertex 0.082580499351 0.0108053591102 1.1831959486
      vertex 0.082580499351 0.211420834064 1.1831959486
      vertex 0.0828158929944 0.0115674287081 1.18243396282
    endloop
  endfacet
  facet normal -0.955450713634 -0.295150727034 -0
    outer loop
      vertex 0.0828158929944 0.0115674287081 1.18243396282
      vertex 0.082580499351 0.211420834064 1.1831959486
      vertex 0.0828158929944 0.211185440421 1.18243396282
    endloop
  endfacet
  facet normal -0.877914428711 -0.47881758213 -0
    outer loop
      vertex 0.0828158929944 0.0115674287081 1.18243396282
      vertex 0.0828158929944 0.211185440421 1.18243396282
      vertex 0.0831978023052 0.0122676463798 1.18173372746
    endloop
  endfacet
  facet normal -0.877914428711 -0.47881758213 -0
    outer loop
      vertex 0.0831978023052 0.0122676463798 1.18173372746
      vertex 0.0828158929944 0.211185440421 1.18243396282
      vertex 0.0831978023052 0.210803568363 1.18173372746
    endloop
  endfacet
  facet normal -0.765435397625 -0.643512785435 -0
    outer loop
      vertex 0.0831978023052 0.0122676463798 1.18173372746
      vertex 0.0831978023052 0.210803568363 1.18173372746
      vertex 0.0837110355496 0.0128781348467 1.18112325668
    endloop
  endfacet
  facet normal -0.765435397625 -0.643512785435 -0
    outer loop
      vertex 0.0837110355496 0.0128781348467 1.18112325668
      vertex 0.0831978023052 0.210803568363 1.18173372746
      vertex 0.0837110355496 0.210290297866 1.18112325668
    endloop
  endfacet
  facet normal 1 0 0
    outer loop
      vertex 0.120000988245 0.0190003663301 1.10382032394
      vertex 0.120000988245 0.0190003663301 1.09502542019
      vertex 0.120000988245 0.0854156166315 1.1750010252
    endloop
  endfacet
  facet normal 1 0 0
    outer loop
      vertex 0.120000988245 0.0854156166315 1.1750010252
      vertex 0.120000988245 0.0190003663301 1.09502542019
      vertex 0.120000988245 0.0936217457056 1.1750010252
    endloop
  endfacet
  facet normal 1 0 0
    outer loop
      vertex 0.120000988245 0.0854156166315 1.1750010252
      vertex 0.120000988245 0.0936217457056 1.1750010252
      vertex 0.120000988245 0.0883531719446 1.17814934254
    endloop
  endfacet
  facet normal 1 0 0
    outer loop
      vertex 0.120000988245 0.0883531719446 1.17814934254
      vertex 0.120000988245 0.0936217457056 1.1750010252
      vertex 0.120000988245 0.0965593010187 1.17814934254
    endloop
  endfacet
  facet normal 0 0.682208001614 0.731158137321
    outer loop
      vertex 0.120000988245 0.0854156166315 1.1750010252
      vertex 0.0900009870529 0.0854156166315 1.1750010252
      vertex 0.120000988245 0.0190003663301 1.10382032394
    endloop
  endfacet
  facet normal 0 0.682208001614 0.731158137321
    outer loop
      vertex 0.120000988245 0.0190003663301 1.10382032394
      vertex 0.0900009870529 0.0854156166315 1.1750010252
      vertex 0.0900009870529 0.0190003663301 1.10382032394
    endloop
  endfacet
  facet normal -1.22418114756e-07 0.682208001614 0.731158137321
    outer loop
      vertex 0.0900009870529 0.0190003663301 1.10382032394
      vertex 0.0900009870529 0.0854156166315 1.1750010252
      vertex 0.0338313803077 0.0856280848384 1.17522871494
    endloop
  endfacet
  facet normal 0 0.682208061218 0.731158077717
    outer loop
      vertex 0.0900009870529 0.0190003663301 1.10382032394
      vertex 0.0338313803077 0.0856280848384 1.17522871494
      vertex 0.0325009860098 0.0190003663301 1.10382032394
    endloop
  endfacet
  facet normal -2.26772704082e-06 0.682208061218 0.731158077717
    outer loop
      vertex 0.0325009860098 0.0190003663301 1.10382032394
      vertex 0.0338313803077 0.0856280848384 1.17522871494
      vertex 0.0331758670509 0.0854691192508 1.17505836487
    endloop
  endfacet
  facet normal 1.23564277601e-05 0.682208001614 0.731158137321
    outer loop
      vertex 0.0325009860098 0.0190003663301 1.10382032394
      vertex 0.0331758670509 0.0854691192508 1.17505836487
      vertex 0.0325009860098 0.0854156166315 1.1750010252
    endloop
  endfacet
  facet normal 4.57116414054e-07 0.682211399078 0.731154978275
    outer loop
      vertex 0.0867663994431 0.0883531719446 1.17814934254
      vertex 0.0354998856783 0.0866780281067 1.17635405064
      vertex 0.0900009870529 0.0854156166315 1.1750010252
    endloop
  endfacet
  facet normal 4.17134941699e-07 0.682210505009 0.73115581274
    outer loop
      vertex 0.0900009870529 0.0854156166315 1.1750010252
      vertex 0.0354998856783 0.0866780281067 1.17635405064
      vertex 0.0350103005767 0.0862413644791 1.17588603497
    endloop
  endfacet
  facet normal 8.62843648974e-07 0.682225286961 0.731141984463
    outer loop
      vertex 0.0900009870529 0.0854156166315 1.1750010252
      vertex 0.0350103005767 0.0862413644791 1.17588603497
      vertex 0.034448761493 0.0858879759908 1.17550730705
    endloop
  endfacet
  facet normal -0 0.682229697704 0.731137871742
    outer loop
      vertex 0.0364092700183 0.0883531719446 1.17814934254
      vertex 0.0362095423043 0.0877493023872 1.1775021553
      vertex 0.0867663994431 0.0883531719446 1.17814934254
    endloop
  endfacet
  facet normal 1.22937228753e-06 0.682178378105 0.731185793877
    outer loop
      vertex 0.0867663994431 0.0883531719446 1.17814934254
      vertex 0.0362095423043 0.0877493023872 1.1775021553
      vertex 0.0359034948051 0.0871855169535 1.17689788342
    endloop
  endfacet
  facet normal -2.05279138754e-06 0.68224966526 0.731119275093
    outer loop
      vertex 0.0867663994431 0.0883531719446 1.17814934254
      vertex 0.0359034948051 0.0871855169535 1.17689788342
      vertex 0.0354998856783 0.0866780281067 1.17635405064
    endloop
  endfacet
  facet normal -6.75309877352e-07 0.682135105133 0.731226205826
    outer loop
      vertex 0.034448761493 0.0858879759908 1.17550730705
      vertex 0.0338313803077 0.0856280848384 1.17522871494
      vertex 0.0900009870529 0.0854156166315 1.1750010252
    endloop
  endfacet
  facet normal 0 0.682208001614 0.731158137321
    outer loop
      vertex 0.0325009860098 0.0190003663301 1.10382032394
      vertex 0.0325009860098 0.0854156166315 1.1750010252
      vertex 0.0205009803176 0.0190003663301 1.10382032394
    endloop
  endfacet
  facet normal -4.53757879185e-16 0.682208001614 0.731158137321
    outer loop
      vertex 0.0205009803176 0.0190003663301 1.10382032394
      vertex 0.0325009860098 0.0854156166315 1.1750010252
      vertex 0.0205009803176 0.0854156166315 1.1750010252
    endloop
  endfacet
  facet normal 0 0.682208001614 0.731158137321
    outer loop
      vertex 0.0205009803176 0.0190003663301 1.10382032394
      vertex 0.0205009803176 0.0854156166315 1.1750010252
      vertex 0.0165009833872 0.0190003663301 1.10382032394
    endloop
  endfacet
  facet normal -4.27577979281e-05 0.682209253311 0.731156945229
    outer loop
      vertex 0.0165009833872 0.0190003663301 1.10382032394
      vertex 0.0205009803176 0.0854156166315 1.1750010252
      vertex 0.0198255628347 0.0854680463672 1.17505717278
    endloop
  endfacet
  facet normal 1.82902385859e-05 0.682207763195 0.73115837574
    outer loop
      vertex 0.0165009833872 0.0190003663301 1.10382032394
      vertex 0.0198255628347 0.0854680463672 1.17505717278
      vertex 0.0191693976521 0.085626296699 1.17522680759
    endloop
  endfacet
  facet normal 2.66678216576e-05 0.682207584381 0.731158554554
    outer loop
      vertex 0.0191693976521 0.085626296699 1.17522680759
      vertex 0.0185513719916 0.0858858823776 1.17550504208
      vertex 0.0165009833872 0.0190003663301 1.10382032394
    endloop
  endfacet
  facet normal 2.33839327848e-05 0.682207643986 0.731158494949
    outer loop
      vertex 0.0165009833872 0.0190003663301 1.10382032394
      vertex 0.0185513719916 0.0858858823776 1.17550504208
      vertex 0.0179893150926 0.086239233613 1.17588376999
    endloop
  endfacet
  facet normal 3.49841029674e-05 0.682207524776 0.731158614159
    outer loop
      vertex 0.0165009833872 0.0190003663301 1.10382032394
      vertex 0.0179893150926 0.086239233613 1.17588376999
      vertex 0.0174994170666 0.0866762399673 1.17635214329
    endloop
  endfacet
  facet normal -7.44369390304e-05 0.682208299637 0.731157839298
    outer loop
      vertex 0.0174994170666 0.0866762399673 1.17635214329
      vertex 0.0170958079398 0.0871842503548 1.17689657211
      vertex 0.0165009833872 0.0190003663301 1.10382032394
    endloop
  endfacet
  facet normal 1.0775028386e-05 0.682207942009 0.731158196926
    outer loop
      vertex 0.0165009833872 0.0190003663301 1.10382032394
      vertex 0.0170958079398 0.0871842503548 1.17689657211
      vertex 0.0167901162058 0.0877486392856 1.17750144005
    endloop
  endfacet
  facet normal -7.580548845e-05 0.682208120823 0.731158018112
    outer loop
      vertex 0.0165009833872 0.0190003663301 1.10382032394
      vertex 0.0167901162058 0.0877486392856 1.17750144005
      vertex 0.0165009833872 0.0883531719446 1.17814934254
    endloop
  endfacet
  facet normal -0 0.682226240635 0.731141149998
    outer loop
      vertex 0.0165009833872 0.0883531719446 1.17814934254
      vertex 0.0167901162058 0.0877486392856 1.17750144005
      vertex 0.0165911596268 0.0883531719446 1.17814934254
    endloop
  endfacet
  facet normal 0 1 0
    outer loop
      vertex 0.0165911596268 0.0883531719446 1.17814934254
      vertex 0.0165911596268 0.0965593010187 1.17814934254
      vertex 0.0165009833872 0.0883531719446 1.17814934254
    endloop
  endfacet
  facet normal 0 1 0
    outer loop
      vertex 0.0165009833872 0.0883531719446 1.17814934254
      vertex 0.0165911596268 0.0965593010187 1.17814934254
      vertex 0.0165009833872 0.0965593010187 1.17814934254
    endloop
  endfacet
  facet normal 0 1 0
    outer loop
      vertex 0.0867663994431 0.0883531719446 1.17814934254
      vertex 0.0867663994431 0.0965593010187 1.17814934254
      vertex 0.0364092700183 0.0883531719446 1.17814934254
    endloop
  endfacet
  facet normal 0 1 0
    outer loop
      vertex 0.0364092700183 0.0883531719446 1.17814934254
      vertex 0.0867663994431 0.0965593010187 1.17814934254
      vertex 0.0364092700183 0.0965593010187 1.17814934254
    endloop
  endfacet
  facet normal -0 -0.682208240032 -0.731157958508
    outer loop
      vertex 0.120000988245 0.0936217457056 1.1750010252
      vertex 0.120000988245 0.0190003663301 1.09502542019
      vertex 0.0900009870529 0.0936217457056 1.1750010252
    endloop
  endfacet
  facet normal 2.09872040024e-16 -0.682208240032 -0.731157958508
    outer loop
      vertex 0.0900009870529 0.0936217457056 1.1750010252
      vertex 0.120000988245 0.0190003663301 1.09502542019
      vertex 0.0900009870529 0.0190003663301 1.09502542019
    endloop
  endfacet
  facet normal 5.86286773796e-07 -0.682208240032 -0.731157958508
    outer loop
      vertex 0.0900009870529 0.0936217457056 1.1750010252
      vertex 0.0900009870529 0.0190003663301 1.09502542019
      vertex 0.0338313803077 0.0938342511654 1.17522871494
    endloop
  endfacet
  facet normal 0 -0.682208418846 -0.731157720089
    outer loop
      vertex 0.0338313803077 0.0938342511654 1.17522871494
      vertex 0.0900009870529 0.0190003663301 1.09502542019
      vertex 0.0325009860098 0.0190003663301 1.09502542019
    endloop
  endfacet
  facet normal -3.7607322156e-05 -0.682208120823 -0.731158077717
    outer loop
      vertex 0.0338313803077 0.0938342511654 1.17522871494
      vertex 0.0325009860098 0.0190003663301 1.09502542019
      vertex 0.0331758670509 0.0936752483249 1.17505836487
    endloop
  endfacet
  facet normal -1.23217587316e-05 -0.682208240032 -0.731157958508
    outer loop
      vertex 0.0331758670509 0.0936752483249 1.17505836487
      vertex 0.0325009860098 0.0190003663301 1.09502542019
      vertex 0.0325009860098 0.0936217457056 1.1750010252
    endloop
  endfacet
  facet normal -0 -0.682208240032 -0.731157958508
    outer loop
      vertex 0.0325009860098 0.0936217457056 1.1750010252
      vertex 0.0325009860098 0.0190003663301 1.09502542019
      vertex 0.0205009803176 0.0936217457056 1.1750010252
    endloop
  endfacet
  facet normal 0 -0.682208240032 -0.731157958508
    outer loop
      vertex 0.0205009803176 0.0936217457056 1.1750010252
      vertex 0.0325009860098 0.0190003663301 1.09502542019
      vertex 0.0205009803176 0.0190003663301 1.09502542019
    endloop
  endfacet
  facet normal 0 -0.682208240032 -0.731157958508
    outer loop
      vertex 0.0205009803176 0.0936217457056 1.1750010252
      vertex 0.0205009803176 0.0190003663301 1.09502542019
      vertex 0.0165009833872 0.0190003663301 1.09502542019
    endloop
  endfacet
  facet normal -1.54523550009e-05 -0.682208299637 -0.731157839298
    outer loop
      vertex 0.0165009833872 0.0965593010187 1.17814934254
      vertex 0.0167901162058 0.0959548056126 1.17750144005
      vertex 0.0165009833872 0.0190003663301 1.09502542019
    endloop
  endfacet
  facet normal 3.02793250739e-05 -0.682208418846 -0.731157779694
    outer loop
      vertex 0.0165009833872 0.0190003663301 1.09502542019
      vertex 0.0167901162058 0.0959548056126 1.17750144005
      vertex 0.0170958079398 0.09539039433 1.17689657211
    endloop
  endfacet
  facet normal 7.37773661967e-05 -0.68220859766 -0.73115760088
    outer loop
      vertex 0.0165009833872 0.0190003663301 1.09502542019
      vertex 0.0170958079398 0.09539039433 1.17689657211
      vertex 0.0174994170666 0.0948823839426 1.17635214329
    endloop
  endfacet
  facet normal 0 -0.682204663754 -0.731161296368
    outer loop
      vertex 0.0165009833872 0.0965593010187 1.17814934254
      vertex 0.0165911596268 0.0965593010187 1.17814934254
      vertex 0.0167901162058 0.0959548056126 1.17750144005
    endloop
  endfacet
  facet normal -6.19856655248e-05 -0.68220770359 -0.731158435345
    outer loop
      vertex 0.0174994170666 0.0948823839426 1.17635214329
      vertex 0.0179893150926 0.09444539994 1.17588376999
      vertex 0.0165009833872 0.0190003663301 1.09502542019
    endloop
  endfacet
  facet normal -9.39734263739e-07 -0.682208299637 -0.731157898903
    outer loop
      vertex 0.0165009833872 0.0190003663301 1.09502542019
      vertex 0.0179893150926 0.09444539994 1.17588376999
      vertex 0.0185513719916 0.0940920263529 1.17550504208
    endloop
  endfacet
  facet normal -4.78723522974e-05 -0.682207643986 -0.731158494949
    outer loop
      vertex 0.0165009833872 0.0190003663301 1.09502542019
      vertex 0.0185513719916 0.0940920263529 1.17550504208
      vertex 0.0191693976521 0.093832463026 1.17522680759
    endloop
  endfacet
  facet normal 2.10195339605e-05 -0.682208895683 -0.731157362461
    outer loop
      vertex 0.0191693976521 0.093832463026 1.17522680759
      vertex 0.0198255628347 0.0936741754413 1.17505717278
      vertex 0.0165009833872 0.0190003663301 1.09502542019
    endloop
  endfacet
  facet normal 4.27458835475e-05 -0.68220937252 -0.731156885624
    outer loop
      vertex 0.0165009833872 0.0190003663301 1.09502542019
      vertex 0.0198255628347 0.0936741754413 1.17505717278
      vertex 0.0205009803176 0.0936217457056 1.1750010252
    endloop
  endfacet
  facet normal 1.1367303614e-06 -0.682135641575 -0.731225669384
    outer loop
      vertex 0.0338313803077 0.0938342511654 1.17522871494
      vertex 0.034448761493 0.0940941423178 1.17550730705
      vertex 0.0900009870529 0.0936217457056 1.1750010252
    endloop
  endfacet
  facet normal -8.80163995021e-08 -0.682207465172 -0.731158614159
    outer loop
      vertex 0.0900009870529 0.0936217457056 1.1750010252
      vertex 0.034448761493 0.0940941423178 1.17550730705
      vertex 0.0350103005767 0.0944475084543 1.17588603497
    endloop
  endfacet
  facet normal -1.83320651104e-07 -0.682210624218 -0.731155693531
    outer loop
      vertex 0.0900009870529 0.0936217457056 1.1750010252
      vertex 0.0350103005767 0.0944475084543 1.17588603497
      vertex 0.0354998856783 0.0948841720819 1.17635405064
    endloop
  endfacet
  facet normal -2.10951455415e-07 -0.682211220264 -0.731155157089
    outer loop
      vertex 0.0900009870529 0.0936217457056 1.1750010252
      vertex 0.0354998856783 0.0948841720819 1.17635405064
      vertex 0.0867663994431 0.0965593010187 1.17814934254
    endloop
  endfacet
  facet normal 3.17882609124e-06 -0.682262957096 -0.731106877327
    outer loop
      vertex 0.0867663994431 0.0965593010187 1.17814934254
      vertex 0.0354998856783 0.0948841720819 1.17635405064
      vertex 0.0359034948051 0.0953916832805 1.17689788342
    endloop
  endfacet
  facet normal -1.24786140532e-06 -0.682166814804 -0.731196582317
    outer loop
      vertex 0.0867663994431 0.0965593010187 1.17814934254
      vertex 0.0359034948051 0.0953916832805 1.17689788342
      vertex 0.0362095423043 0.0959554463625 1.1775021553
    endloop
  endfacet
  facet normal 1.78566456682e-18 -0.682218909264 -0.731147944927
    outer loop
      vertex 0.0362095423043 0.0959554463625 1.1775021553
      vertex 0.0364092700183 0.0965593010187 1.17814934254
      vertex 0.0867663994431 0.0965593010187 1.17814934254
    endloop
  endfacet
  facet normal 0 -0 1
    outer loop
      vertex 0.0900009870529 0.0190003663301 1.09502542019
      vertex 0.0900009870529 0.0190003663301 1.10382032394
      vertex 0.0325009860098 0.0190003663301 1.09502542019
    endloop
  endfacet
  facet normal 0 0 1
    outer loop
      vertex 0.0325009860098 0.0190003663301 1.09502542019
      vertex 0.0900009870529 0.0190003663301 1.10382032394
      vertex 0.0325009860098 0.0190003663301 1.10382032394
    endloop
  endfacet
  facet normal -1 -0 -0
    outer loop
      vertex 0.0165009833872 0.0190003663301 1.10382032394
      vertex 0.0165009833872 0.0883531719446 1.17814934254
      vertex 0.0165009833872 0.0190003663301 1.09502542019
    endloop
  endfacet
  facet normal -1 0 0
    outer loop
      vertex 0.0165009833872 0.0190003663301 1.09502542019
      vertex 0.0165009833872 0.0883531719446 1.17814934254
      vertex 0.0165009833872 0.0965593010187 1.17814934254
    endloop
  endfacet
  facet normal -0 -0 -1
    outer loop
      vertex 0.020493067801 0.269000351429 0.905226886272
      vertex 0.020493067801 0.269000351429 0.880226910114
      vertex 0.0165009833872 0.269000351429 0.905226886272
    endloop
  endfacet
  facet normal 0 0 -1
    outer loop
      vertex 0.0165009833872 0.269000351429 0.905226886272
      vertex 0.020493067801 0.269000351429 0.880226910114
      vertex 0.0165009833872 0.269000351429 0.880226910114
    endloop
  endfacet
  facet normal 0.130525037646 0 -0.99144500494
    outer loop
      vertex 0.0771579220891 0.0583898946643 0.880226910114
      vertex 0.0771579220891 0.0583898946643 0.905226886272
      vertex 0.0800009891391 0.0580156035721 0.880226910114
    endloop
  endfacet
  facet normal 0.130525037646 0 -0.99144500494
    outer loop
      vertex 0.0800009891391 0.0580156035721 0.880226910114
      vertex 0.0771579220891 0.0583898946643 0.905226886272
      vertex 0.0800009891391 0.0580156035721 0.905226886272
    endloop
  endfacet
  facet normal -0.130525037646 0 -0.99144500494
    outer loop
      vertex 0.0800009891391 0.0580156035721 0.880226910114
      vertex 0.0800009891391 0.0580156035721 0.905226886272
      vertex 0.0828440561891 0.0583898946643 0.880226910114
    endloop
  endfacet
  facet normal -0.130525037646 0 -0.99144500494
    outer loop
      vertex 0.0828440561891 0.0583898946643 0.880226910114
      vertex 0.0800009891391 0.0580156035721 0.905226886272
      vertex 0.0828440561891 0.0583898946643 0.905226886272
    endloop
  endfacet
  facet normal -0.382682949305 0 -0.923879742622
    outer loop
      vertex 0.0828440561891 0.0583898946643 0.880226910114
      vertex 0.0828440561891 0.0583898946643 0.905226886272
      vertex 0.0854933708906 0.0594872757792 0.880226910114
    endloop
  endfacet
  facet normal -0.382682949305 0 -0.923879742622
    outer loop
      vertex 0.0854933708906 0.0594872757792 0.880226910114
      vertex 0.0828440561891 0.0583898946643 0.905226886272
      vertex 0.0854933708906 0.0594872757792 0.905226886272
    endloop
  endfacet
  facet normal -0.608762741089 0 -0.793352365494
    outer loop
      vertex 0.0854933708906 0.0594872757792 0.880226910114
      vertex 0.0854933708906 0.0594872757792 0.905226886272
      vertex 0.0877683907747 0.0612329654396 0.880226910114
    endloop
  endfacet
  facet normal -0.608762741089 0 -0.793352365494
    outer loop
      vertex 0.0877683907747 0.0612329654396 0.880226910114
      vertex 0.0854933708906 0.0594872757792 0.905226886272
      vertex 0.0877683907747 0.0612329654396 0.905226886272
    endloop
  endfacet
  facet normal -0.793351769447 0 -0.608763456345
    outer loop
      vertex 0.0877683907747 0.0612329654396 0.880226910114
      vertex 0.0877683907747 0.0612329654396 0.905226886272
      vertex 0.0895140767097 0.0635079815984 0.880226910114
    endloop
  endfacet
  facet normal -0.793351769447 0 -0.608763456345
    outer loop
      vertex 0.0895140767097 0.0635079815984 0.880226910114
      vertex 0.0877683907747 0.0612329654396 0.905226886272
      vertex 0.0895140767097 0.0635079815984 0.905226886272
    endloop
  endfacet
  facet normal -0.923879265785 0 -0.382684051991
    outer loop
      vertex 0.0895140767097 0.0635079815984 0.880226910114
      vertex 0.0895140767097 0.0635079815984 0.905226886272
      vertex 0.0906114578247 0.0661572888494 0.880226910114
    endloop
  endfacet
  facet normal -0.923879265785 0 -0.382684051991
    outer loop
      vertex 0.0906114578247 0.0661572888494 0.880226910114
      vertex 0.0895140767097 0.0635079815984 0.905226886272
      vertex 0.0906114578247 0.0661572888494 0.905226886272
    endloop
  endfacet
  facet normal -0.991444647312 0 -0.130527898669
    outer loop
      vertex 0.0906114578247 0.0661572888494 0.880226910114
      vertex 0.0906114578247 0.0661572888494 0.905226886272
      vertex 0.0909857600927 0.0690003558993 0.880226910114
    endloop
  endfacet
  facet normal -0.991444647312 0 -0.130527898669
    outer loop
      vertex 0.0909857600927 0.0690003558993 0.880226910114
      vertex 0.0906114578247 0.0661572888494 0.905226886272
      vertex 0.0909857600927 0.0690003558993 0.905226886272
    endloop
  endfacet
  facet normal -0.991444766521 0 0.130527094007
    outer loop
      vertex 0.0909857600927 0.0690003558993 0.880226910114
      vertex 0.0909857600927 0.0690003558993 0.905226886272
      vertex 0.0906114578247 0.0718434453011 0.880226910114
    endloop
  endfacet
  facet normal -0.991444766521 0 0.130527094007
    outer loop
      vertex 0.0906114578247 0.0718434453011 0.880226910114
      vertex 0.0909857600927 0.0690003558993 0.905226886272
      vertex 0.0906114578247 0.0718434453011 0.905226886272
    endloop
  endfacet
  facet normal -0.923879265785 0 0.382684051991
    outer loop
      vertex 0.0906114578247 0.0718434453011 0.880226910114
      vertex 0.0906114578247 0.0718434453011 0.905226886272
      vertex 0.0895140767097 0.074492752552 0.880226910114
    endloop
  endfacet
  facet normal -0.923879265785 0 0.382684051991
    outer loop
      vertex 0.0895140767097 0.074492752552 0.880226910114
      vertex 0.0906114578247 0.0718434453011 0.905226886272
      vertex 0.0895140767097 0.074492752552 0.905226886272
    endloop
  endfacet
  facet normal -0.793349444866 0 0.608766496181
    outer loop
      vertex 0.0895140767097 0.074492752552 0.880226910114
      vertex 0.0895140767097 0.074492752552 0.905226886272
      vertex 0.0877683907747 0.0767677500844 0.880226910114
    endloop
  endfacet
  facet normal -0.793349444866 0 0.608766496181
    outer loop
      vertex 0.0877683907747 0.0767677500844 0.880226910114
      vertex 0.0895140767097 0.074492752552 0.905226886272
      vertex 0.0877683907747 0.0767677500844 0.905226886272
    endloop
  endfacet
  facet normal -0.608762741089 0 0.793352365494
    outer loop
      vertex 0.0877683907747 0.0767677500844 0.880226910114
      vertex 0.0877683907747 0.0767677500844 0.905226886272
      vertex 0.0854933708906 0.0785134360194 0.880226910114
    endloop
  endfacet
  facet normal -0.608762741089 0 0.793352365494
    outer loop
      vertex 0.0854933708906 0.0785134360194 0.880226910114
      vertex 0.0877683907747 0.0767677500844 0.905226886272
      vertex 0.0854933708906 0.0785134360194 0.905226886272
    endloop
  endfacet
  facet normal -0.382682949305 0 0.923879742622
    outer loop
      vertex 0.0854933708906 0.0785134360194 0.880226910114
      vertex 0.0854933708906 0.0785134360194 0.905226886272
      vertex 0.0828440561891 0.0796108171344 0.880226910114
    endloop
  endfacet
  facet normal -0.382682949305 0 0.923879742622
    outer loop
      vertex 0.0828440561891 0.0796108171344 0.880226910114
      vertex 0.0854933708906 0.0785134360194 0.905226886272
      vertex 0.0828440561891 0.0796108171344 0.905226886272
    endloop
  endfacet
  facet normal -0.130525037646 0 0.99144500494
    outer loop
      vertex 0.0828440561891 0.0796108171344 0.880226910114
      vertex 0.0828440561891 0.0796108171344 0.905226886272
      vertex 0.0800009891391 0.0799851119518 0.880226910114
    endloop
  endfacet
  facet normal -0.130525037646 0 0.99144500494
    outer loop
      vertex 0.0800009891391 0.0799851119518 0.880226910114
      vertex 0.0828440561891 0.0796108171344 0.905226886272
      vertex 0.0800009891391 0.0799851119518 0.905226886272
    endloop
  endfacet
  facet normal 0.130525037646 -0 0.99144500494
    outer loop
      vertex 0.0800009891391 0.0799851119518 0.880226910114
      vertex 0.0800009891391 0.0799851119518 0.905226886272
      vertex 0.0771579220891 0.0796108171344 0.880226910114
    endloop
  endfacet
  facet normal 0.130525037646 -0 0.99144500494
    outer loop
      vertex 0.0771579220891 0.0796108171344 0.880226910114
      vertex 0.0800009891391 0.0799851119518 0.905226886272
      vertex 0.0771579220891 0.0796108171344 0.905226886272
    endloop
  endfacet
  facet normal 0.382682412863 -0 0.923879981041
    outer loop
      vertex 0.0771579220891 0.0796108171344 0.880226910114
      vertex 0.0771579220891 0.0796108171344 0.905226886272
      vertex 0.074508599937 0.0785134360194 0.880226910114
    endloop
  endfacet
  facet normal 0.382682412863 -0 0.923879981041
    outer loop
      vertex 0.074508599937 0.0785134360194 0.880226910114
      vertex 0.0771579220891 0.0796108171344 0.905226886272
      vertex 0.074508599937 0.0785134360194 0.905226886272
    endloop
  endfacet
  facet normal 0.608765006065 -0 0.793350636959
    outer loop
      vertex 0.074508599937 0.0785134360194 0.880226910114
      vertex 0.074508599937 0.0785134360194 0.905226886272
      vertex 0.072233594954 0.0767677500844 0.880226910114
    endloop
  endfacet
  facet normal 0.608765006065 -0 0.793350636959
    outer loop
      vertex 0.072233594954 0.0767677500844 0.880226910114
      vertex 0.074508599937 0.0785134360194 0.905226886272
      vertex 0.072233594954 0.0767677500844 0.905226886272
    endloop
  endfacet
  facet normal 0.79334795475 -0 0.608768463135
    outer loop
      vertex 0.072233594954 0.0767677500844 0.880226910114
      vertex 0.072233594954 0.0767677500844 0.905226886272
      vertex 0.0704879015684 0.074492752552 0.880226910114
    endloop
  endfacet
  facet normal 0.79334795475 -0 0.608768463135
    outer loop
      vertex 0.0704879015684 0.074492752552 0.880226910114
      vertex 0.072233594954 0.0767677500844 0.905226886272
      vertex 0.0704879015684 0.074492752552 0.905226886272
    endloop
  endfacet
  facet normal 0.923879265785 -0 0.382684051991
    outer loop
      vertex 0.0704879015684 0.074492752552 0.880226910114
      vertex 0.0704879015684 0.074492752552 0.905226886272
      vertex 0.0693905204535 0.0718434453011 0.880226910114
    endloop
  endfacet
  facet normal 0.923879265785 -0 0.382684051991
    outer loop
      vertex 0.0693905204535 0.0718434453011 0.880226910114
      vertex 0.0704879015684 0.074492752552 0.905226886272
      vertex 0.0693905204535 0.0718434453011 0.905226886272
    endloop
  endfacet
  facet normal 0.991445124149 -0 0.130524039268
    outer loop
      vertex 0.0693905204535 0.0718434453011 0.880226910114
      vertex 0.0693905204535 0.0718434453011 0.905226886272
      vertex 0.069016225636 0.0690003558993 0.880226910114
    endloop
  endfacet
  facet normal 0.991445124149 -0 0.130524039268
    outer loop
      vertex 0.069016225636 0.0690003558993 0.880226910114
      vertex 0.0693905204535 0.0718434453011 0.905226886272
      vertex 0.069016225636 0.0690003558993 0.905226886272
    endloop
  endfacet
  facet normal 0.991445064545 0 -0.130524843931
    outer loop
      vertex 0.069016225636 0.0690003558993 0.880226910114
      vertex 0.069016225636 0.0690003558993 0.905226886272
      vertex 0.0693905204535 0.0661572888494 0.880226910114
    endloop
  endfacet
  facet normal 0.991445064545 0 -0.130524843931
    outer loop
      vertex 0.0693905204535 0.0661572888494 0.880226910114
      vertex 0.069016225636 0.0690003558993 0.905226886272
      vertex 0.0693905204535 0.0661572888494 0.905226886272
    endloop
  endfacet
  facet normal 0.923879265785 0 -0.382684051991
    outer loop
      vertex 0.0693905204535 0.0661572888494 0.880226910114
      vertex 0.0693905204535 0.0661572888494 0.905226886272
      vertex 0.0704879015684 0.0635079815984 0.880226910114
    endloop
  endfacet
  facet normal 0.923879265785 0 -0.382684051991
    outer loop
      vertex 0.0704879015684 0.0635079815984 0.880226910114
      vertex 0.0693905204535 0.0661572888494 0.905226886272
      vertex 0.0704879015684 0.0635079815984 0.905226886272
    endloop
  endfacet
  facet normal 0.793350279331 0 -0.608765423298
    outer loop
      vertex 0.0704879015684 0.0635079815984 0.880226910114
      vertex 0.0704879015684 0.0635079815984 0.905226886272
      vertex 0.072233594954 0.0612329654396 0.880226910114
    endloop
  endfacet
  facet normal 0.793350279331 0 -0.608765423298
    outer loop
      vertex 0.072233594954 0.0612329654396 0.880226910114
      vertex 0.0704879015684 0.0635079815984 0.905226886272
      vertex 0.072233594954 0.0612329654396 0.905226886272
    endloop
  endfacet
  facet normal 0.608765006065 0 -0.793350636959
    outer loop
      vertex 0.072233594954 0.0612329654396 0.880226910114
      vertex 0.072233594954 0.0612329654396 0.905226886272
      vertex 0.074508599937 0.0594872757792 0.880226910114
    endloop
  endfacet
  facet normal 0.608765006065 0 -0.793350636959
    outer loop
      vertex 0.074508599937 0.0594872757792 0.880226910114
      vertex 0.072233594954 0.0612329654396 0.905226886272
      vertex 0.074508599937 0.0594872757792 0.905226886272
    endloop
  endfacet
  facet normal 0.382682412863 0 -0.923879981041
    outer loop
      vertex 0.074508599937 0.0594872757792 0.880226910114
      vertex 0.074508599937 0.0594872757792 0.905226886272
      vertex 0.0771579220891 0.0583898946643 0.880226910114
    endloop
  endfacet
  facet normal 0.382682412863 0 -0.923879981041
    outer loop
      vertex 0.0771579220891 0.0583898946643 0.880226910114
      vertex 0.074508599937 0.0594872757792 0.905226886272
      vertex 0.0771579220891 0.0583898946643 0.905226886272
    endloop
  endfacet
  facet normal 1 0 0
    outer loop
      vertex 0.120000988245 0.174000367522 0.880226910114
      vertex 0.120000988245 0.174000367522 0.905226886272
      vertex 0.120000988245 0.0190003663301 0.880226910114
    endloop
  endfacet
  facet normal 1 -0 0
    outer loop
      vertex 0.120000988245 0.0190003663301 0.880226910114
      vertex 0.120000988245 0.174000367522 0.905226886272
      vertex 0.120000988245 0.0190003663301 0.905226886272
    endloop
  endfacet
  facet normal -1 0 0
    outer loop
      vertex 0.0165009833872 0.269000351429 0.905226886272
      vertex 0.0165009833872 0.269000351429 0.880226910114
      vertex 0.0165009833872 0.0190003663301 0.905226886272
    endloop
  endfacet
  facet normal -1 -0 0
    outer loop
      vertex 0.0165009833872 0.0190003663301 0.905226886272
      vertex 0.0165009833872 0.269000351429 0.880226910114
      vertex 0.0165009833872 0.0190003663301 0.880226910114
    endloop
  endfacet
  facet normal -0 -0 -1
    outer loop
      vertex 0.020493067801 0.269000351429 0.622100949287
      vertex 0.020493067801 0.269000351429 0.597100973129
      vertex 0.0165009833872 0.269000351429 0.622100949287
    endloop
  endfacet
  facet normal 0 0 -1
    outer loop
      vertex 0.0165009833872 0.269000351429 0.622100949287
      vertex 0.020493067801 0.269000351429 0.597100973129
      vertex 0.0165009833872 0.269000351429 0.597100973129
    endloop
  endfacet
  facet normal 0.130525037646 0 -0.99144500494
    outer loop
      vertex 0.0771579220891 0.0583898946643 0.597100973129
      vertex 0.0771579220891 0.0583898946643 0.622100949287
      vertex 0.0800009891391 0.0580156035721 0.597100973129
    endloop
  endfacet
  facet normal 0.130525037646 0 -0.99144500494
    outer loop
      vertex 0.0800009891391 0.0580156035721 0.597100973129
      vertex 0.0771579220891 0.0583898946643 0.622100949287
      vertex 0.0800009891391 0.0580156035721 0.622100949287
    endloop
  endfacet
  facet normal -0.130525037646 0 -0.99144500494
    outer loop
      vertex 0.0800009891391 0.0580156035721 0.597100973129
      vertex 0.0800009891391 0.0580156035721 0.622100949287
      vertex 0.0828440561891 0.0583898946643 0.597100973129
    endloop
  endfacet
  facet normal -0.130525037646 0 -0.99144500494
    outer loop
      vertex 0.0828440561891 0.0583898946643 0.597100973129
      vertex 0.0800009891391 0.0580156035721 0.622100949287
      vertex 0.0828440561891 0.0583898946643 0.622100949287
    endloop
  endfacet
  facet normal -0.382682949305 0 -0.923879742622
    outer loop
      vertex 0.0828440561891 0.0583898946643 0.597100973129
      vertex 0.0828440561891 0.0583898946643 0.622100949287
      vertex 0.0854933708906 0.0594872757792 0.597100973129
    endloop
  endfacet
  facet normal -0.382682949305 0 -0.923879742622
    outer loop
      vertex 0.0854933708906 0.0594872757792 0.597100973129
      vertex 0.0828440561891 0.0583898946643 0.622100949287
      vertex 0.0854933708906 0.0594872757792 0.622100949287
    endloop
  endfacet
  facet normal -0.608762741089 0 -0.793352365494
    outer loop
      vertex 0.0854933708906 0.0594872757792 0.597100973129
      vertex 0.0854933708906 0.0594872757792 0.622100949287
      vertex 0.0877683907747 0.0612329654396 0.597100973129
    endloop
  endfacet
  facet normal -0.608762741089 0 -0.793352365494
    outer loop
      vertex 0.0877683907747 0.0612329654396 0.597100973129
      vertex 0.0854933708906 0.0594872757792 0.622100949287
      vertex 0.0877683907747 0.0612329654396 0.622100949287
    endloop
  endfacet
  facet normal -0.793351769447 0 -0.608763456345
    outer loop
      vertex 0.0877683907747 0.0612329654396 0.597100973129
      vertex 0.0877683907747 0.0612329654396 0.622100949287
      vertex 0.0895140767097 0.0635079815984 0.597100973129
    endloop
  endfacet
  facet normal -0.793351769447 0 -0.608763456345
    outer loop
      vertex 0.0895140767097 0.0635079815984 0.597100973129
      vertex 0.0877683907747 0.0612329654396 0.622100949287
      vertex 0.0895140767097 0.0635079815984 0.622100949287
    endloop
  endfacet
  facet normal -0.923879265785 0 -0.382684051991
    outer loop
      vertex 0.0895140767097 0.0635079815984 0.597100973129
      vertex 0.0895140767097 0.0635079815984 0.622100949287
      vertex 0.0906114578247 0.0661572888494 0.597100973129
    endloop
  endfacet
  facet normal -0.923879265785 0 -0.382684051991
    outer loop
      vertex 0.0906114578247 0.0661572888494 0.597100973129
      vertex 0.0895140767097 0.0635079815984 0.622100949287
      vertex 0.0906114578247 0.0661572888494 0.622100949287
    endloop
  endfacet
  facet normal -0.991444647312 0 -0.130527898669
    outer loop
      vertex 0.0906114578247 0.0661572888494 0.597100973129
      vertex 0.0906114578247 0.0661572888494 0.622100949287
      vertex 0.0909857600927 0.0690003558993 0.597100973129
    endloop
  endfacet
  facet normal -0.991444647312 0 -0.130527898669
    outer loop
      vertex 0.0909857600927 0.0690003558993 0.597100973129
      vertex 0.0906114578247 0.0661572888494 0.622100949287
      vertex 0.0909857600927 0.0690003558993 0.622100949287
    endloop
  endfacet
  facet normal -0.991444766521 0 0.130527094007
    outer loop
      vertex 0.0909857600927 0.0690003558993 0.597100973129
      vertex 0.0909857600927 0.0690003558993 0.622100949287
      vertex 0.0906114578247 0.0718434453011 0.597100973129
    endloop
  endfacet
  facet normal -0.991444766521 0 0.130527094007
    outer loop
      vertex 0.0906114578247 0.0718434453011 0.597100973129
      vertex 0.0909857600927 0.0690003558993 0.622100949287
      vertex 0.0906114578247 0.0718434453011 0.622100949287
    endloop
  endfacet
  facet normal -0.923879265785 0 0.382684051991
    outer loop
      vertex 0.0906114578247 0.0718434453011 0.597100973129
      vertex 0.0906114578247 0.0718434453011 0.622100949287
      vertex 0.0895140767097 0.074492752552 0.597100973129
    endloop
  endfacet
  facet normal -0.923879265785 0 0.382684051991
    outer loop
      vertex 0.0895140767097 0.074492752552 0.597100973129
      vertex 0.0906114578247 0.0718434453011 0.622100949287
      vertex 0.0895140767097 0.074492752552 0.622100949287
    endloop
  endfacet
  facet normal -0.793349444866 0 0.608766496181
    outer loop
      vertex 0.0895140767097 0.074492752552 0.597100973129
      vertex 0.0895140767097 0.074492752552 0.622100949287
      vertex 0.0877683907747 0.0767677500844 0.597100973129
    endloop
  endfacet
  facet normal -0.793349444866 0 0.608766496181
    outer loop
      vertex 0.0877683907747 0.0767677500844 0.597100973129
      vertex 0.0895140767097 0.074492752552 0.622100949287
      vertex 0.0877683907747 0.0767677500844 0.622100949287
    endloop
  endfacet
  facet normal -0.608762741089 0 0.793352365494
    outer loop
      vertex 0.0877683907747 0.0767677500844 0.597100973129
      vertex 0.0877683907747 0.0767677500844 0.622100949287
      vertex 0.0854933708906 0.0785134360194 0.597100973129
    endloop
  endfacet
  facet normal -0.608762741089 0 0.793352365494
    outer loop
      vertex 0.0854933708906 0.0785134360194 0.597100973129
      vertex 0.0877683907747 0.0767677500844 0.622100949287
      vertex 0.0854933708906 0.0785134360194 0.622100949287
    endloop
  endfacet
  facet normal -0.382682949305 0 0.923879742622
    outer loop
      vertex 0.0854933708906 0.0785134360194 0.597100973129
      vertex 0.0854933708906 0.0785134360194 0.622100949287
      vertex 0.0828440561891 0.0796108171344 0.597100973129
    endloop
  endfacet
  facet normal -0.382682949305 0 0.923879742622
    outer loop
      vertex 0.0828440561891 0.0796108171344 0.597100973129
      vertex 0.0854933708906 0.0785134360194 0.622100949287
      vertex 0.0828440561891 0.0796108171344 0.622100949287
    endloop
  endfacet
  facet normal -0.130525037646 0 0.99144500494
    outer loop
      vertex 0.0828440561891 0.0796108171344 0.597100973129
      vertex 0.0828440561891 0.0796108171344 0.622100949287
      vertex 0.0800009891391 0.0799851119518 0.597100973129
    endloop
  endfacet
  facet normal -0.130525037646 0 0.99144500494
    outer loop
      vertex 0.0800009891391 0.0799851119518 0.597100973129
      vertex 0.0828440561891 0.0796108171344 0.622100949287
      vertex 0.0800009891391 0.0799851119518 0.622100949287
    endloop
  endfacet
  facet normal 0.130525037646 -0 0.99144500494
    outer loop
      vertex 0.0800009891391 0.0799851119518 0.597100973129
      vertex 0.0800009891391 0.0799851119518 0.622100949287
      vertex 0.0771579220891 0.0796108171344 0.597100973129
    endloop
  endfacet
  facet normal 0.130525037646 -0 0.99144500494
    outer loop
      vertex 0.0771579220891 0.0796108171344 0.597100973129
      vertex 0.0800009891391 0.0799851119518 0.622100949287
      vertex 0.0771579220891 0.0796108171344 0.622100949287
    endloop
  endfacet
  facet normal 0.382682412863 -0 0.923879981041
    outer loop
      vertex 0.0771579220891 0.0796108171344 0.597100973129
      vertex 0.0771579220891 0.0796108171344 0.622100949287
      vertex 0.074508599937 0.0785134360194 0.597100973129
    endloop
  endfacet
  facet normal 0.382682412863 -0 0.923879981041
    outer loop
      vertex 0.074508599937 0.0785134360194 0.597100973129
      vertex 0.0771579220891 0.0796108171344 0.622100949287
      vertex 0.074508599937 0.0785134360194 0.622100949287
    endloop
  endfacet
  facet normal 0.608765006065 -0 0.793350636959
    outer loop
      vertex 0.074508599937 0.0785134360194 0.597100973129
      vertex 0.074508599937 0.0785134360194 0.622100949287
      vertex 0.072233594954 0.0767677500844 0.597100973129
    endloop
  endfacet
  facet normal 0.608765006065 -0 0.793350636959
    outer loop
      vertex 0.072233594954 0.0767677500844 0.597100973129
      vertex 0.074508599937 0.0785134360194 0.622100949287
      vertex 0.072233594954 0.0767677500844 0.622100949287
    endloop
  endfacet
  facet normal 0.79334795475 -0 0.608768463135
    outer loop
      vertex 0.072233594954 0.0767677500844 0.597100973129
      vertex 0.072233594954 0.0767677500844 0.622100949287
      vertex 0.0704879015684 0.074492752552 0.597100973129
    endloop
  endfacet
  facet normal 0.79334795475 -0 0.608768463135
    outer loop
      vertex 0.0704879015684 0.074492752552 0.597100973129
      vertex 0.072233594954 0.0767677500844 0.622100949287
      vertex 0.0704879015684 0.074492752552 0.622100949287
    endloop
  endfacet
  facet normal 0.923879265785 -0 0.382684051991
    outer loop
      vertex 0.0704879015684 0.074492752552 0.597100973129
      vertex 0.0704879015684 0.074492752552 0.622100949287
      vertex 0.0693905204535 0.0718434453011 0.597100973129
    endloop
  endfacet
  facet normal 0.923879265785 -0 0.382684051991
    outer loop
      vertex 0.0693905204535 0.0718434453011 0.597100973129
      vertex 0.0704879015684 0.074492752552 0.622100949287
      vertex 0.0693905204535 0.0718434453011 0.622100949287
    endloop
  endfacet
  facet normal 0.991445124149 -0 0.130524039268
    outer loop
      vertex 0.0693905204535 0.0718434453011 0.597100973129
      vertex 0.0693905204535 0.0718434453011 0.622100949287
      vertex 0.069016225636 0.0690003558993 0.597100973129
    endloop
  endfacet
  facet normal 0.991445124149 -0 0.130524039268
    outer loop
      vertex 0.069016225636 0.0690003558993 0.597100973129
      vertex 0.0693905204535 0.0718434453011 0.622100949287
      vertex 0.069016225636 0.0690003558993 0.622100949287
    endloop
  endfacet
  facet normal 0.991445064545 0 -0.130524843931
    outer loop
      vertex 0.069016225636 0.0690003558993 0.597100973129
      vertex 0.069016225636 0.0690003558993 0.622100949287
      vertex 0.0693905204535 0.0661572888494 0.597100973129
    endloop
  endfacet
  facet normal 0.991445064545 0 -0.130524843931
    outer loop
      vertex 0.0693905204535 0.0661572888494 0.597100973129
      vertex 0.069016225636 0.0690003558993 0.622100949287
      vertex 0.0693905204535 0.0661572888494 0.622100949287
    endloop
  endfacet
  facet normal 0.923879265785 0 -0.382684051991
    outer loop
      vertex 0.0693905204535 0.0661572888494 0.597100973129
      vertex 0.0693905204535 0.0661572888494 0.622100949287
      vertex 0.0704879015684 0.0635079815984 0.597100973129
    endloop
  endfacet
  facet normal 0.923879265785 0 -0.382684051991
    outer loop
      vertex 0.0704879015684 0.0635079815984 0.597100973129
      vertex 0.0693905204535 0.0661572888494 0.622100949287
      vertex 0.0704879015684 0.0635079815984 0.622100949287
    endloop
  endfacet
  facet normal 0.793350279331 0 -0.608765423298
    outer loop
      vertex 0.0704879015684 0.0635079815984 0.597100973129
      vertex 0.0704879015684 0.0635079815984 0.622100949287
      vertex 0.072233594954 0.0612329654396 0.597100973129
    endloop
  endfacet
  facet normal 0.793350279331 0 -0.608765423298
    outer loop
      vertex 0.072233594954 0.0612329654396 0.597100973129
      vertex 0.0704879015684 0.0635079815984 0.622100949287
      vertex 0.072233594954 0.0612329654396 0.622100949287
    endloop
  endfacet
  facet normal 0.608765006065 0 -0.793350636959
    outer loop
      vertex 0.072233594954 0.0612329654396 0.597100973129
      vertex 0.072233594954 0.0612329654396 0.622100949287
      vertex 0.074508599937 0.0594872757792 0.597100973129
    endloop
  endfacet
  facet normal 0.608765006065 0 -0.793350636959
    outer loop
      vertex 0.074508599937 0.0594872757792 0.597100973129
      vertex 0.072233594954 0.0612329654396 0.622100949287
      vertex 0.074508599937 0.0594872757792 0.622100949287
    endloop
  endfacet
  facet normal 0.382682412863 0 -0.923879981041
    outer loop
      vertex 0.074508599937 0.0594872757792 0.597100973129
      vertex 0.074508599937 0.0594872757792 0.622100949287
      vertex 0.0771579220891 0.0583898946643 0.597100973129
    endloop
  endfacet
  facet normal 0.382682412863 0 -0.923879981041
    outer loop
      vertex 0.0771579220891 0.0583898946643 0.597100973129
      vertex 0.074508599937 0.0594872757792 0.622100949287
      vertex 0.0771579220891 0.0583898946643 0.622100949287
    endloop
  endfacet
  facet normal 1 0 0
    outer loop
      vertex 0.120000988245 0.174000367522 0.597100973129
      vertex 0.120000988245 0.174000367522 0.622100949287
      vertex 0.120000988245 0.0190003663301 0.597100973129
    endloop
  endfacet
  facet normal 1 -0 0
    outer loop
      vertex 0.120000988245 0.0190003663301 0.597100973129
      vertex 0.120000988245 0.174000367522 0.622100949287
      vertex 0.120000988245 0.0190003663301 0.622100949287
    endloop
  endfacet
  facet normal -1 -0 -0
    outer loop
      vertex 0.0165009833872 0.0190003663301 0.622100949287
      vertex 0.0165009833872 0.269000351429 0.622100949287
      vertex 0.0165009833872 0.0190003663301 0.597100973129
    endloop
  endfacet
  facet normal -1 0 0
    outer loop
      vertex 0.0165009833872 0.0190003663301 0.597100973129
      vertex 0.0165009833872 0.269000351429 0.622100949287
      vertex 0.0165009833872 0.269000351429 0.597100973129
    endloop
  endfacet
  facet normal -0 -0 -1
    outer loop
      vertex 0.020493067801 0.269000351429 0.322100967169
      vertex 0.020493067801 0.269000351429 0.297100961208
      vertex 0.0165009833872 0.269000351429 0.322100967169
    endloop
  endfacet
  facet normal 0 0 -1
    outer loop
      vertex 0.0165009833872 0.269000351429 0.322100967169
      vertex 0.020493067801 0.269000351429 0.297100961208
      vertex 0.0165009833872 0.269000351429 0.297100961208
    endloop
  endfacet
  facet normal 0.130525037646 0 -0.99144500494
    outer loop
      vertex 0.0771579220891 0.0583898946643 0.297100961208
      vertex 0.0771579220891 0.0583898946643 0.322100967169
      vertex 0.0800009891391 0.0580156035721 0.297100961208
    endloop
  endfacet
  facet normal 0.130525037646 0 -0.99144500494
    outer loop
      vertex 0.0800009891391 0.0580156035721 0.297100961208
      vertex 0.0771579220891 0.0583898946643 0.322100967169
      vertex 0.0800009891391 0.0580156035721 0.322100967169
    endloop
  endfacet
  facet normal -0.130525037646 0 -0.99144500494
    outer loop
      vertex 0.0800009891391 0.0580156035721 0.297100961208
      vertex 0.0800009891391 0.0580156035721 0.322100967169
      vertex 0.0828440561891 0.0583898946643 0.297100961208
    endloop
  endfacet
  facet normal -0.130525037646 0 -0.99144500494
    outer loop
      vertex 0.0828440561891 0.0583898946643 0.297100961208
      vertex 0.0800009891391 0.0580156035721 0.322100967169
      vertex 0.0828440561891 0.0583898946643 0.322100967169
    endloop
  endfacet
  facet normal -0.382682949305 0 -0.923879742622
    outer loop
      vertex 0.0828440561891 0.0583898946643 0.297100961208
      vertex 0.0828440561891 0.0583898946643 0.322100967169
      vertex 0.0854933708906 0.0594872757792 0.297100961208
    endloop
  endfacet
  facet normal -0.382682949305 0 -0.923879742622
    outer loop
      vertex 0.0854933708906 0.0594872757792 0.297100961208
      vertex 0.0828440561891 0.0583898946643 0.322100967169
      vertex 0.0854933708906 0.0594872757792 0.322100967169
    endloop
  endfacet
  facet normal -0.608762741089 0 -0.793352365494
    outer loop
      vertex 0.0854933708906 0.0594872757792 0.297100961208
      vertex 0.0854933708906 0.0594872757792 0.322100967169
      vertex 0.0877683907747 0.0612329654396 0.297100961208
    endloop
  endfacet
  facet normal -0.608762741089 0 -0.793352365494
    outer loop
      vertex 0.0877683907747 0.0612329654396 0.297100961208
      vertex 0.0854933708906 0.0594872757792 0.322100967169
      vertex 0.0877683907747 0.0612329654396 0.322100967169
    endloop
  endfacet
  facet normal -0.793351769447 0 -0.608763456345
    outer loop
      vertex 0.0877683907747 0.0612329654396 0.297100961208
      vertex 0.0877683907747 0.0612329654396 0.322100967169
      vertex 0.0895140767097 0.0635079815984 0.297100961208
    endloop
  endfacet
  facet normal -0.793351769447 0 -0.608763456345
    outer loop
      vertex 0.0895140767097 0.0635079815984 0.297100961208
      vertex 0.0877683907747 0.0612329654396 0.322100967169
      vertex 0.0895140767097 0.0635079815984 0.322100967169
    endloop
  endfacet
  facet normal -0.923879265785 0 -0.382684051991
    outer loop
      vertex 0.0895140767097 0.0635079815984 0.297100961208
      vertex 0.0895140767097 0.0635079815984 0.322100967169
      vertex 0.0906114578247 0.0661572888494 0.297100961208
    endloop
  endfacet
  facet normal -0.923879265785 0 -0.382684051991
    outer loop
      vertex 0.0906114578247 0.0661572888494 0.297100961208
      vertex 0.0895140767097 0.0635079815984 0.322100967169
      vertex 0.0906114578247 0.0661572888494 0.322100967169
    endloop
  endfacet
  facet normal -0.991444647312 0 -0.130527898669
    outer loop
      vertex 0.0906114578247 0.0661572888494 0.297100961208
      vertex 0.0906114578247 0.0661572888494 0.322100967169
      vertex 0.0909857600927 0.0690003558993 0.297100961208
    endloop
  endfacet
  facet normal -0.991444647312 0 -0.130527898669
    outer loop
      vertex 0.0909857600927 0.0690003558993 0.297100961208
      vertex 0.0906114578247 0.0661572888494 0.322100967169
      vertex 0.0909857600927 0.0690003558993 0.322100967169
    endloop
  endfacet
  facet normal -0.991444766521 0 0.130527094007
    outer loop
      vertex 0.0909857600927 0.0690003558993 0.297100961208
      vertex 0.0909857600927 0.0690003558993 0.322100967169
      vertex 0.0906114578247 0.0718434453011 0.297100961208
    endloop
  endfacet
  facet normal -0.991444766521 0 0.130527094007
    outer loop
      vertex 0.0906114578247 0.0718434453011 0.297100961208
      vertex 0.0909857600927 0.0690003558993 0.322100967169
      vertex 0.0906114578247 0.0718434453011 0.322100967169
    endloop
  endfacet
  facet normal -0.923879265785 0 0.382684051991
    outer loop
      vertex 0.0906114578247 0.0718434453011 0.297100961208
      vertex 0.0906114578247 0.0718434453011 0.322100967169
      vertex 0.0895140767097 0.074492752552 0.297100961208
    endloop
  endfacet
  facet normal -0.923879265785 0 0.382684051991
    outer loop
      vertex 0.0895140767097 0.074492752552 0.297100961208
      vertex 0.0906114578247 0.0718434453011 0.322100967169
      vertex 0.0895140767097 0.074492752552 0.322100967169
    endloop
  endfacet
  facet normal -0.793349444866 0 0.608766496181
    outer loop
      vertex 0.0895140767097 0.074492752552 0.297100961208
      vertex 0.0895140767097 0.074492752552 0.322100967169
      vertex 0.0877683907747 0.0767677500844 0.297100961208
    endloop
  endfacet
  facet normal -0.793349444866 0 0.608766496181
    outer loop
      vertex 0.0877683907747 0.0767677500844 0.297100961208
      vertex 0.0895140767097 0.074492752552 0.322100967169
      vertex 0.0877683907747 0.0767677500844 0.322100967169
    endloop
  endfacet
  facet normal -0.608762741089 0 0.793352365494
    outer loop
      vertex 0.0877683907747 0.0767677500844 0.297100961208
      vertex 0.0877683907747 0.0767677500844 0.322100967169
      vertex 0.0854933708906 0.0785134360194 0.297100961208
    endloop
  endfacet
  facet normal -0.608762741089 0 0.793352365494
    outer loop
      vertex 0.0854933708906 0.0785134360194 0.297100961208
      vertex 0.0877683907747 0.0767677500844 0.322100967169
      vertex 0.0854933708906 0.0785134360194 0.322100967169
    endloop
  endfacet
  facet normal -0.382682949305 0 0.923879742622
    outer loop
      vertex 0.0854933708906 0.0785134360194 0.297100961208
      vertex 0.0854933708906 0.0785134360194 0.322100967169
      vertex 0.0828440561891 0.0796108171344 0.297100961208
    endloop
  endfacet
  facet normal -0.382682949305 0 0.923879742622
    outer loop
      vertex 0.0828440561891 0.0796108171344 0.297100961208
      vertex 0.0854933708906 0.0785134360194 0.322100967169
      vertex 0.0828440561891 0.0796108171344 0.322100967169
    endloop
  endfacet
  facet normal -0.130525037646 0 0.99144500494
    outer loop
      vertex 0.0828440561891 0.0796108171344 0.297100961208
      vertex 0.0828440561891 0.0796108171344 0.322100967169
      vertex 0.0800009891391 0.0799851119518 0.297100961208
    endloop
  endfacet
  facet normal -0.130525037646 0 0.99144500494
    outer loop
      vertex 0.0800009891391 0.0799851119518 0.297100961208
      vertex 0.0828440561891 0.0796108171344 0.322100967169
      vertex 0.0800009891391 0.0799851119518 0.322100967169
    endloop
  endfacet
  facet normal 0.130525037646 -0 0.99144500494
    outer loop
      vertex 0.0800009891391 0.0799851119518 0.297100961208
      vertex 0.0800009891391 0.0799851119518 0.322100967169
      vertex 0.0771579220891 0.0796108171344 0.297100961208
    endloop
  endfacet
  facet normal 0.130525037646 -0 0.99144500494
    outer loop
      vertex 0.0771579220891 0.0796108171344 0.297100961208
      vertex 0.0800009891391 0.0799851119518 0.322100967169
      vertex 0.0771579220891 0.0796108171344 0.322100967169
    endloop
  endfacet
  facet normal 0.382682412863 -0 0.923879981041
    outer loop
      vertex 0.0771579220891 0.0796108171344 0.297100961208
      vertex 0.0771579220891 0.0796108171344 0.322100967169
      vertex 0.074508599937 0.0785134360194 0.297100961208
    endloop
  endfacet
  facet normal 0.382682412863 -0 0.923879981041
    outer loop
      vertex 0.074508599937 0.0785134360194 0.297100961208
      vertex 0.0771579220891 0.0796108171344 0.322100967169
      vertex 0.074508599937 0.0785134360194 0.322100967169
    endloop
  endfacet
  facet normal 0.608765006065 -0 0.793350636959
    outer loop
      vertex 0.074508599937 0.0785134360194 0.297100961208
      vertex 0.074508599937 0.0785134360194 0.322100967169
      vertex 0.072233594954 0.0767677500844 0.297100961208
    endloop
  endfacet
  facet normal 0.608765006065 -0 0.793350636959
    outer loop
      vertex 0.072233594954 0.0767677500844 0.297100961208
      vertex 0.074508599937 0.0785134360194 0.322100967169
      vertex 0.072233594954 0.0767677500844 0.322100967169
    endloop
  endfacet
  facet normal 0.79334795475 -0 0.608768463135
    outer loop
      vertex 0.072233594954 0.0767677500844 0.297100961208
      vertex 0.072233594954 0.0767677500844 0.322100967169
      vertex 0.0704879015684 0.074492752552 0.297100961208
    endloop
  endfacet
  facet normal 0.79334795475 -0 0.608768463135
    outer loop
      vertex 0.0704879015684 0.074492752552 0.297100961208
      vertex 0.072233594954 0.0767677500844 0.322100967169
      vertex 0.0704879015684 0.074492752552 0.322100967169
    endloop
  endfacet
  facet normal 0.923879265785 -0 0.382684051991
    outer loop
      vertex 0.0704879015684 0.074492752552 0.297100961208
      vertex 0.0704879015684 0.074492752552 0.322100967169
      vertex 0.0693905204535 0.0718434453011 0.297100961208
    endloop
  endfacet
  facet normal 0.923879265785 -0 0.382684051991
    outer loop
      vertex 0.0693905204535 0.0718434453011 0.297100961208
      vertex 0.0704879015684 0.074492752552 0.322100967169
      vertex 0.0693905204535 0.0718434453011 0.322100967169
    endloop
  endfacet
  facet normal 0.991445124149 -0 0.130524039268
    outer loop
      vertex 0.0693905204535 0.0718434453011 0.297100961208
      vertex 0.0693905204535 0.0718434453011 0.322100967169
      vertex 0.069016225636 0.0690003558993 0.297100961208
    endloop
  endfacet
  facet normal 0.991445124149 -0 0.130524039268
    outer loop
      vertex 0.069016225636 0.0690003558993 0.297100961208
      vertex 0.0693905204535 0.0718434453011 0.322100967169
      vertex 0.069016225636 0.0690003558993 0.322100967169
    endloop
  endfacet
  facet normal 0.991445064545 0 -0.130524843931
    outer loop
      vertex 0.069016225636 0.0690003558993 0.297100961208
      vertex 0.069016225636 0.0690003558993 0.322100967169
      vertex 0.0693905204535 0.0661572888494 0.297100961208
    endloop
  endfacet
  facet normal 0.991445064545 0 -0.130524843931
    outer loop
      vertex 0.0693905204535 0.0661572888494 0.297100961208
      vertex 0.069016225636 0.0690003558993 0.322100967169
      vertex 0.0693905204535 0.0661572888494 0.322100967169
    endloop
  endfacet
  facet normal 0.923879265785 0 -0.382684051991
    outer loop
      vertex 0.0693905204535 0.0661572888494 0.297100961208
      vertex 0.0693905204535 0.0661572888494 0.322100967169
      vertex 0.0704879015684 0.0635079815984 0.297100961208
    endloop
  endfacet
  facet normal 0.923879265785 0 -0.382684051991
    outer loop
      vertex 0.0704879015684 0.0635079815984 0.297100961208
      vertex 0.0693905204535 0.0661572888494 0.322100967169
      vertex 0.0704879015684 0.0635079815984 0.322100967169
    endloop
  endfacet
  facet normal 0.793350279331 0 -0.608765423298
    outer loop
      vertex 0.0704879015684 0.0635079815984 0.297100961208
      vertex 0.0704879015684 0.0635079815984 0.322100967169
      vertex 0.072233594954 0.0612329654396 0.297100961208
    endloop
  endfacet
  facet normal 0.793350279331 0 -0.608765423298
    outer loop
      vertex 0.072233594954 0.0612329654396 0.297100961208
      vertex 0.0704879015684 0.0635079815984 0.322100967169
      vertex 0.072233594954 0.0612329654396 0.322100967169
    endloop
  endfacet
  facet normal 0.608765006065 0 -0.793350636959
    outer loop
      vertex 0.072233594954 0.0612329654396 0.297100961208
      vertex 0.072233594954 0.0612329654396 0.322100967169
      vertex 0.074508599937 0.0594872757792 0.297100961208
    endloop
  endfacet
  facet normal 0.608765006065 0 -0.793350636959
    outer loop
      vertex 0.074508599937 0.0594872757792 0.297100961208
      vertex 0.072233594954 0.0612329654396 0.322100967169
      vertex 0.074508599937 0.0594872757792 0.322100967169
    endloop
  endfacet
  facet normal 0.382682412863 0 -0.923879981041
    outer loop
      vertex 0.074508599937 0.0594872757792 0.297100961208
      vertex 0.074508599937 0.0594872757792 0.322100967169
      vertex 0.0771579220891 0.0583898946643 0.297100961208
    endloop
  endfacet
  facet normal 0.382682412863 0 -0.923879981041
    outer loop
      vertex 0.0771579220891 0.0583898946643 0.297100961208
      vertex 0.074508599937 0.0594872757792 0.322100967169
      vertex 0.0771579220891 0.0583898946643 0.322100967169
    endloop
  endfacet
  facet normal 1 0 0
    outer loop
      vertex 0.120000988245 0.174000367522 0.297100961208
      vertex 0.120000988245 0.174000367522 0.322100967169
      vertex 0.120000988245 0.0190003663301 0.297100961208
    endloop
  endfacet
  facet normal 1 -0 0
    outer loop
      vertex 0.120000988245 0.0190003663301 0.297100961208
      vertex 0.120000988245 0.174000367522 0.322100967169
      vertex 0.120000988245 0.0190003663301 0.322100967169
    endloop
  endfacet
  facet normal -1 0 0
    outer loop
      vertex 0.0165009833872 0.269000351429 0.322100967169
      vertex 0.0165009833872 0.269000351429 0.297100961208
      vertex 0.0165009833872 0.0190003663301 0.322100967169
    endloop
  endfacet
  facet normal -1 -0 0
    outer loop
      vertex 0.0165009833872 0.0190003663301 0.322100967169
      vertex 0.0165009833872 0.269000351429 0.297100961208
      vertex 0.0165009833872 0.0190003663301 0.297100961208
    endloop
  endfacet
  facet normal 0.990268230438 0 0.139172121882
    outer loop
      vertex 0.00803744234145 0.294000357389 1.1919645071
      vertex 0.00704717077315 0.286954164505 1.19295477867
      vertex 0.00803744234145 0.294000357389 0.00803746003658
    endloop
  endfacet
  facet normal 0.990268230438 0 0.139172121882
    outer loop
      vertex 0.00803744234145 0.294000357389 0.00803746003658
      vertex 0.00704717077315 0.286954164505 1.19295477867
      vertex 0.00704717077315 0.286954164505 0.00704718846828
    endloop
  endfacet
  facet normal 1 0 -0
    outer loop
      vertex 0.0250009838492 0.273500353098 0.297100961208
      vertex 0.0250009838492 0.269000351429 0.297100961208
      vertex 0.0250009838492 0.273500353098 0.0250010024756
    endloop
  endfacet
  facet normal 1 0 0
    outer loop
      vertex 0.0250009838492 0.273500353098 0.0250010024756
      vertex 0.0250009838492 0.269000351429 0.297100961208
      vertex 0.0250009838492 0.269000351429 0.0250010024756
    endloop
  endfacet
  facet normal 1 0 0
    outer loop
      vertex 0.0250009838492 0.273500353098 0.322100967169
      vertex 0.0250009838492 0.273500353098 0.597100973129
      vertex 0.0250009838492 0.269000351429 0.322100967169
    endloop
  endfacet
  facet normal 1 -0 0
    outer loop
      vertex 0.0250009838492 0.269000351429 0.322100967169
      vertex 0.0250009838492 0.273500353098 0.597100973129
      vertex 0.0250009838492 0.269000351429 0.597100973129
    endloop
  endfacet
  facet normal 1 0 0
    outer loop
      vertex 0.0250009838492 0.269000351429 0.880226910114
      vertex 0.0250009838492 0.269000351429 0.622100949287
      vertex 0.0250009838492 0.273500353098 0.880226910114
    endloop
  endfacet
  facet normal 1 0 0
    outer loop
      vertex 0.0250009838492 0.273500353098 0.880226910114
      vertex 0.0250009838492 0.269000351429 0.622100949287
      vertex 0.0250009838492 0.273500353098 0.622100949287
    endloop
  endfacet
  facet normal -0.0019827960059 -0 -0.999998033047
    outer loop
      vertex 0.0210009794682 0.277500331402 1.1790009737
      vertex 0.0210009794682 0.277500331402 0.0210010055453
      vertex 0.0165098886937 0.27749145031 1.18349206448
    endloop
  endfacet
  facet normal -0.0019827960059 -0 -0.999998033047
    outer loop
      vertex 0.0165098886937 0.27749145031 1.18349206448
      vertex 0.0210009794682 0.277500331402 0.0210010055453
      vertex 0.0165098886937 0.27749145031 0.0165099147707
    endloop
  endfacet
  facet normal 1 0 0
    outer loop
      vertex 0.0250009838492 0.273500353098 0.905226886272
      vertex 0.0250009838492 0.273500353098 1.1750010252
      vertex 0.0250009838492 0.269000351429 0.905226886272
    endloop
  endfacet
  facet normal 1 -0 0
    outer loop
      vertex 0.0250009838492 0.269000351429 0.905226886272
      vertex 0.0250009838492 0.273500353098 1.1750010252
      vertex 0.0250009838492 0.269000351429 1.1750010252
    endloop
  endfacet
  facet normal 0.0961196199059 0 -0.995369791985
    outer loop
      vertex 0.0210009794682 0.277500331402 1.1790009737
      vertex 0.0217809211463 0.277425020933 1.17822110653
      vertex 0.0210009794682 0.277500331402 0.0210010055453
    endloop
  endfacet
  facet normal 0.0962718501687 -1.03558974729e-07 -0.995355069637
    outer loop
      vertex 0.0210009794682 0.277500331402 0.0210010055453
      vertex 0.0217809211463 0.277425020933 1.17822110653
      vertex 0.0217818953097 0.277424812317 0.0217819213867
    endloop
  endfacet
  facet normal 0.28876709938 6.57002061644e-08 -0.957399368286
    outer loop
      vertex 0.0217818953097 0.277424812317 0.0217819213867
      vertex 0.0217809211463 0.277425020933 1.17822110653
      vertex 0.0225311163813 0.277198761702 1.17747092247
    endloop
  endfacet
  facet normal 0.289091438055 -1.63724791946e-07 -0.957301497459
    outer loop
      vertex 0.0217818953097 0.277424812317 0.0217819213867
      vertex 0.0225311163813 0.277198761702 1.17747092247
      vertex 0.0225329492241 0.277198016644 0.0225329771638
    endloop
  endfacet
  facet normal 0.470190346241 1.72271015231e-07 -0.882565021515
    outer loop
      vertex 0.0225329492241 0.277198016644 0.0225329771638
      vertex 0.0225311163813 0.277198761702 1.17747092247
      vertex 0.0232226699591 0.27683031559 1.17677927017
    endloop
  endfacet
  facet normal 0.470742195845 -2.51218921221e-07 -0.882270812988
    outer loop
      vertex 0.0225329492241 0.277198016644 0.0225329771638
      vertex 0.0232226699591 0.27683031559 1.17677927017
      vertex 0.0232251379639 0.276828676462 0.0232251659036
    endloop
  endfacet
  facet normal 0.633538007736 2.51843488286e-07 -0.773711562157
    outer loop
      vertex 0.0232251379639 0.276828676462 0.0232251659036
      vertex 0.0232226699591 0.27683031559 1.17677927017
      vertex 0.0238289311528 0.276333898306 1.17617309093
    endloop
  endfacet
  facet normal 0.63420432806 -3.31465599857e-07 -0.773165464401
    outer loop
      vertex 0.0232251379639 0.276828676462 0.0232251659036
      vertex 0.0238289311528 0.276333898306 1.17617309093
      vertex 0.0238317288458 0.27633112669 0.0238317381591
    endloop
  endfacet
  facet normal 0.772443294525 3.38502360364e-07 -0.635083734989
    outer loop
      vertex 0.0238317288458 0.27633112669 0.0238317381591
      vertex 0.0238289311528 0.276333898306 1.17617309093
      vertex 0.0243265517056 0.275728642941 1.17567539215
    endloop
  endfacet
  facet normal 0.773156642914 -4.2228299435e-07 -0.634215116501
    outer loop
      vertex 0.0238317288458 0.27633112669 0.0238317381591
      vertex 0.0243265517056 0.275728642941 1.17567539215
      vertex 0.0243292972445 0.27572453022 0.0243293065578
    endloop
  endfacet
  facet normal 0.881629943848 4.15973829604e-07 -0.471941322088
    outer loop
      vertex 0.0243292972445 0.27572453022 0.0243293065578
      vertex 0.0243265517056 0.275728642941 1.17567539215
      vertex 0.0246963575482 0.275037825108 1.17530560493
    endloop
  endfacet
  facet normal 0.882270991802 -5.0414018915e-07 -0.470741808414
    outer loop
      vertex 0.0243292972445 0.27572453022 0.0243293065578
      vertex 0.0246963575482 0.275037825108 1.17530560493
      vertex 0.0246986187994 0.27503234148 0.0246986281127
    endloop
  endfacet
  facet normal 0.956837773323 4.99008422139e-07 -0.290622502565
    outer loop
      vertex 0.0246986187994 0.27503234148 0.0246986281127
      vertex 0.0246963575482 0.275037825108 1.17530560493
      vertex 0.0249240864068 0.274288058281 1.17507791519
    endloop
  endfacet
  facet normal 0.957302212715 -5.84216365951e-07 -0.289088964462
    outer loop
      vertex 0.0246986187994 0.27503234148 0.0246986281127
      vertex 0.0249240864068 0.274288058281 1.17507791519
      vertex 0.0249254349619 0.274281263351 0.0249254722148
    endloop
  endfacet
  facet normal 0.989147365093 2.93035412824e-07 -0.146926954389
    outer loop
      vertex 0.0249254349619 0.274281263351 0.0249254722148
      vertex 0.0249240864068 0.274288058281 1.17507791519
      vertex 0.0249817166477 0.273900061846 1.1750202179
    endloop
  endfacet
  facet normal 0.989410758018 -3.11249323204e-07 -0.145142659545
    outer loop
      vertex 0.0249254349619 0.274281263351 0.0249254722148
      vertex 0.0249817166477 0.273900061846 1.1750202179
      vertex 0.0249824412167 0.27389267087 0.0249824412167
    endloop
  endfacet
  facet normal 0.998862624168 3.22071031178e-07 -0.0476811863482
    outer loop
      vertex 0.0249824412167 0.27389267087 0.0249824412167
      vertex 0.0249817166477 0.273900061846 1.1750202179
      vertex 0.0250009838492 0.273500353098 0.597100973129
    endloop
  endfacet
  facet normal 0.998884856701 1.04148089494e-20 -0.0472125634551
    outer loop
      vertex 0.0249824412167 0.27389267087 0.0249824412167
      vertex 0.0250009838492 0.273500353098 0.597100973129
      vertex 0.0250009838492 0.273500353098 0.322100967169
    endloop
  endfacet
  facet normal 0.998840332031 0 -0.0481457673013
    outer loop
      vertex 0.0250009838492 0.273500353098 1.1750010252
      vertex 0.0250009838492 0.273500353098 0.905226886272
      vertex 0.0249817166477 0.273900061846 1.1750202179
    endloop
  endfacet
  facet normal 0.998840332031 1.05213044143e-19 -0.0481457673013
    outer loop
      vertex 0.0249817166477 0.273900061846 1.1750202179
      vertex 0.0250009838492 0.273500353098 0.905226886272
      vertex 0.0250009838492 0.273500353098 0.880226910114
    endloop
  endfacet
  facet normal 0.998840332031 1.04418627638e-20 -0.0481457673013
    outer loop
      vertex 0.0249817166477 0.273900061846 1.1750202179
      vertex 0.0250009838492 0.273500353098 0.880226910114
      vertex 0.0250009838492 0.273500353098 0.622100949287
    endloop
  endfacet
  facet normal 0.998840332031 0 -0.0481457673013
    outer loop
      vertex 0.0250009838492 0.273500353098 0.622100949287
      vertex 0.0250009838492 0.273500353098 0.597100973129
      vertex 0.0249817166477 0.273900061846 1.1750202179
    endloop
  endfacet
  facet normal 0.998884856701 0 -0.0472125634551
    outer loop
      vertex 0.0250009838492 0.273500353098 0.322100967169
      vertex 0.0250009838492 0.273500353098 0.297100961208
      vertex 0.0249824412167 0.27389267087 0.0249824412167
    endloop
  endfacet
  facet normal 0.998884856701 1.35685925545e-20 -0.0472125634551
    outer loop
      vertex 0.0249824412167 0.27389267087 0.0249824412167
      vertex 0.0250009838492 0.273500353098 0.297100961208
      vertex 0.0250009838492 0.273500353098 0.0250010024756
    endloop
  endfacet
  facet normal 0 0.716594576836 -0.697489917278
    outer loop
      vertex 0.0837110355496 0.210290297866 0.0188787709922
      vertex 0.0900009870529 0.204000383615 0.0250010024756
      vertex 0.281123220921 0.210290297866 0.0188787709922
    endloop
  endfacet
  facet normal -4.37460215854e-18 0.716594576836 -0.697489917278
    outer loop
      vertex 0.281123220921 0.210290297866 0.0188787709922
      vertex 0.0900009870529 0.204000383615 0.0250010024756
      vertex 0.275000989437 0.204000383615 0.0250010024756
    endloop
  endfacet
  facet normal 0 1 0
    outer loop
      vertex 0.275000989437 0.174000367522 0.0250010024756
      vertex 0.275000989437 0.204000383615 0.0250010024756
      vertex 0.120000988245 0.174000367522 0.0250010024756
    endloop
  endfacet
  facet normal 0 1 0
    outer loop
      vertex 0.120000988245 0.174000367522 0.0250010024756
      vertex 0.275000989437 0.204000383615 0.0250010024756
      vertex 0.0900009870529 0.204000383615 0.0250010024756
    endloop
  endfacet
  facet normal 0 1 0
    outer loop
      vertex 0.120000988245 0.174000367522 0.0250010024756
      vertex 0.0900009870529 0.204000383615 0.0250010024756
      vertex 0.0900009870529 0.0190003663301 0.0250010024756
    endloop
  endfacet
  facet normal -0 1 0
    outer loop
      vertex 0.0900009870529 0.0190003663301 0.0250010024756
      vertex 0.120000988245 0.0190003663301 0.0250010024756
      vertex 0.120000988245 0.174000367522 0.0250010024756
    endloop
  endfacet
  facet normal -0 0 1
    outer loop
      vertex 0.120000988245 0.174000367522 0.0250010024756
      vertex 0.120000988245 0.174000367522 9.89437126009e-07
      vertex 0.275000989437 0.174000367522 0.0250010024756
    endloop
  endfacet
  facet normal 0 0 1
    outer loop
      vertex 0.275000989437 0.174000367522 0.0250010024756
      vertex 0.120000988245 0.174000367522 9.89437126009e-07
      vertex 0.300000995398 0.174000367522 9.89437126009e-07
    endloop
  endfacet
  facet normal 0 -1 0
    outer loop
      vertex 9.98377799988e-07 -0.00599962845445 9.89437126009e-07
      vertex 9.98377799988e-07 0.294000357389 9.89437126009e-07
      vertex 0.120000988245 0.174000367522 9.89437126009e-07
    endloop
  endfacet
  facet normal 0 -1 -0
    outer loop
      vertex 0.120000988245 0.174000367522 9.89437126009e-07
      vertex 9.98377799988e-07 0.294000357389 9.89437126009e-07
      vertex 0.300000995398 0.294000357389 9.89437126009e-07
    endloop
  endfacet
  facet normal 0 -1 0
    outer loop
      vertex 0.120000988245 0.174000367522 9.89437126009e-07
      vertex 0.300000995398 0.294000357389 9.89437126009e-07
      vertex 0.300000995398 0.174000367522 9.89437126009e-07
    endloop
  endfacet
  facet normal 0 -1 0
    outer loop
      vertex 0.120000988245 0.174000367522 9.89437126009e-07
      vertex 0.120000988245 -0.00599962845445 9.89437126009e-07
      vertex 9.98377799988e-07 -0.00599962845445 9.89437126009e-07
    endloop
  endfacet
  facet normal -0 0.990268290043 0.139171332121
    outer loop
      vertex 0.0150474049151 0.278953909874 0.00592284230515
      vertex 0.294079184532 0.278953909874 0.00592284230515
      vertex 0.00704717077315 0.286954164505 0.00704718846828
    endloop
  endfacet
  facet normal -1.04975672599e-08 0.990268290043 0.13917170465
    outer loop
      vertex 0.00704717077315 0.286954164505 0.00704718846828
      vertex 0.294079184532 0.278953909874 0.00592284230515
      vertex 0.291964530945 0.294000357389 0.00803746003658
    endloop
  endfacet
  facet normal 8.79049696646e-19 0.990268230438 0.139172121882
    outer loop
      vertex 0.00704717077315 0.286954164505 0.00704718846828
      vertex 0.291964530945 0.294000357389 0.00803746003658
      vertex 0.00803744234145 0.294000357389 0.00803746003658
    endloop
  endfacet
  facet normal 0 0.996274292469 0.0862407982349
    outer loop
      vertex 0.294079184532 0.278953909874 0.00592284230515
      vertex 0.0150474049151 0.278953909874 0.00592284230515
      vertex 0.294091135263 0.278815507889 0.00591086177155
    endloop
  endfacet
  facet normal 8.21193407319e-06 0.997561335564 0.0697954446077
    outer loop
      vertex 0.294091135263 0.278815507889 0.00591086177155
      vertex 0.0150474049151 0.278953909874 0.00592284230515
      vertex 0.0152283282951 0.278773009777 0.00591018237174
    endloop
  endfacet
  facet normal -5.61628166906e-06 0.999782502651 -0.0208557397127
    outer loop
      vertex 0.294091135263 0.278815507889 0.00591086177155
      vertex 0.0152283282951 0.278773009777 0.00591018237174
      vertex 0.294088244438 0.278676658869 0.00591375865042
    endloop
  endfacet
  facet normal 2.10894722841e-05 0.995188176632 -0.0979820787907
    outer loop
      vertex 0.294088244438 0.278676658869 0.00591375865042
      vertex 0.0152283282951 0.278773009777 0.00591018237174
      vertex 0.0154819497839 0.278519392014 0.0059351446107
    endloop
  endfacet
  facet normal 4.34276125816e-06 0.991876721382 -0.127202749252
    outer loop
      vertex 0.294088244438 0.278676658869 0.00591375865042
      vertex 0.0154819497839 0.278519392014 0.0059351446107
      vertex 0.294070571661 0.278538882732 0.005931425374
    endloop
  endfacet
  facet normal -3.27915336129e-06 0.972604036331 -0.232468083501
    outer loop
      vertex 0.294070571661 0.278538882732 0.005931425374
      vertex 0.0154819497839 0.278519392014 0.0059351446107
      vertex 0.294038295746 0.278403788805 0.00596371898428
    endloop
  endfacet
  facet normal 2.23449187615e-05 0.9569272995 -0.290327697992
    outer loop
      vertex 0.294038295746 0.278403788805 0.00596371898428
      vertex 0.0154819497839 0.278519392014 0.0059351446107
      vertex 0.0157258156687 0.278275489807 0.00600913772359
    endloop
  endfacet
  facet normal -4.93031677706e-07 0.942322969437 -0.33470505476
    outer loop
      vertex 0.294038295746 0.278403788805 0.00596371898428
      vertex 0.0157258156687 0.278275489807 0.00600913772359
      vertex 0.293991774321 0.278272897005 0.0060102106072
    endloop
  endfacet
  facet normal 5.93353036038e-07 0.901121020317 -0.433567643166
    outer loop
      vertex 0.293991774321 0.278272897005 0.0060102106072
      vertex 0.0157258156687 0.278275489807 0.00600913772359
      vertex 0.293931573629 0.278147727251 0.00607043551281
    endloop
  endfacet
  facet normal 2.22169182962e-05 0.881904304028 -0.47142842412
    outer loop
      vertex 0.293931573629 0.278147727251 0.00607043551281
      vertex 0.0157258156687 0.278275489807 0.00600913772359
      vertex 0.0159505754709 0.278050780296 0.0061292652972
    endloop
  endfacet
  facet normal -2.5788169296e-05 0.820420861244 -0.571760058403
    outer loop
      vertex 0.293931573629 0.278147727251 0.00607043551281
      vertex 0.0159505754709 0.278050780296 0.0061292652972
      vertex 0.293772935867 0.277920126915 0.00622904347256
    endloop
  endfacet
  facet normal 2.07457178476e-05 0.772952020168 -0.634464502335
    outer loop
      vertex 0.293772935867 0.277920126915 0.00622904347256
      vertex 0.0159505754709 0.278050780296 0.0061292652972
      vertex 0.0161475762725 0.277853786945 0.00629094848409
    endloop
  endfacet
  facet normal -2.34106973949e-05 0.680374264717 -0.73286485672
    outer loop
      vertex 0.293772935867 0.277920126915 0.00622904347256
      vertex 0.0161475762725 0.277853786945 0.00629094848409
      vertex 0.293569654226 0.277731359005 0.00643235491589
    endloop
  endfacet
  facet normal 1.76975299837e-05 0.63444340229 -0.772969305515
    outer loop
      vertex 0.293569654226 0.277731359005 0.00643235491589
      vertex 0.0161475762725 0.277853786945 0.00629094848409
      vertex 0.0163092408329 0.277692109346 0.00648793019354
    endloop
  endfacet
  facet normal -1.97810459213e-05 0.509352982044 -0.860557675362
    outer loop
      vertex 0.293569654226 0.277731359005 0.00643235491589
      vertex 0.0163092408329 0.277692109346 0.00648793019354
      vertex 0.293330937624 0.277590066195 0.00667107151821
    endloop
  endfacet
  facet normal 1.32230834424e-05 0.471347302198 -0.881947696209
    outer loop
      vertex 0.293330937624 0.277590066195 0.00667107151821
      vertex 0.0163092408329 0.277692109346 0.00648793019354
      vertex 0.0164293777198 0.277571976185 0.00671269930899
    endloop
  endfacet
  facet normal -1.46400143421e-05 0.315170228481 -0.949035167694
    outer loop
      vertex 0.293330937624 0.277590066195 0.00667107151821
      vertex 0.0164293777198 0.277571976185 0.00671269930899
      vertex 0.293067663908 0.277502626181 0.00693435687572
    endloop
  endfacet
  facet normal 7.22898084859e-06 0.290344208479 -0.956922292709
    outer loop
      vertex 0.293067663908 0.277502626181 0.00693435687572
      vertex 0.0164293777198 0.277571976185 0.00671269930899
      vertex 0.0165033526719 0.277497977018 0.00695656565949
    endloop
  endfacet
  facet normal -4.83041958432e-06 0.146915152669 -0.989149093628
    outer loop
      vertex 0.293067663908 0.277502626181 0.00693435687572
      vertex 0.0165033526719 0.277497977018 0.00695656565949
      vertex 0.0165220741183 0.277479231358 0.00708273658529
    endloop
  endfacet
  facet normal 0 0.0490567758679 -0.998795986176
    outer loop
      vertex 0.016528332606 0.27747297287 0.00721015967429
      vertex 0.292791813612 0.27747297287 0.00721015967429
      vertex 0.0165220741183 0.277479231358 0.00708273658529
    endloop
  endfacet
  facet normal -2.67593750323e-05 0.106852628291 -0.99427485466
    outer loop
      vertex 0.0165220741183 0.277479231358 0.00708273658529
      vertex 0.292791813612 0.27747297287 0.00721015967429
      vertex 0.293067663908 0.277502626181 0.00693435687572
    endloop
  endfacet
  facet normal 0 -0.00198430614546 -0.999998033047
    outer loop
      vertex 0.016528332606 0.27747297287 0.00721015967429
      vertex 0.0165098886937 0.27749145031 0.0165099147707
      vertex 0.292791813612 0.27747297287 0.00721015967429
    endloop
  endfacet
  facet normal 1.71321463682e-08 -0.00198379717767 -0.999998033047
    outer loop
      vertex 0.292791813612 0.27747297287 0.00721015967429
      vertex 0.0165098886937 0.27749145031 0.0165099147707
      vertex 0.279000997543 0.277500331402 0.0210010055453
    endloop
  endfacet
  facet normal -0 -0.0019827960059 -0.999998033047
    outer loop
      vertex 0.279000997543 0.277500331402 0.0210010055453
      vertex 0.0165098886937 0.27749145031 0.0165099147707
      vertex 0.0210009794682 0.277500331402 0.0210010055453
    endloop
  endfacet
  facet normal 0 0 -1
    outer loop
      vertex 0.279000997543 0.277500331402 0.0210010055453
      vertex 0.0210009794682 0.277500331402 0.0210010055453
      vertex 0.278993070126 0.277500331402 0.0210089087486
    endloop
  endfacet
  facet normal -2.94937035505e-06 0.0962746739388 -0.995354831219
    outer loop
      vertex 0.278993070126 0.277500331402 0.0210089087486
      vertex 0.0210009794682 0.277500331402 0.0210010055453
      vertex 0.0217818953097 0.277424812317 0.0217819213867
    endloop
  endfacet
  facet normal 2.67383052233e-06 0.0981280431151 -0.995173811913
    outer loop
      vertex 0.278993070126 0.277500331402 0.0210089087486
      vertex 0.0217818953097 0.277424812317 0.0217819213867
      vertex 0.27821329236 0.27742344141 0.0217887163162
    endloop
  endfacet
  facet normal -2.58709678747e-06 0.289093673229 -0.957300841808
    outer loop
      vertex 0.27821329236 0.27742344141 0.0217887163162
      vertex 0.0217818953097 0.277424812317 0.0217819213867
      vertex 0.0225329492241 0.277198016644 0.0225329771638
    endloop
  endfacet
  facet normal 2.35228776546e-06 0.290647923946 -0.956830084324
    outer loop
      vertex 0.27821329236 0.27742344141 0.0217887163162
      vertex 0.0225329492241 0.277198016644 0.0225329771638
      vertex 0.277463555336 0.277195721865 0.0225384477526
    endloop
  endfacet
  facet normal -2.18261607188e-06 0.470743715763 -0.882269978523
    outer loop
      vertex 0.277463555336 0.277195721865 0.0225384477526
      vertex 0.0225329492241 0.277198016644 0.0225329771638
      vertex 0.0232251379639 0.276828676462 0.0232251659036
    endloop
  endfacet
  facet normal 1.92035759028e-06 0.471925228834 -0.881638586521
    outer loop
      vertex 0.277463555336 0.277195721865 0.0225384477526
      vertex 0.0232251379639 0.276828676462 0.0232251659036
      vertex 0.276772737503 0.276825934649 0.0232292786241
    endloop
  endfacet
  facet normal -1.89033482911e-06 0.634216427803 -0.77315557003
    outer loop
      vertex 0.276772737503 0.276825934649 0.0232292786241
      vertex 0.0232251379639 0.276828676462 0.0232251659036
      vertex 0.0238317288458 0.27633112669 0.0238317381591
    endloop
  endfacet
  facet normal 1.42917065205e-06 0.635048747063 -0.772472023964
    outer loop
      vertex 0.276772737503 0.276825934649 0.0232292786241
      vertex 0.0238317288458 0.27633112669 0.0238317381591
      vertex 0.276167452335 0.276328325272 0.0238345637918
    endloop
  endfacet
  facet normal -1.64554728599e-06 0.773157119751 -0.634214520454
    outer loop
      vertex 0.276167452335 0.276328325272 0.0238345637918
      vertex 0.0238317288458 0.27633112669 0.0238317381591
      vertex 0.0243292972445 0.27572453022 0.0243293065578
    endloop
  endfacet
  facet normal 1.24531413803e-06 0.773748278618 -0.633493125439
    outer loop
      vertex 0.276167452335 0.276328325272 0.0238345637918
      vertex 0.0243292972445 0.27572453022 0.0243293065578
      vertex 0.275671035051 0.275722026825 0.0243309512734
    endloop
  endfacet
  facet normal -1.08601841475e-06 0.882271170616 -0.470741569996
    outer loop
      vertex 0.275671035051 0.275722026825 0.0243309512734
      vertex 0.0243292972445 0.27572453022 0.0243293065578
      vertex 0.0246986187994 0.27503234148 0.0246986281127
    endloop
  endfacet
  facet normal 8.44293992941e-07 0.882562756538 -0.470194607973
    outer loop
      vertex 0.275671035051 0.275722026825 0.0243309512734
      vertex 0.0246986187994 0.27503234148 0.0246986281127
      vertex 0.27530258894 0.275030493736 0.0246993787587
    endloop
  endfacet
  facet normal -7.23363825728e-07 0.957292795181 -0.289120256901
    outer loop
      vertex 0.27530258894 0.275030493736 0.0246993787587
      vertex 0.0246986187994 0.27503234148 0.0246986281127
      vertex 0.0249254349619 0.274281263351 0.0249254722148
    endloop
  endfacet
  facet normal 4.30282653952e-07 0.957399427891 -0.288766920567
    outer loop
      vertex 0.27530258894 0.275030493736 0.0246993787587
      vertex 0.0249254349619 0.274281263351 0.0249254722148
      vertex 0.27507635951 0.274280309677 0.0249256510288
    endloop
  endfacet
  facet normal -1.47350036173e-07 0.989423811436 -0.145053550601
    outer loop
      vertex 0.27507635951 0.274280309677 0.0249256510288
      vertex 0.0249254349619 0.274281263351 0.0249254722148
      vertex 0.0249824412167 0.27389267087 0.0249824412167
    endloop
  endfacet
  facet normal -1.34842084165e-08 0.989436209202 -0.144969001412
    outer loop
      vertex 0.27507635951 0.274280309677 0.0249256510288
      vertex 0.0249824412167 0.27389267087 0.0249824412167
      vertex 0.275019496679 0.273892194033 0.0249825138599
    endloop
  endfacet
  facet normal -1.97869326257e-07 0.998882710934 -0.0472579784691
    outer loop
      vertex 0.275019496679 0.273892194033 0.0249825138599
      vertex 0.0249824412167 0.27389267087 0.0249824412167
      vertex 0.0250009838492 0.273500353098 0.0250010024756
    endloop
  endfacet
  facet normal -1.35686216351e-20 0.998888671398 -0.047132011503
    outer loop
      vertex 0.275019496679 0.273892194033 0.0249825138599
      vertex 0.0250009838492 0.273500353098 0.0250010024756
      vertex 0.275000989437 0.273500353098 0.0250010024756
    endloop
  endfacet
  facet normal 0 1 0
    outer loop
      vertex 0.275000989437 0.261500358582 0.0250010024756
      vertex 0.275000989437 0.273500353098 0.0250010024756
      vertex 0.0325009860098 0.261500358582 0.0250010024756
    endloop
  endfacet
  facet normal 0 1 0
    outer loop
      vertex 0.0325009860098 0.261500358582 0.0250010024756
      vertex 0.275000989437 0.273500353098 0.0250010024756
      vertex 0.0250009838492 0.273500353098 0.0250010024756
    endloop
  endfacet
  facet normal 0 1 0
    outer loop
      vertex 0.0325009860098 0.261500358582 0.0250010024756
      vertex 0.0250009838492 0.273500353098 0.0250010024756
      vertex 0.0250009838492 0.269000351429 0.0250010024756
    endloop
  endfacet
  facet normal 0 1 -0
    outer loop
      vertex 0.0250009838492 0.269000351429 0.0250010024756
      vertex 0.0205009803176 0.269000351429 0.0250010024756
      vertex 0.0325009860098 0.261500358582 0.0250010024756
    endloop
  endfacet
  facet normal 0 1 0
    outer loop
      vertex 0.0325009860098 0.261500358582 0.0250010024756
      vertex 0.0205009803176 0.269000351429 0.0250010024756
      vertex 0.0205009803176 0.0190003663301 0.0250010024756
    endloop
  endfacet
  facet normal 0 1 -0
    outer loop
      vertex 0.0325009860098 0.261500358582 0.0250010024756
      vertex 0.0205009803176 0.0190003663301 0.0250010024756
      vertex 0.0325009860098 0.0190003663301 0.0250010024756
    endloop
  endfacet
  facet normal 0 0.998793542385 0.0491060614586
    outer loop
      vertex 0.275000989437 0.261500358582 0.0250010024756
      vertex 0.0325009860098 0.261500358582 0.0250010024756
      vertex 0.27502027154 0.261108279228 0.024981725961
    endloop
  endfacet
  facet normal -7.94804946054e-05 0.995177328587 0.0980921313167
    outer loop
      vertex 0.27502027154 0.261108279228 0.024981725961
      vertex 0.0325009860098 0.261500358582 0.0250010024756
      vertex 0.0332813411951 0.260720014572 0.0249241478741
    endloop
  endfacet
  facet normal 0 0.989182889462 0.146687343717
    outer loop
      vertex 0.27502027154 0.261108279228 0.024981725961
      vertex 0.0332813411951 0.260720014572 0.0249241478741
      vertex 0.275077849627 0.260720014572 0.0249241478741
    endloop
  endfacet
  facet normal 0 0.956941902637 0.290279507637
    outer loop
      vertex 0.275077849627 0.260720014572 0.0249241478741
      vertex 0.0332813411951 0.260720014572 0.0249241478741
      vertex 0.0340317152441 0.259969592094 0.0246965177357
    endloop
  endfacet
  facet normal -1.12789798834e-19 0.956941902637 0.290279507637
    outer loop
      vertex 0.275077849627 0.260720014572 0.0249241478741
      vertex 0.0340317152441 0.259969592094 0.0246965177357
      vertex 0.275305479765 0.259969592094 0.0246965177357
    endloop
  endfacet
  facet normal 0 0.881908118725 0.471421301365
    outer loop
      vertex 0.275305479765 0.259969592094 0.0246965177357
      vertex 0.0340317152441 0.259969592094 0.0246965177357
      vertex 0.0347232781351 0.259278088808 0.0243268739432
    endloop
  endfacet
  facet normal -2.39360142331e-19 0.881908118725 0.471421301365
    outer loop
      vertex 0.275305479765 0.259969592094 0.0246965177357
      vertex 0.0347232781351 0.259278088808 0.0243268739432
      vertex 0.27567511797 0.259278088808 0.0243268739432
    endloop
  endfacet
  facet normal 0 0.773003399372 0.634401857853
    outer loop
      vertex 0.27567511797 0.259278088808 0.0243268739432
      vertex 0.0347232781351 0.259278088808 0.0243268739432
      vertex 0.0353294126689 0.258671939373 0.0238294135779
    endloop
  endfacet
  facet normal 2.56265852895e-19 0.773003399372 0.634401857853
    outer loop
      vertex 0.27567511797 0.259278088808 0.0243268739432
      vertex 0.0353294126689 0.258671939373 0.0238294135779
      vertex 0.276172578335 0.258671939373 0.0238294135779
    endloop
  endfacet
  facet normal 0 0.634401857853 0.773003399372
    outer loop
      vertex 0.276172578335 0.258671939373 0.0238294135779
      vertex 0.0353294126689 0.258671939373 0.0238294135779
      vertex 0.0358268730342 0.258174479008 0.0232232697308
    endloop
  endfacet
  facet normal -2.73385932485e-19 0.634401857853 0.773003399372
    outer loop
      vertex 0.276172578335 0.258671939373 0.0238294135779
      vertex 0.0358268730342 0.258174479008 0.0232232697308
      vertex 0.27677872777 0.258174479008 0.0232232697308
    endloop
  endfacet
  facet normal 0 0.471402347088 0.881918251514
    outer loop
      vertex 0.27677872777 0.258174479008 0.0232232697308
      vertex 0.0358268730342 0.258174479008 0.0232232697308
      vertex 0.0361965000629 0.257804840803 0.0225317254663
    endloop
  endfacet
  facet normal 0 0.471402347088 0.881918251514
    outer loop
      vertex 0.27677872777 0.258174479008 0.0232232697308
      vertex 0.0361965000629 0.257804840803 0.0225317254663
      vertex 0.277470260859 0.257804840803 0.0225317254663
    endloop
  endfacet
  facet normal 0 0.290292203426 0.956938028336
    outer loop
      vertex 0.277470260859 0.257804840803 0.0225317254663
      vertex 0.0361965000629 0.257804840803 0.0225317254663
      vertex 0.0364241190255 0.257577210665 0.0217813495547
    endloop
  endfacet
  facet normal 1.49601119701e-19 0.290292203426 0.956938028336
    outer loop
      vertex 0.277470260859 0.257804840803 0.0225317254663
      vertex 0.0364241190255 0.257577210665 0.0217813495547
      vertex 0.278220653534 0.257577210665 0.0217813495547
    endloop
  endfacet
  facet normal 0 0.146687343717 0.989182889462
    outer loop
      vertex 0.278220653534 0.257577210665 0.0217813495547
      vertex 0.0364241190255 0.257577210665 0.0217813495547
      vertex 0.0364817343652 0.257519632578 0.0213930737227
    endloop
  endfacet
  facet normal 7.94805018813e-05 0.0980921313167 0.995177328587
    outer loop
      vertex 0.278220653534 0.257577210665 0.0217813495547
      vertex 0.0364817343652 0.257519632578 0.0213930737227
      vertex 0.279000997543 0.257500350475 0.0210010055453
    endloop
  endfacet
  facet normal 0 0.0491060614586 0.998793542385
    outer loop
      vertex 0.279000997543 0.257500350475 0.0210010055453
      vertex 0.0364817343652 0.257519632578 0.0213930737227
      vertex 0.0365009829402 0.257500350475 0.0210010055453
    endloop
  endfacet
  facet normal -0 0.0492014214396 0.998788893223
    outer loop
      vertex 0.0365009829402 0.257500350475 0.00612196931615
      vertex 0.0365106128156 0.257490694523 0.00592595385388
      vertex 0.293880015612 0.257500350475 0.00612196931615
    endloop
  endfacet
  facet normal -3.73173352273e-05 0.0980216264725 0.99518430233
    outer loop
      vertex 0.293880015612 0.257500350475 0.00612196931615
      vertex 0.0365106128156 0.257490694523 0.00592595385388
      vertex 0.294270187616 0.257461905479 0.00573179731146
    endloop
  endfacet
  facet normal 0 0.146674126387 0.989184856415
    outer loop
      vertex 0.294270187616 0.257461905479 0.00573179731146
      vertex 0.0365106128156 0.257490694523 0.00592595385388
      vertex 0.0365394093096 0.257461905479 0.00573179731146
    endloop
  endfacet
  facet normal 0 0.29025042057 0.956950724125
    outer loop
      vertex 0.294270187616 0.257461905479 0.00573179731146
      vertex 0.0365394093096 0.257461905479 0.00573179731146
      vertex 0.0366532243788 0.257348120213 0.00535660982132
    endloop
  endfacet
  facet normal 0 0.29025042057 0.956950724125
    outer loop
      vertex 0.294270187616 0.257461905479 0.00573179731146
      vertex 0.0366532243788 0.257348120213 0.00535660982132
      vertex 0.294645369053 0.257348120213 0.00535660982132
    endloop
  endfacet
  facet normal 0 0.471421301365 0.881908118725
    outer loop
      vertex 0.294645369053 0.257348120213 0.00535660982132
      vertex 0.0366532243788 0.257348120213 0.00535660982132
      vertex 0.0368380472064 0.257163286209 0.00501085538417
    endloop
  endfacet
  facet normal 0 0.471421301365 0.881908118725
    outer loop
      vertex 0.294645369053 0.257348120213 0.00535660982132
      vertex 0.0368380472064 0.257163286209 0.00501085538417
      vertex 0.2949911654 0.257163286209 0.00501085538417
    endloop
  endfacet
  facet normal 0 0.634379506111 0.773021757603
    outer loop
      vertex 0.2949911654 0.257163286209 0.00501085538417
      vertex 0.0368380472064 0.257163286209 0.00501085538417
      vertex 0.0370867699385 0.256914556026 0.00470776576549
    endloop
  endfacet
  facet normal -1.36872218866e-19 0.634379506111 0.773021757603
    outer loop
      vertex 0.2949911654 0.257163286209 0.00501085538417
      vertex 0.0370867699385 0.256914556026 0.00470776576549
      vertex 0.295294225216 0.256914556026 0.00470776576549
    endloop
  endfacet
  facet normal 0 0.773021757603 0.634379506111
    outer loop
      vertex 0.295294225216 0.256914556026 0.00470776576549
      vertex 0.0370867699385 0.256914556026 0.00470776576549
      vertex 0.0373898409307 0.256611466408 0.00445903558284
    endloop
  endfacet
  facet normal 1.28272590724e-19 0.773021757603 0.634379506111
    outer loop
      vertex 0.295294225216 0.256914556026 0.00470776576549
      vertex 0.0373898409307 0.256611466408 0.00445903558284
      vertex 0.295542955399 0.256611466408 0.00445903558284
    endloop
  endfacet
  facet normal 0 0.881908118725 0.471421301365
    outer loop
      vertex 0.295542955399 0.256611466408 0.00445903558284
      vertex 0.0373898409307 0.256611466408 0.00445903558284
      vertex 0.0377356112003 0.256265729666 0.00427421368659
    endloop
  endfacet
  facet normal -1.19776011192e-19 0.881908118725 0.471421301365
    outer loop
      vertex 0.295542955399 0.256611466408 0.00445903558284
      vertex 0.0377356112003 0.256265729666 0.00427421368659
      vertex 0.2957277596 0.256265729666 0.00427421368659
    endloop
  endfacet
  facet normal 0 0.956950724125 0.29025042057
    outer loop
      vertex 0.2957277596 0.256265729666 0.00427421368659
      vertex 0.0377356112003 0.256265729666 0.00427421368659
      vertex 0.0381107926369 0.255890548229 0.00416041631252
    endloop
  endfacet
  facet normal 0 0.956950724125 0.29025042057
    outer loop
      vertex 0.2957277596 0.256265729666 0.00427421368659
      vertex 0.0381107926369 0.255890548229 0.00416041631252
      vertex 0.295841574669 0.255890548229 0.00416041631252
    endloop
  endfacet
  facet normal 0 0.989184856415 0.146674126387
    outer loop
      vertex 0.295841574669 0.255890548229 0.00416041631252
      vertex 0.0381107926369 0.255890548229 0.00416041631252
      vertex 0.295870393515 0.255696386099 0.00413162726909
    endloop
  endfacet
  facet normal 3.73173315893e-05 0.99518430233 0.0980216264725
    outer loop
      vertex 0.295870393515 0.255696386099 0.00413162726909
      vertex 0.0381107926369 0.255890548229 0.00416041631252
      vertex 0.0385009795427 0.255500376225 0.00412197131664
    endloop
  endfacet
  facet normal 0 0.998788893223 0.0492014214396
    outer loop
      vertex 0.295870393515 0.255696386099 0.00413162726909
      vertex 0.0385009795427 0.255500376225 0.00412197131664
      vertex 0.295880019665 0.255500376225 0.00412197131664
    endloop
  endfacet
  facet normal 0 0.999999880791 -0.000527913332917
    outer loop
      vertex 0.0385009795427 0.255500376225 0.00412197131664
      vertex 0.0805020406842 0.213499292731 0.00414414424449
      vertex 0.295880019665 0.255500376225 0.00412197131664
    endloop
  endfacet
  facet normal -1.38092423361e-20 0.999999880791 -0.000527913332917
    outer loop
      vertex 0.295880019665 0.255500376225 0.00412197131664
      vertex 0.0805020406842 0.213499292731 0.00414414424449
      vertex 0.295857846737 0.213499292731 0.00414414424449
    endloop
  endfacet
  facet normal 0 0.99876999855 -0.0495830327272
    outer loop
      vertex 0.295857846737 0.213499292731 0.00414414424449
      vertex 0.0805020406842 0.213499292731 0.00414414424449
      vertex 0.29584813118 0.213303357363 0.00415387190878
    endloop
  endfacet
  facet normal 4.47564852948e-05 0.99512809515 -0.0985903590918
    outer loop
      vertex 0.29584813118 0.213303357363 0.00415387190878
      vertex 0.0805020406842 0.213499292731 0.00414414424449
      vertex 0.0808920711279 0.213109269738 0.00418276805431
    endloop
  endfacet
  facet normal 0 0.98909753561 -0.147261992097
    outer loop
      vertex 0.29584813118 0.213303357363 0.00415387190878
      vertex 0.0808920711279 0.213109269738 0.00418276805431
      vertex 0.295819252729 0.213109269738 0.00418276805431
    endloop
  endfacet
  facet normal 0 0.956836163998 -0.290627807379
    outer loop
      vertex 0.295819252729 0.213109269738 0.00418276805431
      vertex 0.0808920711279 0.213109269738 0.00418276805431
      vertex 0.0812670812011 0.212734252214 0.00429667253047
    endloop
  endfacet
  facet normal -5.64842413857e-20 0.956836163998 -0.290627807379
    outer loop
      vertex 0.295819252729 0.213109269738 0.00418276805431
      vertex 0.0812670812011 0.212734252214 0.00429667253047
      vertex 0.295705318451 0.212734252214 0.00429667253047
    endloop
  endfacet
  facet normal 0 0.881730794907 -0.471752882004
    outer loop
      vertex 0.295705318451 0.212734252214 0.00429667253047
      vertex 0.0812670812011 0.212734252214 0.00429667253047
      vertex 0.0816126763821 0.212388679385 0.00448156613857
    endloop
  endfacet
  facet normal -1.19982987291e-19 0.881730794907 -0.471752882004
    outer loop
      vertex 0.295705318451 0.212734252214 0.00429667253047
      vertex 0.0816126763821 0.212388679385 0.00448156613857
      vertex 0.295520424843 0.212388679385 0.00448156613857
    endloop
  endfacet
  facet normal 0 0.772838115692 -0.634603202343
    outer loop
      vertex 0.295520424843 0.212388679385 0.00448156613857
      vertex 0.0816126763821 0.212388679385 0.00448156613857
      vertex 0.0819155722857 0.21208576858 0.00473029632121
    endloop
  endfacet
  facet normal -1.28559066634e-19 0.772838115692 -0.634603202343
    outer loop
      vertex 0.295520424843 0.212388679385 0.00448156613857
      vertex 0.0819155722857 0.21208576858 0.00473029632121
      vertex 0.29527169466 0.21208576858 0.00473029632121
    endloop
  endfacet
  facet normal 0 0.634196341038 -0.773172020912
    outer loop
      vertex 0.29527169466 0.21208576858 0.00473029632121
      vertex 0.0819155722857 0.21208576858 0.00473029632121
      vertex 0.294968664646 0.211837217212 0.00503331422806
    endloop
  endfacet
  facet normal 0 0.634196341038 -0.773172020912
    outer loop
      vertex 0.294968664646 0.211837217212 0.00503331422806
      vertex 0.0819155722857 0.21208576858 0.00473029632121
      vertex 0.0821641460061 0.211837217212 0.00503331422806
    endloop
  endfacet
  facet normal 0 0.47124633193 -0.882001638412
    outer loop
      vertex 0.294968664646 0.211837217212 0.00503331422806
      vertex 0.0821641460061 0.211837217212 0.00503331422806
      vertex 0.294622987509 0.211652502418 0.00537903327495
    endloop
  endfacet
  facet normal 0 0.47124633193 -0.882001638412
    outer loop
      vertex 0.294622987509 0.211652502418 0.00537903327495
      vertex 0.0821641460061 0.211837217212 0.00503331422806
      vertex 0.0823488458991 0.211652502418 0.00537903327495
    endloop
  endfacet
  facet normal 0 0.290184676647 -0.956970691681
    outer loop
      vertex 0.294622987509 0.211652502418 0.00537903327495
      vertex 0.0823488458991 0.211652502418 0.00537903327495
      vertex 0.294247925282 0.211538776755 0.00575407780707
    endloop
  endfacet
  facet normal 0 0.290184676647 -0.956970691681
    outer loop
      vertex 0.294247925282 0.211538776755 0.00575407780707
      vertex 0.0823488458991 0.211652502418 0.00537903327495
      vertex 0.0824625790119 0.211538776755 0.00575407780707
    endloop
  endfacet
  facet normal 0 0.146727010608 -0.989177048206
    outer loop
      vertex 0.294247925282 0.211538776755 0.00575407780707
      vertex 0.0824625790119 0.211538776755 0.00575407780707
      vertex 0.0824913606048 0.211509987712 0.00594816217199
    endloop
  endfacet
  facet normal 0 0.0490285567939 -0.998797357082
    outer loop
      vertex 0.0825009867549 0.211500376463 0.00614414224401
      vertex 0.293857872486 0.211500376463 0.00614414224401
      vertex 0.0824913606048 0.211509987712 0.00594816217199
    endloop
  endfacet
  facet normal -4.55241897726e-05 0.097949847579 -0.995191335678
    outer loop
      vertex 0.0824913606048 0.211509987712 0.00594816217199
      vertex 0.293857872486 0.211500376463 0.00614414224401
      vertex 0.294247925282 0.211538776755 0.00575407780707
    endloop
  endfacet
  facet normal 0 0.0498884767294 -0.998754799366
    outer loop
      vertex 0.0825009867549 0.211500376463 0.0160123836249
      vertex 0.082520917058 0.21148045361 0.0164111740887
      vertex 0.283989608288 0.211500376463 0.0160123836249
    endloop
  endfacet
  facet normal 9.92050263449e-05 0.0998194664717 -0.995005548
    outer loop
      vertex 0.283989608288 0.211500376463 0.0160123836249
      vertex 0.082520917058 0.21148045361 0.0164111740887
      vertex 0.283196002245 0.211420834064 0.0168059952557
    endloop
  endfacet
  facet normal 0 0.149303913116 -0.98879134655
    outer loop
      vertex 0.283196002245 0.211420834064 0.0168059952557
      vertex 0.082520917058 0.21148045361 0.0164111740887
      vertex 0.082580499351 0.211420834064 0.0168059952557
    endloop
  endfacet
  facet normal 0 0.295125424862 -0.955458521843
    outer loop
      vertex 0.283196002245 0.211420834064 0.0168059952557
      vertex 0.082580499351 0.211420834064 0.0168059952557
      vertex 0.282433927059 0.211185440421 0.0175680648535
    endloop
  endfacet
  facet normal 0 0.295125424862 -0.955458521843
    outer loop
      vertex 0.282433927059 0.211185440421 0.0175680648535
      vertex 0.082580499351 0.211420834064 0.0168059952557
      vertex 0.0828158929944 0.211185440421 0.0175680648535
    endloop
  endfacet
  facet normal 0 0.478801876307 -0.87792301178
    outer loop
      vertex 0.282433927059 0.211185440421 0.0175680648535
      vertex 0.0828158929944 0.211185440421 0.0175680648535
      vertex 0.281733721495 0.210803568363 0.0182682648301
    endloop
  endfacet
  facet normal 0 0.478801876307 -0.87792301178
    outer loop
      vertex 0.281733721495 0.210803568363 0.0182682648301
      vertex 0.0828158929944 0.211185440421 0.0175680648535
      vertex 0.0831978023052 0.210803568363 0.0182682648301
    endloop
  endfacet
  facet normal 0 0.64351695776 -0.765431880951
    outer loop
      vertex 0.281733721495 0.210803568363 0.0182682648301
      vertex 0.0831978023052 0.210803568363 0.0182682648301
      vertex 0.281123220921 0.210290297866 0.0188787709922
    endloop
  endfacet
  facet normal 0 0.64351695776 -0.765431880951
    outer loop
      vertex 0.281123220921 0.210290297866 0.0188787709922
      vertex 0.0831978023052 0.210803568363 0.0182682648301
      vertex 0.0837110355496 0.210290297866 0.0188787709922
    endloop
  endfacet
  facet normal -1 0 0
    outer loop
      vertex 0.275000989437 0.261500358582 0.905226886272
      vertex 0.275000989437 0.261500358582 1.1750010252
      vertex 0.275000989437 0.273500353098 0.905226886272
    endloop
  endfacet
  facet normal -1 0 0
    outer loop
      vertex 0.275000989437 0.273500353098 0.905226886272
      vertex 0.275000989437 0.261500358582 1.1750010252
      vertex 0.275000989437 0.273500353098 1.1750010252
    endloop
  endfacet
  facet normal -1 0 0
    outer loop
      vertex 0.275000989437 0.273500353098 0.297100961208
      vertex 0.275000989437 0.273500353098 0.0250010024756
      vertex 0.275000989437 0.261500358582 0.297100961208
    endloop
  endfacet
  facet normal -1 -0 0
    outer loop
      vertex 0.275000989437 0.261500358582 0.297100961208
      vertex 0.275000989437 0.273500353098 0.0250010024756
      vertex 0.275000989437 0.261500358582 0.0250010024756
    endloop
  endfacet
  facet normal -1 0 0
    outer loop
      vertex 0.275000989437 0.261500358582 0.622100949287
      vertex 0.275000989437 0.261500358582 0.880226910114
      vertex 0.275000989437 0.273500353098 0.622100949287
    endloop
  endfacet
  facet normal -1 0 0
    outer loop
      vertex 0.275000989437 0.273500353098 0.622100949287
      vertex 0.275000989437 0.261500358582 0.880226910114
      vertex 0.275000989437 0.273500353098 0.880226910114
    endloop
  endfacet
  facet normal -1 0 0
    outer loop
      vertex 0.275000989437 0.273500353098 0.504377067089
      vertex 0.275000989437 0.273500353098 0.322100967169
      vertex 0.275000989437 0.261500358582 0.504377067089
    endloop
  endfacet
  facet normal -1 -0 0
    outer loop
      vertex 0.275000989437 0.261500358582 0.504377067089
      vertex 0.275000989437 0.273500353098 0.322100967169
      vertex 0.275000989437 0.261500358582 0.322100967169
    endloop
  endfacet
  facet normal -1 0 0
    outer loop
      vertex 0.275000989437 0.261500358582 0.513172030449
      vertex 0.275000989437 0.261500358582 0.597100973129
      vertex 0.275000989437 0.273500353098 0.513172030449
    endloop
  endfacet
  facet normal -1 0 0
    outer loop
      vertex 0.275000989437 0.273500353098 0.513172030449
      vertex 0.275000989437 0.261500358582 0.597100973129
      vertex 0.275000989437 0.273500353098 0.597100973129
    endloop
  endfacet
  facet normal -1 0 0
    outer loop
      vertex 0.275000989437 0.204000383615 0.905226886272
      vertex 0.275000989437 0.174000367522 0.905226886272
      vertex 0.275000989437 0.204000383615 1.1750010252
    endloop
  endfacet
  facet normal -1 0 0
    outer loop
      vertex 0.275000989437 0.204000383615 1.1750010252
      vertex 0.275000989437 0.174000367522 0.905226886272
      vertex 0.275000989437 0.174000367522 1.1750010252
    endloop
  endfacet
  facet normal -1 0 0
    outer loop
      vertex 0.275000989437 0.204000383615 0.297100961208
      vertex 0.275000989437 0.204000383615 0.0250010024756
      vertex 0.275000989437 0.174000367522 0.297100961208
    endloop
  endfacet
  facet normal -1 -0 0
    outer loop
      vertex 0.275000989437 0.174000367522 0.297100961208
      vertex 0.275000989437 0.204000383615 0.0250010024756
      vertex 0.275000989437 0.174000367522 0.0250010024756
    endloop
  endfacet
  facet normal -1 0 0
    outer loop
      vertex 0.275000989437 0.174000367522 0.622100949287
      vertex 0.275000989437 0.174000367522 0.880226910114
      vertex 0.275000989437 0.204000383615 0.622100949287
    endloop
  endfacet
  facet normal -1 0 0
    outer loop
      vertex 0.275000989437 0.204000383615 0.622100949287
      vertex 0.275000989437 0.174000367522 0.880226910114
      vertex 0.275000989437 0.204000383615 0.880226910114
    endloop
  endfacet
  facet normal -1 0 0
    outer loop
      vertex 0.275000989437 0.174000367522 0.513172030449
      vertex 0.275000989437 0.174000367522 0.597100973129
      vertex 0.275000989437 0.204000383615 0.513172030449
    endloop
  endfacet
  facet normal -1 0 0
    outer loop
      vertex 0.275000989437 0.204000383615 0.513172030449
      vertex 0.275000989437 0.174000367522 0.597100973129
      vertex 0.275000989437 0.204000383615 0.597100973129
    endloop
  endfacet
  facet normal -1 0 0
    outer loop
      vertex 0.275000989437 0.204000383615 0.504377067089
      vertex 0.275000989437 0.204000383615 0.322100967169
      vertex 0.275000989437 0.174000367522 0.504377067089
    endloop
  endfacet
  facet normal -1 -0 0
    outer loop
      vertex 0.275000989437 0.174000367522 0.504377067089
      vertex 0.275000989437 0.204000383615 0.322100967169
      vertex 0.275000989437 0.174000367522 0.322100967169
    endloop
  endfacet
  facet normal -0.99888163805 -0 -0.04728070274
    outer loop
      vertex 0.275000989437 0.273500353098 1.1750010252
      vertex 0.275019556284 0.27389267087 1.17501950264
      vertex 0.275000989437 0.273500353098 0.905226886272
    endloop
  endfacet
  facet normal -0.99888163805 -0 -0.04728070274
    outer loop
      vertex 0.275000989437 0.273500353098 0.905226886272
      vertex 0.275019556284 0.27389267087 1.17501950264
      vertex 0.275000989437 0.273500353098 0.880226910114
    endloop
  endfacet
  facet normal -0.99888163805 -0 -0.04728070274
    outer loop
      vertex 0.275000989437 0.273500353098 0.880226910114
      vertex 0.275019556284 0.27389267087 1.17501950264
      vertex 0.275000989437 0.273500353098 0.622100949287
    endloop
  endfacet
  facet normal -0.99888163805 -0 -0.04728070274
    outer loop
      vertex 0.275000989437 0.273500353098 0.622100949287
      vertex 0.275019556284 0.27389267087 1.17501950264
      vertex 0.275000989437 0.273500353098 0.597100973129
    endloop
  endfacet
  facet normal -0.998884081841 3.52663214187e-08 -0.0472288653255
    outer loop
      vertex 0.275000989437 0.273500353098 0.597100973129
      vertex 0.275019556284 0.27389267087 1.17501950264
      vertex 0.275019496679 0.273892194033 0.0249825138599
    endloop
  endfacet
  facet normal -0.998886525631 -0 -0.0471774898469
    outer loop
      vertex 0.275000989437 0.273500353098 0.597100973129
      vertex 0.275019496679 0.273892194033 0.0249825138599
      vertex 0.275000989437 0.273500353098 0.513172030449
    endloop
  endfacet
  facet normal -0.998886525631 -0 -0.0471774898469
    outer loop
      vertex 0.275000989437 0.273500353098 0.513172030449
      vertex 0.275019496679 0.273892194033 0.0249825138599
      vertex 0.275000989437 0.273500353098 0.504377067089
    endloop
  endfacet
  facet normal -0.998886525631 -0 -0.0471774898469
    outer loop
      vertex 0.275000989437 0.273500353098 0.504377067089
      vertex 0.275019496679 0.273892194033 0.0249825138599
      vertex 0.275000989437 0.273500353098 0.322100967169
    endloop
  endfacet
  facet normal -0.998886525631 -0 -0.0471774898469
    outer loop
      vertex 0.275000989437 0.273500353098 0.322100967169
      vertex 0.275019496679 0.273892194033 0.0249825138599
      vertex 0.275000989437 0.273500353098 0.297100961208
    endloop
  endfacet
  facet normal -0.998886525631 -0 -0.0471774898469
    outer loop
      vertex 0.275000989437 0.273500353098 0.297100961208
      vertex 0.275019496679 0.273892194033 0.0249825138599
      vertex 0.275000989437 0.273500353098 0.0250010024756
    endloop
  endfacet
  facet normal -0.989436209202 -4.76045247666e-09 -0.144969001412
    outer loop
      vertex 0.275019496679 0.273892194033 0.0249825138599
      vertex 0.275019556284 0.27389267087 1.17501950264
      vertex 0.27507635951 0.274280309677 0.0249256510288
    endloop
  endfacet
  facet normal -0.98942053318 3.2028513175e-08 -0.145075857639
    outer loop
      vertex 0.27507635951 0.274280309677 0.0249256510288
      vertex 0.275019556284 0.27389267087 1.17501950264
      vertex 0.275076538324 0.274281263351 1.17507660389
    endloop
  endfacet
  facet normal -0.957415163517 -9.35376220923e-08 -0.288714706898
    outer loop
      vertex 0.27507635951 0.274280309677 0.0249256510288
      vertex 0.275076538324 0.274281263351 1.17507660389
      vertex 0.27530258894 0.275030493736 0.0246993787587
    endloop
  endfacet
  facet normal -0.957299053669 1.79903651087e-07 -0.289099514484
    outer loop
      vertex 0.27530258894 0.275030493736 0.0246993787587
      vertex 0.275076538324 0.274281263351 1.17507660389
      vertex 0.2753033638 0.27503234148 1.17530333996
    endloop
  endfacet
  facet normal -0.882553160191 -1.63351003835e-07 -0.47021266818
    outer loop
      vertex 0.27530258894 0.275030493736 0.0246993787587
      vertex 0.2753033638 0.27503234148 1.17530333996
      vertex 0.275671035051 0.275722026825 0.0243309512734
    endloop
  endfacet
  facet normal -0.882275700569 2.37106462464e-07 -0.470733046532
    outer loop
      vertex 0.275671035051 0.275722026825 0.0243309512734
      vertex 0.2753033638 0.27503234148 1.17530333996
      vertex 0.275672674179 0.27572453022 1.17567265034
    endloop
  endfacet
  facet normal -0.773725569248 -2.71949204489e-07 -0.633520960808
    outer loop
      vertex 0.275671035051 0.275722026825 0.0243309512734
      vertex 0.275672674179 0.27572453022 1.17567265034
      vertex 0.276167452335 0.276328325272 0.0238345637918
    endloop
  endfacet
  facet normal -0.773151040077 3.4230890833e-07 -0.634221971035
    outer loop
      vertex 0.276167452335 0.276328325272 0.0238345637918
      vertex 0.275672674179 0.27572453022 1.17567265034
      vertex 0.276170253754 0.27633112669 1.17617022991
    endloop
  endfacet
  facet normal -0.635048091412 -3.27740877992e-07 -0.77247262001
    outer loop
      vertex 0.276167452335 0.276328325272 0.0238345637918
      vertex 0.276170253754 0.27633112669 1.17617022991
      vertex 0.276772737503 0.276825934649 0.0232292786241
    endloop
  endfacet
  facet normal -0.634198784828 4.15394566744e-07 -0.773169994354
    outer loop
      vertex 0.276772737503 0.276825934649 0.0232292786241
      vertex 0.276170253754 0.27633112669 1.17617022991
      vertex 0.276776850224 0.276828676462 1.17677688599
    endloop
  endfacet
  facet normal -0.471933573484 -4.22050618454e-07 -0.881634116173
    outer loop
      vertex 0.276772737503 0.276825934649 0.0232292786241
      vertex 0.276776850224 0.276828676462 1.17677688599
      vertex 0.277463555336 0.277195721865 0.0225384477526
    endloop
  endfacet
  facet normal -0.470742404461 4.89054798436e-07 -0.882270693779
    outer loop
      vertex 0.277463555336 0.277195721865 0.0225384477526
      vertex 0.276776850224 0.276828676462 1.17677688599
      vertex 0.277469038963 0.277198016644 1.17746901512
    endloop
  endfacet
  facet normal -0.290643066168 -5.14752116487e-07 -0.956831514835
    outer loop
      vertex 0.277463555336 0.277195721865 0.0225384477526
      vertex 0.277469038963 0.277198016644 1.17746901512
      vertex 0.27821329236 0.27742344141 0.0217887163162
    endloop
  endfacet
  facet normal -0.289094984531 5.73680608795e-07 -0.957300424576
    outer loop
      vertex 0.27821329236 0.27742344141 0.0217887163162
      vertex 0.277469038963 0.277198016644 1.17746901512
      vertex 0.27822008729 0.277424812317 1.17822003365
    endloop
  endfacet
  facet normal -0.098129324615 -5.92897436036e-07 -0.995173692703
    outer loop
      vertex 0.27821329236 0.27742344141 0.0217887163162
      vertex 0.27822008729 0.277424812317 1.17822003365
      vertex 0.278993070126 0.277500331402 0.0210089087486
    endloop
  endfacet
  facet normal -0.096273496747 6.58576539081e-07 -0.995354890823
    outer loop
      vertex 0.278993070126 0.277500331402 0.0210089087486
      vertex 0.27822008729 0.277424812317 1.17822003365
      vertex 0.279000997543 0.277500331402 1.1790009737
    endloop
  endfacet
  facet normal 0 0 -1
    outer loop
      vertex 0.278993070126 0.277500331402 0.0210089087486
      vertex 0.279000997543 0.277500331402 1.1790009737
      vertex 0.279000997543 0.277500331402 0.0210010055453
    endloop
  endfacet
  facet normal 0.00198381813243 0 -0.999998033047
    outer loop
      vertex 0.279000997543 0.277500331402 1.1790009737
      vertex 0.292791813612 0.27747297287 1.19279181957
      vertex 0.279000997543 0.277500331402 0.0210010055453
    endloop
  endfacet
  facet normal 0.00198381813243 0 -0.999998033047
    outer loop
      vertex 0.279000997543 0.277500331402 0.0210010055453
      vertex 0.292791813612 0.27747297287 1.19279181957
      vertex 0.292791813612 0.27747297287 0.00721015967429
    endloop
  endfacet
  facet normal -0.106861963868 -0 -0.994273841381
    outer loop
      vertex 0.292791813612 0.27747297287 1.19279181957
      vertex 0.293067663908 0.277502626181 1.19306766987
      vertex 0.292791813612 0.27747297287 0.00721015967429
    endloop
  endfacet
  facet normal -0.106861963868 0 -0.994273841381
    outer loop
      vertex 0.292791813612 0.27747297287 0.00721015967429
      vertex 0.293067663908 0.277502626181 1.19306766987
      vertex 0.293067663908 0.277502626181 0.00693435687572
    endloop
  endfacet
  facet normal -0.31519305706 0 -0.949027597904
    outer loop
      vertex 0.293067663908 0.277502626181 0.00693435687572
      vertex 0.293067663908 0.277502626181 1.19306766987
      vertex 0.293330937624 0.277590066195 1.19333088398
    endloop
  endfacet
  facet normal -0.31519305706 -9.34011796458e-21 -0.949027597904
    outer loop
      vertex 0.293067663908 0.277502626181 0.00693435687572
      vertex 0.293330937624 0.277590066195 1.19333088398
      vertex 0.293330937624 0.277590066195 0.00667107151821
    endloop
  endfacet
  facet normal -0.509367644787 0 -0.860549032688
    outer loop
      vertex 0.293330937624 0.277590066195 0.00667107151821
      vertex 0.293330937624 0.277590066195 1.19333088398
      vertex 0.293569654226 0.277731359005 1.19356966019
    endloop
  endfacet
  facet normal -0.509367644787 0 -0.860549032688
    outer loop
      vertex 0.293330937624 0.277590066195 0.00667107151821
      vertex 0.293569654226 0.277731359005 1.19356966019
      vertex 0.293569654226 0.277731359005 0.00643235491589
    endloop
  endfacet
  facet normal -0.68043500185 0 -0.732808411121
    outer loop
      vertex 0.293569654226 0.277731359005 0.00643235491589
      vertex 0.293569654226 0.277731359005 1.19356966019
      vertex 0.293772935867 0.277920126915 1.19377291203
    endloop
  endfacet
  facet normal -0.68043500185 -3.35995950369e-20 -0.732808411121
    outer loop
      vertex 0.293569654226 0.277731359005 0.00643235491589
      vertex 0.293772935867 0.277920126915 1.19377291203
      vertex 0.293772935867 0.277920126915 0.00622904347256
    endloop
  endfacet
  facet normal -0.820383965969 0 -0.571813046932
    outer loop
      vertex 0.293772935867 0.277920126915 0.00622904347256
      vertex 0.293772935867 0.277920126915 1.19377291203
      vertex 0.293931573629 0.278147727251 1.19393157959
    endloop
  endfacet
  facet normal -0.820383965969 -1.56089902473e-20 -0.571813046932
    outer loop
      vertex 0.293772935867 0.277920126915 0.00622904347256
      vertex 0.293931573629 0.278147727251 1.19393157959
      vertex 0.293931573629 0.278147727251 0.00607043551281
    endloop
  endfacet
  facet normal -0.901196360588 0 -0.433411061764
    outer loop
      vertex 0.293931573629 0.278147727251 0.00607043551281
      vertex 0.293931573629 0.278147727251 1.19393157959
      vertex 0.293991774321 0.278272897005 1.19399178028
    endloop
  endfacet
  facet normal -0.901196360588 0 -0.433411061764
    outer loop
      vertex 0.293931573629 0.278147727251 0.00607043551281
      vertex 0.293991774321 0.278272897005 1.19399178028
      vertex 0.293991774321 0.278272897005 0.0060102106072
    endloop
  endfacet
  facet normal -0.94224178791 0 -0.334933489561
    outer loop
      vertex 0.293991774321 0.278272897005 0.0060102106072
      vertex 0.293991774321 0.278272897005 1.19399178028
      vertex 0.294038295746 0.278403788805 1.1940382719
    endloop
  endfacet
  facet normal -0.94224178791 0 -0.334933489561
    outer loop
      vertex 0.293991774321 0.278272897005 0.0060102106072
      vertex 0.294038295746 0.278403788805 1.1940382719
      vertex 0.294038295746 0.278403788805 0.00596371898428
    endloop
  endfacet
  facet normal -0.972633302212 0 -0.232345566154
    outer loop
      vertex 0.294038295746 0.278403788805 0.00596371898428
      vertex 0.294038295746 0.278403788805 1.1940382719
      vertex 0.294070571661 0.278538882732 1.19407057762
    endloop
  endfacet
  facet normal -0.972633302212 -3.47838737205e-21 -0.232345566154
    outer loop
      vertex 0.294038295746 0.278403788805 0.00596371898428
      vertex 0.294070571661 0.278538882732 1.19407057762
      vertex 0.294070571661 0.278538882732 0.005931425374
    endloop
  endfacet
  facet normal -0.991876661777 0 -0.127203285694
    outer loop
      vertex 0.294070571661 0.278538882732 0.005931425374
      vertex 0.294070571661 0.278538882732 1.19407057762
      vertex 0.294088244438 0.278676658869 1.1940882206
    endloop
  endfacet
  facet normal -0.991876661777 -1.70769115055e-21 -0.127203285694
    outer loop
      vertex 0.294070571661 0.278538882732 0.005931425374
      vertex 0.294088244438 0.278676658869 1.1940882206
      vertex 0.294088244438 0.278676658869 0.00591375865042
    endloop
  endfacet
  facet normal -0.999782502651 0 -0.0208556223661
    outer loop
      vertex 0.294088244438 0.278676658869 0.00591375865042
      vertex 0.294088244438 0.278676658869 1.1940882206
      vertex 0.294091135263 0.278815507889 1.19409108162
    endloop
  endfacet
  facet normal -0.999782502651 0 -0.0208556223661
    outer loop
      vertex 0.294088244438 0.278676658869 0.00591375865042
      vertex 0.294091135263 0.278815507889 1.19409108162
      vertex 0.294091135263 0.278815507889 0.00591086177155
    endloop
  endfacet
  facet normal -0.996290922165 0 0.0860491544008
    outer loop
      vertex 0.294091135263 0.278815507889 0.00591086177155
      vertex 0.294091135263 0.278815507889 1.19409108162
      vertex 0.294079184532 0.278953909874 0.00592284230515
    endloop
  endfacet
  facet normal -0.996290922165 0 0.0860491544008
    outer loop
      vertex 0.294079184532 0.278953909874 0.00592284230515
      vertex 0.294091135263 0.278815507889 1.19409108162
      vertex 0.294079184532 0.278953909874 1.19407916069
    endloop
  endfacet
  facet normal -0.990267932415 0 0.13917401433
    outer loop
      vertex 0.291964530945 0.294000357389 1.1919645071
      vertex 0.291964530945 0.294000357389 0.00803746003658
      vertex 0.294079184532 0.278953909874 1.19407916069
    endloop
  endfacet
  facet normal -0.990267932415 0 0.13917401433
    outer loop
      vertex 0.294079184532 0.278953909874 1.19407916069
      vertex 0.291964530945 0.294000357389 0.00803746003658
      vertex 0.294079184532 0.278953909874 0.00592284230515
    endloop
  endfacet
  facet normal 1 0 0
    outer loop
      vertex 0.300000995398 0.174000367522 1.20000100136
      vertex 0.300000995398 0.237550377846 0.559960305691
      vertex 0.300000995398 0.294000357389 1.20000100136
    endloop
  endfacet
  facet normal 1 0 0
    outer loop
      vertex 0.300000995398 0.294000357389 1.20000100136
      vertex 0.300000995398 0.237550377846 0.559960305691
      vertex 0.300000995398 0.240323960781 0.561109125614
    endloop
  endfacet
  facet normal 1 0 0
    outer loop
      vertex 0.300000995398 0.294000357389 1.20000100136
      vertex 0.300000995398 0.240323960781 0.561109125614
      vertex 0.300000995398 0.24330034852 0.561501026154
    endloop
  endfacet
  facet normal 1 -0 0
    outer loop
      vertex 0.300000995398 0.174000367522 9.89437126009e-07
      vertex 0.300000995398 0.231800362468 0.5500010252
      vertex 0.300000995398 0.174000367522 1.20000100136
    endloop
  endfacet
  facet normal 1 0 0
    outer loop
      vertex 0.300000995398 0.174000367522 1.20000100136
      vertex 0.300000995398 0.231800362468 0.5500010252
      vertex 0.300000995398 0.232192218304 0.552977442741
    endloop
  endfacet
  facet normal 1 0 0
    outer loop
      vertex 0.300000995398 0.174000367522 1.20000100136
      vertex 0.300000995398 0.232192218304 0.552977442741
      vertex 0.300000995398 0.233341068029 0.555751025677
    endloop
  endfacet
  facet normal 1 0 0
    outer loop
      vertex 0.300000995398 0.294000357389 9.89437126009e-07
      vertex 0.300000995398 0.237550377846 0.540041685104
      vertex 0.300000995398 0.174000367522 9.89437126009e-07
    endloop
  endfacet
  facet normal 1 0 0
    outer loop
      vertex 0.300000995398 0.174000367522 9.89437126009e-07
      vertex 0.300000995398 0.237550377846 0.540041685104
      vertex 0.300000995398 0.235168650746 0.541869282722
    endloop
  endfacet
  facet normal 1 0 0
    outer loop
      vertex 0.300000995398 0.174000367522 9.89437126009e-07
      vertex 0.300000995398 0.235168650746 0.541869282722
      vertex 0.300000995398 0.233341068029 0.544251024723
    endloop
  endfacet
  facet normal 1 0 0
    outer loop
      vertex 0.300000995398 0.294000357389 1.20000100136
      vertex 0.300000995398 0.254800349474 0.5500010252
      vertex 0.300000995398 0.294000357389 9.89437126009e-07
    endloop
  endfacet
  facet normal 1 0 0
    outer loop
      vertex 0.300000995398 0.294000357389 9.89437126009e-07
      vertex 0.300000995398 0.254800349474 0.5500010252
      vertex 0.300000995398 0.254408478737 0.547024607658
    endloop
  endfacet
  facet normal 1 0 0
    outer loop
      vertex 0.300000995398 0.294000357389 9.89437126009e-07
      vertex 0.300000995398 0.254408478737 0.547024607658
      vertex 0.300000995398 0.253259658813 0.544251024723
    endloop
  endfacet
  facet normal 1 -0 0
    outer loop
      vertex 0.300000995398 0.233341068029 0.555751025677
      vertex 0.300000995398 0.235168650746 0.558132708073
      vertex 0.300000995398 0.174000367522 1.20000100136
    endloop
  endfacet
  facet normal 1 0 0
    outer loop
      vertex 0.300000995398 0.174000367522 1.20000100136
      vertex 0.300000995398 0.235168650746 0.558132708073
      vertex 0.300000995398 0.237550377846 0.559960305691
    endloop
  endfacet
  facet normal 1 0 0
    outer loop
      vertex 0.300000995398 0.24330034852 0.561501026154
      vertex 0.300000995398 0.246276780963 0.561109125614
      vertex 0.300000995398 0.294000357389 1.20000100136
    endloop
  endfacet
  facet normal 1 0 0
    outer loop
      vertex 0.300000995398 0.294000357389 1.20000100136
      vertex 0.300000995398 0.246276780963 0.561109125614
      vertex 0.300000995398 0.249050334096 0.559960305691
    endloop
  endfacet
  facet normal 1 0 0
    outer loop
      vertex 0.300000995398 0.294000357389 1.20000100136
      vertex 0.300000995398 0.249050334096 0.559960305691
      vertex 0.300000995398 0.251432090998 0.558132708073
    endloop
  endfacet
  facet normal 1 0 0
    outer loop
      vertex 0.300000995398 0.251432090998 0.558132708073
      vertex 0.300000995398 0.253259658813 0.555751025677
      vertex 0.300000995398 0.294000357389 1.20000100136
    endloop
  endfacet
  facet normal 1 0 0
    outer loop
      vertex 0.300000995398 0.294000357389 1.20000100136
      vertex 0.300000995398 0.253259658813 0.555751025677
      vertex 0.300000995398 0.254408478737 0.552977442741
    endloop
  endfacet
  facet normal 1 0 0
    outer loop
      vertex 0.300000995398 0.294000357389 1.20000100136
      vertex 0.300000995398 0.254408478737 0.552977442741
      vertex 0.300000995398 0.254800349474 0.5500010252
    endloop
  endfacet
  facet normal 1 0 0
    outer loop
      vertex 0.300000995398 0.253259658813 0.544251024723
      vertex 0.300000995398 0.251432090998 0.541869282722
      vertex 0.300000995398 0.294000357389 9.89437126009e-07
    endloop
  endfacet
  facet normal 1 0 0
    outer loop
      vertex 0.300000995398 0.294000357389 9.89437126009e-07
      vertex 0.300000995398 0.251432090998 0.541869282722
      vertex 0.300000995398 0.249050334096 0.540041685104
    endloop
  endfacet
  facet normal 1 0 0
    outer loop
      vertex 0.300000995398 0.294000357389 9.89437126009e-07
      vertex 0.300000995398 0.249050334096 0.540041685104
      vertex 0.300000995398 0.246276780963 0.538892865181
    endloop
  endfacet
  facet normal 1 0 0
    outer loop
      vertex 0.300000995398 0.246276780963 0.538892865181
      vertex 0.300000995398 0.24330034852 0.538501024246
      vertex 0.300000995398 0.294000357389 9.89437126009e-07
    endloop
  endfacet
  facet normal 1 0 0
    outer loop
      vertex 0.300000995398 0.294000357389 9.89437126009e-07
      vertex 0.300000995398 0.24330034852 0.538501024246
      vertex 0.300000995398 0.240323960781 0.538892865181
    endloop
  endfacet
  facet normal 1 0 0
    outer loop
      vertex 0.300000995398 0.294000357389 9.89437126009e-07
      vertex 0.300000995398 0.240323960781 0.538892865181
      vertex 0.300000995398 0.237550377846 0.540041685104
    endloop
  endfacet
  facet normal 1 0 -0
    outer loop
      vertex 0.300000995398 0.233341068029 0.544251024723
      vertex 0.300000995398 0.232192218304 0.547024607658
      vertex 0.300000995398 0.174000367522 9.89437126009e-07
    endloop
  endfacet
  facet normal 1 0 0
    outer loop
      vertex 0.300000995398 0.174000367522 9.89437126009e-07
      vertex 0.300000995398 0.232192218304 0.547024607658
      vertex 0.300000995398 0.231800362468 0.5500010252
    endloop
  endfacet
  facet normal -0 0 1
    outer loop
      vertex 0.275000989437 0.174000367522 1.1750010252
      vertex 0.275000989437 0.174000367522 0.905226886272
      vertex 0.300000995398 0.174000367522 1.20000100136
    endloop
  endfacet
  facet normal 0 0 1
    outer loop
      vertex 0.300000995398 0.174000367522 1.20000100136
      vertex 0.275000989437 0.174000367522 0.905226886272
      vertex 0.275000989437 0.174000367522 0.880226910114
    endloop
  endfacet
  facet normal 0 0 1
    outer loop
      vertex 0.300000995398 0.174000367522 1.20000100136
      vertex 0.275000989437 0.174000367522 0.880226910114
      vertex 0.275000989437 0.174000367522 0.622100949287
    endloop
  endfacet
  facet normal -0 0 1
    outer loop
      vertex 0.275000989437 0.174000367522 0.622100949287
      vertex 0.275000989437 0.174000367522 0.597100973129
      vertex 0.300000995398 0.174000367522 1.20000100136
    endloop
  endfacet
  facet normal 0 0 1
    outer loop
      vertex 0.300000995398 0.174000367522 1.20000100136
      vertex 0.275000989437 0.174000367522 0.597100973129
      vertex 0.300000995398 0.174000367522 9.89437126009e-07
    endloop
  endfacet
  facet normal 0 0 1
    outer loop
      vertex 0.300000995398 0.174000367522 9.89437126009e-07
      vertex 0.275000989437 0.174000367522 0.597100973129
      vertex 0.275000989437 0.174000367522 0.513172030449
    endloop
  endfacet
  facet normal 0 0 1
    outer loop
      vertex 0.300000995398 0.174000367522 9.89437126009e-07
      vertex 0.275000989437 0.174000367522 0.513172030449
      vertex 0.275000989437 0.174000367522 0.504377067089
    endloop
  endfacet
  facet normal 0 0 1
    outer loop
      vertex 0.275000989437 0.174000367522 0.504377067089
      vertex 0.275000989437 0.174000367522 0.322100967169
      vertex 0.300000995398 0.174000367522 9.89437126009e-07
    endloop
  endfacet
  facet normal 0 0 1
    outer loop
      vertex 0.300000995398 0.174000367522 9.89437126009e-07
      vertex 0.275000989437 0.174000367522 0.322100967169
      vertex 0.275000989437 0.174000367522 0.297100961208
    endloop
  endfacet
  facet normal 0 0 1
    outer loop
      vertex 0.300000995398 0.174000367522 9.89437126009e-07
      vertex 0.275000989437 0.174000367522 0.297100961208
      vertex 0.275000989437 0.174000367522 0.0250010024756
    endloop
  endfacet
  facet normal -1.71512458942e-17 0.130526274443 -0.991444826126
    outer loop
      vertex 0.295867711306 0.232192218304 0.547024607658
      vertex 0.295867502689 0.231800362468 0.5500010252
      vertex 0.300000995398 0.231800362468 0.5500010252
    endloop
  endfacet
  facet normal -0 -0.130526080728 -0.991444885731
    outer loop
      vertex 0.300000995398 0.231800362468 0.5500010252
      vertex 0.295867502689 0.231800362468 0.5500010252
      vertex 0.295867711306 0.232192218304 0.552977442741
    endloop
  endfacet
  facet normal -1.71521078164e-17 -0.130526080728 -0.991444885731
    outer loop
      vertex 0.300000995398 0.231800362468 0.5500010252
      vertex 0.295867711306 0.232192218304 0.552977442741
      vertex 0.300000995398 0.232192218304 0.552977442741
    endloop
  endfacet
  facet normal -0 -0.382680058479 -0.923880934715
    outer loop
      vertex 0.300000995398 0.232192218304 0.552977442741
      vertex 0.295867711306 0.232192218304 0.552977442741
      vertex 0.295868337154 0.233341068029 0.555751025677
    endloop
  endfacet
  facet normal 0 -0.382680058479 -0.923880934715
    outer loop
      vertex 0.300000995398 0.232192218304 0.552977442741
      vertex 0.295868337154 0.233341068029 0.555751025677
      vertex 0.300000995398 0.233341068029 0.555751025677
    endloop
  endfacet
  facet normal -0 -0.60877352953 -0.793344080448
    outer loop
      vertex 0.300000995398 0.233341068029 0.555751025677
      vertex 0.295868337154 0.233341068029 0.555751025677
      vertex 0.295869290829 0.235168650746 0.558132708073
    endloop
  endfacet
  facet normal 6.8617305259e-17 -0.60877352953 -0.793344080448
    outer loop
      vertex 0.300000995398 0.233341068029 0.555751025677
      vertex 0.295869290829 0.235168650746 0.558132708073
      vertex 0.300000995398 0.235168650746 0.558132708073
    endloop
  endfacet
  facet normal -0 -0.79334795475 -0.60876840353
    outer loop
      vertex 0.300000995398 0.235168650746 0.558132708073
      vertex 0.295869290829 0.235168650746 0.558132708073
      vertex 0.295870542526 0.237550377846 0.559960305691
    endloop
  endfacet
  facet normal 0 -0.79334795475 -0.60876840353
    outer loop
      vertex 0.300000995398 0.235168650746 0.558132708073
      vertex 0.295870542526 0.237550377846 0.559960305691
      vertex 0.300000995398 0.237550377846 0.559960305691
    endloop
  endfacet
  facet normal -0 -0.923884093761 -0.382672429085
    outer loop
      vertex 0.300000995398 0.237550377846 0.559960305691
      vertex 0.295870542526 0.237550377846 0.559960305691
      vertex 0.29587200284 0.240323960781 0.561109125614
    endloop
  endfacet
  facet normal 0 -0.923884093761 -0.382672429085
    outer loop
      vertex 0.300000995398 0.237550377846 0.559960305691
      vertex 0.29587200284 0.240323960781 0.561109125614
      vertex 0.300000995398 0.240323960781 0.561109125614
    endloop
  endfacet
  facet normal -0 -0.991442620754 -0.130543336272
    outer loop
      vertex 0.300000995398 0.240323960781 0.561109125614
      vertex 0.29587200284 0.240323960781 0.561109125614
      vertex 0.295873582363 0.24330034852 0.561501026154
    endloop
  endfacet
  facet normal 0 -0.991442620754 -0.130543336272
    outer loop
      vertex 0.300000995398 0.240323960781 0.561109125614
      vertex 0.295873582363 0.24330034852 0.561501026154
      vertex 0.300000995398 0.24330034852 0.561501026154
    endloop
  endfacet
  facet normal 0 -0.991442799568 0.130541801453
    outer loop
      vertex 0.300000995398 0.24330034852 0.561501026154
      vertex 0.295873582363 0.24330034852 0.561501026154
      vertex 0.295875161886 0.246276780963 0.561109125614
    endloop
  endfacet
  facet normal 1.71628495838e-17 -0.991442799568 0.130541801453
    outer loop
      vertex 0.300000995398 0.24330034852 0.561501026154
      vertex 0.295875161886 0.246276780963 0.561109125614
      vertex 0.300000995398 0.246276780963 0.561109125614
    endloop
  endfacet
  facet normal 0 -0.923882365227 0.382676631212
    outer loop
      vertex 0.300000995398 0.246276780963 0.561109125614
      vertex 0.295875161886 0.246276780963 0.561109125614
      vertex 0.2958766222 0.249050334096 0.559960305691
    endloop
  endfacet
  facet normal 3.43296497822e-17 -0.923882365227 0.382676631212
    outer loop
      vertex 0.300000995398 0.246276780963 0.561109125614
      vertex 0.2958766222 0.249050334096 0.559960305691
      vertex 0.300000995398 0.249050334096 0.559960305691
    endloop
  endfacet
  facet normal 0 -0.793352365494 0.608762681484
    outer loop
      vertex 0.300000995398 0.249050334096 0.559960305691
      vertex 0.2958766222 0.249050334096 0.559960305691
      vertex 0.295877873898 0.251432090998 0.558132708073
    endloop
  endfacet
  facet normal -6.86672934378e-17 -0.793352365494 0.608762681484
    outer loop
      vertex 0.300000995398 0.249050334096 0.559960305691
      vertex 0.295877873898 0.251432090998 0.558132708073
      vertex 0.300000995398 0.251432090998 0.558132708073
    endloop
  endfacet
  facet normal 0 -0.608766019344 0.793349802494
    outer loop
      vertex 0.300000995398 0.251432090998 0.558132708073
      vertex 0.295877873898 0.251432090998 0.558132708073
      vertex 0.295878827572 0.253259658813 0.555751025677
    endloop
  endfacet
  facet normal 0 -0.608766019344 0.793349802494
    outer loop
      vertex 0.300000995398 0.251432090998 0.558132708073
      vertex 0.295878827572 0.253259658813 0.555751025677
      vertex 0.300000995398 0.253259658813 0.555751025677
    endloop
  endfacet
  facet normal 0 -0.382680058479 0.923880934715
    outer loop
      vertex 0.300000995398 0.253259658813 0.555751025677
      vertex 0.295878827572 0.253259658813 0.555751025677
      vertex 0.295879453421 0.254408478737 0.552977442741
    endloop
  endfacet
  facet normal 0 -0.382680058479 0.923880934715
    outer loop
      vertex 0.300000995398 0.253259658813 0.555751025677
      vertex 0.295879453421 0.254408478737 0.552977442741
      vertex 0.300000995398 0.254408478737 0.552977442741
    endloop
  endfacet
  facet normal 0 -0.130526080728 0.991444885731
    outer loop
      vertex 0.300000995398 0.254408478737 0.552977442741
      vertex 0.295879453421 0.254408478737 0.552977442741
      vertex 0.295879632235 0.254800349474 0.5500010252
    endloop
  endfacet
  facet normal 1.7169266851e-17 -0.130526080728 0.991444885731
    outer loop
      vertex 0.300000995398 0.254408478737 0.552977442741
      vertex 0.295879632235 0.254800349474 0.5500010252
      vertex 0.300000995398 0.254800349474 0.5500010252
    endloop
  endfacet
  facet normal 0 0.130526274443 0.991444826126
    outer loop
      vertex 0.300000995398 0.254800349474 0.5500010252
      vertex 0.295879632235 0.254800349474 0.5500010252
      vertex 0.300000995398 0.254408478737 0.547024607658
    endloop
  endfacet
  facet normal 0 0.130526274443 0.991444826126
    outer loop
      vertex 0.300000995398 0.254408478737 0.547024607658
      vertex 0.295879632235 0.254800349474 0.5500010252
      vertex 0.295879453421 0.254408478737 0.547024607658
    endloop
  endfacet
  facet normal 0 0.382680058479 0.923880934715
    outer loop
      vertex 0.300000995398 0.254408478737 0.547024607658
      vertex 0.295879453421 0.254408478737 0.547024607658
      vertex 0.300000995398 0.253259658813 0.544251024723
    endloop
  endfacet
  facet normal 0 0.382680058479 0.923880934715
    outer loop
      vertex 0.300000995398 0.253259658813 0.544251024723
      vertex 0.295879453421 0.254408478737 0.547024607658
      vertex 0.295878827572 0.253259658813 0.544251024723
    endloop
  endfacet
  facet normal 0 0.608756661415 0.793357014656
    outer loop
      vertex 0.300000995398 0.253259658813 0.544251024723
      vertex 0.295878827572 0.253259658813 0.544251024723
      vertex 0.300000995398 0.251432090998 0.541869282722
    endloop
  endfacet
  facet normal 0 0.608756661415 0.793357014656
    outer loop
      vertex 0.300000995398 0.251432090998 0.541869282722
      vertex 0.295878827572 0.253259658813 0.544251024723
      vertex 0.295877873898 0.251432090998 0.541869282722
    endloop
  endfacet
  facet normal 0 0.793352365494 0.608762681484
    outer loop
      vertex 0.300000995398 0.251432090998 0.541869282722
      vertex 0.295877873898 0.251432090998 0.541869282722
      vertex 0.300000995398 0.249050334096 0.540041685104
    endloop
  endfacet
  facet normal 0 0.793352365494 0.608762681484
    outer loop
      vertex 0.300000995398 0.249050334096 0.540041685104
      vertex 0.295877873898 0.251432090998 0.541869282722
      vertex 0.2958766222 0.249050334096 0.540041685104
    endloop
  endfacet
  facet normal 0 0.923881828785 0.382677912712
    outer loop
      vertex 0.300000995398 0.249050334096 0.540041685104
      vertex 0.2958766222 0.249050334096 0.540041685104
      vertex 0.300000995398 0.246276780963 0.538892865181
    endloop
  endfacet
  facet normal 0 0.923881828785 0.382677912712
    outer loop
      vertex 0.300000995398 0.246276780963 0.538892865181
      vertex 0.2958766222 0.249050334096 0.540041685104
      vertex 0.295875161886 0.246276780963 0.538892865181
    endloop
  endfacet
  facet normal 0 0.991445481777 0.130521297455
    outer loop
      vertex 0.300000995398 0.246276780963 0.538892865181
      vertex 0.295875161886 0.246276780963 0.538892865181
      vertex 0.300000995398 0.24330034852 0.538501024246
    endloop
  endfacet
  facet normal 0 0.991445481777 0.130521297455
    outer loop
      vertex 0.300000995398 0.24330034852 0.538501024246
      vertex 0.295875161886 0.246276780963 0.538892865181
      vertex 0.295873582363 0.24330034852 0.538501024246
    endloop
  endfacet
  facet normal 0 0.991445302963 -0.130522847176
    outer loop
      vertex 0.300000995398 0.24330034852 0.538501024246
      vertex 0.295873582363 0.24330034852 0.538501024246
      vertex 0.300000995398 0.240323960781 0.538892865181
    endloop
  endfacet
  facet normal 0 0.991445302963 -0.130522847176
    outer loop
      vertex 0.300000995398 0.240323960781 0.538892865181
      vertex 0.295873582363 0.24330034852 0.538501024246
      vertex 0.29587200284 0.240323960781 0.538892865181
    endloop
  endfacet
  facet normal 0 0.92388355732 -0.382673680782
    outer loop
      vertex 0.300000995398 0.240323960781 0.538892865181
      vertex 0.29587200284 0.240323960781 0.538892865181
      vertex 0.300000995398 0.237550377846 0.540041685104
    endloop
  endfacet
  facet normal 0 0.92388355732 -0.382673680782
    outer loop
      vertex 0.300000995398 0.237550377846 0.540041685104
      vertex 0.29587200284 0.240323960781 0.538892865181
      vertex 0.295870542526 0.237550377846 0.540041685104
    endloop
  endfacet
  facet normal 0 0.79334795475 -0.60876840353
    outer loop
      vertex 0.300000995398 0.237550377846 0.540041685104
      vertex 0.295870542526 0.237550377846 0.540041685104
      vertex 0.300000995398 0.235168650746 0.541869282722
    endloop
  endfacet
  facet normal 0 0.79334795475 -0.60876840353
    outer loop
      vertex 0.300000995398 0.235168650746 0.541869282722
      vertex 0.295870542526 0.237550377846 0.540041685104
      vertex 0.295869290829 0.235168650746 0.541869282722
    endloop
  endfacet
  facet normal 0 0.6087641716 -0.793351233006
    outer loop
      vertex 0.300000995398 0.235168650746 0.541869282722
      vertex 0.295869290829 0.235168650746 0.541869282722
      vertex 0.300000995398 0.233341068029 0.544251024723
    endloop
  endfacet
  facet normal 0 0.6087641716 -0.793351233006
    outer loop
      vertex 0.300000995398 0.233341068029 0.544251024723
      vertex 0.295869290829 0.235168650746 0.541869282722
      vertex 0.295868337154 0.233341068029 0.544251024723
    endloop
  endfacet
  facet normal 0 0.382680058479 -0.923880934715
    outer loop
      vertex 0.300000995398 0.233341068029 0.544251024723
      vertex 0.295868337154 0.233341068029 0.544251024723
      vertex 0.300000995398 0.232192218304 0.547024607658
    endloop
  endfacet
  facet normal 0 0.382680058479 -0.923880934715
    outer loop
      vertex 0.300000995398 0.232192218304 0.547024607658
      vertex 0.295868337154 0.233341068029 0.544251024723
      vertex 0.295867711306 0.232192218304 0.547024607658
    endloop
  endfacet
  facet normal 0 0.130526274443 -0.991444826126
    outer loop
      vertex 0.300000995398 0.232192218304 0.547024607658
      vertex 0.295867711306 0.232192218304 0.547024607658
      vertex 0.300000995398 0.231800362468 0.5500010252
    endloop
  endfacet
  facet normal -0.716594576836 -0 -0.697489917278
    outer loop
      vertex 0.275000989437 0.204000383615 1.1750010252
      vertex 0.281123220921 0.210290297866 1.18112325668
      vertex 0.275000989437 0.204000383615 0.905226886272
    endloop
  endfacet
  facet normal -0.716594576836 -0 -0.697489917278
    outer loop
      vertex 0.275000989437 0.204000383615 0.905226886272
      vertex 0.281123220921 0.210290297866 1.18112325668
      vertex 0.275000989437 0.204000383615 0.880226910114
    endloop
  endfacet
  facet normal -0.716594576836 -0 -0.697489917278
    outer loop
      vertex 0.275000989437 0.204000383615 0.880226910114
      vertex 0.281123220921 0.210290297866 1.18112325668
      vertex 0.275000989437 0.204000383615 0.622100949287
    endloop
  endfacet
  facet normal -0.716594576836 -0 -0.697489917278
    outer loop
      vertex 0.275000989437 0.204000383615 0.622100949287
      vertex 0.281123220921 0.210290297866 1.18112325668
      vertex 0.275000989437 0.204000383615 0.597100973129
    endloop
  endfacet
  facet normal -0.716594576836 0 -0.697489917278
    outer loop
      vertex 0.275000989437 0.204000383615 0.597100973129
      vertex 0.281123220921 0.210290297866 1.18112325668
      vertex 0.281123220921 0.210290297866 0.0188787709922
    endloop
  endfacet
  facet normal -0.716594576836 -0 -0.697489917278
    outer loop
      vertex 0.275000989437 0.204000383615 0.597100973129
      vertex 0.281123220921 0.210290297866 0.0188787709922
      vertex 0.275000989437 0.204000383615 0.513172030449
    endloop
  endfacet
  facet normal -0.716594576836 -0 -0.697489917278
    outer loop
      vertex 0.275000989437 0.204000383615 0.513172030449
      vertex 0.281123220921 0.210290297866 0.0188787709922
      vertex 0.275000989437 0.204000383615 0.504377067089
    endloop
  endfacet
  facet normal -0.716594576836 -0 -0.697489917278
    outer loop
      vertex 0.275000989437 0.204000383615 0.504377067089
      vertex 0.281123220921 0.210290297866 0.0188787709922
      vertex 0.275000989437 0.204000383615 0.322100967169
    endloop
  endfacet
  facet normal -0.716594576836 -0 -0.697489917278
    outer loop
      vertex 0.275000989437 0.204000383615 0.322100967169
      vertex 0.281123220921 0.210290297866 0.0188787709922
      vertex 0.275000989437 0.204000383615 0.297100961208
    endloop
  endfacet
  facet normal -0.716594576836 -0 -0.697489917278
    outer loop
      vertex 0.275000989437 0.204000383615 0.297100961208
      vertex 0.281123220921 0.210290297866 0.0188787709922
      vertex 0.275000989437 0.204000383615 0.0250010024756
    endloop
  endfacet
  facet normal -0.643522500992 -0 -0.765427231789
    outer loop
      vertex 0.281123220921 0.210290297866 1.18112325668
      vertex 0.281733721495 0.210803568363 1.18173372746
      vertex 0.281123220921 0.210290297866 0.0188787709922
    endloop
  endfacet
  facet normal -0.643522500992 -6.82322611108e-20 -0.765427231789
    outer loop
      vertex 0.281123220921 0.210290297866 0.0188787709922
      vertex 0.281733721495 0.210803568363 1.18173372746
      vertex 0.281733721495 0.210803568363 0.0182682648301
    endloop
  endfacet
  facet normal -0.478797137737 0 -0.87792557478
    outer loop
      vertex 0.281733721495 0.210803568363 0.0182682648301
      vertex 0.281733721495 0.210803568363 1.18173372746
      vertex 0.282433927059 0.211185440421 1.18243396282
    endloop
  endfacet
  facet normal -0.478797137737 3.60467280998e-20 -0.87792557478
    outer loop
      vertex 0.281733721495 0.210803568363 0.0182682648301
      vertex 0.282433927059 0.211185440421 1.18243396282
      vertex 0.282433927059 0.211185440421 0.0175680648535
    endloop
  endfacet
  facet normal -0.295122265816 0 -0.955459475517
    outer loop
      vertex 0.282433927059 0.211185440421 0.0175680648535
      vertex 0.282433927059 0.211185440421 1.18243396282
      vertex 0.283196002245 0.211420834064 1.1831959486
    endloop
  endfacet
  facet normal -0.295122265816 -3.74636917203e-20 -0.955459475517
    outer loop
      vertex 0.282433927059 0.211185440421 0.0175680648535
      vertex 0.283196002245 0.211420834064 1.1831959486
      vertex 0.283196002245 0.211420834064 0.0168059952557
    endloop
  endfacet
  facet normal -0.0997223630548 0 -0.995015323162
    outer loop
      vertex 0.283196002245 0.211420834064 0.0168059952557
      vertex 0.283196002245 0.211420834064 1.1831959486
      vertex 0.283989608288 0.211500376463 0.0160123836249
    endloop
  endfacet
  facet normal -0.0997223630548 0 -0.995015323162
    outer loop
      vertex 0.283989608288 0.211500376463 0.0160123836249
      vertex 0.283196002245 0.211420834064 1.1831959486
      vertex 0.283989608288 0.211500376463 1.18398964405
    endloop
  endfacet
  facet normal -0.0979993864894 -0 -0.995186448097
    outer loop
      vertex 0.293857872486 0.211500376463 1.19385790825
      vertex 0.294247925282 0.211538776755 1.19424796104
      vertex 0.293857872486 0.211500376463 0.00614414224401
    endloop
  endfacet
  facet normal -0.0979993864894 4.77856423758e-21 -0.995186448097
    outer loop
      vertex 0.293857872486 0.211500376463 0.00614414224401
      vertex 0.294247925282 0.211538776755 1.19424796104
      vertex 0.294247925282 0.211538776755 0.00575407780707
    endloop
  endfacet
  facet normal -0.29017201066 0 -0.956974506378
    outer loop
      vertex 0.294247925282 0.211538776755 0.00575407780707
      vertex 0.294247925282 0.211538776755 1.19424796104
      vertex 0.294622987509 0.211652502418 1.19462299347
    endloop
  endfacet
  facet normal -0.29017201066 0 -0.956974506378
    outer loop
      vertex 0.294247925282 0.211538776755 0.00575407780707
      vertex 0.294622987509 0.211652502418 1.19462299347
      vertex 0.294622987509 0.211652502418 0.00537903327495
    endloop
  endfacet
  facet normal -0.471284270287 0 -0.881981372833
    outer loop
      vertex 0.294622987509 0.211652502418 0.00537903327495
      vertex 0.294622987509 0.211652502418 1.19462299347
      vertex 0.294968664646 0.211837217212 1.19496870041
    endloop
  endfacet
  facet normal -0.471284270287 0 -0.881981372833
    outer loop
      vertex 0.294622987509 0.211652502418 0.00537903327495
      vertex 0.294968664646 0.211837217212 1.19496870041
      vertex 0.294968664646 0.211837217212 0.00503331422806
    endloop
  endfacet
  facet normal -0.634185135365 0 -0.773181200027
    outer loop
      vertex 0.294968664646 0.211837217212 0.00503331422806
      vertex 0.294968664646 0.211837217212 1.19496870041
      vertex 0.29527169466 0.21208576858 1.19527173042
    endloop
  endfacet
  facet normal -0.634185135365 0 -0.773181200027
    outer loop
      vertex 0.294968664646 0.211837217212 0.00503331422806
      vertex 0.29527169466 0.21208576858 1.19527173042
      vertex 0.29527169466 0.21208576858 0.00473029632121
    endloop
  endfacet
  facet normal -0.772838115692 0 -0.634603202343
    outer loop
      vertex 0.29527169466 0.21208576858 0.00473029632121
      vertex 0.29527169466 0.21208576858 1.19527173042
      vertex 0.295520424843 0.212388679385 1.195520401
    endloop
  endfacet
  facet normal -0.772838115692 -3.20955835817e-20 -0.634603202343
    outer loop
      vertex 0.29527169466 0.21208576858 0.00473029632121
      vertex 0.295520424843 0.212388679385 1.195520401
      vertex 0.295520424843 0.212388679385 0.00448156613857
    endloop
  endfacet
  facet normal -0.881730794907 0 -0.471752882004
    outer loop
      vertex 0.295520424843 0.212388679385 0.00448156613857
      vertex 0.295520424843 0.212388679385 1.195520401
      vertex 0.295705318451 0.212734252214 1.19570529461
    endloop
  endfacet
  facet normal -0.881730794907 0 -0.471752882004
    outer loop
      vertex 0.295520424843 0.212388679385 0.00448156613857
      vertex 0.295705318451 0.212734252214 1.19570529461
      vertex 0.295705318451 0.212734252214 0.00429667253047
    endloop
  endfacet
  facet normal -0.956817150116 0 -0.29069045186
    outer loop
      vertex 0.295705318451 0.212734252214 0.00429667253047
      vertex 0.295705318451 0.212734252214 1.19570529461
      vertex 0.295819252729 0.213109269738 1.19581925869
    endloop
  endfacet
  facet normal -0.956817150116 0 -0.29069045186
    outer loop
      vertex 0.295705318451 0.212734252214 0.00429667253047
      vertex 0.295819252729 0.213109269738 1.19581925869
      vertex 0.295819252729 0.213109269738 0.00418276805431
    endloop
  endfacet
  facet normal -0.989110767841 0 -0.147172838449
    outer loop
      vertex 0.295819252729 0.213109269738 0.00418276805431
      vertex 0.295819252729 0.213109269738 1.19581925869
      vertex 0.29584813118 0.213303357363 1.19584810734
    endloop
  endfacet
  facet normal -0.989110767841 0 -0.147172838449
    outer loop
      vertex 0.295819252729 0.213109269738 0.00418276805431
      vertex 0.29584813118 0.213303357363 1.19584810734
      vertex 0.29584813118 0.213303357363 0.00415387190878
    endloop
  endfacet
  facet normal -0.998772263527 0 -0.0495375730097
    outer loop
      vertex 0.29584813118 0.213303357363 0.00415387190878
      vertex 0.29584813118 0.213303357363 1.19584810734
      vertex 0.295857846737 0.213499292731 1.1958578825
    endloop
  endfacet
  facet normal -0.998772263527 0 -0.0495375730097
    outer loop
      vertex 0.29584813118 0.213303357363 0.00415387190878
      vertex 0.295857846737 0.213499292731 1.1958578825
      vertex 0.295857846737 0.213499292731 0.00414414424449
    endloop
  endfacet
  facet normal -0.999999880791 -7.13460135415e-09 -0.000527913332917
    outer loop
      vertex 0.295880019665 0.255500376225 1.19588005543
      vertex 0.295869290829 0.235168650746 0.558132708073
      vertex 0.295857846737 0.213499292731 1.1958578825
    endloop
  endfacet
  facet normal -0.999999880791 -1.51978639451e-07 -0.000523650611285
    outer loop
      vertex 0.295857846737 0.213499292731 1.1958578825
      vertex 0.295869290829 0.235168650746 0.558132708073
      vertex 0.295868337154 0.233341068029 0.555751025677
    endloop
  endfacet
  facet normal -0.999999880791 4.6749855187e-07 -0.000543635280337
    outer loop
      vertex 0.295857846737 0.213499292731 1.1958578825
      vertex 0.295868337154 0.233341068029 0.555751025677
      vertex 0.295867711306 0.232192218304 0.552977442741
    endloop
  endfacet
  facet normal -0.999999821186 0 -0.000549197837245
    outer loop
      vertex 0.295880019665 0.255500376225 0.00412197131664
      vertex 0.295879632235 0.254800349474 0.5500010252
      vertex 0.295880019665 0.255500376225 1.19588005543
    endloop
  endfacet
  facet normal -0.999999880791 9.98316096457e-08 -0.000457087531686
    outer loop
      vertex 0.295880019665 0.255500376225 1.19588005543
      vertex 0.295879632235 0.254800349474 0.5500010252
      vertex 0.295879453421 0.254408478737 0.552977442741
    endloop
  endfacet
  facet normal -0.999999880791 -4.88732965209e-08 -0.000544645939954
    outer loop
      vertex 0.295880019665 0.255500376225 1.19588005543
      vertex 0.295879453421 0.254408478737 0.552977442741
      vertex 0.295878827572 0.253259658813 0.555751025677
    endloop
  endfacet
  facet normal -0.999999880791 8.46138537014e-09 -0.000527913332917
    outer loop
      vertex 0.295857846737 0.213499292731 0.00414414424449
      vertex 0.295869290829 0.235168650746 0.541869282722
      vertex 0.295880019665 0.255500376225 0.00412197131664
    endloop
  endfacet
  facet normal -0.999999880791 -8.36531626192e-08 -0.000525477051269
    outer loop
      vertex 0.295880019665 0.255500376225 0.00412197131664
      vertex 0.295869290829 0.235168650746 0.541869282722
      vertex 0.295870542526 0.237550377846 0.540041685104
    endloop
  endfacet
  facet normal -0.999999880791 -8.63093276848e-08 -0.000525397714227
    outer loop
      vertex 0.295880019665 0.255500376225 0.00412197131664
      vertex 0.295870542526 0.237550377846 0.540041685104
      vertex 0.29587200284 0.240323960781 0.538892865181
    endloop
  endfacet
  facet normal -0.999999880791 -0 -0.000527616764884
    outer loop
      vertex 0.295857846737 0.213499292731 1.1958578825
      vertex 0.295867502689 0.231800362468 0.5500010252
      vertex 0.295857846737 0.213499292731 0.00414414424449
    endloop
  endfacet
  facet normal -0.999999880791 7.58413065682e-08 -0.000525354698766
    outer loop
      vertex 0.295857846737 0.213499292731 0.00414414424449
      vertex 0.295867502689 0.231800362468 0.5500010252
      vertex 0.295867711306 0.232192218304 0.547024607658
    endloop
  endfacet
  facet normal -0.999999880791 -5.47003821794e-07 -0.000543443369679
    outer loop
      vertex 0.295857846737 0.213499292731 0.00414414424449
      vertex 0.295867711306 0.232192218304 0.547024607658
      vertex 0.295868337154 0.233341068029 0.544251024723
    endloop
  endfacet
  facet normal -0.999999880791 1.78831484732e-07 -0.000523685594089
    outer loop
      vertex 0.295868337154 0.233341068029 0.544251024723
      vertex 0.295869290829 0.235168650746 0.541869282722
      vertex 0.295857846737 0.213499292731 0.00414414424449
    endloop
  endfacet
  facet normal -0.999999880791 9.24563963167e-08 -0.000531696889084
    outer loop
      vertex 0.29587200284 0.240323960781 0.538892865181
      vertex 0.295873582363 0.24330034852 0.538501024246
      vertex 0.295880019665 0.255500376225 0.00412197131664
    endloop
  endfacet
  facet normal -0.999999880791 9.17568812042e-08 -0.000531666271854
    outer loop
      vertex 0.295880019665 0.255500376225 0.00412197131664
      vertex 0.295873582363 0.24330034852 0.538501024246
      vertex 0.295875161886 0.246276780963 0.538892865181
    endloop
  endfacet
  facet normal -0.999999880791 -1.55166439697e-08 -0.00052544666687
    outer loop
      vertex 0.295880019665 0.255500376225 0.00412197131664
      vertex 0.295875161886 0.246276780963 0.538892865181
      vertex 0.2958766222 0.249050334096 0.540041685104
    endloop
  endfacet
  facet normal -0.999999880791 -1.43413174669e-08 -0.000525544339325
    outer loop
      vertex 0.2958766222 0.249050334096 0.540041685104
      vertex 0.295877873898 0.251432090998 0.541869282722
      vertex 0.295880019665 0.255500376225 0.00412197131664
    endloop
  endfacet
  facet normal -0.999999880791 -2.97952293948e-08 -0.000523501657881
    outer loop
      vertex 0.295880019665 0.255500376225 0.00412197131664
      vertex 0.295877873898 0.251432090998 0.541869282722
      vertex 0.295878827572 0.253259658813 0.544251024723
    endloop
  endfacet
  facet normal -0.999999880791 5.78320147326e-08 -0.000544624344911
    outer loop
      vertex 0.295880019665 0.255500376225 0.00412197131664
      vertex 0.295878827572 0.253259658813 0.544251024723
      vertex 0.295879453421 0.254408478737 0.547024607658
    endloop
  endfacet
  facet normal -0.999999880791 -1.17943415034e-07 -0.000457225105492
    outer loop
      vertex 0.295879453421 0.254408478737 0.547024607658
      vertex 0.295879632235 0.254800349474 0.5500010252
      vertex 0.295880019665 0.255500376225 0.00412197131664
    endloop
  endfacet
  facet normal -0.999999880791 2.51618033076e-08 -0.000523495604284
    outer loop
      vertex 0.295878827572 0.253259658813 0.555751025677
      vertex 0.295877873898 0.251432090998 0.558132708073
      vertex 0.295880019665 0.255500376225 1.19588005543
    endloop
  endfacet
  facet normal -0.999999880791 1.21035244049e-08 -0.000525542651303
    outer loop
      vertex 0.295880019665 0.255500376225 1.19588005543
      vertex 0.295877873898 0.251432090998 0.558132708073
      vertex 0.2958766222 0.249050334096 0.559960305691
    endloop
  endfacet
  facet normal -0.999999880791 1.30868205162e-08 -0.00052544567734
    outer loop
      vertex 0.295880019665 0.255500376225 1.19588005543
      vertex 0.2958766222 0.249050334096 0.559960305691
      vertex 0.295875161886 0.246276780963 0.561109125614
    endloop
  endfacet
  facet normal -0.999999880791 -7.73293322709e-08 -0.000531668192707
    outer loop
      vertex 0.295875161886 0.246276780963 0.561109125614
      vertex 0.295873582363 0.24330034852 0.561501026154
      vertex 0.295880019665 0.255500376225 1.19588005543
    endloop
  endfacet
  facet normal -0.999999880791 -7.78451223482e-08 -0.000531694968231
    outer loop
      vertex 0.295880019665 0.255500376225 1.19588005543
      vertex 0.295873582363 0.24330034852 0.561501026154
      vertex 0.29587200284 0.240323960781 0.561109125614
    endloop
  endfacet
  facet normal -0.999999880791 7.25763982246e-08 -0.000525403418578
    outer loop
      vertex 0.295880019665 0.255500376225 1.19588005543
      vertex 0.29587200284 0.240323960781 0.561109125614
      vertex 0.295870542526 0.237550377846 0.559960305691
    endloop
  endfacet
  facet normal -0.999999880791 7.0207256897e-08 -0.000525487354025
    outer loop
      vertex 0.295870542526 0.237550377846 0.559960305691
      vertex 0.295869290829 0.235168650746 0.558132708073
      vertex 0.295880019665 0.255500376225 1.19588005543
    endloop
  endfacet
  facet normal -0.999999880791 -6.61783445821e-08 -0.000525281298906
    outer loop
      vertex 0.295867711306 0.232192218304 0.552977442741
      vertex 0.295867502689 0.231800362468 0.5500010252
      vertex 0.295857846737 0.213499292731 1.1958578825
    endloop
  endfacet
  facet normal -0.998795568943 0 0.04906507954
    outer loop
      vertex 0.295880019665 0.255500376225 0.00412197131664
      vertex 0.295880019665 0.255500376225 1.19588005543
      vertex 0.295870393515 0.255696386099 0.00413162726909
    endloop
  endfacet
  facet normal -0.998795568943 0 0.04906507954
    outer loop
      vertex 0.295870393515 0.255696386099 0.00413162726909
      vertex 0.295880019665 0.255500376225 1.19588005543
      vertex 0.295870393515 0.255696386099 1.19587039948
    endloop
  endfacet
  facet normal -0.989165008068 0 0.146807834506
    outer loop
      vertex 0.295870393515 0.255696386099 0.00413162726909
      vertex 0.295870393515 0.255696386099 1.19587039948
      vertex 0.295841574669 0.255890548229 0.00416041631252
    endloop
  endfacet
  facet normal -0.989165008068 0 0.146807834506
    outer loop
      vertex 0.295841574669 0.255890548229 0.00416041631252
      vertex 0.295870393515 0.255696386099 1.19587039948
      vertex 0.295841574669 0.255890548229 1.19584155083
    endloop
  endfacet
  facet normal -0.956938028336 0 0.290292203426
    outer loop
      vertex 0.295841574669 0.255890548229 0.00416041631252
      vertex 0.295841574669 0.255890548229 1.19584155083
      vertex 0.2957277596 0.256265729666 0.00427421368659
    endloop
  endfacet
  facet normal -0.956938028336 0 0.290292203426
    outer loop
      vertex 0.2957277596 0.256265729666 0.00427421368659
      vertex 0.295841574669 0.255890548229 1.19584155083
      vertex 0.2957277596 0.256265729666 1.19572782516
    endloop
  endfacet
  facet normal -0.881927073002 0 0.471385836601
    outer loop
      vertex 0.2957277596 0.256265729666 0.00427421368659
      vertex 0.2957277596 0.256265729666 1.19572782516
      vertex 0.295542955399 0.256611466408 0.00445903558284
    endloop
  endfacet
  facet normal -0.881927073002 0 0.471385836601
    outer loop
      vertex 0.295542955399 0.256611466408 0.00445903558284
      vertex 0.2957277596 0.256265729666 1.19572782516
      vertex 0.295542955399 0.256611466408 1.19554293156
    endloop
  endfacet
  facet normal -0.773021757603 0 0.634379506111
    outer loop
      vertex 0.295542955399 0.256611466408 0.00445903558284
      vertex 0.295542955399 0.256611466408 1.19554293156
      vertex 0.295294225216 0.256914556026 0.00470776576549
    endloop
  endfacet
  facet normal -0.773021757603 0 0.634379506111
    outer loop
      vertex 0.295294225216 0.256914556026 0.00470776576549
      vertex 0.295542955399 0.256611466408 1.19554293156
      vertex 0.295294225216 0.256914556026 1.19529426098
    endloop
  endfacet
  facet normal -0.634413063526 0 0.772994220257
    outer loop
      vertex 0.295294225216 0.256914556026 0.00470776576549
      vertex 0.295294225216 0.256914556026 1.19529426098
      vertex 0.2949911654 0.257163286209 0.00501085538417
    endloop
  endfacet
  facet normal -0.634413063526 0 0.772994220257
    outer loop
      vertex 0.2949911654 0.257163286209 0.00501085538417
      vertex 0.295294225216 0.256914556026 1.19529426098
      vertex 0.2949911654 0.257163286209 1.19499111176
    endloop
  endfacet
  facet normal -0.471383392811 0 0.881928384304
    outer loop
      vertex 0.2949911654 0.257163286209 0.00501085538417
      vertex 0.2949911654 0.257163286209 1.19499111176
      vertex 0.294645369053 0.257348120213 0.00535660982132
    endloop
  endfacet
  facet normal -0.471383392811 0 0.881928384304
    outer loop
      vertex 0.294645369053 0.257348120213 0.00535660982132
      vertex 0.2949911654 0.257163286209 1.19499111176
      vertex 0.294645369053 0.257348120213 1.19464540482
    endloop
  endfacet
  facet normal -0.29025042057 0 0.956950724125
    outer loop
      vertex 0.294645369053 0.257348120213 0.00535660982132
      vertex 0.294645369053 0.257348120213 1.19464540482
      vertex 0.294270187616 0.257461905479 0.00573179731146
    endloop
  endfacet
  facet normal -0.29025042057 0 0.956950724125
    outer loop
      vertex 0.294270187616 0.257461905479 0.00573179731146
      vertex 0.294645369053 0.257348120213 1.19464540482
      vertex 0.294270187616 0.257461905479 1.19427025318
    endloop
  endfacet
  facet normal -0.0980585888028 0 0.995180666447
    outer loop
      vertex 0.294270187616 0.257461905479 0.00573179731146
      vertex 0.294270187616 0.257461905479 1.19427025318
      vertex 0.293880015612 0.257500350475 0.00612196931615
    endloop
  endfacet
  facet normal -0.0980585888028 0 0.995180666447
    outer loop
      vertex 0.293880015612 0.257500350475 0.00612196931615
      vertex 0.294270187616 0.257461905479 1.19427025318
      vertex 0.293880015612 0.257500350475 1.19387996197
    endloop
  endfacet
  facet normal -0.0980134159327 0 0.99518507719
    outer loop
      vertex 0.279000997543 0.257500350475 0.0210010055453
      vertex 0.279000997543 0.257500350475 1.1790009737
      vertex 0.278220653534 0.257577210665 0.0217813495547
    endloop
  endfacet
  facet normal -0.0980134159327 0 0.99518507719
    outer loop
      vertex 0.278220653534 0.257577210665 0.0217813495547
      vertex 0.279000997543 0.257500350475 1.1790009737
      vertex 0.278220653534 0.257577210665 1.17822062969
    endloop
  endfacet
  facet normal -0.290285855532 0 0.956939995289
    outer loop
      vertex 0.278220653534 0.257577210665 0.0217813495547
      vertex 0.278220653534 0.257577210665 1.17822062969
      vertex 0.277470260859 0.257804840803 0.0225317254663
    endloop
  endfacet
  facet normal -0.290285855532 0 0.956939995289
    outer loop
      vertex 0.277470260859 0.257804840803 0.0225317254663
      vertex 0.278220653534 0.257577210665 1.17822062969
      vertex 0.277470260859 0.257804840803 1.17747020721
    endloop
  endfacet
  facet normal -0.471411824226 0 0.88191318512
    outer loop
      vertex 0.277470260859 0.257804840803 0.0225317254663
      vertex 0.277470260859 0.257804840803 1.17747020721
      vertex 0.27677872777 0.258174479008 0.0232232697308
    endloop
  endfacet
  facet normal -0.471411824226 0 0.88191318512
    outer loop
      vertex 0.27677872777 0.258174479008 0.0232232697308
      vertex 0.277470260859 0.257804840803 1.17747020721
      vertex 0.27677872777 0.258174479008 1.17677867413
    endloop
  endfacet
  facet normal -0.634396255016 0 0.77300798893
    outer loop
      vertex 0.27677872777 0.258174479008 0.0232232697308
      vertex 0.27677872777 0.258174479008 1.17677867413
      vertex 0.276172578335 0.258671939373 0.0238294135779
    endloop
  endfacet
  facet normal -0.634396255016 0 0.77300798893
    outer loop
      vertex 0.276172578335 0.258671939373 0.0238294135779
      vertex 0.27677872777 0.258174479008 1.17677867413
      vertex 0.276172578335 0.258671939373 1.1761726141
    endloop
  endfacet
  facet normal -0.773003399372 0 0.634401857853
    outer loop
      vertex 0.276172578335 0.258671939373 0.0238294135779
      vertex 0.276172578335 0.258671939373 1.1761726141
      vertex 0.27567511797 0.259278088808 0.0243268739432
    endloop
  endfacet
  facet normal -0.773003399372 0 0.634401857853
    outer loop
      vertex 0.27567511797 0.259278088808 0.0243268739432
      vertex 0.276172578335 0.258671939373 1.1761726141
      vertex 0.27567511797 0.259278088808 1.17567515373
    endloop
  endfacet
  facet normal -0.881912887096 0 0.471412450075
    outer loop
      vertex 0.27567511797 0.259278088808 0.0243268739432
      vertex 0.27567511797 0.259278088808 1.17567515373
      vertex 0.275305479765 0.259969592094 0.0246965177357
    endloop
  endfacet
  facet normal -0.881912887096 0 0.471412450075
    outer loop
      vertex 0.275305479765 0.259969592094 0.0246965177357
      vertex 0.27567511797 0.259278088808 1.17567515373
      vertex 0.275305479765 0.259969592094 1.17530548573
    endloop
  endfacet
  facet normal -0.956941902637 0 0.290279507637
    outer loop
      vertex 0.275305479765 0.259969592094 0.0246965177357
      vertex 0.275305479765 0.259969592094 1.17530548573
      vertex 0.275077849627 0.260720014572 1.17507791519
    endloop
  endfacet
  facet normal -0.989182889462 0 0.146687343717
    outer loop
      vertex 0.27502027154 0.261108279228 1.1750202179
      vertex 0.27502027154 0.261108279228 0.024981725961
      vertex 0.275077849627 0.260720014572 1.17507791519
    endloop
  endfacet
  facet normal -0.989182889462 0 0.146687343717
    outer loop
      vertex 0.275077849627 0.260720014572 1.17507791519
      vertex 0.27502027154 0.261108279228 0.024981725961
      vertex 0.275077849627 0.260720014572 0.0249241478741
    endloop
  endfacet
  facet normal -0.956941902637 0 0.290279507637
    outer loop
      vertex 0.275077849627 0.260720014572 1.17507791519
      vertex 0.275077849627 0.260720014572 0.0249241478741
      vertex 0.275305479765 0.259969592094 0.0246965177357
    endloop
  endfacet
  facet normal -0.998792469501 0 0.0491287820041
    outer loop
      vertex 0.275000989437 0.261500358582 1.1750010252
      vertex 0.275000989437 0.261500358582 0.905226886272
      vertex 0.27502027154 0.261108279228 1.1750202179
    endloop
  endfacet
  facet normal -0.998792469501 0 0.0491287820041
    outer loop
      vertex 0.27502027154 0.261108279228 1.1750202179
      vertex 0.275000989437 0.261500358582 0.905226886272
      vertex 0.275000989437 0.261500358582 0.880226910114
    endloop
  endfacet
  facet normal -0.998792469501 1.06451795578e-20 0.0491287820041
    outer loop
      vertex 0.27502027154 0.261108279228 1.1750202179
      vertex 0.275000989437 0.261500358582 0.880226910114
      vertex 0.275000989437 0.261500358582 0.622100949287
    endloop
  endfacet
  facet normal -0.998792469501 0 0.0491287820041
    outer loop
      vertex 0.275000989437 0.261500358582 0.622100949287
      vertex 0.275000989437 0.261500358582 0.597100973129
      vertex 0.27502027154 0.261108279228 1.1750202179
    endloop
  endfacet
  facet normal -0.998792469501 0 0.0491287820041
    outer loop
      vertex 0.27502027154 0.261108279228 1.1750202179
      vertex 0.275000989437 0.261500358582 0.597100973129
      vertex 0.27502027154 0.261108279228 0.024981725961
    endloop
  endfacet
  facet normal -0.998792469501 0 0.0491287820041
    outer loop
      vertex 0.275000989437 0.261500358582 0.597100973129
      vertex 0.275000989437 0.261500358582 0.513172030449
      vertex 0.27502027154 0.261108279228 0.024981725961
    endloop
  endfacet
  facet normal -0.998792469501 0 0.0491287820041
    outer loop
      vertex 0.27502027154 0.261108279228 0.024981725961
      vertex 0.275000989437 0.261500358582 0.513172030449
      vertex 0.275000989437 0.261500358582 0.504377067089
    endloop
  endfacet
  facet normal -0.998792469501 2.63469416651e-20 0.0491287820041
    outer loop
      vertex 0.27502027154 0.261108279228 0.024981725961
      vertex 0.275000989437 0.261500358582 0.504377067089
      vertex 0.275000989437 0.261500358582 0.322100967169
    endloop
  endfacet
  facet normal -0.998792469501 0 0.0491287820041
    outer loop
      vertex 0.275000989437 0.261500358582 0.322100967169
      vertex 0.275000989437 0.261500358582 0.297100961208
      vertex 0.27502027154 0.261108279228 0.024981725961
    endloop
  endfacet
  facet normal -0.998792469501 0 0.0491287820041
    outer loop
      vertex 0.27502027154 0.261108279228 0.024981725961
      vertex 0.275000989437 0.261500358582 0.297100961208
      vertex 0.275000989437 0.261500358582 0.0250010024756
    endloop
  endfacet
  facet normal 1 0 0
    outer loop
      vertex 0.275000989437 0.273500353098 0.905226886272
      vertex 0.275000989437 0.273500353098 0.880226910114
      vertex 0.275000989437 0.277500331402 0.905226886272
    endloop
  endfacet
  facet normal 1 0 0
    outer loop
      vertex 0.275000989437 0.277500331402 0.905226886272
      vertex 0.275000989437 0.273500353098 0.880226910114
      vertex 0.275000989437 0.277500331402 0.880226910114
    endloop
  endfacet
  facet normal -1 0 0
    outer loop
      vertex 0.0250009838492 0.273500353098 0.880226910114
      vertex 0.0250009838492 0.273500353098 0.905226886272
      vertex 0.0250009838492 0.277500331402 0.880226910114
    endloop
  endfacet
  facet normal -1 0 0
    outer loop
      vertex 0.0250009838492 0.277500331402 0.880226910114
      vertex 0.0250009838492 0.273500353098 0.905226886272
      vertex 0.0250009838492 0.277500331402 0.905226886272
    endloop
  endfacet
  facet normal 0 1 -0
    outer loop
      vertex 0.0828440561891 0.0583898946643 0.905226886272
      vertex 0.0800009891391 0.0580156035721 0.905226886272
      vertex 0.0900009870529 0.0190003663301 0.905226886272
    endloop
  endfacet
  facet normal 0 1 0
    outer loop
      vertex 0.0900009870529 0.0190003663301 0.905226886272
      vertex 0.0800009891391 0.0580156035721 0.905226886272
      vertex 0.0771579220891 0.0583898946643 0.905226886272
    endloop
  endfacet
  facet normal 0 1 0
    outer loop
      vertex 0.0900009870529 0.0190003663301 0.905226886272
      vertex 0.0771579220891 0.0583898946643 0.905226886272
      vertex 0.074508599937 0.0594872757792 0.905226886272
    endloop
  endfacet
  facet normal 0 1 0
    outer loop
      vertex 0.0900009870529 0.0190003663301 0.905226886272
      vertex 0.074508599937 0.0594872757792 0.905226886272
      vertex 0.0325009860098 0.0190003663301 0.905226886272
    endloop
  endfacet
  facet normal 0 1 0
    outer loop
      vertex 0.0325009860098 0.0190003663301 0.905226886272
      vertex 0.074508599937 0.0594872757792 0.905226886272
      vertex 0.072233594954 0.0612329654396 0.905226886272
    endloop
  endfacet
  facet normal 0 1 0
    outer loop
      vertex 0.0325009860098 0.0190003663301 0.905226886272
      vertex 0.072233594954 0.0612329654396 0.905226886272
      vertex 0.0704879015684 0.0635079815984 0.905226886272
    endloop
  endfacet
  facet normal 0 1 0
    outer loop
      vertex 0.0704879015684 0.0635079815984 0.905226886272
      vertex 0.0693905204535 0.0661572888494 0.905226886272
      vertex 0.0325009860098 0.0190003663301 0.905226886272
    endloop
  endfacet
  facet normal 0 1 0
    outer loop
      vertex 0.0325009860098 0.0190003663301 0.905226886272
      vertex 0.0693905204535 0.0661572888494 0.905226886272
      vertex 0.020493067801 0.0190003663301 0.905226886272
    endloop
  endfacet
  facet normal 0 1 0
    outer loop
      vertex 0.020493067801 0.0190003663301 0.905226886272
      vertex 0.0693905204535 0.0661572888494 0.905226886272
      vertex 0.069016225636 0.0690003558993 0.905226886272
    endloop
  endfacet
  facet normal 0 1 0
    outer loop
      vertex 0.020493067801 0.0190003663301 0.905226886272
      vertex 0.069016225636 0.0690003558993 0.905226886272
      vertex 0.0165009833872 0.0190003663301 0.905226886272
    endloop
  endfacet
  facet normal 0 1 0
    outer loop
      vertex 0.0165009833872 0.0190003663301 0.905226886272
      vertex 0.069016225636 0.0690003558993 0.905226886272
      vertex 0.0693905204535 0.0718434453011 0.905226886272
    endloop
  endfacet
  facet normal 0 1 0
    outer loop
      vertex 0.0165009833872 0.0190003663301 0.905226886272
      vertex 0.0693905204535 0.0718434453011 0.905226886272
      vertex 0.0704879015684 0.074492752552 0.905226886272
    endloop
  endfacet
  facet normal 0 1 0
    outer loop
      vertex 0.0165009833872 0.0190003663301 0.905226886272
      vertex 0.0704879015684 0.074492752552 0.905226886272
      vertex 0.0165009833872 0.269000351429 0.905226886272
    endloop
  endfacet
  facet normal 0 1 0
    outer loop
      vertex 0.0165009833872 0.269000351429 0.905226886272
      vertex 0.0704879015684 0.074492752552 0.905226886272
      vertex 0.072233594954 0.0767677500844 0.905226886272
    endloop
  endfacet
  facet normal 0 1 0
    outer loop
      vertex 0.0165009833872 0.269000351429 0.905226886272
      vertex 0.072233594954 0.0767677500844 0.905226886272
      vertex 0.074508599937 0.0785134360194 0.905226886272
    endloop
  endfacet
  facet normal 0 1 0
    outer loop
      vertex 0.0165009833872 0.269000351429 0.905226886272
      vertex 0.074508599937 0.0785134360194 0.905226886272
      vertex 0.120000988245 0.174000367522 0.905226886272
    endloop
  endfacet
  facet normal 0 1 0
    outer loop
      vertex 0.120000988245 0.174000367522 0.905226886272
      vertex 0.074508599937 0.0785134360194 0.905226886272
      vertex 0.0771579220891 0.0796108171344 0.905226886272
    endloop
  endfacet
  facet normal 0 1 0
    outer loop
      vertex 0.120000988245 0.174000367522 0.905226886272
      vertex 0.0771579220891 0.0796108171344 0.905226886272
      vertex 0.0800009891391 0.0799851119518 0.905226886272
    endloop
  endfacet
  facet normal -0 1 0
    outer loop
      vertex 0.0800009891391 0.0799851119518 0.905226886272
      vertex 0.0828440561891 0.0796108171344 0.905226886272
      vertex 0.120000988245 0.174000367522 0.905226886272
    endloop
  endfacet
  facet normal 0 1 0
    outer loop
      vertex 0.120000988245 0.174000367522 0.905226886272
      vertex 0.0828440561891 0.0796108171344 0.905226886272
      vertex 0.0854933708906 0.0785134360194 0.905226886272
    endloop
  endfacet
  facet normal 0 1 0
    outer loop
      vertex 0.120000988245 0.174000367522 0.905226886272
      vertex 0.0854933708906 0.0785134360194 0.905226886272
      vertex 0.0877683907747 0.0767677500844 0.905226886272
    endloop
  endfacet
  facet normal -0 1 0
    outer loop
      vertex 0.0877683907747 0.0767677500844 0.905226886272
      vertex 0.0895140767097 0.074492752552 0.905226886272
      vertex 0.120000988245 0.174000367522 0.905226886272
    endloop
  endfacet
  facet normal 0 1 0
    outer loop
      vertex 0.120000988245 0.174000367522 0.905226886272
      vertex 0.0895140767097 0.074492752552 0.905226886272
      vertex 0.0906114578247 0.0718434453011 0.905226886272
    endloop
  endfacet
  facet normal 0 1 -0
    outer loop
      vertex 0.120000988245 0.174000367522 0.905226886272
      vertex 0.0906114578247 0.0718434453011 0.905226886272
      vertex 0.120000988245 0.0190003663301 0.905226886272
    endloop
  endfacet
  facet normal 0 1 0
    outer loop
      vertex 0.120000988245 0.0190003663301 0.905226886272
      vertex 0.0906114578247 0.0718434453011 0.905226886272
      vertex 0.0909857600927 0.0690003558993 0.905226886272
    endloop
  endfacet
  facet normal 0 1 0
    outer loop
      vertex 0.120000988245 0.0190003663301 0.905226886272
      vertex 0.0909857600927 0.0690003558993 0.905226886272
      vertex 0.0906114578247 0.0661572888494 0.905226886272
    endloop
  endfacet
  facet normal 0 1 -0
    outer loop
      vertex 0.0906114578247 0.0661572888494 0.905226886272
      vertex 0.0895140767097 0.0635079815984 0.905226886272
      vertex 0.120000988245 0.0190003663301 0.905226886272
    endloop
  endfacet
  facet normal 0 1 0
    outer loop
      vertex 0.120000988245 0.0190003663301 0.905226886272
      vertex 0.0895140767097 0.0635079815984 0.905226886272
      vertex 0.0877683907747 0.0612329654396 0.905226886272
    endloop
  endfacet
  facet normal 0 1 0
    outer loop
      vertex 0.120000988245 0.0190003663301 0.905226886272
      vertex 0.0877683907747 0.0612329654396 0.905226886272
      vertex 0.0900009870529 0.0190003663301 0.905226886272
    endloop
  endfacet
  facet normal 0 1 0
    outer loop
      vertex 0.0900009870529 0.0190003663301 0.905226886272
      vertex 0.0877683907747 0.0612329654396 0.905226886272
      vertex 0.0854933708906 0.0594872757792 0.905226886272
    endloop
  endfacet
  facet normal 0 1 0
    outer loop
      vertex 0.0900009870529 0.0190003663301 0.905226886272
      vertex 0.0854933708906 0.0594872757792 0.905226886272
      vertex 0.0828440561891 0.0583898946643 0.905226886272
    endloop
  endfacet
  facet normal 0 1 0
    outer loop
      vertex 0.275000989437 0.174000367522 0.905226886272
      vertex 0.222157910466 0.20338986814 0.905226886272
      vertex 0.120000988245 0.174000367522 0.905226886272
    endloop
  endfacet
  facet normal 0 1 0
    outer loop
      vertex 0.120000988245 0.174000367522 0.905226886272
      vertex 0.222157910466 0.20338986814 0.905226886272
      vertex 0.219508588314 0.204487249255 0.905226886272
    endloop
  endfacet
  facet normal 0 1 0
    outer loop
      vertex 0.120000988245 0.174000367522 0.905226886272
      vertex 0.219508588314 0.204487249255 0.905226886272
      vertex 0.21723356843 0.20623293519 0.905226886272
    endloop
  endfacet
  facet normal 0 1 -0
    outer loop
      vertex 0.275000989437 0.204000383615 0.905226886272
      vertex 0.232768386602 0.20623293519 0.905226886272
      vertex 0.275000989437 0.174000367522 0.905226886272
    endloop
  endfacet
  facet normal 0 1 0
    outer loop
      vertex 0.275000989437 0.174000367522 0.905226886272
      vertex 0.232768386602 0.20623293519 0.905226886272
      vertex 0.230493381619 0.204487249255 0.905226886272
    endloop
  endfacet
  facet normal 0 1 0
    outer loop
      vertex 0.275000989437 0.174000367522 0.905226886272
      vertex 0.230493381619 0.204487249255 0.905226886272
      vertex 0.227844029665 0.20338986814 0.905226886272
    endloop
  endfacet
  facet normal 0 1 -0
    outer loop
      vertex 0.275000989437 0.261500358582 0.905226886272
      vertex 0.234514057636 0.21949274838 0.905226886272
      vertex 0.275000989437 0.204000383615 0.905226886272
    endloop
  endfacet
  facet normal 0 1 0
    outer loop
      vertex 0.275000989437 0.204000383615 0.905226886272
      vertex 0.234514057636 0.21949274838 0.905226886272
      vertex 0.235611438751 0.216843441129 0.905226886272
    endloop
  endfacet
  facet normal 0 1 0
    outer loop
      vertex 0.275000989437 0.204000383615 0.905226886272
      vertex 0.235611438751 0.216843441129 0.905226886272
      vertex 0.235985741019 0.214000374079 0.905226886272
    endloop
  endfacet
  facet normal 0 1 -0
    outer loop
      vertex 0.275000989437 0.273500353098 0.905226886272
      vertex 0.227844029665 0.224610835314 0.905226886272
      vertex 0.275000989437 0.261500358582 0.905226886272
    endloop
  endfacet
  facet normal 0 1 0
    outer loop
      vertex 0.275000989437 0.261500358582 0.905226886272
      vertex 0.227844029665 0.224610835314 0.905226886272
      vertex 0.230493381619 0.223513454199 0.905226886272
    endloop
  endfacet
  facet normal 0 1 0
    outer loop
      vertex 0.275000989437 0.261500358582 0.905226886272
      vertex 0.230493381619 0.223513454199 0.905226886272
      vertex 0.232768386602 0.221767753363 0.905226886272
    endloop
  endfacet
  facet normal 0 1 0
    outer loop
      vertex 0.227844029665 0.224610835314 0.905226886272
      vertex 0.275000989437 0.273500353098 0.905226886272
      vertex 0.225000977516 0.224985122681 0.905226886272
    endloop
  endfacet
  facet normal 0 1 0
    outer loop
      vertex 0.225000977516 0.224985122681 0.905226886272
      vertex 0.275000989437 0.273500353098 0.905226886272
      vertex 0.275000989437 0.277500331402 0.905226886272
    endloop
  endfacet
  facet normal 0 1 0
    outer loop
      vertex 0.225000977516 0.224985122681 0.905226886272
      vertex 0.275000989437 0.277500331402 0.905226886272
      vertex 0.222157910466 0.224610835314 0.905226886272
    endloop
  endfacet
  facet normal 0 1 0
    outer loop
      vertex 0.222157910466 0.224610835314 0.905226886272
      vertex 0.275000989437 0.277500331402 0.905226886272
      vertex 0.219508588314 0.223513454199 0.905226886272
    endloop
  endfacet
  facet normal 0 1 0
    outer loop
      vertex 0.219508588314 0.223513454199 0.905226886272
      vertex 0.275000989437 0.277500331402 0.905226886272
      vertex 0.0250009838492 0.277500331402 0.905226886272
    endloop
  endfacet
  facet normal 0 1 0
    outer loop
      vertex 0.219508588314 0.223513454199 0.905226886272
      vertex 0.0250009838492 0.277500331402 0.905226886272
      vertex 0.21723356843 0.221767753363 0.905226886272
    endloop
  endfacet
  facet normal 0 1 0
    outer loop
      vertex 0.21723356843 0.221767753363 0.905226886272
      vertex 0.0250009838492 0.277500331402 0.905226886272
      vertex 0.215487882495 0.21949274838 0.905226886272
    endloop
  endfacet
  facet normal 0 1 0
    outer loop
      vertex 0.215487882495 0.21949274838 0.905226886272
      vertex 0.0250009838492 0.277500331402 0.905226886272
      vertex 0.120000988245 0.174000367522 0.905226886272
    endloop
  endfacet
  facet normal 0 1 0
    outer loop
      vertex 0.215487882495 0.21949274838 0.905226886272
      vertex 0.120000988245 0.174000367522 0.905226886272
      vertex 0.21439050138 0.216843441129 0.905226886272
    endloop
  endfacet
  facet normal 0 1 0
    outer loop
      vertex 0.21439050138 0.216843441129 0.905226886272
      vertex 0.120000988245 0.174000367522 0.905226886272
      vertex 0.214016199112 0.214000374079 0.905226886272
    endloop
  endfacet
  facet normal 0 1 -0
    outer loop
      vertex 0.214016199112 0.214000374079 0.905226886272
      vertex 0.120000988245 0.174000367522 0.905226886272
      vertex 0.21439050138 0.211157292128 0.905226886272
    endloop
  endfacet
  facet normal 0 1 -0
    outer loop
      vertex 0.21439050138 0.211157292128 0.905226886272
      vertex 0.120000988245 0.174000367522 0.905226886272
      vertex 0.215487882495 0.208507955074 0.905226886272
    endloop
  endfacet
  facet normal 0 1 -0
    outer loop
      vertex 0.215487882495 0.208507955074 0.905226886272
      vertex 0.120000988245 0.174000367522 0.905226886272
      vertex 0.21723356843 0.20623293519 0.905226886272
    endloop
  endfacet
  facet normal 0 1 0
    outer loop
      vertex 0.0250009838492 0.277500331402 0.905226886272
      vertex 0.0250009838492 0.273500353098 0.905226886272
      vertex 0.120000988245 0.174000367522 0.905226886272
    endloop
  endfacet
  facet normal 0 1 0
    outer loop
      vertex 0.120000988245 0.174000367522 0.905226886272
      vertex 0.0250009838492 0.273500353098 0.905226886272
      vertex 0.0250009838492 0.269000351429 0.905226886272
    endloop
  endfacet
  facet normal 0 1 0
    outer loop
      vertex 0.120000988245 0.174000367522 0.905226886272
      vertex 0.0250009838492 0.269000351429 0.905226886272
      vertex 0.020493067801 0.269000351429 0.905226886272
    endloop
  endfacet
  facet normal 0 1 -0
    outer loop
      vertex 0.020493067801 0.269000351429 0.905226886272
      vertex 0.0165009833872 0.269000351429 0.905226886272
      vertex 0.120000988245 0.174000367522 0.905226886272
    endloop
  endfacet
  facet normal 0 1 -0
    outer loop
      vertex 0.235985741019 0.214000374079 0.905226886272
      vertex 0.235611438751 0.211157292128 0.905226886272
      vertex 0.275000989437 0.204000383615 0.905226886272
    endloop
  endfacet
  facet normal 0 1 0
    outer loop
      vertex 0.275000989437 0.204000383615 0.905226886272
      vertex 0.235611438751 0.211157292128 0.905226886272
      vertex 0.234514057636 0.208507955074 0.905226886272
    endloop
  endfacet
  facet normal 0 1 0
    outer loop
      vertex 0.275000989437 0.204000383615 0.905226886272
      vertex 0.234514057636 0.208507955074 0.905226886272
      vertex 0.232768386602 0.20623293519 0.905226886272
    endloop
  endfacet
  facet normal 0 1 -0
    outer loop
      vertex 0.227844029665 0.20338986814 0.905226886272
      vertex 0.225000977516 0.203015610576 0.905226886272
      vertex 0.275000989437 0.174000367522 0.905226886272
    endloop
  endfacet
  facet normal 0 1 0
    outer loop
      vertex 0.275000989437 0.174000367522 0.905226886272
      vertex 0.225000977516 0.203015610576 0.905226886272
      vertex 0.222157910466 0.20338986814 0.905226886272
    endloop
  endfacet
  facet normal -0 1 0
    outer loop
      vertex 0.232768386602 0.221767753363 0.905226886272
      vertex 0.234514057636 0.21949274838 0.905226886272
      vertex 0.275000989437 0.261500358582 0.905226886272
    endloop
  endfacet
  facet normal -0.991444647312 0 -0.130527898669
    outer loop
      vertex 0.235611438751 0.211157292128 0.880226910114
      vertex 0.235611438751 0.211157292128 0.905226886272
      vertex 0.235985741019 0.214000374079 0.880226910114
    endloop
  endfacet
  facet normal -0.991444647312 0 -0.130527898669
    outer loop
      vertex 0.235985741019 0.214000374079 0.880226910114
      vertex 0.235611438751 0.211157292128 0.905226886272
      vertex 0.235985741019 0.214000374079 0.905226886272
    endloop
  endfacet
  facet normal -0.991444647312 0 0.130527898669
    outer loop
      vertex 0.235985741019 0.214000374079 0.880226910114
      vertex 0.235985741019 0.214000374079 0.905226886272
      vertex 0.235611438751 0.216843441129 0.880226910114
    endloop
  endfacet
  facet normal -0.991444647312 0 0.130527898669
    outer loop
      vertex 0.235611438751 0.216843441129 0.880226910114
      vertex 0.235985741019 0.214000374079 0.905226886272
      vertex 0.235611438751 0.216843441129 0.905226886272
    endloop
  endfacet
  facet normal -0.923879265785 0 0.382684051991
    outer loop
      vertex 0.235611438751 0.216843441129 0.880226910114
      vertex 0.235611438751 0.216843441129 0.905226886272
      vertex 0.234514057636 0.21949274838 0.880226910114
    endloop
  endfacet
  facet normal -0.923879265785 0 0.382684051991
    outer loop
      vertex 0.234514057636 0.21949274838 0.880226910114
      vertex 0.235611438751 0.216843441129 0.905226886272
      vertex 0.234514057636 0.21949274838 0.905226886272
    endloop
  endfacet
  facet normal -0.793353259563 0 0.608761489391
    outer loop
      vertex 0.234514057636 0.21949274838 0.880226910114
      vertex 0.234514057636 0.21949274838 0.905226886272
      vertex 0.232768386602 0.221767753363 0.880226910114
    endloop
  endfacet
  facet normal -0.793353259563 0 0.608761489391
    outer loop
      vertex 0.232768386602 0.221767753363 0.880226910114
      vertex 0.234514057636 0.21949274838 0.905226886272
      vertex 0.232768386602 0.221767753363 0.905226886272
    endloop
  endfacet
  facet normal -0.608765006065 0 0.793350636959
    outer loop
      vertex 0.232768386602 0.221767753363 0.880226910114
      vertex 0.232768386602 0.221767753363 0.905226886272
      vertex 0.230493381619 0.223513454199 0.880226910114
    endloop
  endfacet
  facet normal -0.608765006065 0 0.793350636959
    outer loop
      vertex 0.230493381619 0.223513454199 0.880226910114
      vertex 0.232768386602 0.221767753363 0.905226886272
      vertex 0.230493381619 0.223513454199 0.905226886272
    endloop
  endfacet
  facet normal -0.382679641247 0 0.923881113529
    outer loop
      vertex 0.230493381619 0.223513454199 0.880226910114
      vertex 0.230493381619 0.223513454199 0.905226886272
      vertex 0.227844029665 0.224610835314 0.880226910114
    endloop
  endfacet
  facet normal -0.382679641247 0 0.923881113529
    outer loop
      vertex 0.227844029665 0.224610835314 0.880226910114
      vertex 0.230493381619 0.223513454199 0.905226886272
      vertex 0.227844029665 0.224610835314 0.905226886272
    endloop
  endfacet
  facet normal -0.130525842309 0 0.991444885731
    outer loop
      vertex 0.227844029665 0.224610835314 0.880226910114
      vertex 0.227844029665 0.224610835314 0.905226886272
      vertex 0.225000977516 0.224985122681 0.880226910114
    endloop
  endfacet
  facet normal -0.130525842309 0 0.991444885731
    outer loop
      vertex 0.225000977516 0.224985122681 0.880226910114
      vertex 0.227844029665 0.224610835314 0.905226886272
      vertex 0.225000977516 0.224985122681 0.905226886272
    endloop
  endfacet
  facet normal 0.130524843931 -0 0.991445064545
    outer loop
      vertex 0.225000977516 0.224985122681 0.880226910114
      vertex 0.225000977516 0.224985122681 0.905226886272
      vertex 0.222157910466 0.224610835314 0.880226910114
    endloop
  endfacet
  facet normal 0.130524843931 -0 0.991445064545
    outer loop
      vertex 0.222157910466 0.224610835314 0.880226910114
      vertex 0.225000977516 0.224985122681 0.905226886272
      vertex 0.222157910466 0.224610835314 0.905226886272
    endloop
  endfacet
  facet normal 0.382682412863 -0 0.923879981041
    outer loop
      vertex 0.222157910466 0.224610835314 0.880226910114
      vertex 0.222157910466 0.224610835314 0.905226886272
      vertex 0.219508588314 0.223513454199 0.880226910114
    endloop
  endfacet
  facet normal 0.382682412863 -0 0.923879981041
    outer loop
      vertex 0.219508588314 0.223513454199 0.880226910114
      vertex 0.222157910466 0.224610835314 0.905226886272
      vertex 0.219508588314 0.223513454199 0.905226886272
    endloop
  endfacet
  facet normal 0.608762741089 -0 0.793352365494
    outer loop
      vertex 0.219508588314 0.223513454199 0.880226910114
      vertex 0.219508588314 0.223513454199 0.905226886272
      vertex 0.21723356843 0.221767753363 0.880226910114
    endloop
  endfacet
  facet normal 0.608762741089 -0 0.793352365494
    outer loop
      vertex 0.21723356843 0.221767753363 0.880226910114
      vertex 0.219508588314 0.223513454199 0.905226886272
      vertex 0.21723356843 0.221767753363 0.905226886272
    endloop
  endfacet
  facet normal 0.793351769447 -0 0.608763456345
    outer loop
      vertex 0.21723356843 0.221767753363 0.880226910114
      vertex 0.21723356843 0.221767753363 0.905226886272
      vertex 0.215487882495 0.21949274838 0.880226910114
    endloop
  endfacet
  facet normal 0.793351769447 -0 0.608763456345
    outer loop
      vertex 0.215487882495 0.21949274838 0.880226910114
      vertex 0.21723356843 0.221767753363 0.905226886272
      vertex 0.215487882495 0.21949274838 0.905226886272
    endloop
  endfacet
  facet normal 0.923879265785 -0 0.382684051991
    outer loop
      vertex 0.215487882495 0.21949274838 0.880226910114
      vertex 0.215487882495 0.21949274838 0.905226886272
      vertex 0.21439050138 0.216843441129 0.880226910114
    endloop
  endfacet
  facet normal 0.923879265785 -0 0.382684051991
    outer loop
      vertex 0.21439050138 0.216843441129 0.880226910114
      vertex 0.215487882495 0.21949274838 0.905226886272
      vertex 0.21439050138 0.216843441129 0.905226886272
    endloop
  endfacet
  facet normal 0.991444647312 -0 0.130527898669
    outer loop
      vertex 0.21439050138 0.216843441129 0.880226910114
      vertex 0.21439050138 0.216843441129 0.905226886272
      vertex 0.214016199112 0.214000374079 0.880226910114
    endloop
  endfacet
  facet normal 0.991444647312 -0 0.130527898669
    outer loop
      vertex 0.214016199112 0.214000374079 0.880226910114
      vertex 0.21439050138 0.216843441129 0.905226886272
      vertex 0.214016199112 0.214000374079 0.905226886272
    endloop
  endfacet
  facet normal 0.991444647312 0 -0.130527898669
    outer loop
      vertex 0.214016199112 0.214000374079 0.880226910114
      vertex 0.214016199112 0.214000374079 0.905226886272
      vertex 0.21439050138 0.211157292128 0.880226910114
    endloop
  endfacet
  facet normal 0.991444647312 0 -0.130527898669
    outer loop
      vertex 0.21439050138 0.211157292128 0.880226910114
      vertex 0.214016199112 0.214000374079 0.905226886272
      vertex 0.21439050138 0.211157292128 0.905226886272
    endloop
  endfacet
  facet normal 0.923881113529 0 -0.382679641247
    outer loop
      vertex 0.21439050138 0.211157292128 0.880226910114
      vertex 0.21439050138 0.211157292128 0.905226886272
      vertex 0.215487882495 0.208507955074 0.880226910114
    endloop
  endfacet
  facet normal 0.923881113529 0 -0.382679641247
    outer loop
      vertex 0.215487882495 0.208507955074 0.880226910114
      vertex 0.21439050138 0.211157292128 0.905226886272
      vertex 0.215487882495 0.208507955074 0.905226886272
    endloop
  endfacet
  facet normal 0.793351769447 0 -0.608763456345
    outer loop
      vertex 0.215487882495 0.208507955074 0.880226910114
      vertex 0.215487882495 0.208507955074 0.905226886272
      vertex 0.21723356843 0.20623293519 0.880226910114
    endloop
  endfacet
  facet normal 0.793351769447 0 -0.608763456345
    outer loop
      vertex 0.21723356843 0.20623293519 0.880226910114
      vertex 0.215487882495 0.208507955074 0.905226886272
      vertex 0.21723356843 0.20623293519 0.905226886272
    endloop
  endfacet
  facet normal 0.608762741089 0 -0.793352365494
    outer loop
      vertex 0.21723356843 0.20623293519 0.880226910114
      vertex 0.21723356843 0.20623293519 0.905226886272
      vertex 0.219508588314 0.204487249255 0.880226910114
    endloop
  endfacet
  facet normal 0.608762741089 0 -0.793352365494
    outer loop
      vertex 0.219508588314 0.204487249255 0.880226910114
      vertex 0.21723356843 0.20623293519 0.905226886272
      vertex 0.219508588314 0.204487249255 0.905226886272
    endloop
  endfacet
  facet normal 0.382682412863 0 -0.923879981041
    outer loop
      vertex 0.219508588314 0.204487249255 0.880226910114
      vertex 0.219508588314 0.204487249255 0.905226886272
      vertex 0.222157910466 0.20338986814 0.880226910114
    endloop
  endfacet
  facet normal 0.382682412863 0 -0.923879981041
    outer loop
      vertex 0.222157910466 0.20338986814 0.880226910114
      vertex 0.219508588314 0.204487249255 0.905226886272
      vertex 0.222157910466 0.20338986814 0.905226886272
    endloop
  endfacet
  facet normal 0.130512580276 0 -0.99144667387
    outer loop
      vertex 0.222157910466 0.20338986814 0.880226910114
      vertex 0.222157910466 0.20338986814 0.905226886272
      vertex 0.225000977516 0.203015610576 0.880226910114
    endloop
  endfacet
  facet normal 0.130512580276 0 -0.99144667387
    outer loop
      vertex 0.225000977516 0.203015610576 0.880226910114
      vertex 0.222157910466 0.20338986814 0.905226886272
      vertex 0.225000977516 0.203015610576 0.905226886272
    endloop
  endfacet
  facet normal -0.130513593554 0 -0.991446495056
    outer loop
      vertex 0.225000977516 0.203015610576 0.880226910114
      vertex 0.225000977516 0.203015610576 0.905226886272
      vertex 0.227844029665 0.20338986814 0.880226910114
    endloop
  endfacet
  facet normal -0.130513593554 0 -0.991446495056
    outer loop
      vertex 0.227844029665 0.20338986814 0.880226910114
      vertex 0.225000977516 0.203015610576 0.905226886272
      vertex 0.227844029665 0.20338986814 0.905226886272
    endloop
  endfacet
  facet normal -0.382679641247 0 -0.923881113529
    outer loop
      vertex 0.227844029665 0.20338986814 0.880226910114
      vertex 0.227844029665 0.20338986814 0.905226886272
      vertex 0.230493381619 0.204487249255 0.880226910114
    endloop
  endfacet
  facet normal -0.382679641247 0 -0.923881113529
    outer loop
      vertex 0.230493381619 0.204487249255 0.880226910114
      vertex 0.227844029665 0.20338986814 0.905226886272
      vertex 0.230493381619 0.204487249255 0.905226886272
    endloop
  endfacet
  facet normal -0.608765006065 0 -0.793350636959
    outer loop
      vertex 0.230493381619 0.204487249255 0.880226910114
      vertex 0.230493381619 0.204487249255 0.905226886272
      vertex 0.232768386602 0.20623293519 0.880226910114
    endloop
  endfacet
  facet normal -0.608765006065 0 -0.793350636959
    outer loop
      vertex 0.232768386602 0.20623293519 0.880226910114
      vertex 0.230493381619 0.204487249255 0.905226886272
      vertex 0.232768386602 0.20623293519 0.905226886272
    endloop
  endfacet
  facet normal -0.793353259563 0 -0.608761489391
    outer loop
      vertex 0.232768386602 0.20623293519 0.880226910114
      vertex 0.232768386602 0.20623293519 0.905226886272
      vertex 0.234514057636 0.208507955074 0.880226910114
    endloop
  endfacet
  facet normal -0.793353259563 0 -0.608761489391
    outer loop
      vertex 0.234514057636 0.208507955074 0.880226910114
      vertex 0.232768386602 0.20623293519 0.905226886272
      vertex 0.234514057636 0.208507955074 0.905226886272
    endloop
  endfacet
  facet normal -0.923881113529 0 -0.382679641247
    outer loop
      vertex 0.234514057636 0.208507955074 0.880226910114
      vertex 0.234514057636 0.208507955074 0.905226886272
      vertex 0.235611438751 0.211157292128 0.880226910114
    endloop
  endfacet
  facet normal -0.923881113529 0 -0.382679641247
    outer loop
      vertex 0.235611438751 0.211157292128 0.880226910114
      vertex 0.234514057636 0.208507955074 0.905226886272
      vertex 0.235611438751 0.211157292128 0.905226886272
    endloop
  endfacet
  facet normal 1 0 0
    outer loop
      vertex 0.275000989437 0.261500358582 0.880226910114
      vertex 0.275000989437 0.261500358582 0.905226886272
      vertex 0.275000989437 0.204000383615 0.880226910114
    endloop
  endfacet
  facet normal 1 -0 0
    outer loop
      vertex 0.275000989437 0.204000383615 0.880226910114
      vertex 0.275000989437 0.261500358582 0.905226886272
      vertex 0.275000989437 0.204000383615 0.905226886272
    endloop
  endfacet
  facet normal 0 0 -1
    outer loop
      vertex 0.0250009838492 0.277500331402 0.880226910114
      vertex 0.0250009838492 0.277500331402 0.905226886272
      vertex 0.275000989437 0.277500331402 0.880226910114
    endloop
  endfacet
  facet normal 0 0 -1
    outer loop
      vertex 0.275000989437 0.277500331402 0.880226910114
      vertex 0.0250009838492 0.277500331402 0.905226886272
      vertex 0.275000989437 0.277500331402 0.905226886272
    endloop
  endfacet
  facet normal 0 -1 0
    outer loop
      vertex 0.0771579220891 0.0583898946643 0.880226910114
      vertex 0.0800009891391 0.0580156035721 0.880226910114
      vertex 0.0900009870529 0.0190003663301 0.880226910114
    endloop
  endfacet
  facet normal 0 -1 0
    outer loop
      vertex 0.0900009870529 0.0190003663301 0.880226910114
      vertex 0.0800009891391 0.0580156035721 0.880226910114
      vertex 0.0828440561891 0.0583898946643 0.880226910114
    endloop
  endfacet
  facet normal 0 -1 0
    outer loop
      vertex 0.0900009870529 0.0190003663301 0.880226910114
      vertex 0.0828440561891 0.0583898946643 0.880226910114
      vertex 0.0854933708906 0.0594872757792 0.880226910114
    endloop
  endfacet
  facet normal 0 -1 0
    outer loop
      vertex 0.0854933708906 0.0594872757792 0.880226910114
      vertex 0.0877683907747 0.0612329654396 0.880226910114
      vertex 0.0900009870529 0.0190003663301 0.880226910114
    endloop
  endfacet
  facet normal 0 -1 -0
    outer loop
      vertex 0.0900009870529 0.0190003663301 0.880226910114
      vertex 0.0877683907747 0.0612329654396 0.880226910114
      vertex 0.120000988245 0.0190003663301 0.880226910114
    endloop
  endfacet
  facet normal 0 -1 0
    outer loop
      vertex 0.120000988245 0.0190003663301 0.880226910114
      vertex 0.0877683907747 0.0612329654396 0.880226910114
      vertex 0.0895140767097 0.0635079815984 0.880226910114
    endloop
  endfacet
  facet normal 0 -1 0
    outer loop
      vertex 0.120000988245 0.0190003663301 0.880226910114
      vertex 0.0895140767097 0.0635079815984 0.880226910114
      vertex 0.0906114578247 0.0661572888494 0.880226910114
    endloop
  endfacet
  facet normal 0 -1 0
    outer loop
      vertex 0.0906114578247 0.0661572888494 0.880226910114
      vertex 0.0909857600927 0.0690003558993 0.880226910114
      vertex 0.120000988245 0.0190003663301 0.880226910114
    endloop
  endfacet
  facet normal 0 -1 0
    outer loop
      vertex 0.120000988245 0.0190003663301 0.880226910114
      vertex 0.0909857600927 0.0690003558993 0.880226910114
      vertex 0.0906114578247 0.0718434453011 0.880226910114
    endloop
  endfacet
  facet normal 0 -1 -0
    outer loop
      vertex 0.120000988245 0.0190003663301 0.880226910114
      vertex 0.0906114578247 0.0718434453011 0.880226910114
      vertex 0.120000988245 0.174000367522 0.880226910114
    endloop
  endfacet
  facet normal 0 -1 0
    outer loop
      vertex 0.120000988245 0.174000367522 0.880226910114
      vertex 0.0906114578247 0.0718434453011 0.880226910114
      vertex 0.0895140767097 0.074492752552 0.880226910114
    endloop
  endfacet
  facet normal 0 -1 0
    outer loop
      vertex 0.120000988245 0.174000367522 0.880226910114
      vertex 0.0895140767097 0.074492752552 0.880226910114
      vertex 0.0877683907747 0.0767677500844 0.880226910114
    endloop
  endfacet
  facet normal 0 -1 -0
    outer loop
      vertex 0.0877683907747 0.0767677500844 0.880226910114
      vertex 0.0854933708906 0.0785134360194 0.880226910114
      vertex 0.120000988245 0.174000367522 0.880226910114
    endloop
  endfacet
  facet normal 0 -1 0
    outer loop
      vertex 0.120000988245 0.174000367522 0.880226910114
      vertex 0.0854933708906 0.0785134360194 0.880226910114
      vertex 0.0828440561891 0.0796108171344 0.880226910114
    endloop
  endfacet
  facet normal 0 -1 0
    outer loop
      vertex 0.120000988245 0.174000367522 0.880226910114
      vertex 0.0828440561891 0.0796108171344 0.880226910114
      vertex 0.0800009891391 0.0799851119518 0.880226910114
    endloop
  endfacet
  facet normal -0 -1 -0
    outer loop
      vertex 0.0800009891391 0.0799851119518 0.880226910114
      vertex 0.0771579220891 0.0796108171344 0.880226910114
      vertex 0.120000988245 0.174000367522 0.880226910114
    endloop
  endfacet
  facet normal 0 -1 0
    outer loop
      vertex 0.120000988245 0.174000367522 0.880226910114
      vertex 0.0771579220891 0.0796108171344 0.880226910114
      vertex 0.074508599937 0.0785134360194 0.880226910114
    endloop
  endfacet
  facet normal -0 -1 0
    outer loop
      vertex 0.120000988245 0.174000367522 0.880226910114
      vertex 0.074508599937 0.0785134360194 0.880226910114
      vertex 0.0165009833872 0.269000351429 0.880226910114
    endloop
  endfacet
  facet normal 0 -1 0
    outer loop
      vertex 0.0165009833872 0.269000351429 0.880226910114
      vertex 0.074508599937 0.0785134360194 0.880226910114
      vertex 0.072233594954 0.0767677500844 0.880226910114
    endloop
  endfacet
  facet normal 0 -1 0
    outer loop
      vertex 0.0165009833872 0.269000351429 0.880226910114
      vertex 0.072233594954 0.0767677500844 0.880226910114
      vertex 0.0704879015684 0.074492752552 0.880226910114
    endloop
  endfacet
  facet normal 0 -1 0
    outer loop
      vertex 0.0165009833872 0.269000351429 0.880226910114
      vertex 0.0704879015684 0.074492752552 0.880226910114
      vertex 0.0165009833872 0.0190003663301 0.880226910114
    endloop
  endfacet
  facet normal 0 -1 0
    outer loop
      vertex 0.0165009833872 0.0190003663301 0.880226910114
      vertex 0.0704879015684 0.074492752552 0.880226910114
      vertex 0.0693905204535 0.0718434453011 0.880226910114
    endloop
  endfacet
  facet normal 0 -1 0
    outer loop
      vertex 0.0165009833872 0.0190003663301 0.880226910114
      vertex 0.0693905204535 0.0718434453011 0.880226910114
      vertex 0.069016225636 0.0690003558993 0.880226910114
    endloop
  endfacet
  facet normal 0 -1 0
    outer loop
      vertex 0.0165009833872 0.0190003663301 0.880226910114
      vertex 0.069016225636 0.0690003558993 0.880226910114
      vertex 0.020493067801 0.0190003663301 0.880226910114
    endloop
  endfacet
  facet normal 0 -1 0
    outer loop
      vertex 0.020493067801 0.0190003663301 0.880226910114
      vertex 0.069016225636 0.0690003558993 0.880226910114
      vertex 0.0693905204535 0.0661572888494 0.880226910114
    endloop
  endfacet
  facet normal 0 -1 0
    outer loop
      vertex 0.020493067801 0.0190003663301 0.880226910114
      vertex 0.0693905204535 0.0661572888494 0.880226910114
      vertex 0.0325009860098 0.0190003663301 0.880226910114
    endloop
  endfacet
  facet normal 0 -1 0
    outer loop
      vertex 0.0325009860098 0.0190003663301 0.880226910114
      vertex 0.0693905204535 0.0661572888494 0.880226910114
      vertex 0.0704879015684 0.0635079815984 0.880226910114
    endloop
  endfacet
  facet normal 0 -1 0
    outer loop
      vertex 0.0325009860098 0.0190003663301 0.880226910114
      vertex 0.0704879015684 0.0635079815984 0.880226910114
      vertex 0.072233594954 0.0612329654396 0.880226910114
    endloop
  endfacet
  facet normal 0 -1 0
    outer loop
      vertex 0.072233594954 0.0612329654396 0.880226910114
      vertex 0.074508599937 0.0594872757792 0.880226910114
      vertex 0.0325009860098 0.0190003663301 0.880226910114
    endloop
  endfacet
  facet normal 0 -1 0
    outer loop
      vertex 0.0325009860098 0.0190003663301 0.880226910114
      vertex 0.074508599937 0.0594872757792 0.880226910114
      vertex 0.0900009870529 0.0190003663301 0.880226910114
    endloop
  endfacet
  facet normal 0 -1 0
    outer loop
      vertex 0.0900009870529 0.0190003663301 0.880226910114
      vertex 0.074508599937 0.0594872757792 0.880226910114
      vertex 0.0771579220891 0.0583898946643 0.880226910114
    endloop
  endfacet
  facet normal 0 -1 0
    outer loop
      vertex 0.020493067801 0.269000351429 0.880226910114
      vertex 0.0250009838492 0.269000351429 0.880226910114
      vertex 0.120000988245 0.174000367522 0.880226910114
    endloop
  endfacet
  facet normal 0 -1 0
    outer loop
      vertex 0.120000988245 0.174000367522 0.880226910114
      vertex 0.0250009838492 0.269000351429 0.880226910114
      vertex 0.0250009838492 0.273500353098 0.880226910114
    endloop
  endfacet
  facet normal 0 -1 0
    outer loop
      vertex 0.120000988245 0.174000367522 0.880226910114
      vertex 0.0250009838492 0.273500353098 0.880226910114
      vertex 0.0250009838492 0.277500331402 0.880226910114
    endloop
  endfacet
  facet normal 0 -1 0
    outer loop
      vertex 0.275000989437 0.277500331402 0.880226910114
      vertex 0.219508588314 0.223513454199 0.880226910114
      vertex 0.0250009838492 0.277500331402 0.880226910114
    endloop
  endfacet
  facet normal 0 -1 0
    outer loop
      vertex 0.0250009838492 0.277500331402 0.880226910114
      vertex 0.219508588314 0.223513454199 0.880226910114
      vertex 0.21723356843 0.221767753363 0.880226910114
    endloop
  endfacet
  facet normal 0 -1 0
    outer loop
      vertex 0.0250009838492 0.277500331402 0.880226910114
      vertex 0.21723356843 0.221767753363 0.880226910114
      vertex 0.215487882495 0.21949274838 0.880226910114
    endloop
  endfacet
  facet normal -0 -1 -0
    outer loop
      vertex 0.275000989437 0.273500353098 0.880226910114
      vertex 0.225000977516 0.224985122681 0.880226910114
      vertex 0.275000989437 0.277500331402 0.880226910114
    endloop
  endfacet
  facet normal 0 -1 0
    outer loop
      vertex 0.275000989437 0.277500331402 0.880226910114
      vertex 0.225000977516 0.224985122681 0.880226910114
      vertex 0.222157910466 0.224610835314 0.880226910114
    endloop
  endfacet
  facet normal 0 -1 0
    outer loop
      vertex 0.275000989437 0.277500331402 0.880226910114
      vertex 0.222157910466 0.224610835314 0.880226910114
      vertex 0.219508588314 0.223513454199 0.880226910114
    endloop
  endfacet
  facet normal 0 -1 0
    outer loop
      vertex 0.225000977516 0.224985122681 0.880226910114
      vertex 0.275000989437 0.273500353098 0.880226910114
      vertex 0.227844029665 0.224610835314 0.880226910114
    endloop
  endfacet
  facet normal 0 -1 0
    outer loop
      vertex 0.227844029665 0.224610835314 0.880226910114
      vertex 0.275000989437 0.273500353098 0.880226910114
      vertex 0.275000989437 0.261500358582 0.880226910114
    endloop
  endfacet
  facet normal 0 -1 0
    outer loop
      vertex 0.227844029665 0.224610835314 0.880226910114
      vertex 0.275000989437 0.261500358582 0.880226910114
      vertex 0.230493381619 0.223513454199 0.880226910114
    endloop
  endfacet
  facet normal 0 -1 0
    outer loop
      vertex 0.230493381619 0.223513454199 0.880226910114
      vertex 0.275000989437 0.261500358582 0.880226910114
      vertex 0.232768386602 0.221767753363 0.880226910114
    endloop
  endfacet
  facet normal 0 -1 0
    outer loop
      vertex 0.232768386602 0.221767753363 0.880226910114
      vertex 0.275000989437 0.261500358582 0.880226910114
      vertex 0.234514057636 0.21949274838 0.880226910114
    endloop
  endfacet
  facet normal 0 -1 0
    outer loop
      vertex 0.234514057636 0.21949274838 0.880226910114
      vertex 0.275000989437 0.261500358582 0.880226910114
      vertex 0.275000989437 0.204000383615 0.880226910114
    endloop
  endfacet
  facet normal 0 -1 0
    outer loop
      vertex 0.234514057636 0.21949274838 0.880226910114
      vertex 0.275000989437 0.204000383615 0.880226910114
      vertex 0.235611438751 0.216843441129 0.880226910114
    endloop
  endfacet
  facet normal 0 -1 0
    outer loop
      vertex 0.235611438751 0.216843441129 0.880226910114
      vertex 0.275000989437 0.204000383615 0.880226910114
      vertex 0.235985741019 0.214000374079 0.880226910114
    endloop
  endfacet
  facet normal 0 -1 0
    outer loop
      vertex 0.235985741019 0.214000374079 0.880226910114
      vertex 0.275000989437 0.204000383615 0.880226910114
      vertex 0.235611438751 0.211157292128 0.880226910114
    endloop
  endfacet
  facet normal 0 -1 0
    outer loop
      vertex 0.235611438751 0.211157292128 0.880226910114
      vertex 0.275000989437 0.204000383615 0.880226910114
      vertex 0.234514057636 0.208507955074 0.880226910114
    endloop
  endfacet
  facet normal 0 -1 0
    outer loop
      vertex 0.234514057636 0.208507955074 0.880226910114
      vertex 0.275000989437 0.204000383615 0.880226910114
      vertex 0.232768386602 0.20623293519 0.880226910114
    endloop
  endfacet
  facet normal 0 -1 0
    outer loop
      vertex 0.232768386602 0.20623293519 0.880226910114
      vertex 0.275000989437 0.204000383615 0.880226910114
      vertex 0.275000989437 0.174000367522 0.880226910114
    endloop
  endfacet
  facet normal 0 -1 0
    outer loop
      vertex 0.232768386602 0.20623293519 0.880226910114
      vertex 0.275000989437 0.174000367522 0.880226910114
      vertex 0.230493381619 0.204487249255 0.880226910114
    endloop
  endfacet
  facet normal 0 -1 0
    outer loop
      vertex 0.230493381619 0.204487249255 0.880226910114
      vertex 0.275000989437 0.174000367522 0.880226910114
      vertex 0.227844029665 0.20338986814 0.880226910114
    endloop
  endfacet
  facet normal 0 -1 0
    outer loop
      vertex 0.227844029665 0.20338986814 0.880226910114
      vertex 0.275000989437 0.174000367522 0.880226910114
      vertex 0.225000977516 0.203015610576 0.880226910114
    endloop
  endfacet
  facet normal -0 -1 0
    outer loop
      vertex 0.225000977516 0.203015610576 0.880226910114
      vertex 0.275000989437 0.174000367522 0.880226910114
      vertex 0.222157910466 0.20338986814 0.880226910114
    endloop
  endfacet
  facet normal 0 -1 0
    outer loop
      vertex 0.222157910466 0.20338986814 0.880226910114
      vertex 0.275000989437 0.174000367522 0.880226910114
      vertex 0.120000988245 0.174000367522 0.880226910114
    endloop
  endfacet
  facet normal -0 -1 0
    outer loop
      vertex 0.222157910466 0.20338986814 0.880226910114
      vertex 0.120000988245 0.174000367522 0.880226910114
      vertex 0.219508588314 0.204487249255 0.880226910114
    endloop
  endfacet
  facet normal -0 -1 0
    outer loop
      vertex 0.219508588314 0.204487249255 0.880226910114
      vertex 0.120000988245 0.174000367522 0.880226910114
      vertex 0.21723356843 0.20623293519 0.880226910114
    endloop
  endfacet
  facet normal -0 -1 0
    outer loop
      vertex 0.21723356843 0.20623293519 0.880226910114
      vertex 0.120000988245 0.174000367522 0.880226910114
      vertex 0.215487882495 0.208507955074 0.880226910114
    endloop
  endfacet
  facet normal -0 -1 0
    outer loop
      vertex 0.215487882495 0.208507955074 0.880226910114
      vertex 0.120000988245 0.174000367522 0.880226910114
      vertex 0.21439050138 0.211157292128 0.880226910114
    endloop
  endfacet
  facet normal -0 -1 0
    outer loop
      vertex 0.21439050138 0.211157292128 0.880226910114
      vertex 0.120000988245 0.174000367522 0.880226910114
      vertex 0.214016199112 0.214000374079 0.880226910114
    endloop
  endfacet
  facet normal -0 -1 -0
    outer loop
      vertex 0.214016199112 0.214000374079 0.880226910114
      vertex 0.120000988245 0.174000367522 0.880226910114
      vertex 0.21439050138 0.216843441129 0.880226910114
    endloop
  endfacet
  facet normal -0 -1 -0
    outer loop
      vertex 0.21439050138 0.216843441129 0.880226910114
      vertex 0.120000988245 0.174000367522 0.880226910114
      vertex 0.215487882495 0.21949274838 0.880226910114
    endloop
  endfacet
  facet normal -0 -1 0
    outer loop
      vertex 0.215487882495 0.21949274838 0.880226910114
      vertex 0.120000988245 0.174000367522 0.880226910114
      vertex 0.0250009838492 0.277500331402 0.880226910114
    endloop
  endfacet
  facet normal 0 -1 0
    outer loop
      vertex 0.0165009833872 0.269000351429 0.880226910114
      vertex 0.020493067801 0.269000351429 0.880226910114
      vertex 0.120000988245 0.174000367522 0.880226910114
    endloop
  endfacet
  facet normal -0 0 1
    outer loop
      vertex 0.120000988245 0.174000367522 0.905226886272
      vertex 0.120000988245 0.174000367522 0.880226910114
      vertex 0.275000989437 0.174000367522 0.905226886272
    endloop
  endfacet
  facet normal 0 0 1
    outer loop
      vertex 0.275000989437 0.174000367522 0.905226886272
      vertex 0.120000988245 0.174000367522 0.880226910114
      vertex 0.275000989437 0.174000367522 0.880226910114
    endloop
  endfacet
  facet normal 1 0 0
    outer loop
      vertex 0.275000989437 0.273500353098 0.322100967169
      vertex 0.275000989437 0.273500353098 0.297100961208
      vertex 0.275000989437 0.277500331402 0.322100967169
    endloop
  endfacet
  facet normal 1 0 0
    outer loop
      vertex 0.275000989437 0.277500331402 0.322100967169
      vertex 0.275000989437 0.273500353098 0.297100961208
      vertex 0.275000989437 0.277500331402 0.297100961208
    endloop
  endfacet
  facet normal -1 0 0
    outer loop
      vertex 0.0250009838492 0.273500353098 0.297100961208
      vertex 0.0250009838492 0.273500353098 0.322100967169
      vertex 0.0250009838492 0.277500331402 0.297100961208
    endloop
  endfacet
  facet normal -1 0 0
    outer loop
      vertex 0.0250009838492 0.277500331402 0.297100961208
      vertex 0.0250009838492 0.273500353098 0.322100967169
      vertex 0.0250009838492 0.277500331402 0.322100967169
    endloop
  endfacet
  facet normal 0 1 -0
    outer loop
      vertex 0.0828440561891 0.0583898946643 0.322100967169
      vertex 0.0800009891391 0.0580156035721 0.322100967169
      vertex 0.0900009870529 0.0190003663301 0.322100967169
    endloop
  endfacet
  facet normal 0 1 0
    outer loop
      vertex 0.0900009870529 0.0190003663301 0.322100967169
      vertex 0.0800009891391 0.0580156035721 0.322100967169
      vertex 0.0771579220891 0.0583898946643 0.322100967169
    endloop
  endfacet
  facet normal 0 1 0
    outer loop
      vertex 0.0900009870529 0.0190003663301 0.322100967169
      vertex 0.0771579220891 0.0583898946643 0.322100967169
      vertex 0.074508599937 0.0594872757792 0.322100967169
    endloop
  endfacet
  facet normal 0 1 0
    outer loop
      vertex 0.0900009870529 0.0190003663301 0.322100967169
      vertex 0.074508599937 0.0594872757792 0.322100967169
      vertex 0.0325009860098 0.0190003663301 0.322100967169
    endloop
  endfacet
  facet normal 0 1 0
    outer loop
      vertex 0.0325009860098 0.0190003663301 0.322100967169
      vertex 0.074508599937 0.0594872757792 0.322100967169
      vertex 0.072233594954 0.0612329654396 0.322100967169
    endloop
  endfacet
  facet normal 0 1 0
    outer loop
      vertex 0.0325009860098 0.0190003663301 0.322100967169
      vertex 0.072233594954 0.0612329654396 0.322100967169
      vertex 0.0704879015684 0.0635079815984 0.322100967169
    endloop
  endfacet
  facet normal 0 1 0
    outer loop
      vertex 0.0704879015684 0.0635079815984 0.322100967169
      vertex 0.0693905204535 0.0661572888494 0.322100967169
      vertex 0.0325009860098 0.0190003663301 0.322100967169
    endloop
  endfacet
  facet normal 0 1 0
    outer loop
      vertex 0.0325009860098 0.0190003663301 0.322100967169
      vertex 0.0693905204535 0.0661572888494 0.322100967169
      vertex 0.020493067801 0.0190003663301 0.322100967169
    endloop
  endfacet
  facet normal 0 1 0
    outer loop
      vertex 0.020493067801 0.0190003663301 0.322100967169
      vertex 0.0693905204535 0.0661572888494 0.322100967169
      vertex 0.069016225636 0.0690003558993 0.322100967169
    endloop
  endfacet
  facet normal 0 1 0
    outer loop
      vertex 0.020493067801 0.0190003663301 0.322100967169
      vertex 0.069016225636 0.0690003558993 0.322100967169
      vertex 0.0165009833872 0.0190003663301 0.322100967169
    endloop
  endfacet
  facet normal 0 1 0
    outer loop
      vertex 0.0165009833872 0.0190003663301 0.322100967169
      vertex 0.069016225636 0.0690003558993 0.322100967169
      vertex 0.0693905204535 0.0718434453011 0.322100967169
    endloop
  endfacet
  facet normal 0 1 0
    outer loop
      vertex 0.0165009833872 0.0190003663301 0.322100967169
      vertex 0.0693905204535 0.0718434453011 0.322100967169
      vertex 0.0704879015684 0.074492752552 0.322100967169
    endloop
  endfacet
  facet normal 0 1 0
    outer loop
      vertex 0.0165009833872 0.0190003663301 0.322100967169
      vertex 0.0704879015684 0.074492752552 0.322100967169
      vertex 0.0165009833872 0.269000351429 0.322100967169
    endloop
  endfacet
  facet normal 0 1 0
    outer loop
      vertex 0.0165009833872 0.269000351429 0.322100967169
      vertex 0.0704879015684 0.074492752552 0.322100967169
      vertex 0.072233594954 0.0767677500844 0.322100967169
    endloop
  endfacet
  facet normal 0 1 0
    outer loop
      vertex 0.0165009833872 0.269000351429 0.322100967169
      vertex 0.072233594954 0.0767677500844 0.322100967169
      vertex 0.074508599937 0.0785134360194 0.322100967169
    endloop
  endfacet
  facet normal 0 1 0
    outer loop
      vertex 0.0165009833872 0.269000351429 0.322100967169
      vertex 0.074508599937 0.0785134360194 0.322100967169
      vertex 0.120000988245 0.174000367522 0.322100967169
    endloop
  endfacet
  facet normal 0 1 0
    outer loop
      vertex 0.120000988245 0.174000367522 0.322100967169
      vertex 0.074508599937 0.0785134360194 0.322100967169
      vertex 0.0771579220891 0.0796108171344 0.322100967169
    endloop
  endfacet
  facet normal 0 1 0
    outer loop
      vertex 0.120000988245 0.174000367522 0.322100967169
      vertex 0.0771579220891 0.0796108171344 0.322100967169
      vertex 0.0800009891391 0.0799851119518 0.322100967169
    endloop
  endfacet
  facet normal -0 1 0
    outer loop
      vertex 0.0800009891391 0.0799851119518 0.322100967169
      vertex 0.0828440561891 0.0796108171344 0.322100967169
      vertex 0.120000988245 0.174000367522 0.322100967169
    endloop
  endfacet
  facet normal 0 1 0
    outer loop
      vertex 0.120000988245 0.174000367522 0.322100967169
      vertex 0.0828440561891 0.0796108171344 0.322100967169
      vertex 0.0854933708906 0.0785134360194 0.322100967169
    endloop
  endfacet
  facet normal 0 1 0
    outer loop
      vertex 0.120000988245 0.174000367522 0.322100967169
      vertex 0.0854933708906 0.0785134360194 0.322100967169
      vertex 0.0877683907747 0.0767677500844 0.322100967169
    endloop
  endfacet
  facet normal -0 1 0
    outer loop
      vertex 0.0877683907747 0.0767677500844 0.322100967169
      vertex 0.0895140767097 0.074492752552 0.322100967169
      vertex 0.120000988245 0.174000367522 0.322100967169
    endloop
  endfacet
  facet normal 0 1 0
    outer loop
      vertex 0.120000988245 0.174000367522 0.322100967169
      vertex 0.0895140767097 0.074492752552 0.322100967169
      vertex 0.0906114578247 0.0718434453011 0.322100967169
    endloop
  endfacet
  facet normal 0 1 -0
    outer loop
      vertex 0.120000988245 0.174000367522 0.322100967169
      vertex 0.0906114578247 0.0718434453011 0.322100967169
      vertex 0.120000988245 0.0190003663301 0.322100967169
    endloop
  endfacet
  facet normal 0 1 0
    outer loop
      vertex 0.120000988245 0.0190003663301 0.322100967169
      vertex 0.0906114578247 0.0718434453011 0.322100967169
      vertex 0.0909857600927 0.0690003558993 0.322100967169
    endloop
  endfacet
  facet normal 0 1 0
    outer loop
      vertex 0.120000988245 0.0190003663301 0.322100967169
      vertex 0.0909857600927 0.0690003558993 0.322100967169
      vertex 0.0906114578247 0.0661572888494 0.322100967169
    endloop
  endfacet
  facet normal 0 1 -0
    outer loop
      vertex 0.0906114578247 0.0661572888494 0.322100967169
      vertex 0.0895140767097 0.0635079815984 0.322100967169
      vertex 0.120000988245 0.0190003663301 0.322100967169
    endloop
  endfacet
  facet normal 0 1 0
    outer loop
      vertex 0.120000988245 0.0190003663301 0.322100967169
      vertex 0.0895140767097 0.0635079815984 0.322100967169
      vertex 0.0877683907747 0.0612329654396 0.322100967169
    endloop
  endfacet
  facet normal 0 1 0
    outer loop
      vertex 0.120000988245 0.0190003663301 0.322100967169
      vertex 0.0877683907747 0.0612329654396 0.322100967169
      vertex 0.0900009870529 0.0190003663301 0.322100967169
    endloop
  endfacet
  facet normal 0 1 0
    outer loop
      vertex 0.0900009870529 0.0190003663301 0.322100967169
      vertex 0.0877683907747 0.0612329654396 0.322100967169
      vertex 0.0854933708906 0.0594872757792 0.322100967169
    endloop
  endfacet
  facet normal 0 1 0
    outer loop
      vertex 0.0900009870529 0.0190003663301 0.322100967169
      vertex 0.0854933708906 0.0594872757792 0.322100967169
      vertex 0.0828440561891 0.0583898946643 0.322100967169
    endloop
  endfacet
  facet normal 0 1 0
    outer loop
      vertex 0.275000989437 0.174000367522 0.322100967169
      vertex 0.222157910466 0.20338986814 0.322100967169
      vertex 0.120000988245 0.174000367522 0.322100967169
    endloop
  endfacet
  facet normal 0 1 0
    outer loop
      vertex 0.120000988245 0.174000367522 0.322100967169
      vertex 0.222157910466 0.20338986814 0.322100967169
      vertex 0.219508588314 0.204487249255 0.322100967169
    endloop
  endfacet
  facet normal 0 1 0
    outer loop
      vertex 0.120000988245 0.174000367522 0.322100967169
      vertex 0.219508588314 0.204487249255 0.322100967169
      vertex 0.21723356843 0.20623293519 0.322100967169
    endloop
  endfacet
  facet normal 0 1 -0
    outer loop
      vertex 0.275000989437 0.204000383615 0.322100967169
      vertex 0.232768386602 0.20623293519 0.322100967169
      vertex 0.275000989437 0.174000367522 0.322100967169
    endloop
  endfacet
  facet normal 0 1 0
    outer loop
      vertex 0.275000989437 0.174000367522 0.322100967169
      vertex 0.232768386602 0.20623293519 0.322100967169
      vertex 0.230493381619 0.204487249255 0.322100967169
    endloop
  endfacet
  facet normal 0 1 0
    outer loop
      vertex 0.275000989437 0.174000367522 0.322100967169
      vertex 0.230493381619 0.204487249255 0.322100967169
      vertex 0.227844029665 0.20338986814 0.322100967169
    endloop
  endfacet
  facet normal 0 1 -0
    outer loop
      vertex 0.275000989437 0.261500358582 0.322100967169
      vertex 0.234514057636 0.21949274838 0.322100967169
      vertex 0.275000989437 0.204000383615 0.322100967169
    endloop
  endfacet
  facet normal 0 1 0
    outer loop
      vertex 0.275000989437 0.204000383615 0.322100967169
      vertex 0.234514057636 0.21949274838 0.322100967169
      vertex 0.235611438751 0.216843441129 0.322100967169
    endloop
  endfacet
  facet normal 0 1 0
    outer loop
      vertex 0.275000989437 0.204000383615 0.322100967169
      vertex 0.235611438751 0.216843441129 0.322100967169
      vertex 0.235985741019 0.214000374079 0.322100967169
    endloop
  endfacet
  facet normal 0 1 -0
    outer loop
      vertex 0.275000989437 0.273500353098 0.322100967169
      vertex 0.227844029665 0.224610835314 0.322100967169
      vertex 0.275000989437 0.261500358582 0.322100967169
    endloop
  endfacet
  facet normal 0 1 0
    outer loop
      vertex 0.275000989437 0.261500358582 0.322100967169
      vertex 0.227844029665 0.224610835314 0.322100967169
      vertex 0.230493381619 0.223513454199 0.322100967169
    endloop
  endfacet
  facet normal 0 1 0
    outer loop
      vertex 0.275000989437 0.261500358582 0.322100967169
      vertex 0.230493381619 0.223513454199 0.322100967169
      vertex 0.232768386602 0.221767753363 0.322100967169
    endloop
  endfacet
  facet normal 0 1 0
    outer loop
      vertex 0.227844029665 0.224610835314 0.322100967169
      vertex 0.275000989437 0.273500353098 0.322100967169
      vertex 0.225000977516 0.224985122681 0.322100967169
    endloop
  endfacet
  facet normal 0 1 0
    outer loop
      vertex 0.225000977516 0.224985122681 0.322100967169
      vertex 0.275000989437 0.273500353098 0.322100967169
      vertex 0.275000989437 0.277500331402 0.322100967169
    endloop
  endfacet
  facet normal 0 1 0
    outer loop
      vertex 0.225000977516 0.224985122681 0.322100967169
      vertex 0.275000989437 0.277500331402 0.322100967169
      vertex 0.222157910466 0.224610835314 0.322100967169
    endloop
  endfacet
  facet normal 0 1 0
    outer loop
      vertex 0.222157910466 0.224610835314 0.322100967169
      vertex 0.275000989437 0.277500331402 0.322100967169
      vertex 0.219508588314 0.223513454199 0.322100967169
    endloop
  endfacet
  facet normal 0 1 0
    outer loop
      vertex 0.219508588314 0.223513454199 0.322100967169
      vertex 0.275000989437 0.277500331402 0.322100967169
      vertex 0.0250009838492 0.277500331402 0.322100967169
    endloop
  endfacet
  facet normal 0 1 0
    outer loop
      vertex 0.219508588314 0.223513454199 0.322100967169
      vertex 0.0250009838492 0.277500331402 0.322100967169
      vertex 0.21723356843 0.221767753363 0.322100967169
    endloop
  endfacet
  facet normal 0 1 0
    outer loop
      vertex 0.21723356843 0.221767753363 0.322100967169
      vertex 0.0250009838492 0.277500331402 0.322100967169
      vertex 0.215487882495 0.21949274838 0.322100967169
    endloop
  endfacet
  facet normal 0 1 0
    outer loop
      vertex 0.215487882495 0.21949274838 0.322100967169
      vertex 0.0250009838492 0.277500331402 0.322100967169
      vertex 0.120000988245 0.174000367522 0.322100967169
    endloop
  endfacet
  facet normal 0 1 0
    outer loop
      vertex 0.215487882495 0.21949274838 0.322100967169
      vertex 0.120000988245 0.174000367522 0.322100967169
      vertex 0.21439050138 0.216843441129 0.322100967169
    endloop
  endfacet
  facet normal 0 1 0
    outer loop
      vertex 0.21439050138 0.216843441129 0.322100967169
      vertex 0.120000988245 0.174000367522 0.322100967169
      vertex 0.214016199112 0.214000374079 0.322100967169
    endloop
  endfacet
  facet normal 0 1 -0
    outer loop
      vertex 0.214016199112 0.214000374079 0.322100967169
      vertex 0.120000988245 0.174000367522 0.322100967169
      vertex 0.21439050138 0.211157292128 0.322100967169
    endloop
  endfacet
  facet normal 0 1 -0
    outer loop
      vertex 0.21439050138 0.211157292128 0.322100967169
      vertex 0.120000988245 0.174000367522 0.322100967169
      vertex 0.215487882495 0.208507955074 0.322100967169
    endloop
  endfacet
  facet normal 0 1 -0
    outer loop
      vertex 0.215487882495 0.208507955074 0.322100967169
      vertex 0.120000988245 0.174000367522 0.322100967169
      vertex 0.21723356843 0.20623293519 0.322100967169
    endloop
  endfacet
  facet normal 0 1 0
    outer loop
      vertex 0.0250009838492 0.277500331402 0.322100967169
      vertex 0.0250009838492 0.273500353098 0.322100967169
      vertex 0.120000988245 0.174000367522 0.322100967169
    endloop
  endfacet
  facet normal 0 1 0
    outer loop
      vertex 0.120000988245 0.174000367522 0.322100967169
      vertex 0.0250009838492 0.273500353098 0.322100967169
      vertex 0.0250009838492 0.269000351429 0.322100967169
    endloop
  endfacet
  facet normal 0 1 0
    outer loop
      vertex 0.120000988245 0.174000367522 0.322100967169
      vertex 0.0250009838492 0.269000351429 0.322100967169
      vertex 0.020493067801 0.269000351429 0.322100967169
    endloop
  endfacet
  facet normal 0 1 -0
    outer loop
      vertex 0.020493067801 0.269000351429 0.322100967169
      vertex 0.0165009833872 0.269000351429 0.322100967169
      vertex 0.120000988245 0.174000367522 0.322100967169
    endloop
  endfacet
  facet normal 0 1 -0
    outer loop
      vertex 0.235985741019 0.214000374079 0.322100967169
      vertex 0.235611438751 0.211157292128 0.322100967169
      vertex 0.275000989437 0.204000383615 0.322100967169
    endloop
  endfacet
  facet normal 0 1 0
    outer loop
      vertex 0.275000989437 0.204000383615 0.322100967169
      vertex 0.235611438751 0.211157292128 0.322100967169
      vertex 0.234514057636 0.208507955074 0.322100967169
    endloop
  endfacet
  facet normal 0 1 0
    outer loop
      vertex 0.275000989437 0.204000383615 0.322100967169
      vertex 0.234514057636 0.208507955074 0.322100967169
      vertex 0.232768386602 0.20623293519 0.322100967169
    endloop
  endfacet
  facet normal 0 1 -0
    outer loop
      vertex 0.227844029665 0.20338986814 0.322100967169
      vertex 0.225000977516 0.203015610576 0.322100967169
      vertex 0.275000989437 0.174000367522 0.322100967169
    endloop
  endfacet
  facet normal 0 1 0
    outer loop
      vertex 0.275000989437 0.174000367522 0.322100967169
      vertex 0.225000977516 0.203015610576 0.322100967169
      vertex 0.222157910466 0.20338986814 0.322100967169
    endloop
  endfacet
  facet normal -0 1 0
    outer loop
      vertex 0.232768386602 0.221767753363 0.322100967169
      vertex 0.234514057636 0.21949274838 0.322100967169
      vertex 0.275000989437 0.261500358582 0.322100967169
    endloop
  endfacet
  facet normal -0.991444647312 0 -0.130527898669
    outer loop
      vertex 0.235611438751 0.211157292128 0.297100961208
      vertex 0.235611438751 0.211157292128 0.322100967169
      vertex 0.235985741019 0.214000374079 0.297100961208
    endloop
  endfacet
  facet normal -0.991444647312 0 -0.130527898669
    outer loop
      vertex 0.235985741019 0.214000374079 0.297100961208
      vertex 0.235611438751 0.211157292128 0.322100967169
      vertex 0.235985741019 0.214000374079 0.322100967169
    endloop
  endfacet
  facet normal -0.991444647312 0 0.130527898669
    outer loop
      vertex 0.235985741019 0.214000374079 0.297100961208
      vertex 0.235985741019 0.214000374079 0.322100967169
      vertex 0.235611438751 0.216843441129 0.297100961208
    endloop
  endfacet
  facet normal -0.991444647312 0 0.130527898669
    outer loop
      vertex 0.235611438751 0.216843441129 0.297100961208
      vertex 0.235985741019 0.214000374079 0.322100967169
      vertex 0.235611438751 0.216843441129 0.322100967169
    endloop
  endfacet
  facet normal -0.923879265785 0 0.382684051991
    outer loop
      vertex 0.235611438751 0.216843441129 0.297100961208
      vertex 0.235611438751 0.216843441129 0.322100967169
      vertex 0.234514057636 0.21949274838 0.297100961208
    endloop
  endfacet
  facet normal -0.923879265785 0 0.382684051991
    outer loop
      vertex 0.234514057636 0.21949274838 0.297100961208
      vertex 0.235611438751 0.216843441129 0.322100967169
      vertex 0.234514057636 0.21949274838 0.322100967169
    endloop
  endfacet
  facet normal -0.793353259563 0 0.608761489391
    outer loop
      vertex 0.234514057636 0.21949274838 0.297100961208
      vertex 0.234514057636 0.21949274838 0.322100967169
      vertex 0.232768386602 0.221767753363 0.297100961208
    endloop
  endfacet
  facet normal -0.793353259563 0 0.608761489391
    outer loop
      vertex 0.232768386602 0.221767753363 0.297100961208
      vertex 0.234514057636 0.21949274838 0.322100967169
      vertex 0.232768386602 0.221767753363 0.322100967169
    endloop
  endfacet
  facet normal -0.608765006065 0 0.793350636959
    outer loop
      vertex 0.232768386602 0.221767753363 0.297100961208
      vertex 0.232768386602 0.221767753363 0.322100967169
      vertex 0.230493381619 0.223513454199 0.297100961208
    endloop
  endfacet
  facet normal -0.608765006065 0 0.793350636959
    outer loop
      vertex 0.230493381619 0.223513454199 0.297100961208
      vertex 0.232768386602 0.221767753363 0.322100967169
      vertex 0.230493381619 0.223513454199 0.322100967169
    endloop
  endfacet
  facet normal -0.382679641247 0 0.923881113529
    outer loop
      vertex 0.230493381619 0.223513454199 0.297100961208
      vertex 0.230493381619 0.223513454199 0.322100967169
      vertex 0.227844029665 0.224610835314 0.297100961208
    endloop
  endfacet
  facet normal -0.382679641247 0 0.923881113529
    outer loop
      vertex 0.227844029665 0.224610835314 0.297100961208
      vertex 0.230493381619 0.223513454199 0.322100967169
      vertex 0.227844029665 0.224610835314 0.322100967169
    endloop
  endfacet
  facet normal -0.130525842309 0 0.991444885731
    outer loop
      vertex 0.227844029665 0.224610835314 0.297100961208
      vertex 0.227844029665 0.224610835314 0.322100967169
      vertex 0.225000977516 0.224985122681 0.297100961208
    endloop
  endfacet
  facet normal -0.130525842309 0 0.991444885731
    outer loop
      vertex 0.225000977516 0.224985122681 0.297100961208
      vertex 0.227844029665 0.224610835314 0.322100967169
      vertex 0.225000977516 0.224985122681 0.322100967169
    endloop
  endfacet
  facet normal 0.130524843931 -0 0.991445064545
    outer loop
      vertex 0.225000977516 0.224985122681 0.297100961208
      vertex 0.225000977516 0.224985122681 0.322100967169
      vertex 0.222157910466 0.224610835314 0.297100961208
    endloop
  endfacet
  facet normal 0.130524843931 -0 0.991445064545
    outer loop
      vertex 0.222157910466 0.224610835314 0.297100961208
      vertex 0.225000977516 0.224985122681 0.322100967169
      vertex 0.222157910466 0.224610835314 0.322100967169
    endloop
  endfacet
  facet normal 0.382682412863 -0 0.923879981041
    outer loop
      vertex 0.222157910466 0.224610835314 0.297100961208
      vertex 0.222157910466 0.224610835314 0.322100967169
      vertex 0.219508588314 0.223513454199 0.297100961208
    endloop
  endfacet
  facet normal 0.382682412863 -0 0.923879981041
    outer loop
      vertex 0.219508588314 0.223513454199 0.297100961208
      vertex 0.222157910466 0.224610835314 0.322100967169
      vertex 0.219508588314 0.223513454199 0.322100967169
    endloop
  endfacet
  facet normal 0.608762741089 -0 0.793352365494
    outer loop
      vertex 0.219508588314 0.223513454199 0.297100961208
      vertex 0.219508588314 0.223513454199 0.322100967169
      vertex 0.21723356843 0.221767753363 0.297100961208
    endloop
  endfacet
  facet normal 0.608762741089 -0 0.793352365494
    outer loop
      vertex 0.21723356843 0.221767753363 0.297100961208
      vertex 0.219508588314 0.223513454199 0.322100967169
      vertex 0.21723356843 0.221767753363 0.322100967169
    endloop
  endfacet
  facet normal 0.793351769447 -0 0.608763456345
    outer loop
      vertex 0.21723356843 0.221767753363 0.297100961208
      vertex 0.21723356843 0.221767753363 0.322100967169
      vertex 0.215487882495 0.21949274838 0.297100961208
    endloop
  endfacet
  facet normal 0.793351769447 -0 0.608763456345
    outer loop
      vertex 0.215487882495 0.21949274838 0.297100961208
      vertex 0.21723356843 0.221767753363 0.322100967169
      vertex 0.215487882495 0.21949274838 0.322100967169
    endloop
  endfacet
  facet normal 0.923879265785 -0 0.382684051991
    outer loop
      vertex 0.215487882495 0.21949274838 0.297100961208
      vertex 0.215487882495 0.21949274838 0.322100967169
      vertex 0.21439050138 0.216843441129 0.297100961208
    endloop
  endfacet
  facet normal 0.923879265785 -0 0.382684051991
    outer loop
      vertex 0.21439050138 0.216843441129 0.297100961208
      vertex 0.215487882495 0.21949274838 0.322100967169
      vertex 0.21439050138 0.216843441129 0.322100967169
    endloop
  endfacet
  facet normal 0.991444647312 -0 0.130527898669
    outer loop
      vertex 0.21439050138 0.216843441129 0.297100961208
      vertex 0.21439050138 0.216843441129 0.322100967169
      vertex 0.214016199112 0.214000374079 0.297100961208
    endloop
  endfacet
  facet normal 0.991444647312 -0 0.130527898669
    outer loop
      vertex 0.214016199112 0.214000374079 0.297100961208
      vertex 0.21439050138 0.216843441129 0.322100967169
      vertex 0.214016199112 0.214000374079 0.322100967169
    endloop
  endfacet
  facet normal 0.991444647312 0 -0.130527898669
    outer loop
      vertex 0.214016199112 0.214000374079 0.297100961208
      vertex 0.214016199112 0.214000374079 0.322100967169
      vertex 0.21439050138 0.211157292128 0.297100961208
    endloop
  endfacet
  facet normal 0.991444647312 0 -0.130527898669
    outer loop
      vertex 0.21439050138 0.211157292128 0.297100961208
      vertex 0.214016199112 0.214000374079 0.322100967169
      vertex 0.21439050138 0.211157292128 0.322100967169
    endloop
  endfacet
  facet normal 0.923881113529 0 -0.382679641247
    outer loop
      vertex 0.21439050138 0.211157292128 0.297100961208
      vertex 0.21439050138 0.211157292128 0.322100967169
      vertex 0.215487882495 0.208507955074 0.297100961208
    endloop
  endfacet
  facet normal 0.923881113529 0 -0.382679641247
    outer loop
      vertex 0.215487882495 0.208507955074 0.297100961208
      vertex 0.21439050138 0.211157292128 0.322100967169
      vertex 0.215487882495 0.208507955074 0.322100967169
    endloop
  endfacet
  facet normal 0.793351769447 0 -0.608763456345
    outer loop
      vertex 0.215487882495 0.208507955074 0.297100961208
      vertex 0.215487882495 0.208507955074 0.322100967169
      vertex 0.21723356843 0.20623293519 0.297100961208
    endloop
  endfacet
  facet normal 0.793351769447 0 -0.608763456345
    outer loop
      vertex 0.21723356843 0.20623293519 0.297100961208
      vertex 0.215487882495 0.208507955074 0.322100967169
      vertex 0.21723356843 0.20623293519 0.322100967169
    endloop
  endfacet
  facet normal 0.608762741089 0 -0.793352365494
    outer loop
      vertex 0.21723356843 0.20623293519 0.297100961208
      vertex 0.21723356843 0.20623293519 0.322100967169
      vertex 0.219508588314 0.204487249255 0.297100961208
    endloop
  endfacet
  facet normal 0.608762741089 0 -0.793352365494
    outer loop
      vertex 0.219508588314 0.204487249255 0.297100961208
      vertex 0.21723356843 0.20623293519 0.322100967169
      vertex 0.219508588314 0.204487249255 0.322100967169
    endloop
  endfacet
  facet normal 0.382682412863 0 -0.923879981041
    outer loop
      vertex 0.219508588314 0.204487249255 0.297100961208
      vertex 0.219508588314 0.204487249255 0.322100967169
      vertex 0.222157910466 0.20338986814 0.297100961208
    endloop
  endfacet
  facet normal 0.382682412863 0 -0.923879981041
    outer loop
      vertex 0.222157910466 0.20338986814 0.297100961208
      vertex 0.219508588314 0.204487249255 0.322100967169
      vertex 0.222157910466 0.20338986814 0.322100967169
    endloop
  endfacet
  facet normal 0.130512580276 0 -0.99144667387
    outer loop
      vertex 0.222157910466 0.20338986814 0.297100961208
      vertex 0.222157910466 0.20338986814 0.322100967169
      vertex 0.225000977516 0.203015610576 0.297100961208
    endloop
  endfacet
  facet normal 0.130512580276 0 -0.99144667387
    outer loop
      vertex 0.225000977516 0.203015610576 0.297100961208
      vertex 0.222157910466 0.20338986814 0.322100967169
      vertex 0.225000977516 0.203015610576 0.322100967169
    endloop
  endfacet
  facet normal -0.130513593554 0 -0.991446495056
    outer loop
      vertex 0.225000977516 0.203015610576 0.297100961208
      vertex 0.225000977516 0.203015610576 0.322100967169
      vertex 0.227844029665 0.20338986814 0.297100961208
    endloop
  endfacet
  facet normal -0.130513593554 0 -0.991446495056
    outer loop
      vertex 0.227844029665 0.20338986814 0.297100961208
      vertex 0.225000977516 0.203015610576 0.322100967169
      vertex 0.227844029665 0.20338986814 0.322100967169
    endloop
  endfacet
  facet normal -0.382679641247 0 -0.923881113529
    outer loop
      vertex 0.227844029665 0.20338986814 0.297100961208
      vertex 0.227844029665 0.20338986814 0.322100967169
      vertex 0.230493381619 0.204487249255 0.297100961208
    endloop
  endfacet
  facet normal -0.382679641247 0 -0.923881113529
    outer loop
      vertex 0.230493381619 0.204487249255 0.297100961208
      vertex 0.227844029665 0.20338986814 0.322100967169
      vertex 0.230493381619 0.204487249255 0.322100967169
    endloop
  endfacet
  facet normal -0.608765006065 0 -0.793350636959
    outer loop
      vertex 0.230493381619 0.204487249255 0.297100961208
      vertex 0.230493381619 0.204487249255 0.322100967169
      vertex 0.232768386602 0.20623293519 0.297100961208
    endloop
  endfacet
  facet normal -0.608765006065 0 -0.793350636959
    outer loop
      vertex 0.232768386602 0.20623293519 0.297100961208
      vertex 0.230493381619 0.204487249255 0.322100967169
      vertex 0.232768386602 0.20623293519 0.322100967169
    endloop
  endfacet
  facet normal -0.793353259563 0 -0.608761489391
    outer loop
      vertex 0.232768386602 0.20623293519 0.297100961208
      vertex 0.232768386602 0.20623293519 0.322100967169
      vertex 0.234514057636 0.208507955074 0.297100961208
    endloop
  endfacet
  facet normal -0.793353259563 0 -0.608761489391
    outer loop
      vertex 0.234514057636 0.208507955074 0.297100961208
      vertex 0.232768386602 0.20623293519 0.322100967169
      vertex 0.234514057636 0.208507955074 0.322100967169
    endloop
  endfacet
  facet normal -0.923881113529 0 -0.382679641247
    outer loop
      vertex 0.234514057636 0.208507955074 0.297100961208
      vertex 0.234514057636 0.208507955074 0.322100967169
      vertex 0.235611438751 0.211157292128 0.297100961208
    endloop
  endfacet
  facet normal -0.923881113529 0 -0.382679641247
    outer loop
      vertex 0.235611438751 0.211157292128 0.297100961208
      vertex 0.234514057636 0.208507955074 0.322100967169
      vertex 0.235611438751 0.211157292128 0.322100967169
    endloop
  endfacet
  facet normal 1 0 0
    outer loop
      vertex 0.275000989437 0.261500358582 0.297100961208
      vertex 0.275000989437 0.261500358582 0.322100967169
      vertex 0.275000989437 0.204000383615 0.297100961208
    endloop
  endfacet
  facet normal 1 -0 0
    outer loop
      vertex 0.275000989437 0.204000383615 0.297100961208
      vertex 0.275000989437 0.261500358582 0.322100967169
      vertex 0.275000989437 0.204000383615 0.322100967169
    endloop
  endfacet
  facet normal 0 0 -1
    outer loop
      vertex 0.0250009838492 0.277500331402 0.297100961208
      vertex 0.0250009838492 0.277500331402 0.322100967169
      vertex 0.275000989437 0.277500331402 0.297100961208
    endloop
  endfacet
  facet normal 0 0 -1
    outer loop
      vertex 0.275000989437 0.277500331402 0.297100961208
      vertex 0.0250009838492 0.277500331402 0.322100967169
      vertex 0.275000989437 0.277500331402 0.322100967169
    endloop
  endfacet
  facet normal 0 -1 0
    outer loop
      vertex 0.0771579220891 0.0583898946643 0.297100961208
      vertex 0.0800009891391 0.0580156035721 0.297100961208
      vertex 0.0900009870529 0.0190003663301 0.297100961208
    endloop
  endfacet
  facet normal 0 -1 0
    outer loop
      vertex 0.0900009870529 0.0190003663301 0.297100961208
      vertex 0.0800009891391 0.0580156035721 0.297100961208
      vertex 0.0828440561891 0.0583898946643 0.297100961208
    endloop
  endfacet
  facet normal 0 -1 0
    outer loop
      vertex 0.0900009870529 0.0190003663301 0.297100961208
      vertex 0.0828440561891 0.0583898946643 0.297100961208
      vertex 0.0854933708906 0.0594872757792 0.297100961208
    endloop
  endfacet
  facet normal 0 -1 0
    outer loop
      vertex 0.0854933708906 0.0594872757792 0.297100961208
      vertex 0.0877683907747 0.0612329654396 0.297100961208
      vertex 0.0900009870529 0.0190003663301 0.297100961208
    endloop
  endfacet
  facet normal 0 -1 -0
    outer loop
      vertex 0.0900009870529 0.0190003663301 0.297100961208
      vertex 0.0877683907747 0.0612329654396 0.297100961208
      vertex 0.120000988245 0.0190003663301 0.297100961208
    endloop
  endfacet
  facet normal 0 -1 0
    outer loop
      vertex 0.120000988245 0.0190003663301 0.297100961208
      vertex 0.0877683907747 0.0612329654396 0.297100961208
      vertex 0.0895140767097 0.0635079815984 0.297100961208
    endloop
  endfacet
  facet normal 0 -1 0
    outer loop
      vertex 0.120000988245 0.0190003663301 0.297100961208
      vertex 0.0895140767097 0.0635079815984 0.297100961208
      vertex 0.0906114578247 0.0661572888494 0.297100961208
    endloop
  endfacet
  facet normal 0 -1 0
    outer loop
      vertex 0.0906114578247 0.0661572888494 0.297100961208
      vertex 0.0909857600927 0.0690003558993 0.297100961208
      vertex 0.120000988245 0.0190003663301 0.297100961208
    endloop
  endfacet
  facet normal 0 -1 0
    outer loop
      vertex 0.120000988245 0.0190003663301 0.297100961208
      vertex 0.0909857600927 0.0690003558993 0.297100961208
      vertex 0.0906114578247 0.0718434453011 0.297100961208
    endloop
  endfacet
  facet normal 0 -1 -0
    outer loop
      vertex 0.120000988245 0.0190003663301 0.297100961208
      vertex 0.0906114578247 0.0718434453011 0.297100961208
      vertex 0.120000988245 0.174000367522 0.297100961208
    endloop
  endfacet
  facet normal 0 -1 0
    outer loop
      vertex 0.120000988245 0.174000367522 0.297100961208
      vertex 0.0906114578247 0.0718434453011 0.297100961208
      vertex 0.0895140767097 0.074492752552 0.297100961208
    endloop
  endfacet
  facet normal 0 -1 0
    outer loop
      vertex 0.120000988245 0.174000367522 0.297100961208
      vertex 0.0895140767097 0.074492752552 0.297100961208
      vertex 0.0877683907747 0.0767677500844 0.297100961208
    endloop
  endfacet
  facet normal 0 -1 -0
    outer loop
      vertex 0.0877683907747 0.0767677500844 0.297100961208
      vertex 0.0854933708906 0.0785134360194 0.297100961208
      vertex 0.120000988245 0.174000367522 0.297100961208
    endloop
  endfacet
  facet normal 0 -1 0
    outer loop
      vertex 0.120000988245 0.174000367522 0.297100961208
      vertex 0.0854933708906 0.0785134360194 0.297100961208
      vertex 0.0828440561891 0.0796108171344 0.297100961208
    endloop
  endfacet
  facet normal 0 -1 0
    outer loop
      vertex 0.120000988245 0.174000367522 0.297100961208
      vertex 0.0828440561891 0.0796108171344 0.297100961208
      vertex 0.0800009891391 0.0799851119518 0.297100961208
    endloop
  endfacet
  facet normal -0 -1 -0
    outer loop
      vertex 0.0800009891391 0.0799851119518 0.297100961208
      vertex 0.0771579220891 0.0796108171344 0.297100961208
      vertex 0.120000988245 0.174000367522 0.297100961208
    endloop
  endfacet
  facet normal 0 -1 0
    outer loop
      vertex 0.120000988245 0.174000367522 0.297100961208
      vertex 0.0771579220891 0.0796108171344 0.297100961208
      vertex 0.074508599937 0.0785134360194 0.297100961208
    endloop
  endfacet
  facet normal -0 -1 0
    outer loop
      vertex 0.120000988245 0.174000367522 0.297100961208
      vertex 0.074508599937 0.0785134360194 0.297100961208
      vertex 0.0165009833872 0.269000351429 0.297100961208
    endloop
  endfacet
  facet normal 0 -1 0
    outer loop
      vertex 0.0165009833872 0.269000351429 0.297100961208
      vertex 0.074508599937 0.0785134360194 0.297100961208
      vertex 0.072233594954 0.0767677500844 0.297100961208
    endloop
  endfacet
  facet normal 0 -1 0
    outer loop
      vertex 0.0165009833872 0.269000351429 0.297100961208
      vertex 0.072233594954 0.0767677500844 0.297100961208
      vertex 0.0704879015684 0.074492752552 0.297100961208
    endloop
  endfacet
  facet normal 0 -1 0
    outer loop
      vertex 0.0165009833872 0.269000351429 0.297100961208
      vertex 0.0704879015684 0.074492752552 0.297100961208
      vertex 0.0165009833872 0.0190003663301 0.297100961208
    endloop
  endfacet
  facet normal 0 -1 0
    outer loop
      vertex 0.0165009833872 0.0190003663301 0.297100961208
      vertex 0.0704879015684 0.074492752552 0.297100961208
      vertex 0.0693905204535 0.0718434453011 0.297100961208
    endloop
  endfacet
  facet normal 0 -1 0
    outer loop
      vertex 0.0165009833872 0.0190003663301 0.297100961208
      vertex 0.0693905204535 0.0718434453011 0.297100961208
      vertex 0.069016225636 0.0690003558993 0.297100961208
    endloop
  endfacet
  facet normal 0 -1 0
    outer loop
      vertex 0.0165009833872 0.0190003663301 0.297100961208
      vertex 0.069016225636 0.0690003558993 0.297100961208
      vertex 0.020493067801 0.0190003663301 0.297100961208
    endloop
  endfacet
  facet normal 0 -1 0
    outer loop
      vertex 0.020493067801 0.0190003663301 0.297100961208
      vertex 0.069016225636 0.0690003558993 0.297100961208
      vertex 0.0693905204535 0.0661572888494 0.297100961208
    endloop
  endfacet
  facet normal 0 -1 0
    outer loop
      vertex 0.020493067801 0.0190003663301 0.297100961208
      vertex 0.0693905204535 0.0661572888494 0.297100961208
      vertex 0.0325009860098 0.0190003663301 0.297100961208
    endloop
  endfacet
  facet normal 0 -1 0
    outer loop
      vertex 0.0325009860098 0.0190003663301 0.297100961208
      vertex 0.0693905204535 0.0661572888494 0.297100961208
      vertex 0.0704879015684 0.0635079815984 0.297100961208
    endloop
  endfacet
  facet normal 0 -1 0
    outer loop
      vertex 0.0325009860098 0.0190003663301 0.297100961208
      vertex 0.0704879015684 0.0635079815984 0.297100961208
      vertex 0.072233594954 0.0612329654396 0.297100961208
    endloop
  endfacet
  facet normal 0 -1 0
    outer loop
      vertex 0.072233594954 0.0612329654396 0.297100961208
      vertex 0.074508599937 0.0594872757792 0.297100961208
      vertex 0.0325009860098 0.0190003663301 0.297100961208
    endloop
  endfacet
  facet normal 0 -1 0
    outer loop
      vertex 0.0325009860098 0.0190003663301 0.297100961208
      vertex 0.074508599937 0.0594872757792 0.297100961208
      vertex 0.0900009870529 0.0190003663301 0.297100961208
    endloop
  endfacet
  facet normal 0 -1 0
    outer loop
      vertex 0.0900009870529 0.0190003663301 0.297100961208
      vertex 0.074508599937 0.0594872757792 0.297100961208
      vertex 0.0771579220891 0.0583898946643 0.297100961208
    endloop
  endfacet
  facet normal 0 -1 0
    outer loop
      vertex 0.020493067801 0.269000351429 0.297100961208
      vertex 0.0250009838492 0.269000351429 0.297100961208
      vertex 0.120000988245 0.174000367522 0.297100961208
    endloop
  endfacet
  facet normal 0 -1 0
    outer loop
      vertex 0.120000988245 0.174000367522 0.297100961208
      vertex 0.0250009838492 0.269000351429 0.297100961208
      vertex 0.0250009838492 0.273500353098 0.297100961208
    endloop
  endfacet
  facet normal 0 -1 0
    outer loop
      vertex 0.120000988245 0.174000367522 0.297100961208
      vertex 0.0250009838492 0.273500353098 0.297100961208
      vertex 0.0250009838492 0.277500331402 0.297100961208
    endloop
  endfacet
  facet normal 0 -1 0
    outer loop
      vertex 0.275000989437 0.277500331402 0.297100961208
      vertex 0.219508588314 0.223513454199 0.297100961208
      vertex 0.0250009838492 0.277500331402 0.297100961208
    endloop
  endfacet
  facet normal 0 -1 0
    outer loop
      vertex 0.0250009838492 0.277500331402 0.297100961208
      vertex 0.219508588314 0.223513454199 0.297100961208
      vertex 0.21723356843 0.221767753363 0.297100961208
    endloop
  endfacet
  facet normal 0 -1 0
    outer loop
      vertex 0.0250009838492 0.277500331402 0.297100961208
      vertex 0.21723356843 0.221767753363 0.297100961208
      vertex 0.215487882495 0.21949274838 0.297100961208
    endloop
  endfacet
  facet normal -0 -1 -0
    outer loop
      vertex 0.275000989437 0.273500353098 0.297100961208
      vertex 0.225000977516 0.224985122681 0.297100961208
      vertex 0.275000989437 0.277500331402 0.297100961208
    endloop
  endfacet
  facet normal 0 -1 0
    outer loop
      vertex 0.275000989437 0.277500331402 0.297100961208
      vertex 0.225000977516 0.224985122681 0.297100961208
      vertex 0.222157910466 0.224610835314 0.297100961208
    endloop
  endfacet
  facet normal 0 -1 0
    outer loop
      vertex 0.275000989437 0.277500331402 0.297100961208
      vertex 0.222157910466 0.224610835314 0.297100961208
      vertex 0.219508588314 0.223513454199 0.297100961208
    endloop
  endfacet
  facet normal 0 -1 0
    outer loop
      vertex 0.225000977516 0.224985122681 0.297100961208
      vertex 0.275000989437 0.273500353098 0.297100961208
      vertex 0.227844029665 0.224610835314 0.297100961208
    endloop
  endfacet
  facet normal 0 -1 0
    outer loop
      vertex 0.227844029665 0.224610835314 0.297100961208
      vertex 0.275000989437 0.273500353098 0.297100961208
      vertex 0.275000989437 0.261500358582 0.297100961208
    endloop
  endfacet
  facet normal 0 -1 0
    outer loop
      vertex 0.227844029665 0.224610835314 0.297100961208
      vertex 0.275000989437 0.261500358582 0.297100961208
      vertex 0.230493381619 0.223513454199 0.297100961208
    endloop
  endfacet
  facet normal 0 -1 0
    outer loop
      vertex 0.230493381619 0.223513454199 0.297100961208
      vertex 0.275000989437 0.261500358582 0.297100961208
      vertex 0.232768386602 0.221767753363 0.297100961208
    endloop
  endfacet
  facet normal 0 -1 0
    outer loop
      vertex 0.232768386602 0.221767753363 0.297100961208
      vertex 0.275000989437 0.261500358582 0.297100961208
      vertex 0.234514057636 0.21949274838 0.297100961208
    endloop
  endfacet
  facet normal 0 -1 0
    outer loop
      vertex 0.234514057636 0.21949274838 0.297100961208
      vertex 0.275000989437 0.261500358582 0.297100961208
      vertex 0.275000989437 0.204000383615 0.297100961208
    endloop
  endfacet
  facet normal 0 -1 0
    outer loop
      vertex 0.234514057636 0.21949274838 0.297100961208
      vertex 0.275000989437 0.204000383615 0.297100961208
      vertex 0.235611438751 0.216843441129 0.297100961208
    endloop
  endfacet
  facet normal 0 -1 0
    outer loop
      vertex 0.235611438751 0.216843441129 0.297100961208
      vertex 0.275000989437 0.204000383615 0.297100961208
      vertex 0.235985741019 0.214000374079 0.297100961208
    endloop
  endfacet
  facet normal 0 -1 0
    outer loop
      vertex 0.235985741019 0.214000374079 0.297100961208
      vertex 0.275000989437 0.204000383615 0.297100961208
      vertex 0.235611438751 0.211157292128 0.297100961208
    endloop
  endfacet
  facet normal 0 -1 0
    outer loop
      vertex 0.235611438751 0.211157292128 0.297100961208
      vertex 0.275000989437 0.204000383615 0.297100961208
      vertex 0.234514057636 0.208507955074 0.297100961208
    endloop
  endfacet
  facet normal 0 -1 0
    outer loop
      vertex 0.234514057636 0.208507955074 0.297100961208
      vertex 0.275000989437 0.204000383615 0.297100961208
      vertex 0.232768386602 0.20623293519 0.297100961208
    endloop
  endfacet
  facet normal 0 -1 0
    outer loop
      vertex 0.232768386602 0.20623293519 0.297100961208
      vertex 0.275000989437 0.204000383615 0.297100961208
      vertex 0.275000989437 0.174000367522 0.297100961208
    endloop
  endfacet
  facet normal 0 -1 0
    outer loop
      vertex 0.232768386602 0.20623293519 0.297100961208
      vertex 0.275000989437 0.174000367522 0.297100961208
      vertex 0.230493381619 0.204487249255 0.297100961208
    endloop
  endfacet
  facet normal 0 -1 0
    outer loop
      vertex 0.230493381619 0.204487249255 0.297100961208
      vertex 0.275000989437 0.174000367522 0.297100961208
      vertex 0.227844029665 0.20338986814 0.297100961208
    endloop
  endfacet
  facet normal 0 -1 0
    outer loop
      vertex 0.227844029665 0.20338986814 0.297100961208
      vertex 0.275000989437 0.174000367522 0.297100961208
      vertex 0.225000977516 0.203015610576 0.297100961208
    endloop
  endfacet
  facet normal -0 -1 0
    outer loop
      vertex 0.225000977516 0.203015610576 0.297100961208
      vertex 0.275000989437 0.174000367522 0.297100961208
      vertex 0.222157910466 0.20338986814 0.297100961208
    endloop
  endfacet
  facet normal 0 -1 0
    outer loop
      vertex 0.222157910466 0.20338986814 0.297100961208
      vertex 0.275000989437 0.174000367522 0.297100961208
      vertex 0.120000988245 0.174000367522 0.297100961208
    endloop
  endfacet
  facet normal -0 -1 0
    outer loop
      vertex 0.222157910466 0.20338986814 0.297100961208
      vertex 0.120000988245 0.174000367522 0.297100961208
      vertex 0.219508588314 0.204487249255 0.297100961208
    endloop
  endfacet
  facet normal -0 -1 0
    outer loop
      vertex 0.219508588314 0.204487249255 0.297100961208
      vertex 0.120000988245 0.174000367522 0.297100961208
      vertex 0.21723356843 0.20623293519 0.297100961208
    endloop
  endfacet
  facet normal -0 -1 0
    outer loop
      vertex 0.21723356843 0.20623293519 0.297100961208
      vertex 0.120000988245 0.174000367522 0.297100961208
      vertex 0.215487882495 0.208507955074 0.297100961208
    endloop
  endfacet
  facet normal -0 -1 0
    outer loop
      vertex 0.215487882495 0.208507955074 0.297100961208
      vertex 0.120000988245 0.174000367522 0.297100961208
      vertex 0.21439050138 0.211157292128 0.297100961208
    endloop
  endfacet
  facet normal -0 -1 0
    outer loop
      vertex 0.21439050138 0.211157292128 0.297100961208
      vertex 0.120000988245 0.174000367522 0.297100961208
      vertex 0.214016199112 0.214000374079 0.297100961208
    endloop
  endfacet
  facet normal -0 -1 -0
    outer loop
      vertex 0.214016199112 0.214000374079 0.297100961208
      vertex 0.120000988245 0.174000367522 0.297100961208
      vertex 0.21439050138 0.216843441129 0.297100961208
    endloop
  endfacet
  facet normal -0 -1 -0
    outer loop
      vertex 0.21439050138 0.216843441129 0.297100961208
      vertex 0.120000988245 0.174000367522 0.297100961208
      vertex 0.215487882495 0.21949274838 0.297100961208
    endloop
  endfacet
  facet normal -0 -1 0
    outer loop
      vertex 0.215487882495 0.21949274838 0.297100961208
      vertex 0.120000988245 0.174000367522 0.297100961208
      vertex 0.0250009838492 0.277500331402 0.297100961208
    endloop
  endfacet
  facet normal 0 -1 0
    outer loop
      vertex 0.0165009833872 0.269000351429 0.297100961208
      vertex 0.020493067801 0.269000351429 0.297100961208
      vertex 0.120000988245 0.174000367522 0.297100961208
    endloop
  endfacet
  facet normal -0 0 1
    outer loop
      vertex 0.120000988245 0.174000367522 0.322100967169
      vertex 0.120000988245 0.174000367522 0.297100961208
      vertex 0.275000989437 0.174000367522 0.322100967169
    endloop
  endfacet
  facet normal 0 0 1
    outer loop
      vertex 0.275000989437 0.174000367522 0.322100967169
      vertex 0.120000988245 0.174000367522 0.297100961208
      vertex 0.275000989437 0.174000367522 0.297100961208
    endloop
  endfacet
  facet normal 1 -0 0
    outer loop
      vertex 0.275000989437 0.273500353098 0.597100973129
      vertex 0.275000989437 0.277500331402 0.597100973129
      vertex 0.275000989437 0.273500353098 0.622100949287
    endloop
  endfacet
  facet normal 1 0 0
    outer loop
      vertex 0.275000989437 0.273500353098 0.622100949287
      vertex 0.275000989437 0.277500331402 0.597100973129
      vertex 0.275000989437 0.277500331402 0.622100949287
    endloop
  endfacet
  facet normal -1 0 0
    outer loop
      vertex 0.0250009838492 0.273500353098 0.597100973129
      vertex 0.0250009838492 0.273500353098 0.622100949287
      vertex 0.0250009838492 0.277500331402 0.597100973129
    endloop
  endfacet
  facet normal -1 0 0
    outer loop
      vertex 0.0250009838492 0.277500331402 0.597100973129
      vertex 0.0250009838492 0.273500353098 0.622100949287
      vertex 0.0250009838492 0.277500331402 0.622100949287
    endloop
  endfacet
  facet normal 0 1 -0
    outer loop
      vertex 0.0828440561891 0.0583898946643 0.622100949287
      vertex 0.0800009891391 0.0580156035721 0.622100949287
      vertex 0.0900009870529 0.0190003663301 0.622100949287
    endloop
  endfacet
  facet normal 0 1 0
    outer loop
      vertex 0.0900009870529 0.0190003663301 0.622100949287
      vertex 0.0800009891391 0.0580156035721 0.622100949287
      vertex 0.0771579220891 0.0583898946643 0.622100949287
    endloop
  endfacet
  facet normal 0 1 0
    outer loop
      vertex 0.0900009870529 0.0190003663301 0.622100949287
      vertex 0.0771579220891 0.0583898946643 0.622100949287
      vertex 0.074508599937 0.0594872757792 0.622100949287
    endloop
  endfacet
  facet normal 0 1 0
    outer loop
      vertex 0.0900009870529 0.0190003663301 0.622100949287
      vertex 0.074508599937 0.0594872757792 0.622100949287
      vertex 0.0325009860098 0.0190003663301 0.622100949287
    endloop
  endfacet
  facet normal 0 1 0
    outer loop
      vertex 0.0325009860098 0.0190003663301 0.622100949287
      vertex 0.074508599937 0.0594872757792 0.622100949287
      vertex 0.072233594954 0.0612329654396 0.622100949287
    endloop
  endfacet
  facet normal 0 1 0
    outer loop
      vertex 0.0325009860098 0.0190003663301 0.622100949287
      vertex 0.072233594954 0.0612329654396 0.622100949287
      vertex 0.0704879015684 0.0635079815984 0.622100949287
    endloop
  endfacet
  facet normal 0 1 0
    outer loop
      vertex 0.0704879015684 0.0635079815984 0.622100949287
      vertex 0.0693905204535 0.0661572888494 0.622100949287
      vertex 0.0325009860098 0.0190003663301 0.622100949287
    endloop
  endfacet
  facet normal 0 1 0
    outer loop
      vertex 0.0325009860098 0.0190003663301 0.622100949287
      vertex 0.0693905204535 0.0661572888494 0.622100949287
      vertex 0.020493067801 0.0190003663301 0.622100949287
    endloop
  endfacet
  facet normal 0 1 0
    outer loop
      vertex 0.020493067801 0.0190003663301 0.622100949287
      vertex 0.0693905204535 0.0661572888494 0.622100949287
      vertex 0.069016225636 0.0690003558993 0.622100949287
    endloop
  endfacet
  facet normal 0 1 0
    outer loop
      vertex 0.020493067801 0.0190003663301 0.622100949287
      vertex 0.069016225636 0.0690003558993 0.622100949287
      vertex 0.0165009833872 0.0190003663301 0.622100949287
    endloop
  endfacet
  facet normal 0 1 0
    outer loop
      vertex 0.0165009833872 0.0190003663301 0.622100949287
      vertex 0.069016225636 0.0690003558993 0.622100949287
      vertex 0.0693905204535 0.0718434453011 0.622100949287
    endloop
  endfacet
  facet normal 0 1 0
    outer loop
      vertex 0.0165009833872 0.0190003663301 0.622100949287
      vertex 0.0693905204535 0.0718434453011 0.622100949287
      vertex 0.0704879015684 0.074492752552 0.622100949287
    endloop
  endfacet
  facet normal 0 1 0
    outer loop
      vertex 0.0165009833872 0.0190003663301 0.622100949287
      vertex 0.0704879015684 0.074492752552 0.622100949287
      vertex 0.0165009833872 0.269000351429 0.622100949287
    endloop
  endfacet
  facet normal 0 1 0
    outer loop
      vertex 0.0165009833872 0.269000351429 0.622100949287
      vertex 0.0704879015684 0.074492752552 0.622100949287
      vertex 0.072233594954 0.0767677500844 0.622100949287
    endloop
  endfacet
  facet normal 0 1 0
    outer loop
      vertex 0.0165009833872 0.269000351429 0.622100949287
      vertex 0.072233594954 0.0767677500844 0.622100949287
      vertex 0.074508599937 0.0785134360194 0.622100949287
    endloop
  endfacet
  facet normal 0 1 0
    outer loop
      vertex 0.0165009833872 0.269000351429 0.622100949287
      vertex 0.074508599937 0.0785134360194 0.622100949287
      vertex 0.120000988245 0.174000367522 0.622100949287
    endloop
  endfacet
  facet normal 0 1 0
    outer loop
      vertex 0.120000988245 0.174000367522 0.622100949287
      vertex 0.074508599937 0.0785134360194 0.622100949287
      vertex 0.0771579220891 0.0796108171344 0.622100949287
    endloop
  endfacet
  facet normal 0 1 0
    outer loop
      vertex 0.120000988245 0.174000367522 0.622100949287
      vertex 0.0771579220891 0.0796108171344 0.622100949287
      vertex 0.0800009891391 0.0799851119518 0.622100949287
    endloop
  endfacet
  facet normal -0 1 0
    outer loop
      vertex 0.0800009891391 0.0799851119518 0.622100949287
      vertex 0.0828440561891 0.0796108171344 0.622100949287
      vertex 0.120000988245 0.174000367522 0.622100949287
    endloop
  endfacet
  facet normal 0 1 0
    outer loop
      vertex 0.120000988245 0.174000367522 0.622100949287
      vertex 0.0828440561891 0.0796108171344 0.622100949287
      vertex 0.0854933708906 0.0785134360194 0.622100949287
    endloop
  endfacet
  facet normal 0 1 0
    outer loop
      vertex 0.120000988245 0.174000367522 0.622100949287
      vertex 0.0854933708906 0.0785134360194 0.622100949287
      vertex 0.0877683907747 0.0767677500844 0.622100949287
    endloop
  endfacet
  facet normal -0 1 0
    outer loop
      vertex 0.0877683907747 0.0767677500844 0.622100949287
      vertex 0.0895140767097 0.074492752552 0.622100949287
      vertex 0.120000988245 0.174000367522 0.622100949287
    endloop
  endfacet
  facet normal 0 1 0
    outer loop
      vertex 0.120000988245 0.174000367522 0.622100949287
      vertex 0.0895140767097 0.074492752552 0.622100949287
      vertex 0.0906114578247 0.0718434453011 0.622100949287
    endloop
  endfacet
  facet normal 0 1 -0
    outer loop
      vertex 0.120000988245 0.174000367522 0.622100949287
      vertex 0.0906114578247 0.0718434453011 0.622100949287
      vertex 0.120000988245 0.0190003663301 0.622100949287
    endloop
  endfacet
  facet normal 0 1 0
    outer loop
      vertex 0.120000988245 0.0190003663301 0.622100949287
      vertex 0.0906114578247 0.0718434453011 0.622100949287
      vertex 0.0909857600927 0.0690003558993 0.622100949287
    endloop
  endfacet
  facet normal 0 1 0
    outer loop
      vertex 0.120000988245 0.0190003663301 0.622100949287
      vertex 0.0909857600927 0.0690003558993 0.622100949287
      vertex 0.0906114578247 0.0661572888494 0.622100949287
    endloop
  endfacet
  facet normal 0 1 -0
    outer loop
      vertex 0.0906114578247 0.0661572888494 0.622100949287
      vertex 0.0895140767097 0.0635079815984 0.622100949287
      vertex 0.120000988245 0.0190003663301 0.622100949287
    endloop
  endfacet
  facet normal 0 1 0
    outer loop
      vertex 0.120000988245 0.0190003663301 0.622100949287
      vertex 0.0895140767097 0.0635079815984 0.622100949287
      vertex 0.0877683907747 0.0612329654396 0.622100949287
    endloop
  endfacet
  facet normal 0 1 0
    outer loop
      vertex 0.120000988245 0.0190003663301 0.622100949287
      vertex 0.0877683907747 0.0612329654396 0.622100949287
      vertex 0.0900009870529 0.0190003663301 0.622100949287
    endloop
  endfacet
  facet normal 0 1 0
    outer loop
      vertex 0.0900009870529 0.0190003663301 0.622100949287
      vertex 0.0877683907747 0.0612329654396 0.622100949287
      vertex 0.0854933708906 0.0594872757792 0.622100949287
    endloop
  endfacet
  facet normal 0 1 0
    outer loop
      vertex 0.0900009870529 0.0190003663301 0.622100949287
      vertex 0.0854933708906 0.0594872757792 0.622100949287
      vertex 0.0828440561891 0.0583898946643 0.622100949287
    endloop
  endfacet
  facet normal 0 1 0
    outer loop
      vertex 0.275000989437 0.174000367522 0.622100949287
      vertex 0.222157910466 0.20338986814 0.622100949287
      vertex 0.120000988245 0.174000367522 0.622100949287
    endloop
  endfacet
  facet normal 0 1 0
    outer loop
      vertex 0.120000988245 0.174000367522 0.622100949287
      vertex 0.222157910466 0.20338986814 0.622100949287
      vertex 0.219508588314 0.204487249255 0.622100949287
    endloop
  endfacet
  facet normal 0 1 0
    outer loop
      vertex 0.120000988245 0.174000367522 0.622100949287
      vertex 0.219508588314 0.204487249255 0.622100949287
      vertex 0.21723356843 0.20623293519 0.622100949287
    endloop
  endfacet
  facet normal 0 1 -0
    outer loop
      vertex 0.275000989437 0.204000383615 0.622100949287
      vertex 0.232768386602 0.20623293519 0.622100949287
      vertex 0.275000989437 0.174000367522 0.622100949287
    endloop
  endfacet
  facet normal 0 1 0
    outer loop
      vertex 0.275000989437 0.174000367522 0.622100949287
      vertex 0.232768386602 0.20623293519 0.622100949287
      vertex 0.230493381619 0.204487249255 0.622100949287
    endloop
  endfacet
  facet normal 0 1 0
    outer loop
      vertex 0.275000989437 0.174000367522 0.622100949287
      vertex 0.230493381619 0.204487249255 0.622100949287
      vertex 0.227844029665 0.20338986814 0.622100949287
    endloop
  endfacet
  facet normal 0 1 -0
    outer loop
      vertex 0.275000989437 0.261500358582 0.622100949287
      vertex 0.234514057636 0.21949274838 0.622100949287
      vertex 0.275000989437 0.204000383615 0.622100949287
    endloop
  endfacet
  facet normal 0 1 0
    outer loop
      vertex 0.275000989437 0.204000383615 0.622100949287
      vertex 0.234514057636 0.21949274838 0.622100949287
      vertex 0.235611438751 0.216843441129 0.622100949287
    endloop
  endfacet
  facet normal 0 1 0
    outer loop
      vertex 0.275000989437 0.204000383615 0.622100949287
      vertex 0.235611438751 0.216843441129 0.622100949287
      vertex 0.235985741019 0.214000374079 0.622100949287
    endloop
  endfacet
  facet normal 0 1 -0
    outer loop
      vertex 0.275000989437 0.273500353098 0.622100949287
      vertex 0.227844029665 0.224610835314 0.622100949287
      vertex 0.275000989437 0.261500358582 0.622100949287
    endloop
  endfacet
  facet normal 0 1 0
    outer loop
      vertex 0.275000989437 0.261500358582 0.622100949287
      vertex 0.227844029665 0.224610835314 0.622100949287
      vertex 0.230493381619 0.223513454199 0.622100949287
    endloop
  endfacet
  facet normal 0 1 0
    outer loop
      vertex 0.275000989437 0.261500358582 0.622100949287
      vertex 0.230493381619 0.223513454199 0.622100949287
      vertex 0.232768386602 0.221767753363 0.622100949287
    endloop
  endfacet
  facet normal 0 1 0
    outer loop
      vertex 0.227844029665 0.224610835314 0.622100949287
      vertex 0.275000989437 0.273500353098 0.622100949287
      vertex 0.225000977516 0.224985122681 0.622100949287
    endloop
  endfacet
  facet normal 0 1 0
    outer loop
      vertex 0.225000977516 0.224985122681 0.622100949287
      vertex 0.275000989437 0.273500353098 0.622100949287
      vertex 0.275000989437 0.277500331402 0.622100949287
    endloop
  endfacet
  facet normal 0 1 0
    outer loop
      vertex 0.225000977516 0.224985122681 0.622100949287
      vertex 0.275000989437 0.277500331402 0.622100949287
      vertex 0.222157910466 0.224610835314 0.622100949287
    endloop
  endfacet
  facet normal 0 1 0
    outer loop
      vertex 0.222157910466 0.224610835314 0.622100949287
      vertex 0.275000989437 0.277500331402 0.622100949287
      vertex 0.219508588314 0.223513454199 0.622100949287
    endloop
  endfacet
  facet normal 0 1 0
    outer loop
      vertex 0.219508588314 0.223513454199 0.622100949287
      vertex 0.275000989437 0.277500331402 0.622100949287
      vertex 0.0250009838492 0.277500331402 0.622100949287
    endloop
  endfacet
  facet normal 0 1 0
    outer loop
      vertex 0.219508588314 0.223513454199 0.622100949287
      vertex 0.0250009838492 0.277500331402 0.622100949287
      vertex 0.21723356843 0.221767753363 0.622100949287
    endloop
  endfacet
  facet normal 0 1 0
    outer loop
      vertex 0.21723356843 0.221767753363 0.622100949287
      vertex 0.0250009838492 0.277500331402 0.622100949287
      vertex 0.215487882495 0.21949274838 0.622100949287
    endloop
  endfacet
  facet normal 0 1 0
    outer loop
      vertex 0.215487882495 0.21949274838 0.622100949287
      vertex 0.0250009838492 0.277500331402 0.622100949287
      vertex 0.120000988245 0.174000367522 0.622100949287
    endloop
  endfacet
  facet normal 0 1 0
    outer loop
      vertex 0.215487882495 0.21949274838 0.622100949287
      vertex 0.120000988245 0.174000367522 0.622100949287
      vertex 0.21439050138 0.216843441129 0.622100949287
    endloop
  endfacet
  facet normal 0 1 0
    outer loop
      vertex 0.21439050138 0.216843441129 0.622100949287
      vertex 0.120000988245 0.174000367522 0.622100949287
      vertex 0.214016199112 0.214000374079 0.622100949287
    endloop
  endfacet
  facet normal 0 1 -0
    outer loop
      vertex 0.214016199112 0.214000374079 0.622100949287
      vertex 0.120000988245 0.174000367522 0.622100949287
      vertex 0.21439050138 0.211157292128 0.622100949287
    endloop
  endfacet
  facet normal 0 1 -0
    outer loop
      vertex 0.21439050138 0.211157292128 0.622100949287
      vertex 0.120000988245 0.174000367522 0.622100949287
      vertex 0.215487882495 0.208507955074 0.622100949287
    endloop
  endfacet
  facet normal 0 1 -0
    outer loop
      vertex 0.215487882495 0.208507955074 0.622100949287
      vertex 0.120000988245 0.174000367522 0.622100949287
      vertex 0.21723356843 0.20623293519 0.622100949287
    endloop
  endfacet
  facet normal 0 1 0
    outer loop
      vertex 0.0250009838492 0.277500331402 0.622100949287
      vertex 0.0250009838492 0.273500353098 0.622100949287
      vertex 0.120000988245 0.174000367522 0.622100949287
    endloop
  endfacet
  facet normal 0 1 0
    outer loop
      vertex 0.120000988245 0.174000367522 0.622100949287
      vertex 0.0250009838492 0.273500353098 0.622100949287
      vertex 0.0250009838492 0.269000351429 0.622100949287
    endloop
  endfacet
  facet normal 0 1 0
    outer loop
      vertex 0.120000988245 0.174000367522 0.622100949287
      vertex 0.0250009838492 0.269000351429 0.622100949287
      vertex 0.020493067801 0.269000351429 0.622100949287
    endloop
  endfacet
  facet normal 0 1 -0
    outer loop
      vertex 0.020493067801 0.269000351429 0.622100949287
      vertex 0.0165009833872 0.269000351429 0.622100949287
      vertex 0.120000988245 0.174000367522 0.622100949287
    endloop
  endfacet
  facet normal 0 1 -0
    outer loop
      vertex 0.235985741019 0.214000374079 0.622100949287
      vertex 0.235611438751 0.211157292128 0.622100949287
      vertex 0.275000989437 0.204000383615 0.622100949287
    endloop
  endfacet
  facet normal 0 1 0
    outer loop
      vertex 0.275000989437 0.204000383615 0.622100949287
      vertex 0.235611438751 0.211157292128 0.622100949287
      vertex 0.234514057636 0.208507955074 0.622100949287
    endloop
  endfacet
  facet normal 0 1 0
    outer loop
      vertex 0.275000989437 0.204000383615 0.622100949287
      vertex 0.234514057636 0.208507955074 0.622100949287
      vertex 0.232768386602 0.20623293519 0.622100949287
    endloop
  endfacet
  facet normal 0 1 -0
    outer loop
      vertex 0.227844029665 0.20338986814 0.622100949287
      vertex 0.225000977516 0.203015610576 0.622100949287
      vertex 0.275000989437 0.174000367522 0.622100949287
    endloop
  endfacet
  facet normal 0 1 0
    outer loop
      vertex 0.275000989437 0.174000367522 0.622100949287
      vertex 0.225000977516 0.203015610576 0.622100949287
      vertex 0.222157910466 0.20338986814 0.622100949287
    endloop
  endfacet
  facet normal -0 1 0
    outer loop
      vertex 0.232768386602 0.221767753363 0.622100949287
      vertex 0.234514057636 0.21949274838 0.622100949287
      vertex 0.275000989437 0.261500358582 0.622100949287
    endloop
  endfacet
  facet normal -0.991444647312 0 -0.130527898669
    outer loop
      vertex 0.235611438751 0.211157292128 0.597100973129
      vertex 0.235611438751 0.211157292128 0.622100949287
      vertex 0.235985741019 0.214000374079 0.597100973129
    endloop
  endfacet
  facet normal -0.991444647312 0 -0.130527898669
    outer loop
      vertex 0.235985741019 0.214000374079 0.597100973129
      vertex 0.235611438751 0.211157292128 0.622100949287
      vertex 0.235985741019 0.214000374079 0.622100949287
    endloop
  endfacet
  facet normal -0.991444647312 0 0.130527898669
    outer loop
      vertex 0.235985741019 0.214000374079 0.597100973129
      vertex 0.235985741019 0.214000374079 0.622100949287
      vertex 0.235611438751 0.216843441129 0.597100973129
    endloop
  endfacet
  facet normal -0.991444647312 0 0.130527898669
    outer loop
      vertex 0.235611438751 0.216843441129 0.597100973129
      vertex 0.235985741019 0.214000374079 0.622100949287
      vertex 0.235611438751 0.216843441129 0.622100949287
    endloop
  endfacet
  facet normal -0.923879265785 0 0.382684051991
    outer loop
      vertex 0.235611438751 0.216843441129 0.597100973129
      vertex 0.235611438751 0.216843441129 0.622100949287
      vertex 0.234514057636 0.21949274838 0.597100973129
    endloop
  endfacet
  facet normal -0.923879265785 0 0.382684051991
    outer loop
      vertex 0.234514057636 0.21949274838 0.597100973129
      vertex 0.235611438751 0.216843441129 0.622100949287
      vertex 0.234514057636 0.21949274838 0.622100949287
    endloop
  endfacet
  facet normal -0.793353259563 0 0.608761489391
    outer loop
      vertex 0.234514057636 0.21949274838 0.597100973129
      vertex 0.234514057636 0.21949274838 0.622100949287
      vertex 0.232768386602 0.221767753363 0.597100973129
    endloop
  endfacet
  facet normal -0.793353259563 0 0.608761489391
    outer loop
      vertex 0.232768386602 0.221767753363 0.597100973129
      vertex 0.234514057636 0.21949274838 0.622100949287
      vertex 0.232768386602 0.221767753363 0.622100949287
    endloop
  endfacet
  facet normal -0.608765006065 0 0.793350636959
    outer loop
      vertex 0.232768386602 0.221767753363 0.597100973129
      vertex 0.232768386602 0.221767753363 0.622100949287
      vertex 0.230493381619 0.223513454199 0.597100973129
    endloop
  endfacet
  facet normal -0.608765006065 0 0.793350636959
    outer loop
      vertex 0.230493381619 0.223513454199 0.597100973129
      vertex 0.232768386602 0.221767753363 0.622100949287
      vertex 0.230493381619 0.223513454199 0.622100949287
    endloop
  endfacet
  facet normal -0.382679641247 0 0.923881113529
    outer loop
      vertex 0.230493381619 0.223513454199 0.597100973129
      vertex 0.230493381619 0.223513454199 0.622100949287
      vertex 0.227844029665 0.224610835314 0.597100973129
    endloop
  endfacet
  facet normal -0.382679641247 0 0.923881113529
    outer loop
      vertex 0.227844029665 0.224610835314 0.597100973129
      vertex 0.230493381619 0.223513454199 0.622100949287
      vertex 0.227844029665 0.224610835314 0.622100949287
    endloop
  endfacet
  facet normal -0.130525842309 0 0.991444885731
    outer loop
      vertex 0.227844029665 0.224610835314 0.597100973129
      vertex 0.227844029665 0.224610835314 0.622100949287
      vertex 0.225000977516 0.224985122681 0.597100973129
    endloop
  endfacet
  facet normal -0.130525842309 0 0.991444885731
    outer loop
      vertex 0.225000977516 0.224985122681 0.597100973129
      vertex 0.227844029665 0.224610835314 0.622100949287
      vertex 0.225000977516 0.224985122681 0.622100949287
    endloop
  endfacet
  facet normal 0.130524843931 -0 0.991445064545
    outer loop
      vertex 0.225000977516 0.224985122681 0.597100973129
      vertex 0.225000977516 0.224985122681 0.622100949287
      vertex 0.222157910466 0.224610835314 0.597100973129
    endloop
  endfacet
  facet normal 0.130524843931 -0 0.991445064545
    outer loop
      vertex 0.222157910466 0.224610835314 0.597100973129
      vertex 0.225000977516 0.224985122681 0.622100949287
      vertex 0.222157910466 0.224610835314 0.622100949287
    endloop
  endfacet
  facet normal 0.382682412863 -0 0.923879981041
    outer loop
      vertex 0.222157910466 0.224610835314 0.597100973129
      vertex 0.222157910466 0.224610835314 0.622100949287
      vertex 0.219508588314 0.223513454199 0.597100973129
    endloop
  endfacet
  facet normal 0.382682412863 -0 0.923879981041
    outer loop
      vertex 0.219508588314 0.223513454199 0.597100973129
      vertex 0.222157910466 0.224610835314 0.622100949287
      vertex 0.219508588314 0.223513454199 0.622100949287
    endloop
  endfacet
  facet normal 0.608762741089 -0 0.793352365494
    outer loop
      vertex 0.219508588314 0.223513454199 0.597100973129
      vertex 0.219508588314 0.223513454199 0.622100949287
      vertex 0.21723356843 0.221767753363 0.597100973129
    endloop
  endfacet
  facet normal 0.608762741089 -0 0.793352365494
    outer loop
      vertex 0.21723356843 0.221767753363 0.597100973129
      vertex 0.219508588314 0.223513454199 0.622100949287
      vertex 0.21723356843 0.221767753363 0.622100949287
    endloop
  endfacet
  facet normal 0.793351769447 -0 0.608763456345
    outer loop
      vertex 0.21723356843 0.221767753363 0.597100973129
      vertex 0.21723356843 0.221767753363 0.622100949287
      vertex 0.215487882495 0.21949274838 0.597100973129
    endloop
  endfacet
  facet normal 0.793351769447 -0 0.608763456345
    outer loop
      vertex 0.215487882495 0.21949274838 0.597100973129
      vertex 0.21723356843 0.221767753363 0.622100949287
      vertex 0.215487882495 0.21949274838 0.622100949287
    endloop
  endfacet
  facet normal 0.923879265785 -0 0.382684051991
    outer loop
      vertex 0.215487882495 0.21949274838 0.597100973129
      vertex 0.215487882495 0.21949274838 0.622100949287
      vertex 0.21439050138 0.216843441129 0.597100973129
    endloop
  endfacet
  facet normal 0.923879265785 -0 0.382684051991
    outer loop
      vertex 0.21439050138 0.216843441129 0.597100973129
      vertex 0.215487882495 0.21949274838 0.622100949287
      vertex 0.21439050138 0.216843441129 0.622100949287
    endloop
  endfacet
  facet normal 0.991444647312 -0 0.130527898669
    outer loop
      vertex 0.21439050138 0.216843441129 0.597100973129
      vertex 0.21439050138 0.216843441129 0.622100949287
      vertex 0.214016199112 0.214000374079 0.597100973129
    endloop
  endfacet
  facet normal 0.991444647312 -0 0.130527898669
    outer loop
      vertex 0.214016199112 0.214000374079 0.597100973129
      vertex 0.21439050138 0.216843441129 0.622100949287
      vertex 0.214016199112 0.214000374079 0.622100949287
    endloop
  endfacet
  facet normal 0.991444647312 0 -0.130527898669
    outer loop
      vertex 0.214016199112 0.214000374079 0.597100973129
      vertex 0.214016199112 0.214000374079 0.622100949287
      vertex 0.21439050138 0.211157292128 0.597100973129
    endloop
  endfacet
  facet normal 0.991444647312 0 -0.130527898669
    outer loop
      vertex 0.21439050138 0.211157292128 0.597100973129
      vertex 0.214016199112 0.214000374079 0.622100949287
      vertex 0.21439050138 0.211157292128 0.622100949287
    endloop
  endfacet
  facet normal 0.923881113529 0 -0.382679641247
    outer loop
      vertex 0.21439050138 0.211157292128 0.597100973129
      vertex 0.21439050138 0.211157292128 0.622100949287
      vertex 0.215487882495 0.208507955074 0.597100973129
    endloop
  endfacet
  facet normal 0.923881113529 0 -0.382679641247
    outer loop
      vertex 0.215487882495 0.208507955074 0.597100973129
      vertex 0.21439050138 0.211157292128 0.622100949287
      vertex 0.215487882495 0.208507955074 0.622100949287
    endloop
  endfacet
  facet normal 0.793351769447 0 -0.608763456345
    outer loop
      vertex 0.215487882495 0.208507955074 0.597100973129
      vertex 0.215487882495 0.208507955074 0.622100949287
      vertex 0.21723356843 0.20623293519 0.597100973129
    endloop
  endfacet
  facet normal 0.793351769447 0 -0.608763456345
    outer loop
      vertex 0.21723356843 0.20623293519 0.597100973129
      vertex 0.215487882495 0.208507955074 0.622100949287
      vertex 0.21723356843 0.20623293519 0.622100949287
    endloop
  endfacet
  facet normal 0.608762741089 0 -0.793352365494
    outer loop
      vertex 0.21723356843 0.20623293519 0.597100973129
      vertex 0.21723356843 0.20623293519 0.622100949287
      vertex 0.219508588314 0.204487249255 0.597100973129
    endloop
  endfacet
  facet normal 0.608762741089 0 -0.793352365494
    outer loop
      vertex 0.219508588314 0.204487249255 0.597100973129
      vertex 0.21723356843 0.20623293519 0.622100949287
      vertex 0.219508588314 0.204487249255 0.622100949287
    endloop
  endfacet
  facet normal 0.382682412863 0 -0.923879981041
    outer loop
      vertex 0.219508588314 0.204487249255 0.597100973129
      vertex 0.219508588314 0.204487249255 0.622100949287
      vertex 0.222157910466 0.20338986814 0.597100973129
    endloop
  endfacet
  facet normal 0.382682412863 0 -0.923879981041
    outer loop
      vertex 0.222157910466 0.20338986814 0.597100973129
      vertex 0.219508588314 0.204487249255 0.622100949287
      vertex 0.222157910466 0.20338986814 0.622100949287
    endloop
  endfacet
  facet normal 0.130512580276 0 -0.99144667387
    outer loop
      vertex 0.222157910466 0.20338986814 0.597100973129
      vertex 0.222157910466 0.20338986814 0.622100949287
      vertex 0.225000977516 0.203015610576 0.597100973129
    endloop
  endfacet
  facet normal 0.130512580276 0 -0.99144667387
    outer loop
      vertex 0.225000977516 0.203015610576 0.597100973129
      vertex 0.222157910466 0.20338986814 0.622100949287
      vertex 0.225000977516 0.203015610576 0.622100949287
    endloop
  endfacet
  facet normal -0.130513593554 0 -0.991446495056
    outer loop
      vertex 0.225000977516 0.203015610576 0.597100973129
      vertex 0.225000977516 0.203015610576 0.622100949287
      vertex 0.227844029665 0.20338986814 0.597100973129
    endloop
  endfacet
  facet normal -0.130513593554 0 -0.991446495056
    outer loop
      vertex 0.227844029665 0.20338986814 0.597100973129
      vertex 0.225000977516 0.203015610576 0.622100949287
      vertex 0.227844029665 0.20338986814 0.622100949287
    endloop
  endfacet
  facet normal -0.382679641247 0 -0.923881113529
    outer loop
      vertex 0.227844029665 0.20338986814 0.597100973129
      vertex 0.227844029665 0.20338986814 0.622100949287
      vertex 0.230493381619 0.204487249255 0.597100973129
    endloop
  endfacet
  facet normal -0.382679641247 0 -0.923881113529
    outer loop
      vertex 0.230493381619 0.204487249255 0.597100973129
      vertex 0.227844029665 0.20338986814 0.622100949287
      vertex 0.230493381619 0.204487249255 0.622100949287
    endloop
  endfacet
  facet normal -0.608765006065 0 -0.793350636959
    outer loop
      vertex 0.230493381619 0.204487249255 0.597100973129
      vertex 0.230493381619 0.204487249255 0.622100949287
      vertex 0.232768386602 0.20623293519 0.597100973129
    endloop
  endfacet
  facet normal -0.608765006065 0 -0.793350636959
    outer loop
      vertex 0.232768386602 0.20623293519 0.597100973129
      vertex 0.230493381619 0.204487249255 0.622100949287
      vertex 0.232768386602 0.20623293519 0.622100949287
    endloop
  endfacet
  facet normal -0.793353259563 0 -0.608761489391
    outer loop
      vertex 0.232768386602 0.20623293519 0.597100973129
      vertex 0.232768386602 0.20623293519 0.622100949287
      vertex 0.234514057636 0.208507955074 0.597100973129
    endloop
  endfacet
  facet normal -0.793353259563 0 -0.608761489391
    outer loop
      vertex 0.234514057636 0.208507955074 0.597100973129
      vertex 0.232768386602 0.20623293519 0.622100949287
      vertex 0.234514057636 0.208507955074 0.622100949287
    endloop
  endfacet
  facet normal -0.923881113529 0 -0.382679641247
    outer loop
      vertex 0.234514057636 0.208507955074 0.597100973129
      vertex 0.234514057636 0.208507955074 0.622100949287
      vertex 0.235611438751 0.211157292128 0.597100973129
    endloop
  endfacet
  facet normal -0.923881113529 0 -0.382679641247
    outer loop
      vertex 0.235611438751 0.211157292128 0.597100973129
      vertex 0.234514057636 0.208507955074 0.622100949287
      vertex 0.235611438751 0.211157292128 0.622100949287
    endloop
  endfacet
  facet normal 1 0 0
    outer loop
      vertex 0.275000989437 0.261500358582 0.597100973129
      vertex 0.275000989437 0.261500358582 0.622100949287
      vertex 0.275000989437 0.204000383615 0.597100973129
    endloop
  endfacet
  facet normal 1 -0 0
    outer loop
      vertex 0.275000989437 0.204000383615 0.597100973129
      vertex 0.275000989437 0.261500358582 0.622100949287
      vertex 0.275000989437 0.204000383615 0.622100949287
    endloop
  endfacet
  facet normal 0 0 -1
    outer loop
      vertex 0.0250009838492 0.277500331402 0.597100973129
      vertex 0.0250009838492 0.277500331402 0.622100949287
      vertex 0.275000989437 0.277500331402 0.597100973129
    endloop
  endfacet
  facet normal 0 0 -1
    outer loop
      vertex 0.275000989437 0.277500331402 0.597100973129
      vertex 0.0250009838492 0.277500331402 0.622100949287
      vertex 0.275000989437 0.277500331402 0.622100949287
    endloop
  endfacet
  facet normal 0 -1 0
    outer loop
      vertex 0.0771579220891 0.0583898946643 0.597100973129
      vertex 0.0800009891391 0.0580156035721 0.597100973129
      vertex 0.0900009870529 0.0190003663301 0.597100973129
    endloop
  endfacet
  facet normal 0 -1 0
    outer loop
      vertex 0.0900009870529 0.0190003663301 0.597100973129
      vertex 0.0800009891391 0.0580156035721 0.597100973129
      vertex 0.0828440561891 0.0583898946643 0.597100973129
    endloop
  endfacet
  facet normal 0 -1 0
    outer loop
      vertex 0.0900009870529 0.0190003663301 0.597100973129
      vertex 0.0828440561891 0.0583898946643 0.597100973129
      vertex 0.0854933708906 0.0594872757792 0.597100973129
    endloop
  endfacet
  facet normal 0 -1 0
    outer loop
      vertex 0.0854933708906 0.0594872757792 0.597100973129
      vertex 0.0877683907747 0.0612329654396 0.597100973129
      vertex 0.0900009870529 0.0190003663301 0.597100973129
    endloop
  endfacet
  facet normal 0 -1 -0
    outer loop
      vertex 0.0900009870529 0.0190003663301 0.597100973129
      vertex 0.0877683907747 0.0612329654396 0.597100973129
      vertex 0.120000988245 0.0190003663301 0.597100973129
    endloop
  endfacet
  facet normal 0 -1 0
    outer loop
      vertex 0.120000988245 0.0190003663301 0.597100973129
      vertex 0.0877683907747 0.0612329654396 0.597100973129
      vertex 0.0895140767097 0.0635079815984 0.597100973129
    endloop
  endfacet
  facet normal 0 -1 0
    outer loop
      vertex 0.120000988245 0.0190003663301 0.597100973129
      vertex 0.0895140767097 0.0635079815984 0.597100973129
      vertex 0.0906114578247 0.0661572888494 0.597100973129
    endloop
  endfacet
  facet normal 0 -1 0
    outer loop
      vertex 0.0906114578247 0.0661572888494 0.597100973129
      vertex 0.0909857600927 0.0690003558993 0.597100973129
      vertex 0.120000988245 0.0190003663301 0.597100973129
    endloop
  endfacet
  facet normal 0 -1 0
    outer loop
      vertex 0.120000988245 0.0190003663301 0.597100973129
      vertex 0.0909857600927 0.0690003558993 0.597100973129
      vertex 0.0906114578247 0.0718434453011 0.597100973129
    endloop
  endfacet
  facet normal 0 -1 -0
    outer loop
      vertex 0.120000988245 0.0190003663301 0.597100973129
      vertex 0.0906114578247 0.0718434453011 0.597100973129
      vertex 0.120000988245 0.174000367522 0.597100973129
    endloop
  endfacet
  facet normal 0 -1 0
    outer loop
      vertex 0.120000988245 0.174000367522 0.597100973129
      vertex 0.0906114578247 0.0718434453011 0.597100973129
      vertex 0.0895140767097 0.074492752552 0.597100973129
    endloop
  endfacet
  facet normal 0 -1 0
    outer loop
      vertex 0.120000988245 0.174000367522 0.597100973129
      vertex 0.0895140767097 0.074492752552 0.597100973129
      vertex 0.0877683907747 0.0767677500844 0.597100973129
    endloop
  endfacet
  facet normal 0 -1 -0
    outer loop
      vertex 0.0877683907747 0.0767677500844 0.597100973129
      vertex 0.0854933708906 0.0785134360194 0.597100973129
      vertex 0.120000988245 0.174000367522 0.597100973129
    endloop
  endfacet
  facet normal 0 -1 0
    outer loop
      vertex 0.120000988245 0.174000367522 0.597100973129
      vertex 0.0854933708906 0.0785134360194 0.597100973129
      vertex 0.0828440561891 0.0796108171344 0.597100973129
    endloop
  endfacet
  facet normal 0 -1 0
    outer loop
      vertex 0.120000988245 0.174000367522 0.597100973129
      vertex 0.0828440561891 0.0796108171344 0.597100973129
      vertex 0.0800009891391 0.0799851119518 0.597100973129
    endloop
  endfacet
  facet normal -0 -1 -0
    outer loop
      vertex 0.0800009891391 0.0799851119518 0.597100973129
      vertex 0.0771579220891 0.0796108171344 0.597100973129
      vertex 0.120000988245 0.174000367522 0.597100973129
    endloop
  endfacet
  facet normal 0 -1 0
    outer loop
      vertex 0.120000988245 0.174000367522 0.597100973129
      vertex 0.0771579220891 0.0796108171344 0.597100973129
      vertex 0.074508599937 0.0785134360194 0.597100973129
    endloop
  endfacet
  facet normal -0 -1 0
    outer loop
      vertex 0.120000988245 0.174000367522 0.597100973129
      vertex 0.074508599937 0.0785134360194 0.597100973129
      vertex 0.0165009833872 0.269000351429 0.597100973129
    endloop
  endfacet
  facet normal 0 -1 0
    outer loop
      vertex 0.0165009833872 0.269000351429 0.597100973129
      vertex 0.074508599937 0.0785134360194 0.597100973129
      vertex 0.072233594954 0.0767677500844 0.597100973129
    endloop
  endfacet
  facet normal 0 -1 0
    outer loop
      vertex 0.0165009833872 0.269000351429 0.597100973129
      vertex 0.072233594954 0.0767677500844 0.597100973129
      vertex 0.0704879015684 0.074492752552 0.597100973129
    endloop
  endfacet
  facet normal 0 -1 0
    outer loop
      vertex 0.0165009833872 0.269000351429 0.597100973129
      vertex 0.0704879015684 0.074492752552 0.597100973129
      vertex 0.0165009833872 0.0190003663301 0.597100973129
    endloop
  endfacet
  facet normal 0 -1 0
    outer loop
      vertex 0.0165009833872 0.0190003663301 0.597100973129
      vertex 0.0704879015684 0.074492752552 0.597100973129
      vertex 0.0693905204535 0.0718434453011 0.597100973129
    endloop
  endfacet
  facet normal 0 -1 0
    outer loop
      vertex 0.0165009833872 0.0190003663301 0.597100973129
      vertex 0.0693905204535 0.0718434453011 0.597100973129
      vertex 0.069016225636 0.0690003558993 0.597100973129
    endloop
  endfacet
  facet normal 0 -1 0
    outer loop
      vertex 0.0165009833872 0.0190003663301 0.597100973129
      vertex 0.069016225636 0.0690003558993 0.597100973129
      vertex 0.020493067801 0.0190003663301 0.597100973129
    endloop
  endfacet
  facet normal 0 -1 0
    outer loop
      vertex 0.020493067801 0.0190003663301 0.597100973129
      vertex 0.069016225636 0.0690003558993 0.597100973129
      vertex 0.0693905204535 0.0661572888494 0.597100973129
    endloop
  endfacet
  facet normal 0 -1 0
    outer loop
      vertex 0.020493067801 0.0190003663301 0.597100973129
      vertex 0.0693905204535 0.0661572888494 0.597100973129
      vertex 0.0325009860098 0.0190003663301 0.597100973129
    endloop
  endfacet
  facet normal 0 -1 0
    outer loop
      vertex 0.0325009860098 0.0190003663301 0.597100973129
      vertex 0.0693905204535 0.0661572888494 0.597100973129
      vertex 0.0704879015684 0.0635079815984 0.597100973129
    endloop
  endfacet
  facet normal 0 -1 0
    outer loop
      vertex 0.0325009860098 0.0190003663301 0.597100973129
      vertex 0.0704879015684 0.0635079815984 0.597100973129
      vertex 0.072233594954 0.0612329654396 0.597100973129
    endloop
  endfacet
  facet normal 0 -1 0
    outer loop
      vertex 0.072233594954 0.0612329654396 0.597100973129
      vertex 0.074508599937 0.0594872757792 0.597100973129
      vertex 0.0325009860098 0.0190003663301 0.597100973129
    endloop
  endfacet
  facet normal 0 -1 0
    outer loop
      vertex 0.0325009860098 0.0190003663301 0.597100973129
      vertex 0.074508599937 0.0594872757792 0.597100973129
      vertex 0.0900009870529 0.0190003663301 0.597100973129
    endloop
  endfacet
  facet normal 0 -1 0
    outer loop
      vertex 0.0900009870529 0.0190003663301 0.597100973129
      vertex 0.074508599937 0.0594872757792 0.597100973129
      vertex 0.0771579220891 0.0583898946643 0.597100973129
    endloop
  endfacet
  facet normal 0 -1 0
    outer loop
      vertex 0.020493067801 0.269000351429 0.597100973129
      vertex 0.0250009838492 0.269000351429 0.597100973129
      vertex 0.120000988245 0.174000367522 0.597100973129
    endloop
  endfacet
  facet normal 0 -1 0
    outer loop
      vertex 0.120000988245 0.174000367522 0.597100973129
      vertex 0.0250009838492 0.269000351429 0.597100973129
      vertex 0.0250009838492 0.273500353098 0.597100973129
    endloop
  endfacet
  facet normal 0 -1 0
    outer loop
      vertex 0.120000988245 0.174000367522 0.597100973129
      vertex 0.0250009838492 0.273500353098 0.597100973129
      vertex 0.0250009838492 0.277500331402 0.597100973129
    endloop
  endfacet
  facet normal 0 -1 0
    outer loop
      vertex 0.275000989437 0.277500331402 0.597100973129
      vertex 0.219508588314 0.223513454199 0.597100973129
      vertex 0.0250009838492 0.277500331402 0.597100973129
    endloop
  endfacet
  facet normal 0 -1 0
    outer loop
      vertex 0.0250009838492 0.277500331402 0.597100973129
      vertex 0.219508588314 0.223513454199 0.597100973129
      vertex 0.21723356843 0.221767753363 0.597100973129
    endloop
  endfacet
  facet normal 0 -1 0
    outer loop
      vertex 0.0250009838492 0.277500331402 0.597100973129
      vertex 0.21723356843 0.221767753363 0.597100973129
      vertex 0.215487882495 0.21949274838 0.597100973129
    endloop
  endfacet
  facet normal -0 -1 -0
    outer loop
      vertex 0.275000989437 0.273500353098 0.597100973129
      vertex 0.225000977516 0.224985122681 0.597100973129
      vertex 0.275000989437 0.277500331402 0.597100973129
    endloop
  endfacet
  facet normal 0 -1 0
    outer loop
      vertex 0.275000989437 0.277500331402 0.597100973129
      vertex 0.225000977516 0.224985122681 0.597100973129
      vertex 0.222157910466 0.224610835314 0.597100973129
    endloop
  endfacet
  facet normal 0 -1 0
    outer loop
      vertex 0.275000989437 0.277500331402 0.597100973129
      vertex 0.222157910466 0.224610835314 0.597100973129
      vertex 0.219508588314 0.223513454199 0.597100973129
    endloop
  endfacet
  facet normal 0 -1 0
    outer loop
      vertex 0.225000977516 0.224985122681 0.597100973129
      vertex 0.275000989437 0.273500353098 0.597100973129
      vertex 0.227844029665 0.224610835314 0.597100973129
    endloop
  endfacet
  facet normal 0 -1 0
    outer loop
      vertex 0.227844029665 0.224610835314 0.597100973129
      vertex 0.275000989437 0.273500353098 0.597100973129
      vertex 0.275000989437 0.261500358582 0.597100973129
    endloop
  endfacet
  facet normal 0 -1 0
    outer loop
      vertex 0.227844029665 0.224610835314 0.597100973129
      vertex 0.275000989437 0.261500358582 0.597100973129
      vertex 0.230493381619 0.223513454199 0.597100973129
    endloop
  endfacet
  facet normal 0 -1 0
    outer loop
      vertex 0.230493381619 0.223513454199 0.597100973129
      vertex 0.275000989437 0.261500358582 0.597100973129
      vertex 0.232768386602 0.221767753363 0.597100973129
    endloop
  endfacet
  facet normal 0 -1 0
    outer loop
      vertex 0.232768386602 0.221767753363 0.597100973129
      vertex 0.275000989437 0.261500358582 0.597100973129
      vertex 0.234514057636 0.21949274838 0.597100973129
    endloop
  endfacet
  facet normal 0 -1 0
    outer loop
      vertex 0.234514057636 0.21949274838 0.597100973129
      vertex 0.275000989437 0.261500358582 0.597100973129
      vertex 0.275000989437 0.204000383615 0.597100973129
    endloop
  endfacet
  facet normal 0 -1 0
    outer loop
      vertex 0.234514057636 0.21949274838 0.597100973129
      vertex 0.275000989437 0.204000383615 0.597100973129
      vertex 0.235611438751 0.216843441129 0.597100973129
    endloop
  endfacet
  facet normal 0 -1 0
    outer loop
      vertex 0.235611438751 0.216843441129 0.597100973129
      vertex 0.275000989437 0.204000383615 0.597100973129
      vertex 0.235985741019 0.214000374079 0.597100973129
    endloop
  endfacet
  facet normal 0 -1 0
    outer loop
      vertex 0.235985741019 0.214000374079 0.597100973129
      vertex 0.275000989437 0.204000383615 0.597100973129
      vertex 0.235611438751 0.211157292128 0.597100973129
    endloop
  endfacet
  facet normal 0 -1 0
    outer loop
      vertex 0.235611438751 0.211157292128 0.597100973129
      vertex 0.275000989437 0.204000383615 0.597100973129
      vertex 0.234514057636 0.208507955074 0.597100973129
    endloop
  endfacet
  facet normal 0 -1 0
    outer loop
      vertex 0.234514057636 0.208507955074 0.597100973129
      vertex 0.275000989437 0.204000383615 0.597100973129
      vertex 0.232768386602 0.20623293519 0.597100973129
    endloop
  endfacet
  facet normal 0 -1 0
    outer loop
      vertex 0.232768386602 0.20623293519 0.597100973129
      vertex 0.275000989437 0.204000383615 0.597100973129
      vertex 0.275000989437 0.174000367522 0.597100973129
    endloop
  endfacet
  facet normal 0 -1 0
    outer loop
      vertex 0.232768386602 0.20623293519 0.597100973129
      vertex 0.275000989437 0.174000367522 0.597100973129
      vertex 0.230493381619 0.204487249255 0.597100973129
    endloop
  endfacet
  facet normal 0 -1 0
    outer loop
      vertex 0.230493381619 0.204487249255 0.597100973129
      vertex 0.275000989437 0.174000367522 0.597100973129
      vertex 0.227844029665 0.20338986814 0.597100973129
    endloop
  endfacet
  facet normal 0 -1 0
    outer loop
      vertex 0.227844029665 0.20338986814 0.597100973129
      vertex 0.275000989437 0.174000367522 0.597100973129
      vertex 0.225000977516 0.203015610576 0.597100973129
    endloop
  endfacet
  facet normal -0 -1 0
    outer loop
      vertex 0.225000977516 0.203015610576 0.597100973129
      vertex 0.275000989437 0.174000367522 0.597100973129
      vertex 0.222157910466 0.20338986814 0.597100973129
    endloop
  endfacet
  facet normal 0 -1 0
    outer loop
      vertex 0.222157910466 0.20338986814 0.597100973129
      vertex 0.275000989437 0.174000367522 0.597100973129
      vertex 0.120000988245 0.174000367522 0.597100973129
    endloop
  endfacet
  facet normal -0 -1 0
    outer loop
      vertex 0.222157910466 0.20338986814 0.597100973129
      vertex 0.120000988245 0.174000367522 0.597100973129
      vertex 0.219508588314 0.204487249255 0.597100973129
    endloop
  endfacet
  facet normal -0 -1 0
    outer loop
      vertex 0.219508588314 0.204487249255 0.597100973129
      vertex 0.120000988245 0.174000367522 0.597100973129
      vertex 0.21723356843 0.20623293519 0.597100973129
    endloop
  endfacet
  facet normal -0 -1 0
    outer loop
      vertex 0.21723356843 0.20623293519 0.597100973129
      vertex 0.120000988245 0.174000367522 0.597100973129
      vertex 0.215487882495 0.208507955074 0.597100973129
    endloop
  endfacet
  facet normal -0 -1 0
    outer loop
      vertex 0.215487882495 0.208507955074 0.597100973129
      vertex 0.120000988245 0.174000367522 0.597100973129
      vertex 0.21439050138 0.211157292128 0.597100973129
    endloop
  endfacet
  facet normal -0 -1 0
    outer loop
      vertex 0.21439050138 0.211157292128 0.597100973129
      vertex 0.120000988245 0.174000367522 0.597100973129
      vertex 0.214016199112 0.214000374079 0.597100973129
    endloop
  endfacet
  facet normal -0 -1 -0
    outer loop
      vertex 0.214016199112 0.214000374079 0.597100973129
      vertex 0.120000988245 0.174000367522 0.597100973129
      vertex 0.21439050138 0.216843441129 0.597100973129
    endloop
  endfacet
  facet normal -0 -1 -0
    outer loop
      vertex 0.21439050138 0.216843441129 0.597100973129
      vertex 0.120000988245 0.174000367522 0.597100973129
      vertex 0.215487882495 0.21949274838 0.597100973129
    endloop
  endfacet
  facet normal -0 -1 0
    outer loop
      vertex 0.215487882495 0.21949274838 0.597100973129
      vertex 0.120000988245 0.174000367522 0.597100973129
      vertex 0.0250009838492 0.277500331402 0.597100973129
    endloop
  endfacet
  facet normal 0 -1 0
    outer loop
      vertex 0.0165009833872 0.269000351429 0.597100973129
      vertex 0.020493067801 0.269000351429 0.597100973129
      vertex 0.120000988245 0.174000367522 0.597100973129
    endloop
  endfacet
  facet normal 0 0 1
    outer loop
      vertex 0.120000988245 0.174000367522 0.597100973129
      vertex 0.275000989437 0.174000367522 0.597100973129
      vertex 0.120000988245 0.174000367522 0.622100949287
    endloop
  endfacet
  facet normal -0 0 1
    outer loop
      vertex 0.120000988245 0.174000367522 0.622100949287
      vertex 0.275000989437 0.174000367522 0.597100973129
      vertex 0.275000989437 0.174000367522 0.622100949287
    endloop
  endfacet
  facet normal 1 0 0
    outer loop
      vertex 0.275000989437 0.261500358582 0.504377067089
      vertex 0.275000989437 0.261500358582 0.513172030449
      vertex 0.275000989437 0.204000383615 0.504377067089
    endloop
  endfacet
  facet normal 1 -0 0
    outer loop
      vertex 0.275000989437 0.204000383615 0.504377067089
      vertex 0.275000989437 0.261500358582 0.513172030449
      vertex 0.275000989437 0.204000383615 0.513172030449
    endloop
  endfacet
  facet normal 1 0 0
    outer loop
      vertex 0.275000989437 0.273500353098 0.513172030449
      vertex 0.275000989437 0.273500353098 0.504377067089
      vertex 0.275000989437 0.277500331402 0.513172030449
    endloop
  endfacet
  facet normal 1 0 0
    outer loop
      vertex 0.275000989437 0.277500331402 0.513172030449
      vertex 0.275000989437 0.273500353098 0.504377067089
      vertex 0.275000989437 0.277500331402 0.504377067089
    endloop
  endfacet
  facet normal 0.731157779694 0.682208418846 -0
    outer loop
      vertex 0.275000989437 0.277500331402 0.513172030449
      vertex 0.205648168921 0.277500331402 0.587500989437
      vertex 0.275000989437 0.273500353098 0.513172030449
    endloop
  endfacet
  facet normal 0.731157779694 0.682208418846 -0
    outer loop
      vertex 0.275000989437 0.273500353098 0.513172030449
      vertex 0.205648168921 0.277500331402 0.587500989437
      vertex 0.275000989437 0.261500358582 0.513172030449
    endloop
  endfacet
  facet normal 0.731157779694 0.682208418846 -0
    outer loop
      vertex 0.275000989437 0.261500358582 0.513172030449
      vertex 0.205648168921 0.277500331402 0.587500989437
      vertex 0.275000989437 0.204000383615 0.513172030449
    endloop
  endfacet
  facet normal 0.731157779694 0.682208418846 -7.01505143029e-17
    outer loop
      vertex 0.275000989437 0.204000383615 0.513172030449
      vertex 0.205648168921 0.277500331402 0.587500989437
      vertex 0.205648168921 0.174000367522 0.587500989437
    endloop
  endfacet
  facet normal 0.731157779694 0.682208418846 -0
    outer loop
      vertex 0.275000989437 0.204000383615 0.513172030449
      vertex 0.205648168921 0.174000367522 0.587500989437
      vertex 0.275000989437 0.174000367522 0.513172030449
    endloop
  endfacet
  facet normal 0 1 -0
    outer loop
      vertex 0.205648168921 0.277500331402 0.587500989437
      vertex 0.197442039847 0.277500331402 0.587500989437
      vertex 0.205648168921 0.174000367522 0.587500989437
    endloop
  endfacet
  facet normal 0 1 0
    outer loop
      vertex 0.205648168921 0.174000367522 0.587500989437
      vertex 0.197442039847 0.277500331402 0.587500989437
      vertex 0.197442039847 0.174000367522 0.587500989437
    endloop
  endfacet
  facet normal -0.731157839298 -0.682208299637 0
    outer loop
      vertex 0.275000989437 0.277500331402 0.504377067089
      vertex 0.275000989437 0.273500353098 0.504377067089
      vertex 0.197442039847 0.277500331402 0.587500989437
    endloop
  endfacet
  facet normal -0.731157839298 -0.682208299637 0
    outer loop
      vertex 0.197442039847 0.277500331402 0.587500989437
      vertex 0.275000989437 0.273500353098 0.504377067089
      vertex 0.275000989437 0.261500358582 0.504377067089
    endloop
  endfacet
  facet normal -0.731157839298 -0.682208299637 0
    outer loop
      vertex 0.197442039847 0.277500331402 0.587500989437
      vertex 0.275000989437 0.261500358582 0.504377067089
      vertex 0.275000989437 0.204000383615 0.504377067089
    endloop
  endfacet
  facet normal -0.731157839298 -0.682208299637 -0
    outer loop
      vertex 0.275000989437 0.174000367522 0.504377067089
      vertex 0.197442039847 0.174000367522 0.587500989437
      vertex 0.275000989437 0.204000383615 0.504377067089
    endloop
  endfacet
  facet normal -0.731157839298 -0.682208299637 -7.50940698983e-17
    outer loop
      vertex 0.275000989437 0.204000383615 0.504377067089
      vertex 0.197442039847 0.174000367522 0.587500989437
      vertex 0.197442039847 0.277500331402 0.587500989437
    endloop
  endfacet
  facet normal -0 -0 -1
    outer loop
      vertex 0.275000989437 0.277500331402 0.513172030449
      vertex 0.275000989437 0.277500331402 0.504377067089
      vertex 0.205648168921 0.277500331402 0.587500989437
    endloop
  endfacet
  facet normal -0 -0 -1
    outer loop
      vertex 0.205648168921 0.277500331402 0.587500989437
      vertex 0.275000989437 0.277500331402 0.504377067089
      vertex 0.197442039847 0.277500331402 0.587500989437
    endloop
  endfacet
  facet normal 0 0 1
    outer loop
      vertex 0.275000989437 0.174000367522 0.513172030449
      vertex 0.205648168921 0.174000367522 0.587500989437
      vertex 0.275000989437 0.174000367522 0.504377067089
    endloop
  endfacet
  facet normal 0 0 1
    outer loop
      vertex 0.275000989437 0.174000367522 0.504377067089
      vertex 0.205648168921 0.174000367522 0.587500989437
      vertex 0.197442039847 0.174000367522 0.587500989437
    endloop
  endfacet
  facet normal 0 -0.998788893223 0.0492014214396
    outer loop
      vertex 0.295880019665 0.255500376225 1.19588005543
      vertex 0.0385009795427 0.255500376225 1.19588005543
      vertex 0.295870393515 0.255696386099 1.19587039948
    endloop
  endfacet
  facet normal 3.74555020244e-05 -0.995166480541 0.0982021689415
    outer loop
      vertex 0.295870393515 0.255696386099 1.19587039948
      vertex 0.0385009795427 0.255500376225 1.19588005543
      vertex 0.0381107926369 0.255890548229 1.19584155083
    endloop
  endfacet
  facet normal 0 -0.98913192749 0.147030666471
    outer loop
      vertex 0.295870393515 0.255696386099 1.19587039948
      vertex 0.0381107926369 0.255890548229 1.19584155083
      vertex 0.295841574669 0.255890548229 1.19584155083
    endloop
  endfacet
  facet normal 0 -0.957001388073 0.290083348751
    outer loop
      vertex 0.295841574669 0.255890548229 1.19584155083
      vertex 0.0381107926369 0.255890548229 1.19584155083
      vertex 0.2957277596 0.256265729666 1.19572782516
    endloop
  endfacet
  facet normal 0 -0.957001388073 0.290083348751
    outer loop
      vertex 0.2957277596 0.256265729666 1.19572782516
      vertex 0.0381107926369 0.255890548229 1.19584155083
      vertex 0.0377356112003 0.256265729666 1.19572782516
    endloop
  endfacet
  facet normal 0 -0.881832301617 0.471563190222
    outer loop
      vertex 0.2957277596 0.256265729666 1.19572782516
      vertex 0.0377356112003 0.256265729666 1.19572782516
      vertex 0.295542955399 0.256611466408 1.19554293156
    endloop
  endfacet
  facet normal 0 -0.881832301617 0.471563190222
    outer loop
      vertex 0.295542955399 0.256611466408 1.19554293156
      vertex 0.0377356112003 0.256265729666 1.19572782516
      vertex 0.0373898409307 0.256611466408 1.19554293156
    endloop
  endfacet
  facet normal 0 -0.773111224174 0.634270489216
    outer loop
      vertex 0.295542955399 0.256611466408 1.19554293156
      vertex 0.0373898409307 0.256611466408 1.19554293156
      vertex 0.295294225216 0.256914556026 1.19529426098
    endloop
  endfacet
  facet normal 0 -0.773111224174 0.634270489216
    outer loop
      vertex 0.295294225216 0.256914556026 1.19529426098
      vertex 0.0373898409307 0.256611466408 1.19554293156
      vertex 0.0370867699385 0.256914556026 1.19529426098
    endloop
  endfacet
  facet normal 0 -0.634290039539 0.77309513092
    outer loop
      vertex 0.295294225216 0.256914556026 1.19529426098
      vertex 0.0370867699385 0.256914556026 1.19529426098
      vertex 0.2949911654 0.257163286209 1.19499111176
    endloop
  endfacet
  facet normal 0 -0.634290039539 0.77309513092
    outer loop
      vertex 0.2949911654 0.257163286209 1.19499111176
      vertex 0.0370867699385 0.256914556026 1.19529426098
      vertex 0.0368380472064 0.257163286209 1.19499111176
    endloop
  endfacet
  facet normal 0 -0.471497178078 0.881867587566
    outer loop
      vertex 0.2949911654 0.257163286209 1.19499111176
      vertex 0.0368380472064 0.257163286209 1.19499111176
      vertex 0.294645369053 0.257348120213 1.19464540482
    endloop
  endfacet
  facet normal 0 -0.471497178078 0.881867587566
    outer loop
      vertex 0.294645369053 0.257348120213 1.19464540482
      vertex 0.0368380472064 0.257163286209 1.19499111176
      vertex 0.0366532243788 0.257348120213 1.19464540482
    endloop
  endfacet
  facet normal 0 -0.290275752544 0.956943035126
    outer loop
      vertex 0.294645369053 0.257348120213 1.19464540482
      vertex 0.0366532243788 0.257348120213 1.19464540482
      vertex 0.294270187616 0.257461905479 1.19427025318
    endloop
  endfacet
  facet normal 0 -0.290275752544 0.956943035126
    outer loop
      vertex 0.294270187616 0.257461905479 1.19427025318
      vertex 0.0366532243788 0.257348120213 1.19464540482
      vertex 0.0365394093096 0.257461905479 1.19427025318
    endloop
  endfacet
  facet normal 0 -0.146647691727 0.989188790321
    outer loop
      vertex 0.294270187616 0.257461905479 1.19427025318
      vertex 0.0365394093096 0.257461905479 1.19427025318
      vertex 0.0365106128156 0.257490694523 1.19407606125
    endloop
  endfacet
  facet normal 0 -0.0491745732725 0.998790204525
    outer loop
      vertex 0.0365009829402 0.257500350475 1.19387996197
      vertex 0.293880015612 0.257500350475 1.19387996197
      vertex 0.0365106128156 0.257490694523 1.19407606125
    endloop
  endfacet
  facet normal -3.7330941268e-05 -0.097986035049 0.995187759399
    outer loop
      vertex 0.0365106128156 0.257490694523 1.19407606125
      vertex 0.293880015612 0.257500350475 1.19387996197
      vertex 0.294270187616 0.257461905479 1.19427025318
    endloop
  endfacet
  facet normal 0 0 1
    outer loop
      vertex 0.0365009829402 0.257500350475 1.1790009737
      vertex 0.279000997543 0.257500350475 1.1790009737
      vertex 0.0365009829402 0.257500350475 1.19387996197
    endloop
  endfacet
  facet normal -0 0 1
    outer loop
      vertex 0.0365009829402 0.257500350475 1.19387996197
      vertex 0.279000997543 0.257500350475 1.1790009737
      vertex 0.293880015612 0.257500350475 1.19387996197
    endloop
  endfacet
  facet normal 0 0 1
    outer loop
      vertex 0.293880015612 0.257500350475 1.19387996197
      vertex 0.279000997543 0.257500350475 1.1790009737
      vertex 0.279000997543 0.257500350475 0.0210010055453
    endloop
  endfacet
  facet normal 0 0 1
    outer loop
      vertex 0.293880015612 0.257500350475 1.19387996197
      vertex 0.279000997543 0.257500350475 0.0210010055453
      vertex 0.293880015612 0.257500350475 0.00612196931615
    endloop
  endfacet
  facet normal 0 0 1
    outer loop
      vertex 0.293880015612 0.257500350475 0.00612196931615
      vertex 0.279000997543 0.257500350475 0.0210010055453
      vertex 0.0365009829402 0.257500350475 0.00612196931615
    endloop
  endfacet
  facet normal 0 0 1
    outer loop
      vertex 0.0365009829402 0.257500350475 0.00612196931615
      vertex 0.279000997543 0.257500350475 0.0210010055453
      vertex 0.0365009829402 0.257500350475 0.0210010055453
    endloop
  endfacet
  facet normal 0 -0.0491015911102 0.998793780804
    outer loop
      vertex 0.0365009829402 0.257500350475 1.1790009737
      vertex 0.0364817343652 0.257519632578 1.17860889435
      vertex 0.279000997543 0.257500350475 1.1790009737
    endloop
  endfacet
  facet normal 7.94949883129e-05 -0.0980921462178 0.995177328587
    outer loop
      vertex 0.279000997543 0.257500350475 1.1790009737
      vertex 0.0364817343652 0.257519632578 1.17860889435
      vertex 0.278220653534 0.257577210665 1.17822062969
    endloop
  endfacet
  facet normal 0 -0.146700561047 0.989180922508
    outer loop
      vertex 0.278220653534 0.257577210665 1.17822062969
      vertex 0.0364817343652 0.257519632578 1.17860889435
      vertex 0.0364241190255 0.257577210665 1.17822062969
    endloop
  endfacet
  facet normal 0 -0.29026684165 0.956945717335
    outer loop
      vertex 0.278220653534 0.257577210665 1.17822062969
      vertex 0.0364241190255 0.257577210665 1.17822062969
      vertex 0.277470260859 0.257804840803 1.17747020721
    endloop
  endfacet
  facet normal 0 -0.29026684165 0.956945717335
    outer loop
      vertex 0.277470260859 0.257804840803 1.17747020721
      vertex 0.0364241190255 0.257577210665 1.17822062969
      vertex 0.0361965000629 0.257804840803 1.17747020721
    endloop
  endfacet
  facet normal 0 -0.471421301365 0.881908118725
    outer loop
      vertex 0.277470260859 0.257804840803 1.17747020721
      vertex 0.0361965000629 0.257804840803 1.17747020721
      vertex 0.27677872777 0.258174479008 1.17677867413
    endloop
  endfacet
  facet normal 0 -0.471421301365 0.881908118725
    outer loop
      vertex 0.27677872777 0.258174479008 1.17677867413
      vertex 0.0361965000629 0.257804840803 1.17747020721
      vertex 0.0358268730342 0.258174479008 1.17677867413
    endloop
  endfacet
  facet normal 0 -0.634446620941 0.772966682911
    outer loop
      vertex 0.27677872777 0.258174479008 1.17677867413
      vertex 0.0358268730342 0.258174479008 1.17677867413
      vertex 0.276172578335 0.258671939373 1.1761726141
    endloop
  endfacet
  facet normal 0 -0.634446620941 0.772966682911
    outer loop
      vertex 0.276172578335 0.258671939373 1.1761726141
      vertex 0.0358268730342 0.258174479008 1.17677867413
      vertex 0.0353294126689 0.258671939373 1.1761726141
    endloop
  endfacet
  facet normal 0 -0.773003399372 0.634401857853
    outer loop
      vertex 0.276172578335 0.258671939373 1.1761726141
      vertex 0.0353294126689 0.258671939373 1.1761726141
      vertex 0.27567511797 0.259278088808 1.17567515373
    endloop
  endfacet
  facet normal 0 -0.773003399372 0.634401857853
    outer loop
      vertex 0.27567511797 0.259278088808 1.17567515373
      vertex 0.0353294126689 0.258671939373 1.1761726141
      vertex 0.0347232781351 0.259278088808 1.17567515373
    endloop
  endfacet
  facet normal 0 -0.881889164448 0.471456795931
    outer loop
      vertex 0.27567511797 0.259278088808 1.17567515373
      vertex 0.0347232781351 0.259278088808 1.17567515373
      vertex 0.275305479765 0.259969592094 1.17530548573
    endloop
  endfacet
  facet normal 0 -0.881889164448 0.471456795931
    outer loop
      vertex 0.275305479765 0.259969592094 1.17530548573
      vertex 0.0347232781351 0.259278088808 1.17567515373
      vertex 0.0340317152441 0.259969592094 1.17530548573
    endloop
  endfacet
  facet normal 0 -0.956967234612 0.29019600153
    outer loop
      vertex 0.275305479765 0.259969592094 1.17530548573
      vertex 0.0340317152441 0.259969592094 1.17530548573
      vertex 0.275077849627 0.260720014572 1.17507791519
    endloop
  endfacet
  facet normal 0 -0.956967234612 0.29019600153
    outer loop
      vertex 0.275077849627 0.260720014572 1.17507791519
      vertex 0.0340317152441 0.259969592094 1.17530548573
      vertex 0.0332813411951 0.260720014572 1.17507791519
    endloop
  endfacet
  facet normal 0 -0.989143192768 0.146954774857
    outer loop
      vertex 0.275077849627 0.260720014572 1.17507791519
      vertex 0.0332813411951 0.260720014572 1.17507791519
      vertex 0.27502027154 0.261108279228 1.1750202179
    endloop
  endfacet
  facet normal -7.98479668447e-05 -0.995172858238 0.0981376692653
    outer loop
      vertex 0.27502027154 0.261108279228 1.1750202179
      vertex 0.0332813411951 0.260720014572 1.17507791519
      vertex 0.0325009860098 0.261500358582 1.1750010252
    endloop
  endfacet
  facet normal -1.35699706504e-20 -0.998802483082 0.0489242859185
    outer loop
      vertex 0.27502027154 0.261108279228 1.1750202179
      vertex 0.0325009860098 0.261500358582 1.1750010252
      vertex 0.275000989437 0.261500358582 1.1750010252
    endloop
  endfacet
  facet normal 0 -1 0
    outer loop
      vertex 0.020493067801 0.269000351429 1.1750010252
      vertex 0.0250009838492 0.269000351429 1.1750010252
      vertex 0.0325009860098 0.261500358582 1.1750010252
    endloop
  endfacet
  facet normal 0 -1 0
    outer loop
      vertex 0.0325009860098 0.261500358582 1.1750010252
      vertex 0.0250009838492 0.269000351429 1.1750010252
      vertex 0.0250009838492 0.273500353098 1.1750010252
    endloop
  endfacet
  facet normal 0 -1 -0
    outer loop
      vertex 0.0325009860098 0.261500358582 1.1750010252
      vertex 0.0250009838492 0.273500353098 1.1750010252
      vertex 0.275000989437 0.273500353098 1.1750010252
    endloop
  endfacet
  facet normal 0 -1 0
    outer loop
      vertex 0.275000989437 0.273500353098 1.1750010252
      vertex 0.275000989437 0.261500358582 1.1750010252
      vertex 0.0325009860098 0.261500358582 1.1750010252
    endloop
  endfacet
  facet normal -0 -1 -0
    outer loop
      vertex 0.0325009860098 0.0936217457056 1.1750010252
      vertex 0.0205009803176 0.0936217457056 1.1750010252
      vertex 0.0325009860098 0.261500358582 1.1750010252
    endloop
  endfacet
  facet normal -0 -1 0
    outer loop
      vertex 0.0325009860098 0.261500358582 1.1750010252
      vertex 0.0205009803176 0.0936217457056 1.1750010252
      vertex 0.020493067801 0.269000351429 1.1750010252
    endloop
  endfacet
  facet normal 0 0.00198430614546 -0.999998033047
    outer loop
      vertex 0.016528332606 0.27747297287 1.19279181957
      vertex 0.292791813612 0.27747297287 1.19279181957
      vertex 0.0165098886937 0.27749145031 1.18349206448
    endloop
  endfacet
  facet normal 1.71321463682e-08 0.00198379717767 -0.999998033047
    outer loop
      vertex 0.0165098886937 0.27749145031 1.18349206448
      vertex 0.292791813612 0.27747297287 1.19279181957
      vertex 0.279000997543 0.277500331402 1.1790009737
    endloop
  endfacet
  facet normal 0 0.0019827960059 -0.999998033047
    outer loop
      vertex 0.0165098886937 0.27749145031 1.18349206448
      vertex 0.279000997543 0.277500331402 1.1790009737
      vertex 0.0210009794682 0.277500331402 1.1790009737
    endloop
  endfacet
  facet normal 0 -0.0490567758679 -0.998795986176
    outer loop
      vertex 0.016528332606 0.27747297287 1.19279181957
      vertex 0.0165220741183 0.277479231358 1.1929192543
      vertex 0.292791813612 0.27747297287 1.19279181957
    endloop
  endfacet
  facet normal -2.67530285782e-05 -0.106838941574 -0.994276344776
    outer loop
      vertex 0.292791813612 0.27747297287 1.19279181957
      vertex 0.0165220741183 0.277479231358 1.1929192543
      vertex 0.293067663908 0.277502626181 1.19306766987
    endloop
  endfacet
  facet normal -4.85614964418e-06 -0.146833717823 -0.989161193371
    outer loop
      vertex 0.293067663908 0.277502626181 1.19306766987
      vertex 0.0165220741183 0.277479231358 1.1929192543
      vertex 0.0165033526719 0.277497977018 1.19304549694
    endloop
  endfacet
  facet normal 7.19808849681e-06 -0.290422230959 -0.956898629665
    outer loop
      vertex 0.293067663908 0.277502626181 1.19306766987
      vertex 0.0165033526719 0.277497977018 1.19304549694
      vertex 0.0164293777198 0.277571976185 1.19328927994
    endloop
  endfacet
  facet normal -1.46674638017e-05 -0.315247327089 -0.949009537697
    outer loop
      vertex 0.293067663908 0.277502626181 1.19306766987
      vertex 0.0164293777198 0.277571976185 1.19328927994
      vertex 0.293330937624 0.277590066195 1.19333088398
    endloop
  endfacet
  facet normal 1.31514143504e-05 -0.471289008856 -0.881978809834
    outer loop
      vertex 0.293330937624 0.277590066195 1.19333088398
      vertex 0.0164293777198 0.277571976185 1.19328927994
      vertex 0.0163092408329 0.277692109346 1.19351410866
    endloop
  endfacet
  facet normal -1.98131729121e-05 -0.509239971638 -0.860624551773
    outer loop
      vertex 0.293330937624 0.277590066195 1.19333088398
      vertex 0.0163092408329 0.277692109346 1.19351410866
      vertex 0.293569654226 0.277731359005 1.19356966019
    endloop
  endfacet
  facet normal 1.77193232958e-05 -0.634512245655 -0.772912800312
    outer loop
      vertex 0.293569654226 0.277731359005 1.19356966019
      vertex 0.0163092408329 0.277692109346 1.19351410866
      vertex 0.0161475762725 0.277853786945 1.1937110424
    endloop
  endfacet
  facet normal -2.34411691054e-05 -0.680502772331 -0.732745468616
    outer loop
      vertex 0.293569654226 0.277731359005 1.19356966019
      vertex 0.0161475762725 0.277853786945 1.1937110424
      vertex 0.293772935867 0.277920126915 1.19377291203
    endloop
  endfacet
  facet normal 2.06815402635e-05 -0.773020863533 -0.634380578995
    outer loop
      vertex 0.293772935867 0.277920126915 1.19377291203
      vertex 0.0161475762725 0.277853786945 1.1937110424
      vertex 0.0159505754709 0.278050780296 1.1938726902
    endloop
  endfacet
  facet normal -2.56631865341e-05 -0.820299983025 -0.571933507919
    outer loop
      vertex 0.293772935867 0.277920126915 1.19377291203
      vertex 0.0159505754709 0.278050780296 1.1938726902
      vertex 0.293931573629 0.278147727251 1.19393157959
    endloop
  endfacet
  facet normal 2.23933420784e-05 -0.881845891476 -0.471537709236
    outer loop
      vertex 0.293931573629 0.278147727251 1.19393157959
      vertex 0.0159505754709 0.278050780296 1.1938726902
      vertex 0.0157258156687 0.278275489807 1.19399285316
    endloop
  endfacet
  facet normal 5.91003470163e-07 -0.901221573353 -0.433358550072
    outer loop
      vertex 0.293931573629 0.278147727251 1.19393157959
      vertex 0.0157258156687 0.278275489807 1.19399285316
      vertex 0.293991774321 0.278272897005 1.19399178028
    endloop
  endfacet
  facet normal -4.93031677706e-07 -0.942322969437 -0.33470505476
    outer loop
      vertex 0.293991774321 0.278272897005 1.19399178028
      vertex 0.0157258156687 0.278275489807 1.19399285316
      vertex 0.294038295746 0.278403788805 1.1940382719
    endloop
  endfacet
  facet normal 2.22793678404e-05 -0.956888318062 -0.290456116199
    outer loop
      vertex 0.294038295746 0.278403788805 1.1940382719
      vertex 0.0157258156687 0.278275489807 1.19399285316
      vertex 0.0154819497839 0.278519392014 1.19406688213
    endloop
  endfacet
  facet normal -3.40400993082e-06 -0.972604036331 -0.232468098402
    outer loop
      vertex 0.294038295746 0.278403788805 1.1940382719
      vertex 0.0154819497839 0.278519392014 1.19406688213
      vertex 0.294070571661 0.278538882732 1.19407057762
    endloop
  endfacet
  facet normal 4.21543199991e-06 -0.991876721382 -0.127202764153
    outer loop
      vertex 0.294070571661 0.278538882732 1.19407057762
      vertex 0.0154819497839 0.278519392014 1.19406688213
      vertex 0.294088244438 0.278676658869 1.1940882206
    endloop
  endfacet
  facet normal 2.1041256332e-05 -0.9952018857 -0.097843028605
    outer loop
      vertex 0.294088244438 0.278676658869 1.1940882206
      vertex 0.0154819497839 0.278519392014 1.19406688213
      vertex 0.0152283282951 0.278773009777 1.19409179688
    endloop
  endfacet
  facet normal -5.70526844967e-06 -0.999787807465 -0.0205983743072
    outer loop
      vertex 0.294088244438 0.278676658869 1.1940882206
      vertex 0.0152283282951 0.278773009777 1.19409179688
      vertex 0.294091135263 0.278815507889 1.19409108162
    endloop
  endfacet
  facet normal 8.08402091934e-06 -0.997561335564 0.0697955712676
    outer loop
      vertex 0.294091135263 0.278815507889 1.19409108162
      vertex 0.0152283282951 0.278773009777 1.19409179688
      vertex 0.0150474049151 0.278953909874 1.19407916069
    endloop
  endfacet
  facet normal 6.80159679209e-21 -0.996296405792 0.0859852731228
    outer loop
      vertex 0.294091135263 0.278815507889 1.19409108162
      vertex 0.0150474049151 0.278953909874 1.19407916069
      vertex 0.294079184532 0.278953909874 1.19407916069
    endloop
  endfacet
  facet normal 0 -0.990267693996 0.13917568326
    outer loop
      vertex 0.0150474049151 0.278953909874 1.19407916069
      vertex 0.00704717077315 0.286954164505 1.19295477867
      vertex 0.294079184532 0.278953909874 1.19407916069
    endloop
  endfacet
  facet normal 4.75093067109e-08 -0.990267932415 0.139173999429
    outer loop
      vertex 0.294079184532 0.278953909874 1.19407916069
      vertex 0.00704717077315 0.286954164505 1.19295477867
      vertex 0.291964530945 0.294000357389 1.1919645071
    endloop
  endfacet
  facet normal 0 -0.990268230438 0.139172121882
    outer loop
      vertex 0.291964530945 0.294000357389 1.1919645071
      vertex 0.00704717077315 0.286954164505 1.19295477867
      vertex 0.00803744234145 0.294000357389 1.1919645071
    endloop
  endfacet
  facet normal 0 1 0
    outer loop
      vertex 0.300000995398 0.174000367522 1.20000100136
      vertex 0.300000995398 0.294000357389 1.20000100136
      vertex 0.120000988245 0.174000367522 1.20000100136
    endloop
  endfacet
  facet normal 0 1 0
    outer loop
      vertex 0.120000988245 0.174000367522 1.20000100136
      vertex 0.300000995398 0.294000357389 1.20000100136
      vertex 9.98377799988e-07 0.294000357389 1.20000100136
    endloop
  endfacet
  facet normal 0 1 0
    outer loop
      vertex 0.120000988245 0.174000367522 1.20000100136
      vertex 9.98377799988e-07 0.294000357389 1.20000100136
      vertex 9.98377799988e-07 -0.00599962845445 1.20000100136
    endloop
  endfacet
  facet normal -0 1 0
    outer loop
      vertex 9.98377799988e-07 -0.00599962845445 1.20000100136
      vertex 0.120000988245 -0.00599962845445 1.20000100136
      vertex 0.120000988245 0.174000367522 1.20000100136
    endloop
  endfacet
  facet normal 0 0 1
    outer loop
      vertex 0.120000988245 0.174000367522 1.1750010252
      vertex 0.275000989437 0.174000367522 1.1750010252
      vertex 0.120000988245 0.174000367522 1.20000100136
    endloop
  endfacet
  facet normal -0 0 1
    outer loop
      vertex 0.120000988245 0.174000367522 1.20000100136
      vertex 0.275000989437 0.174000367522 1.1750010252
      vertex 0.300000995398 0.174000367522 1.20000100136
    endloop
  endfacet
  facet normal 0 -1 0
    outer loop
      vertex 0.0900009870529 0.0936217457056 1.1750010252
      vertex 0.0900009870529 0.204000383615 1.1750010252
      vertex 0.120000988245 0.174000367522 1.1750010252
    endloop
  endfacet
  facet normal 0 -1 -0
    outer loop
      vertex 0.120000988245 0.174000367522 1.1750010252
      vertex 0.0900009870529 0.204000383615 1.1750010252
      vertex 0.275000989437 0.204000383615 1.1750010252
    endloop
  endfacet
  facet normal 0 -1 0
    outer loop
      vertex 0.120000988245 0.174000367522 1.1750010252
      vertex 0.275000989437 0.204000383615 1.1750010252
      vertex 0.275000989437 0.174000367522 1.1750010252
    endloop
  endfacet
  facet normal 0 -1 0
    outer loop
      vertex 0.120000988245 0.174000367522 1.1750010252
      vertex 0.120000988245 0.0936217457056 1.1750010252
      vertex 0.0900009870529 0.0936217457056 1.1750010252
    endloop
  endfacet
  facet normal 0 -0.716594576836 -0.697489917278
    outer loop
      vertex 0.0837110355496 0.210290297866 1.18112325668
      vertex 0.281123220921 0.210290297866 1.18112325668
      vertex 0.0900009870529 0.204000383615 1.1750010252
    endloop
  endfacet
  facet normal 0 -0.716594576836 -0.697489917278
    outer loop
      vertex 0.0900009870529 0.204000383615 1.1750010252
      vertex 0.281123220921 0.210290297866 1.18112325668
      vertex 0.275000989437 0.204000383615 1.1750010252
    endloop
  endfacet
  facet normal 0 -0.643539071083 -0.765413284302
    outer loop
      vertex 0.0837110355496 0.210290297866 1.18112325668
      vertex 0.0831978023052 0.210803568363 1.18173372746
      vertex 0.281123220921 0.210290297866 1.18112325668
    endloop
  endfacet
  facet normal 0 -0.643539071083 -0.765413284302
    outer loop
      vertex 0.281123220921 0.210290297866 1.18112325668
      vertex 0.0831978023052 0.210803568363 1.18173372746
      vertex 0.281733721495 0.210803568363 1.18173372746
    endloop
  endfacet
  facet normal -0 -0.478783011436 -0.877933263779
    outer loop
      vertex 0.281733721495 0.210803568363 1.18173372746
      vertex 0.0831978023052 0.210803568363 1.18173372746
      vertex 0.0828158929944 0.211185440421 1.18243396282
    endloop
  endfacet
  facet normal -2.87535270453e-19 -0.478783011436 -0.877933263779
    outer loop
      vertex 0.281733721495 0.210803568363 1.18173372746
      vertex 0.0828158929944 0.211185440421 1.18243396282
      vertex 0.282433927059 0.211185440421 1.18243396282
    endloop
  endfacet
  facet normal -0 -0.295150727034 -0.955450713634
    outer loop
      vertex 0.282433927059 0.211185440421 1.18243396282
      vertex 0.0828158929944 0.211185440421 1.18243396282
      vertex 0.082580499351 0.211420834064 1.1831959486
    endloop
  endfacet
  facet normal 1.49391972253e-19 -0.295150727034 -0.955450713634
    outer loop
      vertex 0.282433927059 0.211185440421 1.18243396282
      vertex 0.082580499351 0.211420834064 1.1831959486
      vertex 0.283196002245 0.211420834064 1.1831959486
    endloop
  endfacet
  facet normal -0 -0.149303913116 -0.98879134655
    outer loop
      vertex 0.283196002245 0.211420834064 1.1831959486
      vertex 0.082580499351 0.211420834064 1.1831959486
      vertex 0.082520917058 0.21148045361 1.18359076977
    endloop
  endfacet
  facet normal 9.92227796814e-05 -0.099810577929 -0.99500644207
    outer loop
      vertex 0.283196002245 0.211420834064 1.1831959486
      vertex 0.082520917058 0.21148045361 1.18359076977
      vertex 0.283989608288 0.211500376463 1.18398964405
    endloop
  endfacet
  facet normal -0 -0.0498795546591 -0.998755216599
    outer loop
      vertex 0.283989608288 0.211500376463 1.18398964405
      vertex 0.082520917058 0.21148045361 1.18359076977
      vertex 0.0825009867549 0.211500376463 1.18398964405
    endloop
  endfacet
  facet normal 0 0 -1
    outer loop
      vertex 0.0825009867549 0.211500376463 1.18398964405
      vertex 0.0825009867549 0.211500376463 1.19385790825
      vertex 0.283989608288 0.211500376463 1.18398964405
    endloop
  endfacet
  facet normal 0 0 -1
    outer loop
      vertex 0.283989608288 0.211500376463 1.18398964405
      vertex 0.0825009867549 0.211500376463 1.19385790825
      vertex 0.293857872486 0.211500376463 1.19385790825
    endloop
  endfacet
  facet normal 0 0 -1
    outer loop
      vertex 0.283989608288 0.211500376463 1.18398964405
      vertex 0.293857872486 0.211500376463 1.19385790825
      vertex 0.293857872486 0.211500376463 0.00614414224401
    endloop
  endfacet
  facet normal 0 0 -1
    outer loop
      vertex 0.283989608288 0.211500376463 1.18398964405
      vertex 0.293857872486 0.211500376463 0.00614414224401
      vertex 0.283989608288 0.211500376463 0.0160123836249
    endloop
  endfacet
  facet normal 0 -0 -1
    outer loop
      vertex 0.283989608288 0.211500376463 0.0160123836249
      vertex 0.293857872486 0.211500376463 0.00614414224401
      vertex 0.0825009867549 0.211500376463 0.00614414224401
    endloop
  endfacet
  facet normal -0 0 -1
    outer loop
      vertex 0.283989608288 0.211500376463 0.0160123836249
      vertex 0.0825009867549 0.211500376463 0.00614414224401
      vertex 0.0825009867549 0.211500376463 0.0160123836249
    endloop
  endfacet
  facet normal 0 -0.0490642860532 -0.998795628548
    outer loop
      vertex 0.0825009867549 0.211500376463 1.19385790825
      vertex 0.0824913606048 0.211509987712 1.19405376911
      vertex 0.293857872486 0.211500376463 1.19385790825
    endloop
  endfacet
  facet normal -4.54662331322e-05 -0.0979588031769 -0.995190441608
    outer loop
      vertex 0.293857872486 0.211500376463 1.19385790825
      vertex 0.0824913606048 0.211509987712 1.19405376911
      vertex 0.294247925282 0.211538776755 1.19424796104
    endloop
  endfacet
  facet normal -0 -0.146647691727 -0.989188790321
    outer loop
      vertex 0.294247925282 0.211538776755 1.19424796104
      vertex 0.0824913606048 0.211509987712 1.19405376911
      vertex 0.0824625790119 0.211538776755 1.19424796104
    endloop
  endfacet
  facet normal -0 -0.290184676647 -0.956970691681
    outer loop
      vertex 0.294247925282 0.211538776755 1.19424796104
      vertex 0.0824625790119 0.211538776755 1.19424796104
      vertex 0.0823488458991 0.211652502418 1.19462299347
    endloop
  endfacet
  facet normal -7.49026455704e-20 -0.290184676647 -0.956970691681
    outer loop
      vertex 0.294247925282 0.211538776755 1.19424796104
      vertex 0.0823488458991 0.211652502418 1.19462299347
      vertex 0.294622987509 0.211652502418 1.19462299347
    endloop
  endfacet
  facet normal -0 -0.47124633193 -0.882001638412
    outer loop
      vertex 0.294622987509 0.211652502418 1.19462299347
      vertex 0.0823488458991 0.211652502418 1.19462299347
      vertex 0.0821641460061 0.211837217212 1.19496870041
    endloop
  endfacet
  facet normal 0 -0.47124633193 -0.882001638412
    outer loop
      vertex 0.294622987509 0.211652502418 1.19462299347
      vertex 0.0821641460061 0.211837217212 1.19496870041
      vertex 0.294968664646 0.211837217212 1.19496870041
    endloop
  endfacet
  facet normal -0 -0.634196341038 -0.773172020912
    outer loop
      vertex 0.294968664646 0.211837217212 1.19496870041
      vertex 0.0821641460061 0.211837217212 1.19496870041
      vertex 0.0819155722857 0.21208576858 1.19527173042
    endloop
  endfacet
  facet normal -1.36854499106e-19 -0.634196341038 -0.773172020912
    outer loop
      vertex 0.294968664646 0.211837217212 1.19496870041
      vertex 0.0819155722857 0.21208576858 1.19527173042
      vertex 0.29527169466 0.21208576858 1.19527173042
    endloop
  endfacet
  facet normal -0 -0.772927641869 -0.634494185448
    outer loop
      vertex 0.29527169466 0.21208576858 1.19527173042
      vertex 0.0819155722857 0.21208576858 1.19527173042
      vertex 0.295520424843 0.212388679385 1.195520401
    endloop
  endfacet
  facet normal -0 -0.772927641869 -0.634494185448
    outer loop
      vertex 0.295520424843 0.212388679385 1.195520401
      vertex 0.0819155722857 0.21208576858 1.19527173042
      vertex 0.0816126763821 0.212388679385 1.195520401
    endloop
  endfacet
  facet normal -0 -0.881730794907 -0.471752882004
    outer loop
      vertex 0.295520424843 0.212388679385 1.195520401
      vertex 0.0816126763821 0.212388679385 1.195520401
      vertex 0.295705318451 0.212734252214 1.19570529461
    endloop
  endfacet
  facet normal -0 -0.881730794907 -0.471752882004
    outer loop
      vertex 0.295705318451 0.212734252214 1.19570529461
      vertex 0.0816126763821 0.212388679385 1.195520401
      vertex 0.0812670812011 0.212734252214 1.19570529461
    endloop
  endfacet
  facet normal -0 -0.956785440445 -0.290794879198
    outer loop
      vertex 0.295705318451 0.212734252214 1.19570529461
      vertex 0.0812670812011 0.212734252214 1.19570529461
      vertex 0.295819252729 0.213109269738 1.19581925869
    endloop
  endfacet
  facet normal -0 -0.956785440445 -0.290794879198
    outer loop
      vertex 0.295819252729 0.213109269738 1.19581925869
      vertex 0.0812670812011 0.212734252214 1.19570529461
      vertex 0.0808920711279 0.213109269738 1.19581925869
    endloop
  endfacet
  facet normal -0 -0.989124059677 -0.147083669901
    outer loop
      vertex 0.295819252729 0.213109269738 1.19581925869
      vertex 0.0808920711279 0.213109269738 1.19581925869
      vertex 0.29584813118 0.213303357363 1.19584810734
    endloop
  endfacet
  facet normal 4.45910736744e-05 -0.99512809515 -0.098590195179
    outer loop
      vertex 0.29584813118 0.213303357363 1.19584810734
      vertex 0.0808920711279 0.213109269738 1.19581925869
      vertex 0.0805020406842 0.213499292731 1.1958578825
    endloop
  endfacet
  facet normal 6.78426962008e-21 -0.998760938644 -0.0497648753226
    outer loop
      vertex 0.29584813118 0.213303357363 1.19584810734
      vertex 0.0805020406842 0.213499292731 1.1958578825
      vertex 0.295857846737 0.213499292731 1.1958578825
    endloop
  endfacet
  facet normal 0 -0.999999880791 -0.000527913332917
    outer loop
      vertex 0.0385009795427 0.255500376225 1.19588005543
      vertex 0.295880019665 0.255500376225 1.19588005543
      vertex 0.0805020406842 0.213499292731 1.1958578825
    endloop
  endfacet
  facet normal 0 -0.999999880791 -0.000527913332917
    outer loop
      vertex 0.0805020406842 0.213499292731 1.1958578825
      vertex 0.295880019665 0.255500376225 1.19588005543
      vertex 0.295857846737 0.213499292731 1.1958578825
    endloop
  endfacet
  facet normal -0 -0.998891294003 -0.0470762811601
    outer loop
      vertex 0.275000989437 0.273500353098 1.1750010252
      vertex 0.0250009838492 0.273500353098 1.1750010252
      vertex 0.275019556284 0.27389267087 1.17501950264
    endloop
  endfacet
  facet normal -1.43645900152e-06 -0.998847842216 -0.0479896664619
    outer loop
      vertex 0.275019556284 0.27389267087 1.17501950264
      vertex 0.0250009838492 0.273500353098 1.1750010252
      vertex 0.0249817166477 0.273900061846 1.1750202179
    endloop
  endfacet
  facet normal 1.47230389302e-06 -0.989384591579 -0.145320773125
    outer loop
      vertex 0.275019556284 0.27389267087 1.17501950264
      vertex 0.0249817166477 0.273900061846 1.1750202179
      vertex 0.275076538324 0.274281263351 1.17507660389
    endloop
  endfacet
  facet normal -1.23752477066e-06 -0.989127457142 -0.147060617805
    outer loop
      vertex 0.275076538324 0.274281263351 1.17507660389
      vertex 0.0249817166477 0.273900061846 1.1750202179
      vertex 0.0249240864068 0.274288058281 1.17507791519
    endloop
  endfacet
  facet normal 2.78603761217e-06 -0.957330822945 -0.288994371891
    outer loop
      vertex 0.275076538324 0.274281263351 1.17507660389
      vertex 0.0249240864068 0.274288058281 1.17507791519
      vertex 0.2753033638 0.27503234148 1.17530333996
    endloop
  endfacet
  facet normal -2.39428050008e-06 -0.95684748888 -0.290590643883
    outer loop
      vertex 0.2753033638 0.27503234148 1.17530333996
      vertex 0.0249240864068 0.274288058281 1.17507791519
      vertex 0.0246963575482 0.275037825108 1.17530560493
    endloop
  endfacet
  facet normal 2.22020162255e-06 -0.882271409035 -0.470741093159
    outer loop
      vertex 0.2753033638 0.27503234148 1.17530333996
      vertex 0.0246963575482 0.275037825108 1.17530560493
      vertex 0.275672674179 0.27572453022 1.17567265034
    endloop
  endfacet
  facet normal -1.93722848962e-06 -0.881639778614 -0.471922934055
    outer loop
      vertex 0.275672674179 0.27572453022 1.17567265034
      vertex 0.0246963575482 0.275037825108 1.17530560493
      vertex 0.0243265517056 0.275728642941 1.17567539215
    endloop
  endfacet
  facet normal 1.90683942947e-06 -0.77315723896 -0.634214401245
    outer loop
      vertex 0.275672674179 0.27572453022 1.17567265034
      vertex 0.0243265517056 0.275728642941 1.17567539215
      vertex 0.276170253754 0.27633112669 1.17617022991
    endloop
  endfacet
  facet normal -1.7365647409e-06 -0.772410273552 -0.63512390852
    outer loop
      vertex 0.276170253754 0.27633112669 1.17617022991
      vertex 0.0243265517056 0.275728642941 1.17567539215
      vertex 0.0238289311528 0.276333898306 1.17617309093
    endloop
  endfacet
  facet normal 1.35750451591e-06 -0.634149074554 -0.773210823536
    outer loop
      vertex 0.276170253754 0.27633112669 1.17617022991
      vertex 0.0238289311528 0.276333898306 1.17617309093
      vertex 0.276776850224 0.276828676462 1.17677688599
    endloop
  endfacet
  facet normal -8.78438868313e-07 -0.633588731289 -0.773670017719
    outer loop
      vertex 0.276776850224 0.276828676462 1.17677688599
      vertex 0.0238289311528 0.276333898306 1.17617309093
      vertex 0.0232226699591 0.27683031559 1.17677927017
    endloop
  endfacet
  facet normal 1.34162416998e-06 -0.470780938864 -0.882250130177
    outer loop
      vertex 0.276776850224 0.276828676462 1.17677688599
      vertex 0.0232226699591 0.27683031559 1.17677927017
      vertex 0.277469038963 0.277198016644 1.17746901512
    endloop
  endfacet
  facet normal -8.95397931799e-07 -0.470138818026 -0.882592499256
    outer loop
      vertex 0.277469038963 0.277198016644 1.17746901512
      vertex 0.0232226699591 0.27683031559 1.17677927017
      vertex 0.0225311163813 0.277198761702 1.17747092247
    endloop
  endfacet
  facet normal 6.70639622058e-07 -0.289104521275 -0.957297563553
    outer loop
      vertex 0.277469038963 0.277198016644 1.17746901512
      vertex 0.0225311163813 0.277198761702 1.17747092247
      vertex 0.27822008729 0.277424812317 1.17822003365
    endloop
  endfacet
  facet normal -4.07029176586e-07 -0.288767397404 -0.957399308681
    outer loop
      vertex 0.27822008729 0.277424812317 1.17822003365
      vertex 0.0225311163813 0.277198761702 1.17747092247
      vertex 0.0217809211463 0.277425020933 1.17822110653
    endloop
  endfacet
  facet normal 4.30105785654e-07 -0.096267811954 -0.99535548687
    outer loop
      vertex 0.27822008729 0.277424812317 1.17822003365
      vertex 0.0217809211463 0.277425020933 1.17822110653
      vertex 0.279000997543 0.277500331402 1.1790009737
    endloop
  endfacet
  facet normal -0 -0.0961272642016 -0.995369076729
    outer loop
      vertex 0.279000997543 0.277500331402 1.1790009737
      vertex 0.0217809211463 0.277425020933 1.17822110653
      vertex 0.0210009794682 0.277500331402 1.1790009737
    endloop
  endfacet
  facet normal -0 -0 -1
    outer loop
      vertex 0.291964530945 0.294000357389 0.00803746003658
      vertex 0.300000995398 0.294000357389 9.89437126009e-07
      vertex 0.00803744234145 0.294000357389 0.00803746003658
    endloop
  endfacet
  facet normal 0 -0 -1
    outer loop
      vertex 0.00803744234145 0.294000357389 0.00803746003658
      vertex 0.300000995398 0.294000357389 9.89437126009e-07
      vertex 9.98377799988e-07 0.294000357389 9.89437126009e-07
    endloop
  endfacet
  facet normal -0 0 -1
    outer loop
      vertex 0.00803744234145 0.294000357389 0.00803746003658
      vertex 9.98377799988e-07 0.294000357389 9.89437126009e-07
      vertex 9.98377799988e-07 0.294000357389 1.20000100136
    endloop
  endfacet
  facet normal 0 0 -1
    outer loop
      vertex 0.291964530945 0.294000357389 0.00803746003658
      vertex 0.291964530945 0.294000357389 1.1919645071
      vertex 0.300000995398 0.294000357389 9.89437126009e-07
    endloop
  endfacet
  facet normal 0 0 -1
    outer loop
      vertex 0.300000995398 0.294000357389 9.89437126009e-07
      vertex 0.291964530945 0.294000357389 1.1919645071
      vertex 0.300000995398 0.294000357389 1.20000100136
    endloop
  endfacet
  facet normal 0 0 -1
    outer loop
      vertex 0.300000995398 0.294000357389 1.20000100136
      vertex 0.291964530945 0.294000357389 1.1919645071
      vertex 0.00803744234145 0.294000357389 1.1919645071
    endloop
  endfacet
  facet normal -0 0 -1
    outer loop
      vertex 0.300000995398 0.294000357389 1.20000100136
      vertex 0.00803744234145 0.294000357389 1.1919645071
      vertex 9.98377799988e-07 0.294000357389 1.20000100136
    endloop
  endfacet
  facet normal 0 0 -1
    outer loop
      vertex 9.98377799988e-07 0.294000357389 1.20000100136
      vertex 0.00803744234145 0.294000357389 1.1919645071
      vertex 0.00803744234145 0.294000357389 0.00803746003658
    endloop
  endfacet
endsolid "E12004216"
