  0
SECTION
  2
HEADER
  9
$ACADVER
  1
AC1032
  9
$ACADMAINTVER
 90
      232
  9
$DWGCODEPAGE
  3
ANSI_1252
  9
$LASTSAVEDBY
  1
godoyj
  9
$REQUIREDVERSIONS
160
                 0
  9
$INSBASE
 10
0.0
 20
0.0
 30
0.0
  9
$EXTMIN
 10
1.000000000000000E+20
 20
1.000000000000000E+20
 30
1.000000000000000E+20
  9
$EXTMAX
 10
0.0
 20
0.0
 30
0.0
  9
$LIMMIN
 10
0.0
 20
0.0
  9
$LIMMAX
 10
12.0
 20
9.0
  9
$ORTHOMODE
 70
     1
  9
$REGENMODE
 70
     1
  9
$FILLMODE
 70
     1
  9
$QTEXTMODE
 70
     0
  9
$MIRRTEXT
 70
     1
  9
$LTSCALE
 40
1.0
  9
$ATTMODE
 70
     1
  9
$TEXTSIZE
 40
0.2
  9
$TRACEWID
 40
0.05
  9
$TEXTSTYLE
  7
Standard
  9
$CLAYER
  8
0
  9
$CELTYPE
  6
ByBlock
  9
$CECOLOR
 62
   256
  9
$CELTSCALE
 40
1.0
  9
$DISPSILH
 70
     0
  9
$DIMSCALE
 40
1.0
  9
$DIMASZ
 40
0.18
  9
$DIMEXO
 40
0.0625
  9
$DIMDLI
 40
0.38
  9
$DIMRND
 40
0.0
  9
$DIMDLE
 40
0.0
  9
$DIMEXE
 40
0.18
  9
$DIMTP
 40
0.0
  9
$DIMTM
 40
0.0
  9
$DIMTXT
 40
0.18
  9
$DIMCEN
 40
0.09
  9
$DIMTSZ
 40
0.0
  9
$DIMTOL
 70
     0
  9
$DIMLIM
 70
     0
  9
$DIMTIH
 70
     1
  9
$DIMTOH
 70
     1
  9
$DIMSE1
 70
     0
  9
$DIMSE2
 70
     0
  9
$DIMTAD
 70
     0
  9
$DIMZIN
 70
     0
  9
$DIMBLK
  1

  9
$DIMASO
 70
     1
  9
$DIMSHO
 70
     1
  9
$DIMPOST
  1

  9
$DIMAPOST
  1

  9
$DIMALT
 70
     0
  9
$DIMALTD
 70
     2
  9
$DIMALTF
 40
25.4
  9
$DIMLFAC
 40
1.0
  9
$DIMTOFL
 70
     0
  9
$DIMTVP
 40
0.0
  9
$DIMTIX
 70
     0
  9
$DIMSOXD
 70
     0
  9
$DIMSAH
 70
     0
  9
$DIMBLK1
  1

  9
$DIMBLK2
  1

  9
$DIMSTYLE
  2
Standard
  9
$DIMCLRD
 70
     0
  9
$DIMCLRE
 70
     0
  9
$DIMCLRT
 70
     0
  9
$DIMTFAC
 40
1.0
  9
$DIMGAP
 40
0.09
  9
$DIMJUST
 70
     0
  9
$DIMSD1
 70
     0
  9
$DIMSD2
 70
     0
  9
$DIMTOLJ
 70
     1
  9
$DIMTZIN
 70
     0
  9
$DIMALTZ
 70
     0
  9
$DIMALTTZ
 70
     0
  9
$DIMUPT
 70
     0
  9
$DIMDEC
 70
     4
  9
$DIMTDEC
 70
     4
  9
$DIMALTU
 70
     2
  9
$DIMALTTD
 70
     2
  9
$DIMTXSTY
  7
Standard
  9
$DIMAUNIT
 70
     0
  9
$DIMADEC
 70
     0
  9
$DIMALTRND
 40
0.0
  9
$DIMAZIN
 70
     0
  9
$DIMDSEP
 70
    46
  9
$DIMATFIT
 70
     3
  9
$DIMFRAC
 70
     0
  9
$DIMLDRBLK
  1

  9
$DIMLUNIT
 70
     2
  9
$DIMLWD
 70
    -2
  9
$DIMLWE
 70
    -2
  9
$DIMTMOVE
 70
     2
  9
$DIMFXL
 40
1.0
  9
$DIMFXLON
 70
     0
  9
$DIMJOGANG
 40
0.7853981633974483
  9
$DIMTFILL
 70
     0
  9
$DIMTFILLCLR
 70
     0
  9
$DIMARCSYM
 70
     0
  9
$DIMLTYPE
  6

  9
$DIMLTEX1
  6

  9
$DIMLTEX2
  6

  9
$DIMTXTDIRECTION
 70
     0
  9
$LUNITS
 70
     2
  9
$LUPREC
 70
     4
  9
$SKETCHINC
 40
0.1
  9
$FILLETRAD
 40
0.5
  9
$AUNITS
 70
     0
  9
$AUPREC
 70
     0
  9
$MENU
  1
.
  9
$ELEVATION
 40
0.0
  9
$PELEVATION
 40
0.0
  9
$THICKNESS
 40
0.0
  9
$LIMCHECK
 70
     0
  9
$CHAMFERA
 40
0.0
  9
$CHAMFERB
 40
0.0
  9
$CHAMFERC
 40
0.0
  9
$CHAMFERD
 40
0.0
  9
$SKPOLY
 70
     0
  9
$TDCREATE
 40
2460318.647245370
  9
$TDUCREATE
 40
2460318.605586759
  9
$TDUPDATE
 40
2460318.713842593
  9
$TDUUPDATE
 40
2460318.672175926
  9
$TDINDWG
 40
0.0033217708
  9
$TDUSRTIMER
 40
0.0033217708
  9
$USRTIMER
 70
     1
  9
$ANGBASE
 50
0.0
  9
$ANGDIR
 70
     0
  9
$PDMODE
 70
     0
  9
$PDSIZE
 40
0.0
  9
$PLINEWID
 40
0.0
  9
$SPLFRAME
 70
     0
  9
$SPLINETYPE
 70
     6
  9
$SPLINESEGS
 70
     8
  9
$HANDSEED
  5
586
  9
$SURFTAB1
 70
     6
  9
$SURFTAB2
 70
     6
  9
$SURFTYPE
 70
     6
  9
$SURFU
 70
     6
  9
$SURFV
 70
     6
  9
$UCSBASE
  2

  9
$UCSNAME
  2

  9
$UCSORG
 10
0.0
 20
0.0
 30
0.0
  9
$UCSXDIR
 10
1.0
 20
0.0
 30
0.0
  9
$UCSYDIR
 10
0.0
 20
1.0
 30
0.0
  9
$UCSORTHOREF
  2

  9
$UCSORTHOVIEW
 70
     0
  9
$UCSORGTOP
 10
0.0
 20
0.0
 30
0.0
  9
$UCSORGBOTTOM
 10
0.0
 20
0.0
 30
0.0
  9
$UCSORGLEFT
 10
0.0
 20
0.0
 30
0.0
  9
$UCSORGRIGHT
 10
0.0
 20
0.0
 30
0.0
  9
$UCSORGFRONT
 10
0.0
 20
0.0
 30
0.0
  9
$UCSORGBACK
 10
0.0
 20
0.0
 30
0.0
  9
$PUCSBASE
  2

  9
$PUCSNAME
  2

  9
$PUCSORG
 10
0.0
 20
0.0
 30
0.0
  9
$PUCSXDIR
 10
1.0
 20
0.0
 30
0.0
  9
$PUCSYDIR
 10
0.0
 20
1.0
 30
0.0
  9
$PUCSORTHOREF
  2

  9
$PUCSORTHOVIEW
 70
     0
  9
$PUCSORGTOP
 10
0.0
 20
0.0
 30
0.0
  9
$PUCSORGBOTTOM
 10
0.0
 20
0.0
 30
0.0
  9
$PUCSORGLEFT
 10
0.0
 20
0.0
 30
0.0
  9
$PUCSORGRIGHT
 10
0.0
 20
0.0
 30
0.0
  9
$PUCSORGFRONT
 10
0.0
 20
0.0
 30
0.0
  9
$PUCSORGBACK
 10
0.0
 20
0.0
 30
0.0
  9
$USERI1
 70
     0
  9
$USERI2
 70
     0
  9
$USERI3
 70
     0
  9
$USERI4
 70
     0
  9
$USERI5
 70
     0
  9
$USERR1
 40
0.0
  9
$USERR2
 40
0.0
  9
$USERR3
 40
0.0
  9
$USERR4
 40
0.0
  9
$USERR5
 40
0.0
  9
$WORLDVIEW
 70
     1
  9
$SHADEDGE
 70
     3
  9
$SHADEDIF
 70
    70
  9
$TILEMODE
 70
     1
  9
$MAXACTVP
 70
    64
  9
$PINSBASE
 10
0.0
 20
0.0
 30
0.0
  9
$PLIMCHECK
 70
     0
  9
$PEXTMIN
 10
1.000000000000000E+20
 20
1.000000000000000E+20
 30
1.000000000000000E+20
  9
$PEXTMAX
 10
-1.000000000000000E+20
 20
-1.000000000000000E+20
 30
-1.000000000000000E+20
  9
$PLIMMIN
 10
0.0
 20
0.0
  9
$PLIMMAX
 10
12.0
 20
9.0
  9
$UNITMODE
 70
     0
  9
$VISRETAIN
 70
     1
  9
$PLINEGEN
 70
     0
  9
$PSLTSCALE
 70
     1
  9
$TREEDEPTH
 70
  3020
  9
$CMLSTYLE
  2
Standard
  9
$CMLJUST
 70
     0
  9
$CMLSCALE
 40
1.0
  9
$PROXYGRAPHICS
 70
     1
  9
$MEASUREMENT
 70
     0
  9
$CELWEIGHT
370
    -1
  9
$ENDCAPS
280
     0
  9
$JOINSTYLE
280
     0
  9
$LWDISPLAY
290
     0
  9
$INSUNITS
 70
     0
  9
$HYPERLINKBASE
  1

  9
$STYLESHEET
  1

  9
$XEDIT
290
     1
  9
$CEPSNTYPE
380
     0
  9
$PSTYLEMODE
290
     1
  9
$FINGERPRINTGUID
  2
{8169274D-6E59-5B44-B6DC-E6BA4FAFEAB7}
  9
$VERSIONGUID
  2
{17259D11-59A5-D246-B51E-0C052306D0E9}
  9
$EXTNAMES
290
     1
  9
$PSVPSCALE
 40
0.0
  9
$OLESTARTUP
290
     0
  9
$SORTENTS
280
   127
  9
$INDEXCTL
280
     0
  9
$HIDETEXT
280
     1
  9
$XCLIPFRAME
280
     2
  9
$HALOGAP
280
     0
  9
$OBSCOLOR
 70
   257
  9
$OBSLTYPE
280
     0
  9
$INTERSECTIONDISPLAY
280
     0
  9
$INTERSECTIONCOLOR
 70
   257
  9
$DIMASSOC
280
     2
  9
$PROJECTNAME
  1

  9
$CAMERADISPLAY
290
     0
  9
$LENSLENGTH
 40
50.0
  9
$CAMERAHEIGHT
 40
0.0
  9
$STEPSPERSEC
 40
2.0
  9
$STEPSIZE
 40
6.0
  9
$3DDWFPREC
 40
2.0
  9
$PSOLWIDTH
 40
0.25
  9
$PSOLHEIGHT
 40
4.0
  9
$LOFTANG1
 40
1.570796326794896
  9
$LOFTANG2
 40
1.570796326794896
  9
$LOFTMAG1
 40
0.0
  9
$LOFTMAG2
 40
0.0
  9
$LOFTPARAM
 70
     7
  9
$LOFTNORMALS
280
     1
  9
$LATITUDE
 40
37.795
  9
$LONGITUDE
 40
-122.394
  9
$NORTHDIRECTION
 40
0.0
  9
$TIMEZONE
 70
 -8000
  9
$LIGHTGLYPHDISPLAY
280
     1
  9
$TILEMODELIGHTSYNCH
280
     1
  9
$CMATERIAL
347
54D
  9
$SOLIDHIST
280
     0
  9
$SHOWHIST
280
     1
  9
$DWFFRAME
280
     2
  9
$DGNFRAME
280
     0
  9
$REALWORLDSCALE
290
     1
  9
$INTERFERECOLOR
 62
     1
  9
$INTERFEREOBJVS
345
561
  9
$INTERFEREVPVS
346
562
  9
$CSHADOW
280
     0
  9
$SHADOWPLANELOCATION
 40
0.0
  0
ENDSEC
  0
SECTION
  2
CLASSES
  0
CLASS
  1
ACDBDICTIONARYWDFLT
  2
AcDbDictionaryWithDefault
  3
ObjectDBX Classes
 90
        0
 91
        1
280
     0
281
     0
  0
CLASS
  1
MATERIAL
  2
AcDbMaterial
  3
ObjectDBX Classes
 90
     1153
 91
        3
280
     0
281
     0
  0
CLASS
  1
SCALE
  2
AcDbScale
  3
ObjectDBX Classes
 90
     1153
 91
       33
280
     0
281
     0
  0
CLASS
  1
VISUALSTYLE
  2
AcDbVisualStyle
  3
ObjectDBX Classes
 90
     4095
 91
        3
280
     0
281
     0
  0
CLASS
  1
TABLESTYLE
  2
AcDbTableStyle
  3
ObjectDBX Classes
 90
     4095
 91
        1
280
     0
281
     0
  0
CLASS
  1
MLEADERSTYLE
  2
AcDbMLeaderStyle
  3
ACDB_MLEADERSTYLE_CLASS
 90
     4095
 91
        0
280
     0
281
     0
  0
CLASS
  1
DICTIONARYVAR
  2
AcDbDictionaryVar
  3
ObjectDBX Classes
 90
        0
 91
       10
280
     0
281
     0
  0
CLASS
  1
CELLSTYLEMAP
  2
AcDbCellStyleMap
  3
ObjectDBX Classes
 90
     1152
 91
        1
280
     0
281
     0
  0
CLASS
  1
ACDBSECTIONVIEWSTYLE
  2
AcDbSectionViewStyle
  3
ObjectDBX Classes
 90
     1025
 91
        0
280
     0
281
     0
  0
CLASS
  1
ACDBDETAILVIEWSTYLE
  2
AcDbDetailViewStyle
  3
ObjectDBX Classes
 90
     1025
 91
        0
280
     0
281
     0
  0
CLASS
  1
SOLID_BACKGROUND
  2
AcDbSolidBackground
  3
SCENEOE
 90
     4095
 91
        0
280
     0
281
     0
  0
CLASS
  1
NPOCOLLECTION
  2
AcDbImpNonPersistentObjectsCollection
  3
ObjectDBX Classes
 90
     1153
 91
        0
280
     0
281
     0
  0
ENDSEC
  0
SECTION
  2
TABLES
  0
TABLE
  2
VPORT
  5
53F
102
{ACAD_XDICTIONARY
360
544
102
}
330
0
100
AcDbSymbolTable
 70
     1
1001
ACAD
1000
DbSaveVer
1071
      282
  0
VPORT
  5
540
330
53F
100
AcDbSymbolTableRecord
100
AcDbViewportTableRecord
  2
*Active
 70
     0
 10
0.0
 20
0.0
 11
1.0
 21
1.0
 12
-0.2070544496571891
 22
0.0435261676483798
 13
0.0
 23
0.0
 14
0.5
 24
0.5
 15
0.5
 25
0.5
 16
0.0
 26
-0.0000000000000003
 36
6.316209477756253
 17
0.1570781551988013
 27
-0.3178149405550614
 37
-0.1954696582370916
 40
2.62101800290954
 41
3.079422382671479
 42
50.0
 43
0.0
 44
0.0
 50
0.0
 51
0.0
 71
     0
 72
   100
 73
     1
 74
     3
 75
     0
 76
     0
 77
     0
 78
     0
281
     0
 65
     1
110
0.0
120
0.0
130
0.0
111
1.0
121
0.0
131
0.0
112
0.0
122
1.0
132
0.0
 79
     0
146
0.0
348
541
 60
     3
 61
     5
292
     1
282
     1
141
0.0
142
0.0
 63
   250
421
  3355443
1001
ACAD_NAV_VCDISPLAY
1070
     3
  0
ENDTAB
  0
TABLE
  2
LTYPE
  5
53A
330
0
100
AcDbSymbolTable
 70
     1
  0
LTYPE
  5
53B
330
53A
100
AcDbSymbolTableRecord
100
AcDbLinetypeTableRecord
  2
ByBlock
 70
     0
  3

 72
    65
 73
     0
 40
0.0
  0
LTYPE
  5
53C
330
53A
100
AcDbSymbolTableRecord
100
AcDbLinetypeTableRecord
  2
ByLayer
 70
     0
  3

 72
    65
 73
     0
 40
0.0
  0
LTYPE
  5
E
330
53A
100
AcDbSymbolTableRecord
100
AcDbLinetypeTableRecord
  2
Continuous
 70
     0
  3
Solid line
 72
    65
 73
     0
 40
0.0
  0
ENDTAB
  0
TABLE
  2
LAYER
  5
536
330
0
100
AcDbSymbolTable
 70
     1
  0
LAYER
  5
4
102
{ACAD_XDICTIONARY
360
5
102
}
330
536
100
AcDbSymbolTableRecord
100
AcDbLayerTableRecord
  2
0
 70
     0
 62
     7
  6
Continuous
370
    -3
390
7
347
A
348
0
  0
ENDTAB
  0
TABLE
  2
STYLE
  5
537
330
0
100
AcDbSymbolTable
 70
     1
  0
STYLE
  5
538
330
537
100
AcDbSymbolTableRecord
100
AcDbTextStyleTableRecord
  2
Standard
 70
     0
 40
0.0
 41
1.0
 50
0.0
 71
     0
 42
0.2
  3
txt
  4

  0
ENDTAB
  0
TABLE
  2
VIEW
  5
53D
330
0
100
AcDbSymbolTable
 70
     0
  0
ENDTAB
  0
TABLE
  2
UCS
  5
53E
330
0
100
AcDbSymbolTable
 70
     0
  0
ENDTAB
  0
TABLE
  2
APPID
  5
546
330
0
100
AcDbSymbolTable
 70
     2
  0
APPID
  5
545
330
546
100
AcDbSymbolTableRecord
100
AcDbRegAppTableRecord
  2
ACAD
 70
     0
  0
APPID
  5
543
330
546
100
AcDbSymbolTableRecord
100
AcDbRegAppTableRecord
  2
ACAD_NAV_VCDISPLAY
 70
     0
  0
ENDTAB
  0
TABLE
  2
DIMSTYLE
  5
547
330
0
100
AcDbSymbolTable
 70
     1
100
AcDbDimStyleTable
 71
     1
340
548
  0
DIMSTYLE
105
548
330
547
100
AcDbSymbolTableRecord
100
AcDbDimStyleTableRecord
  2
Standard
 70
     0
340
538
  0
ENDTAB
  0
TABLE
  2
BLOCK_RECORD
  5
1
330
0
100
AcDbSymbolTable
 70
     0
  0
BLOCK_RECORD
  5
2
330
1
100
AcDbSymbolTableRecord
100
AcDbBlockTableRecord
  2
*Model_Space
340
530
 70
     0
280
     1
281
     0
  0
BLOCK_RECORD
  5
532
330
1
100
AcDbSymbolTableRecord
100
AcDbBlockTableRecord
  2
*Paper_Space
340
535
 70
     0
280
     1
281
     0
  0
ENDTAB
  0
ENDSEC
  0
SECTION
  2
BLOCKS
  0
BLOCK
  5
3
330
2
100
AcDbEntity
  8
0
100
AcDbBlockBegin
  2
*Model_Space
 70
     0
 10
0.0
 20
0.0
 30
0.0
  3
*Model_Space
  1

  0
ENDBLK
  5
52F
330
2
100
AcDbEntity
  8
0
100
AcDbBlockEnd
  0
BLOCK
  5
533
330
532
100
AcDbEntity
 67
     1
  8
0
100
AcDbBlockBegin
  2
*Paper_Space
 70
     0
 10
0.0
 20
0.0
 30
0.0
  3
*Paper_Space
  1

  0
ENDBLK
  5
534
330
532
100
AcDbEntity
 67
     1
  8
0
100
AcDbBlockEnd
  0
ENDSEC
  0
SECTION
  2
ENTITIES
  0
3DFACE
  5
F
330
2
100
AcDbEntity
  8
0
100
AcDbFace
 10
-0.045906
 20
-0.0011410000000002
 30
0.014195
 11
-0.05877
 21
-0.0224670000000002
 31
0.014195
 12
-0.05877
 22
0.0175329999999999
 32
0.014195
 13
-0.05877
 23
0.0175329999999999
 33
0.014195
  0
3DFACE
  5
10
330
2
100
AcDbEntity
  8
0
100
AcDbFace
 10
-0.045906
 20
-0.0011410000000002
 30
0.014195
 11
-0.05877
 21
0.0175329999999999
 31
0.014195
 12
-0.037944
 22
0.0041689999999998
 32
0.014195
 13
-0.037944
 23
0.0041689999999998
 33
0.014195
  0
3DFACE
  5
11
330
2
100
AcDbEntity
  8
0
100
AcDbFace
 10
-0.037944
 20
0.0041689999999998
 30
0.014195
 11
-0.05877
 21
0.0175329999999999
 31
0.014195
 12
0.01123
 22
0.0175329999999999
 32
0.014195
 13
0.01123
 23
0.0175329999999999
 33
0.014195
  0
3DFACE
  5
12
330
2
100
AcDbEntity
  8
0
100
AcDbFace
 10
-0.037944
 20
0.0041689999999998
 30
0.014195
 11
0.01123
 21
0.0175329999999999
 31
0.014195
 12
-0.032085
 22
-0.001044
 32
0.014195
 13
-0.032085
 23
-0.001044
 33
0.014195
  0
3DFACE
  5
13
330
2
100
AcDbEntity
  8
0
100
AcDbFace
 10
-0.032085
 20
-0.001044
 30
0.014195
 11
0.01123
 21
0.0175329999999999
 31
0.014195
 12
0.01473
 22
-0.0224670000000002
 32
0.014195
 13
0.01473
 23
-0.0224670000000002
 33
0.014195
  0
3DFACE
  5
14
330
2
100
AcDbEntity
  8
0
100
AcDbFace
 10
-0.032085
 20
-0.001044
 30
0.014195
 11
0.01473
 21
-0.0224670000000002
 31
0.014195
 12
-0.035516
 22
-0.008096
 32
0.014195
 13
-0.035516
 23
-0.008096
 33
0.014195
  0
3DFACE
  5
15
330
2
100
AcDbEntity
  8
0
100
AcDbFace
 10
-0.035516
 20
-0.008096
 30
0.014195
 11
0.01473
 21
-0.0224670000000002
 31
0.014195
 12
-0.05877
 22
-0.0224670000000002
 32
0.014195
 13
-0.05877
 23
-0.0224670000000002
 33
0.014195
  0
3DFACE
  5
16
330
2
100
AcDbEntity
  8
0
100
AcDbFace
 10
-0.035516
 20
-0.008096
 30
0.014195
 11
-0.05877
 21
-0.0224670000000002
 31
0.014195
 12
-0.043345
 22
-0.0085530000000001
 32
0.014195
 13
-0.043345
 23
-0.0085530000000001
 33
0.014195
  0
3DFACE
  5
17
330
2
100
AcDbEntity
  8
0
100
AcDbFace
 10
-0.043345
 20
-0.0085530000000001
 30
0.014195
 11
-0.05877
 21
-0.0224670000000002
 31
0.014195
 12
-0.045906
 22
-0.0011410000000002
 32
0.014195
 13
-0.045906
 23
-0.0011410000000002
 33
0.014195
  0
3DFACE
  5
18
330
2
100
AcDbEntity
  8
0
100
AcDbFace
 10
0.01823
 20
0.0175329999999999
 30
0.014195
 11
0.09123
 21
0.0175329999999999
 31
0.014195
 12
0.01473
 22
-0.0224670000000002
 32
0.014195
 13
0.01473
 23
-0.0224670000000002
 33
0.014195
  0
3DFACE
  5
19
330
2
100
AcDbEntity
  8
0
100
AcDbFace
 10
0.01473
 20
-0.0224670000000002
 30
0.014195
 11
0.09123
 21
0.0175329999999999
 31
0.014195
 12
0.09123
 22
-0.0224670000000002
 32
0.014195
 13
0.09123
 23
-0.0224670000000002
 33
0.014195
  0
3DFACE
  5
1A
330
2
100
AcDbEntity
  8
0
100
AcDbFace
 10
-0.030873
 20
0.0175329999999999
 30
0.040637
 11
-0.031022
 21
0.0175329999999999
 31
0.027559
 12
-0.039643
 22
0.0175329999999999
 32
0.037529
 13
-0.039643
 23
0.0175329999999999
 33
0.037529
  0
3DFACE
  5
1B
330
2
100
AcDbEntity
  8
0
100
AcDbFace
 10
-0.039643
 20
0.0175329999999999
 30
0.037529
 11
-0.031022
 21
0.0175329999999999
 31
0.027559
 12
-0.038236
 22
0.0175329999999999
 32
0.028723
 13
-0.038236
 23
0.0175329999999999
 33
0.028723
  0
3DFACE
  5
1C
330
2
100
AcDbEntity
  8
0
100
AcDbFace
 10
-0.031022
 20
0.0175329999999999
 30
0.027559
 11
-0.030873
 21
0.0175329999999999
 31
0.040637
 12
-0.026649
 22
0.0175329999999999
 32
0.033258
 13
-0.026649
 23
0.0175329999999999
 33
0.033258
  0
3DFACE
  5
1D
330
2
100
AcDbEntity
  8
0
100
AcDbFace
 10
0.934501
 20
0.0116849999999996
 30
0.0541950000000001
 11
0.9390709999999998
 21
0.0160799999999997
 31
0.0541950000000001
 12
0.8987009999999997
 22
0.0175329999999999
 32
0.0541950000000001
 13
0.8987009999999997
 23
0.0175329999999999
 33
0.0541950000000001
  0
3DFACE
  5
1E
330
2
100
AcDbEntity
  8
0
100
AcDbFace
 10
0.934501
 20
0.0116849999999996
 30
0.0541950000000001
 11
0.8987009999999997
 21
0.0175329999999999
 31
0.0541950000000001
 12
0.9269199999999999
 22
0.0025329999999995
 32
0.0541950000000001
 13
0.9269199999999999
 23
0.0025329999999995
 33
0.0541950000000001
  0
3DFACE
  5
1F
330
2
100
AcDbEntity
  8
0
100
AcDbFace
 10
0.9269199999999999
 20
0.0025329999999995
 30
0.0541950000000001
 11
0.8987009999999997
 21
0.0175329999999999
 31
0.0541950000000001
 12
0.901201
 22
-0.0224670000000006
 32
0.0541950000000001
 13
0.901201
 23
-0.0224670000000006
 33
0.0541950000000001
  0
3DFACE
  5
20
330
2
100
AcDbEntity
  8
0
100
AcDbFace
 10
0.9269199999999999
 20
0.0025329999999995
 30
0.0541950000000001
 11
0.901201
 21
-0.0224670000000006
 31
0.0541950000000001
 12
0.92705
 22
-0.0084920000000004
 32
0.0541950000000001
 13
0.92705
 23
-0.0084920000000004
 33
0.0541950000000001
  0
3DFACE
  5
21
330
2
100
AcDbEntity
  8
0
100
AcDbFace
 10
0.92705
 20
-0.0084920000000004
 30
0.0541950000000001
 11
0.901201
 21
-0.0224670000000006
 31
0.0541950000000001
 12
0.934501
 22
-0.0166180000000006
 32
0.0541950000000001
 13
0.934501
 23
-0.0166180000000006
 33
0.0541950000000001
  0
3DFACE
  5
22
330
2
100
AcDbEntity
  8
0
100
AcDbFace
 10
0.934501
 20
-0.0166180000000006
 30
0.0541950000000001
 11
0.901201
 21
-0.0224670000000006
 31
0.0541950000000001
 12
0.9412299999999998
 22
-0.0207000000000005
 32
0.0541950000000001
 13
0.9412299999999998
 23
-0.0207000000000005
 33
0.0541950000000001
  0
3DFACE
  5
23
330
2
100
AcDbEntity
  8
0
100
AcDbFace
 10
0.1312300000000001
 20
0.0157599999999998
 30
-0.7440000000000003
 11
0.13123
 21
0.0175329999999999
 31
0.014195
 12
0.1312300000000001
 22
0.0124479999999999
 32
-0.736611
 13
0.1312300000000001
 23
0.0124479999999999
 33
-0.736611
  0
3DFACE
  5
24
330
2
100
AcDbEntity
  8
0
100
AcDbFace
 10
0.1312300000000001
 20
0.0124479999999999
 30
-0.736611
 11
0.13123
 21
0.0175329999999999
 31
0.014195
 12
0.1312300000000001
 22
0.0019789999999998
 32
-0.72695
 13
0.1312300000000001
 23
0.0019789999999998
 33
-0.72695
  0
3DFACE
  5
25
330
2
100
AcDbEntity
  8
0
100
AcDbFace
 10
0.1312300000000001
 20
0.0019789999999998
 30
-0.72695
 11
0.13123
 21
0.0175329999999999
 31
0.014195
 12
0.13123
 22
-0.0224670000000002
 32
0.014195
 13
0.13123
 23
-0.0224670000000002
 33
0.014195
  0
3DFACE
  5
26
330
2
100
AcDbEntity
  8
0
100
AcDbFace
 10
0.1312300000000001
 20
0.0019789999999998
 30
-0.72695
 11
0.13123
 21
-0.0224670000000002
 31
0.014195
 12
0.1312300000000001
 22
-0.0224670000000002
 32
-0.7258050000000002
 13
0.1312300000000001
 23
-0.0224670000000002
 33
-0.7258050000000002
  0
3DFACE
  5
27
330
2
100
AcDbEntity
  8
0
100
AcDbFace
 10
0.0912300000000001
 20
0.0157599999999998
 30
-0.7440000000000003
 11
0.0912300000000001
 21
0.0124479999999999
 31
-0.736611
 12
0.09123
 22
0.0175329999999999
 32
0.014195
 13
0.09123
 23
0.0175329999999999
 33
0.014195
  0
3DFACE
  5
28
330
2
100
AcDbEntity
  8
0
100
AcDbFace
 10
0.0912300000000001
 20
0.0124479999999999
 30
-0.736611
 11
0.0912300000000001
 21
0.0019789999999998
 31
-0.72695
 12
0.09123
 22
0.0175329999999999
 32
0.014195
 13
0.09123
 23
0.0175329999999999
 33
0.014195
  0
3DFACE
  5
29
330
2
100
AcDbEntity
  8
0
100
AcDbFace
 10
0.09123
 20
0.0175329999999999
 30
0.014195
 11
0.0912300000000001
 21
0.0019789999999998
 31
-0.72695
 12
0.09123
 22
-0.0224670000000002
 32
0.014195
 13
0.09123
 23
-0.0224670000000002
 33
0.014195
  0
3DFACE
  5
2A
330
2
100
AcDbEntity
  8
0
100
AcDbFace
 10
0.09123
 20
-0.0224670000000002
 30
0.014195
 11
0.0912300000000001
 21
0.0019789999999998
 31
-0.72695
 12
0.0912300000000001
 22
-0.0224670000000002
 32
-0.7258050000000002
 13
0.0912300000000001
 23
-0.0224670000000002
 33
-0.7258050000000002
  0
3DFACE
  5
2B
330
2
100
AcDbEntity
  8
0
100
AcDbFace
 10
0.0912300000000001
 20
0.0019789999999998
 30
-0.72695
 11
0.0412300000000001
 21
0.0006629999999999
 31
-0.726464
 12
0.0412300000000001
 22
-0.0114310000000002
 32
-0.7288800000000001
 13
0.0412300000000001
 23
-0.0114310000000002
 33
-0.7288800000000001
  0
3DFACE
  5
2C
330
2
100
AcDbEntity
  8
0
100
AcDbFace
 10
0.0912300000000001
 20
0.0019789999999998
 30
-0.72695
 11
0.0412300000000001
 21
-0.0114310000000002
 31
-0.7288800000000001
 12
0.1312300000000001
 22
0.0019789999999998
 32
-0.72695
 13
0.1312300000000001
 23
0.0019789999999998
 33
-0.72695
  0
3DFACE
  5
2D
330
2
100
AcDbEntity
  8
0
100
AcDbFace
 10
0.1312300000000001
 20
0.0019789999999998
 30
-0.72695
 11
0.0412300000000001
 21
-0.0114310000000002
 31
-0.7288800000000001
 12
0.268675
 22
-0.0024670000000002
 32
-0.725474
 13
0.268675
 23
-0.0024670000000002
 33
-0.725474
  0
3DFACE
  5
2E
330
2
100
AcDbEntity
  8
0
100
AcDbFace
 10
0.0412300000000001
 20
0.0006629999999999
 30
-0.726464
 11
0.0912300000000001
 21
0.0019789999999998
 31
-0.72695
 12
0.0412300000000001
 22
0.0109239999999998
 32
-0.7333070000000001
 13
0.0412300000000001
 23
0.0109239999999998
 33
-0.7333070000000001
  0
3DFACE
  5
2F
330
2
100
AcDbEntity
  8
0
100
AcDbFace
 10
0.0412300000000001
 20
0.0109239999999998
 30
-0.7333070000000001
 11
0.0912300000000001
 21
0.0019789999999998
 31
-0.72695
 12
0.0912300000000001
 22
0.0124479999999999
 32
-0.736611
 13
0.0912300000000001
 23
0.0124479999999999
 33
-0.736611
  0
3DFACE
  5
30
330
2
100
AcDbEntity
  8
0
100
AcDbFace
 10
0.0412300000000001
 20
0.0109239999999998
 30
-0.7333070000000001
 11
0.0912300000000001
 21
0.0124479999999999
 31
-0.736611
 12
0.0412300000000001
 22
0.0133399999999999
 32
-0.7454
 13
0.0412300000000001
 23
0.0133399999999999
 33
-0.7454
  0
3DFACE
  5
31
330
2
100
AcDbEntity
  8
0
100
AcDbFace
 10
0.0412300000000001
 20
0.0133399999999999
 30
-0.7454
 11
0.0912300000000001
 21
0.0124479999999999
 31
-0.736611
 12
0.0912300000000001
 22
0.0157599999999998
 32
-0.7440000000000003
 13
0.0912300000000001
 23
0.0157599999999998
 33
-0.7440000000000003
  0
3DFACE
  5
32
330
2
100
AcDbEntity
  8
0
100
AcDbFace
 10
0.0412300000000001
 20
0.0133399999999999
 30
-0.7454
 11
0.0912300000000001
 21
0.0157599999999998
 31
-0.7440000000000003
 12
0.1312300000000001
 22
0.0157599999999998
 32
-0.7440000000000003
 13
0.1312300000000001
 23
0.0157599999999998
 33
-0.7440000000000003
  0
3DFACE
  5
33
330
2
100
AcDbEntity
  8
0
100
AcDbFace
 10
0.0412300000000001
 20
0.0133399999999999
 30
-0.7454
 11
0.1312300000000001
 21
0.0157599999999998
 31
-0.7440000000000003
 12
0.2786599999999999
 22
0.0122349999999997
 32
-0.747732
 13
0.2786599999999999
 23
0.0122349999999997
 33
-0.747732
  0
3DFACE
  5
34
330
2
100
AcDbEntity
  8
0
100
AcDbFace
 10
0.2786599999999999
 20
0.0122349999999997
 30
-0.747732
 11
0.1312300000000001
 21
0.0157599999999998
 31
-0.7440000000000003
 12
0.2932830000000001
 22
0.0131989999999999
 32
-0.733085
 13
0.2932830000000001
 23
0.0131989999999999
 33
-0.733085
  0
3DFACE
  5
35
330
2
100
AcDbEntity
  8
0
100
AcDbFace
 10
0.2932830000000001
 20
0.0131989999999999
 30
-0.733085
 11
0.1312300000000001
 21
0.0157599999999998
 31
-0.7440000000000003
 12
0.1312300000000001
 22
0.0124479999999999
 32
-0.736611
 13
0.1312300000000001
 23
0.0124479999999999
 33
-0.736611
  0
3DFACE
  5
36
330
2
100
AcDbEntity
  8
0
100
AcDbFace
 10
0.2932830000000001
 20
0.0131989999999999
 30
-0.733085
 11
0.1312300000000001
 21
0.0124479999999999
 31
-0.736611
 12
0.260986
 22
0.0076499999999997
 32
-0.7297940000000001
 13
0.260986
 23
0.0076499999999997
 33
-0.7297940000000001
  0
3DFACE
  5
37
330
2
100
AcDbEntity
  8
0
100
AcDbFace
 10
0.260986
 20
0.0076499999999997
 30
-0.7297940000000001
 11
0.1312300000000001
 21
0.0124479999999999
 31
-0.736611
 12
0.1312300000000001
 22
0.0019789999999998
 32
-0.72695
 13
0.1312300000000001
 23
0.0019789999999998
 33
-0.72695
  0
3DFACE
  5
38
330
2
100
AcDbEntity
  8
0
100
AcDbFace
 10
0.260986
 20
0.0076499999999997
 30
-0.7297940000000001
 11
0.1312300000000001
 21
0.0019789999999998
 31
-0.72695
 12
0.268675
 22
-0.0024670000000002
 32
-0.725474
 13
0.268675
 23
-0.0024670000000002
 33
-0.725474
  0
3DFACE
  5
39
330
2
100
AcDbEntity
  8
0
100
AcDbFace
 10
0.0412300000000001
 20
0.0064969999999998
 30
-0.755661
 11
0.258387
 21
0.0046479999999997
 31
-0.756728
 12
0.0412300000000001
 22
-0.0055970000000002
 32
-0.7580770000000002
 13
0.0412300000000001
 23
-0.0055970000000002
 33
-0.7580770000000002
  0
3DFACE
  5
3A
330
2
100
AcDbEntity
  8
0
100
AcDbFace
 10
0.0412300000000001
 20
-0.0055970000000002
 30
-0.7580770000000002
 11
0.258387
 21
0.0046479999999997
 31
-0.756728
 12
0.270483
 22
-0.0040680000000003
 32
-0.75774
 13
0.270483
 23
-0.0040680000000003
 33
-0.75774
  0
3DFACE
  5
3B
330
2
100
AcDbEntity
  8
0
100
AcDbFace
 10
0.0412300000000001
 20
-0.0055970000000002
 30
-0.7580770000000002
 11
0.270483
 21
-0.0040680000000003
 31
-0.75774
 12
0.27031
 22
-0.0124250000000002
 32
-0.7545790000000001
 13
0.27031
 23
-0.0124250000000002
 33
-0.7545790000000001
  0
3DFACE
  5
3C
330
2
100
AcDbEntity
  8
0
100
AcDbFace
 10
0.0412300000000001
 20
-0.0055970000000002
 30
-0.7580770000000002
 11
0.27031
 21
-0.0124250000000002
 31
-0.7545790000000001
 12
0.0412300000000001
 22
-0.0158570000000003
 32
-0.7512340000000001
 13
0.0412300000000001
 23
-0.0158570000000003
 33
-0.7512340000000001
  0
3DFACE
  5
3D
330
2
100
AcDbEntity
  8
0
100
AcDbFace
 10
0.0412300000000001
 20
-0.0158570000000003
 30
-0.7512340000000001
 11
0.27031
 21
-0.0124250000000002
 31
-0.7545790000000001
 12
0.2699340000000001
 22
-0.0175800000000002
 32
-0.7478820000000001
 13
0.2699340000000001
 23
-0.0175800000000002
 33
-0.7478820000000001
  0
3DFACE
  5
3E
330
2
100
AcDbEntity
  8
0
100
AcDbFace
 10
0.0412300000000001
 20
-0.0158570000000003
 30
-0.7512340000000001
 11
0.2699340000000001
 21
-0.0175800000000002
 31
-0.7478820000000001
 12
0.0412300000000001
 22
-0.0182740000000003
 32
-0.7391399999999999
 13
0.0412300000000001
 23
-0.0182740000000003
 33
-0.7391399999999999
  0
3DFACE
  5
3F
330
2
100
AcDbEntity
  8
0
100
AcDbFace
 10
0.0412300000000001
 20
-0.0182740000000003
 30
-0.7391399999999999
 11
0.2699340000000001
 21
-0.0175800000000002
 31
-0.7478820000000001
 12
0.2694640000000001
 22
-0.0186860000000002
 32
-0.739513
 13
0.2694640000000001
 23
-0.0186860000000002
 33
-0.739513
  0
3DFACE
  5
40
330
2
100
AcDbEntity
  8
0
100
AcDbFace
 10
0.0412300000000001
 20
-0.0182740000000003
 30
-0.7391399999999999
 11
0.2694640000000001
 21
-0.0186860000000002
 31
-0.739513
 12
0.258387
 22
-0.0154450000000002
 32
-0.732312
 13
0.258387
 23
-0.0154450000000002
 33
-0.732312
  0
3DFACE
  5
41
330
2
100
AcDbEntity
  8
0
100
AcDbFace
 10
0.0412300000000001
 20
-0.0182740000000003
 30
-0.7391399999999999
 11
0.258387
 21
-0.0154450000000002
 31
-0.732312
 12
0.0412300000000001
 22
-0.0114310000000002
 32
-0.7288800000000001
 13
0.0412300000000001
 23
-0.0114310000000002
 33
-0.7288800000000001
  0
3DFACE
  5
42
330
2
100
AcDbEntity
  8
0
100
AcDbFace
 10
0.0412300000000001
 20
-0.0114310000000002
 30
-0.7288800000000001
 11
0.258387
 21
-0.0154450000000002
 31
-0.732312
 12
0.283987
 22
-0.0045290000000002
 32
-0.724011
 13
0.283987
 23
-0.0045290000000002
 33
-0.724011
  0
3DFACE
  5
43
330
2
100
AcDbEntity
  8
0
100
AcDbFace
 10
0.0412300000000001
 20
-0.0114310000000002
 30
-0.7288800000000001
 11
0.283987
 21
-0.0045290000000002
 31
-0.724011
 12
0.268675
 22
-0.0024670000000002
 32
-0.725474
 13
0.268675
 23
-0.0024670000000002
 33
-0.725474
  0
3DFACE
  5
44
330
2
100
AcDbEntity
  8
0
100
AcDbFace
 10
0.258387
 20
0.0046479999999997
 30
-0.756728
 11
0.0412300000000001
 21
0.0064969999999998
 31
-0.755661
 12
0.2786599999999999
 22
0.0122349999999997
 32
-0.747732
 13
0.2786599999999999
 23
0.0122349999999997
 33
-0.747732
  0
3DFACE
  5
45
330
2
100
AcDbEntity
  8
0
100
AcDbFace
 10
0.2786599999999999
 20
0.0122349999999997
 30
-0.747732
 11
0.0412300000000001
 21
0.0064969999999998
 31
-0.755661
 12
0.0412300000000001
 22
0.0133399999999999
 32
-0.7454
 13
0.0412300000000001
 23
0.0133399999999999
 33
-0.7454
  0
3DFACE
  5
46
330
2
100
AcDbEntity
  8
0
100
AcDbFace
 10
0.8987009999999997
 20
0.0175329999999999
 30
0.2041950000000001
 11
0.8987009999999997
 21
0.0175329999999999
 31
0.0541950000000001
 12
0.8987009999999997
 22
-0.0224670000000006
 32
0.2041950000000001
 13
0.8987009999999997
 23
-0.0224670000000006
 33
0.2041950000000001
  0
3DFACE
  5
47
330
2
100
AcDbEntity
  8
0
100
AcDbFace
 10
0.8987009999999997
 20
-0.0224670000000006
 30
0.2041950000000001
 11
0.8987009999999997
 21
0.0175329999999999
 31
0.0541950000000001
 12
0.8962009999999999
 22
-0.0224670000000006
 32
0.0541950000000001
 13
0.8962009999999999
 23
-0.0224670000000006
 33
0.0541950000000001
  0
3DFACE
  5
48
330
2
100
AcDbEntity
  8
0
100
AcDbFace
 10
0.8987009999999997
 20
0.0175329999999999
 30
0.0541950000000001
 11
0.8987009999999997
 21
0.0175329999999999
 31
0.2041950000000001
 12
0.901201
 22
-0.0224670000000006
 32
0.0541950000000001
 13
0.901201
 23
-0.0224670000000006
 33
0.0541950000000001
  0
3DFACE
  5
49
330
2
100
AcDbEntity
  8
0
100
AcDbFace
 10
0.901201
 20
-0.0224670000000006
 30
0.0541950000000001
 11
0.8987009999999997
 21
0.0175329999999999
 31
0.2041950000000001
 12
0.8987009999999997
 22
-0.0224670000000006
 32
0.2041950000000001
 13
0.8987009999999997
 23
-0.0224670000000006
 33
0.2041950000000001
  0
3DFACE
  5
4A
330
2
100
AcDbEntity
  8
0
100
AcDbFace
 10
-0.05877
 20
-0.0224670000000002
 30
0.054195
 11
0.8962009999999999
 21
-0.0224670000000006
 31
0.0541950000000001
 12
-0.05877
 22
0.0175329999999999
 32
0.054195
 13
-0.05877
 23
0.0175329999999999
 33
0.054195
  0
3DFACE
  5
4B
330
2
100
AcDbEntity
  8
0
100
AcDbFace
 10
-0.05877
 20
0.0175329999999999
 30
0.054195
 11
0.8962009999999999
 21
-0.0224670000000006
 31
0.0541950000000001
 12
0.8987009999999997
 22
0.0175329999999999
 32
0.0541950000000001
 13
0.8987009999999997
 23
0.0175329999999999
 33
0.0541950000000001
  0
3DFACE
  5
4C
330
2
100
AcDbEntity
  8
0
100
AcDbFace
 10
0.1312300000000001
 20
0.0019789999999998
 30
-0.72695
 11
0.1312300000000001
 21
-0.0224670000000002
 31
-0.7258050000000002
 12
0.0912300000000001
 22
0.0019789999999998
 32
-0.72695
 13
0.0912300000000001
 23
0.0019789999999998
 33
-0.72695
  0
3DFACE
  5
4D
330
2
100
AcDbEntity
  8
0
100
AcDbFace
 10
0.0912300000000001
 20
0.0019789999999998
 30
-0.72695
 11
0.1312300000000001
 21
-0.0224670000000002
 31
-0.7258050000000002
 12
0.0912300000000001
 22
-0.0224670000000002
 32
-0.7258050000000002
 13
0.0912300000000001
 23
-0.0224670000000002
 33
-0.7258050000000002
  0
3DFACE
  5
4E
330
2
100
AcDbEntity
  8
0
100
AcDbFace
 10
0.9031019999999999
 20
0.0033019999999994
 30
-0.2010539999999999
 11
0.9185919999999999
 21
-0.0054640000000005
 31
-0.1825469999999999
 12
0.894869
 22
-0.0055970000000006
 32
-0.2109849999999999
 13
0.894869
 23
-0.0055970000000006
 33
-0.2109849999999999
  0
3DFACE
  5
4F
330
2
100
AcDbEntity
  8
0
100
AcDbFace
 10
0.894869
 20
-0.0055970000000006
 30
-0.2109849999999999
 11
0.9185919999999999
 21
-0.0054640000000005
 31
-0.1825469999999999
 12
0.9019399999999999
 22
-0.0136410000000006
 32
-0.1969369999999999
 13
0.9019399999999999
 23
-0.0136410000000006
 33
-0.1969369999999999
  0
3DFACE
  5
50
330
2
100
AcDbEntity
  8
0
100
AcDbFace
 10
0.894786
 20
-0.0186440000000005
 30
-0.1905849999999999
 11
0.9066349999999999
 21
-0.0161460000000005
 31
-0.1560669999999999
 12
0.8830059999999997
 22
-0.0162980000000006
 32
-0.1880459999999999
 13
0.8830059999999997
 23
-0.0162980000000006
 33
-0.1880459999999999
  0
3DFACE
  5
51
330
2
100
AcDbEntity
  8
0
100
AcDbFace
 10
0.925007
 20
0.0010329999999995
 30
-0.0720659999999999
 11
0.924751
 21
0.0054249999999995
 31
-0.0907319999999999
 12
0.91791
 22
-0.0015920000000006
 32
-0.1124849999999999
 13
0.91791
 23
-0.0015920000000006
 33
-0.1124849999999999
  0
3DFACE
  5
52
330
2
100
AcDbEntity
  8
0
100
AcDbFace
 10
0.91791
 20
-0.0015920000000006
 30
-0.1124849999999999
 11
0.924751
 21
0.0054249999999995
 31
-0.0907319999999999
 12
0.918998
 22
0.0072579999999994
 32
-0.1192319999999999
 13
0.918998
 23
0.0072579999999994
 33
-0.1192319999999999
  0
3DFACE
  5
53
330
2
100
AcDbEntity
  8
0
100
AcDbFace
 10
0.91791
 20
-0.0015920000000006
 30
-0.1124849999999999
 11
0.918998
 21
0.0072579999999994
 31
-0.1192319999999999
 12
0.9101539999999999
 22
-0.0031220000000006
 32
-0.1325509999999999
 13
0.9101539999999999
 23
-0.0031220000000006
 33
-0.1325509999999999
  0
3DFACE
  5
54
330
2
100
AcDbEntity
  8
0
100
AcDbFace
 10
0.9101539999999999
 20
-0.0031220000000006
 30
-0.1325509999999999
 11
0.918998
 21
0.0072579999999994
 31
-0.1192319999999999
 12
0.899159
 22
0.0013399999999995
 32
-0.1541509999999999
 13
0.899159
 23
0.0013399999999995
 33
-0.1541509999999999
  0
3DFACE
  5
55
330
2
100
AcDbEntity
  8
0
100
AcDbFace
 10
0.899159
 20
0.0013399999999995
 30
-0.1541509999999999
 11
0.878519
 21
0.0020649999999994
 31
-0.1820379999999999
 12
0.8786629999999997
 22
-0.0073470000000005
 32
-0.1824819999999999
 13
0.8786629999999997
 23
-0.0073470000000005
 33
-0.1824819999999999
  0
3DFACE
  5
56
330
2
100
AcDbEntity
  8
0
100
AcDbFace
 10
0.925007
 20
0.0010329999999995
 30
-0.0720659999999999
 11
0.9287220000000001
 21
0.0067149999999994
 31
-0.0583869999999999
 12
0.924751
 22
0.0054249999999995
 32
-0.0907319999999999
 13
0.924751
 23
0.0054249999999995
 33
-0.0907319999999999
  0
3DFACE
  5
57
330
2
100
AcDbEntity
  8
0
100
AcDbFace
 10
0.924751
 20
0.0054249999999995
 30
-0.0907319999999999
 11
0.9287220000000001
 21
0.0067149999999994
 31
-0.0583869999999999
 12
0.9349949999999999
 22
0.0126589999999998
 32
-0.0774769999999999
 13
0.9349949999999999
 23
0.0126589999999998
 33
-0.0774769999999999
  0
3DFACE
  5
58
330
2
100
AcDbEntity
  8
0
100
AcDbFace
 10
0.924751
 20
0.0054249999999995
 30
-0.0907319999999999
 11
0.9349949999999999
 21
0.0126589999999998
 31
-0.0774769999999999
 12
0.918998
 22
0.0072579999999994
 32
-0.1192319999999999
 13
0.918998
 23
0.0072579999999994
 33
-0.1192319999999999
  0
3DFACE
  5
59
330
2
100
AcDbEntity
  8
0
100
AcDbFace
 10
0.918998
 20
0.0072579999999994
 30
-0.1192319999999999
 11
0.9349949999999999
 21
0.0126589999999998
 31
-0.0774769999999999
 12
0.9176539999999999
 22
0.0135239999999998
 32
-0.1457619999999999
 13
0.9176539999999999
 23
0.0135239999999998
 33
-0.1457619999999999
  0
3DFACE
  5
5A
330
2
100
AcDbEntity
  8
0
100
AcDbFace
 10
0.8942049999999998
 20
0.0131009999999998
 30
-0.1797909999999999
 11
0.9176539999999999
 21
0.0135239999999998
 31
-0.1457619999999999
 12
0.8943839999999998
 22
0.0132619999999997
 32
-0.1937099999999999
 13
0.8943839999999998
 23
0.0132619999999997
 33
-0.1937099999999999
  0
3DFACE
  5
5B
330
2
100
AcDbEntity
  8
0
100
AcDbFace
 10
0.9176539999999999
 20
0.0135239999999998
 30
-0.1457619999999999
 11
0.9256289999999999
 21
0.0129029999999997
 31
-0.1509889999999999
 12
0.8943839999999998
 22
0.0132619999999997
 32
-0.1937099999999999
 13
0.8943839999999998
 23
0.0132619999999997
 33
-0.1937099999999999
  0
3DFACE
  5
5C
330
2
100
AcDbEntity
  8
0
100
AcDbFace
 10
0.9349949999999999
 20
0.0126589999999998
 30
-0.0774769999999999
 11
0.941948
 21
0.0135109999999997
 31
-0.0904349999999999
 12
0.9176539999999999
 22
0.0135239999999998
 32
-0.1457619999999999
 13
0.9176539999999999
 23
0.0135239999999998
 33
-0.1457619999999999
  0
3DFACE
  5
5D
330
2
100
AcDbEntity
  8
0
100
AcDbFace
 10
0.9176539999999999
 20
0.0135239999999998
 30
-0.1457619999999999
 11
0.941948
 21
0.0135109999999997
 31
-0.0904349999999999
 12
0.9256289999999999
 22
0.0129029999999997
 32
-0.1509889999999999
 13
0.9256289999999999
 23
0.0129029999999997
 33
-0.1509889999999999
  0
3DFACE
  5
5E
330
2
100
AcDbEntity
  8
0
100
AcDbFace
 10
0.9256289999999999
 20
0.0129029999999997
 30
-0.1509889999999999
 11
0.941948
 21
0.0135109999999997
 31
-0.0904349999999999
 12
0.9441079999999999
 22
0.0102219999999996
 32
-0.1161809999999999
 13
0.9441079999999999
 23
0.0102219999999996
 33
-0.1161809999999999
  0
3DFACE
  5
5F
330
2
100
AcDbEntity
  8
0
100
AcDbFace
 10
0.9256289999999999
 20
0.0129029999999997
 30
-0.1509889999999999
 11
0.9441079999999999
 21
0.0102219999999996
 31
-0.1161809999999999
 12
0.927458
 22
0.0089409999999995
 32
-0.1601949999999999
 13
0.927458
 23
0.0089409999999995
 33
-0.1601949999999999
  0
3DFACE
  5
60
330
2
100
AcDbEntity
  8
0
100
AcDbFace
 10
0.927458
 20
0.0089409999999995
 30
-0.1601949999999999
 11
0.9441079999999999
 21
0.0102219999999996
 31
-0.1161809999999999
 12
0.9464310000000001
 22
0.0017169999999994
 32
-0.1277019999999999
 13
0.9464310000000001
 23
0.0017169999999994
 33
-0.1277019999999999
  0
3DFACE
  5
61
330
2
100
AcDbEntity
  8
0
100
AcDbFace
 10
0.927458
 20
0.0089409999999995
 30
-0.1601949999999999
 11
0.9464310000000001
 21
0.0017169999999994
 31
-0.1277019999999999
 12
0.9381509999999998
 22
0.0000159999999995
 32
-0.1495109999999999
 13
0.9381509999999998
 23
0.0000159999999995
 33
-0.1495109999999999
  0
3DFACE
  5
62
330
2
100
AcDbEntity
  8
0
100
AcDbFace
 10
0.9381509999999998
 20
0.0000159999999995
 30
-0.1495109999999999
 11
0.9464310000000001
 21
0.0017169999999994
 31
-0.1277019999999999
 12
0.940436
 22
-0.0096290000000004
 32
-0.1400999999999999
 13
0.940436
 23
-0.0096290000000004
 33
-0.1400999999999999
  0
3DFACE
  5
63
330
2
100
AcDbEntity
  8
0
100
AcDbFace
 10
0.940436
 20
-0.0096290000000004
 30
-0.1400999999999999
 11
0.9425499999999999
 21
-0.0162020000000005
 31
-0.1162899999999999
 12
0.924094
 22
-0.0155150000000005
 32
-0.1621759999999999
 13
0.924094
 23
-0.0155150000000005
 33
-0.1621759999999999
  0
3DFACE
  5
64
330
2
100
AcDbEntity
  8
0
100
AcDbFace
 10
0.924094
 20
-0.0155150000000005
 30
-0.1621759999999999
 11
0.9425499999999999
 21
-0.0162020000000005
 31
-0.1162899999999999
 12
0.9291379999999998
 22
-0.0186510000000006
 32
-0.1289529999999999
 13
0.9291379999999998
 23
-0.0186510000000006
 33
-0.1289529999999999
  0
3DFACE
  5
65
330
2
100
AcDbEntity
  8
0
100
AcDbFace
 10
0.9066349999999999
 20
-0.0161460000000005
 30
-0.1560669999999999
 11
0.9291379999999998
 21
-0.0186510000000006
 31
-0.1289529999999999
 12
0.9225290000000001
 22
-0.0135100000000005
 32
-0.1116879999999999
 13
0.9225290000000001
 23
-0.0135100000000005
 33
-0.1116879999999999
  0
3DFACE
  5
66
330
2
100
AcDbEntity
  8
0
100
AcDbFace
 10
0.9066349999999999
 20
-0.0161460000000005
 30
-0.1560669999999999
 11
0.9225290000000001
 21
-0.0135100000000005
 31
-0.1116879999999999
 12
0.8979829999999997
 22
-0.0079260000000005
 32
-0.1573669999999999
 13
0.8979829999999997
 23
-0.0079260000000005
 33
-0.1573669999999999
  0
3DFACE
  5
67
330
2
100
AcDbEntity
  8
0
100
AcDbFace
 10
0.8979829999999997
 20
-0.0079260000000005
 30
-0.1573669999999999
 11
0.9225290000000001
 21
-0.0135100000000005
 31
-0.1116879999999999
 12
0.9101539999999999
 22
-0.0031220000000006
 32
-0.1325509999999999
 13
0.9101539999999999
 23
-0.0031220000000006
 33
-0.1325509999999999
  0
3DFACE
  5
68
330
2
100
AcDbEntity
  8
0
100
AcDbFace
 10
0.941948
 20
0.0135109999999997
 30
-0.0904349999999999
 11
0.9512769999999999
 21
0.0106869999999996
 31
-0.0700339999999999
 12
0.9441079999999999
 22
0.0102219999999996
 32
-0.1161809999999999
 13
0.9441079999999999
 23
0.0102219999999996
 33
-0.1161809999999999
  0
3DFACE
  5
69
330
2
100
AcDbEntity
  8
0
100
AcDbFace
 10
0.9441079999999999
 20
0.0102219999999996
 30
-0.1161809999999999
 11
0.9512769999999999
 21
0.0106869999999996
 31
-0.0700339999999999
 12
0.9517879999999999
 22
0.0047209999999994
 32
-0.1053129999999999
 13
0.9517879999999999
 23
0.0047209999999994
 33
-0.1053129999999999
  0
3DFACE
  5
6A
330
2
100
AcDbEntity
  8
0
100
AcDbFace
 10
0.9441079999999999
 20
0.0102219999999996
 30
-0.1161809999999999
 11
0.9517879999999999
 21
0.0047209999999994
 31
-0.1053129999999999
 12
0.9464310000000001
 22
0.0017169999999994
 32
-0.1277019999999999
 13
0.9464310000000001
 23
0.0017169999999994
 33
-0.1277019999999999
  0
3DFACE
  5
6B
330
2
100
AcDbEntity
  8
0
100
AcDbFace
 10
0.9512769999999999
 20
0.0106869999999996
 30
-0.0700339999999999
 11
0.9564519999999999
 21
0.0043539999999994
 31
-0.0701279999999999
 12
0.9517879999999999
 22
0.0047209999999994
 32
-0.1053129999999999
 13
0.9517879999999999
 23
0.0047209999999994
 33
-0.1053129999999999
  0
3DFACE
  5
6C
330
2
100
AcDbEntity
  8
0
100
AcDbFace
 10
0.9517879999999999
 20
0.0047209999999994
 30
-0.1053129999999999
 11
0.9564519999999999
 21
0.0043539999999994
 31
-0.0701279999999999
 12
0.9535489999999999
 22
-0.0032880000000005
 32
-0.1049429999999999
 13
0.9535489999999999
 23
-0.0032880000000005
 33
-0.1049429999999999
  0
3DFACE
  5
6D
330
2
100
AcDbEntity
  8
0
100
AcDbFace
 10
0.9517879999999999
 20
0.0047209999999994
 30
-0.1053129999999999
 11
0.9535489999999999
 21
-0.0032880000000005
 31
-0.1049429999999999
 12
0.9464310000000001
 22
0.0017169999999994
 32
-0.1277019999999999
 13
0.9464310000000001
 23
0.0017169999999994
 33
-0.1277019999999999
  0
3DFACE
  5
6E
330
2
100
AcDbEntity
  8
0
100
AcDbFace
 10
0.9564519999999999
 20
0.0043539999999994
 30
-0.0701279999999999
 11
0.9580639999999998
 21
-0.0027020000000006
 31
-0.0701059999999999
 12
0.9535489999999999
 22
-0.0032880000000005
 32
-0.1049429999999999
 13
0.9535489999999999
 23
-0.0032880000000005
 33
-0.1049429999999999
  0
3DFACE
  5
6F
330
2
100
AcDbEntity
  8
0
100
AcDbFace
 10
0.9464310000000001
 20
0.0017169999999994
 30
-0.1277019999999999
 11
0.9535489999999999
 21
-0.0032880000000005
 31
-0.1049429999999999
 12
0.940436
 22
-0.0096290000000004
 32
-0.1400999999999999
 13
0.940436
 23
-0.0096290000000004
 33
-0.1400999999999999
  0
3DFACE
  5
70
330
2
100
AcDbEntity
  8
0
100
AcDbFace
 10
0.9580639999999998
 20
-0.0027020000000006
 30
-0.0701059999999999
 11
0.9562599999999999
 21
-0.0097200000000005
 31
-0.0702819999999999
 12
0.9535489999999999
 22
-0.0032880000000005
 32
-0.1049429999999999
 13
0.9535489999999999
 23
-0.0032880000000005
 33
-0.1049429999999999
  0
3DFACE
  5
71
330
2
100
AcDbEntity
  8
0
100
AcDbFace
 10
0.9535489999999999
 20
-0.0032880000000005
 30
-0.1049429999999999
 11
0.9562599999999999
 21
-0.0097200000000005
 31
-0.0702819999999999
 12
0.9508469999999999
 22
-0.0111050000000005
 32
-0.1058169999999999
 13
0.9508469999999999
 23
-0.0111050000000005
 33
-0.1058169999999999
  0
3DFACE
  5
72
330
2
100
AcDbEntity
  8
0
100
AcDbFace
 10
0.9535489999999999
 20
-0.0032880000000005
 30
-0.1049429999999999
 11
0.9508469999999999
 21
-0.0111050000000005
 31
-0.1058169999999999
 12
0.940436
 22
-0.0096290000000004
 32
-0.1400999999999999
 13
0.940436
 23
-0.0096290000000004
 33
-0.1400999999999999
  0
3DFACE
  5
73
330
2
100
AcDbEntity
  8
0
100
AcDbFace
 10
0.940436
 20
-0.0096290000000004
 30
-0.1400999999999999
 11
0.9508469999999999
 21
-0.0111050000000005
 31
-0.1058169999999999
 12
0.9425499999999999
 22
-0.0162020000000005
 32
-0.1162899999999999
 13
0.9425499999999999
 23
-0.0162020000000005
 33
-0.1162899999999999
  0
3DFACE
  5
74
330
2
100
AcDbEntity
  8
0
100
AcDbFace
 10
0.9562599999999999
 20
-0.0097200000000005
 30
-0.0702819999999999
 11
0.950849
 21
-0.0159470000000005
 31
-0.0701969999999999
 12
0.9508469999999999
 22
-0.0111050000000005
 32
-0.1058169999999999
 13
0.9508469999999999
 23
-0.0111050000000005
 33
-0.1058169999999999
  0
3DFACE
  5
75
330
2
100
AcDbEntity
  8
0
100
AcDbFace
 10
0.9508469999999999
 20
-0.0111050000000005
 30
-0.1058169999999999
 11
0.950849
 21
-0.0159470000000005
 31
-0.0701969999999999
 12
0.9425499999999999
 22
-0.0162020000000005
 32
-0.1162899999999999
 13
0.9425499999999999
 23
-0.0162020000000005
 33
-0.1162899999999999
  0
3DFACE
  5
76
330
2
100
AcDbEntity
  8
0
100
AcDbFace
 10
0.950849
 20
-0.0159470000000005
 30
-0.0701969999999999
 11
0.9418049999999999
 21
-0.0187490000000005
 31
-0.0723019999999999
 12
0.9425499999999999
 22
-0.0162020000000005
 32
-0.1162899999999999
 13
0.9425499999999999
 23
-0.0162020000000005
 33
-0.1162899999999999
  0
3DFACE
  5
77
330
2
100
AcDbEntity
  8
0
100
AcDbFace
 10
0.9425499999999999
 20
-0.0162020000000005
 30
-0.1162899999999999
 11
0.9418049999999999
 21
-0.0187490000000005
 31
-0.0723019999999999
 12
0.9291379999999998
 22
-0.0186510000000006
 32
-0.1289529999999999
 13
0.9291379999999998
 23
-0.0186510000000006
 33
-0.1289529999999999
  0
3DFACE
  5
78
330
2
100
AcDbEntity
  8
0
100
AcDbFace
 10
0.9291379999999998
 20
-0.0186510000000006
 30
-0.1289529999999999
 11
0.9418049999999999
 21
-0.0187490000000005
 31
-0.0723019999999999
 12
0.9225290000000001
 22
-0.0135100000000005
 32
-0.1116879999999999
 13
0.9225290000000001
 23
-0.0135100000000005
 33
-0.1116879999999999
  0
3DFACE
  5
79
330
2
100
AcDbEntity
  8
0
100
AcDbFace
 10
0.9418049999999999
 20
-0.0187490000000005
 30
-0.0723019999999999
 11
0.9337950000000001
 21
-0.0167210000000005
 31
-0.0673989999999999
 12
0.9225290000000001
 22
-0.0135100000000005
 32
-0.1116879999999999
 13
0.9225290000000001
 23
-0.0135100000000005
 33
-0.1116879999999999
  0
3DFACE
  5
7A
330
2
100
AcDbEntity
  8
0
100
AcDbFace
 10
0.9225290000000001
 20
-0.0135100000000005
 30
-0.1116879999999999
 11
0.9337950000000001
 21
-0.0167210000000005
 31
-0.0673989999999999
 12
0.927744
 22
-0.0113950000000005
 32
-0.0703789999999999
 13
0.927744
 23
-0.0113950000000005
 33
-0.0703789999999999
  0
3DFACE
  5
7B
330
2
100
AcDbEntity
  8
0
100
AcDbFace
 10
0.9225290000000001
 20
-0.0135100000000005
 30
-0.1116879999999999
 11
0.927744
 21
-0.0113950000000005
 31
-0.0703789999999999
 12
0.9240960000000001
 22
-0.0059670000000004
 32
-0.0811699999999999
 13
0.9240960000000001
 23
-0.0059670000000004
 33
-0.0811699999999999
  0
3DFACE
  5
7C
330
2
100
AcDbEntity
  8
0
100
AcDbFace
 10
0.9225290000000001
 20
-0.0135100000000005
 30
-0.1116879999999999
 11
0.9240960000000001
 21
-0.0059670000000004
 31
-0.0811699999999999
 12
0.91791
 22
-0.0015920000000006
 32
-0.1124849999999999
 13
0.91791
 23
-0.0015920000000006
 33
-0.1124849999999999
  0
3DFACE
  5
7D
330
2
100
AcDbEntity
  8
0
100
AcDbFace
 10
0.91791
 20
-0.0015920000000006
 30
-0.1124849999999999
 11
0.9101539999999999
 21
-0.0031220000000006
 31
-0.1325509999999999
 12
0.9225290000000001
 22
-0.0135100000000005
 32
-0.1116879999999999
 13
0.9225290000000001
 23
-0.0135100000000005
 33
-0.1116879999999999
  0
3DFACE
  5
7E
330
2
100
AcDbEntity
  8
0
100
AcDbFace
 10
0.8979829999999997
 20
-0.0079260000000005
 30
-0.1573669999999999
 11
0.899159
 21
0.0013399999999995
 31
-0.1541509999999999
 12
0.8786629999999997
 22
-0.0073470000000005
 32
-0.1824819999999999
 13
0.8786629999999997
 23
-0.0073470000000005
 33
-0.1824819999999999
  0
3DFACE
  5
7F
330
2
100
AcDbEntity
  8
0
100
AcDbFace
 10
0.8979829999999997
 20
-0.0079260000000005
 30
-0.1573669999999999
 11
0.9101539999999999
 21
-0.0031220000000006
 31
-0.1325509999999999
 12
0.899159
 22
0.0013399999999995
 32
-0.1541509999999999
 13
0.899159
 23
0.0013399999999995
 33
-0.1541509999999999
  0
3DFACE
  5
80
330
2
100
AcDbEntity
  8
0
100
AcDbFace
 10
0.878519
 20
0.0020649999999994
 30
-0.1820379999999999
 11
0.899159
 21
0.0013399999999995
 31
-0.1541509999999999
 12
0.905394
 22
0.0085189999999996
 32
-0.1510929999999999
 13
0.905394
 23
0.0085189999999996
 33
-0.1510929999999999
  0
3DFACE
  5
81
330
2
100
AcDbEntity
  8
0
100
AcDbFace
 10
0.878519
 20
0.0020649999999994
 30
-0.1820379999999999
 11
0.905394
 21
0.0085189999999996
 31
-0.1510929999999999
 12
0.8790609999999999
 22
0.0090519999999996
 32
-0.1879729999999999
 13
0.8790609999999999
 23
0.0090519999999996
 33
-0.1879729999999999
  0
3DFACE
  5
82
330
2
100
AcDbEntity
  8
0
100
AcDbFace
 10
0.8790609999999999
 20
0.0090519999999996
 30
-0.1879729999999999
 11
0.905394
 21
0.0085189999999996
 31
-0.1510929999999999
 12
0.8942049999999998
 22
0.0131009999999998
 32
-0.1797909999999999
 13
0.8942049999999998
 23
0.0131009999999998
 33
-0.1797909999999999
  0
3DFACE
  5
83
330
2
100
AcDbEntity
  8
0
100
AcDbFace
 10
0.9001759999999999
 20
0.0088669999999995
 30
-0.1991419999999999
 11
0.8943839999999998
 21
0.0132619999999997
 31
-0.1937099999999999
 12
0.927458
 22
0.0089409999999995
 32
-0.1601949999999999
 13
0.927458
 23
0.0089409999999995
 33
-0.1601949999999999
  0
3DFACE
  5
84
330
2
100
AcDbEntity
  8
0
100
AcDbFace
 10
0.927458
 20
0.0089409999999995
 30
-0.1601949999999999
 11
0.8943839999999998
 21
0.0132619999999997
 31
-0.1937099999999999
 12
0.9256289999999999
 22
0.0129029999999997
 32
-0.1509889999999999
 13
0.9256289999999999
 23
0.0129029999999997
 33
-0.1509889999999999
  0
3DFACE
  5
85
330
2
100
AcDbEntity
  8
0
100
AcDbFace
 10
0.9031019999999999
 20
0.0033019999999994
 30
-0.2010539999999999
 11
0.9001759999999999
 21
0.0088669999999995
 31
-0.1991419999999999
 12
0.9262059999999999
 22
0.0020599999999995
 32
-0.1709979999999999
 13
0.9262059999999999
 23
0.0020599999999995
 33
-0.1709979999999999
  0
3DFACE
  5
86
330
2
100
AcDbEntity
  8
0
100
AcDbFace
 10
0.9262059999999999
 20
0.0020599999999995
 30
-0.1709979999999999
 11
0.9001759999999999
 21
0.0088669999999995
 31
-0.1991419999999999
 12
0.927458
 22
0.0089409999999995
 32
-0.1601949999999999
 13
0.927458
 23
0.0089409999999995
 33
-0.1601949999999999
  0
3DFACE
  5
87
330
2
100
AcDbEntity
  8
0
100
AcDbFace
 10
0.9185919999999999
 20
-0.0054640000000005
 30
-0.1825469999999999
 11
0.9031019999999999
 21
0.0033019999999994
 31
-0.2010539999999999
 12
0.9262059999999999
 22
0.0020599999999995
 32
-0.1709979999999999
 13
0.9262059999999999
 23
0.0020599999999995
 33
-0.1709979999999999
  0
3DFACE
  5
88
330
2
100
AcDbEntity
  8
0
100
AcDbFace
 10
0.9381509999999998
 20
0.0000159999999995
 30
-0.1495109999999999
 11
0.9262059999999999
 21
0.0020599999999995
 31
-0.1709979999999999
 12
0.927458
 22
0.0089409999999995
 32
-0.1601949999999999
 13
0.927458
 23
0.0089409999999995
 33
-0.1601949999999999
  0
3DFACE
  5
89
330
2
100
AcDbEntity
  8
0
100
AcDbFace
 10
0.9185919999999999
 20
-0.0054640000000005
 30
-0.1825469999999999
 11
0.9262059999999999
 21
0.0020599999999995
 31
-0.1709979999999999
 12
0.9381509999999998
 22
0.0000159999999995
 32
-0.1495109999999999
 13
0.9381509999999998
 23
0.0000159999999995
 33
-0.1495109999999999
  0
3DFACE
  5
8A
330
2
100
AcDbEntity
  8
0
100
AcDbFace
 10
0.940436
 20
-0.0096290000000004
 30
-0.1400999999999999
 11
0.9185919999999999
 21
-0.0054640000000005
 31
-0.1825469999999999
 12
0.9381509999999998
 22
0.0000159999999995
 32
-0.1495109999999999
 13
0.9381509999999998
 23
0.0000159999999995
 33
-0.1495109999999999
  0
3DFACE
  5
8B
330
2
100
AcDbEntity
  8
0
100
AcDbFace
 10
0.924094
 20
-0.0155150000000005
 30
-0.1621759999999999
 11
0.9019399999999999
 21
-0.0136410000000006
 31
-0.1969369999999999
 12
0.9185919999999999
 22
-0.0054640000000005
 32
-0.1825469999999999
 13
0.9185919999999999
 23
-0.0054640000000005
 33
-0.1825469999999999
  0
3DFACE
  5
8C
330
2
100
AcDbEntity
  8
0
100
AcDbFace
 10
0.924094
 20
-0.0155150000000005
 30
-0.1621759999999999
 11
0.9185919999999999
 21
-0.0054640000000005
 31
-0.1825469999999999
 12
0.940436
 22
-0.0096290000000004
 32
-0.1400999999999999
 13
0.940436
 23
-0.0096290000000004
 33
-0.1400999999999999
  0
3DFACE
  5
8D
330
2
100
AcDbEntity
  8
0
100
AcDbFace
 10
0.894786
 20
-0.0186440000000005
 30
-0.1905849999999999
 11
0.9019399999999999
 21
-0.0136410000000006
 31
-0.1969369999999999
 12
0.924094
 22
-0.0155150000000005
 32
-0.1621759999999999
 13
0.924094
 23
-0.0155150000000005
 33
-0.1621759999999999
  0
3DFACE
  5
8E
330
2
100
AcDbEntity
  8
0
100
AcDbFace
 10
0.894786
 20
-0.0186440000000005
 30
-0.1905849999999999
 11
0.924094
 21
-0.0155150000000005
 31
-0.1621759999999999
 12
0.9291379999999998
 22
-0.0186510000000006
 32
-0.1289529999999999
 13
0.9291379999999998
 23
-0.0186510000000006
 33
-0.1289529999999999
  0
3DFACE
  5
8F
330
2
100
AcDbEntity
  8
0
100
AcDbFace
 10
0.9066349999999999
 20
-0.0161460000000005
 30
-0.1560669999999999
 11
0.894786
 21
-0.0186440000000005
 31
-0.1905849999999999
 12
0.9291379999999998
 22
-0.0186510000000006
 32
-0.1289529999999999
 13
0.9291379999999998
 23
-0.0186510000000006
 33
-0.1289529999999999
  0
3DFACE
  5
90
330
2
100
AcDbEntity
  8
0
100
AcDbFace
 10
0.8786629999999997
 20
-0.0073470000000005
 30
-0.1824819999999999
 11
0.8830059999999997
 21
-0.0162980000000006
 31
-0.1880459999999999
 12
0.8979829999999997
 22
-0.0079260000000005
 32
-0.1573669999999999
 13
0.8979829999999997
 23
-0.0079260000000005
 33
-0.1573669999999999
  0
3DFACE
  5
91
330
2
100
AcDbEntity
  8
0
100
AcDbFace
 10
0.8979829999999997
 20
-0.0079260000000005
 30
-0.1573669999999999
 11
0.8830059999999997
 21
-0.0162980000000006
 31
-0.1880459999999999
 12
0.9066349999999999
 22
-0.0161460000000005
 32
-0.1560669999999999
 13
0.9066349999999999
 23
-0.0161460000000005
 33
-0.1560669999999999
  0
3DFACE
  5
92
330
2
100
AcDbEntity
  8
0
100
AcDbFace
 10
0.905394
 20
0.0085189999999996
 30
-0.1510929999999999
 11
0.918998
 21
0.0072579999999994
 31
-0.1192319999999999
 12
0.9176539999999999
 22
0.0135239999999998
 32
-0.1457619999999999
 13
0.9176539999999999
 23
0.0135239999999998
 33
-0.1457619999999999
  0
3DFACE
  5
93
330
2
100
AcDbEntity
  8
0
100
AcDbFace
 10
0.905394
 20
0.0085189999999996
 30
-0.1510929999999999
 11
0.9176539999999999
 21
0.0135239999999998
 31
-0.1457619999999999
 12
0.8942049999999998
 22
0.0131009999999998
 32
-0.1797909999999999
 13
0.8942049999999998
 23
0.0131009999999998
 33
-0.1797909999999999
  0
3DFACE
  5
94
330
2
100
AcDbEntity
  8
0
100
AcDbFace
 10
0.899159
 20
0.0013399999999995
 30
-0.1541509999999999
 11
0.918998
 21
0.0072579999999994
 31
-0.1192319999999999
 12
0.905394
 22
0.0085189999999996
 32
-0.1510929999999999
 13
0.905394
 23
0.0085189999999996
 33
-0.1510929999999999
  0
3DFACE
  5
95
330
2
100
AcDbEntity
  8
0
100
AcDbFace
 10
0.9580769999999995
 20
-0.0055970000000002
 30
1.458769999999999
 11
0.9580639999999998
 21
-0.0027020000000006
 31
-0.0701059999999999
 12
0.9556609999999999
 22
0.0064969999999998
 32
1.458769999999999
 13
0.9556609999999999
 23
0.0064969999999998
 33
1.458769999999999
  0
3DFACE
  5
96
330
2
100
AcDbEntity
  8
0
100
AcDbFace
 10
0.9556609999999999
 20
0.0064969999999998
 30
1.458769999999999
 11
0.9580639999999998
 21
-0.0027020000000006
 31
-0.0701059999999999
 12
0.9564519999999999
 22
0.0043539999999994
 32
-0.0701279999999999
 13
0.9564519999999999
 23
0.0043539999999994
 33
-0.0701279999999999
  0
3DFACE
  5
97
330
2
100
AcDbEntity
  8
0
100
AcDbFace
 10
0.9556609999999999
 20
0.0064969999999998
 30
1.458769999999999
 11
0.9564519999999999
 21
0.0043539999999994
 31
-0.0701279999999999
 12
0.9512769999999999
 22
0.0106869999999996
 32
-0.0700339999999999
 13
0.9512769999999999
 23
0.0106869999999996
 33
-0.0700339999999999
  0
3DFACE
  5
98
330
2
100
AcDbEntity
  8
0
100
AcDbFace
 10
0.9556609999999999
 20
0.0064969999999998
 30
1.458769999999999
 11
0.9512769999999999
 21
0.0106869999999996
 31
-0.0700339999999999
 12
0.9485309999999998
 22
0.0126469999999999
 32
1.458769999999999
 13
0.9485309999999998
 23
0.0126469999999999
 33
1.458769999999999
  0
3DFACE
  5
99
330
2
100
AcDbEntity
  8
0
100
AcDbFace
 10
0.9485309999999998
 20
0.0126469999999999
 30
1.458769999999999
 11
0.9512769999999999
 21
0.0106869999999996
 31
-0.0700339999999999
 12
0.941948
 22
0.0135109999999997
 32
-0.0904349999999999
 13
0.941948
 23
0.0135109999999997
 33
-0.0904349999999999
  0
3DFACE
  5
9A
330
2
100
AcDbEntity
  8
0
100
AcDbFace
 10
0.9485309999999998
 20
0.0126469999999999
 30
1.458769999999999
 11
0.941948
 21
0.0135109999999997
 31
-0.0904349999999999
 12
0.9391399999999999
 22
0.01334
 32
1.458769999999999
 13
0.9391399999999999
 23
0.01334
 33
1.458769999999999
  0
3DFACE
  5
9B
330
2
100
AcDbEntity
  8
0
100
AcDbFace
 10
0.9391399999999999
 20
0.01334
 30
1.458769999999999
 11
0.941948
 21
0.0135109999999997
 31
-0.0904349999999999
 12
0.9390709999999998
 22
0.0160799999999997
 32
0.0541950000000001
 13
0.9390709999999998
 23
0.0160799999999997
 33
0.0541950000000001
  0
3DFACE
  5
9C
330
2
100
AcDbEntity
  8
0
100
AcDbFace
 10
0.9391399999999999
 20
0.01334
 30
1.458769999999999
 11
0.9390709999999998
 21
0.0160799999999997
 31
0.0541950000000001
 12
0.934501
 22
0.0116849999999996
 32
0.0541950000000001
 13
0.934501
 23
0.0116849999999996
 33
0.0541950000000001
  0
3DFACE
  5
9D
330
2
100
AcDbEntity
  8
0
100
AcDbFace
 10
0.9391399999999999
 20
0.01334
 30
1.458769999999999
 11
0.934501
 21
0.0116849999999996
 31
0.0541950000000001
 12
0.9273249999999999
 22
0.0020149999999997
 32
1.458769999999999
 13
0.9273249999999999
 23
0.0020149999999997
 33
1.458769999999999
  0
3DFACE
  5
9E
330
2
100
AcDbEntity
  8
0
100
AcDbFace
 10
0.9273249999999999
 20
0.0020149999999997
 30
1.458769999999999
 11
0.934501
 21
0.0116849999999996
 31
0.0541950000000001
 12
0.9269199999999999
 22
0.0025329999999995
 32
0.0541950000000001
 13
0.9269199999999999
 23
0.0025329999999995
 33
0.0541950000000001
  0
3DFACE
  5
9F
330
2
100
AcDbEntity
  8
0
100
AcDbFace
 10
0.9273249999999999
 20
0.0020149999999997
 30
1.458769999999999
 11
0.9269199999999999
 21
0.0025329999999995
 31
0.0541950000000001
 12
0.92705
 22
-0.0084920000000004
 32
0.0541950000000001
 13
0.92705
 23
-0.0084920000000004
 33
0.0541950000000001
  0
3DFACE
  5
A0
330
2
100
AcDbEntity
  8
0
100
AcDbFace
 10
0.9580639999999998
 20
-0.0027020000000006
 30
-0.0701059999999999
 11
0.9580769999999995
 21
-0.0055970000000002
 31
1.458769999999999
 12
0.9562599999999999
 22
-0.0097200000000005
 32
-0.0702819999999999
 13
0.9562599999999999
 23
-0.0097200000000005
 33
-0.0702819999999999
  0
3DFACE
  5
A1
330
2
100
AcDbEntity
  8
0
100
AcDbFace
 10
0.9562599999999999
 20
-0.0097200000000005
 30
-0.0702819999999999
 11
0.9580769999999995
 21
-0.0055970000000002
 31
1.458769999999999
 12
0.9522289999999998
 22
-0.0154450000000003
 32
1.458769999999999
 13
0.9522289999999998
 23
-0.0154450000000003
 33
1.458769999999999
  0
3DFACE
  5
A2
330
2
100
AcDbEntity
  8
0
100
AcDbFace
 10
0.9562599999999999
 20
-0.0097200000000005
 30
-0.0702819999999999
 11
0.9522289999999998
 21
-0.0154450000000003
 31
1.458769999999999
 12
0.950849
 22
-0.0159470000000005
 32
-0.0701969999999999
 13
0.950849
 23
-0.0159470000000005
 33
-0.0701969999999999
  0
3DFACE
  5
A3
330
2
100
AcDbEntity
  8
0
100
AcDbFace
 10
0.950849
 20
-0.0159470000000005
 30
-0.0701969999999999
 11
0.9522289999999998
 21
-0.0154450000000003
 31
1.458769999999999
 12
0.9402079999999999
 22
-0.0181330000000003
 32
1.458769999999999
 13
0.9402079999999999
 23
-0.0181330000000003
 33
1.458769999999999
  0
3DFACE
  5
A4
330
2
100
AcDbEntity
  8
0
100
AcDbFace
 10
0.950849
 20
-0.0159470000000005
 30
-0.0701969999999999
 11
0.9402079999999999
 21
-0.0181330000000003
 31
1.458769999999999
 12
0.9418049999999999
 22
-0.0187490000000005
 32
-0.0723019999999999
 13
0.9418049999999999
 23
-0.0187490000000005
 33
-0.0723019999999999
  0
3DFACE
  5
A5
330
2
100
AcDbEntity
  8
0
100
AcDbFace
 10
0.9418049999999999
 20
-0.0187490000000005
 30
-0.0723019999999999
 11
0.9402079999999999
 21
-0.0181330000000003
 31
1.458769999999999
 12
0.9412299999999998
 22
-0.0207000000000005
 32
0.0541950000000001
 13
0.9412299999999998
 23
-0.0207000000000005
 33
0.0541950000000001
  0
3DFACE
  5
A6
330
2
100
AcDbEntity
  8
0
100
AcDbFace
 10
0.9412299999999998
 20
-0.0207000000000005
 30
0.0541950000000001
 11
0.9402079999999999
 21
-0.0181330000000003
 31
1.458769999999999
 12
0.934501
 22
-0.0166180000000006
 32
0.0541950000000001
 13
0.934501
 23
-0.0166180000000006
 33
0.0541950000000001
  0
3DFACE
  5
A7
330
2
100
AcDbEntity
  8
0
100
AcDbFace
 10
0.934501
 20
-0.0166180000000006
 30
0.0541950000000001
 11
0.9402079999999999
 21
-0.0181330000000003
 31
1.458769999999999
 12
0.9288799999999998
 22
-0.0114310000000003
 32
1.458769999999999
 13
0.9288799999999998
 23
-0.0114310000000003
 33
1.458769999999999
  0
3DFACE
  5
A8
330
2
100
AcDbEntity
  8
0
100
AcDbFace
 10
0.934501
 20
-0.0166180000000006
 30
0.0541950000000001
 11
0.9288799999999998
 21
-0.0114310000000003
 31
1.458769999999999
 12
0.92705
 22
-0.0084920000000004
 32
0.0541950000000001
 13
0.92705
 23
-0.0084920000000004
 33
0.0541950000000001
  0
3DFACE
  5
A9
330
2
100
AcDbEntity
  8
0
100
AcDbFace
 10
0.92705
 20
-0.0084920000000004
 30
0.0541950000000001
 11
0.9288799999999998
 21
-0.0114310000000003
 31
1.458769999999999
 12
0.9273249999999999
 22
0.0020149999999997
 32
1.458769999999999
 13
0.9273249999999999
 23
0.0020149999999997
 33
1.458769999999999
  0
3DFACE
  5
AA
330
2
100
AcDbEntity
  8
0
100
AcDbFace
 10
0.925007
 20
0.0010329999999995
 30
-0.0720659999999999
 11
0.9274649999999999
 21
0.0039159999999995
 31
0.0141950000000001
 12
0.9287220000000001
 22
0.0067149999999994
 32
-0.0583869999999999
 13
0.9287220000000001
 23
0.0067149999999994
 33
-0.0583869999999999
  0
3DFACE
  5
AB
330
2
100
AcDbEntity
  8
0
100
AcDbFace
 10
0.9287220000000001
 20
0.0067149999999994
 30
-0.0583869999999999
 11
0.9274649999999999
 21
0.0039159999999995
 31
0.0141950000000001
 12
0.9349949999999999
 22
0.0126589999999998
 32
-0.0774769999999999
 13
0.9349949999999999
 23
0.0126589999999998
 33
-0.0774769999999999
  0
3DFACE
  5
AC
330
2
100
AcDbEntity
  8
0
100
AcDbFace
 10
0.9349949999999999
 20
0.0126589999999998
 30
-0.0774769999999999
 11
0.9274649999999999
 21
0.0039159999999995
 31
0.0141950000000001
 12
0.935134
 22
0.0122569999999996
 32
0.0141950000000001
 13
0.935134
 23
0.0122569999999996
 33
0.0141950000000001
  0
3DFACE
  5
AD
330
2
100
AcDbEntity
  8
0
100
AcDbFace
 10
0.9349949999999999
 20
0.0126589999999998
 30
-0.0774769999999999
 11
0.935134
 21
0.0122569999999996
 31
0.0141950000000001
 12
0.9390709999999998
 22
0.0160799999999997
 32
0.0141950000000001
 13
0.9390709999999998
 23
0.0160799999999997
 33
0.0141950000000001
  0
3DFACE
  5
AE
330
2
100
AcDbEntity
  8
0
100
AcDbFace
 10
0.9349949999999999
 20
0.0126589999999998
 30
-0.0774769999999999
 11
0.9390709999999998
 21
0.0160799999999997
 31
0.0141950000000001
 12
0.941948
 22
0.0135109999999997
 32
-0.0904349999999999
 13
0.941948
 23
0.0135109999999997
 33
-0.0904349999999999
  0
3DFACE
  5
AF
330
2
100
AcDbEntity
  8
0
100
AcDbFace
 10
0.941948
 20
0.0135109999999997
 30
-0.0904349999999999
 11
0.9390709999999998
 21
0.0160799999999997
 31
0.0141950000000001
 12
0.9390709999999998
 22
0.0160799999999997
 32
0.0541950000000001
 13
0.9390709999999998
 23
0.0160799999999997
 33
0.0541950000000001
  0
3DFACE
  5
B0
330
2
100
AcDbEntity
  8
0
100
AcDbFace
 10
0.9412299999999998
 20
-0.0207000000000005
 30
0.0541950000000001
 11
0.9397059999999999
 21
-0.0202650000000006
 31
0.0141950000000001
 12
0.9418049999999999
 22
-0.0187490000000005
 32
-0.0723019999999999
 13
0.9418049999999999
 23
-0.0187490000000005
 33
-0.0723019999999999
  0
3DFACE
  5
B1
330
2
100
AcDbEntity
  8
0
100
AcDbFace
 10
0.9418049999999999
 20
-0.0187490000000005
 30
-0.0723019999999999
 11
0.9397059999999999
 21
-0.0202650000000006
 31
0.0141950000000001
 12
0.9337950000000001
 22
-0.0167210000000005
 32
-0.0673989999999999
 13
0.9337950000000001
 23
-0.0167210000000005
 33
-0.0673989999999999
  0
3DFACE
  5
B2
330
2
100
AcDbEntity
  8
0
100
AcDbFace
 10
0.9337950000000001
 20
-0.0167210000000005
 30
-0.0673989999999999
 11
0.9397059999999999
 21
-0.0202650000000006
 31
0.0141950000000001
 12
0.9274649999999999
 22
-0.0088490000000004
 32
0.0141950000000001
 13
0.9274649999999999
 23
-0.0088490000000004
 33
0.0141950000000001
  0
3DFACE
  5
B3
330
2
100
AcDbEntity
  8
0
100
AcDbFace
 10
0.9337950000000001
 20
-0.0167210000000005
 30
-0.0673989999999999
 11
0.9274649999999999
 21
-0.0088490000000004
 31
0.0141950000000001
 12
0.927744
 22
-0.0113950000000005
 32
-0.0703789999999999
 13
0.927744
 23
-0.0113950000000005
 33
-0.0703789999999999
  0
3DFACE
  5
B4
330
2
100
AcDbEntity
  8
0
100
AcDbFace
 10
0.927744
 20
-0.0113950000000005
 30
-0.0703789999999999
 11
0.9274649999999999
 21
-0.0088490000000004
 31
0.0141950000000001
 12
0.9240960000000001
 22
-0.0059670000000004
 32
-0.0811699999999999
 13
0.9240960000000001
 23
-0.0059670000000004
 33
-0.0811699999999999
  0
3DFACE
  5
B5
330
2
100
AcDbEntity
  8
0
100
AcDbFace
 10
0.2694640000000001
 20
-0.0186860000000002
 30
-0.739513
 11
0.311312
 21
-0.0165130000000002
 31
-0.7260910000000002
 12
0.258387
 22
-0.0154450000000002
 32
-0.732312
 13
0.258387
 23
-0.0154450000000002
 33
-0.732312
  0
3DFACE
  5
B6
330
2
100
AcDbEntity
  8
0
100
AcDbFace
 10
0.258387
 20
-0.0154450000000002
 30
-0.732312
 11
0.311312
 21
-0.0165130000000002
 31
-0.7260910000000002
 12
0.2896650000000001
 22
-0.0124250000000002
 32
-0.7263600000000002
 13
0.2896650000000001
 23
-0.0124250000000002
 33
-0.7263600000000002
  0
3DFACE
  5
B7
330
2
100
AcDbEntity
  8
0
100
AcDbFace
 10
0.258387
 20
-0.0154450000000002
 30
-0.732312
 11
0.2896650000000001
 21
-0.0124250000000002
 31
-0.7263600000000002
 12
0.283987
 22
-0.0045290000000002
 32
-0.724011
 13
0.283987
 23
-0.0045290000000002
 33
-0.724011
  0
3DFACE
  5
B8
330
2
100
AcDbEntity
  8
0
100
AcDbFace
 10
0.260986
 20
0.0076499999999997
 30
-0.7297940000000001
 11
0.2925320000000001
 21
0.0093289999999998
 31
-0.727834
 12
0.2932830000000001
 22
0.0131989999999999
 32
-0.733085
 13
0.2932830000000001
 23
0.0131989999999999
 33
-0.733085
  0
3DFACE
  5
B9
330
2
100
AcDbEntity
  8
0
100
AcDbFace
 10
0.2786599999999999
 20
0.0122349999999997
 30
-0.747732
 11
0.294006
 21
0.0074919999999997
 31
-0.7519090000000001
 12
0.258387
 22
0.0046479999999997
 32
-0.756728
 13
0.258387
 23
0.0046479999999997
 33
-0.756728
  0
3DFACE
  5
BA
330
2
100
AcDbEntity
  8
0
100
AcDbFace
 10
0.258387
 20
0.0046479999999997
 30
-0.756728
 11
0.294006
 21
0.0074919999999997
 31
-0.7519090000000001
 12
0.270483
 22
-0.0040680000000003
 32
-0.75774
 13
0.270483
 23
-0.0040680000000003
 33
-0.75774
  0
3DFACE
  5
BB
330
2
100
AcDbEntity
  8
0
100
AcDbFace
 10
0.4109850000000001
 20
-0.0055970000000002
 30
-0.694869
 11
0.38331
 21
-0.0046020000000002
 31
-0.718333
 12
0.4015020000000001
 22
0.0037929999999997
 32
-0.7024160000000002
 13
0.4015020000000001
 23
0.0037929999999997
 33
-0.7024160000000002
  0
3DFACE
  5
BC
330
2
100
AcDbEntity
  8
0
100
AcDbFace
 10
0.3721999999999999
 20
0.0131989999999999
 30
-0.7000830000000004
 11
0.353614
 21
0.0081469999999999
 31
-0.703276
 12
0.3793200000000001
 22
0.0080769999999997
 32
-0.6851520000000001
 13
0.3793200000000001
 23
0.0080769999999997
 33
-0.6851520000000001
  0
3DFACE
  5
BD
330
2
100
AcDbEntity
  8
0
100
AcDbFace
 10
0.4011890000000001
 20
-0.0165130000000004
 30
-0.6933160000000002
 11
0.3806340000000001
 21
-0.0139350000000003
 31
-0.7144160000000001
 12
0.4109850000000001
 22
-0.0055970000000002
 32
-0.694869
 13
0.4109850000000001
 23
-0.0055970000000002
 33
-0.694869
  0
3DFACE
  5
BE
330
2
100
AcDbEntity
  8
0
100
AcDbFace
 10
0.4109850000000001
 20
-0.0055970000000002
 30
-0.694869
 11
0.3806340000000001
 21
-0.0139350000000003
 31
-0.7144160000000001
 12
0.38331
 22
-0.0046020000000002
 32
-0.718333
 13
0.38331
 23
-0.0046020000000002
 33
-0.718333
  0
3DFACE
  5
BF
330
2
100
AcDbEntity
  8
0
100
AcDbFace
 10
0.283987
 20
-0.0045290000000002
 30
-0.724011
 11
0.3141739999999999
 21
-0.0035340000000001
 31
-0.7173
 12
0.3305000000000001
 22
0.0090019999999998
 32
-0.716144
 13
0.3305000000000001
 23
0.0090019999999998
 33
-0.716144
  0
3DFACE
  5
C0
330
2
100
AcDbEntity
  8
0
100
AcDbFace
 10
0.3305000000000001
 20
0.0090019999999998
 30
-0.716144
 11
0.3141739999999999
 21
-0.0035340000000001
 31
-0.7173
 12
0.353614
 22
0.0081469999999999
 32
-0.703276
 13
0.353614
 23
0.0081469999999999
 33
-0.703276
  0
3DFACE
  5
C1
330
2
100
AcDbEntity
  8
0
100
AcDbFace
 10
0.3305000000000001
 20
0.0090019999999998
 30
-0.716144
 11
0.353614
 21
0.0081469999999999
 31
-0.703276
 12
0.3721999999999999
 22
0.0131989999999999
 32
-0.7000830000000004
 13
0.3721999999999999
 23
0.0131989999999999
 33
-0.7000830000000004
  0
3DFACE
  5
C2
330
2
100
AcDbEntity
  8
0
100
AcDbFace
 10
0.3141739999999999
 20
-0.0035340000000001
 30
-0.7173
 11
0.3470710000000001
 21
-0.0013990000000002
 31
-0.7027480000000002
 12
0.353614
 22
0.0081469999999999
 32
-0.703276
 13
0.353614
 23
0.0081469999999999
 33
-0.703276
  0
3DFACE
  5
C3
330
2
100
AcDbEntity
  8
0
100
AcDbFace
 10
0.353614
 20
0.0081469999999999
 30
-0.703276
 11
0.3470710000000001
 21
-0.0013990000000002
 31
-0.7027480000000002
 12
0.3793200000000001
 22
0.0080769999999997
 32
-0.6851520000000001
 13
0.3793200000000001
 23
0.0080769999999997
 33
-0.6851520000000001
  0
3DFACE
  5
C4
330
2
100
AcDbEntity
  8
0
100
AcDbFace
 10
0.3470710000000001
 20
-0.0013990000000002
 30
-0.7027480000000002
 11
0.3141739999999999
 21
-0.0035340000000001
 31
-0.7173
 12
0.3339750000000001
 22
-0.0097220000000003
 32
-0.7112110000000002
 13
0.3339750000000001
 23
-0.0097220000000003
 33
-0.7112110000000002
  0
3DFACE
  5
C5
330
2
100
AcDbEntity
  8
0
100
AcDbFace
 10
0.3470710000000001
 20
-0.0013990000000002
 30
-0.7027480000000002
 11
0.3339750000000001
 21
-0.0097220000000003
 31
-0.7112110000000002
 12
0.369782
 22
-0.0105760000000003
 32
-0.6901600000000001
 13
0.369782
 23
-0.0105760000000003
 33
-0.6901600000000001
  0
3DFACE
  5
C6
330
2
100
AcDbEntity
  8
0
100
AcDbFace
 10
0.3470710000000001
 20
-0.0013990000000002
 30
-0.7027480000000002
 11
0.369782
 21
-0.0105760000000003
 31
-0.6901600000000001
 12
0.3806560000000001
 22
-0.0046020000000002
 32
-0.67909
 13
0.3806560000000001
 23
-0.0046020000000002
 33
-0.67909
  0
3DFACE
  5
C7
330
2
100
AcDbEntity
  8
0
100
AcDbFace
 10
0.3793200000000001
 20
0.0080769999999997
 30
-0.6851520000000001
 11
0.3470710000000001
 21
-0.0013990000000002
 31
-0.7027480000000002
 12
0.381135
 22
0.0027989999999997
 32
-0.6795900000000003
 13
0.381135
 23
0.0027989999999997
 33
-0.6795900000000003
  0
3DFACE
  5
C8
330
2
100
AcDbEntity
  8
0
100
AcDbFace
 10
0.3470710000000001
 20
-0.0013990000000002
 30
-0.7027480000000002
 11
0.3806560000000001
 21
-0.0046020000000002
 31
-0.67909
 12
0.381135
 22
0.0027989999999997
 32
-0.6795900000000003
 13
0.381135
 23
0.0027989999999997
 33
-0.6795900000000003
  0
3DFACE
  5
C9
330
2
100
AcDbEntity
  8
0
100
AcDbFace
 10
0.260986
 20
0.0076499999999997
 30
-0.7297940000000001
 11
0.268675
 21
-0.0024670000000002
 31
-0.725474
 12
0.2925320000000001
 22
0.0093289999999998
 32
-0.727834
 13
0.2925320000000001
 23
0.0093289999999998
 33
-0.727834
  0
3DFACE
  5
CA
330
2
100
AcDbEntity
  8
0
100
AcDbFace
 10
0.2925320000000001
 20
0.0093289999999998
 30
-0.727834
 11
0.268675
 21
-0.0024670000000002
 31
-0.725474
 12
0.283987
 22
-0.0045290000000002
 32
-0.724011
 13
0.283987
 23
-0.0045290000000002
 33
-0.724011
  0
3DFACE
  5
CB
330
2
100
AcDbEntity
  8
0
100
AcDbFace
 10
0.2925320000000001
 20
0.0093289999999998
 30
-0.727834
 11
0.283987
 21
-0.0045290000000002
 31
-0.724011
 12
0.3305000000000001
 22
0.0090019999999998
 32
-0.716144
 13
0.3305000000000001
 23
0.0090019999999998
 33
-0.716144
  0
3DFACE
  5
CC
330
2
100
AcDbEntity
  8
0
100
AcDbFace
 10
0.2932830000000001
 20
0.0131989999999999
 30
-0.733085
 11
0.2925320000000001
 21
0.0093289999999998
 31
-0.727834
 12
0.3305000000000001
 22
0.0090019999999998
 32
-0.716144
 13
0.3305000000000001
 23
0.0090019999999998
 33
-0.716144
  0
3DFACE
  5
CD
330
2
100
AcDbEntity
  8
0
100
AcDbFace
 10
0.3721999999999999
 20
0.0131989999999999
 30
-0.7000830000000004
 11
0.2932830000000001
 21
0.0131989999999999
 31
-0.733085
 12
0.3305000000000001
 22
0.0090019999999998
 32
-0.716144
 13
0.3305000000000001
 23
0.0090019999999998
 33
-0.716144
  0
3DFACE
  5
CE
330
2
100
AcDbEntity
  8
0
100
AcDbFace
 10
0.3221310000000001
 20
0.0137519999999998
 30
-0.733278
 11
0.2932830000000001
 21
0.0131989999999999
 31
-0.733085
 12
0.3721999999999999
 22
0.0131989999999999
 32
-0.7000830000000004
 13
0.3721999999999999
 23
0.0131989999999999
 33
-0.7000830000000004
  0
3DFACE
  5
CF
330
2
100
AcDbEntity
  8
0
100
AcDbFace
 10
0.2786599999999999
 20
0.0122349999999997
 30
-0.747732
 11
0.2932830000000001
 21
0.0131989999999999
 31
-0.733085
 12
0.3221310000000001
 22
0.0137519999999998
 32
-0.733278
 13
0.3221310000000001
 23
0.0137519999999998
 33
-0.733278
  0
3DFACE
  5
D0
330
2
100
AcDbEntity
  8
0
100
AcDbFace
 10
0.337806
 20
0.0115789999999999
 30
-0.7342760000000002
 11
0.3221310000000001
 21
0.0137519999999998
 31
-0.733278
 12
0.3903209999999999
 22
0.0130589999999997
 32
-0.6983610000000004
 13
0.3903209999999999
 23
0.0130589999999997
 33
-0.6983610000000004
  0
3DFACE
  5
D1
330
2
100
AcDbEntity
  8
0
100
AcDbFace
 10
0.3903209999999999
 20
0.0130589999999997
 30
-0.6983610000000004
 11
0.3221310000000001
 21
0.0137519999999998
 31
-0.733278
 12
0.3721999999999999
 22
0.0131989999999999
 32
-0.7000830000000004
 13
0.3721999999999999
 23
0.0131989999999999
 33
-0.7000830000000004
  0
3DFACE
  5
D2
330
2
100
AcDbEntity
  8
0
100
AcDbFace
 10
0.2786599999999999
 20
0.0122349999999997
 30
-0.747732
 11
0.3221310000000001
 21
0.0137519999999998
 31
-0.733278
 12
0.337806
 22
0.0115789999999999
 32
-0.7342760000000002
 13
0.337806
 23
0.0115789999999999
 33
-0.7342760000000002
  0
3DFACE
  5
D3
330
2
100
AcDbEntity
  8
0
100
AcDbFace
 10
0.360443
 20
0.0090019999999998
 30
-0.727102
 11
0.337806
 21
0.0115789999999999
 31
-0.7342760000000002
 12
0.3903209999999999
 22
0.0130589999999997
 32
-0.6983610000000004
 13
0.3903209999999999
 23
0.0130589999999997
 33
-0.6983610000000004
  0
3DFACE
  5
D4
330
2
100
AcDbEntity
  8
0
100
AcDbFace
 10
0.360443
 20
0.0090019999999998
 30
-0.727102
 11
0.3903209999999999
 21
0.0130589999999997
 31
-0.6983610000000004
 12
0.3986760000000001
 22
0.0098559999999998
 32
-0.699182
 13
0.3986760000000001
 23
0.0098559999999998
 33
-0.699182
  0
3DFACE
  5
D5
330
2
100
AcDbEntity
  8
0
100
AcDbFace
 10
0.294006
 20
0.0074919999999997
 30
-0.7519090000000001
 11
0.2786599999999999
 21
0.0122349999999997
 31
-0.747732
 12
0.337806
 22
0.0115789999999999
 32
-0.7342760000000002
 13
0.337806
 23
0.0115789999999999
 33
-0.7342760000000002
  0
3DFACE
  5
D6
330
2
100
AcDbEntity
  8
0
100
AcDbFace
 10
0.329434
 20
0.0037929999999997
 30
-0.745313
 11
0.294006
 21
0.0074919999999997
 31
-0.7519090000000001
 12
0.337806
 22
0.0115789999999999
 32
-0.7342760000000002
 13
0.337806
 23
0.0115789999999999
 33
-0.7342760000000002
  0
3DFACE
  5
D7
330
2
100
AcDbEntity
  8
0
100
AcDbFace
 10
0.329434
 20
0.0037929999999997
 30
-0.745313
 11
0.337806
 21
0.0115789999999999
 31
-0.7342760000000002
 12
0.360443
 22
0.0090019999999998
 32
-0.727102
 13
0.360443
 23
0.0090019999999998
 33
-0.727102
  0
3DFACE
  5
D8
330
2
100
AcDbEntity
  8
0
100
AcDbFace
 10
0.3625180000000001
 20
0.0017309999999998
 30
-0.730745
 11
0.360443
 21
0.0090019999999998
 31
-0.727102
 12
0.4015020000000001
 22
0.0037929999999997
 32
-0.7024160000000002
 13
0.4015020000000001
 23
0.0037929999999997
 33
-0.7024160000000002
  0
3DFACE
  5
D9
330
2
100
AcDbEntity
  8
0
100
AcDbFace
 10
0.4015020000000001
 20
0.0037929999999997
 30
-0.7024160000000002
 11
0.360443
 21
0.0090019999999998
 31
-0.727102
 12
0.3986760000000001
 22
0.0098559999999998
 32
-0.699182
 13
0.3986760000000001
 23
0.0098559999999998
 33
-0.699182
  0
3DFACE
  5
DA
330
2
100
AcDbEntity
  8
0
100
AcDbFace
 10
0.270483
 20
-0.0040680000000003
 30
-0.75774
 11
0.294006
 21
0.0074919999999997
 31
-0.7519090000000001
 12
0.3065
 22
-0.0003320000000002
 32
-0.7530680000000001
 13
0.3065
 23
-0.0003320000000002
 33
-0.7530680000000001
  0
3DFACE
  5
DB
330
2
100
AcDbEntity
  8
0
100
AcDbFace
 10
0.3065
 20
-0.0003320000000002
 30
-0.7530680000000001
 11
0.294006
 21
0.0074919999999997
 31
-0.7519090000000001
 12
0.329434
 22
0.0037929999999997
 32
-0.745313
 13
0.329434
 23
0.0037929999999997
 33
-0.745313
  0
3DFACE
  5
DC
330
2
100
AcDbEntity
  8
0
100
AcDbFace
 10
0.3625180000000001
 20
0.0017309999999998
 30
-0.730745
 11
0.329434
 21
0.0037929999999997
 31
-0.745313
 12
0.360443
 22
0.0090019999999998
 32
-0.727102
 13
0.360443
 23
0.0090019999999998
 33
-0.727102
  0
3DFACE
  5
DD
330
2
100
AcDbEntity
  8
0
100
AcDbFace
 10
0.3180270000000001
 20
-0.0066650000000001
 30
-0.749173
 11
0.3065
 21
-0.0003320000000002
 31
-0.7530680000000001
 12
0.329434
 22
0.0037929999999997
 32
-0.745313
 13
0.329434
 23
0.0037929999999997
 33
-0.745313
  0
3DFACE
  5
DE
330
2
100
AcDbEntity
  8
0
100
AcDbFace
 10
0.3180270000000001
 20
-0.0066650000000001
 30
-0.749173
 11
0.329434
 21
0.0037929999999997
 31
-0.745313
 12
0.3625180000000001
 22
0.0017309999999998
 32
-0.730745
 13
0.3625180000000001
 23
0.0017309999999998
 33
-0.730745
  0
3DFACE
  5
DF
330
2
100
AcDbEntity
  8
0
100
AcDbFace
 10
0.38331
 20
-0.0046020000000002
 30
-0.718333
 11
0.3625180000000001
 21
0.0017309999999998
 31
-0.730745
 12
0.4015020000000001
 22
0.0037929999999997
 32
-0.7024160000000002
 13
0.4015020000000001
 23
0.0037929999999997
 33
-0.7024160000000002
  0
3DFACE
  5
E0
330
2
100
AcDbEntity
  8
0
100
AcDbFace
 10
0.3180270000000001
 20
-0.0066650000000001
 30
-0.749173
 11
0.270483
 21
-0.0040680000000003
 31
-0.75774
 12
0.3065
 22
-0.0003320000000002
 32
-0.7530680000000001
 13
0.3065
 23
-0.0003320000000002
 33
-0.7530680000000001
  0
3DFACE
  5
E1
330
2
100
AcDbEntity
  8
0
100
AcDbFace
 10
0.362237
 20
-0.0087270000000002
 30
-0.730269
 11
0.3180270000000001
 21
-0.0066650000000001
 31
-0.749173
 12
0.3625180000000001
 22
0.0017309999999998
 32
-0.730745
 13
0.3625180000000001
 23
0.0017309999999998
 33
-0.730745
  0
3DFACE
  5
E2
330
2
100
AcDbEntity
  8
0
100
AcDbFace
 10
0.362237
 20
-0.0087270000000002
 30
-0.730269
 11
0.3625180000000001
 21
0.0017309999999998
 31
-0.730745
 12
0.38331
 22
-0.0046020000000002
 32
-0.718333
 13
0.38331
 23
-0.0046020000000002
 33
-0.718333
  0
3DFACE
  5
E3
330
2
100
AcDbEntity
  8
0
100
AcDbFace
 10
0.27031
 20
-0.0124250000000002
 30
-0.7545790000000001
 11
0.270483
 21
-0.0040680000000003
 31
-0.75774
 12
0.3180270000000001
 22
-0.0066650000000001
 32
-0.749173
 13
0.3180270000000001
 23
-0.0066650000000001
 33
-0.749173
  0
3DFACE
  5
E4
330
2
100
AcDbEntity
  8
0
100
AcDbFace
 10
0.3397620000000001
 20
-0.0124250000000003
 30
-0.738727
 11
0.3180270000000001
 21
-0.0066650000000001
 31
-0.749173
 12
0.362237
 22
-0.0087270000000002
 32
-0.730269
 13
0.362237
 23
-0.0087270000000002
 33
-0.730269
  0
3DFACE
  5
E5
330
2
100
AcDbEntity
  8
0
100
AcDbFace
 10
0.362237
 20
-0.0087270000000002
 30
-0.730269
 11
0.38331
 21
-0.0046020000000002
 31
-0.718333
 12
0.3806340000000001
 22
-0.0139350000000003
 32
-0.7144160000000001
 13
0.3806340000000001
 23
-0.0139350000000003
 33
-0.7144160000000001
  0
3DFACE
  5
E6
330
2
100
AcDbEntity
  8
0
100
AcDbFace
 10
0.3051070000000001
 20
-0.0154450000000002
 30
-0.746965
 11
0.27031
 21
-0.0124250000000002
 31
-0.7545790000000001
 12
0.3180270000000001
 22
-0.0066650000000001
 32
-0.749173
 13
0.3180270000000001
 23
-0.0066650000000001
 33
-0.749173
  0
3DFACE
  5
E7
330
2
100
AcDbEntity
  8
0
100
AcDbFace
 10
0.3051070000000001
 20
-0.0154450000000002
 30
-0.746965
 11
0.3180270000000001
 21
-0.0066650000000001
 31
-0.749173
 12
0.3397620000000001
 22
-0.0124250000000003
 32
-0.738727
 13
0.3397620000000001
 23
-0.0124250000000003
 33
-0.738727
  0
3DFACE
  5
E8
330
2
100
AcDbEntity
  8
0
100
AcDbFace
 10
0.3806340000000001
 20
-0.0139350000000003
 30
-0.7144160000000001
 11
0.3397620000000001
 21
-0.0124250000000003
 31
-0.738727
 12
0.362237
 22
-0.0087270000000002
 32
-0.730269
 13
0.362237
 23
-0.0087270000000002
 33
-0.730269
  0
3DFACE
  5
E9
330
2
100
AcDbEntity
  8
0
100
AcDbFace
 10
0.2699340000000001
 20
-0.0175800000000002
 30
-0.7478820000000001
 11
0.27031
 21
-0.0124250000000002
 31
-0.7545790000000001
 12
0.3051070000000001
 22
-0.0154450000000002
 32
-0.746965
 13
0.3051070000000001
 23
-0.0154450000000002
 33
-0.746965
  0
3DFACE
  5
EA
330
2
100
AcDbEntity
  8
0
100
AcDbFace
 10
0.334444
 20
-0.0175800000000003
 30
-0.733323
 11
0.3051070000000001
 21
-0.0154450000000002
 31
-0.746965
 12
0.3397620000000001
 22
-0.0124250000000003
 32
-0.738727
 13
0.3397620000000001
 23
-0.0124250000000003
 33
-0.738727
  0
3DFACE
  5
EB
330
2
100
AcDbEntity
  8
0
100
AcDbFace
 10
0.334444
 20
-0.0175800000000003
 30
-0.733323
 11
0.3397620000000001
 21
-0.0124250000000003
 31
-0.738727
 12
0.3806340000000001
 22
-0.0139350000000003
 32
-0.7144160000000001
 13
0.3806340000000001
 23
-0.0139350000000003
 33
-0.7144160000000001
  0
3DFACE
  5
EC
330
2
100
AcDbEntity
  8
0
100
AcDbFace
 10
0.334444
 20
-0.0175800000000003
 30
-0.733323
 11
0.2699340000000001
 21
-0.0175800000000002
 31
-0.7478820000000001
 12
0.3051070000000001
 22
-0.0154450000000002
 32
-0.746965
 13
0.3051070000000001
 23
-0.0154450000000002
 33
-0.746965
  0
3DFACE
  5
ED
330
2
100
AcDbEntity
  8
0
100
AcDbFace
 10
0.3816400000000001
 20
-0.0186860000000003
 30
-0.7015060000000001
 11
0.334444
 21
-0.0175800000000003
 31
-0.733323
 12
0.3806340000000001
 22
-0.0139350000000003
 32
-0.7144160000000001
 13
0.3806340000000001
 23
-0.0139350000000003
 33
-0.7144160000000001
  0
3DFACE
  5
EE
330
2
100
AcDbEntity
  8
0
100
AcDbFace
 10
0.3816400000000001
 20
-0.0186860000000003
 30
-0.7015060000000001
 11
0.3806340000000001
 21
-0.0139350000000003
 31
-0.7144160000000001
 12
0.4011890000000001
 22
-0.0165130000000004
 32
-0.6933160000000002
 13
0.4011890000000001
 23
-0.0165130000000004
 33
-0.6933160000000002
  0
3DFACE
  5
EF
330
2
100
AcDbEntity
  8
0
100
AcDbFace
 10
0.2694640000000001
 20
-0.0186860000000002
 30
-0.739513
 11
0.2699340000000001
 21
-0.0175800000000002
 31
-0.7478820000000001
 12
0.3411659999999999
 22
-0.0186860000000003
 32
-0.720808
 13
0.3411659999999999
 23
-0.0186860000000003
 33
-0.720808
  0
3DFACE
  5
F0
330
2
100
AcDbEntity
  8
0
100
AcDbFace
 10
0.3411659999999999
 20
-0.0186860000000003
 30
-0.720808
 11
0.2699340000000001
 21
-0.0175800000000002
 31
-0.7478820000000001
 12
0.334444
 22
-0.0175800000000003
 32
-0.733323
 13
0.334444
 23
-0.0175800000000003
 33
-0.733323
  0
3DFACE
  5
F1
330
2
100
AcDbEntity
  8
0
100
AcDbFace
 10
0.3411659999999999
 20
-0.0186860000000003
 30
-0.720808
 11
0.334444
 21
-0.0175800000000003
 31
-0.733323
 12
0.3816400000000001
 22
-0.0186860000000003
 32
-0.7015060000000001
 13
0.3816400000000001
 23
-0.0186860000000003
 33
-0.7015060000000001
  0
3DFACE
  5
F2
330
2
100
AcDbEntity
  8
0
100
AcDbFace
 10
0.311312
 20
-0.0165130000000002
 30
-0.7260910000000002
 11
0.2694640000000001
 21
-0.0186860000000002
 31
-0.739513
 12
0.3411659999999999
 22
-0.0186860000000003
 32
-0.720808
 13
0.3411659999999999
 23
-0.0186860000000003
 33
-0.720808
  0
3DFACE
  5
F3
330
2
100
AcDbEntity
  8
0
100
AcDbFace
 10
0.3411659999999999
 20
-0.0186860000000003
 30
-0.720808
 11
0.3816400000000001
 21
-0.0186860000000003
 31
-0.7015060000000001
 12
0.3872820000000001
 22
-0.0175800000000003
 32
-0.6865040000000004
 13
0.3872820000000001
 23
-0.0175800000000003
 33
-0.6865040000000004
  0
3DFACE
  5
F4
330
2
100
AcDbEntity
  8
0
100
AcDbFace
 10
0.3501690000000001
 20
-0.0154450000000002
 30
-0.7083370000000003
 11
0.311312
 21
-0.0165130000000002
 31
-0.7260910000000002
 12
0.3411659999999999
 22
-0.0186860000000003
 32
-0.720808
 13
0.3411659999999999
 23
-0.0186860000000003
 33
-0.720808
  0
3DFACE
  5
F5
330
2
100
AcDbEntity
  8
0
100
AcDbFace
 10
0.3501690000000001
 20
-0.0154450000000002
 30
-0.7083370000000003
 11
0.3411659999999999
 21
-0.0186860000000003
 31
-0.720808
 12
0.3872820000000001
 22
-0.0175800000000003
 32
-0.6865040000000004
 13
0.3872820000000001
 23
-0.0175800000000003
 33
-0.6865040000000004
  0
3DFACE
  5
F6
330
2
100
AcDbEntity
  8
0
100
AcDbFace
 10
0.369782
 20
-0.0105760000000003
 30
-0.6901600000000001
 11
0.3501690000000001
 21
-0.0154450000000002
 31
-0.7083370000000003
 12
0.3872820000000001
 22
-0.0175800000000003
 32
-0.6865040000000004
 13
0.3872820000000001
 23
-0.0175800000000003
 33
-0.6865040000000004
  0
3DFACE
  5
F7
330
2
100
AcDbEntity
  8
0
100
AcDbFace
 10
0.3141739999999999
 20
-0.0035340000000001
 30
-0.7173
 11
0.283987
 21
-0.0045290000000002
 31
-0.724011
 12
0.2896650000000001
 22
-0.0124250000000002
 32
-0.7263600000000002
 13
0.2896650000000001
 23
-0.0124250000000002
 33
-0.7263600000000002
  0
3DFACE
  5
F8
330
2
100
AcDbEntity
  8
0
100
AcDbFace
 10
0.3339750000000001
 20
-0.0097220000000003
 30
-0.7112110000000002
 11
0.2896650000000001
 21
-0.0124250000000002
 31
-0.7263600000000002
 12
0.311312
 22
-0.0165130000000002
 32
-0.7260910000000002
 13
0.311312
 23
-0.0165130000000002
 33
-0.7260910000000002
  0
3DFACE
  5
F9
330
2
100
AcDbEntity
  8
0
100
AcDbFace
 10
0.3339750000000001
 20
-0.0097220000000003
 30
-0.7112110000000002
 11
0.311312
 21
-0.0165130000000002
 31
-0.7260910000000002
 12
0.3501690000000001
 22
-0.0154450000000002
 32
-0.7083370000000003
 13
0.3501690000000001
 23
-0.0154450000000002
 33
-0.7083370000000003
  0
3DFACE
  5
FA
330
2
100
AcDbEntity
  8
0
100
AcDbFace
 10
0.3339750000000001
 20
-0.0097220000000003
 30
-0.7112110000000002
 11
0.3501690000000001
 21
-0.0154450000000002
 31
-0.7083370000000003
 12
0.369782
 22
-0.0105760000000003
 32
-0.6901600000000001
 13
0.369782
 23
-0.0105760000000003
 33
-0.6901600000000001
  0
3DFACE
  5
FB
330
2
100
AcDbEntity
  8
0
100
AcDbFace
 10
0.3141739999999999
 20
-0.0035340000000001
 30
-0.7173
 11
0.2896650000000001
 21
-0.0124250000000002
 31
-0.7263600000000002
 12
0.3339750000000001
 22
-0.0097220000000003
 32
-0.7112110000000002
 13
0.3339750000000001
 23
-0.0097220000000003
 33
-0.7112110000000002
  0
3DFACE
  5
FC
330
2
100
AcDbEntity
  8
0
100
AcDbFace
 10
0.4015020000000001
 20
0.0037929999999997
 30
-0.7024160000000002
 11
0.9031019999999999
 21
0.0033019999999994
 31
-0.2010539999999999
 12
0.4109850000000001
 22
-0.0055970000000002
 32
-0.694869
 13
0.4109850000000001
 23
-0.0055970000000002
 33
-0.694869
  0
3DFACE
  5
FD
330
2
100
AcDbEntity
  8
0
100
AcDbFace
 10
0.4109850000000001
 20
-0.0055970000000002
 30
-0.694869
 11
0.9031019999999999
 21
0.0033019999999994
 31
-0.2010539999999999
 12
0.894869
 22
-0.0055970000000006
 32
-0.2109849999999999
 13
0.894869
 23
-0.0055970000000006
 33
-0.2109849999999999
  0
3DFACE
  5
FE
330
2
100
AcDbEntity
  8
0
100
AcDbFace
 10
0.4109850000000001
 20
-0.0055970000000002
 30
-0.694869
 11
0.894869
 21
-0.0055970000000006
 31
-0.2109849999999999
 12
0.4011890000000001
 22
-0.0165130000000004
 32
-0.6933160000000002
 13
0.4011890000000001
 23
-0.0165130000000004
 33
-0.6933160000000002
  0
3DFACE
  5
FF
330
2
100
AcDbEntity
  8
0
100
AcDbFace
 10
0.4011890000000001
 20
-0.0165130000000004
 30
-0.6933160000000002
 11
0.894869
 21
-0.0055970000000006
 31
-0.2109849999999999
 12
0.9019399999999999
 22
-0.0136410000000006
 32
-0.1969369999999999
 13
0.9019399999999999
 23
-0.0136410000000006
 33
-0.1969369999999999
  0
3DFACE
  5
100
330
2
100
AcDbEntity
  8
0
100
AcDbFace
 10
0.4011890000000001
 20
-0.0165130000000004
 30
-0.6933160000000002
 11
0.9019399999999999
 21
-0.0136410000000006
 31
-0.1969369999999999
 12
0.894786
 22
-0.0186440000000005
 32
-0.1905849999999999
 13
0.894786
 23
-0.0186440000000005
 33
-0.1905849999999999
  0
3DFACE
  5
101
330
2
100
AcDbEntity
  8
0
100
AcDbFace
 10
0.4011890000000001
 20
-0.0165130000000004
 30
-0.6933160000000002
 11
0.894786
 21
-0.0186440000000005
 31
-0.1905849999999999
 12
0.3816400000000001
 22
-0.0186860000000003
 32
-0.7015060000000001
 13
0.3816400000000001
 23
-0.0186860000000003
 33
-0.7015060000000001
  0
3DFACE
  5
102
330
2
100
AcDbEntity
  8
0
100
AcDbFace
 10
0.3816400000000001
 20
-0.0186860000000003
 30
-0.7015060000000001
 11
0.894786
 21
-0.0186440000000005
 31
-0.1905849999999999
 12
0.3872820000000001
 22
-0.0175800000000003
 32
-0.6865040000000004
 13
0.3872820000000001
 23
-0.0175800000000003
 33
-0.6865040000000004
  0
3DFACE
  5
103
330
2
100
AcDbEntity
  8
0
100
AcDbFace
 10
0.3872820000000001
 20
-0.0175800000000003
 30
-0.6865040000000004
 11
0.894786
 21
-0.0186440000000005
 31
-0.1905849999999999
 12
0.8830059999999997
 22
-0.0162980000000006
 32
-0.1880459999999999
 13
0.8830059999999997
 23
-0.0162980000000006
 33
-0.1880459999999999
  0
3DFACE
  5
104
330
2
100
AcDbEntity
  8
0
100
AcDbFace
 10
0.3872820000000001
 20
-0.0175800000000003
 30
-0.6865040000000004
 11
0.8830059999999997
 21
-0.0162980000000006
 31
-0.1880459999999999
 12
0.369782
 22
-0.0105760000000003
 32
-0.6901600000000001
 13
0.369782
 23
-0.0105760000000003
 33
-0.6901600000000001
  0
3DFACE
  5
105
330
2
100
AcDbEntity
  8
0
100
AcDbFace
 10
0.369782
 20
-0.0105760000000003
 30
-0.6901600000000001
 11
0.8830059999999997
 21
-0.0162980000000006
 31
-0.1880459999999999
 12
0.8786629999999997
 22
-0.0073470000000005
 32
-0.1824819999999999
 13
0.8786629999999997
 23
-0.0073470000000005
 33
-0.1824819999999999
  0
3DFACE
  5
106
330
2
100
AcDbEntity
  8
0
100
AcDbFace
 10
0.369782
 20
-0.0105760000000003
 30
-0.6901600000000001
 11
0.8786629999999997
 21
-0.0073470000000005
 31
-0.1824819999999999
 12
0.3806560000000001
 22
-0.0046020000000002
 32
-0.67909
 13
0.3806560000000001
 23
-0.0046020000000002
 33
-0.67909
  0
3DFACE
  5
107
330
2
100
AcDbEntity
  8
0
100
AcDbFace
 10
0.3806560000000001
 20
-0.0046020000000002
 30
-0.67909
 11
0.8786629999999997
 21
-0.0073470000000005
 31
-0.1824819999999999
 12
0.381135
 22
0.0027989999999997
 32
-0.6795900000000003
 13
0.381135
 23
0.0027989999999997
 33
-0.6795900000000003
  0
3DFACE
  5
108
330
2
100
AcDbEntity
  8
0
100
AcDbFace
 10
0.381135
 20
0.0027989999999997
 30
-0.6795900000000003
 11
0.8786629999999997
 21
-0.0073470000000005
 31
-0.1824819999999999
 12
0.878519
 22
0.0020649999999994
 32
-0.1820379999999999
 13
0.878519
 23
0.0020649999999994
 33
-0.1820379999999999
  0
3DFACE
  5
109
330
2
100
AcDbEntity
  8
0
100
AcDbFace
 10
0.381135
 20
0.0027989999999997
 30
-0.6795900000000003
 11
0.878519
 21
0.0020649999999994
 31
-0.1820379999999999
 12
0.8790609999999999
 22
0.0090519999999996
 32
-0.1879729999999999
 13
0.8790609999999999
 23
0.0090519999999996
 33
-0.1879729999999999
  0
3DFACE
  5
10A
330
2
100
AcDbEntity
  8
0
100
AcDbFace
 10
0.381135
 20
0.0027989999999997
 30
-0.6795900000000003
 11
0.8790609999999999
 21
0.0090519999999996
 31
-0.1879729999999999
 12
0.3793200000000001
 22
0.0080769999999997
 32
-0.6851520000000001
 13
0.3793200000000001
 23
0.0080769999999997
 33
-0.6851520000000001
  0
3DFACE
  5
10B
330
2
100
AcDbEntity
  8
0
100
AcDbFace
 10
0.3793200000000001
 20
0.0080769999999997
 30
-0.6851520000000001
 11
0.8790609999999999
 21
0.0090519999999996
 31
-0.1879729999999999
 12
0.3721999999999999
 22
0.0131989999999999
 32
-0.7000830000000004
 13
0.3721999999999999
 23
0.0131989999999999
 33
-0.7000830000000004
  0
3DFACE
  5
10C
330
2
100
AcDbEntity
  8
0
100
AcDbFace
 10
0.3721999999999999
 20
0.0131989999999999
 30
-0.7000830000000004
 11
0.8790609999999999
 21
0.0090519999999996
 31
-0.1879729999999999
 12
0.8942049999999998
 22
0.0131009999999998
 32
-0.1797909999999999
 13
0.8942049999999998
 23
0.0131009999999998
 33
-0.1797909999999999
  0
3DFACE
  5
10D
330
2
100
AcDbEntity
  8
0
100
AcDbFace
 10
0.3721999999999999
 20
0.0131989999999999
 30
-0.7000830000000004
 11
0.8942049999999998
 21
0.0131009999999998
 31
-0.1797909999999999
 12
0.8943839999999998
 22
0.0132619999999997
 32
-0.1937099999999999
 13
0.8943839999999998
 23
0.0132619999999997
 33
-0.1937099999999999
  0
3DFACE
  5
10E
330
2
100
AcDbEntity
  8
0
100
AcDbFace
 10
0.3721999999999999
 20
0.0131989999999999
 30
-0.7000830000000004
 11
0.8943839999999998
 21
0.0132619999999997
 31
-0.1937099999999999
 12
0.3903209999999999
 22
0.0130589999999997
 32
-0.6983610000000004
 13
0.3903209999999999
 23
0.0130589999999997
 33
-0.6983610000000004
  0
3DFACE
  5
10F
330
2
100
AcDbEntity
  8
0
100
AcDbFace
 10
0.3903209999999999
 20
0.0130589999999997
 30
-0.6983610000000004
 11
0.8943839999999998
 21
0.0132619999999997
 31
-0.1937099999999999
 12
0.3986760000000001
 22
0.0098559999999998
 32
-0.699182
 13
0.3986760000000001
 23
0.0098559999999998
 33
-0.699182
  0
3DFACE
  5
110
330
2
100
AcDbEntity
  8
0
100
AcDbFace
 10
0.3986760000000001
 20
0.0098559999999998
 30
-0.699182
 11
0.8943839999999998
 21
0.0132619999999997
 31
-0.1937099999999999
 12
0.9001759999999999
 22
0.0088669999999995
 32
-0.1991419999999999
 13
0.9001759999999999
 23
0.0088669999999995
 33
-0.1991419999999999
  0
3DFACE
  5
111
330
2
100
AcDbEntity
  8
0
100
AcDbFace
 10
0.3986760000000001
 20
0.0098559999999998
 30
-0.699182
 11
0.9001759999999999
 21
0.0088669999999995
 31
-0.1991419999999999
 12
0.4015020000000001
 22
0.0037929999999997
 32
-0.7024160000000002
 13
0.4015020000000001
 23
0.0037929999999997
 33
-0.7024160000000002
  0
3DFACE
  5
112
330
2
100
AcDbEntity
  8
0
100
AcDbFace
 10
0.4015020000000001
 20
0.0037929999999997
 30
-0.7024160000000002
 11
0.9001759999999999
 21
0.0088669999999995
 31
-0.1991419999999999
 12
0.9031019999999999
 22
0.0033019999999994
 32
-0.2010539999999999
 13
0.9031019999999999
 23
0.0033019999999994
 33
-0.2010539999999999
  0
3DFACE
  5
113
330
2
100
AcDbEntity
  8
0
100
AcDbFace
 10
0.0412300000000001
 20
0.0064969999999998
 30
-0.755661
 11
0.0412300000000001
 21
-0.0055970000000002
 31
-0.7580770000000002
 12
0.0412300000000001
 22
-0.0158570000000003
 32
-0.7512340000000001
 13
0.0412300000000001
 23
-0.0158570000000003
 33
-0.7512340000000001
  0
3DFACE
  5
114
330
2
100
AcDbEntity
  8
0
100
AcDbFace
 10
0.0412300000000001
 20
0.0064969999999998
 30
-0.755661
 11
0.0412300000000001
 21
-0.0158570000000003
 31
-0.7512340000000001
 12
0.0412300000000001
 22
0.0133399999999999
 32
-0.7454
 13
0.0412300000000001
 23
0.0133399999999999
 33
-0.7454
  0
3DFACE
  5
115
330
2
100
AcDbEntity
  8
0
100
AcDbFace
 10
0.0412300000000001
 20
0.0133399999999999
 30
-0.7454
 11
0.0412300000000001
 21
-0.0158570000000003
 31
-0.7512340000000001
 12
0.0412300000000001
 22
-0.0182740000000003
 32
-0.7391399999999999
 13
0.0412300000000001
 23
-0.0182740000000003
 33
-0.7391399999999999
  0
3DFACE
  5
116
330
2
100
AcDbEntity
  8
0
100
AcDbFace
 10
0.0412300000000001
 20
0.0133399999999999
 30
-0.7454
 11
0.0412300000000001
 21
-0.0182740000000003
 31
-0.7391399999999999
 12
0.0412300000000001
 22
0.0109239999999998
 32
-0.7333070000000001
 13
0.0412300000000001
 23
0.0109239999999998
 33
-0.7333070000000001
  0
3DFACE
  5
117
330
2
100
AcDbEntity
  8
0
100
AcDbFace
 10
0.0412300000000001
 20
0.0109239999999998
 30
-0.7333070000000001
 11
0.0412300000000001
 21
-0.0182740000000003
 31
-0.7391399999999999
 12
0.0412300000000001
 22
-0.0114310000000002
 32
-0.7288800000000001
 13
0.0412300000000001
 23
-0.0114310000000002
 33
-0.7288800000000001
  0
3DFACE
  5
118
330
2
100
AcDbEntity
  8
0
100
AcDbFace
 10
0.0412300000000001
 20
0.0109239999999998
 30
-0.7333070000000001
 11
0.0412300000000001
 21
-0.0114310000000002
 31
-0.7288800000000001
 12
0.0412300000000001
 22
0.0006629999999999
 32
-0.726464
 13
0.0412300000000001
 23
0.0006629999999999
 33
-0.726464
  0
3DFACE
  5
119
330
2
100
AcDbEntity
  8
0
100
AcDbFace
 10
0.9580769999999995
 20
-0.0055970000000002
 30
1.458769999999999
 11
0.9556609999999999
 21
0.0064969999999998
 31
1.458769999999999
 12
0.9522289999999998
 22
-0.0154450000000003
 32
1.458769999999999
 13
0.9522289999999998
 23
-0.0154450000000003
 33
1.458769999999999
  0
3DFACE
  5
11A
330
2
100
AcDbEntity
  8
0
100
AcDbFace
 10
0.9522289999999998
 20
-0.0154450000000003
 30
1.458769999999999
 11
0.9556609999999999
 21
0.0064969999999998
 31
1.458769999999999
 12
0.9485309999999998
 22
0.0126469999999999
 32
1.458769999999999
 13
0.9485309999999998
 23
0.0126469999999999
 33
1.458769999999999
  0
3DFACE
  5
11B
330
2
100
AcDbEntity
  8
0
100
AcDbFace
 10
0.9522289999999998
 20
-0.0154450000000003
 30
1.458769999999999
 11
0.9485309999999998
 21
0.0126469999999999
 31
1.458769999999999
 12
0.9402079999999999
 22
-0.0181330000000003
 32
1.458769999999999
 13
0.9402079999999999
 23
-0.0181330000000003
 33
1.458769999999999
  0
3DFACE
  5
11C
330
2
100
AcDbEntity
  8
0
100
AcDbFace
 10
0.9402079999999999
 20
-0.0181330000000003
 30
1.458769999999999
 11
0.9485309999999998
 21
0.0126469999999999
 31
1.458769999999999
 12
0.9391399999999999
 22
0.01334
 32
1.458769999999999
 13
0.9391399999999999
 23
0.01334
 33
1.458769999999999
  0
3DFACE
  5
11D
330
2
100
AcDbEntity
  8
0
100
AcDbFace
 10
0.9402079999999999
 20
-0.0181330000000003
 30
1.458769999999999
 11
0.9391399999999999
 21
0.01334
 31
1.458769999999999
 12
0.9288799999999998
 22
-0.0114310000000003
 32
1.458769999999999
 13
0.9288799999999998
 23
-0.0114310000000003
 33
1.458769999999999
  0
3DFACE
  5
11E
330
2
100
AcDbEntity
  8
0
100
AcDbFace
 10
0.9288799999999998
 20
-0.0114310000000003
 30
1.458769999999999
 11
0.9391399999999999
 21
0.01334
 31
1.458769999999999
 12
0.9273249999999999
 22
0.0020149999999997
 32
1.458769999999999
 13
0.9273249999999999
 23
0.0020149999999997
 33
1.458769999999999
  0
3DFACE
  5
11F
330
2
100
AcDbEntity
  8
0
100
AcDbFace
 10
0.79123
 20
0.0010329999999997
 30
0.0141950000000001
 11
0.91791
 21
-0.0015920000000006
 31
-0.1124849999999999
 12
0.79123
 22
-0.0059670000000004
 32
0.0141950000000001
 13
0.79123
 23
-0.0059670000000004
 33
0.0141950000000001
  0
3DFACE
  5
120
330
2
100
AcDbEntity
  8
0
100
AcDbFace
 10
0.91791
 20
-0.0015920000000006
 30
-0.1124849999999999
 11
0.9240960000000001
 21
-0.0059670000000004
 31
-0.0811699999999999
 12
0.79123
 22
-0.0059670000000004
 32
0.0141950000000001
 13
0.79123
 23
-0.0059670000000004
 33
0.0141950000000001
  0
3DFACE
  5
121
330
2
100
AcDbEntity
  8
0
100
AcDbFace
 10
0.9240960000000001
 20
-0.0059670000000004
 30
-0.0811699999999999
 11
0.9274649999999999
 21
-0.0088490000000004
 31
0.0141950000000001
 12
0.79123
 22
-0.0059670000000004
 32
0.0141950000000001
 13
0.79123
 23
-0.0059670000000004
 33
0.0141950000000001
  0
3DFACE
  5
122
330
2
100
AcDbEntity
  8
0
100
AcDbFace
 10
0.9274649999999999
 20
0.0039159999999995
 30
0.0141950000000001
 11
0.925007
 21
0.0010329999999995
 31
-0.0720659999999999
 12
0.79123
 22
0.0010329999999997
 32
0.0141950000000001
 13
0.79123
 23
0.0010329999999997
 33
0.0141950000000001
  0
3DFACE
  5
123
330
2
100
AcDbEntity
  8
0
100
AcDbFace
 10
0.925007
 20
0.0010329999999995
 30
-0.0720659999999999
 11
0.91791
 21
-0.0015920000000006
 31
-0.1124849999999999
 12
0.79123
 22
0.0010329999999997
 32
0.0141950000000001
 13
0.79123
 23
0.0010329999999997
 33
0.0141950000000001
  0
3DFACE
  5
124
330
2
100
AcDbEntity
  8
0
100
AcDbFace
 10
0.9390709999999998
 20
0.0160799999999997
 30
0.0141950000000001
 11
0.935134
 21
0.0122569999999996
 31
0.0141950000000001
 12
0.79123
 22
0.0010329999999997
 32
0.0141950000000001
 13
0.79123
 23
0.0010329999999997
 33
0.0141950000000001
  0
3DFACE
  5
125
330
2
100
AcDbEntity
  8
0
100
AcDbFace
 10
0.79123
 20
0.0010329999999997
 30
0.0141950000000001
 11
0.935134
 21
0.0122569999999996
 31
0.0141950000000001
 12
0.9274649999999999
 22
0.0039159999999995
 32
0.0141950000000001
 13
0.9274649999999999
 23
0.0039159999999995
 33
0.0141950000000001
  0
3DFACE
  5
126
330
2
100
AcDbEntity
  8
0
100
AcDbFace
 10
0.79123
 20
-0.0059670000000004
 30
0.0141950000000001
 11
0.13123
 21
-0.0224670000000002
 31
0.014195
 12
0.79123
 22
0.0010329999999997
 32
0.0141950000000001
 13
0.79123
 23
0.0010329999999997
 33
0.0141950000000001
  0
3DFACE
  5
127
330
2
100
AcDbEntity
  8
0
100
AcDbFace
 10
0.79123
 20
0.0010329999999997
 30
0.0141950000000001
 11
0.13123
 21
-0.0224670000000002
 31
0.014195
 12
0.13123
 22
0.0175329999999999
 32
0.014195
 13
0.13123
 23
0.0175329999999999
 33
0.014195
  0
3DFACE
  5
128
330
2
100
AcDbEntity
  8
0
100
AcDbFace
 10
0.79123
 20
0.0010329999999997
 30
0.0141950000000001
 11
0.13123
 21
0.0175329999999999
 31
0.014195
 12
0.9390709999999998
 22
0.0160799999999997
 32
0.0141950000000001
 13
0.9390709999999998
 23
0.0160799999999997
 33
0.0141950000000001
  0
3DFACE
  5
129
330
2
100
AcDbEntity
  8
0
100
AcDbFace
 10
0.79123
 20
-0.0059670000000004
 30
0.0141950000000001
 11
0.9274649999999999
 21
-0.0088490000000004
 31
0.0141950000000001
 12
0.9397059999999999
 22
-0.0202650000000006
 32
0.0141950000000001
 13
0.9397059999999999
 23
-0.0202650000000006
 33
0.0141950000000001
  0
3DFACE
  5
12A
330
2
100
AcDbEntity
  8
0
100
AcDbFace
 10
0.79123
 20
-0.0059670000000004
 30
0.0141950000000001
 11
0.9397059999999999
 21
-0.0202650000000006
 31
0.0141950000000001
 12
0.13123
 22
-0.0224670000000002
 32
0.014195
 13
0.13123
 23
-0.0224670000000002
 33
0.014195
  0
3DFACE
  5
12B
330
2
100
AcDbEntity
  8
0
100
AcDbFace
 10
-0.05877
 20
-0.0224670000000002
 30
0.054195
 11
-0.05877
 21
0.0175329999999999
 31
0.054195
 12
-0.05877
 22
-0.0224670000000002
 32
0.014195
 13
-0.05877
 23
-0.0224670000000002
 33
0.014195
  0
3DFACE
  5
12C
330
2
100
AcDbEntity
  8
0
100
AcDbFace
 10
-0.05877
 20
-0.0224670000000002
 30
0.014195
 11
-0.05877
 21
0.0175329999999999
 31
0.054195
 12
-0.05877
 22
0.0175329999999999
 32
0.014195
 13
-0.05877
 23
0.0175329999999999
 33
0.014195
  0
3DFACE
  5
12D
330
2
100
AcDbEntity
  8
0
100
AcDbFace
 10
-0.039643
 20
0.0175329999999999
 30
0.037529
 11
-0.034013
 21
0.0305329999999998
 31
0.041097
 12
-0.030873
 22
0.0175329999999999
 32
0.040637
 13
-0.030873
 23
0.0175329999999999
 33
0.040637
  0
3DFACE
  5
12E
330
2
100
AcDbEntity
  8
0
100
AcDbFace
 10
-0.030873
 20
0.0175329999999999
 30
0.040637
 11
-0.034013
 21
0.0305329999999998
 31
0.041097
 12
-0.027018
 22
0.0305329999999998
 32
0.034147
 13
-0.027018
 23
0.0305329999999998
 33
0.034147
  0
3DFACE
  5
12F
330
2
100
AcDbEntity
  8
0
100
AcDbFace
 10
-0.030873
 20
0.0175329999999999
 30
0.040637
 11
-0.027018
 21
0.0305329999999998
 31
0.034147
 12
-0.026649
 22
0.0175329999999999
 32
0.033258
 13
-0.026649
 23
0.0175329999999999
 33
0.033258
  0
3DFACE
  5
130
330
2
100
AcDbEntity
  8
0
100
AcDbFace
 10
-0.026649
 20
0.0175329999999999
 30
0.033258
 11
-0.027018
 21
0.0305329999999998
 31
0.034147
 12
-0.031022
 22
0.0175329999999999
 32
0.027559
 13
-0.031022
 23
0.0175329999999999
 33
0.027559
  0
3DFACE
  5
131
330
2
100
AcDbEntity
  8
0
100
AcDbFace
 10
-0.031022
 20
0.0175329999999999
 30
0.027559
 11
-0.027018
 21
0.0305329999999998
 31
0.034147
 12
-0.031022
 22
0.0305329999999998
 32
0.027559
 13
-0.031022
 23
0.0305329999999998
 33
0.027559
  0
3DFACE
  5
132
330
2
100
AcDbEntity
  8
0
100
AcDbFace
 10
-0.031022
 20
0.0175329999999999
 30
0.027559
 11
-0.031022
 21
0.0305329999999998
 31
0.027559
 12
-0.038236
 22
0.0175329999999999
 32
0.028723
 13
-0.038236
 23
0.0175329999999999
 33
0.028723
  0
3DFACE
  5
133
330
2
100
AcDbEntity
  8
0
100
AcDbFace
 10
-0.038236
 20
0.0175329999999999
 30
0.028723
 11
-0.031022
 21
0.0305329999999998
 31
0.027559
 12
-0.039242
 22
0.0305329999999998
 32
0.029729
 13
-0.039242
 23
0.0305329999999998
 33
0.029729
  0
3DFACE
  5
134
330
2
100
AcDbEntity
  8
0
100
AcDbFace
 10
-0.038236
 20
0.0175329999999999
 30
0.028723
 11
-0.039242
 21
0.0305329999999998
 31
0.029729
 12
-0.039643
 22
0.0175329999999999
 32
0.037529
 13
-0.039643
 23
0.0175329999999999
 33
0.037529
  0
3DFACE
  5
135
330
2
100
AcDbEntity
  8
0
100
AcDbFace
 10
-0.039643
 20
0.0175329999999999
 30
0.037529
 11
-0.039242
 21
0.0305329999999998
 31
0.029729
 12
-0.040406
 22
0.0305329999999998
 32
0.036944
 13
-0.040406
 23
0.0305329999999998
 33
0.036944
  0
3DFACE
  5
136
330
2
100
AcDbEntity
  8
0
100
AcDbFace
 10
-0.039643
 20
0.0175329999999999
 30
0.037529
 11
-0.040406
 21
0.0305329999999998
 31
0.036944
 12
-0.034013
 22
0.0305329999999998
 32
0.041097
 13
-0.034013
 23
0.0305329999999998
 33
0.041097
  0
3DFACE
  5
137
330
2
100
AcDbEntity
  8
0
100
AcDbFace
 10
-0.02627
 20
0.0175329999999999
 30
0.021205
 11
-0.02627
 21
0.0305329999999998
 31
0.021205
 12
-0.01877
 22
0.0175329999999999
 32
0.034195
 13
-0.01877
 23
0.0175329999999999
 33
0.034195
  0
3DFACE
  5
138
330
2
100
AcDbEntity
  8
0
100
AcDbFace
 10
-0.01877
 20
0.0175329999999999
 30
0.034195
 11
-0.02627
 21
0.0305329999999998
 31
0.021205
 12
-0.01877
 22
0.0305329999999998
 32
0.034195
 13
-0.01877
 23
0.0305329999999998
 33
0.034195
  0
3DFACE
  5
139
330
2
100
AcDbEntity
  8
0
100
AcDbFace
 10
-0.04127
 20
0.0175329999999999
 30
0.021205
 11
-0.04127
 21
0.0305329999999998
 31
0.021205
 12
-0.02627
 22
0.0175329999999999
 32
0.021205
 13
-0.02627
 23
0.0175329999999999
 33
0.021205
  0
3DFACE
  5
13A
330
2
100
AcDbEntity
  8
0
100
AcDbFace
 10
-0.02627
 20
0.0175329999999999
 30
0.021205
 11
-0.04127
 21
0.0305329999999998
 31
0.021205
 12
-0.02627
 22
0.0305329999999998
 32
0.021205
 13
-0.02627
 23
0.0305329999999998
 33
0.021205
  0
3DFACE
  5
13B
330
2
100
AcDbEntity
  8
0
100
AcDbFace
 10
-0.04877
 20
0.0175329999999999
 30
0.034195
 11
-0.04877
 21
0.0305329999999998
 31
0.034195
 12
-0.04127
 22
0.0175329999999999
 32
0.021205
 13
-0.04127
 23
0.0175329999999999
 33
0.021205
  0
3DFACE
  5
13C
330
2
100
AcDbEntity
  8
0
100
AcDbFace
 10
-0.04127
 20
0.0175329999999999
 30
0.021205
 11
-0.04877
 21
0.0305329999999998
 31
0.034195
 12
-0.04127
 22
0.0305329999999998
 32
0.021205
 13
-0.04127
 23
0.0305329999999998
 33
0.021205
  0
3DFACE
  5
13D
330
2
100
AcDbEntity
  8
0
100
AcDbFace
 10
-0.04127
 20
0.0175329999999999
 30
0.047185
 11
-0.04127
 21
0.0305329999999998
 31
0.047185
 12
-0.04877
 22
0.0175329999999999
 32
0.034195
 13
-0.04877
 23
0.0175329999999999
 33
0.034195
  0
3DFACE
  5
13E
330
2
100
AcDbEntity
  8
0
100
AcDbFace
 10
-0.04877
 20
0.0175329999999999
 30
0.034195
 11
-0.04127
 21
0.0305329999999998
 31
0.047185
 12
-0.04877
 22
0.0305329999999998
 32
0.034195
 13
-0.04877
 23
0.0305329999999998
 33
0.034195
  0
3DFACE
  5
13F
330
2
100
AcDbEntity
  8
0
100
AcDbFace
 10
-0.02627
 20
0.0175329999999999
 30
0.047185
 11
-0.02627
 21
0.0305329999999998
 31
0.047185
 12
-0.04127
 22
0.0175329999999999
 32
0.047185
 13
-0.04127
 23
0.0175329999999999
 33
0.047185
  0
3DFACE
  5
140
330
2
100
AcDbEntity
  8
0
100
AcDbFace
 10
-0.04127
 20
0.0175329999999999
 30
0.047185
 11
-0.02627
 21
0.0305329999999998
 31
0.047185
 12
-0.04127
 22
0.0305329999999998
 32
0.047185
 13
-0.04127
 23
0.0305329999999998
 33
0.047185
  0
3DFACE
  5
141
330
2
100
AcDbEntity
  8
0
100
AcDbFace
 10
-0.01877
 20
0.0175329999999999
 30
0.034195
 11
-0.01877
 21
0.0305329999999998
 31
0.034195
 12
-0.02627
 22
0.0175329999999999
 32
0.047185
 13
-0.02627
 23
0.0175329999999999
 33
0.047185
  0
3DFACE
  5
142
330
2
100
AcDbEntity
  8
0
100
AcDbFace
 10
-0.02627
 20
0.0175329999999999
 30
0.047185
 11
-0.01877
 21
0.0305329999999998
 31
0.034195
 12
-0.02627
 22
0.0305329999999998
 32
0.047185
 13
-0.02627
 23
0.0305329999999998
 33
0.047185
  0
3DFACE
  5
143
330
2
100
AcDbEntity
  8
0
100
AcDbFace
 10
-0.031022
 20
0.0305329999999998
 30
0.027559
 11
-0.02627
 21
0.0305329999999998
 31
0.021205
 12
-0.04127
 22
0.0305329999999998
 32
0.021205
 13
-0.04127
 23
0.0305329999999998
 33
0.021205
  0
3DFACE
  5
144
330
2
100
AcDbEntity
  8
0
100
AcDbFace
 10
-0.031022
 20
0.0305329999999998
 30
0.027559
 11
-0.04127
 21
0.0305329999999998
 31
0.021205
 12
-0.039242
 22
0.0305329999999998
 32
0.029729
 13
-0.039242
 23
0.0305329999999998
 33
0.029729
  0
3DFACE
  5
145
330
2
100
AcDbEntity
  8
0
100
AcDbFace
 10
-0.039242
 20
0.0305329999999998
 30
0.029729
 11
-0.04127
 21
0.0305329999999998
 31
0.021205
 12
-0.04877
 22
0.0305329999999998
 32
0.034195
 13
-0.04877
 23
0.0305329999999998
 33
0.034195
  0
3DFACE
  5
146
330
2
100
AcDbEntity
  8
0
100
AcDbFace
 10
-0.039242
 20
0.0305329999999998
 30
0.029729
 11
-0.04877
 21
0.0305329999999998
 31
0.034195
 12
-0.040406
 22
0.0305329999999998
 32
0.036944
 13
-0.040406
 23
0.0305329999999998
 33
0.036944
  0
3DFACE
  5
147
330
2
100
AcDbEntity
  8
0
100
AcDbFace
 10
-0.040406
 20
0.0305329999999998
 30
0.036944
 11
-0.04877
 21
0.0305329999999998
 31
0.034195
 12
-0.04127
 22
0.0305329999999998
 32
0.047185
 13
-0.04127
 23
0.0305329999999998
 33
0.047185
  0
3DFACE
  5
148
330
2
100
AcDbEntity
  8
0
100
AcDbFace
 10
-0.040406
 20
0.0305329999999998
 30
0.036944
 11
-0.04127
 21
0.0305329999999998
 31
0.047185
 12
-0.034013
 22
0.0305329999999998
 32
0.041097
 13
-0.034013
 23
0.0305329999999998
 33
0.041097
  0
3DFACE
  5
149
330
2
100
AcDbEntity
  8
0
100
AcDbFace
 10
-0.034013
 20
0.0305329999999998
 30
0.041097
 11
-0.04127
 21
0.0305329999999998
 31
0.047185
 12
-0.02627
 22
0.0305329999999998
 32
0.047185
 13
-0.02627
 23
0.0305329999999998
 33
0.047185
  0
3DFACE
  5
14A
330
2
100
AcDbEntity
  8
0
100
AcDbFace
 10
-0.034013
 20
0.0305329999999998
 30
0.041097
 11
-0.02627
 21
0.0305329999999998
 31
0.047185
 12
-0.027018
 22
0.0305329999999998
 32
0.034147
 13
-0.027018
 23
0.0305329999999998
 33
0.034147
  0
3DFACE
  5
14B
330
2
100
AcDbEntity
  8
0
100
AcDbFace
 10
-0.027018
 20
0.0305329999999998
 30
0.034147
 11
-0.02627
 21
0.0305329999999998
 31
0.047185
 12
-0.01877
 22
0.0305329999999998
 32
0.034195
 13
-0.01877
 23
0.0305329999999998
 33
0.034195
  0
3DFACE
  5
14C
330
2
100
AcDbEntity
  8
0
100
AcDbFace
 10
-0.027018
 20
0.0305329999999998
 30
0.034147
 11
-0.01877
 21
0.0305329999999998
 31
0.034195
 12
-0.02627
 22
0.0305329999999998
 32
0.021205
 13
-0.02627
 23
0.0305329999999998
 33
0.021205
  0
3DFACE
  5
14D
330
2
100
AcDbEntity
  8
0
100
AcDbFace
 10
-0.027018
 20
0.0305329999999998
 30
0.034147
 11
-0.02627
 21
0.0305329999999998
 31
0.021205
 12
-0.031022
 22
0.0305329999999998
 32
0.027559
 13
-0.031022
 23
0.0305329999999998
 33
0.027559
  0
3DFACE
  5
14E
330
2
100
AcDbEntity
  8
0
100
AcDbFace
 10
-0.033219
 20
0.0002539999999998
 30
-0.05549
 11
-0.040495
 21
0.004257
 31
-0.055409
 12
-0.034829
 22
0.0033209999999999
 32
-0.055191
 13
-0.034829
 23
0.0033209999999999
 33
-0.055191
  0
3DFACE
  5
14F
330
2
100
AcDbEntity
  8
0
100
AcDbFace
 10
-0.03666
 20
-0.0087700000000001
 30
-0.05549
 11
-0.04067
 21
-0.009522
 31
-0.055186
 12
-0.044091
 22
-0.0072070000000001
 32
-0.055498
 13
-0.044091
 23
-0.0072070000000001
 33
-0.055498
  0
3DFACE
  5
150
330
2
100
AcDbEntity
  8
0
100
AcDbFace
 10
-0.045906
 20
-0.0011410000000002
 30
0.014195
 11
-0.046235
 21
-0.002229
 31
-0.055403
 12
-0.044091
 22
-0.0072070000000001
 32
-0.055498
 13
-0.044091
 23
-0.0072070000000001
 33
-0.055498
  0
3DFACE
  5
151
330
2
100
AcDbEntity
  8
0
100
AcDbFace
 10
-0.045906
 20
-0.0011410000000002
 30
0.014195
 11
-0.044091
 21
-0.0072070000000001
 31
-0.055498
 12
-0.043345
 22
-0.0085530000000001
 32
0.014195
 13
-0.043345
 23
-0.0085530000000001
 33
0.014195
  0
3DFACE
  5
152
330
2
100
AcDbEntity
  8
0
100
AcDbFace
 10
-0.043345
 20
-0.0085530000000001
 30
0.014195
 11
-0.044091
 21
-0.0072070000000001
 31
-0.055498
 12
-0.04067
 22
-0.009522
 32
-0.055186
 13
-0.04067
 23
-0.009522
 33
-0.055186
  0
3DFACE
  5
153
330
2
100
AcDbEntity
  8
0
100
AcDbFace
 10
-0.043345
 20
-0.0085530000000001
 30
0.014195
 11
-0.04067
 21
-0.009522
 31
-0.055186
 12
-0.035516
 22
-0.008096
 32
0.014195
 13
-0.035516
 23
-0.008096
 33
0.014195
  0
3DFACE
  5
154
330
2
100
AcDbEntity
  8
0
100
AcDbFace
 10
-0.035516
 20
-0.008096
 30
0.014195
 11
-0.04067
 21
-0.009522
 31
-0.055186
 12
-0.03666
 22
-0.0087700000000001
 32
-0.05549
 13
-0.03666
 23
-0.0087700000000001
 33
-0.05549
  0
3DFACE
  5
155
330
2
100
AcDbEntity
  8
0
100
AcDbFace
 10
-0.035516
 20
-0.008096
 30
0.014195
 11
-0.03666
 21
-0.0087700000000001
 31
-0.05549
 12
-0.032838
 22
-0.0051180000000001
 32
-0.055266
 13
-0.032838
 23
-0.0051180000000001
 33
-0.055266
  0
3DFACE
  5
156
330
2
100
AcDbEntity
  8
0
100
AcDbFace
 10
-0.035516
 20
-0.008096
 30
0.014195
 11
-0.032838
 21
-0.0051180000000001
 31
-0.055266
 12
-0.032085
 22
-0.001044
 32
0.014195
 13
-0.032085
 23
-0.001044
 33
0.014195
  0
3DFACE
  5
157
330
2
100
AcDbEntity
  8
0
100
AcDbFace
 10
-0.032085
 20
-0.001044
 30
0.014195
 11
-0.032838
 21
-0.0051180000000001
 31
-0.055266
 12
-0.033219
 22
0.0002539999999998
 32
-0.05549
 13
-0.033219
 23
0.0002539999999998
 33
-0.05549
  0
3DFACE
  5
158
330
2
100
AcDbEntity
  8
0
100
AcDbFace
 10
-0.032085
 20
-0.001044
 30
0.014195
 11
-0.033219
 21
0.0002539999999998
 31
-0.05549
 12
-0.037944
 22
0.0041689999999998
 32
0.014195
 13
-0.037944
 23
0.0041689999999998
 33
0.014195
  0
3DFACE
  5
159
330
2
100
AcDbEntity
  8
0
100
AcDbFace
 10
-0.037944
 20
0.0041689999999998
 30
0.014195
 11
-0.033219
 21
0.0002539999999998
 31
-0.05549
 12
-0.034829
 22
0.0033209999999999
 32
-0.055191
 13
-0.034829
 23
0.0033209999999999
 33
-0.055191
  0
3DFACE
  5
15A
330
2
100
AcDbEntity
  8
0
100
AcDbFace
 10
-0.037944
 20
0.0041689999999998
 30
0.014195
 11
-0.034829
 21
0.0033209999999999
 31
-0.055191
 12
-0.040495
 22
0.004257
 32
-0.055409
 13
-0.040495
 23
0.004257
 33
-0.055409
  0
3DFACE
  5
15B
330
2
100
AcDbEntity
  8
0
100
AcDbFace
 10
-0.037944
 20
0.0041689999999998
 30
0.014195
 11
-0.040495
 21
0.004257
 31
-0.055409
 12
-0.045906
 22
-0.0011410000000002
 32
0.014195
 13
-0.045906
 23
-0.0011410000000002
 33
0.014195
  0
3DFACE
  5
15C
330
2
100
AcDbEntity
  8
0
100
AcDbFace
 10
-0.045906
 20
-0.0011410000000002
 30
0.014195
 11
-0.040495
 21
0.004257
 31
-0.055409
 12
-0.044854
 22
0.0018019999999999
 32
-0.055394
 13
-0.044854
 23
0.0018019999999999
 33
-0.055394
  0
3DFACE
  5
15D
330
2
100
AcDbEntity
  8
0
100
AcDbFace
 10
-0.045906
 20
-0.0011410000000002
 30
0.014195
 11
-0.044854
 21
0.0018019999999999
 31
-0.055394
 12
-0.046235
 22
-0.002229
 32
-0.055403
 13
-0.046235
 23
-0.002229
 33
-0.055403
  0
3DFACE
  5
15E
330
2
100
AcDbEntity
  8
0
100
AcDbFace
 10
-0.044091
 20
-0.0072070000000001
 30
-0.055498
 11
-0.046235
 21
-0.002229
 31
-0.055403
 12
-0.044854
 22
0.0018019999999999
 32
-0.055394
 13
-0.044854
 23
0.0018019999999999
 33
-0.055394
  0
3DFACE
  5
15F
330
2
100
AcDbEntity
  8
0
100
AcDbFace
 10
-0.044091
 20
-0.0072070000000001
 30
-0.055498
 11
-0.044854
 21
0.0018019999999999
 31
-0.055394
 12
-0.040495
 22
0.004257
 32
-0.055409
 13
-0.040495
 23
0.004257
 33
-0.055409
  0
3DFACE
  5
160
330
2
100
AcDbEntity
  8
0
100
AcDbFace
 10
-0.044091
 20
-0.0072070000000001
 30
-0.055498
 11
-0.040495
 21
0.004257
 31
-0.055409
 12
-0.03666
 22
-0.0087700000000001
 32
-0.05549
 13
-0.03666
 23
-0.0087700000000001
 33
-0.05549
  0
3DFACE
  5
161
330
2
100
AcDbEntity
  8
0
100
AcDbFace
 10
-0.03666
 20
-0.0087700000000001
 30
-0.05549
 11
-0.040495
 21
0.004257
 31
-0.055409
 12
-0.033219
 22
0.0002539999999998
 32
-0.05549
 13
-0.033219
 23
0.0002539999999998
 33
-0.05549
  0
3DFACE
  5
162
330
2
100
AcDbEntity
  8
0
100
AcDbFace
 10
-0.03666
 20
-0.0087700000000001
 30
-0.05549
 11
-0.033219
 21
0.0002539999999998
 31
-0.05549
 12
-0.032838
 22
-0.0051180000000001
 32
-0.055266
 13
-0.032838
 23
-0.0051180000000001
 33
-0.055266
  0
3DFACE
  5
163
330
2
100
AcDbEntity
  8
0
100
AcDbFace
 10
0.01473
 20
0.0175329999999999
 30
-0.045805
 11
0.01473
 21
-0.0224670000000002
 31
-0.045805
 12
0.01123
 22
0.0175329999999999
 32
0.014195
 13
0.01123
 23
0.0175329999999999
 33
0.014195
  0
3DFACE
  5
164
330
2
100
AcDbEntity
  8
0
100
AcDbFace
 10
0.01123
 20
0.0175329999999999
 30
0.014195
 11
0.01473
 21
-0.0224670000000002
 31
-0.045805
 12
0.01473
 22
-0.0224670000000002
 32
0.014195
 13
0.01473
 23
-0.0224670000000002
 33
0.014195
  0
3DFACE
  5
165
330
2
100
AcDbEntity
  8
0
100
AcDbFace
 10
0.01823
 20
0.0175329999999999
 30
0.014195
 11
0.01473
 21
-0.0224670000000002
 31
0.014195
 12
0.01473
 22
0.0175329999999999
 32
-0.045805
 13
0.01473
 23
0.0175329999999999
 33
-0.045805
  0
3DFACE
  5
166
330
2
100
AcDbEntity
  8
0
100
AcDbFace
 10
0.01473
 20
0.0175329999999999
 30
-0.045805
 11
0.01473
 21
-0.0224670000000002
 31
0.014195
 12
0.01473
 22
-0.0224670000000002
 32
-0.045805
 13
0.01473
 23
-0.0224670000000002
 33
-0.045805
  0
3DFACE
  5
167
330
2
100
AcDbEntity
  8
0
100
AcDbFace
 10
-0.01877
 20
0.0175329999999999
 30
0.034195
 11
0.01123
 21
0.0175329999999999
 31
0.014195
 12
-0.02627
 22
0.0175329999999999
 32
0.021205
 13
-0.02627
 23
0.0175329999999999
 33
0.021205
  0
3DFACE
  5
168
330
2
100
AcDbEntity
  8
0
100
AcDbFace
 10
-0.02627
 20
0.0175329999999999
 30
0.021205
 11
0.01123
 21
0.0175329999999999
 31
0.014195
 12
-0.05877
 22
0.0175329999999999
 32
0.014195
 13
-0.05877
 23
0.0175329999999999
 33
0.014195
  0
3DFACE
  5
169
330
2
100
AcDbEntity
  8
0
100
AcDbFace
 10
-0.02627
 20
0.0175329999999999
 30
0.021205
 11
-0.05877
 21
0.0175329999999999
 31
0.014195
 12
-0.04127
 22
0.0175329999999999
 32
0.021205
 13
-0.04127
 23
0.0175329999999999
 33
0.021205
  0
3DFACE
  5
16A
330
2
100
AcDbEntity
  8
0
100
AcDbFace
 10
-0.04127
 20
0.0175329999999999
 30
0.021205
 11
-0.05877
 21
0.0175329999999999
 31
0.014195
 12
-0.04877
 22
0.0175329999999999
 32
0.034195
 13
-0.04877
 23
0.0175329999999999
 33
0.034195
  0
3DFACE
  5
16B
330
2
100
AcDbEntity
  8
0
100
AcDbFace
 10
-0.04877
 20
0.0175329999999999
 30
0.034195
 11
-0.05877
 21
0.0175329999999999
 31
0.014195
 12
-0.05877
 22
0.0175329999999999
 32
0.054195
 13
-0.05877
 23
0.0175329999999999
 33
0.054195
  0
3DFACE
  5
16C
330
2
100
AcDbEntity
  8
0
100
AcDbFace
 10
-0.04877
 20
0.0175329999999999
 30
0.034195
 11
-0.05877
 21
0.0175329999999999
 31
0.054195
 12
-0.04127
 22
0.0175329999999999
 32
0.047185
 13
-0.04127
 23
0.0175329999999999
 33
0.047185
  0
3DFACE
  5
16D
330
2
100
AcDbEntity
  8
0
100
AcDbFace
 10
-0.04127
 20
0.0175329999999999
 30
0.047185
 11
-0.05877
 21
0.0175329999999999
 31
0.054195
 12
-0.02627
 22
0.0175329999999999
 32
0.047185
 13
-0.02627
 23
0.0175329999999999
 33
0.047185
  0
3DFACE
  5
16E
330
2
100
AcDbEntity
  8
0
100
AcDbFace
 10
-0.02627
 20
0.0175329999999999
 30
0.047185
 11
-0.05877
 21
0.0175329999999999
 31
0.054195
 12
0.8987009999999997
 22
0.0175329999999999
 32
0.0541950000000001
 13
0.8987009999999997
 23
0.0175329999999999
 33
0.0541950000000001
  0
3DFACE
  5
16F
330
2
100
AcDbEntity
  8
0
100
AcDbFace
 10
-0.02627
 20
0.0175329999999999
 30
0.047185
 11
0.8987009999999997
 21
0.0175329999999999
 31
0.0541950000000001
 12
0.13123
 22
0.0175329999999999
 32
0.014195
 13
0.13123
 23
0.0175329999999999
 33
0.014195
  0
3DFACE
  5
170
330
2
100
AcDbEntity
  8
0
100
AcDbFace
 10
0.13123
 20
0.0175329999999999
 30
0.014195
 11
0.8987009999999997
 21
0.0175329999999999
 31
0.0541950000000001
 12
0.9390709999999998
 22
0.0160799999999997
 32
0.0141950000000001
 13
0.9390709999999998
 23
0.0160799999999997
 33
0.0141950000000001
  0
3DFACE
  5
171
330
2
100
AcDbEntity
  8
0
100
AcDbFace
 10
0.9390709999999998
 20
0.0160799999999997
 30
0.0141950000000001
 11
0.8987009999999997
 21
0.0175329999999999
 31
0.0541950000000001
 12
0.9390709999999998
 22
0.0160799999999997
 32
0.0541950000000001
 13
0.9390709999999998
 23
0.0160799999999997
 33
0.0541950000000001
  0
3DFACE
  5
172
330
2
100
AcDbEntity
  8
0
100
AcDbFace
 10
0.01123
 20
0.0175329999999999
 30
0.014195
 11
-0.01877
 21
0.0175329999999999
 31
0.034195
 12
0.01823
 22
0.0175329999999999
 32
0.014195
 13
0.01823
 23
0.0175329999999999
 33
0.014195
  0
3DFACE
  5
173
330
2
100
AcDbEntity
  8
0
100
AcDbFace
 10
0.01823
 20
0.0175329999999999
 30
0.014195
 11
-0.01877
 21
0.0175329999999999
 31
0.034195
 12
-0.02627
 22
0.0175329999999999
 32
0.047185
 13
-0.02627
 23
0.0175329999999999
 33
0.047185
  0
3DFACE
  5
174
330
2
100
AcDbEntity
  8
0
100
AcDbFace
 10
0.01823
 20
0.0175329999999999
 30
0.014195
 11
-0.02627
 21
0.0175329999999999
 31
0.047185
 12
0.09123
 22
0.0175329999999999
 32
0.014195
 13
0.09123
 23
0.0175329999999999
 33
0.014195
  0
3DFACE
  5
175
330
2
100
AcDbEntity
  8
0
100
AcDbFace
 10
0.09123
 20
0.0175329999999999
 30
0.014195
 11
-0.02627
 21
0.0175329999999999
 31
0.047185
 12
0.13123
 22
0.0175329999999999
 32
0.014195
 13
0.13123
 23
0.0175329999999999
 33
0.014195
  0
3DFACE
  5
176
330
2
100
AcDbEntity
  8
0
100
AcDbFace
 10
0.09123
 20
0.0175329999999999
 30
0.014195
 11
0.13123
 21
0.0175329999999999
 31
0.014195
 12
0.1312300000000001
 22
0.0157599999999998
 32
-0.7440000000000003
 13
0.1312300000000001
 23
0.0157599999999998
 33
-0.7440000000000003
  0
3DFACE
  5
177
330
2
100
AcDbEntity
  8
0
100
AcDbFace
 10
0.01823
 20
0.0175329999999999
 30
0.014195
 11
0.01473
 21
0.0175329999999999
 31
-0.045805
 12
0.01123
 22
0.0175329999999999
 32
0.014195
 13
0.01123
 23
0.0175329999999999
 33
0.014195
  0
3DFACE
  5
178
330
2
100
AcDbEntity
  8
0
100
AcDbFace
 10
0.1312300000000001
 20
0.0157599999999998
 30
-0.7440000000000003
 11
0.0912300000000001
 21
0.0157599999999998
 31
-0.7440000000000003
 12
0.09123
 22
0.0175329999999999
 32
0.014195
 13
0.09123
 23
0.0175329999999999
 33
0.014195
  0
3DFACE
  5
179
330
2
100
AcDbEntity
  8
0
100
AcDbFace
 10
0.01473
 20
-0.0224670000000002
 30
0.014195
 11
-0.05877
 21
-0.0224670000000002
 31
0.054195
 12
-0.05877
 22
-0.0224670000000002
 32
0.014195
 13
-0.05877
 23
-0.0224670000000002
 33
0.014195
  0
3DFACE
  5
17A
330
2
100
AcDbEntity
  8
0
100
AcDbFace
 10
0.01473
 20
-0.0224670000000002
 30
0.014195
 11
0.09123
 21
-0.0224670000000002
 31
0.014195
 12
-0.05877
 22
-0.0224670000000002
 32
0.054195
 13
-0.05877
 23
-0.0224670000000002
 33
0.054195
  0
3DFACE
  5
17B
330
2
100
AcDbEntity
  8
0
100
AcDbFace
 10
-0.05877
 20
-0.0224670000000002
 30
0.054195
 11
0.09123
 21
-0.0224670000000002
 31
0.014195
 12
0.13123
 22
-0.0224670000000002
 32
0.014195
 13
0.13123
 23
-0.0224670000000002
 33
0.014195
  0
3DFACE
  5
17C
330
2
100
AcDbEntity
  8
0
100
AcDbFace
 10
-0.05877
 20
-0.0224670000000002
 30
0.054195
 11
0.13123
 21
-0.0224670000000002
 31
0.014195
 12
0.8962009999999999
 22
-0.0224670000000006
 32
0.0541950000000001
 13
0.8962009999999999
 23
-0.0224670000000006
 33
0.0541950000000001
  0
3DFACE
  5
17D
330
2
100
AcDbEntity
  8
0
100
AcDbFace
 10
0.8962009999999999
 20
-0.0224670000000006
 30
0.0541950000000001
 11
0.13123
 21
-0.0224670000000002
 31
0.014195
 12
0.9397059999999999
 22
-0.0202650000000006
 32
0.0141950000000001
 13
0.9397059999999999
 23
-0.0202650000000006
 33
0.0141950000000001
  0
3DFACE
  5
17E
330
2
100
AcDbEntity
  8
0
100
AcDbFace
 10
0.8962009999999999
 20
-0.0224670000000006
 30
0.0541950000000001
 11
0.9397059999999999
 21
-0.0202650000000006
 31
0.0141950000000001
 12
0.901201
 22
-0.0224670000000006
 32
0.0541950000000001
 13
0.901201
 23
-0.0224670000000006
 33
0.0541950000000001
  0
3DFACE
  5
17F
330
2
100
AcDbEntity
  8
0
100
AcDbFace
 10
0.901201
 20
-0.0224670000000006
 30
0.0541950000000001
 11
0.9397059999999999
 21
-0.0202650000000006
 31
0.0141950000000001
 12
0.9412299999999998
 22
-0.0207000000000005
 32
0.0541950000000001
 13
0.9412299999999998
 23
-0.0207000000000005
 33
0.0541950000000001
  0
3DFACE
  5
180
330
2
100
AcDbEntity
  8
0
100
AcDbFace
 10
0.09123
 20
-0.0224670000000002
 30
0.014195
 11
0.0912300000000001
 21
-0.0224670000000002
 31
-0.7258050000000002
 12
0.13123
 22
-0.0224670000000002
 32
0.014195
 13
0.13123
 23
-0.0224670000000002
 33
0.014195
  0
3DFACE
  5
181
330
2
100
AcDbEntity
  8
0
100
AcDbFace
 10
0.13123
 20
-0.0224670000000002
 30
0.014195
 11
0.0912300000000001
 21
-0.0224670000000002
 31
-0.7258050000000002
 12
0.1312300000000001
 22
-0.0224670000000002
 32
-0.7258050000000002
 13
0.1312300000000001
 23
-0.0224670000000002
 33
-0.7258050000000002
  0
3DFACE
  5
182
330
2
100
AcDbEntity
  8
0
100
AcDbFace
 10
0.901201
 20
-0.0224670000000006
 30
0.0541950000000001
 11
0.8987009999999997
 21
-0.0224670000000006
 31
0.2041950000000001
 12
0.8962009999999999
 22
-0.0224670000000006
 32
0.0541950000000001
 13
0.8962009999999999
 23
-0.0224670000000006
 33
0.0541950000000001
  0
3DFACE
  5
183
330
2
100
AcDbEntity
  8
0
100
AcDbFace
 10
0.139105
 20
-0.0305330000000002
 30
-0.5794380000000002
 11
0.139105
 21
0.0019669999999997
 31
-0.593278
 12
0.139105
 22
0.0244669999999998
 32
-0.5794380000000002
 13
0.139105
 23
0.0244669999999998
 33
-0.5794380000000002
  0
3DFACE
  5
184
330
2
100
AcDbEntity
  8
0
100
AcDbFace
 10
0.139105
 20
0.0244669999999998
 30
-0.5794380000000002
 11
0.139105
 21
0.0019669999999997
 31
-0.593278
 12
0.139105
 22
0.0069669999999998
 32
-0.601938
 13
0.139105
 23
0.0069669999999998
 33
-0.601938
  0
3DFACE
  5
185
330
2
100
AcDbEntity
  8
0
100
AcDbFace
 10
0.139105
 20
0.0244669999999998
 30
-0.5794380000000002
 11
0.139105
 21
0.0069669999999998
 31
-0.601938
 12
0.139105
 22
0.0244669999999998
 32
-0.6244380000000001
 13
0.139105
 23
0.0244669999999998
 33
-0.6244380000000001
  0
3DFACE
  5
186
330
2
100
AcDbEntity
  8
0
100
AcDbFace
 10
0.139105
 20
0.0244669999999998
 30
-0.6244380000000001
 11
0.139105
 21
0.0069669999999998
 31
-0.601938
 12
0.139105
 22
0.0019669999999997
 32
-0.610598
 13
0.139105
 23
0.0019669999999997
 33
-0.610598
  0
3DFACE
  5
187
330
2
100
AcDbEntity
  8
0
100
AcDbFace
 10
0.139105
 20
0.0244669999999998
 30
-0.6244380000000001
 11
0.139105
 21
0.0019669999999997
 31
-0.610598
 12
0.139105
 22
-0.0305330000000002
 32
-0.6244380000000001
 13
0.139105
 23
-0.0305330000000002
 33
-0.6244380000000001
  0
3DFACE
  5
188
330
2
100
AcDbEntity
  8
0
100
AcDbFace
 10
0.139105
 20
-0.0305330000000002
 30
-0.6244380000000001
 11
0.139105
 21
0.0019669999999997
 31
-0.610598
 12
0.139105
 22
-0.0080330000000003
 32
-0.610598
 13
0.139105
 23
-0.0080330000000003
 33
-0.610598
  0
3DFACE
  5
189
330
2
100
AcDbEntity
  8
0
100
AcDbFace
 10
0.139105
 20
-0.0305330000000002
 30
-0.6244380000000001
 11
0.139105
 21
-0.0080330000000003
 31
-0.610598
 12
0.139105
 22
-0.0130330000000002
 32
-0.601938
 13
0.139105
 23
-0.0130330000000002
 33
-0.601938
  0
3DFACE
  5
18A
330
2
100
AcDbEntity
  8
0
100
AcDbFace
 10
0.139105
 20
-0.0305330000000002
 30
-0.6244380000000001
 11
0.139105
 21
-0.0130330000000002
 31
-0.601938
 12
0.139105
 22
-0.0305330000000002
 32
-0.5794380000000002
 13
0.139105
 23
-0.0305330000000002
 33
-0.5794380000000002
  0
3DFACE
  5
18B
330
2
100
AcDbEntity
  8
0
100
AcDbFace
 10
0.139105
 20
-0.0305330000000002
 30
-0.5794380000000002
 11
0.139105
 21
-0.0130330000000002
 31
-0.601938
 12
0.139105
 22
-0.0080330000000003
 32
-0.593278
 13
0.139105
 23
-0.0080330000000003
 33
-0.593278
  0
3DFACE
  5
18C
330
2
100
AcDbEntity
  8
0
100
AcDbFace
 10
0.139105
 20
-0.0305330000000002
 30
-0.5794380000000002
 11
0.139105
 21
-0.0080330000000003
 31
-0.593278
 12
0.139105
 22
0.0019669999999997
 32
-0.593278
 13
0.139105
 23
0.0019669999999997
 33
-0.593278
  0
3DFACE
  5
18D
330
2
100
AcDbEntity
  8
0
100
AcDbFace
 10
0.0841050000000001
 20
0.0244669999999998
 30
-0.5794380000000002
 11
0.0841050000000001
 21
0.0164669999999997
 31
-0.5819380000000001
 12
0.0841050000000001
 22
-0.0305330000000002
 32
-0.5794380000000002
 13
0.0841050000000001
 23
-0.0305330000000002
 33
-0.5794380000000002
  0
3DFACE
  5
18E
330
2
100
AcDbEntity
  8
0
100
AcDbFace
 10
0.0841050000000001
 20
-0.0305330000000002
 30
-0.5794380000000002
 11
0.0841050000000001
 21
0.0164669999999997
 31
-0.5819380000000001
 12
0.0841050000000001
 22
-0.0235330000000002
 32
-0.5819380000000001
 13
0.0841050000000001
 23
-0.0235330000000002
 33
-0.5819380000000001
  0
3DFACE
  5
18F
330
2
100
AcDbEntity
  8
0
100
AcDbFace
 10
0.0841050000000001
 20
-0.0305330000000002
 30
-0.5794380000000002
 11
0.0841050000000001
 21
-0.0235330000000002
 31
-0.5819380000000001
 12
0.0841050000000001
 22
-0.0235330000000002
 32
-0.6219380000000001
 13
0.0841050000000001
 23
-0.0235330000000002
 33
-0.6219380000000001
  0
3DFACE
  5
190
330
2
100
AcDbEntity
  8
0
100
AcDbFace
 10
0.0841050000000001
 20
0.0244669999999998
 30
-0.5794380000000002
 11
0.0841050000000001
 21
0.0244669999999998
 31
-0.6244380000000001
 12
0.0841050000000001
 22
0.0164669999999997
 32
-0.5819380000000001
 13
0.0841050000000001
 23
0.0164669999999997
 33
-0.5819380000000001
  0
3DFACE
  5
191
330
2
100
AcDbEntity
  8
0
100
AcDbFace
 10
0.0841050000000001
 20
0.0164669999999997
 30
-0.5819380000000001
 11
0.0841050000000001
 21
0.0244669999999998
 31
-0.6244380000000001
 12
0.0841050000000001
 22
0.0164669999999997
 32
-0.6219380000000001
 13
0.0841050000000001
 23
0.0164669999999997
 33
-0.6219380000000001
  0
3DFACE
  5
192
330
2
100
AcDbEntity
  8
0
100
AcDbFace
 10
0.0841050000000001
 20
0.0164669999999997
 30
-0.6219380000000001
 11
0.0841050000000001
 21
0.0244669999999998
 31
-0.6244380000000001
 12
0.0841050000000001
 22
-0.0305330000000002
 32
-0.6244380000000001
 13
0.0841050000000001
 23
-0.0305330000000002
 33
-0.6244380000000001
  0
3DFACE
  5
193
330
2
100
AcDbEntity
  8
0
100
AcDbFace
 10
0.0841050000000001
 20
0.0164669999999997
 30
-0.6219380000000001
 11
0.0841050000000001
 21
-0.0305330000000002
 31
-0.6244380000000001
 12
0.0841050000000001
 22
-0.0235330000000002
 32
-0.6219380000000001
 13
0.0841050000000001
 23
-0.0235330000000002
 33
-0.6219380000000001
  0
3DFACE
  5
194
330
2
100
AcDbEntity
  8
0
100
AcDbFace
 10
0.0841050000000001
 20
-0.0235330000000002
 30
-0.6219380000000001
 11
0.0841050000000001
 21
-0.0305330000000002
 31
-0.6244380000000001
 12
0.0841050000000001
 22
-0.0305330000000002
 32
-0.5794380000000002
 13
0.0841050000000001
 23
-0.0305330000000002
 33
-0.5794380000000002
  0
3DFACE
  5
195
330
2
100
AcDbEntity
  8
0
100
AcDbFace
 10
0.134104
 20
-0.0017390000000003
 30
-0.606768
 11
0.134104
 21
0.0194669999999999
 31
-0.6244380000000001
 12
0.134104
 22
-0.0030330000000002
 32
-0.606938
 13
0.134104
 23
-0.0030330000000002
 33
-0.606938
  0
3DFACE
  5
196
330
2
100
AcDbEntity
  8
0
100
AcDbFace
 10
0.134104
 20
-0.0030330000000002
 30
-0.606938
 11
0.134104
 21
0.0194669999999999
 31
-0.6244380000000001
 12
0.134104
 22
-0.0255330000000002
 32
-0.6244380000000001
 13
0.134104
 23
-0.0255330000000002
 33
-0.6244380000000001
  0
3DFACE
  5
197
330
2
100
AcDbEntity
  8
0
100
AcDbFace
 10
0.134104
 20
-0.0030330000000002
 30
-0.606938
 11
0.134104
 21
-0.0255330000000002
 31
-0.6244380000000001
 12
0.134104
 22
-0.0043270000000002
 32
-0.606768
 13
0.134104
 23
-0.0043270000000002
 33
-0.606768
  0
3DFACE
  5
198
330
2
100
AcDbEntity
  8
0
100
AcDbFace
 10
0.134104
 20
-0.0043270000000002
 30
-0.606768
 11
0.134104
 21
-0.0255330000000002
 31
-0.6244380000000001
 12
0.134104
 22
-0.0055330000000002
 32
-0.6062680000000002
 13
0.134104
 23
-0.0055330000000002
 33
-0.6062680000000002
  0
3DFACE
  5
199
330
2
100
AcDbEntity
  8
0
100
AcDbFace
 10
0.134104
 20
-0.0055330000000002
 30
-0.6062680000000002
 11
0.134104
 21
-0.0255330000000002
 31
-0.6244380000000001
 12
0.134104
 22
-0.0065690000000002
 32
-0.605474
 13
0.134104
 23
-0.0065690000000002
 33
-0.605474
  0
3DFACE
  5
19A
330
2
100
AcDbEntity
  8
0
100
AcDbFace
 10
0.134104
 20
-0.0065690000000002
 30
-0.605474
 11
0.134104
 21
-0.0255330000000002
 31
-0.6244380000000001
 12
0.134104
 22
-0.0073630000000002
 32
-0.6044380000000002
 13
0.134104
 23
-0.0073630000000002
 33
-0.6044380000000002
  0
3DFACE
  5
19B
330
2
100
AcDbEntity
  8
0
100
AcDbFace
 10
0.134104
 20
-0.0073630000000002
 30
-0.6044380000000002
 11
0.134104
 21
-0.0255330000000002
 31
-0.6244380000000001
 12
0.134104
 22
-0.0078630000000003
 32
-0.6032320000000003
 13
0.134104
 23
-0.0078630000000003
 33
-0.6032320000000003
  0
3DFACE
  5
19C
330
2
100
AcDbEntity
  8
0
100
AcDbFace
 10
0.134104
 20
-0.0078630000000003
 30
-0.6032320000000003
 11
0.134104
 21
-0.0255330000000002
 31
-0.6244380000000001
 12
0.134104
 22
-0.0080330000000003
 32
-0.601938
 13
0.134104
 23
-0.0080330000000003
 33
-0.601938
  0
3DFACE
  5
19D
330
2
100
AcDbEntity
  8
0
100
AcDbFace
 10
0.134104
 20
-0.0080330000000003
 30
-0.601938
 11
0.134104
 21
-0.0255330000000002
 31
-0.6244380000000001
 12
0.134104
 22
-0.0255330000000002
 32
-0.5794380000000002
 13
0.134104
 23
-0.0255330000000002
 33
-0.5794380000000002
  0
3DFACE
  5
19E
330
2
100
AcDbEntity
  8
0
100
AcDbFace
 10
0.134104
 20
-0.0080330000000003
 30
-0.601938
 11
0.134104
 21
-0.0255330000000002
 31
-0.5794380000000002
 12
0.134104
 22
-0.0078630000000003
 32
-0.600644
 13
0.134104
 23
-0.0078630000000003
 33
-0.600644
  0
3DFACE
  5
19F
330
2
100
AcDbEntity
  8
0
100
AcDbFace
 10
0.134104
 20
-0.0078630000000003
 30
-0.600644
 11
0.134104
 21
-0.0255330000000002
 31
-0.5794380000000002
 12
0.134104
 22
-0.0073630000000002
 32
-0.5994380000000003
 13
0.134104
 23
-0.0073630000000002
 33
-0.5994380000000003
  0
3DFACE
  5
1A0
330
2
100
AcDbEntity
  8
0
100
AcDbFace
 10
0.134104
 20
-0.0073630000000002
 30
-0.5994380000000003
 11
0.134104
 21
-0.0255330000000002
 31
-0.5794380000000002
 12
0.134104
 22
-0.0065690000000002
 32
-0.5984020000000001
 13
0.134104
 23
-0.0065690000000002
 33
-0.5984020000000001
  0
3DFACE
  5
1A1
330
2
100
AcDbEntity
  8
0
100
AcDbFace
 10
0.134104
 20
-0.0065690000000002
 30
-0.5984020000000001
 11
0.134104
 21
-0.0255330000000002
 31
-0.5794380000000002
 12
0.134104
 22
-0.0055330000000002
 32
-0.5976080000000003
 13
0.134104
 23
-0.0055330000000002
 33
-0.5976080000000003
  0
3DFACE
  5
1A2
330
2
100
AcDbEntity
  8
0
100
AcDbFace
 10
0.134104
 20
-0.0055330000000002
 30
-0.5976080000000003
 11
0.134104
 21
-0.0255330000000002
 31
-0.5794380000000002
 12
0.134104
 22
-0.0043270000000002
 32
-0.597108
 13
0.134104
 23
-0.0043270000000002
 33
-0.597108
  0
3DFACE
  5
1A3
330
2
100
AcDbEntity
  8
0
100
AcDbFace
 10
0.134104
 20
-0.0043270000000002
 30
-0.597108
 11
0.134104
 21
-0.0255330000000002
 31
-0.5794380000000002
 12
0.134104
 22
-0.0030330000000002
 32
-0.596938
 13
0.134104
 23
-0.0030330000000002
 33
-0.596938
  0
3DFACE
  5
1A4
330
2
100
AcDbEntity
  8
0
100
AcDbFace
 10
0.134104
 20
-0.0030330000000002
 30
-0.596938
 11
0.134104
 21
-0.0255330000000002
 31
-0.5794380000000002
 12
0.134104
 22
0.0194669999999999
 32
-0.5794380000000002
 13
0.134104
 23
0.0194669999999999
 33
-0.5794380000000002
  0
3DFACE
  5
1A5
330
2
100
AcDbEntity
  8
0
100
AcDbFace
 10
0.134104
 20
-0.0030330000000002
 30
-0.596938
 11
0.134104
 21
0.0194669999999999
 31
-0.5794380000000002
 12
0.134104
 22
-0.0017390000000003
 32
-0.597108
 13
0.134104
 23
-0.0017390000000003
 33
-0.597108
  0
3DFACE
  5
1A6
330
2
100
AcDbEntity
  8
0
100
AcDbFace
 10
0.134104
 20
-0.0017390000000003
 30
-0.597108
 11
0.134104
 21
0.0194669999999999
 31
-0.5794380000000002
 12
0.134104
 22
-0.0005330000000003
 32
-0.5976080000000003
 13
0.134104
 23
-0.0005330000000003
 33
-0.5976080000000003
  0
3DFACE
  5
1A7
330
2
100
AcDbEntity
  8
0
100
AcDbFace
 10
0.134104
 20
-0.0005330000000003
 30
-0.5976080000000003
 11
0.134104
 21
0.0194669999999999
 31
-0.5794380000000002
 12
0.134104
 22
0.0005019999999997
 32
-0.5984020000000001
 13
0.134104
 23
0.0005019999999997
 33
-0.5984020000000001
  0
3DFACE
  5
1A8
330
2
100
AcDbEntity
  8
0
100
AcDbFace
 10
0.134104
 20
0.0005019999999997
 30
-0.5984020000000001
 11
0.134104
 21
0.0194669999999999
 31
-0.5794380000000002
 12
0.134104
 22
0.0012969999999997
 32
-0.5994380000000003
 13
0.134104
 23
0.0012969999999997
 33
-0.5994380000000003
  0
3DFACE
  5
1A9
330
2
100
AcDbEntity
  8
0
100
AcDbFace
 10
0.134104
 20
0.0012969999999997
 30
-0.5994380000000003
 11
0.134104
 21
0.0194669999999999
 31
-0.5794380000000002
 12
0.134104
 22
0.0017959999999999
 32
-0.600644
 13
0.134104
 23
0.0017959999999999
 33
-0.600644
  0
3DFACE
  5
1AA
330
2
100
AcDbEntity
  8
0
100
AcDbFace
 10
0.134104
 20
0.0017959999999999
 30
-0.600644
 11
0.134104
 21
0.0194669999999999
 31
-0.5794380000000002
 12
0.134104
 22
0.0019669999999997
 32
-0.601938
 13
0.134104
 23
0.0019669999999997
 33
-0.601938
  0
3DFACE
  5
1AB
330
2
100
AcDbEntity
  8
0
100
AcDbFace
 10
0.134104
 20
0.0019669999999997
 30
-0.601938
 11
0.134104
 21
0.0194669999999999
 31
-0.5794380000000002
 12
0.134104
 22
0.0194669999999999
 32
-0.6244380000000001
 13
0.134104
 23
0.0194669999999999
 33
-0.6244380000000001
  0
3DFACE
  5
1AC
330
2
100
AcDbEntity
  8
0
100
AcDbFace
 10
0.134104
 20
0.0019669999999997
 30
-0.601938
 11
0.134104
 21
0.0194669999999999
 31
-0.6244380000000001
 12
0.134104
 22
0.0017959999999999
 32
-0.6032320000000003
 13
0.134104
 23
0.0017959999999999
 33
-0.6032320000000003
  0
3DFACE
  5
1AD
330
2
100
AcDbEntity
  8
0
100
AcDbFace
 10
0.134104
 20
0.0017959999999999
 30
-0.6032320000000003
 11
0.134104
 21
0.0194669999999999
 31
-0.6244380000000001
 12
0.134104
 22
0.0012969999999997
 32
-0.6044380000000002
 13
0.134104
 23
0.0012969999999997
 33
-0.6044380000000002
  0
3DFACE
  5
1AE
330
2
100
AcDbEntity
  8
0
100
AcDbFace
 10
0.134104
 20
0.0012969999999997
 30
-0.6044380000000002
 11
0.134104
 21
0.0194669999999999
 31
-0.6244380000000001
 12
0.134104
 22
0.0005019999999997
 32
-0.605474
 13
0.134104
 23
0.0005019999999997
 33
-0.605474
  0
3DFACE
  5
1AF
330
2
100
AcDbEntity
  8
0
100
AcDbFace
 10
0.134104
 20
0.0005019999999997
 30
-0.605474
 11
0.134104
 21
0.0194669999999999
 31
-0.6244380000000001
 12
0.134104
 22
-0.0005330000000003
 32
-0.6062680000000002
 13
0.134104
 23
-0.0005330000000003
 33
-0.6062680000000002
  0
3DFACE
  5
1B0
330
2
100
AcDbEntity
  8
0
100
AcDbFace
 10
0.134104
 20
-0.0005330000000003
 30
-0.6062680000000002
 11
0.134104
 21
0.0194669999999999
 31
-0.6244380000000001
 12
0.134104
 22
-0.0017390000000003
 32
-0.606768
 13
0.134104
 23
-0.0017390000000003
 33
-0.606768
  0
3DFACE
  5
1B1
330
2
100
AcDbEntity
  8
0
100
AcDbFace
 10
0.0891050000000001
 20
0.0194669999999999
 30
-0.5794380000000002
 11
0.0891050000000001
 21
0.0194669999999999
 31
-0.6244380000000001
 12
0.134104
 22
0.0194669999999999
 32
-0.5794380000000002
 13
0.134104
 23
0.0194669999999999
 33
-0.5794380000000002
  0
3DFACE
  5
1B2
330
2
100
AcDbEntity
  8
0
100
AcDbFace
 10
0.134104
 20
0.0194669999999999
 30
-0.5794380000000002
 11
0.0891050000000001
 21
0.0194669999999999
 31
-0.6244380000000001
 12
0.134104
 22
0.0194669999999999
 32
-0.6244380000000001
 13
0.134104
 23
0.0194669999999999
 33
-0.6244380000000001
  0
3DFACE
  5
1B3
330
2
100
AcDbEntity
  8
0
100
AcDbFace
 10
0.0891050000000001
 20
-0.0255330000000002
 30
-0.5794380000000002
 11
0.0891050000000001
 21
-0.0255330000000002
 31
-0.6244380000000001
 12
0.0891050000000001
 22
0.0194669999999999
 32
-0.5794380000000002
 13
0.0891050000000001
 23
0.0194669999999999
 33
-0.5794380000000002
  0
3DFACE
  5
1B4
330
2
100
AcDbEntity
  8
0
100
AcDbFace
 10
0.0891050000000001
 20
0.0194669999999999
 30
-0.5794380000000002
 11
0.0891050000000001
 21
-0.0255330000000002
 31
-0.6244380000000001
 12
0.0891050000000001
 22
0.0194669999999999
 32
-0.6244380000000001
 13
0.0891050000000001
 23
0.0194669999999999
 33
-0.6244380000000001
  0
3DFACE
  5
1B5
330
2
100
AcDbEntity
  8
0
100
AcDbFace
 10
0.134104
 20
-0.0255330000000002
 30
-0.5794380000000002
 11
0.134104
 21
-0.0255330000000002
 31
-0.6244380000000001
 12
0.0891050000000001
 22
-0.0255330000000002
 32
-0.5794380000000002
 13
0.0891050000000001
 23
-0.0255330000000002
 33
-0.5794380000000002
  0
3DFACE
  5
1B6
330
2
100
AcDbEntity
  8
0
100
AcDbFace
 10
0.0891050000000001
 20
-0.0255330000000002
 30
-0.5794380000000002
 11
0.134104
 21
-0.0255330000000002
 31
-0.6244380000000001
 12
0.0891050000000001
 22
-0.0255330000000002
 32
-0.6244380000000001
 13
0.0891050000000001
 23
-0.0255330000000002
 33
-0.6244380000000001
  0
3DFACE
  5
1B7
330
2
100
AcDbEntity
  8
0
100
AcDbFace
 10
0.0841050000000001
 20
-0.0305330000000002
 30
-0.5794380000000002
 11
0.0841050000000001
 21
-0.0305330000000002
 31
-0.6244380000000001
 12
0.139105
 22
-0.0305330000000002
 32
-0.5794380000000002
 13
0.139105
 23
-0.0305330000000002
 33
-0.5794380000000002
  0
3DFACE
  5
1B8
330
2
100
AcDbEntity
  8
0
100
AcDbFace
 10
0.139105
 20
-0.0305330000000002
 30
-0.5794380000000002
 11
0.0841050000000001
 21
-0.0305330000000002
 31
-0.6244380000000001
 12
0.139105
 22
-0.0305330000000002
 32
-0.6244380000000001
 13
0.139105
 23
-0.0305330000000002
 33
-0.6244380000000001
  0
3DFACE
  5
1B9
330
2
100
AcDbEntity
  8
0
100
AcDbFace
 10
0.139105
 20
0.0244669999999998
 30
-0.5794380000000002
 11
0.139105
 21
0.0244669999999998
 31
-0.6244380000000001
 12
0.0841050000000001
 22
0.0244669999999998
 32
-0.5794380000000002
 13
0.0841050000000001
 23
0.0244669999999998
 33
-0.5794380000000002
  0
3DFACE
  5
1BA
330
2
100
AcDbEntity
  8
0
100
AcDbFace
 10
0.0841050000000001
 20
0.0244669999999998
 30
-0.5794380000000002
 11
0.139105
 21
0.0244669999999998
 31
-0.6244380000000001
 12
0.0841050000000001
 22
0.0244669999999998
 32
-0.6244380000000001
 13
0.0841050000000001
 23
0.0244669999999998
 33
-0.6244380000000001
  0
3DFACE
  5
1BB
330
2
100
AcDbEntity
  8
0
100
AcDbFace
 10
0.139105
 20
0.0244669999999998
 30
-0.5794380000000002
 11
0.134104
 21
-0.0255330000000002
 31
-0.5794380000000002
 12
0.139105
 22
-0.0305330000000002
 32
-0.5794380000000002
 13
0.139105
 23
-0.0305330000000002
 33
-0.5794380000000002
  0
3DFACE
  5
1BC
330
2
100
AcDbEntity
  8
0
100
AcDbFace
 10
0.139105
 20
-0.0305330000000002
 30
-0.5794380000000002
 11
0.134104
 21
-0.0255330000000002
 31
-0.5794380000000002
 12
0.0891050000000001
 22
-0.0255330000000002
 32
-0.5794380000000002
 13
0.0891050000000001
 23
-0.0255330000000002
 33
-0.5794380000000002
  0
3DFACE
  5
1BD
330
2
100
AcDbEntity
  8
0
100
AcDbFace
 10
0.139105
 20
-0.0305330000000002
 30
-0.5794380000000002
 11
0.0891050000000001
 21
-0.0255330000000002
 31
-0.5794380000000002
 12
0.0841050000000001
 22
-0.0305330000000002
 32
-0.5794380000000002
 13
0.0841050000000001
 23
-0.0305330000000002
 33
-0.5794380000000002
  0
3DFACE
  5
1BE
330
2
100
AcDbEntity
  8
0
100
AcDbFace
 10
0.0841050000000001
 20
-0.0305330000000002
 30
-0.5794380000000002
 11
0.0891050000000001
 21
-0.0255330000000002
 31
-0.5794380000000002
 12
0.0891050000000001
 22
0.0194669999999999
 32
-0.5794380000000002
 13
0.0891050000000001
 23
0.0194669999999999
 33
-0.5794380000000002
  0
3DFACE
  5
1BF
330
2
100
AcDbEntity
  8
0
100
AcDbFace
 10
0.0841050000000001
 20
-0.0305330000000002
 30
-0.5794380000000002
 11
0.0891050000000001
 21
0.0194669999999999
 31
-0.5794380000000002
 12
0.0841050000000001
 22
0.0244669999999998
 32
-0.5794380000000002
 13
0.0841050000000001
 23
0.0244669999999998
 33
-0.5794380000000002
  0
3DFACE
  5
1C0
330
2
100
AcDbEntity
  8
0
100
AcDbFace
 10
0.0841050000000001
 20
0.0244669999999998
 30
-0.5794380000000002
 11
0.0891050000000001
 21
0.0194669999999999
 31
-0.5794380000000002
 12
0.139105
 22
0.0244669999999998
 32
-0.5794380000000002
 13
0.139105
 23
0.0244669999999998
 33
-0.5794380000000002
  0
3DFACE
  5
1C1
330
2
100
AcDbEntity
  8
0
100
AcDbFace
 10
0.139105
 20
0.0244669999999998
 30
-0.5794380000000002
 11
0.0891050000000001
 21
0.0194669999999999
 31
-0.5794380000000002
 12
0.134104
 22
0.0194669999999999
 32
-0.5794380000000002
 13
0.134104
 23
0.0194669999999999
 33
-0.5794380000000002
  0
3DFACE
  5
1C2
330
2
100
AcDbEntity
  8
0
100
AcDbFace
 10
0.139105
 20
0.0244669999999998
 30
-0.5794380000000002
 11
0.134104
 21
0.0194669999999999
 31
-0.5794380000000002
 12
0.134104
 22
-0.0255330000000002
 32
-0.5794380000000002
 13
0.134104
 23
-0.0255330000000002
 33
-0.5794380000000002
  0
3DFACE
  5
1C3
330
2
100
AcDbEntity
  8
0
100
AcDbFace
 10
0.139105
 20
0.0244669999999998
 30
-0.6244380000000001
 11
0.0891050000000001
 21
0.0194669999999999
 31
-0.6244380000000001
 12
0.0841050000000001
 22
0.0244669999999998
 32
-0.6244380000000001
 13
0.0841050000000001
 23
0.0244669999999998
 33
-0.6244380000000001
  0
3DFACE
  5
1C4
330
2
100
AcDbEntity
  8
0
100
AcDbFace
 10
0.0841050000000001
 20
0.0244669999999998
 30
-0.6244380000000001
 11
0.0891050000000001
 21
0.0194669999999999
 31
-0.6244380000000001
 12
0.0891050000000001
 22
-0.0255330000000002
 32
-0.6244380000000001
 13
0.0891050000000001
 23
-0.0255330000000002
 33
-0.6244380000000001
  0
3DFACE
  5
1C5
330
2
100
AcDbEntity
  8
0
100
AcDbFace
 10
0.0841050000000001
 20
0.0244669999999998
 30
-0.6244380000000001
 11
0.0891050000000001
 21
-0.0255330000000002
 31
-0.6244380000000001
 12
0.0841050000000001
 22
-0.0305330000000002
 32
-0.6244380000000001
 13
0.0841050000000001
 23
-0.0305330000000002
 33
-0.6244380000000001
  0
3DFACE
  5
1C6
330
2
100
AcDbEntity
  8
0
100
AcDbFace
 10
0.0841050000000001
 20
-0.0305330000000002
 30
-0.6244380000000001
 11
0.0891050000000001
 21
-0.0255330000000002
 31
-0.6244380000000001
 12
0.139105
 22
-0.0305330000000002
 32
-0.6244380000000001
 13
0.139105
 23
-0.0305330000000002
 33
-0.6244380000000001
  0
3DFACE
  5
1C7
330
2
100
AcDbEntity
  8
0
100
AcDbFace
 10
0.139105
 20
-0.0305330000000002
 30
-0.6244380000000001
 11
0.0891050000000001
 21
-0.0255330000000002
 31
-0.6244380000000001
 12
0.134104
 22
-0.0255330000000002
 32
-0.6244380000000001
 13
0.134104
 23
-0.0255330000000002
 33
-0.6244380000000001
  0
3DFACE
  5
1C8
330
2
100
AcDbEntity
  8
0
100
AcDbFace
 10
0.139105
 20
-0.0305330000000002
 30
-0.6244380000000001
 11
0.134104
 21
-0.0255330000000002
 31
-0.6244380000000001
 12
0.134104
 22
0.0194669999999999
 32
-0.6244380000000001
 13
0.134104
 23
0.0194669999999999
 33
-0.6244380000000001
  0
3DFACE
  5
1C9
330
2
100
AcDbEntity
  8
0
100
AcDbFace
 10
0.0891050000000001
 20
0.0194669999999999
 30
-0.6244380000000001
 11
0.139105
 21
0.0244669999999998
 31
-0.6244380000000001
 12
0.134104
 22
0.0194669999999999
 32
-0.6244380000000001
 13
0.134104
 23
0.0194669999999999
 33
-0.6244380000000001
  0
3DFACE
  5
1CA
330
2
100
AcDbEntity
  8
0
100
AcDbFace
 10
0.134104
 20
0.0194669999999999
 30
-0.6244380000000001
 11
0.139105
 21
0.0244669999999998
 31
-0.6244380000000001
 12
0.139105
 22
-0.0305330000000002
 32
-0.6244380000000001
 13
0.139105
 23
-0.0305330000000002
 33
-0.6244380000000001
  0
3DFACE
  5
1CB
330
2
100
AcDbEntity
  8
0
100
AcDbFace
 10
0.0241050000000001
 20
-0.0285330000000002
 30
-0.626938
 11
0.0241050000000001
 21
0.0214669999999999
 31
-0.626938
 12
0.0241050000000001
 22
0.0164669999999997
 32
-0.6219380000000001
 13
0.0241050000000001
 23
0.0164669999999997
 33
-0.6219380000000001
  0
3DFACE
  5
1CC
330
2
100
AcDbEntity
  8
0
100
AcDbFace
 10
0.0241050000000001
 20
0.0164669999999997
 30
-0.6219380000000001
 11
0.0241050000000001
 21
0.0214669999999999
 31
-0.626938
 12
0.0241050000000001
 22
0.021467
 32
-0.5769380000000001
 13
0.0241050000000001
 23
0.021467
 33
-0.5769380000000001
  0
3DFACE
  5
1CD
330
2
100
AcDbEntity
  8
0
100
AcDbFace
 10
0.0241050000000001
 20
0.0164669999999997
 30
-0.6219380000000001
 11
0.0241050000000001
 21
0.021467
 31
-0.5769380000000001
 12
0.0241050000000001
 22
0.016467
 32
-0.5819380000000001
 13
0.0241050000000001
 23
0.016467
 33
-0.5819380000000001
  0
3DFACE
  5
1CE
330
2
100
AcDbEntity
  8
0
100
AcDbFace
 10
0.0241050000000001
 20
0.016467
 30
-0.5819380000000001
 11
0.0241050000000001
 21
0.021467
 31
-0.5769380000000001
 12
0.0241050000000001
 22
-0.0285330000000002
 32
-0.5769380000000001
 13
0.0241050000000001
 23
-0.0285330000000002
 33
-0.5769380000000001
  0
3DFACE
  5
1CF
330
2
100
AcDbEntity
  8
0
100
AcDbFace
 10
0.0241050000000001
 20
0.016467
 30
-0.5819380000000001
 11
0.0241050000000001
 21
-0.0285330000000002
 31
-0.5769380000000001
 12
0.0241050000000001
 22
-0.0235330000000002
 32
-0.5819380000000001
 13
0.0241050000000001
 23
-0.0235330000000002
 33
-0.5819380000000001
  0
3DFACE
  5
1D0
330
2
100
AcDbEntity
  8
0
100
AcDbFace
 10
0.0241050000000001
 20
-0.0235330000000002
 30
-0.5819380000000001
 11
0.0241050000000001
 21
-0.0285330000000002
 31
-0.5769380000000001
 12
0.0241050000000001
 22
-0.0285330000000002
 32
-0.626938
 13
0.0241050000000001
 23
-0.0285330000000002
 33
-0.626938
  0
3DFACE
  5
1D1
330
2
100
AcDbEntity
  8
0
100
AcDbFace
 10
0.0241050000000001
 20
-0.0235330000000002
 30
-0.5819380000000001
 11
0.0241050000000001
 21
-0.0285330000000002
 31
-0.626938
 12
0.0241050000000001
 22
-0.0235330000000002
 32
-0.6219380000000001
 13
0.0241050000000001
 23
-0.0235330000000002
 33
-0.6219380000000001
  0
3DFACE
  5
1D2
330
2
100
AcDbEntity
  8
0
100
AcDbFace
 10
0.0241050000000001
 20
-0.0235330000000002
 30
-0.6219380000000001
 11
0.0241050000000001
 21
-0.0285330000000002
 31
-0.626938
 12
0.0241050000000001
 22
0.0164669999999997
 32
-0.6219380000000001
 13
0.0241050000000001
 23
0.0164669999999997
 33
-0.6219380000000001
  0
3DFACE
  5
1D3
330
2
100
AcDbEntity
  8
0
100
AcDbFace
 10
0.0191050000000001
 20
0.0214669999999999
 30
-0.626938
 11
0.0241050000000001
 21
0.0214669999999999
 31
-0.626938
 12
0.0191050000000001
 22
-0.0285330000000002
 32
-0.626938
 13
0.0191050000000001
 23
-0.0285330000000002
 33
-0.626938
  0
3DFACE
  5
1D4
330
2
100
AcDbEntity
  8
0
100
AcDbFace
 10
0.0191050000000001
 20
-0.0285330000000002
 30
-0.626938
 11
0.0241050000000001
 21
0.0214669999999999
 31
-0.626938
 12
0.0241050000000001
 22
-0.0285330000000002
 32
-0.626938
 13
0.0241050000000001
 23
-0.0285330000000002
 33
-0.626938
  0
3DFACE
  5
1D5
330
2
100
AcDbEntity
  8
0
100
AcDbFace
 10
0.0191050000000001
 20
0.021467
 30
-0.5819380000000001
 11
0.0191050000000001
 21
0.0214669999999999
 31
-0.626938
 12
0.0191050000000001
 22
-0.0285330000000002
 32
-0.5819380000000001
 13
0.0191050000000001
 23
-0.0285330000000002
 33
-0.5819380000000001
  0
3DFACE
  5
1D6
330
2
100
AcDbEntity
  8
0
100
AcDbFace
 10
0.0191050000000001
 20
-0.0285330000000002
 30
-0.5819380000000001
 11
0.0191050000000001
 21
0.0214669999999999
 31
-0.626938
 12
0.0191050000000001
 22
-0.0285330000000002
 32
-0.626938
 13
0.0191050000000001
 23
-0.0285330000000002
 33
-0.626938
  0
3DFACE
  5
1D7
330
2
100
AcDbEntity
  8
0
100
AcDbFace
 10
0.0191050000000001
 20
0.021467
 30
-0.5819380000000001
 11
0.0191050000000001
 21
-0.0285330000000002
 31
-0.5819380000000001
 12
-0.0258949999999999
 22
0.021467
 32
-0.5819380000000001
 13
-0.0258949999999999
 23
0.021467
 33
-0.5819380000000001
  0
3DFACE
  5
1D8
330
2
100
AcDbEntity
  8
0
100
AcDbFace
 10
-0.0258949999999999
 20
0.021467
 30
-0.5819380000000001
 11
0.0191050000000001
 21
-0.0285330000000002
 31
-0.5819380000000001
 12
-0.025895
 22
-0.0285330000000002
 32
-0.5819380000000001
 13
-0.025895
 23
-0.0285330000000002
 33
-0.5819380000000001
  0
3DFACE
  5
1D9
330
2
100
AcDbEntity
  8
0
100
AcDbFace
 10
0.0241050000000001
 20
-0.0285330000000002
 30
-0.626938
 11
0.0241050000000001
 21
-0.0285330000000002
 31
-0.5769380000000001
 12
0.0191050000000001
 22
-0.0285330000000002
 32
-0.5819380000000001
 13
0.0191050000000001
 23
-0.0285330000000002
 33
-0.5819380000000001
  0
3DFACE
  5
1DA
330
2
100
AcDbEntity
  8
0
100
AcDbFace
 10
0.0191050000000001
 20
-0.0285330000000002
 30
-0.5819380000000001
 11
0.0241050000000001
 21
-0.0285330000000002
 31
-0.5769380000000001
 12
-0.025895
 22
-0.0285330000000002
 32
-0.5769380000000001
 13
-0.025895
 23
-0.0285330000000002
 33
-0.5769380000000001
  0
3DFACE
  5
1DB
330
2
100
AcDbEntity
  8
0
100
AcDbFace
 10
0.0191050000000001
 20
-0.0285330000000002
 30
-0.5819380000000001
 11
-0.025895
 21
-0.0285330000000002
 31
-0.5769380000000001
 12
-0.025895
 22
-0.0285330000000002
 32
-0.5819380000000001
 13
-0.025895
 23
-0.0285330000000002
 33
-0.5819380000000001
  0
3DFACE
  5
1DC
330
2
100
AcDbEntity
  8
0
100
AcDbFace
 10
0.0191050000000001
 20
-0.0285330000000002
 30
-0.5819380000000001
 11
0.0191050000000001
 21
-0.0285330000000002
 31
-0.626938
 12
0.0241050000000001
 22
-0.0285330000000002
 32
-0.626938
 13
0.0241050000000001
 23
-0.0285330000000002
 33
-0.626938
  0
3DFACE
  5
1DD
330
2
100
AcDbEntity
  8
0
100
AcDbFace
 10
-0.0258949999999999
 20
0.021467
 30
-0.5819380000000001
 11
-0.0258949999999999
 21
0.021467
 31
-0.5769380000000001
 12
0.0191050000000001
 22
0.021467
 32
-0.5819380000000001
 13
0.0191050000000001
 23
0.021467
 33
-0.5819380000000001
  0
3DFACE
  5
1DE
330
2
100
AcDbEntity
  8
0
100
AcDbFace
 10
0.0191050000000001
 20
0.021467
 30
-0.5819380000000001
 11
-0.0258949999999999
 21
0.021467
 31
-0.5769380000000001
 12
0.0241050000000001
 22
0.021467
 32
-0.5769380000000001
 13
0.0241050000000001
 23
0.021467
 33
-0.5769380000000001
  0
3DFACE
  5
1DF
330
2
100
AcDbEntity
  8
0
100
AcDbFace
 10
0.0191050000000001
 20
0.021467
 30
-0.5819380000000001
 11
0.0241050000000001
 21
0.021467
 31
-0.5769380000000001
 12
0.0241050000000001
 22
0.0214669999999999
 32
-0.626938
 13
0.0241050000000001
 23
0.0214669999999999
 33
-0.626938
  0
3DFACE
  5
1E0
330
2
100
AcDbEntity
  8
0
100
AcDbFace
 10
0.0241050000000001
 20
0.0214669999999999
 30
-0.626938
 11
0.0191050000000001
 21
0.0214669999999999
 31
-0.626938
 12
0.0191050000000001
 22
0.021467
 32
-0.5819380000000001
 13
0.0191050000000001
 23
0.021467
 33
-0.5819380000000001
  0
3DFACE
  5
1E1
330
2
100
AcDbEntity
  8
0
100
AcDbFace
 10
-0.025895
 20
-0.0285330000000002
 30
-0.5819380000000001
 11
-0.025895
 21
-0.0285330000000002
 31
-0.5769380000000001
 12
-0.0258949999999999
 22
0.021467
 32
-0.5819380000000001
 13
-0.0258949999999999
 23
0.021467
 33
-0.5819380000000001
  0
3DFACE
  5
1E2
330
2
100
AcDbEntity
  8
0
100
AcDbFace
 10
-0.0258949999999999
 20
0.021467
 30
-0.5819380000000001
 11
-0.025895
 21
-0.0285330000000002
 31
-0.5769380000000001
 12
-0.0258949999999999
 22
0.021467
 32
-0.5769380000000001
 13
-0.0258949999999999
 23
0.021467
 33
-0.5769380000000001
  0
3DFACE
  5
1E3
330
2
100
AcDbEntity
  8
0
100
AcDbFace
 10
-0.0258949999999999
 20
0.021467
 30
-0.5769380000000001
 11
-0.025895
 21
-0.0285330000000002
 31
-0.5769380000000001
 12
0.0241050000000001
 22
0.021467
 32
-0.5769380000000001
 13
0.0241050000000001
 23
0.021467
 33
-0.5769380000000001
  0
3DFACE
  5
1E4
330
2
100
AcDbEntity
  8
0
100
AcDbFace
 10
0.0241050000000001
 20
0.021467
 30
-0.5769380000000001
 11
-0.025895
 21
-0.0285330000000002
 31
-0.5769380000000001
 12
0.0241050000000001
 22
-0.0285330000000002
 32
-0.5769380000000001
 13
0.0241050000000001
 23
-0.0285330000000002
 33
-0.5769380000000001
  0
3DFACE
  5
1E5
330
2
100
AcDbEntity
  8
0
100
AcDbFace
 10
0.0241050000000001
 20
0.0164669999999997
 30
-0.6219380000000001
 11
0.0841050000000001
 21
0.0164669999999997
 31
-0.6219380000000001
 12
0.0241050000000001
 22
-0.0235330000000002
 32
-0.6219380000000001
 13
0.0241050000000001
 23
-0.0235330000000002
 33
-0.6219380000000001
  0
3DFACE
  5
1E6
330
2
100
AcDbEntity
  8
0
100
AcDbFace
 10
0.0241050000000001
 20
-0.0235330000000002
 30
-0.6219380000000001
 11
0.0841050000000001
 21
0.0164669999999997
 31
-0.6219380000000001
 12
0.0841050000000001
 22
-0.0235330000000002
 32
-0.6219380000000001
 13
0.0841050000000001
 23
-0.0235330000000002
 33
-0.6219380000000001
  0
3DFACE
  5
1E7
330
2
100
AcDbEntity
  8
0
100
AcDbFace
 10
0.0241050000000001
 20
0.016467
 30
-0.5819380000000001
 11
0.0841050000000001
 21
0.0164669999999997
 31
-0.5819380000000001
 12
0.0241050000000001
 22
0.0164669999999997
 32
-0.6219380000000001
 13
0.0241050000000001
 23
0.0164669999999997
 33
-0.6219380000000001
  0
3DFACE
  5
1E8
330
2
100
AcDbEntity
  8
0
100
AcDbFace
 10
0.0241050000000001
 20
0.0164669999999997
 30
-0.6219380000000001
 11
0.0841050000000001
 21
0.0164669999999997
 31
-0.5819380000000001
 12
0.0841050000000001
 22
0.0164669999999997
 32
-0.6219380000000001
 13
0.0841050000000001
 23
0.0164669999999997
 33
-0.6219380000000001
  0
3DFACE
  5
1E9
330
2
100
AcDbEntity
  8
0
100
AcDbFace
 10
0.0241050000000001
 20
-0.0235330000000002
 30
-0.5819380000000001
 11
0.0841050000000001
 21
-0.0235330000000002
 31
-0.5819380000000001
 12
0.0241050000000001
 22
0.016467
 32
-0.5819380000000001
 13
0.0241050000000001
 23
0.016467
 33
-0.5819380000000001
  0
3DFACE
  5
1EA
330
2
100
AcDbEntity
  8
0
100
AcDbFace
 10
0.0241050000000001
 20
0.016467
 30
-0.5819380000000001
 11
0.0841050000000001
 21
-0.0235330000000002
 31
-0.5819380000000001
 12
0.0841050000000001
 22
0.0164669999999997
 32
-0.5819380000000001
 13
0.0841050000000001
 23
0.0164669999999997
 33
-0.5819380000000001
  0
3DFACE
  5
1EB
330
2
100
AcDbEntity
  8
0
100
AcDbFace
 10
0.0241050000000001
 20
-0.0235330000000002
 30
-0.6219380000000001
 11
0.0841050000000001
 21
-0.0235330000000002
 31
-0.6219380000000001
 12
0.0241050000000001
 22
-0.0235330000000002
 32
-0.5819380000000001
 13
0.0241050000000001
 23
-0.0235330000000002
 33
-0.5819380000000001
  0
3DFACE
  5
1EC
330
2
100
AcDbEntity
  8
0
100
AcDbFace
 10
0.0241050000000001
 20
-0.0235330000000002
 30
-0.5819380000000001
 11
0.0841050000000001
 21
-0.0235330000000002
 31
-0.6219380000000001
 12
0.0841050000000001
 22
-0.0235330000000002
 32
-0.5819380000000001
 13
0.0841050000000001
 23
-0.0235330000000002
 33
-0.5819380000000001
  0
3DFACE
  5
1ED
330
2
100
AcDbEntity
  8
0
100
AcDbFace
 10
0.134104
 20
-0.0043270000000002
 30
-0.606768
 11
0.149105
 21
-0.0043270000000002
 31
-0.606768
 12
0.134104
 22
-0.0030330000000002
 32
-0.606938
 13
0.134104
 23
-0.0030330000000002
 33
-0.606938
  0
3DFACE
  5
1EE
330
2
100
AcDbEntity
  8
0
100
AcDbFace
 10
0.134104
 20
-0.0030330000000002
 30
-0.606938
 11
0.149105
 21
-0.0043270000000002
 31
-0.606768
 12
0.149105
 22
-0.0030330000000002
 32
-0.606938
 13
0.149105
 23
-0.0030330000000002
 33
-0.606938
  0
3DFACE
  5
1EF
330
2
100
AcDbEntity
  8
0
100
AcDbFace
 10
0.134104
 20
-0.0030330000000002
 30
-0.606938
 11
0.149105
 21
-0.0030330000000002
 31
-0.606938
 12
0.134104
 22
-0.0017390000000003
 32
-0.606768
 13
0.134104
 23
-0.0017390000000003
 33
-0.606768
  0
3DFACE
  5
1F0
330
2
100
AcDbEntity
  8
0
100
AcDbFace
 10
0.134104
 20
-0.0017390000000003
 30
-0.606768
 11
0.149105
 21
-0.0030330000000002
 31
-0.606938
 12
0.149105
 22
-0.0017390000000003
 32
-0.606768
 13
0.149105
 23
-0.0017390000000003
 33
-0.606768
  0
3DFACE
  5
1F1
330
2
100
AcDbEntity
  8
0
100
AcDbFace
 10
0.134104
 20
-0.0017390000000003
 30
-0.606768
 11
0.149105
 21
-0.0017390000000003
 31
-0.606768
 12
0.134104
 22
-0.0005330000000003
 32
-0.6062680000000002
 13
0.134104
 23
-0.0005330000000003
 33
-0.6062680000000002
  0
3DFACE
  5
1F2
330
2
100
AcDbEntity
  8
0
100
AcDbFace
 10
0.134104
 20
-0.0005330000000003
 30
-0.6062680000000002
 11
0.149105
 21
-0.0017390000000003
 31
-0.606768
 12
0.149105
 22
-0.0005330000000003
 32
-0.6062680000000002
 13
0.149105
 23
-0.0005330000000003
 33
-0.6062680000000002
  0
3DFACE
  5
1F3
330
2
100
AcDbEntity
  8
0
100
AcDbFace
 10
0.134104
 20
-0.0005330000000003
 30
-0.6062680000000002
 11
0.149105
 21
-0.0005330000000003
 31
-0.6062680000000002
 12
0.134104
 22
0.0005019999999997
 32
-0.605474
 13
0.134104
 23
0.0005019999999997
 33
-0.605474
  0
3DFACE
  5
1F4
330
2
100
AcDbEntity
  8
0
100
AcDbFace
 10
0.134104
 20
0.0005019999999997
 30
-0.605474
 11
0.149105
 21
-0.0005330000000003
 31
-0.6062680000000002
 12
0.149105
 22
0.0005019999999997
 32
-0.605474
 13
0.149105
 23
0.0005019999999997
 33
-0.605474
  0
3DFACE
  5
1F5
330
2
100
AcDbEntity
  8
0
100
AcDbFace
 10
0.134104
 20
0.0005019999999997
 30
-0.605474
 11
0.149105
 21
0.0005019999999997
 31
-0.605474
 12
0.134104
 22
0.0012969999999997
 32
-0.6044380000000002
 13
0.134104
 23
0.0012969999999997
 33
-0.6044380000000002
  0
3DFACE
  5
1F6
330
2
100
AcDbEntity
  8
0
100
AcDbFace
 10
0.134104
 20
0.0012969999999997
 30
-0.6044380000000002
 11
0.149105
 21
0.0005019999999997
 31
-0.605474
 12
0.149105
 22
0.0012969999999997
 32
-0.6044380000000002
 13
0.149105
 23
0.0012969999999997
 33
-0.6044380000000002
  0
3DFACE
  5
1F7
330
2
100
AcDbEntity
  8
0
100
AcDbFace
 10
0.134104
 20
0.0012969999999997
 30
-0.6044380000000002
 11
0.149105
 21
0.0012969999999997
 31
-0.6044380000000002
 12
0.134104
 22
0.0017959999999999
 32
-0.6032320000000003
 13
0.134104
 23
0.0017959999999999
 33
-0.6032320000000003
  0
3DFACE
  5
1F8
330
2
100
AcDbEntity
  8
0
100
AcDbFace
 10
0.134104
 20
0.0017959999999999
 30
-0.6032320000000003
 11
0.149105
 21
0.0012969999999997
 31
-0.6044380000000002
 12
0.149105
 22
0.0017959999999999
 32
-0.6032320000000003
 13
0.149105
 23
0.0017959999999999
 33
-0.6032320000000003
  0
3DFACE
  5
1F9
330
2
100
AcDbEntity
  8
0
100
AcDbFace
 10
0.134104
 20
0.0017959999999999
 30
-0.6032320000000003
 11
0.149105
 21
0.0017959999999999
 31
-0.6032320000000003
 12
0.134104
 22
0.0019669999999997
 32
-0.601938
 13
0.134104
 23
0.0019669999999997
 33
-0.601938
  0
3DFACE
  5
1FA
330
2
100
AcDbEntity
  8
0
100
AcDbFace
 10
0.134104
 20
0.0019669999999997
 30
-0.601938
 11
0.149105
 21
0.0017959999999999
 31
-0.6032320000000003
 12
0.149105
 22
0.0019669999999997
 32
-0.601938
 13
0.149105
 23
0.0019669999999997
 33
-0.601938
  0
3DFACE
  5
1FB
330
2
100
AcDbEntity
  8
0
100
AcDbFace
 10
0.134104
 20
0.0019669999999997
 30
-0.601938
 11
0.149105
 21
0.0019669999999997
 31
-0.601938
 12
0.134104
 22
0.0017959999999999
 32
-0.600644
 13
0.134104
 23
0.0017959999999999
 33
-0.600644
  0
3DFACE
  5
1FC
330
2
100
AcDbEntity
  8
0
100
AcDbFace
 10
0.134104
 20
0.0017959999999999
 30
-0.600644
 11
0.149105
 21
0.0019669999999997
 31
-0.601938
 12
0.149105
 22
0.0017959999999999
 32
-0.600644
 13
0.149105
 23
0.0017959999999999
 33
-0.600644
  0
3DFACE
  5
1FD
330
2
100
AcDbEntity
  8
0
100
AcDbFace
 10
0.134104
 20
0.0017959999999999
 30
-0.600644
 11
0.149105
 21
0.0017959999999999
 31
-0.600644
 12
0.134104
 22
0.0012969999999997
 32
-0.5994380000000003
 13
0.134104
 23
0.0012969999999997
 33
-0.5994380000000003
  0
3DFACE
  5
1FE
330
2
100
AcDbEntity
  8
0
100
AcDbFace
 10
0.134104
 20
0.0012969999999997
 30
-0.5994380000000003
 11
0.149105
 21
0.0017959999999999
 31
-0.600644
 12
0.149105
 22
0.0012969999999997
 32
-0.5994380000000003
 13
0.149105
 23
0.0012969999999997
 33
-0.5994380000000003
  0
3DFACE
  5
1FF
330
2
100
AcDbEntity
  8
0
100
AcDbFace
 10
0.134104
 20
0.0012969999999997
 30
-0.5994380000000003
 11
0.149105
 21
0.0012969999999997
 31
-0.5994380000000003
 12
0.134104
 22
0.0005019999999997
 32
-0.5984020000000001
 13
0.134104
 23
0.0005019999999997
 33
-0.5984020000000001
  0
3DFACE
  5
200
330
2
100
AcDbEntity
  8
0
100
AcDbFace
 10
0.134104
 20
0.0005019999999997
 30
-0.5984020000000001
 11
0.149105
 21
0.0012969999999997
 31
-0.5994380000000003
 12
0.149105
 22
0.0005019999999997
 32
-0.5984020000000001
 13
0.149105
 23
0.0005019999999997
 33
-0.5984020000000001
  0
3DFACE
  5
201
330
2
100
AcDbEntity
  8
0
100
AcDbFace
 10
0.134104
 20
0.0005019999999997
 30
-0.5984020000000001
 11
0.149105
 21
0.0005019999999997
 31
-0.5984020000000001
 12
0.134104
 22
-0.0005330000000003
 32
-0.5976080000000003
 13
0.134104
 23
-0.0005330000000003
 33
-0.5976080000000003
  0
3DFACE
  5
202
330
2
100
AcDbEntity
  8
0
100
AcDbFace
 10
0.134104
 20
-0.0005330000000003
 30
-0.5976080000000003
 11
0.149105
 21
0.0005019999999997
 31
-0.5984020000000001
 12
0.149105
 22
-0.0005330000000003
 32
-0.5976080000000003
 13
0.149105
 23
-0.0005330000000003
 33
-0.5976080000000003
  0
3DFACE
  5
203
330
2
100
AcDbEntity
  8
0
100
AcDbFace
 10
0.134104
 20
-0.0005330000000003
 30
-0.5976080000000003
 11
0.149105
 21
-0.0005330000000003
 31
-0.5976080000000003
 12
0.134104
 22
-0.0017390000000003
 32
-0.597108
 13
0.134104
 23
-0.0017390000000003
 33
-0.597108
  0
3DFACE
  5
204
330
2
100
AcDbEntity
  8
0
100
AcDbFace
 10
0.134104
 20
-0.0017390000000003
 30
-0.597108
 11
0.149105
 21
-0.0005330000000003
 31
-0.5976080000000003
 12
0.149105
 22
-0.0017390000000003
 32
-0.597108
 13
0.149105
 23
-0.0017390000000003
 33
-0.597108
  0
3DFACE
  5
205
330
2
100
AcDbEntity
  8
0
100
AcDbFace
 10
0.134104
 20
-0.0017390000000003
 30
-0.597108
 11
0.149105
 21
-0.0017390000000003
 31
-0.597108
 12
0.134104
 22
-0.0030330000000002
 32
-0.596938
 13
0.134104
 23
-0.0030330000000002
 33
-0.596938
  0
3DFACE
  5
206
330
2
100
AcDbEntity
  8
0
100
AcDbFace
 10
0.134104
 20
-0.0030330000000002
 30
-0.596938
 11
0.149105
 21
-0.0017390000000003
 31
-0.597108
 12
0.149105
 22
-0.0030330000000002
 32
-0.596938
 13
0.149105
 23
-0.0030330000000002
 33
-0.596938
  0
3DFACE
  5
207
330
2
100
AcDbEntity
  8
0
100
AcDbFace
 10
0.134104
 20
-0.0030330000000002
 30
-0.596938
 11
0.149105
 21
-0.0030330000000002
 31
-0.596938
 12
0.134104
 22
-0.0043270000000002
 32
-0.597108
 13
0.134104
 23
-0.0043270000000002
 33
-0.597108
  0
3DFACE
  5
208
330
2
100
AcDbEntity
  8
0
100
AcDbFace
 10
0.134104
 20
-0.0043270000000002
 30
-0.597108
 11
0.149105
 21
-0.0030330000000002
 31
-0.596938
 12
0.149105
 22
-0.0043270000000002
 32
-0.597108
 13
0.149105
 23
-0.0043270000000002
 33
-0.597108
  0
3DFACE
  5
209
330
2
100
AcDbEntity
  8
0
100
AcDbFace
 10
0.134104
 20
-0.0043270000000002
 30
-0.597108
 11
0.149105
 21
-0.0043270000000002
 31
-0.597108
 12
0.134104
 22
-0.0055330000000002
 32
-0.5976080000000003
 13
0.134104
 23
-0.0055330000000002
 33
-0.5976080000000003
  0
3DFACE
  5
20A
330
2
100
AcDbEntity
  8
0
100
AcDbFace
 10
0.134104
 20
-0.0055330000000002
 30
-0.5976080000000003
 11
0.149105
 21
-0.0043270000000002
 31
-0.597108
 12
0.149105
 22
-0.0055330000000002
 32
-0.5976080000000003
 13
0.149105
 23
-0.0055330000000002
 33
-0.5976080000000003
  0
3DFACE
  5
20B
330
2
100
AcDbEntity
  8
0
100
AcDbFace
 10
0.134104
 20
-0.0055330000000002
 30
-0.5976080000000003
 11
0.149105
 21
-0.0055330000000002
 31
-0.5976080000000003
 12
0.134104
 22
-0.0065690000000002
 32
-0.5984020000000001
 13
0.134104
 23
-0.0065690000000002
 33
-0.5984020000000001
  0
3DFACE
  5
20C
330
2
100
AcDbEntity
  8
0
100
AcDbFace
 10
0.134104
 20
-0.0065690000000002
 30
-0.5984020000000001
 11
0.149105
 21
-0.0055330000000002
 31
-0.5976080000000003
 12
0.149105
 22
-0.0065690000000002
 32
-0.5984020000000001
 13
0.149105
 23
-0.0065690000000002
 33
-0.5984020000000001
  0
3DFACE
  5
20D
330
2
100
AcDbEntity
  8
0
100
AcDbFace
 10
0.134104
 20
-0.0065690000000002
 30
-0.5984020000000001
 11
0.149105
 21
-0.0065690000000002
 31
-0.5984020000000001
 12
0.134104
 22
-0.0073630000000002
 32
-0.5994380000000003
 13
0.134104
 23
-0.0073630000000002
 33
-0.5994380000000003
  0
3DFACE
  5
20E
330
2
100
AcDbEntity
  8
0
100
AcDbFace
 10
0.134104
 20
-0.0073630000000002
 30
-0.5994380000000003
 11
0.149105
 21
-0.0065690000000002
 31
-0.5984020000000001
 12
0.149105
 22
-0.0073630000000002
 32
-0.5994380000000003
 13
0.149105
 23
-0.0073630000000002
 33
-0.5994380000000003
  0
3DFACE
  5
20F
330
2
100
AcDbEntity
  8
0
100
AcDbFace
 10
0.134104
 20
-0.0073630000000002
 30
-0.5994380000000003
 11
0.149105
 21
-0.0073630000000002
 31
-0.5994380000000003
 12
0.134104
 22
-0.0078630000000003
 32
-0.600644
 13
0.134104
 23
-0.0078630000000003
 33
-0.600644
  0
3DFACE
  5
210
330
2
100
AcDbEntity
  8
0
100
AcDbFace
 10
0.134104
 20
-0.0078630000000003
 30
-0.600644
 11
0.149105
 21
-0.0073630000000002
 31
-0.5994380000000003
 12
0.149105
 22
-0.0078630000000003
 32
-0.600644
 13
0.149105
 23
-0.0078630000000003
 33
-0.600644
  0
3DFACE
  5
211
330
2
100
AcDbEntity
  8
0
100
AcDbFace
 10
0.134104
 20
-0.0078630000000003
 30
-0.600644
 11
0.149105
 21
-0.0078630000000003
 31
-0.600644
 12
0.134104
 22
-0.0080330000000003
 32
-0.601938
 13
0.134104
 23
-0.0080330000000003
 33
-0.601938
  0
3DFACE
  5
212
330
2
100
AcDbEntity
  8
0
100
AcDbFace
 10
0.134104
 20
-0.0080330000000003
 30
-0.601938
 11
0.149105
 21
-0.0078630000000003
 31
-0.600644
 12
0.149105
 22
-0.0080330000000003
 32
-0.601938
 13
0.149105
 23
-0.0080330000000003
 33
-0.601938
  0
3DFACE
  5
213
330
2
100
AcDbEntity
  8
0
100
AcDbFace
 10
0.134104
 20
-0.0080330000000003
 30
-0.601938
 11
0.149105
 21
-0.0080330000000003
 31
-0.601938
 12
0.134104
 22
-0.0078630000000003
 32
-0.6032320000000003
 13
0.134104
 23
-0.0078630000000003
 33
-0.6032320000000003
  0
3DFACE
  5
214
330
2
100
AcDbEntity
  8
0
100
AcDbFace
 10
0.134104
 20
-0.0078630000000003
 30
-0.6032320000000003
 11
0.149105
 21
-0.0080330000000003
 31
-0.601938
 12
0.149105
 22
-0.0078630000000003
 32
-0.6032320000000003
 13
0.149105
 23
-0.0078630000000003
 33
-0.6032320000000003
  0
3DFACE
  5
215
330
2
100
AcDbEntity
  8
0
100
AcDbFace
 10
0.134104
 20
-0.0078630000000003
 30
-0.6032320000000003
 11
0.149105
 21
-0.0078630000000003
 31
-0.6032320000000003
 12
0.134104
 22
-0.0073630000000002
 32
-0.6044380000000002
 13
0.134104
 23
-0.0073630000000002
 33
-0.6044380000000002
  0
3DFACE
  5
216
330
2
100
AcDbEntity
  8
0
100
AcDbFace
 10
0.134104
 20
-0.0073630000000002
 30
-0.6044380000000002
 11
0.149105
 21
-0.0078630000000003
 31
-0.6032320000000003
 12
0.149105
 22
-0.0073630000000002
 32
-0.6044380000000002
 13
0.149105
 23
-0.0073630000000002
 33
-0.6044380000000002
  0
3DFACE
  5
217
330
2
100
AcDbEntity
  8
0
100
AcDbFace
 10
0.134104
 20
-0.0073630000000002
 30
-0.6044380000000002
 11
0.149105
 21
-0.0073630000000002
 31
-0.6044380000000002
 12
0.134104
 22
-0.0065690000000002
 32
-0.605474
 13
0.134104
 23
-0.0065690000000002
 33
-0.605474
  0
3DFACE
  5
218
330
2
100
AcDbEntity
  8
0
100
AcDbFace
 10
0.134104
 20
-0.0065690000000002
 30
-0.605474
 11
0.149105
 21
-0.0073630000000002
 31
-0.6044380000000002
 12
0.149105
 22
-0.0065690000000002
 32
-0.605474
 13
0.149105
 23
-0.0065690000000002
 33
-0.605474
  0
3DFACE
  5
219
330
2
100
AcDbEntity
  8
0
100
AcDbFace
 10
0.134104
 20
-0.0065690000000002
 30
-0.605474
 11
0.149105
 21
-0.0065690000000002
 31
-0.605474
 12
0.134104
 22
-0.0055330000000002
 32
-0.6062680000000002
 13
0.134104
 23
-0.0055330000000002
 33
-0.6062680000000002
  0
3DFACE
  5
21A
330
2
100
AcDbEntity
  8
0
100
AcDbFace
 10
0.134104
 20
-0.0055330000000002
 30
-0.6062680000000002
 11
0.149105
 21
-0.0065690000000002
 31
-0.605474
 12
0.149105
 22
-0.0055330000000002
 32
-0.6062680000000002
 13
0.149105
 23
-0.0055330000000002
 33
-0.6062680000000002
  0
3DFACE
  5
21B
330
2
100
AcDbEntity
  8
0
100
AcDbFace
 10
0.134104
 20
-0.0055330000000002
 30
-0.6062680000000002
 11
0.149105
 21
-0.0055330000000002
 31
-0.6062680000000002
 12
0.134104
 22
-0.0043270000000002
 32
-0.606768
 13
0.134104
 23
-0.0043270000000002
 33
-0.606768
  0
3DFACE
  5
21C
330
2
100
AcDbEntity
  8
0
100
AcDbFace
 10
0.134104
 20
-0.0043270000000002
 30
-0.606768
 11
0.149105
 21
-0.0055330000000002
 31
-0.6062680000000002
 12
0.149105
 22
-0.0043270000000002
 32
-0.606768
 13
0.149105
 23
-0.0043270000000002
 33
-0.606768
  0
3DFACE
  5
21D
330
2
100
AcDbEntity
  8
0
100
AcDbFace
 10
0.139105
 20
0.0019669999999997
 30
-0.593278
 11
0.149105
 21
0.0019669999999997
 31
-0.593278
 12
0.139105
 22
0.0069669999999998
 32
-0.601938
 13
0.139105
 23
0.0069669999999998
 33
-0.601938
  0
3DFACE
  5
21E
330
2
100
AcDbEntity
  8
0
100
AcDbFace
 10
0.139105
 20
0.0069669999999998
 30
-0.601938
 11
0.149105
 21
0.0019669999999997
 31
-0.593278
 12
0.149105
 22
0.0069669999999998
 32
-0.601938
 13
0.149105
 23
0.0069669999999998
 33
-0.601938
  0
3DFACE
  5
21F
330
2
100
AcDbEntity
  8
0
100
AcDbFace
 10
0.139105
 20
-0.0080330000000003
 30
-0.593278
 11
0.149105
 21
-0.0080330000000003
 31
-0.593278
 12
0.139105
 22
0.0019669999999997
 32
-0.593278
 13
0.139105
 23
0.0019669999999997
 33
-0.593278
  0
3DFACE
  5
220
330
2
100
AcDbEntity
  8
0
100
AcDbFace
 10
0.139105
 20
0.0019669999999997
 30
-0.593278
 11
0.149105
 21
-0.0080330000000003
 31
-0.593278
 12
0.149105
 22
0.0019669999999997
 32
-0.593278
 13
0.149105
 23
0.0019669999999997
 33
-0.593278
  0
3DFACE
  5
221
330
2
100
AcDbEntity
  8
0
100
AcDbFace
 10
0.139105
 20
-0.0130330000000002
 30
-0.601938
 11
0.149105
 21
-0.0130330000000002
 31
-0.601938
 12
0.139105
 22
-0.0080330000000003
 32
-0.593278
 13
0.139105
 23
-0.0080330000000003
 33
-0.593278
  0
3DFACE
  5
222
330
2
100
AcDbEntity
  8
0
100
AcDbFace
 10
0.139105
 20
-0.0080330000000003
 30
-0.593278
 11
0.149105
 21
-0.0130330000000002
 31
-0.601938
 12
0.149105
 22
-0.0080330000000003
 32
-0.593278
 13
0.149105
 23
-0.0080330000000003
 33
-0.593278
  0
3DFACE
  5
223
330
2
100
AcDbEntity
  8
0
100
AcDbFace
 10
0.139105
 20
-0.0080330000000003
 30
-0.610598
 11
0.149105
 21
-0.0080330000000003
 31
-0.610598
 12
0.139105
 22
-0.0130330000000002
 32
-0.601938
 13
0.139105
 23
-0.0130330000000002
 33
-0.601938
  0
3DFACE
  5
224
330
2
100
AcDbEntity
  8
0
100
AcDbFace
 10
0.139105
 20
-0.0130330000000002
 30
-0.601938
 11
0.149105
 21
-0.0080330000000003
 31
-0.610598
 12
0.149105
 22
-0.0130330000000002
 32
-0.601938
 13
0.149105
 23
-0.0130330000000002
 33
-0.601938
  0
3DFACE
  5
225
330
2
100
AcDbEntity
  8
0
100
AcDbFace
 10
0.139105
 20
0.0019669999999997
 30
-0.610598
 11
0.149105
 21
0.0019669999999997
 31
-0.610598
 12
0.139105
 22
-0.0080330000000003
 32
-0.610598
 13
0.139105
 23
-0.0080330000000003
 33
-0.610598
  0
3DFACE
  5
226
330
2
100
AcDbEntity
  8
0
100
AcDbFace
 10
0.139105
 20
-0.0080330000000003
 30
-0.610598
 11
0.149105
 21
0.0019669999999997
 31
-0.610598
 12
0.149105
 22
-0.0080330000000003
 32
-0.610598
 13
0.149105
 23
-0.0080330000000003
 33
-0.610598
  0
3DFACE
  5
227
330
2
100
AcDbEntity
  8
0
100
AcDbFace
 10
0.139105
 20
0.0069669999999998
 30
-0.601938
 11
0.149105
 21
0.0069669999999998
 31
-0.601938
 12
0.139105
 22
0.0019669999999997
 32
-0.610598
 13
0.139105
 23
0.0019669999999997
 33
-0.610598
  0
3DFACE
  5
228
330
2
100
AcDbEntity
  8
0
100
AcDbFace
 10
0.139105
 20
0.0019669999999997
 30
-0.610598
 11
0.149105
 21
0.0069669999999998
 31
-0.601938
 12
0.149105
 22
0.0019669999999997
 32
-0.610598
 13
0.149105
 23
0.0019669999999997
 33
-0.610598
  0
3DFACE
  5
229
330
2
100
AcDbEntity
  8
0
100
AcDbFace
 10
0.149105
 20
-0.0017390000000003
 30
-0.597108
 11
0.149105
 21
0.0019669999999997
 31
-0.593278
 12
0.149105
 22
-0.0030330000000002
 32
-0.596938
 13
0.149105
 23
-0.0030330000000002
 33
-0.596938
  0
3DFACE
  5
22A
330
2
100
AcDbEntity
  8
0
100
AcDbFace
 10
0.149105
 20
-0.0030330000000002
 30
-0.596938
 11
0.149105
 21
0.0019669999999997
 31
-0.593278
 12
0.149105
 22
-0.0080330000000003
 32
-0.593278
 13
0.149105
 23
-0.0080330000000003
 33
-0.593278
  0
3DFACE
  5
22B
330
2
100
AcDbEntity
  8
0
100
AcDbFace
 10
0.149105
 20
-0.0030330000000002
 30
-0.596938
 11
0.149105
 21
-0.0080330000000003
 31
-0.593278
 12
0.149105
 22
-0.0043270000000002
 32
-0.597108
 13
0.149105
 23
-0.0043270000000002
 33
-0.597108
  0
3DFACE
  5
22C
330
2
100
AcDbEntity
  8
0
100
AcDbFace
 10
0.149105
 20
-0.0043270000000002
 30
-0.597108
 11
0.149105
 21
-0.0080330000000003
 31
-0.593278
 12
0.149105
 22
-0.0055330000000002
 32
-0.5976080000000003
 13
0.149105
 23
-0.0055330000000002
 33
-0.5976080000000003
  0
3DFACE
  5
22D
330
2
100
AcDbEntity
  8
0
100
AcDbFace
 10
0.149105
 20
-0.0055330000000002
 30
-0.5976080000000003
 11
0.149105
 21
-0.0080330000000003
 31
-0.593278
 12
0.149105
 22
-0.0065690000000002
 32
-0.5984020000000001
 13
0.149105
 23
-0.0065690000000002
 33
-0.5984020000000001
  0
3DFACE
  5
22E
330
2
100
AcDbEntity
  8
0
100
AcDbFace
 10
0.149105
 20
-0.0065690000000002
 30
-0.5984020000000001
 11
0.149105
 21
-0.0080330000000003
 31
-0.593278
 12
0.149105
 22
-0.0073630000000002
 32
-0.5994380000000003
 13
0.149105
 23
-0.0073630000000002
 33
-0.5994380000000003
  0
3DFACE
  5
22F
330
2
100
AcDbEntity
  8
0
100
AcDbFace
 10
0.149105
 20
-0.0073630000000002
 30
-0.5994380000000003
 11
0.149105
 21
-0.0080330000000003
 31
-0.593278
 12
0.149105
 22
-0.0130330000000002
 32
-0.601938
 13
0.149105
 23
-0.0130330000000002
 33
-0.601938
  0
3DFACE
  5
230
330
2
100
AcDbEntity
  8
0
100
AcDbFace
 10
0.149105
 20
-0.0073630000000002
 30
-0.5994380000000003
 11
0.149105
 21
-0.0130330000000002
 31
-0.601938
 12
0.149105
 22
-0.0078630000000003
 32
-0.600644
 13
0.149105
 23
-0.0078630000000003
 33
-0.600644
  0
3DFACE
  5
231
330
2
100
AcDbEntity
  8
0
100
AcDbFace
 10
0.149105
 20
-0.0078630000000003
 30
-0.600644
 11
0.149105
 21
-0.0130330000000002
 31
-0.601938
 12
0.149105
 22
-0.0080330000000003
 32
-0.601938
 13
0.149105
 23
-0.0080330000000003
 33
-0.601938
  0
3DFACE
  5
232
330
2
100
AcDbEntity
  8
0
100
AcDbFace
 10
0.149105
 20
-0.0080330000000003
 30
-0.601938
 11
0.149105
 21
-0.0130330000000002
 31
-0.601938
 12
0.149105
 22
-0.0078630000000003
 32
-0.6032320000000003
 13
0.149105
 23
-0.0078630000000003
 33
-0.6032320000000003
  0
3DFACE
  5
233
330
2
100
AcDbEntity
  8
0
100
AcDbFace
 10
0.149105
 20
-0.0078630000000003
 30
-0.6032320000000003
 11
0.149105
 21
-0.0130330000000002
 31
-0.601938
 12
0.149105
 22
-0.0073630000000002
 32
-0.6044380000000002
 13
0.149105
 23
-0.0073630000000002
 33
-0.6044380000000002
  0
3DFACE
  5
234
330
2
100
AcDbEntity
  8
0
100
AcDbFace
 10
0.149105
 20
-0.0073630000000002
 30
-0.6044380000000002
 11
0.149105
 21
-0.0130330000000002
 31
-0.601938
 12
0.149105
 22
-0.0080330000000003
 32
-0.610598
 13
0.149105
 23
-0.0080330000000003
 33
-0.610598
  0
3DFACE
  5
235
330
2
100
AcDbEntity
  8
0
100
AcDbFace
 10
0.149105
 20
-0.0073630000000002
 30
-0.6044380000000002
 11
0.149105
 21
-0.0080330000000003
 31
-0.610598
 12
0.149105
 22
-0.0065690000000002
 32
-0.605474
 13
0.149105
 23
-0.0065690000000002
 33
-0.605474
  0
3DFACE
  5
236
330
2
100
AcDbEntity
  8
0
100
AcDbFace
 10
0.149105
 20
-0.0065690000000002
 30
-0.605474
 11
0.149105
 21
-0.0080330000000003
 31
-0.610598
 12
0.149105
 22
-0.0055330000000002
 32
-0.6062680000000002
 13
0.149105
 23
-0.0055330000000002
 33
-0.6062680000000002
  0
3DFACE
  5
237
330
2
100
AcDbEntity
  8
0
100
AcDbFace
 10
0.149105
 20
-0.0055330000000002
 30
-0.6062680000000002
 11
0.149105
 21
-0.0080330000000003
 31
-0.610598
 12
0.149105
 22
-0.0043270000000002
 32
-0.606768
 13
0.149105
 23
-0.0043270000000002
 33
-0.606768
  0
3DFACE
  5
238
330
2
100
AcDbEntity
  8
0
100
AcDbFace
 10
0.149105
 20
-0.0043270000000002
 30
-0.606768
 11
0.149105
 21
-0.0080330000000003
 31
-0.610598
 12
0.149105
 22
-0.0030330000000002
 32
-0.606938
 13
0.149105
 23
-0.0030330000000002
 33
-0.606938
  0
3DFACE
  5
239
330
2
100
AcDbEntity
  8
0
100
AcDbFace
 10
0.149105
 20
-0.0030330000000002
 30
-0.606938
 11
0.149105
 21
-0.0080330000000003
 31
-0.610598
 12
0.149105
 22
0.0019669999999997
 32
-0.610598
 13
0.149105
 23
0.0019669999999997
 33
-0.610598
  0
3DFACE
  5
23A
330
2
100
AcDbEntity
  8
0
100
AcDbFace
 10
0.149105
 20
-0.0030330000000002
 30
-0.606938
 11
0.149105
 21
0.0019669999999997
 31
-0.610598
 12
0.149105
 22
-0.0017390000000003
 32
-0.606768
 13
0.149105
 23
-0.0017390000000003
 33
-0.606768
  0
3DFACE
  5
23B
330
2
100
AcDbEntity
  8
0
100
AcDbFace
 10
0.149105
 20
-0.0017390000000003
 30
-0.606768
 11
0.149105
 21
0.0019669999999997
 31
-0.610598
 12
0.149105
 22
-0.0005330000000003
 32
-0.6062680000000002
 13
0.149105
 23
-0.0005330000000003
 33
-0.6062680000000002
  0
3DFACE
  5
23C
330
2
100
AcDbEntity
  8
0
100
AcDbFace
 10
0.149105
 20
-0.0005330000000003
 30
-0.6062680000000002
 11
0.149105
 21
0.0019669999999997
 31
-0.610598
 12
0.149105
 22
0.0005019999999997
 32
-0.605474
 13
0.149105
 23
0.0005019999999997
 33
-0.605474
  0
3DFACE
  5
23D
330
2
100
AcDbEntity
  8
0
100
AcDbFace
 10
0.149105
 20
0.0005019999999997
 30
-0.605474
 11
0.149105
 21
0.0019669999999997
 31
-0.610598
 12
0.149105
 22
0.0012969999999997
 32
-0.6044380000000002
 13
0.149105
 23
0.0012969999999997
 33
-0.6044380000000002
  0
3DFACE
  5
23E
330
2
100
AcDbEntity
  8
0
100
AcDbFace
 10
0.149105
 20
0.0012969999999997
 30
-0.6044380000000002
 11
0.149105
 21
0.0019669999999997
 31
-0.610598
 12
0.149105
 22
0.0069669999999998
 32
-0.601938
 13
0.149105
 23
0.0069669999999998
 33
-0.601938
  0
3DFACE
  5
23F
330
2
100
AcDbEntity
  8
0
100
AcDbFace
 10
0.149105
 20
0.0012969999999997
 30
-0.6044380000000002
 11
0.149105
 21
0.0069669999999998
 31
-0.601938
 12
0.149105
 22
0.0017959999999999
 32
-0.6032320000000003
 13
0.149105
 23
0.0017959999999999
 33
-0.6032320000000003
  0
3DFACE
  5
240
330
2
100
AcDbEntity
  8
0
100
AcDbFace
 10
0.149105
 20
0.0017959999999999
 30
-0.6032320000000003
 11
0.149105
 21
0.0069669999999998
 31
-0.601938
 12
0.149105
 22
0.0019669999999997
 32
-0.601938
 13
0.149105
 23
0.0019669999999997
 33
-0.601938
  0
3DFACE
  5
241
330
2
100
AcDbEntity
  8
0
100
AcDbFace
 10
0.149105
 20
0.0019669999999997
 30
-0.601938
 11
0.149105
 21
0.0069669999999998
 31
-0.601938
 12
0.149105
 22
0.0017959999999999
 32
-0.600644
 13
0.149105
 23
0.0017959999999999
 33
-0.600644
  0
3DFACE
  5
242
330
2
100
AcDbEntity
  8
0
100
AcDbFace
 10
0.149105
 20
0.0017959999999999
 30
-0.600644
 11
0.149105
 21
0.0069669999999998
 31
-0.601938
 12
0.149105
 22
0.0012969999999997
 32
-0.5994380000000003
 13
0.149105
 23
0.0012969999999997
 33
-0.5994380000000003
  0
3DFACE
  5
243
330
2
100
AcDbEntity
  8
0
100
AcDbFace
 10
0.149105
 20
0.0012969999999997
 30
-0.5994380000000003
 11
0.149105
 21
0.0069669999999998
 31
-0.601938
 12
0.149105
 22
0.0019669999999997
 32
-0.593278
 13
0.149105
 23
0.0019669999999997
 33
-0.593278
  0
3DFACE
  5
244
330
2
100
AcDbEntity
  8
0
100
AcDbFace
 10
0.149105
 20
0.0012969999999997
 30
-0.5994380000000003
 11
0.149105
 21
0.0019669999999997
 31
-0.593278
 12
0.149105
 22
0.0005019999999997
 32
-0.5984020000000001
 13
0.149105
 23
0.0005019999999997
 33
-0.5984020000000001
  0
3DFACE
  5
245
330
2
100
AcDbEntity
  8
0
100
AcDbFace
 10
0.149105
 20
0.0005019999999997
 30
-0.5984020000000001
 11
0.149105
 21
0.0019669999999997
 31
-0.593278
 12
0.149105
 22
-0.0005330000000003
 32
-0.5976080000000003
 13
0.149105
 23
-0.0005330000000003
 33
-0.5976080000000003
  0
3DFACE
  5
246
330
2
100
AcDbEntity
  8
0
100
AcDbFace
 10
0.149105
 20
-0.0005330000000003
 30
-0.5976080000000003
 11
0.149105
 21
0.0019669999999997
 31
-0.593278
 12
0.149105
 22
-0.0017390000000003
 32
-0.597108
 13
0.149105
 23
-0.0017390000000003
 33
-0.597108
  0
3DFACE
  5
247
330
2
100
AcDbEntity
  8
0
100
AcDbFace
 10
0.9161059999999999
 20
-0.0216580000000004
 30
0.5029550000000003
 11
0.9163309999999999
 21
-0.0237610000000005
 31
0.5023630000000001
 12
0.9162110000000001
 22
-0.0243640000000004
 32
0.5039150000000002
 13
0.9162110000000001
 23
-0.0243640000000004
 33
0.5039150000000002
  0
3DFACE
  5
248
330
2
100
AcDbEntity
  8
0
100
AcDbFace
 10
0.9214079999999999
 20
-0.0176370000000004
 30
0.5033440000000004
 11
0.9212509999999999
 21
-0.0185340000000004
 31
0.5012730000000003
 12
0.9192969999999998
 22
-0.0181370000000004
 32
0.5022960000000002
 13
0.9192969999999998
 23
-0.0181370000000004
 33
0.5022960000000002
  0
3DFACE
  5
249
330
2
100
AcDbEntity
  8
0
100
AcDbFace
 10
0.9214079999999999
 20
-0.0176370000000004
 30
0.5033440000000004
 11
0.9192969999999998
 21
-0.0181370000000004
 31
0.5022960000000002
 12
0.9202489999999999
 22
-0.0175520000000004
 32
0.5038790000000001
 13
0.9202489999999999
 23
-0.0175520000000004
 33
0.5038790000000001
  0
3DFACE
  5
24A
330
2
100
AcDbEntity
  8
0
100
AcDbFace
 10
0.9202489999999999
 20
-0.0175520000000004
 30
0.5038790000000001
 11
0.9192969999999998
 21
-0.0181370000000004
 31
0.5022960000000002
 12
0.917788
 22
-0.0185340000000004
 32
0.5038050000000002
 13
0.917788
 23
-0.0185340000000004
 33
0.5038050000000002
  0
3DFACE
  5
24B
330
2
100
AcDbEntity
  8
0
100
AcDbFace
 10
0.9192969999999998
 20
-0.0181370000000004
 30
0.5022960000000002
 11
0.9212509999999999
 21
-0.0185340000000004
 31
0.5012730000000003
 12
0.9192619999999999
 22
-0.0194490000000004
 32
0.5005930000000002
 13
0.9192619999999999
 23
-0.0194490000000004
 33
0.5005930000000002
  0
3DFACE
  5
24C
330
2
100
AcDbEntity
  8
0
100
AcDbFace
 10
0.9192969999999998
 20
-0.0181370000000004
 30
0.5022960000000002
 11
0.9192619999999999
 21
-0.0194490000000004
 31
0.5005930000000002
 12
0.917661
 22
-0.0194490000000004
 32
0.5018210000000001
 13
0.917661
 23
-0.0194490000000004
 33
0.5018210000000001
  0
3DFACE
  5
24D
330
2
100
AcDbEntity
  8
0
100
AcDbFace
 10
0.9192969999999998
 20
-0.0181370000000004
 30
0.5022960000000002
 11
0.917661
 21
-0.0194490000000004
 31
0.5018210000000001
 12
0.917788
 22
-0.0185340000000004
 32
0.5038050000000002
 13
0.917788
 23
-0.0185340000000004
 33
0.5038050000000002
  0
3DFACE
  5
24E
330
2
100
AcDbEntity
  8
0
100
AcDbFace
 10
0.9212509999999999
 20
-0.0185340000000004
 30
0.5012730000000003
 11
0.9213469999999999
 21
-0.0205700000000005
 31
0.4996930000000003
 12
0.9192619999999999
 22
-0.0194490000000004
 32
0.5005930000000002
 13
0.9192619999999999
 23
-0.0194490000000004
 33
0.5005930000000002
  0
3DFACE
  5
24F
330
2
100
AcDbEntity
  8
0
100
AcDbFace
 10
0.917788
 20
-0.0185340000000004
 30
0.5038050000000002
 11
0.917661
 21
-0.0194490000000004
 31
0.5018210000000001
 12
0.9164979999999999
 22
-0.0199670000000004
 32
0.5036350000000002
 13
0.9164979999999999
 23
-0.0199670000000004
 33
0.5036350000000002
  0
3DFACE
  5
250
330
2
100
AcDbEntity
  8
0
100
AcDbFace
 10
0.9192619999999999
 20
-0.0194490000000004
 30
0.5005930000000002
 11
0.9213469999999999
 21
-0.0205700000000005
 31
0.4996930000000003
 12
0.9191809999999998
 22
-0.0218200000000004
 32
0.499573
 13
0.9191809999999998
 23
-0.0218200000000004
 33
0.499573
  0
3DFACE
  5
251
330
2
100
AcDbEntity
  8
0
100
AcDbFace
 10
0.9192619999999999
 20
-0.0194490000000004
 30
0.5005930000000002
 11
0.9191809999999998
 21
-0.0218200000000004
 31
0.499573
 12
0.917839
 22
-0.0211730000000004
 32
0.5003960000000001
 13
0.917839
 23
-0.0211730000000004
 33
0.5003960000000001
  0
3DFACE
  5
252
330
2
100
AcDbEntity
  8
0
100
AcDbFace
 10
0.9192619999999999
 20
-0.0194490000000004
 30
0.5005930000000002
 11
0.917839
 21
-0.0211730000000004
 31
0.5003960000000001
 12
0.917661
 22
-0.0194490000000004
 32
0.5018210000000001
 13
0.917661
 23
-0.0194490000000004
 33
0.5018210000000001
  0
3DFACE
  5
253
330
2
100
AcDbEntity
  8
0
100
AcDbFace
 10
0.917661
 20
-0.0194490000000004
 30
0.5018210000000001
 11
0.917839
 21
-0.0211730000000004
 31
0.5003960000000001
 12
0.9161059999999999
 22
-0.0216580000000004
 32
0.5029550000000003
 13
0.9161059999999999
 23
-0.0216580000000004
 33
0.5029550000000003
  0
3DFACE
  5
254
330
2
100
AcDbEntity
  8
0
100
AcDbFace
 10
0.917661
 20
-0.0194490000000004
 30
0.5018210000000001
 11
0.9161059999999999
 21
-0.0216580000000004
 31
0.5029550000000003
 12
0.9164979999999999
 22
-0.0199670000000004
 32
0.5036350000000002
 13
0.9164979999999999
 23
-0.0199670000000004
 33
0.5036350000000002
  0
3DFACE
  5
255
330
2
100
AcDbEntity
  8
0
100
AcDbFace
 10
0.9213469999999999
 20
-0.0205700000000005
 30
0.4996930000000003
 11
0.9217030000000001
 21
-0.0224670000000004
 31
0.4994050000000004
 12
0.9191809999999998
 22
-0.0218200000000004
 32
0.499573
 13
0.9191809999999998
 23
-0.0218200000000004
 33
0.499573
  0
3DFACE
  5
256
330
2
100
AcDbEntity
  8
0
100
AcDbFace
 10
0.917839
 20
-0.0211730000000004
 30
0.5003960000000001
 11
0.9191809999999998
 21
-0.0218200000000004
 31
0.499573
 12
0.9168219999999999
 22
-0.0224670000000004
 32
0.5011770000000002
 13
0.9168219999999999
 23
-0.0224670000000004
 33
0.5011770000000002
  0
3DFACE
  5
257
330
2
100
AcDbEntity
  8
0
100
AcDbFace
 10
0.917839
 20
-0.0211730000000004
 30
0.5003960000000001
 11
0.9168219999999999
 21
-0.0224670000000004
 31
0.5011770000000002
 12
0.9161059999999999
 22
-0.0216580000000004
 32
0.5029550000000003
 13
0.9161059999999999
 23
-0.0216580000000004
 33
0.5029550000000003
  0
3DFACE
  5
258
330
2
100
AcDbEntity
  8
0
100
AcDbFace
 10
0.9217030000000001
 20
-0.0224670000000004
 30
0.4994050000000004
 11
0.9213469999999999
 21
-0.0243640000000004
 31
0.4996930000000003
 12
0.9191809999999998
 22
-0.0218200000000004
 32
0.499573
 13
0.9191809999999998
 23
-0.0218200000000004
 33
0.499573
  0
3DFACE
  5
259
330
2
100
AcDbEntity
  8
0
100
AcDbFace
 10
0.9191809999999998
 20
-0.0218200000000004
 30
0.499573
 11
0.9213469999999999
 21
-0.0243640000000004
 31
0.4996930000000003
 12
0.919504
 22
-0.0237610000000005
 32
0.4995300000000002
 13
0.919504
 23
-0.0237610000000005
 33
0.4995300000000002
  0
3DFACE
  5
25A
330
2
100
AcDbEntity
  8
0
100
AcDbFace
 10
0.9191809999999998
 20
-0.0218200000000004
 30
0.499573
 11
0.919504
 21
-0.0237610000000005
 31
0.4995300000000002
 12
0.917839
 22
-0.0237610000000005
 32
0.5003960000000001
 13
0.917839
 23
-0.0237610000000005
 33
0.5003960000000001
  0
3DFACE
  5
25B
330
2
100
AcDbEntity
  8
0
100
AcDbFace
 10
0.9191809999999998
 20
-0.0218200000000004
 30
0.499573
 11
0.917839
 21
-0.0237610000000005
 31
0.5003960000000001
 12
0.9168219999999999
 22
-0.0224670000000004
 32
0.5011770000000002
 13
0.9168219999999999
 23
-0.0224670000000004
 33
0.5011770000000002
  0
3DFACE
  5
25C
330
2
100
AcDbEntity
  8
0
100
AcDbFace
 10
0.9168219999999999
 20
-0.0224670000000004
 30
0.5011770000000002
 11
0.917839
 21
-0.0237610000000005
 31
0.5003960000000001
 12
0.9163309999999999
 22
-0.0237610000000005
 32
0.5023630000000001
 13
0.9163309999999999
 23
-0.0237610000000005
 33
0.5023630000000001
  0
3DFACE
  5
25D
330
2
100
AcDbEntity
  8
0
100
AcDbFace
 10
0.9168219999999999
 20
-0.0224670000000004
 30
0.5011770000000002
 11
0.9163309999999999
 21
-0.0237610000000005
 31
0.5023630000000001
 12
0.9161059999999999
 22
-0.0216580000000004
 32
0.5029550000000003
 13
0.9161059999999999
 23
-0.0216580000000004
 33
0.5029550000000003
  0
3DFACE
  5
25E
330
2
100
AcDbEntity
  8
0
100
AcDbFace
 10
0.919504
 20
-0.0237610000000005
 30
0.4995300000000002
 11
0.9213469999999999
 21
-0.0243640000000004
 31
0.4996930000000003
 12
0.9192619999999999
 22
-0.0254850000000005
 32
0.5005930000000002
 13
0.9192619999999999
 23
-0.0254850000000005
 33
0.5005930000000002
  0
3DFACE
  5
25F
330
2
100
AcDbEntity
  8
0
100
AcDbFace
 10
0.919504
 20
-0.0237610000000005
 30
0.4995300000000002
 11
0.9192619999999999
 21
-0.0254850000000005
 31
0.5005930000000002
 12
0.917839
 22
-0.0237610000000005
 32
0.5003960000000001
 13
0.917839
 23
-0.0237610000000005
 33
0.5003960000000001
  0
3DFACE
  5
260
330
2
100
AcDbEntity
  8
0
100
AcDbFace
 10
0.917839
 20
-0.0237610000000005
 30
0.5003960000000001
 11
0.9192619999999999
 21
-0.0254850000000005
 31
0.5005930000000002
 12
0.917661
 22
-0.0254850000000005
 32
0.5018210000000001
 13
0.917661
 23
-0.0254850000000005
 33
0.5018210000000001
  0
3DFACE
  5
261
330
2
100
AcDbEntity
  8
0
100
AcDbFace
 10
0.917839
 20
-0.0237610000000005
 30
0.5003960000000001
 11
0.917661
 21
-0.0254850000000005
 31
0.5018210000000001
 12
0.9163309999999999
 22
-0.0237610000000005
 32
0.5023630000000001
 13
0.9163309999999999
 23
-0.0237610000000005
 33
0.5023630000000001
  0
3DFACE
  5
262
330
2
100
AcDbEntity
  8
0
100
AcDbFace
 10
0.9163309999999999
 20
-0.0237610000000005
 30
0.5023630000000001
 11
0.917661
 21
-0.0254850000000005
 31
0.5018210000000001
 12
0.9162110000000001
 22
-0.0243640000000004
 32
0.5039150000000002
 13
0.9162110000000001
 23
-0.0243640000000004
 33
0.5039150000000002
  0
3DFACE
  5
263
330
2
100
AcDbEntity
  8
0
100
AcDbFace
 10
0.9213469999999999
 20
-0.0243640000000004
 30
0.4996930000000003
 11
0.9212509999999999
 21
-0.0264000000000005
 31
0.5012730000000003
 12
0.9192619999999999
 22
-0.0254850000000005
 32
0.5005930000000002
 13
0.9192619999999999
 23
-0.0254850000000005
 33
0.5005930000000002
  0
3DFACE
  5
264
330
2
100
AcDbEntity
  8
0
100
AcDbFace
 10
0.9162110000000001
 20
-0.0243640000000004
 30
0.5039150000000002
 11
0.917661
 21
-0.0254850000000005
 31
0.5018210000000001
 12
0.917788
 22
-0.0264000000000005
 32
0.5038050000000002
 13
0.917788
 23
-0.0264000000000005
 33
0.5038050000000002
  0
3DFACE
  5
265
330
2
100
AcDbEntity
  8
0
100
AcDbFace
 10
0.9192619999999999
 20
-0.0254850000000005
 30
0.5005930000000002
 11
0.9212509999999999
 21
-0.0264000000000005
 31
0.5012730000000003
 12
0.9192969999999998
 22
-0.0267970000000005
 32
0.5022960000000002
 13
0.9192969999999998
 23
-0.0267970000000005
 33
0.5022960000000002
  0
3DFACE
  5
266
330
2
100
AcDbEntity
  8
0
100
AcDbFace
 10
0.9192619999999999
 20
-0.0254850000000005
 30
0.5005930000000002
 11
0.9192969999999998
 21
-0.0267970000000005
 31
0.5022960000000002
 12
0.917661
 22
-0.0254850000000005
 32
0.5018210000000001
 13
0.917661
 23
-0.0254850000000005
 33
0.5018210000000001
  0
3DFACE
  5
267
330
2
100
AcDbEntity
  8
0
100
AcDbFace
 10
0.917661
 20
-0.0254850000000005
 30
0.5018210000000001
 11
0.9192969999999998
 21
-0.0267970000000005
 31
0.5022960000000002
 12
0.917788
 22
-0.0264000000000005
 32
0.5038050000000002
 13
0.917788
 23
-0.0264000000000005
 33
0.5038050000000002
  0
3DFACE
  5
268
330
2
100
AcDbEntity
  8
0
100
AcDbFace
 10
0.9212509999999999
 20
-0.0264000000000005
 30
0.5012730000000003
 11
0.9214079999999999
 21
-0.0272960000000005
 31
0.5033440000000004
 12
0.9192969999999998
 22
-0.0267970000000005
 32
0.5022960000000002
 13
0.9192969999999998
 23
-0.0267970000000005
 33
0.5022960000000002
  0
3DFACE
  5
269
330
2
100
AcDbEntity
  8
0
100
AcDbFace
 10
0.9192969999999998
 20
-0.0267970000000005
 30
0.5022960000000002
 11
0.9214079999999999
 21
-0.0272960000000005
 31
0.5033440000000004
 12
0.9202489999999999
 22
-0.0273820000000004
 32
0.5038790000000001
 13
0.9202489999999999
 23
-0.0273820000000004
 33
0.5038790000000001
  0
3DFACE
  5
26A
330
2
100
AcDbEntity
  8
0
100
AcDbFace
 10
0.9192969999999998
 20
-0.0267970000000005
 30
0.5022960000000002
 11
0.9202489999999999
 21
-0.0273820000000004
 31
0.5038790000000001
 12
0.917788
 22
-0.0264000000000005
 32
0.5038050000000002
 13
0.917788
 23
-0.0264000000000005
 33
0.5038050000000002
  0
3DFACE
  5
26B
330
2
100
AcDbEntity
  8
0
100
AcDbFace
 10
0.9236769999999999
 20
-0.0264000000000005
 30
0.5036980000000001
 11
0.9214079999999999
 21
-0.0272960000000005
 31
0.5033440000000004
 12
0.922808
 22
-0.0264000000000005
 32
0.5020270000000001
 13
0.922808
 23
-0.0264000000000005
 33
0.5020270000000001
  0
3DFACE
  5
26C
330
2
100
AcDbEntity
  8
0
100
AcDbFace
 10
0.922808
 20
-0.0264000000000005
 30
0.5020270000000001
 11
0.9214079999999999
 21
-0.0272960000000005
 31
0.5033440000000004
 12
0.9212509999999999
 22
-0.0264000000000005
 32
0.5012730000000003
 13
0.9212509999999999
 23
-0.0264000000000005
 33
0.5012730000000003
  0
3DFACE
  5
26D
330
2
100
AcDbEntity
  8
0
100
AcDbFace
 10
0.9252379999999998
 20
-0.0240620000000004
 30
0.5031390000000001
 11
0.9236769999999999
 21
-0.0264000000000005
 31
0.5036980000000001
 12
0.92416
 22
-0.0249670000000005
 32
0.5015820000000001
 13
0.92416
 23
-0.0249670000000005
 33
0.5015820000000001
  0
3DFACE
  5
26E
330
2
100
AcDbEntity
  8
0
100
AcDbFace
 10
0.92416
 20
-0.0249670000000005
 30
0.5015820000000001
 11
0.9236769999999999
 21
-0.0264000000000005
 31
0.5036980000000001
 12
0.922808
 22
-0.0264000000000005
 32
0.5020270000000001
 13
0.922808
 23
-0.0264000000000005
 33
0.5020270000000001
  0
3DFACE
  5
26F
330
2
100
AcDbEntity
  8
0
100
AcDbFace
 10
0.92416
 20
-0.0249670000000005
 30
0.5015820000000001
 11
0.922808
 21
-0.0264000000000005
 31
0.5020270000000001
 12
0.9232939999999999
 22
-0.0243640000000004
 32
0.5004210000000004
 13
0.9232939999999999
 23
-0.0243640000000004
 33
0.5004210000000004
  0
3DFACE
  5
270
330
2
100
AcDbEntity
  8
0
100
AcDbFace
 10
0.9232939999999999
 20
-0.0243640000000004
 30
0.5004210000000004
 11
0.922808
 21
-0.0264000000000005
 31
0.5020270000000001
 12
0.9212509999999999
 22
-0.0264000000000005
 32
0.5012730000000003
 13
0.9212509999999999
 23
-0.0264000000000005
 33
0.5012730000000003
  0
3DFACE
  5
271
330
2
100
AcDbEntity
  8
0
100
AcDbFace
 10
0.9232939999999999
 20
-0.0243640000000004
 30
0.5004210000000004
 11
0.9212509999999999
 21
-0.0264000000000005
 31
0.5012730000000003
 12
0.9213469999999999
 22
-0.0243640000000004
 32
0.4996930000000003
 13
0.9213469999999999
 23
-0.0243640000000004
 33
0.4996930000000003
  0
3DFACE
  5
272
330
2
100
AcDbEntity
  8
0
100
AcDbFace
 10
0.9252379999999998
 20
-0.0240620000000004
 30
0.5031390000000001
 11
0.92416
 21
-0.0249670000000005
 31
0.5015820000000001
 12
0.9232939999999999
 22
-0.0243640000000004
 32
0.5004210000000004
 13
0.9232939999999999
 23
-0.0243640000000004
 33
0.5004210000000004
  0
3DFACE
  5
273
330
2
100
AcDbEntity
  8
0
100
AcDbFace
 10
0.925627
 20
-0.0221430000000004
 30
0.5035480000000005
 11
0.9252379999999998
 21
-0.0240620000000004
 31
0.5031390000000001
 12
0.9246870000000001
 22
-0.0224670000000004
 32
0.5011770000000002
 13
0.9246870000000001
 23
-0.0224670000000004
 33
0.5011770000000002
  0
3DFACE
  5
274
330
2
100
AcDbEntity
  8
0
100
AcDbFace
 10
0.9246870000000001
 20
-0.0224670000000004
 30
0.5011770000000002
 11
0.9252379999999998
 21
-0.0240620000000004
 31
0.5031390000000001
 12
0.9232939999999999
 22
-0.0243640000000004
 32
0.5004210000000004
 13
0.9232939999999999
 23
-0.0243640000000004
 33
0.5004210000000004
  0
3DFACE
  5
275
330
2
100
AcDbEntity
  8
0
100
AcDbFace
 10
0.9246870000000001
 20
-0.0224670000000004
 30
0.5011770000000002
 11
0.9232939999999999
 21
-0.0243640000000004
 31
0.5004210000000004
 12
0.9217030000000001
 22
-0.0224670000000004
 32
0.4994050000000004
 13
0.9217030000000001
 23
-0.0224670000000004
 33
0.4994050000000004
  0
3DFACE
  5
276
330
2
100
AcDbEntity
  8
0
100
AcDbFace
 10
0.9217030000000001
 20
-0.0224670000000004
 30
0.4994050000000004
 11
0.9232939999999999
 21
-0.0243640000000004
 31
0.5004210000000004
 12
0.9213469999999999
 22
-0.0243640000000004
 32
0.4996930000000003
 13
0.9213469999999999
 23
-0.0243640000000004
 33
0.4996930000000003
  0
3DFACE
  5
277
330
2
100
AcDbEntity
  8
0
100
AcDbFace
 10
0.9250939999999999
 20
-0.0205700000000005
 30
0.5029990000000001
 11
0.925627
 21
-0.0221430000000004
 31
0.5035480000000005
 12
0.9246870000000001
 22
-0.0224670000000004
 32
0.5011770000000002
 13
0.9246870000000001
 23
-0.0224670000000004
 33
0.5011770000000002
  0
3DFACE
  5
278
330
2
100
AcDbEntity
  8
0
100
AcDbFace
 10
0.9250939999999999
 20
-0.0205700000000005
 30
0.5029990000000001
 11
0.9246870000000001
 21
-0.0224670000000004
 31
0.5011770000000002
 12
0.9232939999999999
 22
-0.0205700000000005
 32
0.5004210000000004
 13
0.9232939999999999
 23
-0.0205700000000005
 33
0.5004210000000004
  0
3DFACE
  5
279
330
2
100
AcDbEntity
  8
0
100
AcDbFace
 10
0.9232939999999999
 20
-0.0205700000000005
 30
0.5004210000000004
 11
0.9246870000000001
 21
-0.0224670000000004
 31
0.5011770000000002
 12
0.9217030000000001
 22
-0.0224670000000004
 32
0.4994050000000004
 13
0.9217030000000001
 23
-0.0224670000000004
 33
0.4994050000000004
  0
3DFACE
  5
27A
330
2
100
AcDbEntity
  8
0
100
AcDbFace
 10
0.9232939999999999
 20
-0.0205700000000005
 30
0.5004210000000004
 11
0.9217030000000001
 21
-0.0224670000000004
 31
0.4994050000000004
 12
0.9213469999999999
 22
-0.0205700000000005
 32
0.4996930000000003
 13
0.9213469999999999
 23
-0.0205700000000005
 33
0.4996930000000003
  0
3DFACE
  5
27B
330
2
100
AcDbEntity
  8
0
100
AcDbFace
 10
0.92416
 20
-0.0199670000000004
 30
0.5015820000000001
 11
0.9250939999999999
 21
-0.0205700000000005
 31
0.5029990000000001
 12
0.9232939999999999
 22
-0.0205700000000005
 32
0.5004210000000004
 13
0.9232939999999999
 23
-0.0205700000000005
 33
0.5004210000000004
  0
3DFACE
  5
27C
330
2
100
AcDbEntity
  8
0
100
AcDbFace
 10
0.9236769999999999
 20
-0.0185340000000004
 30
0.5036980000000001
 11
0.9250939999999999
 21
-0.0205700000000005
 31
0.5029990000000001
 12
0.92416
 22
-0.0199670000000004
 32
0.5015820000000001
 13
0.92416
 23
-0.0199670000000004
 33
0.5015820000000001
  0
3DFACE
  5
27D
330
2
100
AcDbEntity
  8
0
100
AcDbFace
 10
0.9236769999999999
 20
-0.0185340000000004
 30
0.5036980000000001
 11
0.92416
 21
-0.0199670000000004
 31
0.5015820000000001
 12
0.922808
 22
-0.0185340000000004
 32
0.5020270000000001
 13
0.922808
 23
-0.0185340000000004
 33
0.5020270000000001
  0
3DFACE
  5
27E
330
2
100
AcDbEntity
  8
0
100
AcDbFace
 10
0.922808
 20
-0.0185340000000004
 30
0.5020270000000001
 11
0.92416
 21
-0.0199670000000004
 31
0.5015820000000001
 12
0.9212509999999999
 22
-0.0185340000000004
 32
0.5012730000000003
 13
0.9212509999999999
 23
-0.0185340000000004
 33
0.5012730000000003
  0
3DFACE
  5
27F
330
2
100
AcDbEntity
  8
0
100
AcDbFace
 10
0.9212509999999999
 20
-0.0185340000000004
 30
0.5012730000000003
 11
0.92416
 21
-0.0199670000000004
 31
0.5015820000000001
 12
0.9232939999999999
 22
-0.0205700000000005
 32
0.5004210000000004
 13
0.9232939999999999
 23
-0.0205700000000005
 33
0.5004210000000004
  0
3DFACE
  5
280
330
2
100
AcDbEntity
  8
0
100
AcDbFace
 10
0.9212509999999999
 20
-0.0185340000000004
 30
0.5012730000000003
 11
0.9232939999999999
 21
-0.0205700000000005
 31
0.5004210000000004
 12
0.9213469999999999
 22
-0.0205700000000005
 32
0.4996930000000003
 13
0.9213469999999999
 23
-0.0205700000000005
 33
0.4996930000000003
  0
3DFACE
  5
281
330
2
100
AcDbEntity
  8
0
100
AcDbFace
 10
0.922808
 20
-0.0185340000000004
 30
0.5020270000000001
 11
0.9212509999999999
 21
-0.0185340000000004
 31
0.5012730000000003
 12
0.9214079999999999
 22
-0.0176370000000004
 32
0.5033440000000004
 13
0.9214079999999999
 23
-0.0176370000000004
 33
0.5033440000000004
  0
3DFACE
  5
282
330
2
100
AcDbEntity
  8
0
100
AcDbFace
 10
0.922808
 20
-0.0185340000000004
 30
0.5020270000000001
 11
0.9214079999999999
 21
-0.0176370000000004
 31
0.5033440000000004
 12
0.9236769999999999
 22
-0.0185340000000004
 32
0.5036980000000001
 13
0.9236769999999999
 23
-0.0185340000000004
 33
0.5036980000000001
  0
3DFACE
  5
283
330
2
100
AcDbEntity
  8
0
100
AcDbFace
 10
0.8559229999999995
 20
-0.0218200000000004
 30
0.7148310000000003
 11
0.8571519999999996
 21
-0.0194490000000004
 31
0.7156870000000001
 12
0.8568209999999998
 22
-0.0194490000000004
 32
0.7141950000000003
 13
0.8568209999999998
 23
-0.0194490000000004
 33
0.7141950000000003
  0
3DFACE
  5
284
330
2
100
AcDbEntity
  8
0
100
AcDbFace
 10
0.8568209999999998
 20
-0.0194490000000004
 30
0.7141950000000003
 11
0.8571519999999996
 21
-0.0194490000000004
 31
0.7156870000000001
 12
0.8585419999999999
 22
-0.0181370000000004
 32
0.7151110000000002
 13
0.8585419999999999
 23
-0.0181370000000004
 33
0.7151110000000002
  0
3DFACE
  5
285
330
2
100
AcDbEntity
  8
0
100
AcDbFace
 10
0.8560069999999997
 20
-0.0237610000000005
 30
0.7148200000000001
 11
0.8568209999999998
 21
-0.0254850000000005
 31
0.7141950000000003
 12
0.8571519999999996
 22
-0.0254850000000005
 32
0.7156870000000001
 13
0.8571519999999996
 23
-0.0254850000000005
 33
0.7156870000000001
  0
3DFACE
  5
286
330
2
100
AcDbEntity
  8
0
100
AcDbFace
 10
0.8571519999999996
 20
-0.0254850000000005
 30
0.7156870000000001
 11
0.8568209999999998
 21
-0.0254850000000005
 31
0.7141950000000003
 12
0.8585419999999999
 22
-0.0267970000000005
 32
0.7151110000000002
 13
0.8585419999999999
 23
-0.0267970000000005
 33
0.7151110000000002
  0
3DFACE
  5
287
330
2
100
AcDbEntity
  8
0
100
AcDbFace
 10
0.8624169999999995
 20
-0.0270470000000004
 30
0.7148760000000002
 11
0.8646869999999998
 21
-0.0254850000000005
 31
0.7141950000000003
 12
0.8643569999999998
 22
-0.0254850000000005
 32
0.7156870000000001
 13
0.8643569999999998
 23
-0.0254850000000005
 33
0.7156870000000001
  0
3DFACE
  5
288
330
2
100
AcDbEntity
  8
0
100
AcDbFace
 10
0.8643569999999998
 20
-0.0254850000000005
 30
0.7156870000000001
 11
0.8646869999999998
 21
-0.0254850000000005
 31
0.7141950000000003
 12
0.8655019999999995
 22
-0.0237610000000005
 32
0.7148200000000001
 13
0.8655019999999995
 23
-0.0237610000000005
 33
0.7148200000000001
  0
3DFACE
  5
289
330
2
100
AcDbEntity
  8
0
100
AcDbFace
 10
0.8585419999999999
 20
-0.0267970000000005
 30
0.7151110000000002
 11
0.8603369999999998
 21
-0.0273820000000004
 31
0.7145830000000002
 12
0.860369
 22
-0.0264000000000005
 32
0.7171200000000001
 13
0.860369
 23
-0.0264000000000005
 33
0.7171200000000001
  0
3DFACE
  5
28A
330
2
100
AcDbEntity
  8
0
100
AcDbFace
 10
0.860369
 20
-0.0264000000000005
 30
0.7171200000000001
 11
0.8603369999999998
 21
-0.0273820000000004
 31
0.7145830000000002
 12
0.8624169999999995
 22
-0.0270470000000004
 32
0.7148760000000002
 13
0.8624169999999995
 23
-0.0270470000000004
 33
0.7148760000000002
  0
3DFACE
  5
28B
330
2
100
AcDbEntity
  8
0
100
AcDbFace
 10
0.860369
 20
-0.0264000000000005
 30
0.7171200000000001
 11
0.8624169999999995
 21
-0.0270470000000004
 31
0.7148760000000002
 12
0.8624690000000001
 22
-0.0264000000000005
 32
0.7166130000000002
 13
0.8624690000000001
 23
-0.0264000000000005
 33
0.7166130000000002
  0
3DFACE
  5
28C
330
2
100
AcDbEntity
  8
0
100
AcDbFace
 10
0.8571519999999996
 20
-0.0254850000000005
 30
0.7156870000000001
 11
0.8585419999999999
 21
-0.0267970000000005
 31
0.7151110000000002
 12
0.8581569999999999
 22
-0.0254850000000005
 32
0.7171160000000001
 13
0.8581569999999999
 23
-0.0254850000000005
 33
0.7171160000000001
  0
3DFACE
  5
28D
330
2
100
AcDbEntity
  8
0
100
AcDbFace
 10
0.8581569999999999
 20
-0.0254850000000005
 30
0.7171160000000001
 11
0.8585419999999999
 21
-0.0267970000000005
 31
0.7151110000000002
 12
0.860369
 22
-0.0264000000000005
 32
0.7171200000000001
 13
0.860369
 23
-0.0264000000000005
 33
0.7171200000000001
  0
3DFACE
  5
28E
330
2
100
AcDbEntity
  8
0
100
AcDbFace
 10
0.8643569999999998
 20
-0.0254850000000005
 30
0.7156870000000001
 11
0.8624690000000001
 21
-0.0264000000000005
 31
0.7166130000000002
 12
0.8624169999999995
 22
-0.0270470000000004
 32
0.7148760000000002
 13
0.8624169999999995
 23
-0.0270470000000004
 33
0.7148760000000002
  0
3DFACE
  5
28F
330
2
100
AcDbEntity
  8
0
100
AcDbFace
 10
0.8587249999999997
 20
-0.0243640000000004
 30
0.7182700000000001
 11
0.8581569999999999
 21
-0.0254850000000005
 31
0.7171160000000001
 12
0.860369
 22
-0.0264000000000005
 32
0.7171200000000001
 13
0.860369
 23
-0.0264000000000005
 33
0.7171200000000001
  0
3DFACE
  5
290
330
2
100
AcDbEntity
  8
0
100
AcDbFace
 10
0.8587249999999997
 20
-0.0243640000000004
 30
0.7182700000000001
 11
0.860369
 21
-0.0264000000000005
 31
0.7171200000000001
 12
0.8613149999999997
 22
-0.0249670000000005
 32
0.7184510000000002
 13
0.8613149999999997
 23
-0.0249670000000005
 33
0.7184510000000002
  0
3DFACE
  5
291
330
2
100
AcDbEntity
  8
0
100
AcDbFace
 10
0.8613149999999997
 20
-0.0249670000000005
 30
0.7184510000000002
 11
0.860369
 21
-0.0264000000000005
 31
0.7171200000000001
 12
0.8624690000000001
 22
-0.0264000000000005
 32
0.7166130000000002
 13
0.8624690000000001
 23
-0.0264000000000005
 33
0.7166130000000002
  0
3DFACE
  5
292
330
2
100
AcDbEntity
  8
0
100
AcDbFace
 10
0.8613149999999997
 20
-0.0249670000000005
 30
0.7184510000000002
 11
0.8624690000000001
 21
-0.0264000000000005
 31
0.7166130000000002
 12
0.8633679999999998
 22
-0.0249670000000005
 32
0.7176010000000003
 13
0.8633679999999998
 23
-0.0249670000000005
 33
0.7176010000000003
  0
3DFACE
  5
293
330
2
100
AcDbEntity
  8
0
100
AcDbFace
 10
0.8633679999999998
 20
-0.0249670000000005
 30
0.7176010000000003
 11
0.8624690000000001
 21
-0.0264000000000005
 31
0.7166130000000002
 12
0.8643569999999998
 22
-0.0254850000000005
 32
0.7156870000000001
 13
0.8643569999999998
 23
-0.0254850000000005
 33
0.7156870000000001
  0
3DFACE
  5
294
330
2
100
AcDbEntity
  8
0
100
AcDbFace
 10
0.8560069999999997
 20
-0.0237610000000005
 30
0.7148200000000001
 11
0.8571519999999996
 21
-0.0254850000000005
 31
0.7156870000000001
 12
0.8569559999999999
 22
-0.0237610000000005
 32
0.7171100000000001
 13
0.8569559999999999
 23
-0.0237610000000005
 33
0.7171100000000001
  0
3DFACE
  5
295
330
2
100
AcDbEntity
  8
0
100
AcDbFace
 10
0.8569559999999999
 20
-0.0237610000000005
 30
0.7171100000000001
 11
0.8571519999999996
 21
-0.0254850000000005
 31
0.7156870000000001
 12
0.8581569999999999
 22
-0.0254850000000005
 32
0.7171160000000001
 13
0.8581569999999999
 23
-0.0254850000000005
 33
0.7171160000000001
  0
3DFACE
  5
296
330
2
100
AcDbEntity
  8
0
100
AcDbFace
 10
0.8569559999999999
 20
-0.0237610000000005
 30
0.7171100000000001
 11
0.8581569999999999
 21
-0.0254850000000005
 31
0.7171160000000001
 12
0.8587249999999997
 22
-0.0243640000000004
 32
0.7182700000000001
 13
0.8587249999999997
 23
-0.0243640000000004
 33
0.7182700000000001
  0
3DFACE
  5
297
330
2
100
AcDbEntity
  8
0
100
AcDbFace
 10
0.8601289999999998
 20
-0.0237610000000005
 30
0.7189420000000002
 11
0.8587249999999997
 21
-0.0243640000000004
 31
0.7182700000000001
 12
0.8613149999999997
 22
-0.0249670000000005
 32
0.7184510000000002
 13
0.8613149999999997
 23
-0.0249670000000005
 33
0.7184510000000002
  0
3DFACE
  5
298
330
2
100
AcDbEntity
  8
0
100
AcDbFace
 10
0.8601289999999998
 20
-0.0237610000000005
 30
0.7189420000000002
 11
0.8613149999999997
 21
-0.0249670000000005
 31
0.7184510000000002
 12
0.8625869999999997
 22
-0.0237610000000005
 32
0.7186190000000005
 13
0.8625869999999997
 23
-0.0237610000000005
 33
0.7186190000000005
  0
3DFACE
  5
299
330
2
100
AcDbEntity
  8
0
100
AcDbFace
 10
0.8625869999999997
 20
-0.0237610000000005
 30
0.7186190000000005
 11
0.8613149999999997
 21
-0.0249670000000005
 31
0.7184510000000002
 12
0.8633679999999998
 22
-0.0249670000000005
 32
0.7176010000000003
 13
0.8633679999999998
 23
-0.0249670000000005
 33
0.7176010000000003
  0
3DFACE
  5
29A
330
2
100
AcDbEntity
  8
0
100
AcDbFace
 10
0.8625869999999997
 20
-0.0237610000000005
 30
0.7186190000000005
 11
0.8633679999999998
 21
-0.0249670000000005
 31
0.7176010000000003
 12
0.86462
 22
-0.0231140000000004
 32
0.7171610000000002
 13
0.86462
 23
-0.0231140000000004
 33
0.7171610000000002
  0
3DFACE
  5
29B
330
2
100
AcDbEntity
  8
0
100
AcDbFace
 10
0.86462
 20
-0.0231140000000004
 30
0.7171610000000002
 11
0.8633679999999998
 21
-0.0249670000000005
 31
0.7176010000000003
 12
0.8643569999999998
 22
-0.0254850000000005
 32
0.7156870000000001
 13
0.8643569999999998
 23
-0.0254850000000005
 33
0.7156870000000001
  0
3DFACE
  5
29C
330
2
100
AcDbEntity
  8
0
100
AcDbFace
 10
0.86462
 20
-0.0231140000000004
 30
0.7171610000000002
 11
0.8643569999999998
 21
-0.0254850000000005
 31
0.7156870000000001
 12
0.8655019999999995
 22
-0.0237610000000005
 32
0.7148200000000001
 13
0.8655019999999995
 23
-0.0237610000000005
 33
0.7148200000000001
  0
3DFACE
  5
29D
330
2
100
AcDbEntity
  8
0
100
AcDbFace
 10
0.8559229999999995
 20
-0.0218200000000004
 30
0.7148310000000003
 11
0.8560069999999997
 21
-0.0237610000000005
 31
0.7148200000000001
 12
0.8568889999999996
 22
-0.0218200000000004
 32
0.7171610000000002
 13
0.8568889999999996
 23
-0.0218200000000004
 33
0.7171610000000002
  0
3DFACE
  5
29E
330
2
100
AcDbEntity
  8
0
100
AcDbFace
 10
0.8568889999999996
 20
-0.0218200000000004
 30
0.7171610000000002
 11
0.8560069999999997
 21
-0.0237610000000005
 31
0.7148200000000001
 12
0.8569559999999999
 22
-0.0237610000000005
 32
0.7171100000000001
 13
0.8569559999999999
 23
-0.0237610000000005
 33
0.7171100000000001
  0
3DFACE
  5
29F
330
2
100
AcDbEntity
  8
0
100
AcDbFace
 10
0.8568889999999996
 20
-0.0218200000000004
 30
0.7171610000000002
 11
0.8569559999999999
 21
-0.0237610000000005
 31
0.7171100000000001
 12
0.8588569999999997
 22
-0.0224670000000004
 32
0.7187750000000002
 13
0.8588569999999997
 23
-0.0224670000000004
 33
0.7187750000000002
  0
3DFACE
  5
2A0
330
2
100
AcDbEntity
  8
0
100
AcDbFace
 10
0.8588569999999997
 20
-0.0224670000000004
 30
0.7187750000000002
 11
0.8569559999999999
 21
-0.0237610000000005
 31
0.7171100000000001
 12
0.8587249999999997
 22
-0.0243640000000004
 32
0.7182700000000001
 13
0.8587249999999997
 23
-0.0243640000000004
 33
0.7182700000000001
  0
3DFACE
  5
2A1
330
2
100
AcDbEntity
  8
0
100
AcDbFace
 10
0.8588569999999997
 20
-0.0224670000000004
 30
0.7187750000000002
 11
0.8587249999999997
 21
-0.0243640000000004
 31
0.7182700000000001
 12
0.8601289999999998
 22
-0.0237610000000005
 32
0.7189420000000002
 13
0.8601289999999998
 23
-0.0237610000000005
 33
0.7189420000000002
  0
3DFACE
  5
2A2
330
2
100
AcDbEntity
  8
0
100
AcDbFace
 10
0.8588569999999997
 20
-0.0224670000000004
 30
0.7187750000000002
 11
0.8601289999999998
 21
-0.0237610000000005
 31
0.7189420000000002
 12
0.8604420000000001
 22
-0.0218200000000004
 32
0.7190690000000001
 13
0.8604420000000001
 23
-0.0218200000000004
 33
0.7190690000000001
  0
3DFACE
  5
2A3
330
2
100
AcDbEntity
  8
0
100
AcDbFace
 10
0.8604420000000001
 20
-0.0218200000000004
 30
0.7190690000000001
 11
0.8601289999999998
 21
-0.0237610000000005
 31
0.7189420000000002
 12
0.8626190000000001
 22
-0.0218200000000004
 32
0.7186970000000003
 13
0.8626190000000001
 23
-0.0218200000000004
 33
0.7186970000000003
  0
3DFACE
  5
2A4
330
2
100
AcDbEntity
  8
0
100
AcDbFace
 10
0.8626190000000001
 20
-0.0218200000000004
 30
0.7186970000000003
 11
0.8601289999999998
 21
-0.0237610000000005
 31
0.7189420000000002
 12
0.8625869999999997
 22
-0.0237610000000005
 32
0.7186190000000005
 13
0.8625869999999997
 23
-0.0237610000000005
 33
0.7186190000000005
  0
3DFACE
  5
2A5
330
2
100
AcDbEntity
  8
0
100
AcDbFace
 10
0.8626190000000001
 20
-0.0218200000000004
 30
0.7186970000000003
 11
0.8625869999999997
 21
-0.0237610000000005
 31
0.7186190000000005
 12
0.86462
 22
-0.0231140000000004
 32
0.7171610000000002
 13
0.86462
 23
-0.0231140000000004
 33
0.7171610000000002
  0
3DFACE
  5
2A6
330
2
100
AcDbEntity
  8
0
100
AcDbFace
 10
0.8655849999999999
 20
-0.0218200000000004
 30
0.7148310000000003
 11
0.86462
 21
-0.0231140000000004
 31
0.7171610000000002
 12
0.8655019999999995
 22
-0.0237610000000005
 32
0.7148200000000001
 13
0.8655019999999995
 23
-0.0237610000000005
 33
0.7148200000000001
  0
3DFACE
  5
2A7
330
2
100
AcDbEntity
  8
0
100
AcDbFace
 10
0.8587249999999997
 20
-0.0205700000000005
 30
0.7182700000000001
 11
0.8568889999999996
 21
-0.0218200000000004
 31
0.7171610000000002
 12
0.8588569999999997
 22
-0.0224670000000004
 32
0.7187750000000002
 13
0.8588569999999997
 23
-0.0224670000000004
 33
0.7187750000000002
  0
3DFACE
  5
2A8
330
2
100
AcDbEntity
  8
0
100
AcDbFace
 10
0.8587249999999997
 20
-0.0205700000000005
 30
0.7182700000000001
 11
0.8588569999999997
 21
-0.0224670000000004
 31
0.7187750000000002
 12
0.8604420000000001
 22
-0.0218200000000004
 32
0.7190690000000001
 13
0.8604420000000001
 23
-0.0218200000000004
 33
0.7190690000000001
  0
3DFACE
  5
2A9
330
2
100
AcDbEntity
  8
0
100
AcDbFace
 10
0.8645529999999999
 20
-0.0211730000000004
 30
0.7171100000000001
 11
0.8626190000000001
 21
-0.0218200000000004
 31
0.7186970000000003
 12
0.86462
 22
-0.0231140000000004
 32
0.7171610000000002
 13
0.86462
 23
-0.0231140000000004
 33
0.7171610000000002
  0
3DFACE
  5
2AA
330
2
100
AcDbEntity
  8
0
100
AcDbFace
 10
0.8645529999999999
 20
-0.0211730000000004
 30
0.7171100000000001
 11
0.86462
 21
-0.0231140000000004
 31
0.7171610000000002
 12
0.8655849999999999
 22
-0.0218200000000004
 32
0.7148310000000003
 13
0.8655849999999999
 23
-0.0218200000000004
 33
0.7148310000000003
  0
3DFACE
  5
2AB
330
2
100
AcDbEntity
  8
0
100
AcDbFace
 10
0.8571519999999996
 20
-0.0194490000000004
 30
0.7156870000000001
 11
0.8559229999999995
 21
-0.0218200000000004
 31
0.7148310000000003
 12
0.8568889999999996
 22
-0.0218200000000004
 32
0.7171610000000002
 13
0.8568889999999996
 23
-0.0218200000000004
 33
0.7171610000000002
  0
3DFACE
  5
2AC
330
2
100
AcDbEntity
  8
0
100
AcDbFace
 10
0.8571519999999996
 20
-0.0194490000000004
 30
0.7156870000000001
 11
0.8568889999999996
 21
-0.0218200000000004
 31
0.7171610000000002
 12
0.8581569999999999
 22
-0.0194490000000004
 32
0.7171160000000001
 13
0.8581569999999999
 23
-0.0194490000000004
 33
0.7171160000000001
  0
3DFACE
  5
2AD
330
2
100
AcDbEntity
  8
0
100
AcDbFace
 10
0.8581569999999999
 20
-0.0194490000000004
 30
0.7171160000000001
 11
0.8568889999999996
 21
-0.0218200000000004
 31
0.7171610000000002
 12
0.8587249999999997
 22
-0.0205700000000005
 32
0.7182700000000001
 13
0.8587249999999997
 23
-0.0205700000000005
 33
0.7182700000000001
  0
3DFACE
  5
2AE
330
2
100
AcDbEntity
  8
0
100
AcDbFace
 10
0.8587249999999997
 20
-0.0205700000000005
 30
0.7182700000000001
 11
0.8604420000000001
 21
-0.0218200000000004
 31
0.7190690000000001
 12
0.8608059999999998
 22
-0.0194490000000004
 32
0.7180610000000001
 13
0.8608059999999998
 23
-0.0194490000000004
 33
0.7180610000000001
  0
3DFACE
  5
2AF
330
2
100
AcDbEntity
  8
0
100
AcDbFace
 10
0.8608059999999998
 20
-0.0194490000000004
 30
0.7180610000000001
 11
0.8604420000000001
 21
-0.0218200000000004
 31
0.7190690000000001
 12
0.8626190000000001
 22
-0.0218200000000004
 32
0.7186970000000003
 13
0.8626190000000001
 23
-0.0218200000000004
 33
0.7186970000000003
  0
3DFACE
  5
2B0
330
2
100
AcDbEntity
  8
0
100
AcDbFace
 10
0.8608059999999998
 20
-0.0194490000000004
 30
0.7180610000000001
 11
0.8626190000000001
 21
-0.0218200000000004
 31
0.7186970000000003
 12
0.8633679999999998
 22
-0.0199670000000004
 32
0.7176010000000003
 13
0.8633679999999998
 23
-0.0199670000000004
 33
0.7176010000000003
  0
3DFACE
  5
2B1
330
2
100
AcDbEntity
  8
0
100
AcDbFace
 10
0.8633679999999998
 20
-0.0199670000000004
 30
0.7176010000000003
 11
0.8626190000000001
 21
-0.0218200000000004
 31
0.7186970000000003
 12
0.8645529999999999
 22
-0.0211730000000004
 32
0.7171100000000001
 13
0.8645529999999999
 23
-0.0211730000000004
 33
0.7171100000000001
  0
3DFACE
  5
2B2
330
2
100
AcDbEntity
  8
0
100
AcDbFace
 10
0.8633679999999998
 20
-0.0199670000000004
 30
0.7176010000000003
 11
0.8645529999999999
 21
-0.0211730000000004
 31
0.7171100000000001
 12
0.8645219999999998
 22
-0.0194490000000004
 32
0.7149410000000002
 13
0.8645219999999998
 23
-0.0194490000000004
 33
0.7149410000000002
  0
3DFACE
  5
2B3
330
2
100
AcDbEntity
  8
0
100
AcDbFace
 10
0.8645219999999998
 20
-0.0194490000000004
 30
0.7149410000000002
 11
0.8645529999999999
 21
-0.0211730000000004
 31
0.7171100000000001
 12
0.8655849999999999
 22
-0.0218200000000004
 32
0.7148310000000003
 13
0.8655849999999999
 23
-0.0218200000000004
 33
0.7148310000000003
  0
3DFACE
  5
2B4
330
2
100
AcDbEntity
  8
0
100
AcDbFace
 10
0.8581569999999999
 20
-0.0194490000000004
 30
0.7171160000000001
 11
0.8587249999999997
 21
-0.0205700000000005
 31
0.7182700000000001
 12
0.8608059999999998
 22
-0.0194490000000004
 32
0.7180610000000001
 13
0.8608059999999998
 23
-0.0194490000000004
 33
0.7180610000000001
  0
3DFACE
  5
2B5
330
2
100
AcDbEntity
  8
0
100
AcDbFace
 10
0.8624690000000001
 20
-0.0185340000000004
 30
0.7166130000000002
 11
0.8608059999999998
 21
-0.0194490000000004
 31
0.7180610000000001
 12
0.8633679999999998
 22
-0.0199670000000004
 32
0.7176010000000003
 13
0.8633679999999998
 23
-0.0199670000000004
 33
0.7176010000000003
  0
3DFACE
  5
2B6
330
2
100
AcDbEntity
  8
0
100
AcDbFace
 10
0.8624690000000001
 20
-0.0185340000000004
 30
0.7166130000000002
 11
0.8633679999999998
 21
-0.0199670000000004
 31
0.7176010000000003
 12
0.8645219999999998
 22
-0.0194490000000004
 32
0.7149410000000002
 13
0.8645219999999998
 23
-0.0194490000000004
 33
0.7149410000000002
  0
3DFACE
  5
2B7
330
2
100
AcDbEntity
  8
0
100
AcDbFace
 10
0.8585419999999999
 20
-0.0181370000000004
 30
0.7151110000000002
 11
0.8571519999999996
 21
-0.0194490000000004
 31
0.7156870000000001
 12
0.8581569999999999
 22
-0.0194490000000004
 32
0.7171160000000001
 13
0.8581569999999999
 23
-0.0194490000000004
 33
0.7171160000000001
  0
3DFACE
  5
2B8
330
2
100
AcDbEntity
  8
0
100
AcDbFace
 10
0.8585419999999999
 20
-0.0181370000000004
 30
0.7151110000000002
 11
0.8581569999999999
 21
-0.0194490000000004
 31
0.7171160000000001
 12
0.8604420000000001
 22
-0.0181370000000004
 32
0.7165690000000004
 13
0.8604420000000001
 23
-0.0181370000000004
 33
0.7165690000000004
  0
3DFACE
  5
2B9
330
2
100
AcDbEntity
  8
0
100
AcDbFace
 10
0.8604420000000001
 20
-0.0181370000000004
 30
0.7165690000000004
 11
0.8581569999999999
 21
-0.0194490000000004
 31
0.7171160000000001
 12
0.8608059999999998
 22
-0.0194490000000004
 32
0.7180610000000001
 13
0.8608059999999998
 23
-0.0194490000000004
 33
0.7180610000000001
  0
3DFACE
  5
2BA
330
2
100
AcDbEntity
  8
0
100
AcDbFace
 10
0.8604420000000001
 20
-0.0181370000000004
 30
0.7165690000000004
 11
0.8608059999999998
 21
-0.0194490000000004
 31
0.7180610000000001
 12
0.8624690000000001
 22
-0.0185340000000004
 32
0.7166130000000002
 13
0.8624690000000001
 23
-0.0185340000000004
 33
0.7166130000000002
  0
3DFACE
  5
2BB
330
2
100
AcDbEntity
  8
0
100
AcDbFace
 10
0.8630659999999997
 20
-0.0181370000000004
 30
0.7149820000000001
 11
0.8624690000000001
 21
-0.0185340000000004
 31
0.7166130000000002
 12
0.8645219999999998
 22
-0.0194490000000004
 32
0.7149410000000002
 13
0.8645219999999998
 23
-0.0194490000000004
 33
0.7149410000000002
  0
3DFACE
  5
2BC
330
2
100
AcDbEntity
  8
0
100
AcDbFace
 10
0.8603369999999998
 20
-0.0175520000000004
 30
0.7145830000000002
 11
0.8585419999999999
 21
-0.0181370000000004
 31
0.7151110000000002
 12
0.8604420000000001
 22
-0.0181370000000004
 32
0.7165690000000004
 13
0.8604420000000001
 23
-0.0181370000000004
 33
0.7165690000000004
  0
3DFACE
  5
2BD
330
2
100
AcDbEntity
  8
0
100
AcDbFace
 10
0.8617679999999998
 20
-0.0176370000000004
 30
0.7147700000000004
 11
0.8603369999999998
 21
-0.0175520000000004
 31
0.7145830000000002
 12
0.8604420000000001
 22
-0.0181370000000004
 32
0.7165690000000004
 13
0.8604420000000001
 23
-0.0181370000000004
 33
0.7165690000000004
  0
3DFACE
  5
2BE
330
2
100
AcDbEntity
  8
0
100
AcDbFace
 10
0.8617679999999998
 20
-0.0176370000000004
 30
0.7147700000000004
 11
0.8604420000000001
 21
-0.0181370000000004
 31
0.7165690000000004
 12
0.8624690000000001
 22
-0.0185340000000004
 32
0.7166130000000002
 13
0.8624690000000001
 23
-0.0185340000000004
 33
0.7166130000000002
  0
3DFACE
  5
2BF
330
2
100
AcDbEntity
  8
0
100
AcDbFace
 10
0.8617679999999998
 20
-0.0176370000000004
 30
0.7147700000000004
 11
0.8624690000000001
 21
-0.0185340000000004
 31
0.7166130000000002
 12
0.8630659999999997
 22
-0.0181370000000004
 32
0.7149820000000001
 13
0.8630659999999997
 23
-0.0181370000000004
 33
0.7149820000000001
  0
3DFACE
  5
2C0
330
2
100
AcDbEntity
  8
0
100
AcDbFace
 10
0.8656149999999998
 20
-0.0211950000000004
 30
0.5583320000000002
 11
0.8655849999999999
 21
-0.0218200000000004
 31
0.7148310000000003
 12
0.8655509999999997
 22
-0.0240620000000004
 32
0.5584940000000002
 13
0.8655509999999997
 23
-0.0240620000000004
 33
0.5584940000000002
  0
3DFACE
  5
2C1
330
2
100
AcDbEntity
  8
0
100
AcDbFace
 10
0.8655509999999997
 20
-0.0240620000000004
 30
0.5584940000000002
 11
0.8655849999999999
 21
-0.0218200000000004
 31
0.7148310000000003
 12
0.8655019999999995
 22
-0.0237610000000005
 32
0.7148200000000001
 13
0.8655019999999995
 23
-0.0237610000000005
 33
0.7148200000000001
  0
3DFACE
  5
2C2
330
2
100
AcDbEntity
  8
0
100
AcDbFace
 10
0.8655509999999997
 20
-0.0240620000000004
 30
0.5584940000000002
 11
0.8655019999999995
 21
-0.0237610000000005
 31
0.7148200000000001
 12
0.8645989999999997
 22
-0.0257430000000004
 32
0.5583580000000003
 13
0.8645989999999997
 23
-0.0257430000000004
 33
0.5583580000000003
  0
3DFACE
  5
2C3
330
2
100
AcDbEntity
  8
0
100
AcDbFace
 10
0.8645989999999997
 20
-0.0257430000000004
 30
0.5583580000000003
 11
0.8655019999999995
 21
-0.0237610000000005
 31
0.7148200000000001
 12
0.8646869999999998
 22
-0.0254850000000005
 32
0.7141950000000003
 13
0.8646869999999998
 23
-0.0254850000000005
 33
0.7141950000000003
  0
3DFACE
  5
2C4
330
2
100
AcDbEntity
  8
0
100
AcDbFace
 10
0.8645989999999997
 20
-0.0257430000000004
 30
0.5583580000000003
 11
0.8646869999999998
 21
-0.0254850000000005
 31
0.7141950000000003
 12
0.8627889999999997
 22
-0.0270470000000004
 32
0.5581460000000003
 13
0.8627889999999997
 23
-0.0270470000000004
 33
0.5581460000000003
  0
3DFACE
  5
2C5
330
2
100
AcDbEntity
  8
0
100
AcDbFace
 10
0.8627889999999997
 20
-0.0270470000000004
 30
0.5581460000000003
 11
0.8646869999999998
 21
-0.0254850000000005
 31
0.7141950000000003
 12
0.8624169999999995
 22
-0.0270470000000004
 32
0.7148760000000002
 13
0.8624169999999995
 23
-0.0270470000000004
 33
0.7148760000000002
  0
3DFACE
  5
2C6
330
2
100
AcDbEntity
  8
0
100
AcDbFace
 10
0.8627889999999997
 20
-0.0270470000000004
 30
0.5581460000000003
 11
0.8624169999999995
 21
-0.0270470000000004
 31
0.7148760000000002
 12
0.8598059999999998
 22
-0.0272570000000004
 32
0.5591950000000001
 13
0.8598059999999998
 23
-0.0272570000000004
 33
0.5591950000000001
  0
3DFACE
  5
2C7
330
2
100
AcDbEntity
  8
0
100
AcDbFace
 10
0.8598059999999998
 20
-0.0272570000000004
 30
0.5591950000000001
 11
0.8624169999999995
 21
-0.0270470000000004
 31
0.7148760000000002
 12
0.8603369999999998
 22
-0.0273820000000004
 32
0.7145830000000002
 13
0.8603369999999998
 23
-0.0273820000000004
 33
0.7145830000000002
  0
3DFACE
  5
2C8
330
2
100
AcDbEntity
  8
0
100
AcDbFace
 10
0.8598059999999998
 20
-0.0272570000000004
 30
0.5591950000000001
 11
0.8603369999999998
 21
-0.0273820000000004
 31
0.7145830000000002
 12
0.8585419999999999
 22
-0.0267970000000005
 32
0.7151110000000002
 13
0.8585419999999999
 23
-0.0267970000000005
 33
0.7151110000000002
  0
3DFACE
  5
2C9
330
2
100
AcDbEntity
  8
0
100
AcDbFace
 10
0.8598059999999998
 20
-0.0272570000000004
 30
0.5591950000000001
 11
0.8585419999999999
 21
-0.0267970000000005
 31
0.7151110000000002
 12
0.8566970000000001
 22
-0.0251830000000004
 32
0.5591950000000001
 13
0.8566970000000001
 23
-0.0251830000000004
 33
0.5591950000000001
  0
3DFACE
  5
2CA
330
2
100
AcDbEntity
  8
0
100
AcDbFace
 10
0.8566970000000001
 20
-0.0251830000000004
 30
0.5591950000000001
 11
0.8585419999999999
 21
-0.0267970000000005
 31
0.7151110000000002
 12
0.8568209999999998
 22
-0.0254850000000005
 32
0.7141950000000003
 13
0.8568209999999998
 23
-0.0254850000000005
 33
0.7141950000000003
  0
3DFACE
  5
2CB
330
2
100
AcDbEntity
  8
0
100
AcDbFace
 10
0.8566970000000001
 20
-0.0251830000000004
 30
0.5591950000000001
 11
0.8568209999999998
 21
-0.0254850000000005
 31
0.7141950000000003
 12
0.8560069999999997
 22
-0.0237610000000005
 32
0.7148200000000001
 13
0.8560069999999997
 23
-0.0237610000000005
 33
0.7148200000000001
  0
3DFACE
  5
2CC
330
2
100
AcDbEntity
  8
0
100
AcDbFace
 10
0.8566970000000001
 20
-0.0251830000000004
 30
0.5591950000000001
 11
0.8560069999999997
 21
-0.0237610000000005
 31
0.7148200000000001
 12
0.8558389999999997
 22
-0.0218200000000004
 32
0.5591950000000001
 13
0.8558389999999997
 23
-0.0218200000000004
 33
0.5591950000000001
  0
3DFACE
  5
2CD
330
2
100
AcDbEntity
  8
0
100
AcDbFace
 10
0.8558389999999997
 20
-0.0218200000000004
 30
0.5591950000000001
 11
0.8560069999999997
 21
-0.0237610000000005
 31
0.7148200000000001
 12
0.8559229999999995
 22
-0.0218200000000004
 32
0.7148310000000003
 13
0.8559229999999995
 23
-0.0218200000000004
 33
0.7148310000000003
  0
3DFACE
  5
2CE
330
2
100
AcDbEntity
  8
0
100
AcDbFace
 10
0.8558389999999997
 20
-0.0218200000000004
 30
0.5591950000000001
 11
0.8559229999999995
 21
-0.0218200000000004
 31
0.7148310000000003
 12
0.8568209999999998
 22
-0.0194490000000004
 32
0.5591950000000001
 13
0.8568209999999998
 23
-0.0194490000000004
 33
0.5591950000000001
  0
3DFACE
  5
2CF
330
2
100
AcDbEntity
  8
0
100
AcDbFace
 10
0.8568209999999998
 20
-0.0194490000000004
 30
0.5591950000000001
 11
0.8559229999999995
 21
-0.0218200000000004
 31
0.7148310000000003
 12
0.8568209999999998
 22
-0.0194490000000004
 32
0.7141950000000003
 13
0.8568209999999998
 23
-0.0194490000000004
 33
0.7141950000000003
  0
3DFACE
  5
2D0
330
2
100
AcDbEntity
  8
0
100
AcDbFace
 10
0.8568209999999998
 20
-0.0194490000000004
 30
0.5591950000000001
 11
0.8568209999999998
 21
-0.0194490000000004
 31
0.7141950000000003
 12
0.8588569999999997
 22
-0.0178870000000004
 32
0.5591950000000001
 13
0.8588569999999997
 23
-0.0178870000000004
 33
0.5591950000000001
  0
3DFACE
  5
2D1
330
2
100
AcDbEntity
  8
0
100
AcDbFace
 10
0.8588569999999997
 20
-0.0178870000000004
 30
0.5591950000000001
 11
0.8568209999999998
 21
-0.0194490000000004
 31
0.7141950000000003
 12
0.8585419999999999
 22
-0.0181370000000004
 32
0.7151110000000002
 13
0.8585419999999999
 23
-0.0181370000000004
 33
0.7151110000000002
  0
3DFACE
  5
2D2
330
2
100
AcDbEntity
  8
0
100
AcDbFace
 10
0.8588569999999997
 20
-0.0178870000000004
 30
0.5591950000000001
 11
0.8585419999999999
 21
-0.0181370000000004
 31
0.7151110000000002
 12
0.8603369999999998
 22
-0.0175520000000004
 32
0.7145830000000002
 13
0.8603369999999998
 23
-0.0175520000000004
 33
0.7145830000000002
  0
3DFACE
  5
2D3
330
2
100
AcDbEntity
  8
0
100
AcDbFace
 10
0.8588569999999997
 20
-0.0178870000000004
 30
0.5591950000000001
 11
0.8603369999999998
 21
-0.0175520000000004
 31
0.7145830000000002
 12
0.8617029999999996
 22
-0.0176770000000004
 32
0.5591950000000001
 13
0.8617029999999996
 23
-0.0176770000000004
 33
0.5591950000000001
  0
3DFACE
  5
2D4
330
2
100
AcDbEntity
  8
0
100
AcDbFace
 10
0.8617029999999996
 20
-0.0176770000000004
 30
0.5591950000000001
 11
0.8603369999999998
 21
-0.0175520000000004
 31
0.7145830000000002
 12
0.8617679999999998
 22
-0.0176370000000004
 32
0.7147700000000004
 13
0.8617679999999998
 23
-0.0176370000000004
 33
0.7147700000000004
  0
3DFACE
  5
2D5
330
2
100
AcDbEntity
  8
0
100
AcDbFace
 10
0.8617029999999996
 20
-0.0176770000000004
 30
0.5591950000000001
 11
0.8617679999999998
 21
-0.0176370000000004
 31
0.7147700000000004
 12
0.8630659999999997
 22
-0.0181370000000004
 32
0.7149820000000001
 13
0.8630659999999997
 23
-0.0181370000000004
 33
0.7149820000000001
  0
3DFACE
  5
2D6
330
2
100
AcDbEntity
  8
0
100
AcDbFace
 10
0.8617029999999996
 20
-0.0176770000000004
 30
0.5591950000000001
 11
0.8630659999999997
 21
-0.0181370000000004
 31
0.7149820000000001
 12
0.8645989999999997
 22
-0.0191900000000004
 32
0.5583580000000003
 13
0.8645989999999997
 23
-0.0191900000000004
 33
0.5583580000000003
  0
3DFACE
  5
2D7
330
2
100
AcDbEntity
  8
0
100
AcDbFace
 10
0.8645989999999997
 20
-0.0191900000000004
 30
0.5583580000000003
 11
0.8630659999999997
 21
-0.0181370000000004
 31
0.7149820000000001
 12
0.8645219999999998
 22
-0.0194490000000004
 32
0.7149410000000002
 13
0.8645219999999998
 23
-0.0194490000000004
 33
0.7149410000000002
  0
3DFACE
  5
2D8
330
2
100
AcDbEntity
  8
0
100
AcDbFace
 10
0.8645989999999997
 20
-0.0191900000000004
 30
0.5583580000000003
 11
0.8645219999999998
 21
-0.0194490000000004
 31
0.7149410000000002
 12
0.8656149999999998
 22
-0.0211950000000004
 32
0.5583320000000002
 13
0.8656149999999998
 23
-0.0211950000000004
 33
0.5583320000000002
  0
3DFACE
  5
2D9
330
2
100
AcDbEntity
  8
0
100
AcDbFace
 10
0.8656149999999998
 20
-0.0211950000000004
 30
0.5583320000000002
 11
0.8645219999999998
 21
-0.0194490000000004
 31
0.7149410000000002
 12
0.8655849999999999
 22
-0.0218200000000004
 32
0.7148310000000003
 13
0.8655849999999999
 23
-0.0218200000000004
 33
0.7148310000000003
  0
3DFACE
  5
2DA
330
2
100
AcDbEntity
  8
0
100
AcDbFace
 10
0.8707539999999999
 20
-0.0270890000000005
 30
0.5476220000000002
 11
0.8695439999999996
 21
-0.0273390000000004
 31
0.5503250000000001
 12
0.866553
 22
-0.0272140000000004
 32
0.5488390000000002
 13
0.866553
 23
-0.0272140000000004
 33
0.5488390000000002
  0
3DFACE
  5
2DB
330
2
100
AcDbEntity
  8
0
100
AcDbFace
 10
0.8707539999999999
 20
-0.0270890000000005
 30
0.5476220000000002
 11
0.866553
 21
-0.0272140000000004
 31
0.5488390000000002
 12
0.8671479999999998
 22
-0.0254850000000005
 32
0.5457370000000001
 13
0.8671479999999998
 23
-0.0254850000000005
 33
0.5457370000000001
  0
3DFACE
  5
2DC
330
2
100
AcDbEntity
  8
0
100
AcDbFace
 10
0.8707539999999999
 20
-0.0270890000000005
 30
0.5476220000000002
 11
0.8671479999999998
 21
-0.0254850000000005
 31
0.5457370000000001
 12
0.8707539999999999
 22
-0.0246230000000003
 32
0.5448140000000004
 13
0.8707539999999999
 23
-0.0246230000000003
 33
0.5448140000000004
  0
3DFACE
  5
2DD
330
2
100
AcDbEntity
  8
0
100
AcDbFace
 10
0.8707539999999999
 20
-0.0246230000000003
 30
0.5448140000000004
 11
0.8671479999999998
 21
-0.0254850000000005
 31
0.5457370000000001
 12
0.8669049999999998
 22
-0.0227900000000004
 32
0.5448300000000003
 13
0.8669049999999998
 23
-0.0227900000000004
 33
0.5448300000000003
  0
3DFACE
  5
2DE
330
2
100
AcDbEntity
  8
0
100
AcDbFace
 10
0.8707539999999999
 20
-0.0246230000000003
 30
0.5448140000000004
 11
0.8669049999999998
 21
-0.0227900000000004
 31
0.5448300000000003
 12
0.8707539999999999
 22
-0.0218200000000004
 32
0.5442800000000001
 13
0.8707539999999999
 23
-0.0218200000000004
 33
0.5442800000000001
  0
3DFACE
  5
2DF
330
2
100
AcDbEntity
  8
0
100
AcDbFace
 10
0.8707539999999999
 20
-0.0218200000000004
 30
0.5442800000000001
 11
0.8669049999999998
 21
-0.0227900000000004
 31
0.5448300000000003
 12
0.8671479999999998
 22
-0.0194490000000004
 32
0.5457370000000001
 13
0.8671479999999998
 23
-0.0194490000000004
 33
0.5457370000000001
  0
3DFACE
  5
2E0
330
2
100
AcDbEntity
  8
0
100
AcDbFace
 10
0.8707539999999999
 20
-0.0218200000000004
 30
0.5442800000000001
 11
0.8671479999999998
 21
-0.0194490000000004
 31
0.5457370000000001
 12
0.8707539999999999
 22
-0.0187930000000004
 32
0.5459790000000001
 13
0.8707539999999999
 23
-0.0187930000000004
 33
0.5459790000000001
  0
3DFACE
  5
2E1
330
2
100
AcDbEntity
  8
0
100
AcDbFace
 10
0.8707539999999999
 20
-0.0187930000000004
 30
0.5459790000000001
 11
0.8671479999999998
 21
-0.0194490000000004
 31
0.5457370000000001
 12
0.867675
 22
-0.0178870000000004
 32
0.5477030000000002
 13
0.867675
 23
-0.0178870000000004
 33
0.5477030000000002
  0
3DFACE
  5
2E2
330
2
100
AcDbEntity
  8
0
100
AcDbFace
 10
0.8707539999999999
 20
-0.0187930000000004
 30
0.5459790000000001
 11
0.867675
 21
-0.0178870000000004
 31
0.5477030000000002
 12
0.8695439999999996
 22
-0.0175730000000004
 32
0.5498400000000002
 13
0.8695439999999996
 23
-0.0175730000000004
 33
0.5498400000000002
  0
3DFACE
  5
2E3
330
2
100
AcDbEntity
  8
0
100
AcDbFace
 10
0.8645989999999997
 20
-0.0191900000000004
 30
0.5583580000000003
 11
0.8629269999999998
 21
-0.0178870000000004
 31
0.5570980000000001
 12
0.8617029999999996
 22
-0.0176770000000004
 32
0.5591950000000001
 13
0.8617029999999996
 23
-0.0176770000000004
 33
0.5591950000000001
  0
3DFACE
  5
2E4
330
2
100
AcDbEntity
  8
0
100
AcDbFace
 10
0.8617029999999996
 20
-0.0176770000000004
 30
0.5591950000000001
 11
0.8629269999999998
 21
-0.0178870000000004
 31
0.5570980000000001
 12
0.8604699999999997
 22
-0.0175520000000004
 32
0.5564390000000003
 13
0.8604699999999997
 23
-0.0175520000000004
 33
0.5564390000000003
  0
3DFACE
  5
2E5
330
2
100
AcDbEntity
  8
0
100
AcDbFace
 10
0.8617029999999996
 20
-0.0176770000000004
 30
0.5591950000000001
 11
0.8604699999999997
 21
-0.0175520000000004
 31
0.5564390000000003
 12
0.8588569999999997
 22
-0.0178870000000004
 32
0.5591950000000001
 13
0.8588569999999997
 23
-0.0178870000000004
 33
0.5591950000000001
  0
3DFACE
  5
2E6
330
2
100
AcDbEntity
  8
0
100
AcDbFace
 10
0.8588569999999997
 20
-0.0178870000000004
 30
0.5591950000000001
 11
0.8604699999999997
 21
-0.0175520000000004
 31
0.5564390000000003
 12
0.8581799999999999
 22
-0.0185340000000004
 32
0.5558260000000003
 13
0.8581799999999999
 23
-0.0185340000000004
 33
0.5558260000000003
  0
3DFACE
  5
2E7
330
2
100
AcDbEntity
  8
0
100
AcDbFace
 10
0.8588569999999997
 20
-0.0178870000000004
 30
0.5591950000000001
 11
0.8581799999999999
 21
-0.0185340000000004
 31
0.5558260000000003
 12
0.8568209999999998
 22
-0.0194490000000004
 32
0.5591950000000001
 13
0.8568209999999998
 23
-0.0194490000000004
 33
0.5591950000000001
  0
3DFACE
  5
2E8
330
2
100
AcDbEntity
  8
0
100
AcDbFace
 10
0.8568209999999998
 20
-0.0194490000000004
 30
0.5591950000000001
 11
0.8581799999999999
 21
-0.0185340000000004
 31
0.5558260000000003
 12
0.8566299999999998
 22
-0.0208930000000004
 32
0.5554110000000004
 13
0.8566299999999998
 23
-0.0208930000000004
 33
0.5554110000000004
  0
3DFACE
  5
2E9
330
2
100
AcDbEntity
  8
0
100
AcDbFace
 10
0.8568209999999998
 20
-0.0194490000000004
 30
0.5591950000000001
 11
0.8566299999999998
 21
-0.0208930000000004
 31
0.5554110000000004
 12
0.8558389999999997
 22
-0.0218200000000004
 32
0.5591950000000001
 13
0.8558389999999997
 23
-0.0218200000000004
 33
0.5591950000000001
  0
3DFACE
  5
2EA
330
2
100
AcDbEntity
  8
0
100
AcDbFace
 10
0.8558389999999997
 20
-0.0218200000000004
 30
0.5591950000000001
 11
0.8566299999999998
 21
-0.0208930000000004
 31
0.5554110000000004
 12
0.8566709999999998
 22
-0.0243640000000004
 32
0.5554220000000001
 13
0.8566709999999998
 23
-0.0243640000000004
 33
0.5554220000000001
  0
3DFACE
  5
2EB
330
2
100
AcDbEntity
  8
0
100
AcDbFace
 10
0.8558389999999997
 20
-0.0218200000000004
 30
0.5591950000000001
 11
0.8566709999999998
 21
-0.0243640000000004
 31
0.5554220000000001
 12
0.8566970000000001
 22
-0.0251830000000004
 32
0.5591950000000001
 13
0.8566970000000001
 23
-0.0251830000000004
 33
0.5591950000000001
  0
3DFACE
  5
2EC
330
2
100
AcDbEntity
  8
0
100
AcDbFace
 10
0.8566970000000001
 20
-0.0251830000000004
 30
0.5591950000000001
 11
0.8566709999999998
 21
-0.0243640000000004
 31
0.5554220000000001
 12
0.8581799999999999
 22
-0.0264000000000005
 32
0.5558260000000003
 13
0.8581799999999999
 23
-0.0264000000000005
 33
0.5558260000000003
  0
3DFACE
  5
2ED
330
2
100
AcDbEntity
  8
0
100
AcDbFace
 10
0.8566970000000001
 20
-0.0251830000000004
 30
0.5591950000000001
 11
0.8581799999999999
 21
-0.0264000000000005
 31
0.5558260000000003
 12
0.8598059999999998
 22
-0.0272570000000004
 32
0.5591950000000001
 13
0.8598059999999998
 23
-0.0272570000000004
 33
0.5591950000000001
  0
3DFACE
  5
2EE
330
2
100
AcDbEntity
  8
0
100
AcDbFace
 10
0.8598059999999998
 20
-0.0272570000000004
 30
0.5591950000000001
 11
0.8581799999999999
 21
-0.0264000000000005
 31
0.5558260000000003
 12
0.8604699999999997
 22
-0.0273820000000004
 32
0.5564390000000003
 13
0.8604699999999997
 23
-0.0273820000000004
 33
0.5564390000000003
  0
3DFACE
  5
2EF
330
2
100
AcDbEntity
  8
0
100
AcDbFace
 10
0.8598059999999998
 20
-0.0272570000000004
 30
0.5591950000000001
 11
0.8604699999999997
 21
-0.0273820000000004
 31
0.5564390000000003
 12
0.8627889999999997
 22
-0.0270470000000004
 32
0.5581460000000003
 13
0.8627889999999997
 23
-0.0270470000000004
 33
0.5581460000000003
  0
3DFACE
  5
2F0
330
2
100
AcDbEntity
  8
0
100
AcDbFace
 10
0.869111
 20
-0.0240620000000004
 30
0.5542920000000004
 11
0.869458
 21
-0.0214320000000004
 31
0.5542960000000001
 12
0.8664909999999999
 22
-0.0243640000000004
 32
0.5559240000000001
 13
0.8664909999999999
 23
-0.0243640000000004
 33
0.5559240000000001
  0
3DFACE
  5
2F1
330
2
100
AcDbEntity
  8
0
100
AcDbFace
 10
0.8652619999999997
 20
-0.0264000000000005
 30
0.5549810000000001
 11
0.8664909999999999
 21
-0.0243640000000004
 31
0.5559240000000001
 12
0.8645989999999997
 22
-0.0257430000000004
 32
0.5583580000000003
 13
0.8645989999999997
 23
-0.0257430000000004
 33
0.5583580000000003
  0
3DFACE
  5
2F2
330
2
100
AcDbEntity
  8
0
100
AcDbFace
 10
0.8652619999999997
 20
-0.0264000000000005
 30
0.5549810000000001
 11
0.8645989999999997
 21
-0.0257430000000004
 31
0.5583580000000003
 12
0.8627889999999997
 22
-0.0270470000000004
 32
0.5581460000000003
 13
0.8627889999999997
 23
-0.0270470000000004
 33
0.5581460000000003
  0
3DFACE
  5
2F3
330
2
100
AcDbEntity
  8
0
100
AcDbFace
 10
0.869458
 20
-0.0214320000000004
 30
0.5542960000000001
 11
0.8667549999999998
 21
-0.0218200000000004
 31
0.5561260000000001
 12
0.8664909999999999
 22
-0.0243640000000004
 32
0.5559240000000001
 13
0.8664909999999999
 23
-0.0243640000000004
 33
0.5559240000000001
  0
3DFACE
  5
2F4
330
2
100
AcDbEntity
  8
0
100
AcDbFace
 10
0.8664909999999999
 20
-0.0243640000000004
 30
0.5559240000000001
 11
0.8655509999999997
 21
-0.0240620000000004
 31
0.5584940000000002
 12
0.8645989999999997
 22
-0.0257430000000004
 32
0.5583580000000003
 13
0.8645989999999997
 23
-0.0257430000000004
 33
0.5583580000000003
  0
3DFACE
  5
2F5
330
2
100
AcDbEntity
  8
0
100
AcDbFace
 10
0.8664909999999999
 20
-0.0243640000000004
 30
0.5559240000000001
 11
0.8667549999999998
 21
-0.0218200000000004
 31
0.5561260000000001
 12
0.8655509999999997
 22
-0.0240620000000004
 32
0.5584940000000002
 13
0.8655509999999997
 23
-0.0240620000000004
 33
0.5584940000000002
  0
3DFACE
  5
2F6
330
2
100
AcDbEntity
  8
0
100
AcDbFace
 10
0.8667549999999998
 20
-0.0218200000000004
 30
0.5561260000000001
 11
0.8656149999999998
 21
-0.0211950000000004
 31
0.5583320000000002
 12
0.8655509999999997
 22
-0.0240620000000004
 32
0.5584940000000002
 13
0.8655509999999997
 23
-0.0240620000000004
 33
0.5584940000000002
  0
3DFACE
  5
2F7
330
2
100
AcDbEntity
  8
0
100
AcDbFace
 10
0.8677209999999998
 20
-0.0254850000000005
 30
0.5539410000000002
 11
0.869111
 21
-0.0240620000000004
 31
0.5542920000000004
 12
0.8664909999999999
 22
-0.0243640000000004
 32
0.5559240000000001
 13
0.8664909999999999
 23
-0.0243640000000004
 33
0.5559240000000001
  0
3DFACE
  5
2F8
330
2
100
AcDbEntity
  8
0
100
AcDbFace
 10
0.8682769999999997
 20
-0.0267230000000004
 30
0.5522550000000002
 11
0.869111
 21
-0.0240620000000004
 31
0.5542920000000004
 12
0.8677209999999998
 22
-0.0254850000000005
 32
0.5539410000000002
 13
0.8677209999999998
 23
-0.0254850000000005
 33
0.5539410000000002
  0
3DFACE
  5
2F9
330
2
100
AcDbEntity
  8
0
100
AcDbFace
 10
0.8652619999999997
 20
-0.0264000000000005
 30
0.5549810000000001
 11
0.8677209999999998
 21
-0.0254850000000005
 31
0.5539410000000002
 12
0.8664909999999999
 22
-0.0243640000000004
 32
0.5559240000000001
 13
0.8664909999999999
 23
-0.0243640000000004
 33
0.5559240000000001
  0
3DFACE
  5
2FA
330
2
100
AcDbEntity
  8
0
100
AcDbFace
 10
0.8682769999999997
 20
-0.0267230000000004
 30
0.5522550000000002
 11
0.8677209999999998
 21
-0.0254850000000005
 31
0.5539410000000002
 12
0.8652619999999997
 22
-0.0264000000000005
 32
0.5549810000000001
 13
0.8652619999999997
 23
-0.0264000000000005
 33
0.5549810000000001
  0
3DFACE
  5
2FB
330
2
100
AcDbEntity
  8
0
100
AcDbFace
 10
0.8633979999999999
 20
-0.0273820000000004
 30
0.5535500000000001
 11
0.8682769999999997
 21
-0.0267230000000004
 31
0.5522550000000002
 12
0.8652619999999997
 22
-0.0264000000000005
 32
0.5549810000000001
 13
0.8652619999999997
 23
-0.0264000000000005
 33
0.5549810000000001
  0
3DFACE
  5
2FC
330
2
100
AcDbEntity
  8
0
100
AcDbFace
 10
0.8633979999999999
 20
-0.0273820000000004
 30
0.5535500000000001
 11
0.8652619999999997
 21
-0.0264000000000005
 31
0.5549810000000001
 12
0.8627889999999997
 22
-0.0270470000000004
 32
0.5581460000000003
 13
0.8627889999999997
 23
-0.0270470000000004
 33
0.5581460000000003
  0
3DFACE
  5
2FD
330
2
100
AcDbEntity
  8
0
100
AcDbFace
 10
0.866553
 20
-0.0272140000000004
 30
0.5488390000000002
 11
0.8695439999999996
 21
-0.0273390000000004
 31
0.5503250000000001
 12
0.8682769999999997
 22
-0.0267230000000004
 32
0.5522550000000002
 13
0.8682769999999997
 23
-0.0267230000000004
 33
0.5522550000000002
  0
3DFACE
  5
2FE
330
2
100
AcDbEntity
  8
0
100
AcDbFace
 10
0.866553
 20
-0.0272140000000004
 30
0.5488390000000002
 11
0.8682769999999997
 21
-0.0267230000000004
 31
0.5522550000000002
 12
0.8633979999999999
 22
-0.0273820000000004
 32
0.5535500000000001
 13
0.8633979999999999
 23
-0.0273820000000004
 33
0.5535500000000001
  0
3DFACE
  5
2FF
330
2
100
AcDbEntity
  8
0
100
AcDbFace
 10
0.8604699999999997
 20
-0.0273820000000004
 30
0.5564390000000003
 11
0.8633979999999999
 21
-0.0273820000000004
 31
0.5535500000000001
 12
0.8627889999999997
 22
-0.0270470000000004
 32
0.5581460000000003
 13
0.8627889999999997
 23
-0.0270470000000004
 33
0.5581460000000003
  0
3DFACE
  5
300
330
2
100
AcDbEntity
  8
0
100
AcDbFace
 10
0.861763
 20
-0.0265250000000004
 30
0.5502030000000003
 11
0.866553
 21
-0.0272140000000004
 31
0.5488390000000002
 12
0.8633979999999999
 22
-0.0273820000000004
 32
0.5535500000000001
 13
0.8633979999999999
 23
-0.0273820000000004
 33
0.5535500000000001
  0
3DFACE
  5
301
330
2
100
AcDbEntity
  8
0
100
AcDbFace
 10
0.861763
 20
-0.0265250000000004
 30
0.5502030000000003
 11
0.8633979999999999
 21
-0.0273820000000004
 31
0.5535500000000001
 12
0.8604509999999997
 22
-0.0270470000000004
 32
0.5532470000000002
 13
0.8604509999999997
 23
-0.0270470000000004
 33
0.5532470000000002
  0
3DFACE
  5
302
330
2
100
AcDbEntity
  8
0
100
AcDbFace
 10
0.8604509999999997
 20
-0.0270470000000004
 30
0.5532470000000002
 11
0.8633979999999999
 21
-0.0273820000000004
 31
0.5535500000000001
 12
0.8604699999999997
 22
-0.0273820000000004
 32
0.5564390000000003
 13
0.8604699999999997
 23
-0.0273820000000004
 33
0.5564390000000003
  0
3DFACE
  5
303
330
2
100
AcDbEntity
  8
0
100
AcDbFace
 10
0.864245
 20
-0.0264000000000005
 30
0.5479210000000002
 11
0.866553
 21
-0.0272140000000004
 31
0.5488390000000002
 12
0.861763
 22
-0.0265250000000004
 32
0.5502030000000003
 13
0.861763
 23
-0.0265250000000004
 33
0.5502030000000003
  0
3DFACE
  5
304
330
2
100
AcDbEntity
  8
0
100
AcDbFace
 10
0.8581799999999999
 20
-0.0264000000000005
 30
0.5558260000000003
 11
0.8604509999999997
 21
-0.0270470000000004
 31
0.5532470000000002
 12
0.8604699999999997
 22
-0.0273820000000004
 32
0.5564390000000003
 13
0.8604699999999997
 23
-0.0273820000000004
 33
0.5564390000000003
  0
3DFACE
  5
305
330
2
100
AcDbEntity
  8
0
100
AcDbFace
 10
0.8671479999999998
 20
-0.0254850000000005
 30
0.5457370000000001
 11
0.866553
 21
-0.0272140000000004
 31
0.5488390000000002
 12
0.864245
 22
-0.0264000000000005
 32
0.5479210000000002
 13
0.864245
 23
-0.0264000000000005
 33
0.5479210000000002
  0
3DFACE
  5
306
330
2
100
AcDbEntity
  8
0
100
AcDbFace
 10
0.8585799999999997
 20
-0.0251830000000004
 30
0.5521660000000002
 11
0.861763
 21
-0.0265250000000004
 31
0.5502030000000003
 12
0.8604509999999997
 22
-0.0270470000000004
 32
0.5532470000000002
 13
0.8604509999999997
 23
-0.0270470000000004
 33
0.5532470000000002
  0
3DFACE
  5
307
330
2
100
AcDbEntity
  8
0
100
AcDbFace
 10
0.8585799999999997
 20
-0.0251830000000004
 30
0.5521660000000002
 11
0.8604509999999997
 21
-0.0270470000000004
 31
0.5532470000000002
 12
0.8581799999999999
 22
-0.0264000000000005
 32
0.5558260000000003
 13
0.8581799999999999
 23
-0.0264000000000005
 33
0.5558260000000003
  0
3DFACE
  5
308
330
2
100
AcDbEntity
  8
0
100
AcDbFace
 10
0.8634639999999999
 20
-0.0243640000000004
 30
0.5465690000000001
 11
0.8671479999999998
 21
-0.0254850000000005
 31
0.5457370000000001
 12
0.864245
 22
-0.0264000000000005
 32
0.5479210000000002
 13
0.864245
 23
-0.0264000000000005
 33
0.5479210000000002
  0
3DFACE
  5
309
330
2
100
AcDbEntity
  8
0
100
AcDbFace
 10
0.8634639999999999
 20
-0.0243640000000004
 30
0.5465690000000001
 11
0.864245
 21
-0.0264000000000005
 31
0.5479210000000002
 12
0.8604449999999999
 22
-0.0243640000000004
 32
0.5488850000000002
 13
0.8604449999999999
 23
-0.0243640000000004
 33
0.5488850000000002
  0
3DFACE
  5
30A
330
2
100
AcDbEntity
  8
0
100
AcDbFace
 10
0.8604449999999999
 20
-0.0243640000000004
 30
0.5488850000000002
 11
0.864245
 21
-0.0264000000000005
 31
0.5479210000000002
 12
0.861763
 22
-0.0265250000000004
 32
0.5502030000000003
 13
0.861763
 23
-0.0265250000000004
 33
0.5502030000000003
  0
3DFACE
  5
30B
330
2
100
AcDbEntity
  8
0
100
AcDbFace
 10
0.8604449999999999
 20
-0.0243640000000004
 30
0.5488850000000002
 11
0.861763
 21
-0.0265250000000004
 31
0.5502030000000003
 12
0.8585799999999997
 22
-0.0251830000000004
 32
0.5521660000000002
 13
0.8585799999999997
 23
-0.0251830000000004
 33
0.5521660000000002
  0
3DFACE
  5
30C
330
2
100
AcDbEntity
  8
0
100
AcDbFace
 10
0.8566709999999998
 20
-0.0243640000000004
 30
0.5554220000000001
 11
0.8585799999999997
 21
-0.0251830000000004
 31
0.5521660000000002
 12
0.8581799999999999
 22
-0.0264000000000005
 32
0.5558260000000003
 13
0.8581799999999999
 23
-0.0264000000000005
 33
0.5558260000000003
  0
3DFACE
  5
30D
330
2
100
AcDbEntity
  8
0
100
AcDbFace
 10
0.8669049999999998
 20
-0.0227900000000004
 30
0.5448300000000003
 11
0.8671479999999998
 21
-0.0254850000000005
 31
0.5457370000000001
 12
0.8634639999999999
 22
-0.0243640000000004
 32
0.5465690000000001
 13
0.8634639999999999
 23
-0.0243640000000004
 33
0.5465690000000001
  0
3DFACE
  5
30E
330
2
100
AcDbEntity
  8
0
100
AcDbFace
 10
0.863297
 20
-0.0218200000000004
 30
0.5462780000000003
 11
0.8669049999999998
 21
-0.0227900000000004
 31
0.5448300000000003
 12
0.8634639999999999
 22
-0.0243640000000004
 32
0.5465690000000001
 13
0.8634639999999999
 23
-0.0243640000000004
 33
0.5465690000000001
  0
3DFACE
  5
30F
330
2
100
AcDbEntity
  8
0
100
AcDbFace
 10
0.863297
 20
-0.0218200000000004
 30
0.5462780000000003
 11
0.8634639999999999
 21
-0.0243640000000004
 31
0.5465690000000001
 12
0.8602079999999999
 22
-0.0218200000000004
 32
0.5486490000000002
 13
0.8602079999999999
 23
-0.0218200000000004
 33
0.5486490000000002
  0
3DFACE
  5
310
330
2
100
AcDbEntity
  8
0
100
AcDbFace
 10
0.8602079999999999
 20
-0.0218200000000004
 30
0.5486490000000002
 11
0.8634639999999999
 21
-0.0243640000000004
 31
0.5465690000000001
 12
0.8604449999999999
 22
-0.0243640000000004
 32
0.5488850000000002
 13
0.8604449999999999
 23
-0.0243640000000004
 33
0.5488850000000002
  0
3DFACE
  5
311
330
2
100
AcDbEntity
  8
0
100
AcDbFace
 10
0.8602079999999999
 20
-0.0218200000000004
 30
0.5486490000000002
 11
0.8604449999999999
 21
-0.0243640000000004
 31
0.5488850000000002
 12
0.8578379999999999
 22
-0.0218200000000004
 32
0.5517380000000002
 13
0.8578379999999999
 23
-0.0218200000000004
 33
0.5517380000000002
  0
3DFACE
  5
312
330
2
100
AcDbEntity
  8
0
100
AcDbFace
 10
0.8578379999999999
 20
-0.0218200000000004
 30
0.5517380000000002
 11
0.8604449999999999
 21
-0.0243640000000004
 31
0.5488850000000002
 12
0.8585799999999997
 22
-0.0251830000000004
 32
0.5521660000000002
 13
0.8585799999999997
 23
-0.0251830000000004
 33
0.5521660000000002
  0
3DFACE
  5
313
330
2
100
AcDbEntity
  8
0
100
AcDbFace
 10
0.8578379999999999
 20
-0.0218200000000004
 30
0.5517380000000002
 11
0.8585799999999997
 21
-0.0251830000000004
 31
0.5521660000000002
 12
0.8566299999999998
 22
-0.0208930000000004
 32
0.5554110000000004
 13
0.8566299999999998
 23
-0.0208930000000004
 33
0.5554110000000004
  0
3DFACE
  5
314
330
2
100
AcDbEntity
  8
0
100
AcDbFace
 10
0.8566299999999998
 20
-0.0208930000000004
 30
0.5554110000000004
 11
0.8585799999999997
 21
-0.0251830000000004
 31
0.5521660000000002
 12
0.8566709999999998
 22
-0.0243640000000004
 32
0.5554220000000001
 13
0.8566709999999998
 23
-0.0243640000000004
 33
0.5554220000000001
  0
3DFACE
  5
315
330
2
100
AcDbEntity
  8
0
100
AcDbFace
 10
0.8671479999999998
 20
-0.0194490000000004
 30
0.5457370000000001
 11
0.8669049999999998
 21
-0.0227900000000004
 31
0.5448300000000003
 12
0.863917
 22
-0.0192500000000004
 32
0.5473530000000002
 13
0.863917
 23
-0.0192500000000004
 33
0.5473530000000002
  0
3DFACE
  5
316
330
2
100
AcDbEntity
  8
0
100
AcDbFace
 10
0.863917
 20
-0.0192500000000004
 30
0.5473530000000002
 11
0.8669049999999998
 21
-0.0227900000000004
 31
0.5448300000000003
 12
0.863297
 22
-0.0218200000000004
 32
0.5462780000000003
 13
0.863297
 23
-0.0218200000000004
 33
0.5462780000000003
  0
3DFACE
  5
317
330
2
100
AcDbEntity
  8
0
100
AcDbFace
 10
0.863917
 20
-0.0192500000000004
 30
0.5473530000000002
 11
0.863297
 21
-0.0218200000000004
 31
0.5462780000000003
 12
0.8609019999999999
 22
-0.0194490000000004
 32
0.5493430000000003
 13
0.8609019999999999
 23
-0.0194490000000004
 33
0.5493430000000003
  0
3DFACE
  5
318
330
2
100
AcDbEntity
  8
0
100
AcDbFace
 10
0.8609019999999999
 20
-0.0194490000000004
 30
0.5493430000000003
 11
0.863297
 21
-0.0218200000000004
 31
0.5462780000000003
 12
0.8602079999999999
 22
-0.0218200000000004
 32
0.5486490000000002
 13
0.8602079999999999
 23
-0.0218200000000004
 33
0.5486490000000002
  0
3DFACE
  5
319
330
2
100
AcDbEntity
  8
0
100
AcDbFace
 10
0.8609019999999999
 20
-0.0194490000000004
 30
0.5493430000000003
 11
0.8602079999999999
 21
-0.0218200000000004
 31
0.5486490000000002
 12
0.8586879999999997
 22
-0.0194490000000004
 32
0.5522290000000001
 13
0.8586879999999997
 23
-0.0194490000000004
 33
0.5522290000000001
  0
3DFACE
  5
31A
330
2
100
AcDbEntity
  8
0
100
AcDbFace
 10
0.8586879999999997
 20
-0.0194490000000004
 30
0.5522290000000001
 11
0.8602079999999999
 21
-0.0218200000000004
 31
0.5486490000000002
 12
0.8578379999999999
 22
-0.0218200000000004
 32
0.5517380000000002
 13
0.8578379999999999
 23
-0.0218200000000004
 33
0.5517380000000002
  0
3DFACE
  5
31B
330
2
100
AcDbEntity
  8
0
100
AcDbFace
 10
0.8586879999999997
 20
-0.0194490000000004
 30
0.5522290000000001
 11
0.8578379999999999
 21
-0.0218200000000004
 31
0.5517380000000002
 12
0.8566299999999998
 22
-0.0208930000000004
 32
0.5554110000000004
 13
0.8566299999999998
 23
-0.0208930000000004
 33
0.5554110000000004
  0
3DFACE
  5
31C
330
2
100
AcDbEntity
  8
0
100
AcDbFace
 10
0.8581799999999999
 20
-0.0185340000000004
 30
0.5558260000000003
 11
0.8586879999999997
 21
-0.0194490000000004
 31
0.5522290000000001
 12
0.8566299999999998
 22
-0.0208930000000004
 32
0.5554110000000004
 13
0.8566299999999998
 23
-0.0208930000000004
 33
0.5554110000000004
  0
3DFACE
  5
31D
330
2
100
AcDbEntity
  8
0
100
AcDbFace
 10
0.867675
 20
-0.0178870000000004
 30
0.5477030000000002
 11
0.8671479999999998
 21
-0.0194490000000004
 31
0.5457370000000001
 12
0.863917
 22
-0.0192500000000004
 32
0.5473530000000002
 13
0.863917
 23
-0.0192500000000004
 33
0.5473530000000002
  0
3DFACE
  5
31E
330
2
100
AcDbEntity
  8
0
100
AcDbFace
 10
0.861397
 20
-0.0178870000000004
 30
0.5520150000000003
 11
0.863917
 21
-0.0192500000000004
 31
0.5473530000000002
 12
0.8609019999999999
 22
-0.0194490000000004
 32
0.5493430000000003
 13
0.8609019999999999
 23
-0.0194490000000004
 33
0.5493430000000003
  0
3DFACE
  5
31F
330
2
100
AcDbEntity
  8
0
100
AcDbFace
 10
0.861397
 20
-0.0178870000000004
 30
0.5520150000000003
 11
0.8609019999999999
 21
-0.0194490000000004
 31
0.5493430000000003
 12
0.8586879999999997
 22
-0.0194490000000004
 32
0.5522290000000001
 13
0.8586879999999997
 23
-0.0194490000000004
 33
0.5522290000000001
  0
3DFACE
  5
320
330
2
100
AcDbEntity
  8
0
100
AcDbFace
 10
0.861397
 20
-0.0178870000000004
 30
0.5520150000000003
 11
0.8586879999999997
 21
-0.0194490000000004
 31
0.5522290000000001
 12
0.8581799999999999
 22
-0.0185340000000004
 32
0.5558260000000003
 13
0.8581799999999999
 23
-0.0185340000000004
 33
0.5558260000000003
  0
3DFACE
  5
321
330
2
100
AcDbEntity
  8
0
100
AcDbFace
 10
0.8654309999999998
 20
-0.0175520000000004
 30
0.5499750000000001
 11
0.867675
 21
-0.0178870000000004
 31
0.5477030000000002
 12
0.863917
 22
-0.0192500000000004
 32
0.5473530000000002
 13
0.863917
 23
-0.0192500000000004
 33
0.5473530000000002
  0
3DFACE
  5
322
330
2
100
AcDbEntity
  8
0
100
AcDbFace
 10
0.8654309999999998
 20
-0.0175520000000004
 30
0.5499750000000001
 11
0.863917
 21
-0.0192500000000004
 31
0.5473530000000002
 12
0.861397
 22
-0.0178870000000004
 32
0.5520150000000003
 13
0.861397
 23
-0.0178870000000004
 33
0.5520150000000003
  0
3DFACE
  5
323
330
2
100
AcDbEntity
  8
0
100
AcDbFace
 10
0.8604699999999997
 20
-0.0175520000000004
 30
0.5564390000000003
 11
0.861397
 21
-0.0178870000000004
 31
0.5520150000000003
 12
0.8581799999999999
 22
-0.0185340000000004
 32
0.5558260000000003
 13
0.8581799999999999
 23
-0.0185340000000004
 33
0.5558260000000003
  0
3DFACE
  5
324
330
2
100
AcDbEntity
  8
0
100
AcDbFace
 10
0.8695439999999996
 20
-0.0175730000000004
 30
0.5498400000000002
 11
0.867675
 21
-0.0178870000000004
 31
0.5477030000000002
 12
0.8654309999999998
 22
-0.0175520000000004
 32
0.5499750000000001
 13
0.8654309999999998
 23
-0.0175520000000004
 33
0.5499750000000001
  0
3DFACE
  5
325
330
2
100
AcDbEntity
  8
0
100
AcDbFace
 10
0.8633979999999999
 20
-0.0175520000000004
 30
0.5535500000000001
 11
0.8654309999999998
 21
-0.0175520000000004
 31
0.5499750000000001
 12
0.861397
 22
-0.0178870000000004
 32
0.5520150000000003
 13
0.861397
 23
-0.0178870000000004
 33
0.5520150000000003
  0
3DFACE
  5
326
330
2
100
AcDbEntity
  8
0
100
AcDbFace
 10
0.8633979999999999
 20
-0.0175520000000004
 30
0.5535500000000001
 11
0.861397
 21
-0.0178870000000004
 31
0.5520150000000003
 12
0.8604699999999997
 22
-0.0175520000000004
 32
0.5564390000000003
 13
0.8604699999999997
 23
-0.0175520000000004
 33
0.5564390000000003
  0
3DFACE
  5
327
330
2
100
AcDbEntity
  8
0
100
AcDbFace
 10
0.866703
 20
-0.0178870000000004
 30
0.5521780000000001
 11
0.8695439999999996
 21
-0.0175730000000004
 31
0.5498400000000002
 12
0.8654309999999998
 22
-0.0175520000000004
 32
0.5499750000000001
 13
0.8654309999999998
 23
-0.0175520000000004
 33
0.5499750000000001
  0
3DFACE
  5
328
330
2
100
AcDbEntity
  8
0
100
AcDbFace
 10
0.866703
 20
-0.0178870000000004
 30
0.5521780000000001
 11
0.8654309999999998
 21
-0.0175520000000004
 31
0.5499750000000001
 12
0.8633979999999999
 22
-0.0175520000000004
 32
0.5535500000000001
 13
0.8633979999999999
 23
-0.0175520000000004
 33
0.5535500000000001
  0
3DFACE
  5
329
330
2
100
AcDbEntity
  8
0
100
AcDbFace
 10
0.8629269999999998
 20
-0.0178870000000004
 30
0.5570980000000001
 11
0.8633979999999999
 21
-0.0175520000000004
 31
0.5535500000000001
 12
0.8604699999999997
 22
-0.0175520000000004
 32
0.5564390000000003
 13
0.8604699999999997
 23
-0.0175520000000004
 33
0.5564390000000003
  0
3DFACE
  5
32A
330
2
100
AcDbEntity
  8
0
100
AcDbFace
 10
0.8687859999999998
 20
-0.0189920000000004
 30
0.5531360000000002
 11
0.8695439999999996
 21
-0.0175730000000004
 31
0.5498400000000002
 12
0.866703
 22
-0.0178870000000004
 32
0.5521780000000001
 13
0.866703
 23
-0.0178870000000004
 33
0.5521780000000001
  0
3DFACE
  5
32B
330
2
100
AcDbEntity
  8
0
100
AcDbFace
 10
0.8652619999999997
 20
-0.0185340000000004
 30
0.5549810000000001
 11
0.866703
 21
-0.0178870000000004
 31
0.5521780000000001
 12
0.8633979999999999
 22
-0.0175520000000004
 32
0.5535500000000001
 13
0.8633979999999999
 23
-0.0175520000000004
 33
0.5535500000000001
  0
3DFACE
  5
32C
330
2
100
AcDbEntity
  8
0
100
AcDbFace
 10
0.8652619999999997
 20
-0.0185340000000004
 30
0.5549810000000001
 11
0.8633979999999999
 21
-0.0175520000000004
 31
0.5535500000000001
 12
0.8629269999999998
 22
-0.0178870000000004
 32
0.5570980000000001
 13
0.8629269999999998
 23
-0.0178870000000004
 33
0.5570980000000001
  0
3DFACE
  5
32D
330
2
100
AcDbEntity
  8
0
100
AcDbFace
 10
0.8687859999999998
 20
-0.0189920000000004
 30
0.5531360000000002
 11
0.866703
 21
-0.0178870000000004
 31
0.5521780000000001
 12
0.8652619999999997
 22
-0.0185340000000004
 32
0.5549810000000001
 13
0.8652619999999997
 23
-0.0185340000000004
 33
0.5549810000000001
  0
3DFACE
  5
32E
330
2
100
AcDbEntity
  8
0
100
AcDbFace
 10
0.8645989999999997
 20
-0.0191900000000004
 30
0.5583580000000003
 11
0.8652619999999997
 21
-0.0185340000000004
 31
0.5549810000000001
 12
0.8629269999999998
 22
-0.0178870000000004
 32
0.5570980000000001
 13
0.8629269999999998
 23
-0.0178870000000004
 33
0.5570980000000001
  0
3DFACE
  5
32F
330
2
100
AcDbEntity
  8
0
100
AcDbFace
 10
0.8662949999999998
 20
-0.0199670000000004
 30
0.5557730000000002
 11
0.8687859999999998
 21
-0.0189920000000004
 31
0.5531360000000002
 12
0.8652619999999997
 22
-0.0185340000000004
 32
0.5549810000000001
 13
0.8652619999999997
 23
-0.0185340000000004
 33
0.5549810000000001
  0
3DFACE
  5
330
330
2
100
AcDbEntity
  8
0
100
AcDbFace
 10
0.8662949999999998
 20
-0.0199670000000004
 30
0.5557730000000002
 11
0.8652619999999997
 21
-0.0185340000000004
 31
0.5549810000000001
 12
0.8656149999999998
 22
-0.0211950000000004
 32
0.5583320000000002
 13
0.8656149999999998
 23
-0.0211950000000004
 33
0.5583320000000002
  0
3DFACE
  5
331
330
2
100
AcDbEntity
  8
0
100
AcDbFace
 10
0.8656149999999998
 20
-0.0211950000000004
 30
0.5583320000000002
 11
0.8652619999999997
 21
-0.0185340000000004
 31
0.5549810000000001
 12
0.8645989999999997
 22
-0.0191900000000004
 32
0.5583580000000003
 13
0.8645989999999997
 23
-0.0191900000000004
 33
0.5583580000000003
  0
3DFACE
  5
332
330
2
100
AcDbEntity
  8
0
100
AcDbFace
 10
0.8662949999999998
 20
-0.0199670000000004
 30
0.5557730000000002
 11
0.8656149999999998
 21
-0.0211950000000004
 31
0.5583320000000002
 12
0.8667549999999998
 22
-0.0218200000000004
 32
0.5561260000000001
 13
0.8667549999999998
 23
-0.0218200000000004
 33
0.5561260000000001
  0
3DFACE
  5
333
330
2
100
AcDbEntity
  8
0
100
AcDbFace
 10
0.8667549999999998
 20
-0.0218200000000004
 30
0.5561260000000001
 11
0.869458
 21
-0.0214320000000004
 31
0.5542960000000001
 12
0.8687859999999998
 22
-0.0189920000000004
 32
0.5531360000000002
 13
0.8687859999999998
 23
-0.0189920000000004
 33
0.5531360000000002
  0
3DFACE
  5
334
330
2
100
AcDbEntity
  8
0
100
AcDbFace
 10
0.8667549999999998
 20
-0.0218200000000004
 30
0.5561260000000001
 11
0.8687859999999998
 21
-0.0189920000000004
 31
0.5531360000000002
 12
0.8662949999999998
 22
-0.0199670000000004
 32
0.5557730000000002
 13
0.8662949999999998
 23
-0.0199670000000004
 33
0.5557730000000002
  0
3DFACE
  5
335
330
2
100
AcDbEntity
  8
0
100
AcDbFace
 10
0.910754
 20
-0.0218200000000004
 30
0.5541100000000002
 11
0.869458
 21
-0.0214320000000004
 31
0.5542960000000001
 12
0.910754
 22
-0.0243640000000004
 32
0.5537750000000001
 13
0.910754
 23
-0.0243640000000004
 33
0.5537750000000001
  0
3DFACE
  5
336
330
2
100
AcDbEntity
  8
0
100
AcDbFace
 10
0.910754
 20
-0.0243640000000004
 30
0.5537750000000001
 11
0.869458
 21
-0.0214320000000004
 31
0.5542960000000001
 12
0.869111
 22
-0.0240620000000004
 32
0.5542920000000004
 13
0.869111
 23
-0.0240620000000004
 33
0.5542920000000004
  0
3DFACE
  5
337
330
2
100
AcDbEntity
  8
0
100
AcDbFace
 10
0.910754
 20
-0.0243640000000004
 30
0.5537750000000001
 11
0.869111
 21
-0.0240620000000004
 31
0.5542920000000004
 12
0.910754
 22
-0.0264000000000005
 32
0.5522130000000002
 13
0.910754
 23
-0.0264000000000005
 33
0.5522130000000002
  0
3DFACE
  5
338
330
2
100
AcDbEntity
  8
0
100
AcDbFace
 10
0.910754
 20
-0.0264000000000005
 30
0.5522130000000002
 11
0.869111
 21
-0.0240620000000004
 31
0.5542920000000004
 12
0.8682769999999997
 22
-0.0267230000000004
 32
0.5522550000000002
 13
0.8682769999999997
 23
-0.0267230000000004
 33
0.5522550000000002
  0
3DFACE
  5
339
330
2
100
AcDbEntity
  8
0
100
AcDbFace
 10
0.910754
 20
-0.0264000000000005
 30
0.5522130000000002
 11
0.8682769999999997
 21
-0.0267230000000004
 31
0.5522550000000002
 12
0.912048
 22
-0.0274030000000004
 32
0.5491860000000001
 13
0.912048
 23
-0.0274030000000004
 33
0.5491860000000001
  0
3DFACE
  5
33A
330
2
100
AcDbEntity
  8
0
100
AcDbFace
 10
0.912048
 20
-0.0274030000000004
 30
0.5491860000000001
 11
0.8682769999999997
 21
-0.0267230000000004
 31
0.5522550000000002
 12
0.8695439999999996
 22
-0.0273390000000004
 32
0.5503250000000001
 13
0.8695439999999996
 23
-0.0273390000000004
 33
0.5503250000000001
  0
3DFACE
  5
33B
330
2
100
AcDbEntity
  8
0
100
AcDbFace
 10
0.912048
 20
-0.0274030000000004
 30
0.5491860000000001
 11
0.8695439999999996
 21
-0.0273390000000004
 31
0.5503250000000001
 12
0.8707539999999999
 22
-0.0270890000000005
 32
0.5476220000000002
 13
0.8707539999999999
 23
-0.0270890000000005
 33
0.5476220000000002
  0
3DFACE
  5
33C
330
2
100
AcDbEntity
  8
0
100
AcDbFace
 10
0.912048
 20
-0.0274030000000004
 30
0.5491860000000001
 11
0.8707539999999999
 21
-0.0270890000000005
 31
0.5476220000000002
 12
0.9119810000000001
 22
-0.0260720000000005
 32
0.5455480000000003
 13
0.9119810000000001
 23
-0.0260720000000005
 33
0.5455480000000003
  0
3DFACE
  5
33D
330
2
100
AcDbEntity
  8
0
100
AcDbFace
 10
0.9119810000000001
 20
-0.0260720000000005
 30
0.5455480000000003
 11
0.8707539999999999
 21
-0.0270890000000005
 31
0.5476220000000002
 12
0.8707539999999999
 22
-0.0246230000000003
 32
0.5448140000000004
 13
0.8707539999999999
 23
-0.0246230000000003
 33
0.5448140000000004
  0
3DFACE
  5
33E
330
2
100
AcDbEntity
  8
0
100
AcDbFace
 10
0.9119810000000001
 20
-0.0260720000000005
 30
0.5455480000000003
 11
0.8707539999999999
 21
-0.0246230000000003
 31
0.5448140000000004
 12
0.9117029999999999
 22
-0.0226290000000004
 32
0.5440490000000004
 13
0.9117029999999999
 23
-0.0226290000000004
 33
0.5440490000000004
  0
3DFACE
  5
33F
330
2
100
AcDbEntity
  8
0
100
AcDbFace
 10
0.9117029999999999
 20
-0.0226290000000004
 30
0.5440490000000004
 11
0.8707539999999999
 21
-0.0246230000000003
 31
0.5448140000000004
 12
0.8707539999999999
 22
-0.0218200000000004
 32
0.5442800000000001
 13
0.8707539999999999
 23
-0.0218200000000004
 33
0.5442800000000001
  0
3DFACE
  5
340
330
2
100
AcDbEntity
  8
0
100
AcDbFace
 10
0.9117029999999999
 20
-0.0226290000000004
 30
0.5440490000000004
 11
0.8707539999999999
 21
-0.0218200000000004
 31
0.5442800000000001
 12
0.9119810000000001
 22
-0.0191900000000004
 32
0.5451890000000003
 13
0.9119810000000001
 23
-0.0191900000000004
 33
0.5451890000000003
  0
3DFACE
  5
341
330
2
100
AcDbEntity
  8
0
100
AcDbFace
 10
0.9119810000000001
 20
-0.0191900000000004
 30
0.5451890000000003
 11
0.8707539999999999
 21
-0.0218200000000004
 31
0.5442800000000001
 12
0.8707539999999999
 22
-0.0187930000000004
 32
0.5459790000000001
 13
0.8707539999999999
 23
-0.0187930000000004
 33
0.5459790000000001
  0
3DFACE
  5
342
330
2
100
AcDbEntity
  8
0
100
AcDbFace
 10
0.9119810000000001
 20
-0.0191900000000004
 30
0.5451890000000003
 11
0.8707539999999999
 21
-0.0187930000000004
 31
0.5459790000000001
 12
0.910754
 22
-0.0178440000000005
 32
0.5476220000000002
 13
0.910754
 23
-0.0178440000000005
 33
0.5476220000000002
  0
3DFACE
  5
343
330
2
100
AcDbEntity
  8
0
100
AcDbFace
 10
0.910754
 20
-0.0178440000000005
 30
0.5476220000000002
 11
0.8707539999999999
 21
-0.0187930000000004
 31
0.5459790000000001
 12
0.8695439999999996
 22
-0.0175730000000004
 32
0.5498400000000002
 13
0.8695439999999996
 23
-0.0175730000000004
 33
0.5498400000000002
  0
3DFACE
  5
344
330
2
100
AcDbEntity
  8
0
100
AcDbFace
 10
0.910754
 20
-0.0178440000000005
 30
0.5476220000000002
 11
0.8695439999999996
 21
-0.0175730000000004
 31
0.5498400000000002
 12
0.910754
 22
-0.0180860000000005
 32
0.5513510000000003
 13
0.910754
 23
-0.0180860000000005
 33
0.5513510000000003
  0
3DFACE
  5
345
330
2
100
AcDbEntity
  8
0
100
AcDbFace
 10
0.910754
 20
-0.0180860000000005
 30
0.5513510000000003
 11
0.8695439999999996
 21
-0.0175730000000004
 31
0.5498400000000002
 12
0.8687859999999998
 22
-0.0189920000000004
 32
0.5531360000000002
 13
0.8687859999999998
 23
-0.0189920000000004
 33
0.5531360000000002
  0
3DFACE
  5
346
330
2
100
AcDbEntity
  8
0
100
AcDbFace
 10
0.910754
 20
-0.0180860000000005
 30
0.5513510000000003
 11
0.8687859999999998
 21
-0.0189920000000004
 31
0.5531360000000002
 12
0.9125569999999999
 22
-0.0197080000000004
 32
0.5530890000000002
 13
0.9125569999999999
 23
-0.0197080000000004
 33
0.5530890000000002
  0
3DFACE
  5
347
330
2
100
AcDbEntity
  8
0
100
AcDbFace
 10
0.9125569999999999
 20
-0.0197080000000004
 30
0.5530890000000002
 11
0.8687859999999998
 21
-0.0189920000000004
 31
0.5531360000000002
 12
0.869458
 22
-0.0214320000000004
 32
0.5542960000000001
 13
0.869458
 23
-0.0214320000000004
 33
0.5542960000000001
  0
3DFACE
  5
348
330
2
100
AcDbEntity
  8
0
100
AcDbFace
 10
0.9125569999999999
 20
-0.0197080000000004
 30
0.5530890000000002
 11
0.869458
 21
-0.0214320000000004
 31
0.5542960000000001
 12
0.910754
 22
-0.0218200000000004
 32
0.5541100000000002
 13
0.910754
 23
-0.0218200000000004
 33
0.5541100000000002
  0
3DFACE
  5
349
330
2
100
AcDbEntity
  8
0
100
AcDbFace
 10
0.9256689999999998
 20
-0.0218200000000004
 30
0.5391950000000004
 11
0.9250399999999999
 21
-0.0215180000000005
 31
0.5430229999999999
 12
0.9248369999999999
 22
-0.0243640000000004
 32
0.5429690000000003
 13
0.9248369999999999
 23
-0.0243640000000004
 33
0.5429690000000003
  0
3DFACE
  5
34A
330
2
100
AcDbEntity
  8
0
100
AcDbFace
 10
0.9256689999999998
 20
-0.0218200000000004
 30
0.5391950000000004
 11
0.9248369999999999
 21
-0.0243640000000004
 31
0.5429690000000003
 12
0.925136
 22
-0.0246230000000003
 32
0.5391950000000004
 13
0.925136
 23
-0.0246230000000003
 33
0.5391950000000004
  0
3DFACE
  5
34B
330
2
100
AcDbEntity
  8
0
100
AcDbFace
 10
0.925136
 20
-0.0246230000000003
 30
0.5391950000000004
 11
0.9248369999999999
 21
-0.0243640000000004
 31
0.5429690000000003
 12
0.923329
 22
-0.0264000000000005
 32
0.5425640000000002
 13
0.923329
 23
-0.0264000000000005
 33
0.5425640000000002
  0
3DFACE
  5
34C
330
2
100
AcDbEntity
  8
0
100
AcDbFace
 10
0.925136
 20
-0.0246230000000003
 30
0.5391950000000004
 11
0.923329
 21
-0.0264000000000005
 31
0.5425640000000002
 12
0.9217030000000001
 22
-0.0272570000000004
 32
0.5391950000000004
 13
0.9217030000000001
 23
-0.0272570000000004
 33
0.5391950000000004
  0
3DFACE
  5
34D
330
2
100
AcDbEntity
  8
0
100
AcDbFace
 10
0.9217030000000001
 20
-0.0272570000000004
 30
0.5391950000000004
 11
0.923329
 21
-0.0264000000000005
 31
0.5425640000000002
 12
0.9205069999999999
 22
-0.0273820000000004
 32
0.5432350000000003
 13
0.9205069999999999
 23
-0.0273820000000004
 33
0.5432350000000003
  0
3DFACE
  5
34E
330
2
100
AcDbEntity
  8
0
100
AcDbFace
 10
0.9217030000000001
 20
-0.0272570000000004
 30
0.5391950000000004
 11
0.9205069999999999
 21
-0.0273820000000004
 31
0.5432350000000003
 12
0.9186619999999999
 22
-0.0271090000000004
 32
0.5407710000000005
 13
0.9186619999999999
 23
-0.0271090000000004
 33
0.5407710000000005
  0
3DFACE
  5
34F
330
2
100
AcDbEntity
  8
0
100
AcDbFace
 10
0.9171599999999999
 20
-0.0259420000000004
 30
0.5400990000000002
 11
0.915065
 21
-0.0240620000000004
 31
0.5420510000000002
 12
0.915925
 22
-0.0237610000000005
 32
0.5391950000000004
 13
0.915925
 23
-0.0237610000000005
 33
0.5391950000000004
  0
3DFACE
  5
350
330
2
100
AcDbEntity
  8
0
100
AcDbFace
 10
0.915925
 20
-0.0237610000000005
 30
0.5391950000000004
 11
0.915065
 21
-0.0240620000000004
 31
0.5420510000000002
 12
0.9157119999999999
 22
-0.0221430000000004
 32
0.5398420000000003
 13
0.9157119999999999
 23
-0.0221430000000004
 33
0.5398420000000003
  0
3DFACE
  5
351
330
2
100
AcDbEntity
  8
0
100
AcDbFace
 10
0.9157119999999999
 20
-0.0221430000000004
 30
0.5398420000000003
 11
0.9151339999999999
 21
-0.0211950000000004
 31
0.5418920000000002
 12
0.9171599999999999
 22
-0.0189920000000004
 32
0.5400990000000002
 13
0.9171599999999999
 23
-0.0189920000000004
 33
0.5400990000000002
  0
3DFACE
  5
352
330
2
100
AcDbEntity
  8
0
100
AcDbFace
 10
0.919485
 20
-0.0176570000000004
 30
0.5403220000000002
 11
0.9205069999999999
 21
-0.0175520000000004
 31
0.5432350000000003
 12
0.9226509999999999
 22
-0.0178870000000004
 32
0.5391950000000004
 13
0.9226509999999999
 23
-0.0178870000000004
 33
0.5391950000000004
  0
3DFACE
  5
353
330
2
100
AcDbEntity
  8
0
100
AcDbFace
 10
0.9226509999999999
 20
-0.0178870000000004
 30
0.5391950000000004
 11
0.9205069999999999
 21
-0.0175520000000004
 31
0.5432350000000003
 12
0.923329
 22
-0.0185340000000004
 32
0.5425640000000002
 13
0.923329
 23
-0.0185340000000004
 33
0.5425640000000002
  0
3DFACE
  5
354
330
2
100
AcDbEntity
  8
0
100
AcDbFace
 10
0.9226509999999999
 20
-0.0178870000000004
 30
0.5391950000000004
 11
0.923329
 21
-0.0185340000000004
 31
0.5425640000000002
 12
0.9246870000000001
 22
-0.0194490000000004
 32
0.5391950000000004
 13
0.9246870000000001
 23
-0.0194490000000004
 33
0.5391950000000004
  0
3DFACE
  5
355
330
2
100
AcDbEntity
  8
0
100
AcDbFace
 10
0.9246870000000001
 20
-0.0194490000000004
 30
0.5391950000000004
 11
0.923329
 21
-0.0185340000000004
 31
0.5425640000000002
 12
0.9250399999999999
 22
-0.0215180000000005
 32
0.5430229999999999
 13
0.9250399999999999
 23
-0.0215180000000005
 33
0.5430229999999999
  0
3DFACE
  5
356
330
2
100
AcDbEntity
  8
0
100
AcDbFace
 10
0.9246870000000001
 20
-0.0194490000000004
 30
0.5391950000000004
 11
0.9250399999999999
 21
-0.0215180000000005
 31
0.5430229999999999
 12
0.9256689999999998
 22
-0.0218200000000004
 32
0.5391950000000004
 13
0.9256689999999998
 23
-0.0218200000000004
 33
0.5391950000000004
  0
3DFACE
  5
357
330
2
100
AcDbEntity
  8
0
100
AcDbFace
 10
0.910754
 20
-0.0243640000000004
 30
0.5537750000000001
 11
0.9146149999999998
 21
-0.0218200000000004
 31
0.5536020000000003
 12
0.910754
 22
-0.0218200000000004
 32
0.5541100000000002
 13
0.910754
 23
-0.0218200000000004
 33
0.5541100000000002
  0
3DFACE
  5
358
330
2
100
AcDbEntity
  8
0
100
AcDbFace
 10
0.910754
 20
-0.0218200000000004
 30
0.5541100000000002
 11
0.9146149999999998
 21
-0.0218200000000004
 31
0.5536020000000003
 12
0.9125569999999999
 22
-0.0197080000000004
 32
0.5530890000000002
 13
0.9125569999999999
 23
-0.0197080000000004
 33
0.5530890000000002
  0
3DFACE
  5
359
330
2
100
AcDbEntity
  8
0
100
AcDbFace
 10
0.910754
 20
-0.0180860000000005
 30
0.5513510000000003
 11
0.9125569999999999
 21
-0.0197080000000004
 31
0.5530890000000002
 12
0.9138329999999999
 22
-0.0178870000000004
 32
0.5506870000000003
 13
0.9138329999999999
 23
-0.0178870000000004
 33
0.5506870000000003
  0
3DFACE
  5
35A
330
2
100
AcDbEntity
  8
0
100
AcDbFace
 10
0.910754
 20
-0.0180860000000005
 30
0.5513510000000003
 11
0.9138329999999999
 21
-0.0178870000000004
 31
0.5506870000000003
 12
0.91471
 22
-0.0175090000000004
 32
0.5486350000000001
 13
0.91471
 23
-0.0175090000000004
 33
0.5486350000000001
  0
3DFACE
  5
35B
330
2
100
AcDbEntity
  8
0
100
AcDbFace
 10
0.910754
 20
-0.0180860000000005
 30
0.5513510000000003
 11
0.91471
 21
-0.0175090000000004
 31
0.5486350000000001
 12
0.910754
 22
-0.0178440000000005
 32
0.5476220000000002
 13
0.910754
 23
-0.0178440000000005
 33
0.5476220000000002
  0
3DFACE
  5
35C
330
2
100
AcDbEntity
  8
0
100
AcDbFace
 10
0.910754
 20
-0.0178440000000005
 30
0.5476220000000002
 11
0.91471
 21
-0.0175090000000004
 31
0.5486350000000001
 12
0.9138289999999999
 22
-0.0178870000000004
 32
0.5466170000000004
 13
0.9138289999999999
 23
-0.0178870000000004
 33
0.5466170000000004
  0
3DFACE
  5
35D
330
2
100
AcDbEntity
  8
0
100
AcDbFace
 10
0.910754
 20
-0.0178440000000005
 30
0.5476220000000002
 11
0.9138289999999999
 21
-0.0178870000000004
 31
0.5466170000000004
 12
0.9119810000000001
 22
-0.0191900000000004
 32
0.5451890000000003
 13
0.9119810000000001
 23
-0.0191900000000004
 33
0.5451890000000003
  0
3DFACE
  5
35E
330
2
100
AcDbEntity
  8
0
100
AcDbFace
 10
0.9119810000000001
 20
-0.0191900000000004
 30
0.5451890000000003
 11
0.9128109999999999
 21
-0.0205700000000005
 31
0.5441600000000002
 12
0.9117029999999999
 22
-0.0226290000000004
 32
0.5440490000000004
 13
0.9117029999999999
 23
-0.0226290000000004
 33
0.5440490000000004
  0
3DFACE
  5
35F
330
2
100
AcDbEntity
  8
0
100
AcDbFace
 10
0.9117029999999999
 20
-0.0226290000000004
 30
0.5440490000000004
 11
0.9128109999999999
 21
-0.0243640000000004
 31
0.5441600000000002
 12
0.9119810000000001
 22
-0.0260720000000005
 32
0.5455480000000003
 13
0.9119810000000001
 23
-0.0260720000000005
 33
0.5455480000000003
  0
3DFACE
  5
360
330
2
100
AcDbEntity
  8
0
100
AcDbFace
 10
0.9119810000000001
 20
-0.0260720000000005
 30
0.5455480000000003
 11
0.9138289999999999
 21
-0.0270470000000004
 31
0.5466170000000004
 12
0.912048
 22
-0.0274030000000004
 32
0.5491860000000001
 13
0.912048
 23
-0.0274030000000004
 33
0.5491860000000001
  0
3DFACE
  5
361
330
2
100
AcDbEntity
  8
0
100
AcDbFace
 10
0.912048
 20
-0.0274030000000004
 30
0.5491860000000001
 11
0.9138329999999999
 21
-0.0270470000000004
 31
0.5506870000000003
 12
0.910754
 22
-0.0264000000000005
 32
0.5522130000000002
 13
0.910754
 23
-0.0264000000000005
 33
0.5522130000000002
  0
3DFACE
  5
362
330
2
100
AcDbEntity
  8
0
100
AcDbFace
 10
0.910754
 20
-0.0264000000000005
 30
0.5522130000000002
 11
0.9138329999999999
 21
-0.0270470000000004
 31
0.5506870000000003
 12
0.9143599999999999
 22
-0.0254850000000005
 32
0.5526530000000001
 13
0.9143599999999999
 23
-0.0254850000000005
 33
0.5526530000000001
  0
3DFACE
  5
363
330
2
100
AcDbEntity
  8
0
100
AcDbFace
 10
0.910754
 20
-0.0264000000000005
 30
0.5522130000000002
 11
0.9143599999999999
 21
-0.0254850000000005
 31
0.5526530000000001
 12
0.910754
 22
-0.0243640000000004
 32
0.5537750000000001
 13
0.910754
 23
-0.0243640000000004
 33
0.5537750000000001
  0
3DFACE
  5
364
330
2
100
AcDbEntity
  8
0
100
AcDbFace
 10
0.910754
 20
-0.0243640000000004
 30
0.5537750000000001
 11
0.9143599999999999
 21
-0.0254850000000005
 31
0.5526530000000001
 12
0.9145929999999999
 22
-0.0237610000000005
 32
0.5535190000000001
 13
0.9145929999999999
 23
-0.0237610000000005
 33
0.5535190000000001
  0
3DFACE
  5
365
330
2
100
AcDbEntity
  8
0
100
AcDbFace
 10
0.910754
 20
-0.0243640000000004
 30
0.5537750000000001
 11
0.9145929999999999
 21
-0.0237610000000005
 31
0.5535190000000001
 12
0.9146149999999998
 22
-0.0218200000000004
 32
0.5536020000000003
 13
0.9146149999999998
 23
-0.0218200000000004
 33
0.5536020000000003
  0
3DFACE
  5
366
330
2
100
AcDbEntity
  8
0
100
AcDbFace
 10
0.9156989999999998
 20
-0.0191900000000004
 30
0.5429560000000003
 11
0.9151339999999999
 21
-0.0211950000000004
 31
0.5418920000000002
 12
0.9128109999999999
 22
-0.0205700000000005
 32
0.5441600000000002
 13
0.9128109999999999
 23
-0.0205700000000005
 33
0.5441600000000002
  0
3DFACE
  5
367
330
2
100
AcDbEntity
  8
0
100
AcDbFace
 10
0.9156989999999998
 20
-0.0191900000000004
 30
0.5429560000000003
 11
0.9128109999999999
 21
-0.0205700000000005
 31
0.5441600000000002
 12
0.9119810000000001
 22
-0.0191900000000004
 32
0.5451890000000003
 13
0.9119810000000001
 23
-0.0191900000000004
 33
0.5451890000000003
  0
3DFACE
  5
368
330
2
100
AcDbEntity
  8
0
100
AcDbFace
 10
0.9157119999999999
 20
-0.0221430000000004
 30
0.5398420000000003
 11
0.915065
 21
-0.0240620000000004
 31
0.5420510000000002
 12
0.9151339999999999
 22
-0.0211950000000004
 32
0.5418920000000002
 13
0.9151339999999999
 23
-0.0211950000000004
 33
0.5418920000000002
  0
3DFACE
  5
369
330
2
100
AcDbEntity
  8
0
100
AcDbFace
 10
0.9151339999999999
 20
-0.0211950000000004
 30
0.5418920000000002
 11
0.915065
 21
-0.0240620000000004
 31
0.5420510000000002
 12
0.9117029999999999
 22
-0.0226290000000004
 32
0.5440490000000004
 13
0.9117029999999999
 23
-0.0226290000000004
 33
0.5440490000000004
  0
3DFACE
  5
36A
330
2
100
AcDbEntity
  8
0
100
AcDbFace
 10
0.9117029999999999
 20
-0.0226290000000004
 30
0.5440490000000004
 11
0.915065
 21
-0.0240620000000004
 31
0.5420510000000002
 12
0.9128109999999999
 22
-0.0243640000000004
 32
0.5441600000000002
 13
0.9128109999999999
 23
-0.0243640000000004
 33
0.5441600000000002
  0
3DFACE
  5
36B
330
2
100
AcDbEntity
  8
0
100
AcDbFace
 10
0.9151339999999999
 20
-0.0211950000000004
 30
0.5418920000000002
 11
0.9117029999999999
 21
-0.0226290000000004
 31
0.5440490000000004
 12
0.9128109999999999
 22
-0.0205700000000005
 32
0.5441600000000002
 13
0.9128109999999999
 23
-0.0205700000000005
 33
0.5441600000000002
  0
3DFACE
  5
36C
330
2
100
AcDbEntity
  8
0
100
AcDbFace
 10
0.9171599999999999
 20
-0.0189920000000004
 30
0.5400990000000002
 11
0.9151339999999999
 21
-0.0211950000000004
 31
0.5418920000000002
 12
0.9156989999999998
 22
-0.0191900000000004
 32
0.5429560000000003
 13
0.9156989999999998
 23
-0.0191900000000004
 33
0.5429560000000003
  0
3DFACE
  5
36D
330
2
100
AcDbEntity
  8
0
100
AcDbFace
 10
0.9171409999999999
 20
-0.0177820000000004
 30
0.5448410000000001
 11
0.9171599999999999
 21
-0.0189920000000004
 31
0.5400990000000002
 12
0.9156989999999998
 22
-0.0191900000000004
 32
0.5429560000000003
 13
0.9156989999999998
 23
-0.0191900000000004
 33
0.5429560000000003
  0
3DFACE
  5
36E
330
2
100
AcDbEntity
  8
0
100
AcDbFace
 10
0.9171409999999999
 20
-0.0177820000000004
 30
0.5448410000000001
 11
0.9156989999999998
 21
-0.0191900000000004
 31
0.5429560000000003
 12
0.9138289999999999
 22
-0.0178870000000004
 32
0.5466170000000004
 13
0.9138289999999999
 23
-0.0178870000000004
 33
0.5466170000000004
  0
3DFACE
  5
36F
330
2
100
AcDbEntity
  8
0
100
AcDbFace
 10
0.9138289999999999
 20
-0.0178870000000004
 30
0.5466170000000004
 11
0.9156989999999998
 21
-0.0191900000000004
 31
0.5429560000000003
 12
0.9119810000000001
 22
-0.0191900000000004
 32
0.5451890000000003
 13
0.9119810000000001
 23
-0.0191900000000004
 33
0.5451890000000003
  0
3DFACE
  5
370
330
2
100
AcDbEntity
  8
0
100
AcDbFace
 10
0.919485
 20
-0.0176570000000004
 30
0.5403220000000002
 11
0.9171599999999999
 21
-0.0189920000000004
 31
0.5400990000000002
 12
0.9171409999999999
 22
-0.0177820000000004
 32
0.5448410000000001
 13
0.9171409999999999
 23
-0.0177820000000004
 33
0.5448410000000001
  0
3DFACE
  5
371
330
2
100
AcDbEntity
  8
0
100
AcDbFace
 10
0.9205069999999999
 20
-0.0175520000000004
 30
0.5432350000000003
 11
0.919485
 21
-0.0176570000000004
 31
0.5403220000000002
 12
0.9171409999999999
 22
-0.0177820000000004
 32
0.5448410000000001
 13
0.9171409999999999
 23
-0.0177820000000004
 33
0.5448410000000001
  0
3DFACE
  5
372
330
2
100
AcDbEntity
  8
0
100
AcDbFace
 10
0.91471
 20
-0.0175090000000004
 30
0.5486350000000001
 11
0.9171409999999999
 21
-0.0177820000000004
 31
0.5448410000000001
 12
0.9138289999999999
 22
-0.0178870000000004
 32
0.5466170000000004
 13
0.9138289999999999
 23
-0.0178870000000004
 33
0.5466170000000004
  0
3DFACE
  5
373
330
2
100
AcDbEntity
  8
0
100
AcDbFace
 10
0.920373
 20
-0.0180120000000005
 30
0.5465260000000002
 11
0.9205069999999999
 21
-0.0175520000000004
 31
0.5432350000000003
 12
0.9171409999999999
 22
-0.0177820000000004
 32
0.5448410000000001
 13
0.9171409999999999
 23
-0.0177820000000004
 33
0.5448410000000001
  0
3DFACE
  5
374
330
2
100
AcDbEntity
  8
0
100
AcDbFace
 10
0.920373
 20
-0.0180120000000005
 30
0.5465260000000002
 11
0.9171409999999999
 21
-0.0177820000000004
 31
0.5448410000000001
 12
0.91471
 22
-0.0175090000000004
 32
0.5486350000000001
 13
0.91471
 23
-0.0175090000000004
 33
0.5486350000000001
  0
3DFACE
  5
375
330
2
100
AcDbEntity
  8
0
100
AcDbFace
 10
0.923329
 20
-0.0185340000000004
 30
0.5425640000000002
 11
0.9205069999999999
 21
-0.0175520000000004
 31
0.5432350000000003
 12
0.920373
 22
-0.0180120000000005
 32
0.5465260000000002
 13
0.920373
 23
-0.0180120000000005
 33
0.5465260000000002
  0
3DFACE
  5
376
330
2
100
AcDbEntity
  8
0
100
AcDbFace
 10
0.9172629999999999
 20
-0.0185340000000004
 30
0.5504690000000001
 11
0.920373
 21
-0.0180120000000005
 31
0.5465260000000002
 12
0.91471
 22
-0.0175090000000004
 32
0.5486350000000001
 13
0.91471
 23
-0.0175090000000004
 33
0.5486350000000001
  0
3DFACE
  5
377
330
2
100
AcDbEntity
  8
0
100
AcDbFace
 10
0.9172629999999999
 20
-0.0185340000000004
 30
0.5504690000000001
 11
0.91471
 21
-0.0175090000000004
 31
0.5486350000000001
 12
0.9138329999999999
 22
-0.0178870000000004
 32
0.5506870000000003
 13
0.9138329999999999
 23
-0.0178870000000004
 33
0.5506870000000003
  0
3DFACE
  5
378
330
2
100
AcDbEntity
  8
0
100
AcDbFace
 10
0.9228209999999995
 20
-0.0194490000000004
 30
0.5461620000000002
 11
0.923329
 21
-0.0185340000000004
 31
0.5425640000000002
 12
0.920373
 22
-0.0180120000000005
 32
0.5465260000000002
 13
0.920373
 23
-0.0180120000000005
 33
0.5465260000000002
  0
3DFACE
  5
379
330
2
100
AcDbEntity
  8
0
100
AcDbFace
 10
0.9228209999999995
 20
-0.0194490000000004
 30
0.5461620000000002
 11
0.920373
 21
-0.0180120000000005
 31
0.5465260000000002
 12
0.9206059999999999
 22
-0.0194490000000004
 32
0.5490470000000002
 13
0.9206059999999999
 23
-0.0194490000000004
 33
0.5490470000000002
  0
3DFACE
  5
37A
330
2
100
AcDbEntity
  8
0
100
AcDbFace
 10
0.9206059999999999
 20
-0.0194490000000004
 30
0.5490470000000002
 11
0.920373
 21
-0.0180120000000005
 31
0.5465260000000002
 12
0.9172629999999999
 22
-0.0185340000000004
 32
0.5504690000000001
 13
0.9172629999999999
 23
-0.0185340000000004
 33
0.5504690000000001
  0
3DFACE
  5
37B
330
2
100
AcDbEntity
  8
0
100
AcDbFace
 10
0.9125569999999999
 20
-0.0197080000000004
 30
0.5530890000000002
 11
0.9172629999999999
 21
-0.0185340000000004
 31
0.5504690000000001
 12
0.9138329999999999
 22
-0.0178870000000004
 32
0.5506870000000003
 13
0.9138329999999999
 23
-0.0178870000000004
 33
0.5506870000000003
  0
3DFACE
  5
37C
330
2
100
AcDbEntity
  8
0
100
AcDbFace
 10
0.9250399999999999
 20
-0.0215180000000005
 30
0.5430229999999999
 11
0.923329
 21
-0.0185340000000004
 31
0.5425640000000002
 12
0.9228209999999995
 22
-0.0194490000000004
 32
0.5461620000000002
 13
0.9228209999999995
 23
-0.0194490000000004
 33
0.5461620000000002
  0
3DFACE
  5
37D
330
2
100
AcDbEntity
  8
0
100
AcDbFace
 10
0.9180659999999999
 20
-0.0208930000000004
 30
0.5518580000000001
 11
0.9206059999999999
 21
-0.0194490000000004
 31
0.5490470000000002
 12
0.9172629999999999
 22
-0.0185340000000004
 32
0.5504690000000001
 13
0.9172629999999999
 23
-0.0185340000000004
 33
0.5504690000000001
  0
3DFACE
  5
37E
330
2
100
AcDbEntity
  8
0
100
AcDbFace
 10
0.9180659999999999
 20
-0.0208930000000004
 30
0.5518580000000001
 11
0.9172629999999999
 21
-0.0185340000000004
 31
0.5504690000000001
 12
0.9125569999999999
 22
-0.0197080000000004
 32
0.5530890000000002
 13
0.9125569999999999
 23
-0.0197080000000004
 33
0.5530890000000002
  0
3DFACE
  5
37F
330
2
100
AcDbEntity
  8
0
100
AcDbFace
 10
0.9236709999999998
 20
-0.0218200000000004
 30
0.5466520000000001
 11
0.9250399999999999
 21
-0.0215180000000005
 31
0.5430229999999999
 12
0.9228209999999995
 22
-0.0194490000000004
 32
0.5461620000000002
 13
0.9228209999999995
 23
-0.0194490000000004
 33
0.5461620000000002
  0
3DFACE
  5
380
330
2
100
AcDbEntity
  8
0
100
AcDbFace
 10
0.9236709999999998
 20
-0.0218200000000004
 30
0.5466520000000001
 11
0.9228209999999995
 21
-0.0194490000000004
 31
0.5461620000000002
 12
0.921301
 22
-0.0218200000000004
 32
0.5497410000000003
 13
0.921301
 23
-0.0218200000000004
 33
0.5497410000000003
  0
3DFACE
  5
381
330
2
100
AcDbEntity
  8
0
100
AcDbFace
 10
0.921301
 20
-0.0218200000000004
 30
0.5497410000000003
 11
0.9228209999999995
 21
-0.0194490000000004
 31
0.5461620000000002
 12
0.9206059999999999
 22
-0.0194490000000004
 32
0.5490470000000002
 13
0.9206059999999999
 23
-0.0194490000000004
 33
0.5490470000000002
  0
3DFACE
  5
382
330
2
100
AcDbEntity
  8
0
100
AcDbFace
 10
0.921301
 20
-0.0218200000000004
 30
0.5497410000000003
 11
0.9206059999999999
 21
-0.0194490000000004
 31
0.5490470000000002
 12
0.9180659999999999
 22
-0.0208930000000004
 32
0.5518580000000001
 13
0.9180659999999999
 23
-0.0208930000000004
 33
0.5518580000000001
  0
3DFACE
  5
383
330
2
100
AcDbEntity
  8
0
100
AcDbFace
 10
0.9146149999999998
 20
-0.0218200000000004
 30
0.5536020000000003
 11
0.9180659999999999
 21
-0.0208930000000004
 31
0.5518580000000001
 12
0.9125569999999999
 22
-0.0197080000000004
 32
0.5530890000000002
 13
0.9125569999999999
 23
-0.0197080000000004
 33
0.5530890000000002
  0
3DFACE
  5
384
330
2
100
AcDbEntity
  8
0
100
AcDbFace
 10
0.9248369999999999
 20
-0.0243640000000004
 30
0.5429690000000003
 11
0.9250399999999999
 21
-0.0215180000000005
 31
0.5430229999999999
 12
0.9232089999999999
 22
-0.0246230000000003
 32
0.5463860000000003
 13
0.9232089999999999
 23
-0.0246230000000003
 33
0.5463860000000003
  0
3DFACE
  5
385
330
2
100
AcDbEntity
  8
0
100
AcDbFace
 10
0.9232089999999999
 20
-0.0246230000000003
 30
0.5463860000000003
 11
0.9250399999999999
 21
-0.0215180000000005
 31
0.5430229999999999
 12
0.9236709999999998
 22
-0.0218200000000004
 32
0.5466520000000001
 13
0.9236709999999998
 23
-0.0218200000000004
 33
0.5466520000000001
  0
3DFACE
  5
386
330
2
100
AcDbEntity
  8
0
100
AcDbFace
 10
0.9232089999999999
 20
-0.0246230000000003
 30
0.5463860000000003
 11
0.9236709999999998
 21
-0.0218200000000004
 31
0.5466520000000001
 12
0.9209229999999999
 22
-0.0246230000000003
 32
0.5493640000000002
 13
0.9209229999999999
 23
-0.0246230000000003
 33
0.5493640000000002
  0
3DFACE
  5
387
330
2
100
AcDbEntity
  8
0
100
AcDbFace
 10
0.9209229999999999
 20
-0.0246230000000003
 30
0.5493640000000002
 11
0.9236709999999998
 21
-0.0218200000000004
 31
0.5466520000000001
 12
0.921301
 22
-0.0218200000000004
 32
0.5497410000000003
 13
0.921301
 23
-0.0218200000000004
 33
0.5497410000000003
  0
3DFACE
  5
388
330
2
100
AcDbEntity
  8
0
100
AcDbFace
 10
0.9209229999999999
 20
-0.0246230000000003
 30
0.5493640000000002
 11
0.921301
 21
-0.0218200000000004
 31
0.5497410000000003
 12
0.9180439999999999
 22
-0.0243640000000004
 32
0.5518220000000003
 13
0.9180439999999999
 23
-0.0243640000000004
 33
0.5518220000000003
  0
3DFACE
  5
389
330
2
100
AcDbEntity
  8
0
100
AcDbFace
 10
0.9180439999999999
 20
-0.0243640000000004
 30
0.5518220000000003
 11
0.921301
 21
-0.0218200000000004
 31
0.5497410000000003
 12
0.9180659999999999
 22
-0.0208930000000004
 32
0.5518580000000001
 13
0.9180659999999999
 23
-0.0208930000000004
 33
0.5518580000000001
  0
3DFACE
  5
38A
330
2
100
AcDbEntity
  8
0
100
AcDbFace
 10
0.9180439999999999
 20
-0.0243640000000004
 30
0.5518220000000003
 11
0.9180659999999999
 21
-0.0208930000000004
 31
0.5518580000000001
 12
0.9145929999999999
 22
-0.0237610000000005
 32
0.5535190000000001
 13
0.9145929999999999
 23
-0.0237610000000005
 33
0.5535190000000001
  0
3DFACE
  5
38B
330
2
100
AcDbEntity
  8
0
100
AcDbFace
 10
0.9145929999999999
 20
-0.0237610000000005
 30
0.5535190000000001
 11
0.9180659999999999
 21
-0.0208930000000004
 31
0.5518580000000001
 12
0.9146149999999998
 22
-0.0218200000000004
 32
0.5536020000000003
 13
0.9146149999999998
 23
-0.0218200000000004
 33
0.5536020000000003
  0
3DFACE
  5
38C
330
2
100
AcDbEntity
  8
0
100
AcDbFace
 10
0.9143599999999999
 20
-0.0254850000000005
 30
0.5526530000000001
 11
0.9180439999999999
 21
-0.0243640000000004
 31
0.5518220000000003
 12
0.9145929999999999
 22
-0.0237610000000005
 32
0.5535190000000001
 13
0.9145929999999999
 23
-0.0237610000000005
 33
0.5535190000000001
  0
3DFACE
  5
38D
330
2
100
AcDbEntity
  8
0
100
AcDbFace
 10
0.923329
 20
-0.0264000000000005
 30
0.5425640000000002
 11
0.9248369999999999
 21
-0.0243640000000004
 31
0.5429690000000003
 12
0.9232089999999999
 22
-0.0246230000000003
 32
0.5463860000000003
 13
0.9232089999999999
 23
-0.0246230000000003
 33
0.5463860000000003
  0
3DFACE
  5
38E
330
2
100
AcDbEntity
  8
0
100
AcDbFace
 10
0.9172629999999999
 20
-0.0264000000000005
 30
0.5504690000000001
 11
0.9209229999999999
 21
-0.0246230000000003
 31
0.5493640000000002
 12
0.9180439999999999
 22
-0.0243640000000004
 32
0.5518220000000003
 13
0.9180439999999999
 23
-0.0243640000000004
 33
0.5518220000000003
  0
3DFACE
  5
38F
330
2
100
AcDbEntity
  8
0
100
AcDbFace
 10
0.9172629999999999
 20
-0.0264000000000005
 30
0.5504690000000001
 11
0.9180439999999999
 21
-0.0243640000000004
 31
0.5518220000000003
 12
0.9143599999999999
 22
-0.0254850000000005
 32
0.5526530000000001
 13
0.9143599999999999
 23
-0.0254850000000005
 33
0.5526530000000001
  0
3DFACE
  5
390
330
2
100
AcDbEntity
  8
0
100
AcDbFace
 10
0.920373
 20
-0.0269220000000004
 30
0.5465260000000002
 11
0.923329
 21
-0.0264000000000005
 31
0.5425640000000002
 12
0.9232089999999999
 22
-0.0246230000000003
 32
0.5463860000000003
 13
0.9232089999999999
 23
-0.0246230000000003
 33
0.5463860000000003
  0
3DFACE
  5
391
330
2
100
AcDbEntity
  8
0
100
AcDbFace
 10
0.920373
 20
-0.0269220000000004
 30
0.5465260000000002
 11
0.9232089999999999
 21
-0.0246230000000003
 31
0.5463860000000003
 12
0.9209229999999999
 22
-0.0246230000000003
 32
0.5493640000000002
 13
0.9209229999999999
 23
-0.0246230000000003
 33
0.5493640000000002
  0
3DFACE
  5
392
330
2
100
AcDbEntity
  8
0
100
AcDbFace
 10
0.920373
 20
-0.0269220000000004
 30
0.5465260000000002
 11
0.9209229999999999
 21
-0.0246230000000003
 31
0.5493640000000002
 12
0.9172629999999999
 22
-0.0264000000000005
 32
0.5504690000000001
 13
0.9172629999999999
 23
-0.0264000000000005
 33
0.5504690000000001
  0
3DFACE
  5
393
330
2
100
AcDbEntity
  8
0
100
AcDbFace
 10
0.9138329999999999
 20
-0.0270470000000004
 30
0.5506870000000003
 11
0.9172629999999999
 21
-0.0264000000000005
 31
0.5504690000000001
 12
0.9143599999999999
 22
-0.0254850000000005
 32
0.5526530000000001
 13
0.9143599999999999
 23
-0.0254850000000005
 33
0.5526530000000001
  0
3DFACE
  5
394
330
2
100
AcDbEntity
  8
0
100
AcDbFace
 10
0.9205069999999999
 20
-0.0273820000000004
 30
0.5432350000000003
 11
0.923329
 21
-0.0264000000000005
 31
0.5425640000000002
 12
0.920373
 22
-0.0269220000000004
 32
0.5465260000000002
 13
0.920373
 23
-0.0269220000000004
 33
0.5465260000000002
  0
3DFACE
  5
395
330
2
100
AcDbEntity
  8
0
100
AcDbFace
 10
0.9167229999999999
 20
-0.0273820000000004
 30
0.5471120000000003
 11
0.920373
 21
-0.0269220000000004
 31
0.5465260000000002
 12
0.9172629999999999
 22
-0.0264000000000005
 32
0.5504690000000001
 13
0.9172629999999999
 23
-0.0264000000000005
 33
0.5504690000000001
  0
3DFACE
  5
396
330
2
100
AcDbEntity
  8
0
100
AcDbFace
 10
0.9167229999999999
 20
-0.0273820000000004
 30
0.5471120000000003
 11
0.9172629999999999
 21
-0.0264000000000005
 31
0.5504690000000001
 12
0.9138329999999999
 22
-0.0270470000000004
 32
0.5506870000000003
 13
0.9138329999999999
 23
-0.0270470000000004
 33
0.5506870000000003
  0
3DFACE
  5
397
330
2
100
AcDbEntity
  8
0
100
AcDbFace
 10
0.9167229999999999
 20
-0.0273820000000004
 30
0.5471120000000003
 11
0.9205069999999999
 21
-0.0273820000000004
 31
0.5432350000000003
 12
0.920373
 22
-0.0269220000000004
 32
0.5465260000000002
 13
0.920373
 23
-0.0269220000000004
 33
0.5465260000000002
  0
3DFACE
  5
398
330
2
100
AcDbEntity
  8
0
100
AcDbFace
 10
0.912048
 20
-0.0274030000000004
 30
0.5491860000000001
 11
0.9167229999999999
 21
-0.0273820000000004
 31
0.5471120000000003
 12
0.9138329999999999
 22
-0.0270470000000004
 32
0.5506870000000003
 13
0.9138329999999999
 23
-0.0270470000000004
 33
0.5506870000000003
  0
3DFACE
  5
399
330
2
100
AcDbEntity
  8
0
100
AcDbFace
 10
0.9186619999999999
 20
-0.0271090000000004
 30
0.5407710000000005
 11
0.9205069999999999
 21
-0.0273820000000004
 31
0.5432350000000003
 12
0.9167229999999999
 22
-0.0273820000000004
 32
0.5471120000000003
 13
0.9167229999999999
 23
-0.0273820000000004
 33
0.5471120000000003
  0
3DFACE
  5
39A
330
2
100
AcDbEntity
  8
0
100
AcDbFace
 10
0.9138289999999999
 20
-0.0270470000000004
 30
0.5466170000000004
 11
0.9167229999999999
 21
-0.0273820000000004
 31
0.5471120000000003
 12
0.912048
 22
-0.0274030000000004
 32
0.5491860000000001
 13
0.912048
 23
-0.0274030000000004
 33
0.5491860000000001
  0
3DFACE
  5
39B
330
2
100
AcDbEntity
  8
0
100
AcDbFace
 10
0.915878
 20
-0.0262700000000004
 30
0.5437270000000002
 11
0.9186619999999999
 21
-0.0271090000000004
 31
0.5407710000000005
 12
0.9167229999999999
 22
-0.0273820000000004
 32
0.5471120000000003
 13
0.9167229999999999
 23
-0.0273820000000004
 33
0.5471120000000003
  0
3DFACE
  5
39C
330
2
100
AcDbEntity
  8
0
100
AcDbFace
 10
0.915878
 20
-0.0262700000000004
 30
0.5437270000000002
 11
0.9167229999999999
 21
-0.0273820000000004
 31
0.5471120000000003
 12
0.9138289999999999
 22
-0.0270470000000004
 32
0.5466170000000004
 13
0.9138289999999999
 23
-0.0270470000000004
 33
0.5466170000000004
  0
3DFACE
  5
39D
330
2
100
AcDbEntity
  8
0
100
AcDbFace
 10
0.915878
 20
-0.0262700000000004
 30
0.5437270000000002
 11
0.9171599999999999
 21
-0.0259420000000004
 31
0.5400990000000002
 12
0.9186619999999999
 22
-0.0271090000000004
 32
0.5407710000000005
 13
0.9186619999999999
 23
-0.0271090000000004
 33
0.5407710000000005
  0
3DFACE
  5
39E
330
2
100
AcDbEntity
  8
0
100
AcDbFace
 10
0.9119810000000001
 20
-0.0260720000000005
 30
0.5455480000000003
 11
0.915878
 21
-0.0262700000000004
 31
0.5437270000000002
 12
0.9138289999999999
 22
-0.0270470000000004
 32
0.5466170000000004
 13
0.9138289999999999
 23
-0.0270470000000004
 33
0.5466170000000004
  0
3DFACE
  5
39F
330
2
100
AcDbEntity
  8
0
100
AcDbFace
 10
0.915065
 20
-0.0240620000000004
 30
0.5420510000000002
 11
0.9171599999999999
 21
-0.0259420000000004
 31
0.5400990000000002
 12
0.915878
 22
-0.0262700000000004
 32
0.5437270000000002
 13
0.915878
 23
-0.0262700000000004
 33
0.5437270000000002
  0
3DFACE
  5
3A0
330
2
100
AcDbEntity
  8
0
100
AcDbFace
 10
0.9128109999999999
 20
-0.0243640000000004
 30
0.5441600000000002
 11
0.915878
 21
-0.0262700000000004
 31
0.5437270000000002
 12
0.9119810000000001
 22
-0.0260720000000005
 32
0.5455480000000003
 13
0.9119810000000001
 23
-0.0260720000000005
 33
0.5455480000000003
  0
3DFACE
  5
3A1
330
2
100
AcDbEntity
  8
0
100
AcDbFace
 10
0.9128109999999999
 20
-0.0243640000000004
 30
0.5441600000000002
 11
0.915065
 21
-0.0240620000000004
 31
0.5420510000000002
 12
0.915878
 22
-0.0262700000000004
 32
0.5437270000000002
 13
0.915878
 23
-0.0262700000000004
 33
0.5437270000000002
  0
3DFACE
  5
3A2
330
2
100
AcDbEntity
  8
0
100
AcDbFace
 10
0.925136
 20
-0.0246230000000003
 30
0.5391950000000004
 11
0.9252379999999998
 21
-0.0240620000000004
 31
0.5031390000000001
 12
0.9256689999999998
 22
-0.0218200000000004
 32
0.5391950000000004
 13
0.9256689999999998
 23
-0.0218200000000004
 33
0.5391950000000004
  0
3DFACE
  5
3A3
330
2
100
AcDbEntity
  8
0
100
AcDbFace
 10
0.9256689999999998
 20
-0.0218200000000004
 30
0.5391950000000004
 11
0.9252379999999998
 21
-0.0240620000000004
 31
0.5031390000000001
 12
0.925627
 22
-0.0221430000000004
 32
0.5035480000000005
 13
0.925627
 23
-0.0221430000000004
 33
0.5035480000000005
  0
3DFACE
  5
3A4
330
2
100
AcDbEntity
  8
0
100
AcDbFace
 10
0.9256689999999998
 20
-0.0218200000000004
 30
0.5391950000000004
 11
0.925627
 21
-0.0221430000000004
 31
0.5035480000000005
 12
0.9246870000000001
 22
-0.0194490000000004
 32
0.5391950000000004
 13
0.9246870000000001
 23
-0.0194490000000004
 33
0.5391950000000004
  0
3DFACE
  5
3A5
330
2
100
AcDbEntity
  8
0
100
AcDbFace
 10
0.9246870000000001
 20
-0.0194490000000004
 30
0.5391950000000004
 11
0.925627
 21
-0.0221430000000004
 31
0.5035480000000005
 12
0.9250939999999999
 22
-0.0205700000000005
 32
0.5029990000000001
 13
0.9250939999999999
 23
-0.0205700000000005
 33
0.5029990000000001
  0
3DFACE
  5
3A6
330
2
100
AcDbEntity
  8
0
100
AcDbFace
 10
0.9246870000000001
 20
-0.0194490000000004
 30
0.5391950000000004
 11
0.9250939999999999
 21
-0.0205700000000005
 31
0.5029990000000001
 12
0.9236769999999999
 22
-0.0185340000000004
 32
0.5036980000000001
 13
0.9236769999999999
 23
-0.0185340000000004
 33
0.5036980000000001
  0
3DFACE
  5
3A7
330
2
100
AcDbEntity
  8
0
100
AcDbFace
 10
0.9246870000000001
 20
-0.0194490000000004
 30
0.5391950000000004
 11
0.9236769999999999
 21
-0.0185340000000004
 31
0.5036980000000001
 12
0.9226509999999999
 22
-0.0178870000000004
 32
0.5391950000000004
 13
0.9226509999999999
 23
-0.0178870000000004
 33
0.5391950000000004
  0
3DFACE
  5
3A8
330
2
100
AcDbEntity
  8
0
100
AcDbFace
 10
0.9226509999999999
 20
-0.0178870000000004
 30
0.5391950000000004
 11
0.9236769999999999
 21
-0.0185340000000004
 31
0.5036980000000001
 12
0.9214079999999999
 22
-0.0176370000000004
 32
0.5033440000000004
 13
0.9214079999999999
 23
-0.0176370000000004
 33
0.5033440000000004
  0
3DFACE
  5
3A9
330
2
100
AcDbEntity
  8
0
100
AcDbFace
 10
0.9226509999999999
 20
-0.0178870000000004
 30
0.5391950000000004
 11
0.9214079999999999
 21
-0.0176370000000004
 31
0.5033440000000004
 12
0.919485
 22
-0.0176570000000004
 32
0.5403220000000002
 13
0.919485
 23
-0.0176570000000004
 33
0.5403220000000002
  0
3DFACE
  5
3AA
330
2
100
AcDbEntity
  8
0
100
AcDbFace
 10
0.919485
 20
-0.0176570000000004
 30
0.5403220000000002
 11
0.9214079999999999
 21
-0.0176370000000004
 31
0.5033440000000004
 12
0.9202489999999999
 22
-0.0175520000000004
 32
0.5038790000000001
 13
0.9202489999999999
 23
-0.0175520000000004
 33
0.5038790000000001
  0
3DFACE
  5
3AB
330
2
100
AcDbEntity
  8
0
100
AcDbFace
 10
0.919485
 20
-0.0176570000000004
 30
0.5403220000000002
 11
0.9202489999999999
 21
-0.0175520000000004
 31
0.5038790000000001
 12
0.917788
 22
-0.0185340000000004
 32
0.5038050000000002
 13
0.917788
 23
-0.0185340000000004
 33
0.5038050000000002
  0
3DFACE
  5
3AC
330
2
100
AcDbEntity
  8
0
100
AcDbFace
 10
0.919485
 20
-0.0176570000000004
 30
0.5403220000000002
 11
0.917788
 21
-0.0185340000000004
 31
0.5038050000000002
 12
0.9171599999999999
 22
-0.0189920000000004
 32
0.5400990000000002
 13
0.9171599999999999
 23
-0.0189920000000004
 33
0.5400990000000002
  0
3DFACE
  5
3AD
330
2
100
AcDbEntity
  8
0
100
AcDbFace
 10
0.9171599999999999
 20
-0.0189920000000004
 30
0.5400990000000002
 11
0.917788
 21
-0.0185340000000004
 31
0.5038050000000002
 12
0.9164979999999999
 22
-0.0199670000000004
 32
0.5036350000000002
 13
0.9164979999999999
 23
-0.0199670000000004
 33
0.5036350000000002
  0
3DFACE
  5
3AE
330
2
100
AcDbEntity
  8
0
100
AcDbFace
 10
0.9171599999999999
 20
-0.0189920000000004
 30
0.5400990000000002
 11
0.9164979999999999
 21
-0.0199670000000004
 31
0.5036350000000002
 12
0.9157119999999999
 22
-0.0221430000000004
 32
0.5398420000000003
 13
0.9157119999999999
 23
-0.0221430000000004
 33
0.5398420000000003
  0
3DFACE
  5
3AF
330
2
100
AcDbEntity
  8
0
100
AcDbFace
 10
0.9157119999999999
 20
-0.0221430000000004
 30
0.5398420000000003
 11
0.9164979999999999
 21
-0.0199670000000004
 31
0.5036350000000002
 12
0.9161059999999999
 22
-0.0216580000000004
 32
0.5029550000000003
 13
0.9161059999999999
 23
-0.0216580000000004
 33
0.5029550000000003
  0
3DFACE
  5
3B0
330
2
100
AcDbEntity
  8
0
100
AcDbFace
 10
0.9157119999999999
 20
-0.0221430000000004
 30
0.5398420000000003
 11
0.9161059999999999
 21
-0.0216580000000004
 31
0.5029550000000003
 12
0.915925
 22
-0.0237610000000005
 32
0.5391950000000004
 13
0.915925
 23
-0.0237610000000005
 33
0.5391950000000004
  0
3DFACE
  5
3B1
330
2
100
AcDbEntity
  8
0
100
AcDbFace
 10
0.915925
 20
-0.0237610000000005
 30
0.5391950000000004
 11
0.9161059999999999
 21
-0.0216580000000004
 31
0.5029550000000003
 12
0.9162110000000001
 22
-0.0243640000000004
 32
0.5039150000000002
 13
0.9162110000000001
 23
-0.0243640000000004
 33
0.5039150000000002
  0
3DFACE
  5
3B2
330
2
100
AcDbEntity
  8
0
100
AcDbFace
 10
0.915925
 20
-0.0237610000000005
 30
0.5391950000000004
 11
0.9162110000000001
 21
-0.0243640000000004
 31
0.5039150000000002
 12
0.9171599999999999
 22
-0.0259420000000004
 32
0.5400990000000002
 13
0.9171599999999999
 23
-0.0259420000000004
 33
0.5400990000000002
  0
3DFACE
  5
3B3
330
2
100
AcDbEntity
  8
0
100
AcDbFace
 10
0.9171599999999999
 20
-0.0259420000000004
 30
0.5400990000000002
 11
0.9162110000000001
 21
-0.0243640000000004
 31
0.5039150000000002
 12
0.917788
 22
-0.0264000000000005
 32
0.5038050000000002
 13
0.917788
 23
-0.0264000000000005
 33
0.5038050000000002
  0
3DFACE
  5
3B4
330
2
100
AcDbEntity
  8
0
100
AcDbFace
 10
0.9171599999999999
 20
-0.0259420000000004
 30
0.5400990000000002
 11
0.917788
 21
-0.0264000000000005
 31
0.5038050000000002
 12
0.9186619999999999
 22
-0.0271090000000004
 32
0.5407710000000005
 13
0.9186619999999999
 23
-0.0271090000000004
 33
0.5407710000000005
  0
3DFACE
  5
3B5
330
2
100
AcDbEntity
  8
0
100
AcDbFace
 10
0.9186619999999999
 20
-0.0271090000000004
 30
0.5407710000000005
 11
0.917788
 21
-0.0264000000000005
 31
0.5038050000000002
 12
0.9202489999999999
 22
-0.0273820000000004
 32
0.5038790000000001
 13
0.9202489999999999
 23
-0.0273820000000004
 33
0.5038790000000001
  0
3DFACE
  5
3B6
330
2
100
AcDbEntity
  8
0
100
AcDbFace
 10
0.9186619999999999
 20
-0.0271090000000004
 30
0.5407710000000005
 11
0.9202489999999999
 21
-0.0273820000000004
 31
0.5038790000000001
 12
0.9217030000000001
 22
-0.0272570000000004
 32
0.5391950000000004
 13
0.9217030000000001
 23
-0.0272570000000004
 33
0.5391950000000004
  0
3DFACE
  5
3B7
330
2
100
AcDbEntity
  8
0
100
AcDbFace
 10
0.9217030000000001
 20
-0.0272570000000004
 30
0.5391950000000004
 11
0.9202489999999999
 21
-0.0273820000000004
 31
0.5038790000000001
 12
0.9214079999999999
 22
-0.0272960000000005
 32
0.5033440000000004
 13
0.9214079999999999
 23
-0.0272960000000005
 33
0.5033440000000004
  0
3DFACE
  5
3B8
330
2
100
AcDbEntity
  8
0
100
AcDbFace
 10
0.9217030000000001
 20
-0.0272570000000004
 30
0.5391950000000004
 11
0.9214079999999999
 21
-0.0272960000000005
 31
0.5033440000000004
 12
0.9236769999999999
 22
-0.0264000000000005
 32
0.5036980000000001
 13
0.9236769999999999
 23
-0.0264000000000005
 33
0.5036980000000001
  0
3DFACE
  5
3B9
330
2
100
AcDbEntity
  8
0
100
AcDbFace
 10
0.9217030000000001
 20
-0.0272570000000004
 30
0.5391950000000004
 11
0.9236769999999999
 21
-0.0264000000000005
 31
0.5036980000000001
 12
0.925136
 22
-0.0246230000000003
 32
0.5391950000000004
 13
0.925136
 23
-0.0246230000000003
 33
0.5391950000000004
  0
3DFACE
  5
3BA
330
2
100
AcDbEntity
  8
0
100
AcDbFace
 10
0.925136
 20
-0.0246230000000003
 30
0.5391950000000004
 11
0.9236769999999999
 21
-0.0264000000000005
 31
0.5036980000000001
 12
0.9252379999999998
 22
-0.0240620000000004
 32
0.5031390000000001
 13
0.9252379999999998
 23
-0.0240620000000004
 33
0.5031390000000001
  0
3DFACE
  5
3BB
330
2
100
AcDbEntity
  8
0
100
AcDbFace
 10
0.9158819999999996
 20
-0.0221430000000004
 30
1.208547999999999
 11
0.9163309999999999
 21
-0.0237610000000005
 31
1.207362999999997
 12
0.9159249999999998
 22
-0.0237610000000005
 32
1.209195
 13
0.9159249999999998
 23
-0.0237610000000005
 33
1.209195
  0
3DFACE
  5
3BC
330
2
100
AcDbEntity
  8
0
100
AcDbFace
 10
0.9159249999999998
 20
-0.0237610000000005
 30
1.209195
 11
0.9163309999999999
 21
-0.0237610000000005
 31
1.207362999999997
 12
0.9164979999999999
 22
-0.0249670000000005
 32
1.208634999999999
 13
0.9164979999999999
 23
-0.0249670000000005
 33
1.208634999999999
  0
3DFACE
  5
3BD
330
2
100
AcDbEntity
  8
0
100
AcDbFace
 10
0.9164979999999999
 20
-0.0249670000000005
 30
1.208634999999999
 11
0.917617
 21
-0.0254850000000005
 31
1.206928
 12
0.9177579999999995
 22
-0.0264000000000005
 32
1.209033
 13
0.9177579999999995
 23
-0.0264000000000005
 33
1.209033
  0
3DFACE
  5
3BE
330
2
100
AcDbEntity
  8
0
100
AcDbFace
 10
0.9168389999999996
 20
-0.0205700000000005
 30
1.206971999999999
 11
0.9158819999999996
 21
-0.0221430000000004
 31
1.208547999999999
 12
0.9164979999999999
 22
-0.0199670000000004
 32
1.208634999999999
 13
0.9164979999999999
 23
-0.0199670000000004
 33
1.208634999999999
  0
3DFACE
  5
3BF
330
2
100
AcDbEntity
  8
0
100
AcDbFace
 10
0.9164979999999999
 20
-0.0199670000000004
 30
1.208634999999999
 11
0.9177579999999995
 21
-0.0185340000000004
 31
1.209033
 12
0.9178849999999997
 22
-0.0189310000000004
 32
1.207273999999997
 13
0.9178849999999997
 23
-0.0189310000000004
 33
1.207273999999997
  0
3DFACE
  5
3C0
330
2
100
AcDbEntity
  8
0
100
AcDbFace
 10
0.9246499999999999
 20
-0.0194490000000004
 30
1.208914999999997
 11
0.925627
 21
-0.0221430000000004
 31
1.208547999999999
 12
0.9249329999999995
 22
-0.0218200000000004
 32
1.206769999999999
 13
0.9249329999999995
 23
-0.0218200000000004
 33
1.206769999999999
  0
3DFACE
  5
3C1
330
2
100
AcDbEntity
  8
0
100
AcDbFace
 10
0.9198969999999999
 20
-0.0176370000000004
 30
1.208499999999999
 11
0.9218829999999995
 21
-0.0185340000000004
 31
1.206469999999999
 12
0.9192969999999998
 22
-0.0181370000000004
 32
1.207295999999999
 13
0.9192969999999998
 23
-0.0181370000000004
 33
1.207295999999999
  0
3DFACE
  5
3C2
330
2
100
AcDbEntity
  8
0
100
AcDbFace
 10
0.9198969999999999
 20
-0.0176370000000004
 30
1.208499999999999
 11
0.9192969999999998
 21
-0.0181370000000004
 31
1.207295999999999
 12
0.9177579999999995
 22
-0.0185340000000004
 32
1.209033
 13
0.9177579999999995
 23
-0.0185340000000004
 33
1.209033
  0
3DFACE
  5
3C3
330
2
100
AcDbEntity
  8
0
100
AcDbFace
 10
0.9198969999999999
 20
-0.0176370000000004
 30
1.208499999999999
 11
0.9212399999999995
 21
-0.0175520000000004
 31
1.208870999999998
 12
0.9218829999999995
 22
-0.0185340000000004
 32
1.206469999999999
 13
0.9218829999999995
 23
-0.0185340000000004
 33
1.206469999999999
  0
3DFACE
  5
3C4
330
2
100
AcDbEntity
  8
0
100
AcDbFace
 10
0.9216699999999999
 20
-0.0267970000000005
 30
1.206982999999999
 11
0.9212399999999995
 21
-0.0273820000000004
 31
1.208870999999998
 12
0.9198969999999999
 22
-0.0272960000000005
 32
1.208499999999999
 13
0.9198969999999999
 23
-0.0272960000000005
 33
1.208499999999999
  0
3DFACE
  5
3C5
330
2
100
AcDbEntity
  8
0
100
AcDbFace
 10
0.9218829999999995
 20
-0.0185340000000004
 30
1.206469999999999
 11
0.9215759999999995
 21
-0.0197080000000004
 31
1.205244999999999
 12
0.9192969999999998
 22
-0.0181370000000004
 32
1.207295999999999
 13
0.9192969999999998
 23
-0.0181370000000004
 33
1.207295999999999
  0
3DFACE
  5
3C6
330
2
100
AcDbEntity
  8
0
100
AcDbFace
 10
0.9192969999999998
 20
-0.0181370000000004
 30
1.207295999999999
 11
0.9215759999999995
 21
-0.0197080000000004
 31
1.205244999999999
 12
0.9194130000000001
 22
-0.0189310000000004
 32
1.205956999999999
 13
0.9194130000000001
 23
-0.0189310000000004
 33
1.205956999999999
  0
3DFACE
  5
3C7
330
2
100
AcDbEntity
  8
0
100
AcDbFace
 10
0.9192969999999998
 20
-0.0181370000000004
 30
1.207295999999999
 11
0.9194130000000001
 21
-0.0189310000000004
 31
1.205956999999999
 12
0.9178849999999997
 22
-0.0189310000000004
 32
1.207273999999997
 13
0.9178849999999997
 23
-0.0189310000000004
 33
1.207273999999997
  0
3DFACE
  5
3C8
330
2
100
AcDbEntity
  8
0
100
AcDbFace
 10
0.9192969999999998
 20
-0.0181370000000004
 30
1.207295999999999
 11
0.9178849999999997
 21
-0.0189310000000004
 31
1.207273999999997
 12
0.9177579999999995
 22
-0.0185340000000004
 32
1.209033
 13
0.9177579999999995
 23
-0.0185340000000004
 33
1.209033
  0
3DFACE
  5
3C9
330
2
100
AcDbEntity
  8
0
100
AcDbFace
 10
0.9194130000000001
 20
-0.0189310000000004
 30
1.205956999999999
 11
0.9215759999999995
 21
-0.0197080000000004
 31
1.205244999999999
 12
0.9185739999999999
 22
-0.0208710000000004
 32
1.205137999999998
 13
0.9185739999999999
 23
-0.0208710000000004
 33
1.205137999999998
  0
3DFACE
  5
3CA
330
2
100
AcDbEntity
  8
0
100
AcDbFace
 10
0.9194130000000001
 20
-0.0189310000000004
 30
1.205956999999999
 11
0.9185739999999999
 21
-0.0208710000000004
 31
1.205137999999998
 12
0.9178849999999997
 22
-0.0189310000000004
 32
1.207273999999997
 13
0.9178849999999997
 23
-0.0189310000000004
 33
1.207273999999997
  0
3DFACE
  5
3CB
330
2
100
AcDbEntity
  8
0
100
AcDbFace
 10
0.9178849999999997
 20
-0.0189310000000004
 30
1.207273999999997
 11
0.9185739999999999
 21
-0.0208710000000004
 31
1.205137999999998
 12
0.9168389999999996
 22
-0.0205700000000005
 32
1.206971999999999
 13
0.9168389999999996
 23
-0.0205700000000005
 33
1.206971999999999
  0
3DFACE
  5
3CC
330
2
100
AcDbEntity
  8
0
100
AcDbFace
 10
0.9178849999999997
 20
-0.0189310000000004
 30
1.207273999999997
 11
0.9168389999999996
 21
-0.0205700000000005
 31
1.206971999999999
 12
0.9164979999999999
 22
-0.0199670000000004
 32
1.208634999999999
 13
0.9164979999999999
 23
-0.0199670000000004
 33
1.208634999999999
  0
3DFACE
  5
3CD
330
2
100
AcDbEntity
  8
0
100
AcDbFace
 10
0.9215759999999995
 20
-0.0197080000000004
 30
1.205244999999999
 11
0.9210669999999996
 21
-0.0218200000000004
 31
1.204320999999997
 12
0.9185739999999999
 22
-0.0208710000000004
 32
1.205137999999998
 13
0.9185739999999999
 23
-0.0208710000000004
 33
1.205137999999998
  0
3DFACE
  5
3CE
330
2
100
AcDbEntity
  8
0
100
AcDbFace
 10
0.9185739999999999
 20
-0.0208710000000004
 30
1.205137999999998
 11
0.9210669999999996
 21
-0.0218200000000004
 31
1.204320999999997
 12
0.9188569999999998
 22
-0.0224670000000004
 32
1.204614999999997
 13
0.9188569999999998
 23
-0.0224670000000004
 33
1.204614999999997
  0
3DFACE
  5
3CF
330
2
100
AcDbEntity
  8
0
100
AcDbFace
 10
0.9185739999999999
 20
-0.0208710000000004
 30
1.205137999999998
 11
0.9188569999999998
 21
-0.0224670000000004
 31
1.204614999999997
 12
0.9170799999999999
 22
-0.0231140000000004
 32
1.205978999999999
 13
0.9170799999999999
 23
-0.0231140000000004
 33
1.205978999999999
  0
3DFACE
  5
3D0
330
2
100
AcDbEntity
  8
0
100
AcDbFace
 10
0.9185739999999999
 20
-0.0208710000000004
 30
1.205137999999998
 11
0.9170799999999999
 21
-0.0231140000000004
 31
1.205978999999999
 12
0.9168389999999996
 22
-0.0205700000000005
 32
1.206971999999999
 13
0.9168389999999996
 23
-0.0205700000000005
 33
1.206971999999999
  0
3DFACE
  5
3D1
330
2
100
AcDbEntity
  8
0
100
AcDbFace
 10
0.9168389999999996
 20
-0.0205700000000005
 30
1.206971999999999
 11
0.9170799999999999
 21
-0.0231140000000004
 31
1.205978999999999
 12
0.9158819999999996
 22
-0.0221430000000004
 32
1.208547999999999
 13
0.9158819999999996
 23
-0.0221430000000004
 33
1.208547999999999
  0
3DFACE
  5
3D2
330
2
100
AcDbEntity
  8
0
100
AcDbFace
 10
0.9210669999999996
 20
-0.0218200000000004
 30
1.204320999999997
 11
0.9220149999999998
 21
-0.0231140000000004
 31
1.204531999999999
 12
0.9188569999999998
 22
-0.0224670000000004
 32
1.204614999999997
 13
0.9188569999999998
 23
-0.0224670000000004
 33
1.204614999999997
  0
3DFACE
  5
3D3
330
2
100
AcDbEntity
  8
0
100
AcDbFace
 10
0.9188569999999998
 20
-0.0224670000000004
 30
1.204614999999997
 11
0.9220149999999998
 21
-0.0231140000000004
 31
1.204531999999999
 12
0.9190169999999998
 22
-0.0243640000000004
 32
1.205
 13
0.9190169999999998
 23
-0.0243640000000004
 33
1.205
  0
3DFACE
  5
3D4
330
2
100
AcDbEntity
  8
0
100
AcDbFace
 10
0.9188569999999998
 20
-0.0224670000000004
 30
1.204614999999997
 11
0.9190169999999998
 21
-0.0243640000000004
 31
1.205
 12
0.9170799999999999
 22
-0.0231140000000004
 32
1.205978999999999
 13
0.9170799999999999
 23
-0.0231140000000004
 33
1.205978999999999
  0
3DFACE
  5
3D5
330
2
100
AcDbEntity
  8
0
100
AcDbFace
 10
0.9170799999999999
 20
-0.0231140000000004
 30
1.205978999999999
 11
0.9163309999999999
 21
-0.0237610000000005
 31
1.207362999999997
 12
0.9158819999999996
 22
-0.0221430000000004
 32
1.208547999999999
 13
0.9158819999999996
 23
-0.0221430000000004
 33
1.208547999999999
  0
3DFACE
  5
3D6
330
2
100
AcDbEntity
  8
0
100
AcDbFace
 10
0.9220149999999998
 20
-0.0231140000000004
 30
1.204531999999999
 11
0.9214999999999998
 21
-0.0254850000000005
 31
1.205427999999999
 12
0.9190169999999998
 22
-0.0243640000000004
 32
1.205
 13
0.9190169999999998
 23
-0.0243640000000004
 33
1.205
  0
3DFACE
  5
3D7
330
2
100
AcDbEntity
  8
0
100
AcDbFace
 10
0.9170799999999999
 20
-0.0231140000000004
 30
1.205978999999999
 11
0.9190169999999998
 21
-0.0243640000000004
 31
1.205
 12
0.917617
 22
-0.0254850000000005
 32
1.206928
 13
0.917617
 23
-0.0254850000000005
 33
1.206928
  0
3DFACE
  5
3D8
330
2
100
AcDbEntity
  8
0
100
AcDbFace
 10
0.9170799999999999
 20
-0.0231140000000004
 30
1.205978999999999
 11
0.917617
 21
-0.0254850000000005
 31
1.206928
 12
0.9163309999999999
 22
-0.0237610000000005
 32
1.207362999999997
 13
0.9163309999999999
 23
-0.0237610000000005
 33
1.207362999999997
  0
3DFACE
  5
3D9
330
2
100
AcDbEntity
  8
0
100
AcDbFace
 10
0.9163309999999999
 20
-0.0237610000000005
 30
1.207362999999997
 11
0.917617
 21
-0.0254850000000005
 31
1.206928
 12
0.9164979999999999
 22
-0.0249670000000005
 32
1.208634999999999
 13
0.9164979999999999
 23
-0.0249670000000005
 33
1.208634999999999
  0
3DFACE
  5
3DA
330
2
100
AcDbEntity
  8
0
100
AcDbFace
 10
0.9190169999999998
 20
-0.0243640000000004
 30
1.205
 11
0.9214999999999998
 21
-0.0254850000000005
 31
1.205427999999999
 12
0.9194130000000001
 22
-0.0260020000000004
 32
1.205956999999999
 13
0.9194130000000001
 23
-0.0260020000000004
 33
1.205956999999999
  0
3DFACE
  5
3DB
330
2
100
AcDbEntity
  8
0
100
AcDbFace
 10
0.9190169999999998
 20
-0.0243640000000004
 30
1.205
 11
0.9194130000000001
 21
-0.0260020000000004
 31
1.205956999999999
 12
0.917617
 22
-0.0254850000000005
 32
1.206928
 13
0.917617
 23
-0.0254850000000005
 33
1.206928
  0
3DFACE
  5
3DC
330
2
100
AcDbEntity
  8
0
100
AcDbFace
 10
0.9214999999999998
 20
-0.0254850000000005
 30
1.205427999999999
 11
0.9216699999999999
 21
-0.0267970000000005
 31
1.206982999999999
 12
0.9194130000000001
 22
-0.0260020000000004
 32
1.205956999999999
 13
0.9194130000000001
 23
-0.0260020000000004
 33
1.205956999999999
  0
3DFACE
  5
3DD
330
2
100
AcDbEntity
  8
0
100
AcDbFace
 10
0.9194130000000001
 20
-0.0260020000000004
 30
1.205956999999999
 11
0.9216699999999999
 21
-0.0267970000000005
 31
1.206982999999999
 12
0.9192969999999998
 22
-0.0267970000000005
 32
1.207295999999999
 13
0.9192969999999998
 23
-0.0267970000000005
 33
1.207295999999999
  0
3DFACE
  5
3DE
330
2
100
AcDbEntity
  8
0
100
AcDbFace
 10
0.9194130000000001
 20
-0.0260020000000004
 30
1.205956999999999
 11
0.9192969999999998
 21
-0.0267970000000005
 31
1.207295999999999
 12
0.917617
 22
-0.0254850000000005
 32
1.206928
 13
0.917617
 23
-0.0254850000000005
 33
1.206928
  0
3DFACE
  5
3DF
330
2
100
AcDbEntity
  8
0
100
AcDbFace
 10
0.917617
 20
-0.0254850000000005
 30
1.206928
 11
0.9192969999999998
 21
-0.0267970000000005
 31
1.207295999999999
 12
0.9177579999999995
 22
-0.0264000000000005
 32
1.209033
 13
0.9177579999999995
 23
-0.0264000000000005
 33
1.209033
  0
3DFACE
  5
3E0
330
2
100
AcDbEntity
  8
0
100
AcDbFace
 10
0.9216699999999999
 20
-0.0267970000000005
 30
1.206982999999999
 11
0.9198969999999999
 21
-0.0272960000000005
 31
1.208499999999999
 12
0.9192969999999998
 22
-0.0267970000000005
 32
1.207295999999999
 13
0.9192969999999998
 23
-0.0267970000000005
 33
1.207295999999999
  0
3DFACE
  5
3E1
330
2
100
AcDbEntity
  8
0
100
AcDbFace
 10
0.9192969999999998
 20
-0.0267970000000005
 30
1.207295999999999
 11
0.9198969999999999
 21
-0.0272960000000005
 31
1.208499999999999
 12
0.9177579999999995
 22
-0.0264000000000005
 32
1.209033
 13
0.9177579999999995
 23
-0.0264000000000005
 33
1.209033
  0
3DFACE
  5
3E2
330
2
100
AcDbEntity
  8
0
100
AcDbFace
 10
0.923529
 20
-0.0264000000000005
 30
1.208130999999998
 11
0.9212399999999995
 21
-0.0273820000000004
 31
1.208870999999998
 12
0.9216699999999999
 22
-0.0267970000000005
 32
1.206982999999999
 13
0.9216699999999999
 23
-0.0267970000000005
 33
1.206982999999999
  0
3DFACE
  5
3E3
330
2
100
AcDbEntity
  8
0
100
AcDbFace
 10
0.9237069999999999
 20
-0.0254850000000005
 30
1.206637999999998
 11
0.923529
 21
-0.0264000000000005
 31
1.208130999999998
 12
0.9216699999999999
 22
-0.0267970000000005
 32
1.206982999999999
 13
0.9216699999999999
 23
-0.0267970000000005
 33
1.206982999999999
  0
3DFACE
  5
3E4
330
2
100
AcDbEntity
  8
0
100
AcDbFace
 10
0.9237069999999999
 20
-0.0254850000000005
 30
1.206637999999998
 11
0.9216699999999999
 21
-0.0267970000000005
 31
1.206982999999999
 12
0.9214999999999998
 22
-0.0254850000000005
 32
1.205427999999999
 13
0.9214999999999998
 23
-0.0254850000000005
 33
1.205427999999999
  0
3DFACE
  5
3E5
330
2
100
AcDbEntity
  8
0
100
AcDbFace
 10
0.9246499999999999
 20
-0.0254850000000005
 30
1.208914999999997
 11
0.923529
 21
-0.0264000000000005
 31
1.208130999999998
 12
0.9237069999999999
 22
-0.0254850000000005
 32
1.206637999999998
 13
0.9237069999999999
 23
-0.0254850000000005
 33
1.206637999999998
  0
3DFACE
  5
3E6
330
2
100
AcDbEntity
  8
0
100
AcDbFace
 10
0.9253809999999999
 20
-0.0237610000000005
 30
1.208279
 11
0.9246499999999999
 21
-0.0254850000000005
 31
1.208914999999997
 12
0.9237069999999999
 22
-0.0254850000000005
 32
1.206637999999998
 13
0.9237069999999999
 23
-0.0254850000000005
 33
1.206637999999998
  0
3DFACE
  5
3E7
330
2
100
AcDbEntity
  8
0
100
AcDbFace
 10
0.9253809999999999
 20
-0.0237610000000005
 30
1.208279
 11
0.9237069999999999
 21
-0.0254850000000005
 31
1.206637999999998
 12
0.9236689999999999
 22
-0.0237610000000005
 32
1.205395999999999
 13
0.9236689999999999
 23
-0.0237610000000005
 33
1.205395999999999
  0
3DFACE
  5
3E8
330
2
100
AcDbEntity
  8
0
100
AcDbFace
 10
0.9236689999999999
 20
-0.0237610000000005
 30
1.205395999999999
 11
0.9237069999999999
 21
-0.0254850000000005
 31
1.206637999999998
 12
0.9214999999999998
 22
-0.0254850000000005
 32
1.205427999999999
 13
0.9214999999999998
 23
-0.0254850000000005
 33
1.205427999999999
  0
3DFACE
  5
3E9
330
2
100
AcDbEntity
  8
0
100
AcDbFace
 10
0.9236689999999999
 20
-0.0237610000000005
 30
1.205395999999999
 11
0.9214999999999998
 21
-0.0254850000000005
 31
1.205427999999999
 12
0.9220149999999998
 22
-0.0231140000000004
 32
1.204531999999999
 13
0.9220149999999998
 23
-0.0231140000000004
 33
1.204531999999999
  0
3DFACE
  5
3EA
330
2
100
AcDbEntity
  8
0
100
AcDbFace
 10
0.925627
 20
-0.0221430000000004
 30
1.208547999999999
 11
0.9253809999999999
 21
-0.0237610000000005
 31
1.208279
 12
0.9249329999999995
 22
-0.0218200000000004
 32
1.206769999999999
 13
0.9249329999999995
 23
-0.0218200000000004
 33
1.206769999999999
  0
3DFACE
  5
3EB
330
2
100
AcDbEntity
  8
0
100
AcDbFace
 10
0.9249329999999995
 20
-0.0218200000000004
 30
1.206769999999999
 11
0.9253809999999999
 21
-0.0237610000000005
 31
1.208279
 12
0.9236689999999999
 22
-0.0237610000000005
 32
1.205395999999999
 13
0.9236689999999999
 23
-0.0237610000000005
 33
1.205395999999999
  0
3DFACE
  5
3EC
330
2
100
AcDbEntity
  8
0
100
AcDbFace
 10
0.9249329999999995
 20
-0.0218200000000004
 30
1.206769999999999
 11
0.9236689999999999
 21
-0.0237610000000005
 31
1.205395999999999
 12
0.9220149999999998
 22
-0.0231140000000004
 32
1.204531999999999
 13
0.9220149999999998
 23
-0.0231140000000004
 33
1.204531999999999
  0
3DFACE
  5
3ED
330
2
100
AcDbEntity
  8
0
100
AcDbFace
 10
0.9236689999999999
 20
-0.0211730000000004
 30
1.205395999999999
 11
0.9249329999999995
 21
-0.0218200000000004
 31
1.206769999999999
 12
0.9220149999999998
 22
-0.0231140000000004
 32
1.204531999999999
 13
0.9220149999999998
 23
-0.0231140000000004
 33
1.204531999999999
  0
3DFACE
  5
3EE
330
2
100
AcDbEntity
  8
0
100
AcDbFace
 10
0.9236689999999999
 20
-0.0211730000000004
 30
1.205395999999999
 11
0.9220149999999998
 21
-0.0231140000000004
 31
1.204531999999999
 12
0.9210669999999996
 22
-0.0218200000000004
 32
1.204320999999997
 13
0.9210669999999996
 23
-0.0218200000000004
 33
1.204320999999997
  0
3DFACE
  5
3EF
330
2
100
AcDbEntity
  8
0
100
AcDbFace
 10
0.9246499999999999
 20
-0.0194490000000004
 30
1.208914999999997
 11
0.9249329999999995
 21
-0.0218200000000004
 31
1.206769999999999
 12
0.9237069999999999
 22
-0.0194490000000004
 32
1.206637999999998
 13
0.9237069999999999
 23
-0.0194490000000004
 33
1.206637999999998
  0
3DFACE
  5
3F0
330
2
100
AcDbEntity
  8
0
100
AcDbFace
 10
0.9237069999999999
 20
-0.0194490000000004
 30
1.206637999999998
 11
0.9249329999999995
 21
-0.0218200000000004
 31
1.206769999999999
 12
0.9236689999999999
 22
-0.0211730000000004
 32
1.205395999999999
 13
0.9236689999999999
 23
-0.0211730000000004
 33
1.205395999999999
  0
3DFACE
  5
3F1
330
2
100
AcDbEntity
  8
0
100
AcDbFace
 10
0.9237069999999999
 20
-0.0194490000000004
 30
1.206637999999998
 11
0.9236689999999999
 21
-0.0211730000000004
 31
1.205395999999999
 12
0.9215759999999995
 22
-0.0197080000000004
 32
1.205244999999999
 13
0.9215759999999995
 23
-0.0197080000000004
 33
1.205244999999999
  0
3DFACE
  5
3F2
330
2
100
AcDbEntity
  8
0
100
AcDbFace
 10
0.9215759999999995
 20
-0.0197080000000004
 30
1.205244999999999
 11
0.9236689999999999
 21
-0.0211730000000004
 31
1.205395999999999
 12
0.9210669999999996
 22
-0.0218200000000004
 32
1.204320999999997
 13
0.9210669999999996
 23
-0.0218200000000004
 33
1.204320999999997
  0
3DFACE
  5
3F3
330
2
100
AcDbEntity
  8
0
100
AcDbFace
 10
0.923529
 20
-0.0185340000000004
 30
1.208130999999998
 11
0.9246499999999999
 21
-0.0194490000000004
 31
1.208914999999997
 12
0.9237069999999999
 22
-0.0194490000000004
 32
1.206637999999998
 13
0.9237069999999999
 23
-0.0194490000000004
 33
1.206637999999998
  0
3DFACE
  5
3F4
330
2
100
AcDbEntity
  8
0
100
AcDbFace
 10
0.9218829999999995
 20
-0.0185340000000004
 30
1.206469999999999
 11
0.9237069999999999
 21
-0.0194490000000004
 31
1.206637999999998
 12
0.9215759999999995
 22
-0.0197080000000004
 32
1.205244999999999
 13
0.9215759999999995
 23
-0.0197080000000004
 33
1.205244999999999
  0
3DFACE
  5
3F5
330
2
100
AcDbEntity
  8
0
100
AcDbFace
 10
0.9218829999999995
 20
-0.0185340000000004
 30
1.206469999999999
 11
0.923529
 21
-0.0185340000000004
 31
1.208130999999998
 12
0.9237069999999999
 22
-0.0194490000000004
 32
1.206637999999998
 13
0.9237069999999999
 23
-0.0194490000000004
 33
1.206637999999998
  0
3DFACE
  5
3F6
330
2
100
AcDbEntity
  8
0
100
AcDbFace
 10
0.9212399999999995
 20
-0.0175520000000004
 30
1.208870999999998
 11
0.923529
 21
-0.0185340000000004
 31
1.208130999999998
 12
0.9218829999999995
 22
-0.0185340000000004
 32
1.206469999999999
 13
0.9218829999999995
 23
-0.0185340000000004
 33
1.206469999999999
  0
3DFACE
  5
3F7
330
2
100
AcDbEntity
  8
0
100
AcDbFace
 10
0.8558819999999997
 20
-0.0218200000000003
 30
1.419519
 11
0.8563769999999998
 21
-0.0218200000000003
 31
1.421361
 12
0.8569329999999999
 22
-0.0194490000000004
 32
1.419810999999999
 13
0.8569329999999999
 23
-0.0194490000000004
 33
1.419810999999999
  0
3DFACE
  5
3F8
330
2
100
AcDbEntity
  8
0
100
AcDbFace
 10
0.8646499999999996
 20
-0.0254850000000003
 30
1.419475
 11
0.8656270000000001
 21
-0.0231140000000004
 31
1.419519
 12
0.8651309999999996
 22
-0.0231140000000004
 32
1.421361
 13
0.8651309999999996
 23
-0.0231140000000004
 33
1.421361
  0
3DFACE
  5
3F9
330
2
100
AcDbEntity
  8
0
100
AcDbFace
 10
0.8656270000000001
 20
-0.0231140000000004
 30
1.419519
 11
0.8652969999999998
 21
-0.0205700000000003
 31
1.419475
 12
0.865178
 22
-0.0211730000000004
 32
1.421027999999999
 13
0.865178
 23
-0.0211730000000004
 33
1.421027999999999
  0
3DFACE
  5
3FA
330
2
100
AcDbEntity
  8
0
100
AcDbFace
 10
0.8580289999999997
 20
-0.0264000000000003
 30
1.420323999999999
 11
0.860228
 21
-0.0273820000000003
 31
1.419475
 12
0.859336
 22
-0.0262010000000003
 32
1.422026999999999
 13
0.859336
 23
-0.0262010000000003
 33
1.422026999999999
  0
3DFACE
  5
3FB
330
2
100
AcDbEntity
  8
0
100
AcDbFace
 10
0.859336
 20
-0.0262010000000003
 30
1.422026999999999
 11
0.860228
 21
-0.0273820000000003
 31
1.419475
 12
0.8614079999999997
 22
-0.0272960000000003
 32
1.420046999999999
 13
0.8614079999999997
 23
-0.0272960000000003
 33
1.420046999999999
  0
3DFACE
  5
3FC
330
2
100
AcDbEntity
  8
0
100
AcDbFace
 10
0.859336
 20
-0.0262010000000003
 30
1.422026999999999
 11
0.8614079999999997
 21
-0.0272960000000003
 31
1.420046999999999
 12
0.8618179999999997
 22
-0.0264000000000003
 32
1.421969999999999
 13
0.8618179999999997
 23
-0.0264000000000003
 33
1.421969999999999
  0
3DFACE
  5
3FD
330
2
100
AcDbEntity
  8
0
100
AcDbFace
 10
0.8618179999999997
 20
-0.0264000000000003
 30
1.421969999999999
 11
0.8614079999999997
 21
-0.0272960000000003
 31
1.420046999999999
 12
0.863479
 22
-0.0264000000000003
 32
1.420323999999999
 13
0.863479
 23
-0.0264000000000003
 33
1.420323999999999
  0
3DFACE
  5
3FE
330
2
100
AcDbEntity
  8
0
100
AcDbFace
 10
0.8637069999999996
 20
-0.0254850000000003
 30
1.421751999999995
 11
0.8618179999999997
 21
-0.0264000000000003
 31
1.421969999999999
 12
0.863479
 22
-0.0264000000000003
 32
1.420323999999999
 13
0.863479
 23
-0.0264000000000003
 33
1.420323999999999
  0
3DFACE
  5
3FF
330
2
100
AcDbEntity
  8
0
100
AcDbFace
 10
0.8568579999999997
 20
-0.0254850000000003
 30
1.419475
 11
0.8580289999999997
 21
-0.0264000000000003
 31
1.420323999999999
 12
0.8573439999999996
 22
-0.0243640000000004
 32
1.422209
 13
0.8573439999999996
 23
-0.0243640000000004
 33
1.422209
  0
3DFACE
  5
400
330
2
100
AcDbEntity
  8
0
100
AcDbFace
 10
0.8573439999999996
 20
-0.0243640000000004
 30
1.422209
 11
0.8580289999999997
 21
-0.0264000000000003
 31
1.420323999999999
 12
0.859336
 22
-0.0262010000000003
 32
1.422026999999999
 13
0.859336
 23
-0.0262010000000003
 33
1.422026999999999
  0
3DFACE
  5
401
330
2
100
AcDbEntity
  8
0
100
AcDbFace
 10
0.8573439999999996
 20
-0.0243640000000004
 30
1.422209
 11
0.859336
 21
-0.0262010000000003
 31
1.422026999999999
 12
0.859444
 22
-0.0232650000000003
 32
1.423815
 13
0.859444
 23
-0.0232650000000003
 33
1.423815
  0
3DFACE
  5
402
330
2
100
AcDbEntity
  8
0
100
AcDbFace
 10
0.859444
 20
-0.0232650000000003
 30
1.423815
 11
0.859336
 21
-0.0262010000000003
 31
1.422026999999999
 12
0.8616599999999998
 22
-0.0243640000000004
 32
1.423656
 13
0.8616599999999998
 23
-0.0243640000000004
 33
1.423656
  0
3DFACE
  5
403
330
2
100
AcDbEntity
  8
0
100
AcDbFace
 10
0.8616599999999998
 20
-0.0243640000000004
 30
1.423656
 11
0.859336
 21
-0.0262010000000003
 31
1.422026999999999
 12
0.8618179999999997
 22
-0.0264000000000003
 32
1.421969999999999
 13
0.8618179999999997
 23
-0.0264000000000003
 33
1.421969999999999
  0
3DFACE
  5
404
330
2
100
AcDbEntity
  8
0
100
AcDbFace
 10
0.8616599999999998
 20
-0.0243640000000004
 30
1.423656
 11
0.8618179999999997
 21
-0.0264000000000003
 31
1.421969999999999
 12
0.8632939999999996
 22
-0.0243640000000004
 32
1.422968999999999
 13
0.8632939999999996
 23
-0.0243640000000004
 33
1.422968999999999
  0
3DFACE
  5
405
330
2
100
AcDbEntity
  8
0
100
AcDbFace
 10
0.8632939999999996
 20
-0.0243640000000004
 30
1.422968999999999
 11
0.8618179999999997
 21
-0.0264000000000003
 31
1.421969999999999
 12
0.8637069999999996
 22
-0.0254850000000003
 32
1.421751999999995
 13
0.8637069999999996
 23
-0.0254850000000003
 33
1.421751999999995
  0
3DFACE
  5
406
330
2
100
AcDbEntity
  8
0
100
AcDbFace
 10
0.8637069999999996
 20
-0.0254850000000003
 30
1.421751999999995
 11
0.863479
 21
-0.0264000000000003
 31
1.420323999999999
 12
0.8646499999999996
 22
-0.0254850000000003
 32
1.419475
 13
0.8646499999999996
 23
-0.0254850000000003
 33
1.419475
  0
3DFACE
  5
407
330
2
100
AcDbEntity
  8
0
100
AcDbFace
 10
0.8561280000000001
 20
-0.0237610000000003
 30
1.420110999999999
 11
0.8568579999999997
 21
-0.0254850000000003
 31
1.419475
 12
0.8573439999999996
 22
-0.0243640000000004
 32
1.422209
 13
0.8573439999999996
 23
-0.0243640000000004
 33
1.422209
  0
3DFACE
  5
408
330
2
100
AcDbEntity
  8
0
100
AcDbFace
 10
0.8632939999999996
 20
-0.0243640000000004
 30
1.422968999999999
 11
0.8637069999999996
 21
-0.0254850000000003
 31
1.421751999999995
 12
0.8651309999999996
 22
-0.0231140000000004
 32
1.421361
 13
0.8651309999999996
 23
-0.0231140000000004
 33
1.421361
  0
3DFACE
  5
409
330
2
100
AcDbEntity
  8
0
100
AcDbFace
 10
0.8651309999999996
 20
-0.0231140000000004
 30
1.421361
 11
0.8637069999999996
 21
-0.0254850000000003
 31
1.421751999999995
 12
0.8646499999999996
 22
-0.0254850000000003
 32
1.419475
 13
0.8646499999999996
 23
-0.0254850000000003
 33
1.419475
  0
3DFACE
  5
40A
330
2
100
AcDbEntity
  8
0
100
AcDbFace
 10
0.8558819999999997
 20
-0.0218200000000003
 30
1.419519
 11
0.8561280000000001
 21
-0.0237610000000003
 31
1.420110999999999
 12
0.8563769999999998
 22
-0.0218200000000003
 32
1.421361
 13
0.8563769999999998
 23
-0.0218200000000003
 33
1.421361
  0
3DFACE
  5
40B
330
2
100
AcDbEntity
  8
0
100
AcDbFace
 10
0.8563769999999998
 20
-0.0218200000000003
 30
1.421361
 11
0.8561280000000001
 21
-0.0237610000000003
 31
1.420110999999999
 12
0.8577879999999995
 22
-0.0218200000000003
 32
1.423060999999995
 13
0.8577879999999995
 23
-0.0218200000000003
 33
1.423060999999995
  0
3DFACE
  5
40C
330
2
100
AcDbEntity
  8
0
100
AcDbFace
 10
0.8577879999999995
 20
-0.0218200000000003
 30
1.423060999999995
 11
0.8561280000000001
 21
-0.0237610000000003
 31
1.420110999999999
 12
0.8573439999999996
 22
-0.0243640000000004
 32
1.422209
 13
0.8573439999999996
 23
-0.0243640000000004
 33
1.422209
  0
3DFACE
  5
40D
330
2
100
AcDbEntity
  8
0
100
AcDbFace
 10
0.8577879999999995
 20
-0.0218200000000003
 30
1.423060999999995
 11
0.8573439999999996
 21
-0.0243640000000004
 31
1.422209
 12
0.859444
 22
-0.0232650000000003
 32
1.423815
 13
0.859444
 23
-0.0232650000000003
 33
1.423815
  0
3DFACE
  5
40E
330
2
100
AcDbEntity
  8
0
100
AcDbFace
 10
0.8614009999999996
 20
-0.0224670000000003
 30
1.424109999999999
 11
0.859444
 21
-0.0232650000000003
 31
1.423815
 12
0.8616599999999998
 22
-0.0243640000000004
 32
1.423656
 13
0.8616599999999998
 23
-0.0243640000000004
 33
1.423656
  0
3DFACE
  5
40F
330
2
100
AcDbEntity
  8
0
100
AcDbFace
 10
0.8614009999999996
 20
-0.0224670000000003
 30
1.424109999999999
 11
0.8616599999999998
 21
-0.0243640000000004
 31
1.423656
 12
0.8639709999999997
 22
-0.0218200000000003
 32
1.422868999999999
 13
0.8639709999999997
 23
-0.0218200000000003
 33
1.422868999999999
  0
3DFACE
  5
410
330
2
100
AcDbEntity
  8
0
100
AcDbFace
 10
0.8639709999999997
 20
-0.0218200000000003
 30
1.422868999999999
 11
0.8616599999999998
 21
-0.0243640000000004
 31
1.423656
 12
0.8632939999999996
 22
-0.0243640000000004
 32
1.422968999999999
 13
0.8632939999999996
 23
-0.0243640000000004
 33
1.422968999999999
  0
3DFACE
  5
411
330
2
100
AcDbEntity
  8
0
100
AcDbFace
 10
0.8639709999999997
 20
-0.0218200000000003
 30
1.422868999999999
 11
0.8632939999999996
 21
-0.0243640000000004
 31
1.422968999999999
 12
0.8651309999999996
 22
-0.0231140000000004
 32
1.421361
 13
0.8651309999999996
 23
-0.0231140000000004
 33
1.421361
  0
3DFACE
  5
412
330
2
100
AcDbEntity
  8
0
100
AcDbFace
 10
0.8601289999999998
 20
-0.0211730000000004
 30
1.423942
 11
0.8577879999999995
 21
-0.0218200000000003
 31
1.423060999999995
 12
0.859444
 22
-0.0232650000000003
 32
1.423815
 13
0.859444
 23
-0.0232650000000003
 33
1.423815
  0
3DFACE
  5
413
330
2
100
AcDbEntity
  8
0
100
AcDbFace
 10
0.8601289999999998
 20
-0.0211730000000004
 30
1.423942
 11
0.859444
 21
-0.0232650000000003
 31
1.423815
 12
0.8614009999999996
 22
-0.0224670000000003
 32
1.424109999999999
 13
0.8614009999999996
 23
-0.0224670000000003
 33
1.424109999999999
  0
3DFACE
  5
414
330
2
100
AcDbEntity
  8
0
100
AcDbFace
 10
0.8601289999999998
 20
-0.0211730000000004
 30
1.423942
 11
0.8614009999999996
 21
-0.0224670000000003
 31
1.424109999999999
 12
0.8620039999999995
 22
-0.0211730000000004
 32
1.423859999999999
 13
0.8620039999999995
 23
-0.0211730000000004
 33
1.423859999999999
  0
3DFACE
  5
415
330
2
100
AcDbEntity
  8
0
100
AcDbFace
 10
0.8620039999999995
 20
-0.0211730000000004
 30
1.423859999999999
 11
0.8614009999999996
 21
-0.0224670000000003
 31
1.424109999999999
 12
0.863241
 22
-0.0204400000000003
 32
1.422862999999999
 13
0.863241
 23
-0.0204400000000003
 33
1.422862999999999
  0
3DFACE
  5
416
330
2
100
AcDbEntity
  8
0
100
AcDbFace
 10
0.863241
 20
-0.0204400000000003
 30
1.422862999999999
 11
0.8614009999999996
 21
-0.0224670000000003
 31
1.424109999999999
 12
0.8639709999999997
 22
-0.0218200000000003
 32
1.422868999999999
 13
0.8639709999999997
 23
-0.0218200000000003
 33
1.422868999999999
  0
3DFACE
  5
417
330
2
100
AcDbEntity
  8
0
100
AcDbFace
 10
0.865178
 20
-0.0211730000000004
 30
1.421027999999999
 11
0.8639709999999997
 21
-0.0218200000000003
 31
1.422868999999999
 12
0.8651309999999996
 22
-0.0231140000000004
 32
1.421361
 13
0.8651309999999996
 23
-0.0231140000000004
 33
1.421361
  0
3DFACE
  5
418
330
2
100
AcDbEntity
  8
0
100
AcDbFace
 10
0.865178
 20
-0.0211730000000004
 30
1.421027999999999
 11
0.8651309999999996
 21
-0.0231140000000004
 31
1.421361
 12
0.8656270000000001
 22
-0.0231140000000004
 32
1.419519
 13
0.8656270000000001
 23
-0.0231140000000004
 33
1.419519
  0
3DFACE
  5
419
330
2
100
AcDbEntity
  8
0
100
AcDbFace
 10
0.8569329999999999
 20
-0.0194490000000004
 30
1.419810999999999
 11
0.8563769999999998
 21
-0.0218200000000003
 31
1.421361
 12
0.8579839999999997
 22
-0.0194490000000004
 32
1.421891999999999
 13
0.8579839999999997
 23
-0.0194490000000004
 33
1.421891999999999
  0
3DFACE
  5
41A
330
2
100
AcDbEntity
  8
0
100
AcDbFace
 10
0.8579839999999997
 20
-0.0194490000000004
 30
1.421891999999999
 11
0.8563769999999998
 21
-0.0218200000000003
 31
1.421361
 12
0.8577879999999995
 22
-0.0218200000000003
 32
1.423060999999995
 13
0.8577879999999995
 23
-0.0218200000000003
 33
1.423060999999995
  0
3DFACE
  5
41B
330
2
100
AcDbEntity
  8
0
100
AcDbFace
 10
0.8579839999999997
 20
-0.0194490000000004
 30
1.421891999999999
 11
0.8577879999999995
 21
-0.0218200000000003
 31
1.423060999999995
 12
0.859111
 22
-0.0199670000000003
 32
1.423160999999999
 13
0.859111
 23
-0.0199670000000003
 33
1.423160999999999
  0
3DFACE
  5
41C
330
2
100
AcDbEntity
  8
0
100
AcDbFace
 10
0.859111
 20
-0.0199670000000003
 30
1.423160999999999
 11
0.8577879999999995
 21
-0.0218200000000003
 31
1.423060999999995
 12
0.8601289999999998
 22
-0.0211730000000004
 32
1.423942
 13
0.8601289999999998
 23
-0.0211730000000004
 33
1.423942
  0
3DFACE
  5
41D
330
2
100
AcDbEntity
  8
0
100
AcDbFace
 10
0.859111
 20
-0.0199670000000003
 30
1.423160999999999
 11
0.8601289999999998
 21
-0.0211730000000004
 31
1.423942
 12
0.8613149999999997
 22
-0.0199670000000003
 32
1.423451
 13
0.8613149999999997
 23
-0.0199670000000003
 33
1.423451
  0
3DFACE
  5
41E
330
2
100
AcDbEntity
  8
0
100
AcDbFace
 10
0.8613149999999997
 20
-0.0199670000000003
 30
1.423451
 11
0.8601289999999998
 21
-0.0211730000000004
 31
1.423942
 12
0.8620039999999995
 22
-0.0211730000000004
 32
1.423859999999999
 13
0.8620039999999995
 23
-0.0211730000000004
 33
1.423859999999999
  0
3DFACE
  5
41F
330
2
100
AcDbEntity
  8
0
100
AcDbFace
 10
0.8613149999999997
 20
-0.0199670000000003
 30
1.423451
 11
0.8620039999999995
 21
-0.0211730000000004
 31
1.423859999999999
 12
0.863241
 22
-0.0204400000000003
 32
1.422862999999999
 13
0.863241
 23
-0.0204400000000003
 33
1.422862999999999
  0
3DFACE
  5
420
330
2
100
AcDbEntity
  8
0
100
AcDbFace
 10
0.863241
 20
-0.0204400000000003
 30
1.422862999999999
 11
0.8639709999999997
 21
-0.0218200000000003
 31
1.422868999999999
 12
0.865178
 22
-0.0211730000000004
 32
1.421027999999999
 13
0.865178
 23
-0.0211730000000004
 33
1.421027999999999
  0
3DFACE
  5
421
330
2
100
AcDbEntity
  8
0
100
AcDbFace
 10
0.863241
 20
-0.0204400000000003
 30
1.422862999999999
 11
0.865178
 21
-0.0211730000000004
 31
1.421027999999999
 12
0.8652969999999998
 22
-0.0205700000000003
 32
1.419475
 13
0.8652969999999998
 23
-0.0205700000000003
 33
1.419475
  0
3DFACE
  5
422
330
2
100
AcDbEntity
  8
0
100
AcDbFace
 10
0.8579839999999997
 20
-0.0194490000000004
 30
1.421891999999999
 11
0.859111
 21
-0.0199670000000003
 31
1.423160999999999
 12
0.8600509999999998
 22
-0.0185340000000004
 32
1.422077999999999
 13
0.8600509999999998
 23
-0.0185340000000004
 33
1.422077999999999
  0
3DFACE
  5
423
330
2
100
AcDbEntity
  8
0
100
AcDbFace
 10
0.8600509999999998
 20
-0.0185340000000004
 30
1.422077999999999
 11
0.859111
 21
-0.0199670000000003
 31
1.423160999999999
 12
0.8613149999999997
 22
-0.0199670000000003
 32
1.423451
 13
0.8613149999999997
 23
-0.0199670000000003
 33
1.423451
  0
3DFACE
  5
424
330
2
100
AcDbEntity
  8
0
100
AcDbFace
 10
0.8600509999999998
 20
-0.0185340000000004
 30
1.422077999999999
 11
0.8613149999999997
 21
-0.0199670000000003
 31
1.423451
 12
0.8618179999999997
 22
-0.0185340000000004
 32
1.421969999999999
 13
0.8618179999999997
 23
-0.0185340000000004
 33
1.421969999999999
  0
3DFACE
  5
425
330
2
100
AcDbEntity
  8
0
100
AcDbFace
 10
0.8618179999999997
 20
-0.0185340000000004
 30
1.421969999999999
 11
0.8613149999999997
 21
-0.0199670000000003
 31
1.423451
 12
0.863241
 22
-0.0204400000000003
 32
1.422862999999999
 13
0.863241
 23
-0.0204400000000003
 33
1.422862999999999
  0
3DFACE
  5
426
330
2
100
AcDbEntity
  8
0
100
AcDbFace
 10
0.8641409999999998
 20
-0.0189310000000003
 30
1.419866
 11
0.863241
 21
-0.0204400000000003
 31
1.422862999999999
 12
0.8652969999999998
 22
-0.0205700000000003
 32
1.419475
 13
0.8652969999999998
 23
-0.0205700000000003
 33
1.419475
  0
3DFACE
  5
427
330
2
100
AcDbEntity
  8
0
100
AcDbFace
 10
0.8585419999999999
 20
-0.0181370000000003
 30
1.420110999999999
 11
0.8569329999999999
 21
-0.0194490000000004
 31
1.419810999999999
 12
0.8579839999999997
 22
-0.0194490000000004
 32
1.421891999999999
 13
0.8579839999999997
 23
-0.0194490000000004
 33
1.421891999999999
  0
3DFACE
  5
428
330
2
100
AcDbEntity
  8
0
100
AcDbFace
 10
0.8585419999999999
 20
-0.0181370000000003
 30
1.420110999999999
 11
0.8579839999999997
 21
-0.0194490000000004
 31
1.421891999999999
 12
0.8600509999999998
 22
-0.0185340000000004
 32
1.422077999999999
 13
0.8600509999999998
 23
-0.0185340000000004
 33
1.422077999999999
  0
3DFACE
  5
429
330
2
100
AcDbEntity
  8
0
100
AcDbFace
 10
0.8624329999999995
 20
-0.0178870000000003
 30
1.419889999999999
 11
0.8618179999999997
 21
-0.0185340000000004
 31
1.421969999999999
 12
0.863241
 22
-0.0204400000000003
 32
1.422862999999999
 13
0.863241
 23
-0.0204400000000003
 33
1.422862999999999
  0
3DFACE
  5
42A
330
2
100
AcDbEntity
  8
0
100
AcDbFace
 10
0.8624329999999995
 20
-0.0178870000000003
 30
1.419889999999999
 11
0.863241
 21
-0.0204400000000003
 31
1.422862999999999
 12
0.8641409999999998
 22
-0.0189310000000003
 32
1.419866
 13
0.8641409999999998
 23
-0.0189310000000003
 33
1.419866
  0
3DFACE
  5
42B
330
2
100
AcDbEntity
  8
0
100
AcDbFace
 10
0.8605719999999998
 20
-0.0175950000000003
 30
1.419948999999999
 11
0.8585419999999999
 21
-0.0181370000000003
 31
1.420110999999999
 12
0.8600509999999998
 22
-0.0185340000000004
 32
1.422077999999999
 13
0.8600509999999998
 23
-0.0185340000000004
 33
1.422077999999999
  0
3DFACE
  5
42C
330
2
100
AcDbEntity
  8
0
100
AcDbFace
 10
0.8605719999999998
 20
-0.0175950000000003
 30
1.419948999999999
 11
0.8600509999999998
 21
-0.0185340000000004
 31
1.422077999999999
 12
0.8618179999999997
 22
-0.0185340000000004
 32
1.421969999999999
 13
0.8618179999999997
 23
-0.0185340000000004
 33
1.421969999999999
  0
3DFACE
  5
42D
330
2
100
AcDbEntity
  8
0
100
AcDbFace
 10
0.8624329999999995
 20
-0.0178870000000003
 30
1.419889999999999
 11
0.8605719999999998
 21
-0.0175950000000003
 31
1.419948999999999
 12
0.8618179999999997
 22
-0.0185340000000004
 32
1.421969999999999
 13
0.8618179999999997
 23
-0.0185340000000004
 33
1.421969999999999
  0
3DFACE
  5
42E
330
2
100
AcDbEntity
  8
0
100
AcDbFace
 10
0.8658829999999998
 20
-0.0218200000000003
 30
1.263229999999998
 11
0.8652969999999998
 21
-0.0205700000000003
 31
1.419475
 12
0.8656270000000001
 22
-0.0231140000000004
 32
1.419519
 13
0.8656270000000001
 23
-0.0231140000000004
 33
1.419519
  0
3DFACE
  5
42F
330
2
100
AcDbEntity
  8
0
100
AcDbFace
 10
0.8658829999999998
 20
-0.0218200000000003
 30
1.263229999999998
 11
0.8656270000000001
 21
-0.0231140000000004
 31
1.419519
 12
0.8655169999999998
 22
-0.0243430000000004
 32
1.263198
 13
0.8655169999999998
 23
-0.0243430000000004
 33
1.263198
  0
3DFACE
  5
430
330
2
100
AcDbEntity
  8
0
100
AcDbFace
 10
0.8655169999999998
 20
-0.0243430000000004
 30
1.263198
 11
0.8656270000000001
 21
-0.0231140000000004
 31
1.419519
 12
0.8646499999999996
 22
-0.0254850000000003
 32
1.419475
 13
0.8646499999999996
 23
-0.0254850000000003
 33
1.419475
  0
3DFACE
  5
431
330
2
100
AcDbEntity
  8
0
100
AcDbFace
 10
0.8655169999999998
 20
-0.0243430000000004
 30
1.263198
 11
0.8646499999999996
 21
-0.0254850000000003
 31
1.419475
 12
0.8627889999999997
 22
-0.0270470000000004
 32
1.263147
 13
0.8627889999999997
 23
-0.0270470000000004
 33
1.263147
  0
3DFACE
  5
432
330
2
100
AcDbEntity
  8
0
100
AcDbFace
 10
0.8627889999999997
 20
-0.0270470000000004
 30
1.263147
 11
0.8646499999999996
 21
-0.0254850000000003
 31
1.419475
 12
0.863479
 22
-0.0264000000000003
 32
1.420323999999999
 13
0.863479
 23
-0.0264000000000003
 33
1.420323999999999
  0
3DFACE
  5
433
330
2
100
AcDbEntity
  8
0
100
AcDbFace
 10
0.8627889999999997
 20
-0.0270470000000004
 30
1.263147
 11
0.863479
 21
-0.0264000000000003
 31
1.420323999999999
 12
0.8614079999999997
 22
-0.0272960000000003
 32
1.420046999999999
 13
0.8614079999999997
 23
-0.0272960000000003
 33
1.420046999999999
  0
3DFACE
  5
434
330
2
100
AcDbEntity
  8
0
100
AcDbFace
 10
0.8627889999999997
 20
-0.0270470000000004
 30
1.263147
 11
0.8614079999999997
 21
-0.0272960000000003
 31
1.420046999999999
 12
0.8598059999999998
 22
-0.0272570000000004
 32
1.264194999999997
 13
0.8598059999999998
 23
-0.0272570000000004
 33
1.264194999999997
  0
3DFACE
  5
435
330
2
100
AcDbEntity
  8
0
100
AcDbFace
 10
0.8598059999999998
 20
-0.0272570000000004
 30
1.264194999999997
 11
0.8614079999999997
 21
-0.0272960000000003
 31
1.420046999999999
 12
0.860228
 22
-0.0273820000000003
 32
1.419475
 13
0.860228
 23
-0.0273820000000003
 33
1.419475
  0
3DFACE
  5
436
330
2
100
AcDbEntity
  8
0
100
AcDbFace
 10
0.8598059999999998
 20
-0.0272570000000004
 30
1.264194999999997
 11
0.860228
 21
-0.0273820000000003
 31
1.419475
 12
0.8580289999999997
 22
-0.0264000000000003
 32
1.420323999999999
 13
0.8580289999999997
 23
-0.0264000000000003
 33
1.420323999999999
  0
3DFACE
  5
437
330
2
100
AcDbEntity
  8
0
100
AcDbFace
 10
0.8598059999999998
 20
-0.0272570000000004
 30
1.264194999999997
 11
0.8580289999999997
 21
-0.0264000000000003
 31
1.420323999999999
 12
0.8566970000000001
 22
-0.0251830000000003
 32
1.264194999999997
 13
0.8566970000000001
 23
-0.0251830000000003
 33
1.264194999999997
  0
3DFACE
  5
438
330
2
100
AcDbEntity
  8
0
100
AcDbFace
 10
0.8566970000000001
 20
-0.0251830000000003
 30
1.264194999999997
 11
0.8580289999999997
 21
-0.0264000000000003
 31
1.420323999999999
 12
0.8568579999999997
 22
-0.0254850000000003
 32
1.419475
 13
0.8568579999999997
 23
-0.0254850000000003
 33
1.419475
  0
3DFACE
  5
439
330
2
100
AcDbEntity
  8
0
100
AcDbFace
 10
0.8566970000000001
 20
-0.0251830000000003
 30
1.264194999999997
 11
0.8568579999999997
 21
-0.0254850000000003
 31
1.419475
 12
0.8561280000000001
 22
-0.0237610000000003
 32
1.420110999999999
 13
0.8561280000000001
 23
-0.0237610000000003
 33
1.420110999999999
  0
3DFACE
  5
43A
330
2
100
AcDbEntity
  8
0
100
AcDbFace
 10
0.8566970000000001
 20
-0.0251830000000003
 30
1.264194999999997
 11
0.8561280000000001
 21
-0.0237610000000003
 31
1.420110999999999
 12
0.8558389999999997
 22
-0.0218200000000003
 32
1.264194999999997
 13
0.8558389999999997
 23
-0.0218200000000003
 33
1.264194999999997
  0
3DFACE
  5
43B
330
2
100
AcDbEntity
  8
0
100
AcDbFace
 10
0.8558389999999997
 20
-0.0218200000000003
 30
1.264194999999997
 11
0.8561280000000001
 21
-0.0237610000000003
 31
1.420110999999999
 12
0.8558819999999997
 22
-0.0218200000000003
 32
1.419519
 13
0.8558819999999997
 23
-0.0218200000000003
 33
1.419519
  0
3DFACE
  5
43C
330
2
100
AcDbEntity
  8
0
100
AcDbFace
 10
0.8558389999999997
 20
-0.0218200000000003
 30
1.264194999999997
 11
0.8558819999999997
 21
-0.0218200000000003
 31
1.419519
 12
0.8568209999999998
 22
-0.0194490000000004
 32
1.264194999999997
 13
0.8568209999999998
 23
-0.0194490000000004
 33
1.264194999999997
  0
3DFACE
  5
43D
330
2
100
AcDbEntity
  8
0
100
AcDbFace
 10
0.8568209999999998
 20
-0.0194490000000004
 30
1.264194999999997
 11
0.8558819999999997
 21
-0.0218200000000003
 31
1.419519
 12
0.8569329999999999
 22
-0.0194490000000004
 32
1.419810999999999
 13
0.8569329999999999
 23
-0.0194490000000004
 33
1.419810999999999
  0
3DFACE
  5
43E
330
2
100
AcDbEntity
  8
0
100
AcDbFace
 10
0.8568209999999998
 20
-0.0194490000000004
 30
1.264194999999997
 11
0.8569329999999999
 21
-0.0194490000000004
 31
1.419810999999999
 12
0.8588569999999997
 22
-0.0178870000000003
 32
1.264194999999997
 13
0.8588569999999997
 23
-0.0178870000000003
 33
1.264194999999997
  0
3DFACE
  5
43F
330
2
100
AcDbEntity
  8
0
100
AcDbFace
 10
0.8588569999999997
 20
-0.0178870000000003
 30
1.264194999999997
 11
0.8569329999999999
 21
-0.0194490000000004
 31
1.419810999999999
 12
0.8585419999999999
 22
-0.0181370000000003
 32
1.420110999999999
 13
0.8585419999999999
 23
-0.0181370000000003
 33
1.420110999999999
  0
3DFACE
  5
440
330
2
100
AcDbEntity
  8
0
100
AcDbFace
 10
0.8588569999999997
 20
-0.0178870000000003
 30
1.264194999999997
 11
0.8585419999999999
 21
-0.0181370000000003
 31
1.420110999999999
 12
0.8605719999999998
 22
-0.0175950000000003
 32
1.419948999999999
 13
0.8605719999999998
 23
-0.0175950000000003
 33
1.419948999999999
  0
3DFACE
  5
441
330
2
100
AcDbEntity
  8
0
100
AcDbFace
 10
0.8588569999999997
 20
-0.0178870000000003
 30
1.264194999999997
 11
0.8605719999999998
 21
-0.0175950000000003
 31
1.419948999999999
 12
0.8617029999999996
 22
-0.0176770000000004
 32
1.264194999999997
 13
0.8617029999999996
 23
-0.0176770000000004
 33
1.264194999999997
  0
3DFACE
  5
442
330
2
100
AcDbEntity
  8
0
100
AcDbFace
 10
0.8617029999999996
 20
-0.0176770000000004
 30
1.264194999999997
 11
0.8605719999999998
 21
-0.0175950000000003
 31
1.419948999999999
 12
0.8624329999999995
 22
-0.0178870000000003
 32
1.419889999999999
 13
0.8624329999999995
 23
-0.0178870000000003
 33
1.419889999999999
  0
3DFACE
  5
443
330
2
100
AcDbEntity
  8
0
100
AcDbFace
 10
0.8617029999999996
 20
-0.0176770000000004
 30
1.264194999999997
 11
0.8624329999999995
 21
-0.0178870000000003
 31
1.419889999999999
 12
0.8649419999999995
 22
-0.0194490000000004
 32
1.263044
 13
0.8649419999999995
 23
-0.0194490000000004
 33
1.263044
  0
3DFACE
  5
444
330
2
100
AcDbEntity
  8
0
100
AcDbFace
 10
0.8649419999999995
 20
-0.0194490000000004
 30
1.263044
 11
0.8624329999999995
 21
-0.0178870000000003
 31
1.419889999999999
 12
0.8641409999999998
 22
-0.0189310000000003
 32
1.419866
 13
0.8641409999999998
 23
-0.0189310000000003
 33
1.419866
  0
3DFACE
  5
445
330
2
100
AcDbEntity
  8
0
100
AcDbFace
 10
0.8649419999999995
 20
-0.0194490000000004
 30
1.263044
 11
0.8641409999999998
 21
-0.0189310000000003
 31
1.419866
 12
0.8652969999999998
 22
-0.0205700000000003
 32
1.419475
 13
0.8652969999999998
 23
-0.0205700000000003
 33
1.419475
  0
3DFACE
  5
446
330
2
100
AcDbEntity
  8
0
100
AcDbFace
 10
0.8649419999999995
 20
-0.0194490000000004
 30
1.263044
 11
0.8652969999999998
 21
-0.0205700000000003
 31
1.419475
 12
0.8658829999999998
 22
-0.0218200000000003
 32
1.263229999999998
 13
0.8658829999999998
 23
-0.0218200000000003
 33
1.263229999999998
  0
3DFACE
  5
447
330
2
100
AcDbEntity
  8
0
100
AcDbFace
 10
0.8704039999999999
 20
-0.0247730000000003
 30
1.258559999999999
 11
0.8677030000000002
 21
-0.0262700000000003
 31
1.258072999999997
 12
0.8697059999999996
 22
-0.0270470000000004
 32
1.256229999999997
 13
0.8697059999999996
 23
-0.0270470000000004
 33
1.256229999999997
  0
3DFACE
  5
448
330
2
100
AcDbEntity
  8
0
100
AcDbFace
 10
0.8697059999999996
 20
-0.0270470000000004
 30
1.256229999999997
 11
0.8679989999999998
 21
-0.0273820000000003
 31
1.253910999999997
 12
0.8707539999999998
 22
-0.0270890000000003
 32
1.252621999999999
 13
0.8707539999999998
 23
-0.0270890000000003
 33
1.252621999999999
  0
3DFACE
  5
449
330
2
100
AcDbEntity
  8
0
100
AcDbFace
 10
0.8707539999999998
 20
-0.0270890000000003
 30
1.252621999999999
 11
0.8679989999999998
 21
-0.0273820000000003
 31
1.253910999999997
 12
0.8673849999999998
 22
-0.0264000000000003
 32
1.251620999999998
 13
0.8673849999999998
 23
-0.0264000000000003
 33
1.251620999999998
  0
3DFACE
  5
44A
330
2
100
AcDbEntity
  8
0
100
AcDbFace
 10
0.8707539999999998
 20
-0.0270890000000003
 30
1.252621999999999
 11
0.8673849999999998
 21
-0.0264000000000003
 31
1.251620999999998
 12
0.8707539999999998
 22
-0.0254850000000003
 32
1.250261999999997
 13
0.8707539999999998
 23
-0.0254850000000003
 33
1.250261999999997
  0
3DFACE
  5
44B
330
2
100
AcDbEntity
  8
0
100
AcDbFace
 10
0.8707539999999998
 20
-0.0254850000000003
 30
1.250261999999997
 11
0.8673849999999998
 21
-0.0264000000000003
 31
1.251620999999998
 12
0.8669809999999998
 22
-0.0243640000000004
 32
1.250111999999999
 13
0.8669809999999998
 23
-0.0243640000000004
 33
1.250111999999999
  0
3DFACE
  5
44C
330
2
100
AcDbEntity
  8
0
100
AcDbFace
 10
0.8707539999999998
 20
-0.0254850000000003
 30
1.250261999999997
 11
0.8669809999999998
 21
-0.0243640000000004
 31
1.250111999999999
 12
0.8707539999999998
 22
-0.0237610000000003
 32
1.249365999999997
 13
0.8707539999999998
 23
-0.0237610000000003
 33
1.249365999999997
  0
3DFACE
  5
44D
330
2
100
AcDbEntity
  8
0
100
AcDbFace
 10
0.8707539999999998
 20
-0.0237610000000003
 30
1.249365999999997
 11
0.8669809999999998
 21
-0.0243640000000004
 31
1.250111999999999
 12
0.8669699999999998
 22
-0.0208930000000004
 32
1.250070999999999
 13
0.8669699999999998
 23
-0.0208930000000004
 33
1.250070999999999
  0
3DFACE
  5
44E
330
2
100
AcDbEntity
  8
0
100
AcDbFace
 10
0.8707539999999998
 20
-0.0237610000000003
 30
1.249365999999997
 11
0.8669699999999998
 21
-0.0208930000000004
 31
1.250070999999999
 12
0.8707539999999998
 22
-0.0218200000000003
 32
1.249279999999999
 13
0.8707539999999998
 23
-0.0218200000000003
 33
1.249279999999999
  0
3DFACE
  5
44F
330
2
100
AcDbEntity
  8
0
100
AcDbFace
 10
0.8707539999999998
 20
-0.0218200000000003
 30
1.249279999999999
 11
0.8669699999999998
 21
-0.0208930000000004
 31
1.250070999999999
 12
0.8707539999999998
 22
-0.0187930000000003
 32
1.250979
 13
0.8707539999999998
 23
-0.0187930000000003
 33
1.250979
  0
3DFACE
  5
450
330
2
100
AcDbEntity
  8
0
100
AcDbFace
 10
0.8707539999999998
 20
-0.0187930000000003
 30
1.250979
 11
0.8669699999999998
 21
-0.0208930000000004
 31
1.250070999999999
 12
0.8673849999999998
 22
-0.0185340000000004
 32
1.251620999999998
 13
0.8673849999999998
 23
-0.0185340000000004
 33
1.251620999999998
  0
3DFACE
  5
451
330
2
100
AcDbEntity
  8
0
100
AcDbFace
 10
0.8707539999999998
 20
-0.0187930000000003
 30
1.250979
 11
0.8673849999999998
 21
-0.0185340000000004
 31
1.251620999999998
 12
0.8693769999999997
 22
-0.0175520000000004
 32
1.253729
 13
0.8693769999999997
 23
-0.0175520000000004
 33
1.253729
  0
3DFACE
  5
452
330
2
100
AcDbEntity
  8
0
100
AcDbFace
 10
0.869918
 20
-0.0191900000000004
 30
1.258038999999999
 11
0.8680319999999998
 21
-0.0226290000000003
 31
1.259808999999997
 12
0.8701069999999997
 22
-0.0221430000000003
 32
1.259237999999998
 13
0.8701069999999997
 23
-0.0221430000000003
 33
1.259237999999998
  0
3DFACE
  5
453
330
2
100
AcDbEntity
  8
0
100
AcDbFace
 10
0.8649419999999995
 20
-0.0194490000000004
 30
1.263044
 11
0.8629269999999998
 21
-0.0178870000000003
 31
1.262097999999999
 12
0.8617029999999996
 22
-0.0176770000000004
 32
1.264194999999997
 13
0.8617029999999996
 23
-0.0176770000000004
 33
1.264194999999997
  0
3DFACE
  5
454
330
2
100
AcDbEntity
  8
0
100
AcDbFace
 10
0.8617029999999996
 20
-0.0176770000000004
 30
1.264194999999997
 11
0.8629269999999998
 21
-0.0178870000000003
 31
1.262097999999999
 12
0.8604699999999997
 22
-0.0175520000000004
 32
1.261438999999997
 13
0.8604699999999997
 23
-0.0175520000000004
 33
1.261438999999997
  0
3DFACE
  5
455
330
2
100
AcDbEntity
  8
0
100
AcDbFace
 10
0.8617029999999996
 20
-0.0176770000000004
 30
1.264194999999997
 11
0.8604699999999997
 21
-0.0175520000000004
 31
1.261438999999997
 12
0.8588569999999997
 22
-0.0178870000000003
 32
1.264194999999997
 13
0.8588569999999997
 23
-0.0178870000000003
 33
1.264194999999997
  0
3DFACE
  5
456
330
2
100
AcDbEntity
  8
0
100
AcDbFace
 10
0.8588569999999997
 20
-0.0178870000000003
 30
1.264194999999997
 11
0.8604699999999997
 21
-0.0175520000000004
 31
1.261438999999997
 12
0.8581799999999999
 22
-0.0185340000000004
 32
1.260826
 13
0.8581799999999999
 23
-0.0185340000000004
 33
1.260826
  0
3DFACE
  5
457
330
2
100
AcDbEntity
  8
0
100
AcDbFace
 10
0.8588569999999997
 20
-0.0178870000000003
 30
1.264194999999997
 11
0.8581799999999999
 21
-0.0185340000000004
 31
1.260826
 12
0.8568209999999998
 22
-0.0194490000000004
 32
1.264194999999997
 13
0.8568209999999998
 23
-0.0194490000000004
 33
1.264194999999997
  0
3DFACE
  5
458
330
2
100
AcDbEntity
  8
0
100
AcDbFace
 10
0.8568209999999998
 20
-0.0194490000000004
 30
1.264194999999997
 11
0.8581799999999999
 21
-0.0185340000000004
 31
1.260826
 12
0.8569130000000001
 22
-0.0199670000000003
 32
1.260485999999997
 13
0.8569130000000001
 23
-0.0199670000000003
 33
1.260485999999997
  0
3DFACE
  5
459
330
2
100
AcDbEntity
  8
0
100
AcDbFace
 10
0.8568209999999998
 20
-0.0194490000000004
 30
1.264194999999997
 11
0.8569130000000001
 21
-0.0199670000000003
 31
1.260485999999997
 12
0.8563479999999998
 22
-0.0218200000000003
 32
1.260334999999997
 13
0.8563479999999998
 23
-0.0218200000000003
 33
1.260334999999997
  0
3DFACE
  5
45A
330
2
100
AcDbEntity
  8
0
100
AcDbFace
 10
0.8568209999999998
 20
-0.0194490000000004
 30
1.264194999999997
 11
0.8563479999999998
 21
-0.0218200000000003
 31
1.260334999999997
 12
0.8558389999999997
 22
-0.0218200000000003
 32
1.264194999999997
 13
0.8558389999999997
 23
-0.0218200000000003
 33
1.264194999999997
  0
3DFACE
  5
45B
330
2
100
AcDbEntity
  8
0
100
AcDbFace
 10
0.8558389999999997
 20
-0.0218200000000003
 30
1.264194999999997
 11
0.8563479999999998
 21
-0.0218200000000003
 31
1.260334999999997
 12
0.8566709999999998
 22
-0.0243640000000004
 32
1.260421999999999
 13
0.8566709999999998
 23
-0.0243640000000004
 33
1.260421999999999
  0
3DFACE
  5
45C
330
2
100
AcDbEntity
  8
0
100
AcDbFace
 10
0.8558389999999997
 20
-0.0218200000000003
 30
1.264194999999997
 11
0.8566709999999998
 21
-0.0243640000000004
 31
1.260421999999999
 12
0.8566970000000001
 22
-0.0251830000000003
 32
1.264194999999997
 13
0.8566970000000001
 23
-0.0251830000000003
 33
1.264194999999997
  0
3DFACE
  5
45D
330
2
100
AcDbEntity
  8
0
100
AcDbFace
 10
0.8566970000000001
 20
-0.0251830000000003
 30
1.264194999999997
 11
0.8566709999999998
 21
-0.0243640000000004
 31
1.260421999999999
 12
0.8581799999999999
 22
-0.0264000000000003
 32
1.260826
 13
0.8581799999999999
 23
-0.0264000000000003
 33
1.260826
  0
3DFACE
  5
45E
330
2
100
AcDbEntity
  8
0
100
AcDbFace
 10
0.8566970000000001
 20
-0.0251830000000003
 30
1.264194999999997
 11
0.8581799999999999
 21
-0.0264000000000003
 31
1.260826
 12
0.8598059999999998
 22
-0.0272570000000004
 32
1.264194999999997
 13
0.8598059999999998
 23
-0.0272570000000004
 33
1.264194999999997
  0
3DFACE
  5
45F
330
2
100
AcDbEntity
  8
0
100
AcDbFace
 10
0.8598059999999998
 20
-0.0272570000000004
 30
1.264194999999997
 11
0.8581799999999999
 21
-0.0264000000000003
 31
1.260826
 12
0.8615619999999998
 22
-0.0273820000000003
 32
1.260478999999999
 13
0.8615619999999998
 23
-0.0273820000000003
 33
1.260478999999999
  0
3DFACE
  5
460
330
2
100
AcDbEntity
  8
0
100
AcDbFace
 10
0.8598059999999998
 20
-0.0272570000000004
 30
1.264194999999997
 11
0.8615619999999998
 21
-0.0273820000000003
 31
1.260478999999999
 12
0.8627889999999997
 22
-0.0270470000000004
 32
1.263147
 13
0.8627889999999997
 23
-0.0270470000000004
 33
1.263147
  0
3DFACE
  5
461
330
2
100
AcDbEntity
  8
0
100
AcDbFace
 10
0.8627889999999997
 20
-0.0270470000000004
 30
1.263147
 11
0.8646319999999997
 21
-0.0262700000000003
 31
1.261142999999999
 12
0.8655169999999998
 22
-0.0243430000000004
 32
1.263198
 13
0.8655169999999998
 23
-0.0243430000000004
 33
1.263198
  0
3DFACE
  5
462
330
2
100
AcDbEntity
  8
0
100
AcDbFace
 10
0.8680319999999998
 20
-0.0226290000000003
 30
1.259808999999997
 11
0.8655169999999998
 21
-0.0243430000000004
 31
1.263198
 12
0.8646319999999997
 22
-0.0262700000000003
 32
1.261142999999999
 13
0.8646319999999997
 23
-0.0262700000000003
 33
1.261142999999999
  0
3DFACE
  5
463
330
2
100
AcDbEntity
  8
0
100
AcDbFace
 10
0.8680319999999998
 20
-0.0226290000000003
 30
1.259808999999997
 11
0.8658829999999998
 21
-0.0218200000000003
 31
1.263229999999998
 12
0.8655169999999998
 22
-0.0243430000000004
 32
1.263198
 13
0.8655169999999998
 23
-0.0243430000000004
 33
1.263198
  0
3DFACE
  5
464
330
2
100
AcDbEntity
  8
0
100
AcDbFace
 10
0.8704039999999999
 20
-0.0247730000000003
 30
1.258559999999999
 11
0.8701069999999997
 21
-0.0221430000000003
 31
1.259237999999998
 12
0.8680319999999998
 22
-0.0226290000000003
 32
1.259808999999997
 13
0.8680319999999998
 23
-0.0226290000000003
 33
1.259808999999997
  0
3DFACE
  5
465
330
2
100
AcDbEntity
  8
0
100
AcDbFace
 10
0.8677030000000002
 20
-0.0262700000000003
 30
1.258072999999997
 11
0.8704039999999999
 21
-0.0247730000000003
 31
1.258559999999999
 12
0.8680319999999998
 22
-0.0226290000000003
 32
1.259808999999997
 13
0.8680319999999998
 23
-0.0226290000000003
 33
1.259808999999997
  0
3DFACE
  5
466
330
2
100
AcDbEntity
  8
0
100
AcDbFace
 10
0.865817
 20
-0.0264000000000003
 30
1.259257999999997
 11
0.8677030000000002
 21
-0.0262700000000003
 31
1.258072999999997
 12
0.8680319999999998
 22
-0.0226290000000003
 32
1.259808999999997
 13
0.8680319999999998
 23
-0.0226290000000003
 33
1.259808999999997
  0
3DFACE
  5
467
330
2
100
AcDbEntity
  8
0
100
AcDbFace
 10
0.865817
 20
-0.0264000000000003
 30
1.259257999999997
 11
0.8680319999999998
 21
-0.0226290000000003
 31
1.259808999999997
 12
0.8646319999999997
 22
-0.0262700000000003
 32
1.261142999999999
 13
0.8646319999999997
 23
-0.0262700000000003
 33
1.261142999999999
  0
3DFACE
  5
468
330
2
100
AcDbEntity
  8
0
100
AcDbFace
 10
0.8651089999999998
 20
-0.0273820000000003
 30
1.256837999999999
 11
0.8697059999999996
 21
-0.0270470000000004
 31
1.256229999999997
 12
0.8677030000000002
 22
-0.0262700000000003
 32
1.258072999999997
 13
0.8677030000000002
 23
-0.0262700000000003
 33
1.258072999999997
  0
3DFACE
  5
469
330
2
100
AcDbEntity
  8
0
100
AcDbFace
 10
0.8651089999999998
 20
-0.0273820000000003
 30
1.256837999999999
 11
0.8677030000000002
 21
-0.0262700000000003
 31
1.258072999999997
 12
0.865817
 22
-0.0264000000000003
 32
1.259257999999997
 13
0.865817
 23
-0.0264000000000003
 33
1.259257999999997
  0
3DFACE
  5
46A
330
2
100
AcDbEntity
  8
0
100
AcDbFace
 10
0.8651089999999998
 20
-0.0273820000000003
 30
1.256837999999999
 11
0.865817
 21
-0.0264000000000003
 31
1.259257999999997
 12
0.8615619999999998
 22
-0.0273820000000003
 32
1.260478999999999
 13
0.8615619999999998
 23
-0.0273820000000003
 33
1.260478999999999
  0
3DFACE
  5
46B
330
2
100
AcDbEntity
  8
0
100
AcDbFace
 10
0.8615619999999998
 20
-0.0273820000000003
 30
1.260478999999999
 11
0.865817
 21
-0.0264000000000003
 31
1.259257999999997
 12
0.8646319999999997
 22
-0.0262700000000003
 32
1.261142999999999
 13
0.8646319999999997
 23
-0.0262700000000003
 33
1.261142999999999
  0
3DFACE
  5
46C
330
2
100
AcDbEntity
  8
0
100
AcDbFace
 10
0.8615619999999998
 20
-0.0273820000000003
 30
1.260478999999999
 11
0.8646319999999997
 21
-0.0262700000000003
 31
1.261142999999999
 12
0.8627889999999997
 22
-0.0270470000000004
 32
1.263147
 13
0.8627889999999997
 23
-0.0270470000000004
 33
1.263147
  0
3DFACE
  5
46D
330
2
100
AcDbEntity
  8
0
100
AcDbFace
 10
0.8679989999999998
 20
-0.0273820000000003
 30
1.253910999999997
 11
0.8697059999999996
 21
-0.0270470000000004
 31
1.256229999999997
 12
0.8651089999999998
 22
-0.0273820000000003
 32
1.256837999999999
 13
0.8651089999999998
 23
-0.0273820000000003
 33
1.256837999999999
  0
3DFACE
  5
46E
330
2
100
AcDbEntity
  8
0
100
AcDbFace
 10
0.8643959999999998
 20
-0.0265250000000003
 30
1.253182
 11
0.8679989999999998
 21
-0.0273820000000003
 31
1.253910999999997
 12
0.8651089999999998
 22
-0.0273820000000003
 32
1.256837999999999
 13
0.8651089999999998
 23
-0.0273820000000003
 33
1.256837999999999
  0
3DFACE
  5
46F
330
2
100
AcDbEntity
  8
0
100
AcDbFace
 10
0.8643959999999998
 20
-0.0265250000000003
 30
1.253182
 11
0.8651089999999998
 21
-0.0273820000000003
 31
1.256837999999999
 12
0.8613969999999998
 22
-0.0270470000000004
 32
1.257014999999997
 13
0.8613969999999998
 23
-0.0270470000000004
 33
1.257014999999997
  0
3DFACE
  5
470
330
2
100
AcDbEntity
  8
0
100
AcDbFace
 10
0.8613969999999998
 20
-0.0270470000000004
 30
1.257014999999997
 11
0.8651089999999998
 21
-0.0273820000000003
 31
1.256837999999999
 12
0.8615619999999998
 22
-0.0273820000000003
 32
1.260478999999999
 13
0.8615619999999998
 23
-0.0273820000000003
 33
1.260478999999999
  0
3DFACE
  5
471
330
2
100
AcDbEntity
  8
0
100
AcDbFace
 10
0.8673849999999998
 20
-0.0264000000000003
 30
1.251620999999998
 11
0.8679989999999998
 21
-0.0273820000000003
 31
1.253910999999997
 12
0.8643959999999998
 22
-0.0265250000000003
 32
1.253182
 13
0.8643959999999998
 23
-0.0265250000000003
 33
1.253182
  0
3DFACE
  5
472
330
2
100
AcDbEntity
  8
0
100
AcDbFace
 10
0.8581799999999999
 20
-0.0264000000000003
 30
1.260826
 11
0.8613969999999998
 21
-0.0270470000000004
 31
1.257014999999997
 12
0.8615619999999998
 22
-0.0273820000000003
 32
1.260478999999999
 13
0.8615619999999998
 23
-0.0273820000000003
 33
1.260478999999999
  0
3DFACE
  5
473
330
2
100
AcDbEntity
  8
0
100
AcDbFace
 10
0.8611830000000001
 20
-0.0260020000000004
 30
1.254623999999997
 11
0.8643959999999998
 21
-0.0265250000000003
 31
1.253182
 12
0.8613969999999998
 22
-0.0270470000000004
 32
1.257014999999997
 13
0.8613969999999998
 23
-0.0270470000000004
 33
1.257014999999997
  0
3DFACE
  5
474
330
2
100
AcDbEntity
  8
0
100
AcDbFace
 10
0.8611830000000001
 20
-0.0260020000000004
 30
1.254623999999997
 11
0.8613969999999998
 21
-0.0270470000000004
 31
1.257014999999997
 12
0.8582999999999998
 22
-0.0246230000000003
 32
1.257004
 13
0.8582999999999998
 23
-0.0246230000000003
 33
1.257004
  0
3DFACE
  5
475
330
2
100
AcDbEntity
  8
0
100
AcDbFace
 10
0.8582999999999998
 20
-0.0246230000000003
 30
1.257004
 11
0.8613969999999998
 21
-0.0270470000000004
 31
1.257014999999997
 12
0.8581799999999999
 22
-0.0264000000000003
 32
1.260826
 13
0.8581799999999999
 23
-0.0264000000000003
 33
1.260826
  0
3DFACE
  5
476
330
2
100
AcDbEntity
  8
0
100
AcDbFace
 10
0.8669809999999998
 20
-0.0243640000000004
 30
1.250111999999999
 11
0.8673849999999998
 21
-0.0264000000000003
 31
1.251620999999998
 12
0.8633589999999998
 22
-0.0234150000000003
 32
1.251387
 13
0.8633589999999998
 23
-0.0234150000000003
 33
1.251387
  0
3DFACE
  5
477
330
2
100
AcDbEntity
  8
0
100
AcDbFace
 10
0.8633589999999998
 20
-0.0234150000000003
 30
1.251387
 11
0.8673849999999998
 21
-0.0264000000000003
 31
1.251620999999998
 12
0.8643959999999998
 22
-0.0265250000000003
 32
1.253182
 13
0.8643959999999998
 23
-0.0265250000000003
 33
1.253182
  0
3DFACE
  5
478
330
2
100
AcDbEntity
  8
0
100
AcDbFace
 10
0.8633589999999998
 20
-0.0234150000000003
 30
1.251387
 11
0.8643959999999998
 21
-0.0265250000000003
 31
1.253182
 12
0.8604449999999998
 22
-0.0243640000000004
 32
1.253886
 13
0.8604449999999998
 23
-0.0243640000000004
 33
1.253886
  0
3DFACE
  5
479
330
2
100
AcDbEntity
  8
0
100
AcDbFace
 10
0.8604449999999998
 20
-0.0243640000000004
 30
1.253886
 11
0.8643959999999998
 21
-0.0265250000000003
 31
1.253182
 12
0.8611830000000001
 22
-0.0260020000000004
 32
1.254623999999997
 13
0.8611830000000001
 23
-0.0260020000000004
 33
1.254623999999997
  0
3DFACE
  5
47A
330
2
100
AcDbEntity
  8
0
100
AcDbFace
 10
0.8604449999999998
 20
-0.0243640000000004
 30
1.253886
 11
0.8611830000000001
 21
-0.0260020000000004
 31
1.254623999999997
 12
0.8582999999999998
 22
-0.0246230000000003
 32
1.257004
 13
0.8582999999999998
 23
-0.0246230000000003
 33
1.257004
  0
3DFACE
  5
47B
330
2
100
AcDbEntity
  8
0
100
AcDbFace
 10
0.8566709999999998
 20
-0.0243640000000004
 30
1.260421999999999
 11
0.8582999999999998
 21
-0.0246230000000003
 31
1.257004
 12
0.8581799999999999
 22
-0.0264000000000003
 32
1.260826
 13
0.8581799999999999
 23
-0.0264000000000003
 33
1.260826
  0
3DFACE
  5
47C
330
2
100
AcDbEntity
  8
0
100
AcDbFace
 10
0.8669699999999998
 20
-0.0208930000000004
 30
1.250070999999999
 11
0.8669809999999998
 21
-0.0243640000000004
 31
1.250111999999999
 12
0.8633589999999998
 22
-0.0234150000000003
 32
1.251387
 13
0.8633589999999998
 23
-0.0234150000000003
 33
1.251387
  0
3DFACE
  5
47D
330
2
100
AcDbEntity
  8
0
100
AcDbFace
 10
0.8602079999999997
 20
-0.0218200000000003
 30
1.253649
 11
0.8633589999999998
 21
-0.0234150000000003
 31
1.251387
 12
0.8604449999999998
 22
-0.0243640000000004
 32
1.253886
 13
0.8604449999999998
 23
-0.0243640000000004
 33
1.253886
  0
3DFACE
  5
47E
330
2
100
AcDbEntity
  8
0
100
AcDbFace
 10
0.8602079999999997
 20
-0.0218200000000003
 30
1.253649
 11
0.8604449999999998
 21
-0.0243640000000004
 31
1.253886
 12
0.8578379999999995
 22
-0.0218200000000003
 32
1.256737999999999
 13
0.8578379999999995
 23
-0.0218200000000003
 33
1.256737999999999
  0
3DFACE
  5
47F
330
2
100
AcDbEntity
  8
0
100
AcDbFace
 10
0.8578379999999995
 20
-0.0218200000000003
 30
1.256737999999999
 11
0.8604449999999998
 21
-0.0243640000000004
 31
1.253886
 12
0.8582999999999998
 22
-0.0246230000000003
 32
1.257004
 13
0.8582999999999998
 23
-0.0246230000000003
 33
1.257004
  0
3DFACE
  5
480
330
2
100
AcDbEntity
  8
0
100
AcDbFace
 10
0.8578379999999995
 20
-0.0218200000000003
 30
1.256737999999999
 11
0.8582999999999998
 21
-0.0246230000000003
 31
1.257004
 12
0.8563479999999998
 22
-0.0218200000000003
 32
1.260334999999997
 13
0.8563479999999998
 23
-0.0218200000000003
 33
1.260334999999997
  0
3DFACE
  5
481
330
2
100
AcDbEntity
  8
0
100
AcDbFace
 10
0.8563479999999998
 20
-0.0218200000000003
 30
1.260334999999997
 11
0.8582999999999998
 21
-0.0246230000000003
 31
1.257004
 12
0.8566709999999998
 22
-0.0243640000000004
 32
1.260421999999999
 13
0.8566709999999998
 23
-0.0243640000000004
 33
1.260421999999999
  0
3DFACE
  5
482
330
2
100
AcDbEntity
  8
0
100
AcDbFace
 10
0.8637259999999995
 20
-0.0197510000000003
 30
1.252020999999998
 11
0.8669699999999998
 21
-0.0208930000000004
 31
1.250070999999999
 12
0.8633589999999998
 22
-0.0234150000000003
 32
1.251387
 13
0.8633589999999998
 23
-0.0234150000000003
 33
1.251387
  0
3DFACE
  5
483
330
2
100
AcDbEntity
  8
0
100
AcDbFace
 10
0.8637259999999995
 20
-0.0197510000000003
 30
1.252020999999998
 11
0.8633589999999998
 21
-0.0234150000000003
 31
1.251387
 12
0.8602079999999997
 22
-0.0218200000000003
 32
1.253649
 13
0.8602079999999997
 23
-0.0218200000000003
 33
1.253649
  0
3DFACE
  5
484
330
2
100
AcDbEntity
  8
0
100
AcDbFace
 10
0.8609019999999997
 20
-0.0194490000000004
 30
1.254342999999997
 11
0.8637259999999995
 21
-0.0197510000000003
 31
1.252020999999998
 12
0.8602079999999997
 22
-0.0218200000000003
 32
1.253649
 13
0.8602079999999997
 23
-0.0218200000000003
 33
1.253649
  0
3DFACE
  5
485
330
2
100
AcDbEntity
  8
0
100
AcDbFace
 10
0.8609019999999997
 20
-0.0194490000000004
 30
1.254342999999997
 11
0.8602079999999997
 21
-0.0218200000000003
 31
1.253649
 12
0.8586879999999997
 22
-0.0194490000000004
 32
1.257228999999999
 13
0.8586879999999997
 23
-0.0194490000000004
 33
1.257228999999999
  0
3DFACE
  5
486
330
2
100
AcDbEntity
  8
0
100
AcDbFace
 10
0.8586879999999997
 20
-0.0194490000000004
 30
1.257228999999999
 11
0.8602079999999997
 21
-0.0218200000000003
 31
1.253649
 12
0.8578379999999995
 22
-0.0218200000000003
 32
1.256737999999999
 13
0.8578379999999995
 23
-0.0218200000000003
 33
1.256737999999999
  0
3DFACE
  5
487
330
2
100
AcDbEntity
  8
0
100
AcDbFace
 10
0.8586879999999997
 20
-0.0194490000000004
 30
1.257228999999999
 11
0.8578379999999995
 21
-0.0218200000000003
 31
1.256737999999999
 12
0.8569130000000001
 22
-0.0199670000000003
 32
1.260485999999997
 13
0.8569130000000001
 23
-0.0199670000000003
 33
1.260485999999997
  0
3DFACE
  5
488
330
2
100
AcDbEntity
  8
0
100
AcDbFace
 10
0.8569130000000001
 20
-0.0199670000000003
 30
1.260485999999997
 11
0.8578379999999995
 21
-0.0218200000000003
 31
1.256737999999999
 12
0.8563479999999998
 22
-0.0218200000000003
 32
1.260334999999997
 13
0.8563479999999998
 23
-0.0218200000000003
 33
1.260334999999997
  0
3DFACE
  5
489
330
2
100
AcDbEntity
  8
0
100
AcDbFace
 10
0.8673849999999998
 20
-0.0185340000000004
 30
1.251620999999998
 11
0.8669699999999998
 21
-0.0208930000000004
 31
1.250070999999999
 12
0.8637259999999995
 22
-0.0197510000000003
 32
1.252020999999998
 13
0.8637259999999995
 23
-0.0197510000000003
 33
1.252020999999998
  0
3DFACE
  5
48A
330
2
100
AcDbEntity
  8
0
100
AcDbFace
 10
0.8581799999999999
 20
-0.0185340000000004
 30
1.260826
 11
0.8586879999999997
 21
-0.0194490000000004
 31
1.257228999999999
 12
0.8569130000000001
 22
-0.0199670000000003
 32
1.260485999999997
 13
0.8569130000000001
 23
-0.0199670000000003
 33
1.260485999999997
  0
3DFACE
  5
48B
330
2
100
AcDbEntity
  8
0
100
AcDbFace
 10
0.8648059999999997
 20
-0.0178870000000003
 30
1.253892
 11
0.8673849999999998
 21
-0.0185340000000004
 31
1.251620999999998
 12
0.8637259999999995
 22
-0.0197510000000003
 32
1.252020999999998
 13
0.8637259999999995
 23
-0.0197510000000003
 33
1.252020999999998
  0
3DFACE
  5
48C
330
2
100
AcDbEntity
  8
0
100
AcDbFace
 10
0.8648059999999997
 20
-0.0178870000000003
 30
1.253892
 11
0.8637259999999995
 21
-0.0197510000000003
 31
1.252020999999998
 12
0.8613969999999998
 22
-0.0178870000000003
 32
1.257014999999997
 13
0.8613969999999998
 23
-0.0178870000000003
 33
1.257014999999997
  0
3DFACE
  5
48D
330
2
100
AcDbEntity
  8
0
100
AcDbFace
 10
0.8613969999999998
 20
-0.0178870000000003
 30
1.257014999999997
 11
0.8637259999999995
 21
-0.0197510000000003
 31
1.252020999999998
 12
0.8609019999999997
 22
-0.0194490000000004
 32
1.254342999999997
 13
0.8609019999999997
 23
-0.0194490000000004
 33
1.254342999999997
  0
3DFACE
  5
48E
330
2
100
AcDbEntity
  8
0
100
AcDbFace
 10
0.8613969999999998
 20
-0.0178870000000003
 30
1.257014999999997
 11
0.8609019999999997
 21
-0.0194490000000004
 31
1.254342999999997
 12
0.8586879999999997
 22
-0.0194490000000004
 32
1.257228999999999
 13
0.8586879999999997
 23
-0.0194490000000004
 33
1.257228999999999
  0
3DFACE
  5
48F
330
2
100
AcDbEntity
  8
0
100
AcDbFace
 10
0.8613969999999998
 20
-0.0178870000000003
 30
1.257014999999997
 11
0.8586879999999997
 21
-0.0194490000000004
 31
1.257228999999999
 12
0.8581799999999999
 22
-0.0185340000000004
 32
1.260826
 13
0.8581799999999999
 23
-0.0185340000000004
 33
1.260826
  0
3DFACE
  5
490
330
2
100
AcDbEntity
  8
0
100
AcDbFace
 10
0.8693769999999997
 20
-0.0175520000000004
 30
1.253729
 11
0.8673849999999998
 21
-0.0185340000000004
 31
1.251620999999998
 12
0.8648059999999997
 22
-0.0178870000000003
 32
1.253892
 13
0.8648059999999997
 23
-0.0178870000000003
 33
1.253892
  0
3DFACE
  5
491
330
2
100
AcDbEntity
  8
0
100
AcDbFace
 10
0.8604699999999997
 20
-0.0175520000000004
 30
1.261438999999997
 11
0.8613969999999998
 21
-0.0178870000000003
 31
1.257014999999997
 12
0.8581799999999999
 22
-0.0185340000000004
 32
1.260826
 13
0.8581799999999999
 23
-0.0185340000000004
 33
1.260826
  0
3DFACE
  5
492
330
2
100
AcDbEntity
  8
0
100
AcDbFace
 10
0.8665409999999996
 20
-0.0178440000000003
 30
1.256897999999998
 11
0.8693769999999997
 21
-0.0175520000000004
 31
1.253729
 12
0.8648059999999997
 22
-0.0178870000000003
 32
1.253892
 13
0.8648059999999997
 23
-0.0178870000000003
 33
1.253892
  0
3DFACE
  5
493
330
2
100
AcDbEntity
  8
0
100
AcDbFace
 10
0.8665409999999996
 20
-0.0178440000000003
 30
1.256897999999998
 11
0.8648059999999997
 21
-0.0178870000000003
 31
1.253892
 12
0.8637989999999998
 22
-0.0176980000000004
 32
1.258782
 13
0.8637989999999998
 23
-0.0176980000000004
 33
1.258782
  0
3DFACE
  5
494
330
2
100
AcDbEntity
  8
0
100
AcDbFace
 10
0.8637989999999998
 20
-0.0176980000000004
 30
1.258782
 11
0.8648059999999997
 21
-0.0178870000000003
 31
1.253892
 12
0.8613969999999998
 22
-0.0178870000000003
 32
1.257014999999997
 13
0.8613969999999998
 23
-0.0178870000000003
 33
1.257014999999997
  0
3DFACE
  5
495
330
2
100
AcDbEntity
  8
0
100
AcDbFace
 10
0.8637989999999998
 20
-0.0176980000000004
 30
1.258782
 11
0.8613969999999998
 21
-0.0178870000000003
 31
1.257014999999997
 12
0.8604699999999997
 22
-0.0175520000000004
 32
1.261438999999997
 13
0.8604699999999997
 23
-0.0175520000000004
 33
1.261438999999997
  0
3DFACE
  5
496
330
2
100
AcDbEntity
  8
0
100
AcDbFace
 10
0.8697059999999996
 20
-0.0178870000000003
 30
1.256229999999997
 11
0.8693769999999997
 21
-0.0175520000000004
 31
1.253729
 12
0.8665409999999996
 22
-0.0178440000000003
 32
1.256897999999998
 13
0.8665409999999996
 23
-0.0178440000000003
 33
1.256897999999998
  0
3DFACE
  5
497
330
2
100
AcDbEntity
  8
0
100
AcDbFace
 10
0.8629269999999998
 20
-0.0178870000000003
 30
1.262097999999999
 11
0.8637989999999998
 21
-0.0176980000000004
 31
1.258782
 12
0.8604699999999997
 22
-0.0175520000000004
 32
1.261438999999997
 13
0.8604699999999997
 23
-0.0175520000000004
 33
1.261438999999997
  0
3DFACE
  5
498
330
2
100
AcDbEntity
  8
0
100
AcDbFace
 10
0.8665249999999995
 20
-0.0191210000000003
 30
1.259411
 11
0.8665409999999996
 21
-0.0178440000000003
 31
1.256897999999998
 12
0.8637989999999998
 22
-0.0176980000000004
 32
1.258782
 13
0.8637989999999998
 23
-0.0176980000000004
 33
1.258782
  0
3DFACE
  5
499
330
2
100
AcDbEntity
  8
0
100
AcDbFace
 10
0.869918
 20
-0.0191900000000004
 30
1.258038999999999
 11
0.8697059999999996
 21
-0.0178870000000003
 31
1.256229999999997
 12
0.8665249999999995
 22
-0.0191210000000003
 32
1.259411
 13
0.8665249999999995
 23
-0.0191210000000003
 33
1.259411
  0
3DFACE
  5
49A
330
2
100
AcDbEntity
  8
0
100
AcDbFace
 10
0.8665249999999995
 20
-0.0191210000000003
 30
1.259411
 11
0.8697059999999996
 21
-0.0178870000000003
 31
1.256229999999997
 12
0.8665409999999996
 22
-0.0178440000000003
 32
1.256897999999998
 13
0.8665409999999996
 23
-0.0178440000000003
 33
1.256897999999998
  0
3DFACE
  5
49B
330
2
100
AcDbEntity
  8
0
100
AcDbFace
 10
0.8649419999999995
 20
-0.0194490000000004
 30
1.263044
 11
0.8665249999999995
 21
-0.0191210000000003
 31
1.259411
 12
0.8637989999999998
 22
-0.0176980000000004
 32
1.258782
 13
0.8637989999999998
 23
-0.0176980000000004
 33
1.258782
  0
3DFACE
  5
49C
330
2
100
AcDbEntity
  8
0
100
AcDbFace
 10
0.8649419999999995
 20
-0.0194490000000004
 30
1.263044
 11
0.8637989999999998
 21
-0.0176980000000004
 31
1.258782
 12
0.8629269999999998
 22
-0.0178870000000003
 32
1.262097999999999
 13
0.8629269999999998
 23
-0.0178870000000003
 33
1.262097999999999
  0
3DFACE
  5
49D
330
2
100
AcDbEntity
  8
0
100
AcDbFace
 10
0.8680319999999998
 20
-0.0226290000000003
 30
1.259808999999997
 11
0.869918
 21
-0.0191900000000004
 31
1.258038999999999
 12
0.8665249999999995
 22
-0.0191210000000003
 32
1.259411
 13
0.8665249999999995
 23
-0.0191210000000003
 33
1.259411
  0
3DFACE
  5
49E
330
2
100
AcDbEntity
  8
0
100
AcDbFace
 10
0.8658829999999998
 20
-0.0218200000000003
 30
1.263229999999998
 11
0.8680319999999998
 21
-0.0226290000000003
 31
1.259808999999997
 12
0.8665249999999995
 22
-0.0191210000000003
 32
1.259411
 13
0.8665249999999995
 23
-0.0191210000000003
 33
1.259411
  0
3DFACE
  5
49F
330
2
100
AcDbEntity
  8
0
100
AcDbFace
 10
0.8658829999999998
 20
-0.0218200000000003
 30
1.263229999999998
 11
0.8665249999999995
 21
-0.0191210000000003
 31
1.259411
 12
0.8649419999999995
 22
-0.0194490000000004
 32
1.263044
 13
0.8649419999999995
 23
-0.0194490000000004
 33
1.263044
  0
3DFACE
  5
4A0
330
2
100
AcDbEntity
  8
0
100
AcDbFace
 10
0.910754
 20
-0.0205700000000005
 30
1.258774999999997
 11
0.8701069999999997
 21
-0.0221430000000003
 31
1.259237999999998
 12
0.910754
 22
-0.0231140000000004
 32
1.259109999999999
 13
0.910754
 23
-0.0231140000000004
 33
1.259109999999999
  0
3DFACE
  5
4A1
330
2
100
AcDbEntity
  8
0
100
AcDbFace
 10
0.910754
 20
-0.0231140000000004
 30
1.259109999999999
 11
0.8701069999999997
 21
-0.0221430000000003
 31
1.259237999999998
 12
0.8704039999999999
 22
-0.0247730000000003
 32
1.258559999999999
 13
0.8704039999999999
 23
-0.0247730000000003
 33
1.258559999999999
  0
3DFACE
  5
4A2
330
2
100
AcDbEntity
  8
0
100
AcDbFace
 10
0.910754
 20
-0.0231140000000004
 30
1.259109999999999
 11
0.8704039999999999
 21
-0.0247730000000003
 31
1.258559999999999
 12
0.910754
 22
-0.0254850000000005
 32
1.258127999999999
 13
0.910754
 23
-0.0254850000000005
 33
1.258127999999999
  0
3DFACE
  5
4A3
330
2
100
AcDbEntity
  8
0
100
AcDbFace
 10
0.910754
 20
-0.0254850000000005
 30
1.258127999999999
 11
0.8704039999999999
 21
-0.0247730000000003
 31
1.258559999999999
 12
0.910754
 22
-0.0270470000000004
 32
1.256091999999997
 13
0.910754
 23
-0.0270470000000004
 33
1.256091999999997
  0
3DFACE
  5
4A4
330
2
100
AcDbEntity
  8
0
100
AcDbFace
 10
0.910754
 20
-0.0270470000000004
 30
1.256091999999997
 11
0.8704039999999999
 21
-0.0247730000000003
 31
1.258559999999999
 12
0.8697059999999996
 22
-0.0270470000000004
 32
1.256229999999997
 13
0.8697059999999996
 23
-0.0270470000000004
 33
1.256229999999997
  0
3DFACE
  5
4A5
330
2
100
AcDbEntity
  8
0
100
AcDbFace
 10
0.910754
 20
-0.0270470000000004
 30
1.256091999999997
 11
0.8697059999999996
 21
-0.0270470000000004
 31
1.256229999999997
 12
0.9121319999999998
 22
-0.0273820000000004
 32
1.254013999999997
 13
0.9121319999999998
 23
-0.0273820000000004
 33
1.254013999999997
  0
3DFACE
  5
4A6
330
2
100
AcDbEntity
  8
0
100
AcDbFace
 10
0.9121319999999998
 20
-0.0273820000000004
 30
1.254013999999997
 11
0.8697059999999996
 21
-0.0270470000000004
 31
1.256229999999997
 12
0.8707539999999998
 22
-0.0270890000000003
 32
1.252621999999999
 13
0.8707539999999998
 23
-0.0270890000000003
 33
1.252621999999999
  0
3DFACE
  5
4A7
330
2
100
AcDbEntity
  8
0
100
AcDbFace
 10
0.9121319999999998
 20
-0.0273820000000004
 30
1.254013999999997
 11
0.8707539999999998
 21
-0.0270890000000003
 31
1.252621999999999
 12
0.911803
 22
-0.0269220000000004
 32
1.251859
 13
0.911803
 23
-0.0269220000000004
 33
1.251859
  0
3DFACE
  5
4A8
330
2
100
AcDbEntity
  8
0
100
AcDbFace
 10
0.911803
 20
-0.0269220000000004
 30
1.251859
 11
0.8707539999999998
 21
-0.0270890000000003
 31
1.252621999999999
 12
0.9115909999999999
 22
-0.0257430000000004
 32
1.250350999999997
 13
0.9115909999999999
 23
-0.0257430000000004
 33
1.250350999999997
  0
3DFACE
  5
4A9
330
2
100
AcDbEntity
  8
0
100
AcDbFace
 10
0.9115909999999999
 20
-0.0257430000000004
 30
1.250350999999997
 11
0.8707539999999998
 21
-0.0270890000000003
 31
1.252621999999999
 12
0.8707539999999998
 22
-0.0254850000000003
 32
1.250261999999997
 13
0.8707539999999998
 23
-0.0254850000000003
 33
1.250261999999997
  0
3DFACE
  5
4AA
330
2
100
AcDbEntity
  8
0
100
AcDbFace
 10
0.9115909999999999
 20
-0.0257430000000004
 30
1.250350999999997
 11
0.8707539999999998
 21
-0.0254850000000003
 31
1.250261999999997
 12
0.9114289999999998
 22
-0.0231030000000005
 32
1.249274999999999
 13
0.9114289999999998
 23
-0.0231030000000005
 33
1.249274999999999
  0
3DFACE
  5
4AB
330
2
100
AcDbEntity
  8
0
100
AcDbFace
 10
0.9114289999999998
 20
-0.0231030000000005
 30
1.249274999999999
 11
0.8707539999999998
 21
-0.0254850000000003
 31
1.250261999999997
 12
0.8707539999999998
 22
-0.0237610000000003
 32
1.249365999999997
 13
0.8707539999999998
 23
-0.0237610000000003
 33
1.249365999999997
  0
3DFACE
  5
4AC
330
2
100
AcDbEntity
  8
0
100
AcDbFace
 10
0.9114289999999998
 20
-0.0231030000000005
 30
1.249274999999999
 11
0.8707539999999998
 21
-0.0237610000000003
 31
1.249365999999997
 12
0.8707539999999998
 22
-0.0218200000000003
 32
1.249279999999999
 13
0.8707539999999998
 23
-0.0218200000000003
 33
1.249279999999999
  0
3DFACE
  5
4AD
330
2
100
AcDbEntity
  8
0
100
AcDbFace
 10
0.9114289999999998
 20
-0.0231030000000005
 30
1.249274999999999
 11
0.8707539999999998
 21
-0.0218200000000003
 31
1.249279999999999
 12
0.9115909999999999
 22
-0.0191900000000004
 32
1.250350999999997
 13
0.9115909999999999
 23
-0.0191900000000004
 33
1.250350999999997
  0
3DFACE
  5
4AE
330
2
100
AcDbEntity
  8
0
100
AcDbFace
 10
0.9115909999999999
 20
-0.0191900000000004
 30
1.250350999999997
 11
0.8707539999999998
 21
-0.0218200000000003
 31
1.249279999999999
 12
0.8707539999999998
 22
-0.0187930000000003
 32
1.250979
 13
0.8707539999999998
 23
-0.0187930000000003
 33
1.250979
  0
3DFACE
  5
4AF
330
2
100
AcDbEntity
  8
0
100
AcDbFace
 10
0.9115909999999999
 20
-0.0191900000000004
 30
1.250350999999997
 11
0.8707539999999998
 21
-0.0187930000000003
 31
1.250979
 12
0.911803
 22
-0.0178660000000004
 32
1.252321999999999
 13
0.911803
 23
-0.0178660000000004
 33
1.252321999999999
  0
3DFACE
  5
4B0
330
2
100
AcDbEntity
  8
0
100
AcDbFace
 10
0.911803
 20
-0.0178660000000004
 30
1.252321999999999
 11
0.8707539999999998
 21
-0.0187930000000003
 31
1.250979
 12
0.8693769999999997
 22
-0.0175520000000004
 32
1.253729
 13
0.8693769999999997
 23
-0.0175520000000004
 33
1.253729
  0
3DFACE
  5
4B1
330
2
100
AcDbEntity
  8
0
100
AcDbFace
 10
0.911803
 20
-0.0178660000000004
 30
1.252321999999999
 11
0.8693769999999997
 21
-0.0175520000000004
 31
1.253729
 12
0.9121319999999998
 22
-0.0177190000000004
 32
1.255285999999999
 13
0.9121319999999998
 23
-0.0177190000000004
 33
1.255285999999999
  0
3DFACE
  5
4B2
330
2
100
AcDbEntity
  8
0
100
AcDbFace
 10
0.9121319999999998
 20
-0.0177190000000004
 30
1.255285999999999
 11
0.8693769999999997
 21
-0.0175520000000004
 31
1.253729
 12
0.8697059999999996
 22
-0.0178870000000003
 32
1.256229999999997
 13
0.8697059999999996
 23
-0.0178870000000003
 33
1.256229999999997
  0
3DFACE
  5
4B3
330
2
100
AcDbEntity
  8
0
100
AcDbFace
 10
0.9121319999999998
 20
-0.0177190000000004
 30
1.255285999999999
 11
0.8697059999999996
 21
-0.0178870000000003
 31
1.256229999999997
 12
0.910754
 22
-0.0189310000000004
 32
1.257730999999999
 13
0.910754
 23
-0.0189310000000004
 33
1.257730999999999
  0
3DFACE
  5
4B4
330
2
100
AcDbEntity
  8
0
100
AcDbFace
 10
0.910754
 20
-0.0189310000000004
 30
1.257730999999999
 11
0.8697059999999996
 21
-0.0178870000000003
 31
1.256229999999997
 12
0.869918
 22
-0.0191900000000004
 32
1.258038999999999
 13
0.869918
 23
-0.0191900000000004
 33
1.258038999999999
  0
3DFACE
  5
4B5
330
2
100
AcDbEntity
  8
0
100
AcDbFace
 10
0.910754
 20
-0.0189310000000004
 30
1.257730999999999
 11
0.869918
 21
-0.0191900000000004
 31
1.258038999999999
 12
0.910754
 22
-0.0205700000000005
 32
1.258774999999997
 13
0.910754
 23
-0.0205700000000005
 33
1.258774999999997
  0
3DFACE
  5
4B6
330
2
100
AcDbEntity
  8
0
100
AcDbFace
 10
0.910754
 20
-0.0205700000000005
 30
1.258774999999997
 11
0.869918
 21
-0.0191900000000004
 31
1.258038999999999
 12
0.8701069999999997
 22
-0.0221430000000003
 32
1.259237999999998
 13
0.8701069999999997
 23
-0.0221430000000003
 33
1.259237999999998
  0
3DFACE
  5
4B7
330
2
100
AcDbEntity
  8
0
100
AcDbFace
 10
0.925627
 20
-0.0227900000000004
 30
1.244194999999999
 11
0.9252429999999998
 21
-0.0224670000000004
 31
1.248077
 12
0.9248369999999999
 22
-0.0243640000000004
 32
1.247969
 13
0.9248369999999999
 23
-0.0243640000000004
 33
1.247969
  0
3DFACE
  5
4B8
330
2
100
AcDbEntity
  8
0
100
AcDbFace
 10
0.925627
 20
-0.0227900000000004
 30
1.244194999999999
 11
0.9248369999999999
 21
-0.0243640000000004
 31
1.247969
 12
0.9246870000000001
 22
-0.0254850000000005
 32
1.244194999999999
 13
0.9246870000000001
 23
-0.0254850000000005
 33
1.244194999999999
  0
3DFACE
  5
4B9
330
2
100
AcDbEntity
  8
0
100
AcDbFace
 10
0.9246870000000001
 20
-0.0254850000000005
 30
1.244194999999999
 11
0.9248369999999999
 21
-0.0243640000000004
 31
1.247969
 12
0.9226779999999996
 22
-0.0264000000000005
 32
1.249133999999997
 13
0.9226779999999996
 23
-0.0264000000000005
 33
1.249133999999997
  0
3DFACE
  5
4BA
330
2
100
AcDbEntity
  8
0
100
AcDbFace
 10
0.9246870000000001
 20
-0.0254850000000005
 30
1.244194999999999
 11
0.9226779999999996
 21
-0.0264000000000005
 31
1.249133999999997
 12
0.9217030000000001
 22
-0.0272570000000004
 32
1.244194999999999
 13
0.9217030000000001
 23
-0.0272570000000004
 33
1.244194999999999
  0
3DFACE
  5
4BB
330
2
100
AcDbEntity
  8
0
100
AcDbFace
 10
0.9217030000000001
 20
-0.0272570000000004
 30
1.244194999999999
 11
0.9226779999999996
 21
-0.0264000000000005
 31
1.249133999999997
 12
0.9205069999999999
 22
-0.0273820000000004
 32
1.248234999999997
 13
0.9205069999999999
 23
-0.0273820000000004
 33
1.248234999999997
  0
3DFACE
  5
4BC
330
2
100
AcDbEntity
  8
0
100
AcDbFace
 10
0.9217030000000001
 20
-0.0272570000000004
 30
1.244194999999999
 11
0.9205069999999999
 21
-0.0273820000000004
 31
1.248234999999997
 12
0.9190099999999999
 22
-0.0271720000000005
 32
1.245322
 13
0.9190099999999999
 23
-0.0271720000000005
 33
1.245322
  0
3DFACE
  5
4BD
330
2
100
AcDbEntity
  8
0
100
AcDbFace
 10
0.9190099999999999
 20
-0.0271720000000005
 30
1.245322
 11
0.9173489999999999
 21
-0.0266240000000004
 31
1.247480999999998
 12
0.9163889999999998
 22
-0.0247730000000005
 32
1.244545999999999
 13
0.9163889999999998
 23
-0.0247730000000005
 33
1.244545999999999
  0
3DFACE
  5
4BE
330
2
100
AcDbEntity
  8
0
100
AcDbFace
 10
0.9163889999999998
 20
-0.0247730000000005
 30
1.244545999999999
 11
0.9153339999999998
 21
-0.0224670000000004
 31
1.246091999999997
 12
0.9158389999999997
 22
-0.0218200000000004
 32
1.244194999999999
 13
0.9158389999999997
 23
-0.0218200000000004
 33
1.244194999999999
  0
3DFACE
  5
4BF
330
2
100
AcDbEntity
  8
0
100
AcDbFace
 10
0.9158389999999997
 20
-0.0218200000000004
 30
1.244194999999999
 11
0.9153339999999998
 21
-0.0224670000000004
 31
1.246091999999997
 12
0.9159899999999996
 22
-0.0205700000000005
 32
1.245597999999997
 13
0.9159899999999996
 23
-0.0205700000000005
 33
1.245597999999997
  0
3DFACE
  5
4C0
330
2
100
AcDbEntity
  8
0
100
AcDbFace
 10
0.9158389999999997
 20
-0.0218200000000004
 30
1.244194999999999
 11
0.9159899999999996
 21
-0.0205700000000005
 31
1.245597999999997
 12
0.9168739999999996
 22
-0.0190910000000004
 32
1.245454999999997
 13
0.9168739999999996
 23
-0.0190910000000004
 33
1.245454999999997
  0
3DFACE
  5
4C1
330
2
100
AcDbEntity
  8
0
100
AcDbFace
 10
0.9198059999999998
 20
-0.0176770000000004
 30
1.244194999999999
 11
0.9168739999999996
 21
-0.0190910000000004
 31
1.245454999999997
 12
0.918468
 22
-0.0177620000000004
 32
1.247346999999997
 13
0.918468
 23
-0.0177620000000004
 33
1.247346999999997
  0
3DFACE
  5
4C2
330
2
100
AcDbEntity
  8
0
100
AcDbFace
 10
0.9198059999999998
 20
-0.0176770000000004
 30
1.244194999999999
 11
0.918468
 21
-0.0177620000000004
 31
1.247346999999997
 12
0.9205069999999999
 22
-0.0175520000000004
 32
1.248234999999997
 13
0.9205069999999999
 23
-0.0175520000000004
 33
1.248234999999997
  0
3DFACE
  5
4C3
330
2
100
AcDbEntity
  8
0
100
AcDbFace
 10
0.9198059999999998
 20
-0.0176770000000004
 30
1.244194999999999
 11
0.9205069999999999
 21
-0.0175520000000004
 31
1.248234999999997
 12
0.9226509999999999
 22
-0.0178870000000004
 32
1.244194999999999
 13
0.9226509999999999
 23
-0.0178870000000004
 33
1.244194999999999
  0
3DFACE
  5
4C4
330
2
100
AcDbEntity
  8
0
100
AcDbFace
 10
0.9226509999999999
 20
-0.0178870000000004
 30
1.244194999999999
 11
0.9205069999999999
 21
-0.0175520000000004
 31
1.248234999999997
 12
0.923329
 22
-0.0185340000000004
 32
1.247563999999999
 13
0.923329
 23
-0.0185340000000004
 33
1.247563999999999
  0
3DFACE
  5
4C5
330
2
100
AcDbEntity
  8
0
100
AcDbFace
 10
0.9226509999999999
 20
-0.0178870000000004
 30
1.244194999999999
 11
0.923329
 21
-0.0185340000000004
 31
1.247563999999999
 12
0.9246870000000001
 22
-0.0194490000000004
 32
1.244194999999999
 13
0.9246870000000001
 23
-0.0194490000000004
 33
1.244194999999999
  0
3DFACE
  5
4C6
330
2
100
AcDbEntity
  8
0
100
AcDbFace
 10
0.9246870000000001
 20
-0.0194490000000004
 30
1.244194999999999
 11
0.923329
 21
-0.0185340000000004
 31
1.247563999999999
 12
0.9248369999999999
 22
-0.0205700000000005
 32
1.247969
 13
0.9248369999999999
 23
-0.0205700000000005
 33
1.247969
  0
3DFACE
  5
4C7
330
2
100
AcDbEntity
  8
0
100
AcDbFace
 10
0.9246870000000001
 20
-0.0194490000000004
 30
1.244194999999999
 11
0.9248369999999999
 21
-0.0205700000000005
 31
1.247969
 12
0.925627
 22
-0.0227900000000004
 32
1.244194999999999
 13
0.925627
 23
-0.0227900000000004
 33
1.244194999999999
  0
3DFACE
  5
4C8
330
2
100
AcDbEntity
  8
0
100
AcDbFace
 10
0.925627
 20
-0.0227900000000004
 30
1.244194999999999
 11
0.9248369999999999
 21
-0.0205700000000005
 31
1.247969
 12
0.9252429999999998
 22
-0.0224670000000004
 32
1.248077
 13
0.9252429999999998
 23
-0.0224670000000004
 33
1.248077
  0
3DFACE
  5
4C9
330
2
100
AcDbEntity
  8
0
100
AcDbFace
 10
0.910754
 20
-0.0231140000000004
 30
1.259109999999999
 11
0.9146149999999996
 21
-0.0218200000000004
 31
1.258601999999998
 12
0.910754
 22
-0.0205700000000005
 32
1.258774999999997
 13
0.910754
 23
-0.0205700000000005
 33
1.258774999999997
  0
3DFACE
  5
4CA
330
2
100
AcDbEntity
  8
0
100
AcDbFace
 10
0.910754
 20
-0.0205700000000005
 30
1.258774999999997
 11
0.9146149999999996
 21
-0.0218200000000004
 31
1.258601999999998
 12
0.9142929999999999
 22
-0.0192500000000004
 32
1.257403
 13
0.9142929999999999
 23
-0.0192500000000004
 33
1.257403
  0
3DFACE
  5
4CB
330
2
100
AcDbEntity
  8
0
100
AcDbFace
 10
0.910754
 20
-0.0205700000000005
 30
1.258774999999997
 11
0.9142929999999999
 21
-0.0192500000000004
 31
1.257403
 12
0.910754
 22
-0.0189310000000004
 32
1.257730999999999
 13
0.910754
 23
-0.0189310000000004
 33
1.257730999999999
  0
3DFACE
  5
4CC
330
2
100
AcDbEntity
  8
0
100
AcDbFace
 10
0.910754
 20
-0.0189310000000004
 30
1.257730999999999
 11
0.9142929999999999
 21
-0.0192500000000004
 31
1.257403
 12
0.9121319999999998
 22
-0.0177190000000004
 32
1.255285999999999
 13
0.9121319999999998
 23
-0.0177190000000004
 33
1.255285999999999
  0
3DFACE
  5
4CD
330
2
100
AcDbEntity
  8
0
100
AcDbFace
 10
0.9115909999999999
 20
-0.0191900000000004
 30
1.250350999999997
 11
0.9128109999999999
 21
-0.0205700000000005
 31
1.24916
 12
0.9114289999999998
 22
-0.0231030000000005
 32
1.249274999999999
 13
0.9114289999999998
 23
-0.0231030000000005
 33
1.249274999999999
  0
3DFACE
  5
4CE
330
2
100
AcDbEntity
  8
0
100
AcDbFace
 10
0.910754
 20
-0.0270470000000004
 30
1.256091999999997
 11
0.9121319999999998
 21
-0.0273820000000004
 31
1.254013999999997
 12
0.9141239999999999
 22
-0.0264000000000005
 32
1.256769
 13
0.9141239999999999
 23
-0.0264000000000005
 33
1.256769
  0
3DFACE
  5
4CF
330
2
100
AcDbEntity
  8
0
100
AcDbFace
 10
0.910754
 20
-0.0270470000000004
 30
1.256091999999997
 11
0.9141239999999999
 21
-0.0264000000000005
 31
1.256769
 12
0.910754
 22
-0.0254850000000005
 32
1.258127999999999
 13
0.910754
 23
-0.0254850000000005
 33
1.258127999999999
  0
3DFACE
  5
4D0
330
2
100
AcDbEntity
  8
0
100
AcDbFace
 10
0.910754
 20
-0.0254850000000005
 30
1.258127999999999
 11
0.9141239999999999
 21
-0.0264000000000005
 31
1.256769
 12
0.9145279999999999
 22
-0.0243640000000004
 32
1.258278
 13
0.9145279999999999
 23
-0.0243640000000004
 33
1.258278
  0
3DFACE
  5
4D1
330
2
100
AcDbEntity
  8
0
100
AcDbFace
 10
0.910754
 20
-0.0254850000000005
 30
1.258127999999999
 11
0.9145279999999999
 21
-0.0243640000000004
 31
1.258278
 12
0.910754
 22
-0.0231140000000004
 32
1.259109999999999
 13
0.910754
 23
-0.0231140000000004
 33
1.259109999999999
  0
3DFACE
  5
4D2
330
2
100
AcDbEntity
  8
0
100
AcDbFace
 10
0.910754
 20
-0.0231140000000004
 30
1.259109999999999
 11
0.9145279999999999
 21
-0.0243640000000004
 31
1.258278
 12
0.9146149999999996
 22
-0.0218200000000004
 32
1.258601999999998
 13
0.9146149999999996
 23
-0.0218200000000004
 33
1.258601999999998
  0
3DFACE
  5
4D3
330
2
100
AcDbEntity
  8
0
100
AcDbFace
 10
0.9150179999999995
 20
-0.0205700000000005
 30
1.247465999999997
 11
0.9128109999999999
 21
-0.0205700000000005
 31
1.24916
 12
0.9149679999999998
 22
-0.0185340000000004
 32
1.249686999999997
 13
0.9149679999999998
 23
-0.0185340000000004
 33
1.249686999999997
  0
3DFACE
  5
4D4
330
2
100
AcDbEntity
  8
0
100
AcDbFace
 10
0.9149679999999998
 20
-0.0185340000000004
 30
1.249686999999997
 11
0.9128109999999999
 21
-0.0205700000000005
 31
1.24916
 12
0.9115909999999999
 22
-0.0191900000000004
 32
1.250350999999997
 13
0.9115909999999999
 23
-0.0191900000000004
 33
1.250350999999997
  0
3DFACE
  5
4D5
330
2
100
AcDbEntity
  8
0
100
AcDbFace
 10
0.9149679999999998
 20
-0.0185340000000004
 30
1.249686999999997
 11
0.9115909999999999
 21
-0.0191900000000004
 31
1.250350999999997
 12
0.911803
 22
-0.0178660000000004
 32
1.252321999999999
 13
0.911803
 23
-0.0178660000000004
 33
1.252321999999999
  0
3DFACE
  5
4D6
330
2
100
AcDbEntity
  8
0
100
AcDbFace
 10
0.9153339999999998
 20
-0.0224670000000004
 30
1.246091999999997
 11
0.9140069999999999
 21
-0.0234150000000004
 31
1.248153
 12
0.9150179999999995
 22
-0.0205700000000005
 32
1.247465999999997
 13
0.9150179999999995
 23
-0.0205700000000005
 33
1.247465999999997
  0
3DFACE
  5
4D7
330
2
100
AcDbEntity
  8
0
100
AcDbFace
 10
0.9150179999999995
 20
-0.0205700000000005
 30
1.247465999999997
 11
0.9140069999999999
 21
-0.0234150000000004
 31
1.248153
 12
0.9128109999999999
 22
-0.0205700000000005
 32
1.24916
 13
0.9128109999999999
 23
-0.0205700000000005
 33
1.24916
  0
3DFACE
  5
4D8
330
2
100
AcDbEntity
  8
0
100
AcDbFace
 10
0.9153339999999998
 20
-0.0224670000000004
 30
1.246091999999997
 11
0.9163889999999998
 21
-0.0247730000000005
 31
1.244545999999999
 12
0.9140069999999999
 22
-0.0234150000000004
 32
1.248153
 13
0.9140069999999999
 23
-0.0234150000000004
 33
1.248153
  0
3DFACE
  5
4D9
330
2
100
AcDbEntity
  8
0
100
AcDbFace
 10
0.9140069999999999
 20
-0.0234150000000004
 30
1.248153
 11
0.9114289999999998
 21
-0.0231030000000005
 31
1.249274999999999
 12
0.9128109999999999
 22
-0.0205700000000005
 32
1.24916
 13
0.9128109999999999
 23
-0.0205700000000005
 33
1.24916
  0
3DFACE
  5
4DA
330
2
100
AcDbEntity
  8
0
100
AcDbFace
 10
0.9159899999999996
 20
-0.0205700000000005
 30
1.245597999999997
 11
0.9153339999999998
 21
-0.0224670000000004
 31
1.246091999999997
 12
0.9150179999999995
 22
-0.0205700000000005
 32
1.247465999999997
 13
0.9150179999999995
 23
-0.0205700000000005
 33
1.247465999999997
  0
3DFACE
  5
4DB
330
2
100
AcDbEntity
  8
0
100
AcDbFace
 10
0.9168739999999996
 20
-0.0190910000000004
 30
1.245454999999997
 11
0.9159899999999996
 21
-0.0205700000000005
 31
1.245597999999997
 12
0.9150179999999995
 22
-0.0205700000000005
 32
1.247465999999997
 13
0.9150179999999995
 23
-0.0205700000000005
 33
1.247465999999997
  0
3DFACE
  5
4DC
330
2
100
AcDbEntity
  8
0
100
AcDbFace
 10
0.9168739999999996
 20
-0.0190910000000004
 30
1.245454999999997
 11
0.9150179999999995
 21
-0.0205700000000005
 31
1.247465999999997
 12
0.9149679999999998
 22
-0.0185340000000004
 32
1.249686999999997
 13
0.9149679999999998
 23
-0.0185340000000004
 33
1.249686999999997
  0
3DFACE
  5
4DD
330
2
100
AcDbEntity
  8
0
100
AcDbFace
 10
0.918468
 20
-0.0177620000000004
 30
1.247346999999997
 11
0.9168739999999996
 21
-0.0190910000000004
 31
1.245454999999997
 12
0.9149679999999998
 22
-0.0185340000000004
 32
1.249686999999997
 13
0.9149679999999998
 23
-0.0185340000000004
 33
1.249686999999997
  0
3DFACE
  5
4DE
330
2
100
AcDbEntity
  8
0
100
AcDbFace
 10
0.9163989999999998
 20
-0.0175520000000004
 30
1.251551999999997
 11
0.918468
 21
-0.0177620000000004
 31
1.247346999999997
 12
0.9149679999999998
 22
-0.0185340000000004
 32
1.249686999999997
 13
0.9149679999999998
 23
-0.0185340000000004
 33
1.249686999999997
  0
3DFACE
  5
4DF
330
2
100
AcDbEntity
  8
0
100
AcDbFace
 10
0.9163989999999998
 20
-0.0175520000000004
 30
1.251551999999997
 11
0.9149679999999998
 21
-0.0185340000000004
 31
1.249686999999997
 12
0.911803
 22
-0.0178660000000004
 32
1.252321999999999
 13
0.911803
 23
-0.0178660000000004
 33
1.252321999999999
  0
3DFACE
  5
4E0
330
2
100
AcDbEntity
  8
0
100
AcDbFace
 10
0.9205069999999999
 20
-0.0175520000000004
 30
1.248234999999997
 11
0.918468
 21
-0.0177620000000004
 31
1.247346999999997
 12
0.9163989999999998
 22
-0.0175520000000004
 32
1.251551999999997
 13
0.9163989999999998
 23
-0.0175520000000004
 33
1.251551999999997
  0
3DFACE
  5
4E1
330
2
100
AcDbEntity
  8
0
100
AcDbFace
 10
0.9121319999999998
 20
-0.0177190000000004
 30
1.255285999999999
 11
0.9163989999999998
 21
-0.0175520000000004
 31
1.251551999999997
 12
0.911803
 22
-0.0178660000000004
 32
1.252321999999999
 13
0.911803
 23
-0.0178660000000004
 33
1.252321999999999
  0
3DFACE
  5
4E2
330
2
100
AcDbEntity
  8
0
100
AcDbFace
 10
0.9179349999999995
 20
-0.0178870000000004
 30
1.253552999999999
 11
0.9205069999999999
 21
-0.0175520000000004
 31
1.248234999999997
 12
0.9163989999999998
 22
-0.0175520000000004
 32
1.251551999999997
 13
0.9163989999999998
 23
-0.0175520000000004
 33
1.251551999999997
  0
3DFACE
  5
4E3
330
2
100
AcDbEntity
  8
0
100
AcDbFace
 10
0.9179349999999995
 20
-0.0178870000000004
 30
1.253552999999999
 11
0.9163989999999998
 21
-0.0175520000000004
 31
1.251551999999997
 12
0.9121319999999998
 22
-0.0177190000000004
 32
1.255285999999999
 13
0.9121319999999998
 23
-0.0177190000000004
 33
1.255285999999999
  0
3DFACE
  5
4E4
330
2
100
AcDbEntity
  8
0
100
AcDbFace
 10
0.923329
 20
-0.0185340000000004
 30
1.247563999999999
 11
0.9205069999999999
 21
-0.0175520000000004
 31
1.248234999999997
 12
0.9220279999999995
 22
-0.0185340000000004
 32
1.250704
 13
0.9220279999999995
 23
-0.0185340000000004
 33
1.250704
  0
3DFACE
  5
4E5
330
2
100
AcDbEntity
  8
0
100
AcDbFace
 10
0.9220279999999995
 20
-0.0185340000000004
 30
1.250704
 11
0.9205069999999999
 21
-0.0175520000000004
 31
1.248234999999997
 12
0.9179349999999995
 22
-0.0178870000000004
 32
1.253552999999999
 13
0.9179349999999995
 23
-0.0178870000000004
 33
1.253552999999999
  0
3DFACE
  5
4E6
330
2
100
AcDbEntity
  8
0
100
AcDbFace
 10
0.9142929999999999
 20
-0.0192500000000004
 30
1.257403
 11
0.9179349999999995
 21
-0.0178870000000004
 31
1.253552999999999
 12
0.9121319999999998
 22
-0.0177190000000004
 32
1.255285999999999
 13
0.9121319999999998
 23
-0.0177190000000004
 33
1.255285999999999
  0
3DFACE
  5
4E7
330
2
100
AcDbEntity
  8
0
100
AcDbFace
 10
0.920695
 20
-0.0197510000000004
 30
1.254134999999998
 11
0.9220279999999995
 21
-0.0185340000000004
 31
1.250704
 12
0.9179349999999995
 22
-0.0178870000000004
 32
1.253552999999999
 13
0.9179349999999995
 23
-0.0178870000000004
 33
1.253552999999999
  0
3DFACE
  5
4E8
330
2
100
AcDbEntity
  8
0
100
AcDbFace
 10
0.920695
 20
-0.0197510000000004
 30
1.254134999999998
 11
0.9179349999999995
 21
-0.0178870000000004
 31
1.253552999999999
 12
0.9177829999999998
 22
-0.0197510000000004
 32
1.256369
 13
0.9177829999999998
 23
-0.0197510000000004
 33
1.256369
  0
3DFACE
  5
4E9
330
2
100
AcDbEntity
  8
0
100
AcDbFace
 10
0.9177829999999998
 20
-0.0197510000000004
 30
1.256369
 11
0.9179349999999995
 21
-0.0178870000000004
 31
1.253552999999999
 12
0.9142929999999999
 22
-0.0192500000000004
 32
1.257403
 13
0.9142929999999999
 23
-0.0192500000000004
 33
1.257403
  0
3DFACE
  5
4EA
330
2
100
AcDbEntity
  8
0
100
AcDbFace
 10
0.9248369999999999
 20
-0.0205700000000005
 30
1.247969
 11
0.923329
 21
-0.0185340000000004
 31
1.247563999999999
 12
0.9233809999999998
 22
-0.0205700000000005
 32
1.251484999999997
 13
0.9233809999999998
 23
-0.0205700000000005
 33
1.251484999999997
  0
3DFACE
  5
4EB
330
2
100
AcDbEntity
  8
0
100
AcDbFace
 10
0.9233809999999998
 20
-0.0205700000000005
 30
1.251484999999997
 11
0.923329
 21
-0.0185340000000004
 31
1.247563999999999
 12
0.9220279999999995
 22
-0.0185340000000004
 32
1.250704
 13
0.9220279999999995
 23
-0.0185340000000004
 33
1.250704
  0
3DFACE
  5
4EC
330
2
100
AcDbEntity
  8
0
100
AcDbFace
 10
0.9233809999999998
 20
-0.0205700000000005
 30
1.251484999999997
 11
0.9220279999999995
 21
-0.0185340000000004
 31
1.250704
 12
0.920695
 22
-0.0197510000000004
 32
1.254134999999998
 13
0.920695
 23
-0.0197510000000004
 33
1.254134999999998
  0
3DFACE
  5
4ED
330
2
100
AcDbEntity
  8
0
100
AcDbFace
 10
0.9146149999999996
 20
-0.0218200000000004
 30
1.258601999999998
 11
0.9177829999999998
 21
-0.0197510000000004
 31
1.256369
 12
0.9142929999999999
 22
-0.0192500000000004
 32
1.257403
 13
0.9142929999999999
 23
-0.0192500000000004
 33
1.257403
  0
3DFACE
  5
4EE
330
2
100
AcDbEntity
  8
0
100
AcDbFace
 10
0.9252429999999998
 20
-0.0224670000000004
 30
1.248077
 11
0.9248369999999999
 21
-0.0205700000000005
 31
1.247969
 12
0.923745
 22
-0.0224670000000004
 32
1.251695
 13
0.923745
 23
-0.0224670000000004
 33
1.251695
  0
3DFACE
  5
4EF
330
2
100
AcDbEntity
  8
0
100
AcDbFace
 10
0.923745
 20
-0.0224670000000004
 30
1.251695
 11
0.9248369999999999
 21
-0.0205700000000005
 31
1.247969
 12
0.9233809999999998
 22
-0.0205700000000005
 32
1.251484999999997
 13
0.9233809999999998
 23
-0.0205700000000005
 33
1.251484999999997
  0
3DFACE
  5
4F0
330
2
100
AcDbEntity
  8
0
100
AcDbFace
 10
0.923745
 20
-0.0224670000000004
 30
1.251695
 11
0.9233809999999998
 21
-0.0205700000000005
 31
1.251484999999997
 12
0.9213609999999999
 22
-0.0224670000000004
 32
1.254801999999997
 13
0.9213609999999999
 23
-0.0224670000000004
 33
1.254801999999997
  0
3DFACE
  5
4F1
330
2
100
AcDbEntity
  8
0
100
AcDbFace
 10
0.9213609999999999
 20
-0.0224670000000004
 30
1.254801999999997
 11
0.9233809999999998
 21
-0.0205700000000005
 31
1.251484999999997
 12
0.920695
 22
-0.0197510000000004
 32
1.254134999999998
 13
0.920695
 23
-0.0197510000000004
 33
1.254134999999998
  0
3DFACE
  5
4F2
330
2
100
AcDbEntity
  8
0
100
AcDbFace
 10
0.9213609999999999
 20
-0.0224670000000004
 30
1.254801999999997
 11
0.920695
 21
-0.0197510000000004
 31
1.254134999999998
 12
0.9182539999999999
 22
-0.0224670000000004
 32
1.257184999999997
 13
0.9182539999999999
 23
-0.0224670000000004
 33
1.257184999999997
  0
3DFACE
  5
4F3
330
2
100
AcDbEntity
  8
0
100
AcDbFace
 10
0.9182539999999999
 20
-0.0224670000000004
 30
1.257184999999997
 11
0.920695
 21
-0.0197510000000004
 31
1.254134999999998
 12
0.9177829999999998
 22
-0.0197510000000004
 32
1.256369
 13
0.9177829999999998
 23
-0.0197510000000004
 33
1.256369
  0
3DFACE
  5
4F4
330
2
100
AcDbEntity
  8
0
100
AcDbFace
 10
0.9182539999999999
 20
-0.0224670000000004
 30
1.257184999999997
 11
0.9177829999999998
 21
-0.0197510000000004
 31
1.256369
 12
0.9146149999999996
 22
-0.0218200000000004
 32
1.258601999999998
 13
0.9146149999999996
 23
-0.0218200000000004
 33
1.258601999999998
  0
3DFACE
  5
4F5
330
2
100
AcDbEntity
  8
0
100
AcDbFace
 10
0.9248369999999999
 20
-0.0243640000000004
 30
1.247969
 11
0.9252429999999998
 21
-0.0224670000000004
 31
1.248077
 12
0.9233809999999998
 22
-0.0243640000000004
 32
1.251484999999997
 13
0.9233809999999998
 23
-0.0243640000000004
 33
1.251484999999997
  0
3DFACE
  5
4F6
330
2
100
AcDbEntity
  8
0
100
AcDbFace
 10
0.9233809999999998
 20
-0.0243640000000004
 30
1.251484999999997
 11
0.9252429999999998
 21
-0.0224670000000004
 31
1.248077
 12
0.923745
 22
-0.0224670000000004
 32
1.251695
 13
0.923745
 23
-0.0224670000000004
 33
1.251695
  0
3DFACE
  5
4F7
330
2
100
AcDbEntity
  8
0
100
AcDbFace
 10
0.9233809999999998
 20
-0.0243640000000004
 30
1.251484999999997
 11
0.923745
 21
-0.0224670000000004
 31
1.251695
 12
0.9210639999999996
 22
-0.0243640000000004
 32
1.254504999999997
 13
0.9210639999999996
 23
-0.0243640000000004
 33
1.254504999999997
  0
3DFACE
  5
4F8
330
2
100
AcDbEntity
  8
0
100
AcDbFace
 10
0.9210639999999996
 20
-0.0243640000000004
 30
1.254504999999997
 11
0.923745
 21
-0.0224670000000004
 31
1.251695
 12
0.9213609999999999
 22
-0.0224670000000004
 32
1.254801999999997
 13
0.9213609999999999
 23
-0.0224670000000004
 33
1.254801999999997
  0
3DFACE
  5
4F9
330
2
100
AcDbEntity
  8
0
100
AcDbFace
 10
0.9210639999999996
 20
-0.0243640000000004
 30
1.254504999999997
 11
0.9213609999999999
 21
-0.0224670000000004
 31
1.254801999999997
 12
0.9180439999999999
 22
-0.0243640000000004
 32
1.256821999999998
 13
0.9180439999999999
 23
-0.0243640000000004
 33
1.256821999999998
  0
3DFACE
  5
4FA
330
2
100
AcDbEntity
  8
0
100
AcDbFace
 10
0.9180439999999999
 20
-0.0243640000000004
 30
1.256821999999998
 11
0.9213609999999999
 21
-0.0224670000000004
 31
1.254801999999997
 12
0.9182539999999999
 22
-0.0224670000000004
 32
1.257184999999997
 13
0.9182539999999999
 23
-0.0224670000000004
 33
1.257184999999997
  0
3DFACE
  5
4FB
330
2
100
AcDbEntity
  8
0
100
AcDbFace
 10
0.9180439999999999
 20
-0.0243640000000004
 30
1.256821999999998
 11
0.9182539999999999
 21
-0.0224670000000004
 31
1.257184999999997
 12
0.9145279999999999
 22
-0.0243640000000004
 32
1.258278
 13
0.9145279999999999
 23
-0.0243640000000004
 33
1.258278
  0
3DFACE
  5
4FC
330
2
100
AcDbEntity
  8
0
100
AcDbFace
 10
0.9145279999999999
 20
-0.0243640000000004
 30
1.258278
 11
0.9182539999999999
 21
-0.0224670000000004
 31
1.257184999999997
 12
0.9146149999999996
 22
-0.0218200000000004
 32
1.258601999999998
 13
0.9146149999999996
 23
-0.0218200000000004
 33
1.258601999999998
  0
3DFACE
  5
4FD
330
2
100
AcDbEntity
  8
0
100
AcDbFace
 10
0.9226779999999996
 20
-0.0264000000000005
 30
1.249133999999997
 11
0.9248369999999999
 21
-0.0243640000000004
 31
1.247969
 12
0.9233809999999998
 22
-0.0243640000000004
 32
1.251484999999997
 13
0.9233809999999998
 23
-0.0243640000000004
 33
1.251484999999997
  0
3DFACE
  5
4FE
330
2
100
AcDbEntity
  8
0
100
AcDbFace
 10
0.9226779999999996
 20
-0.0264000000000005
 30
1.249133999999997
 11
0.9233809999999998
 21
-0.0243640000000004
 31
1.251484999999997
 12
0.9203249999999997
 22
-0.0260020000000004
 32
1.253765999999999
 13
0.9203249999999997
 23
-0.0260020000000004
 33
1.253765999999999
  0
3DFACE
  5
4FF
330
2
100
AcDbEntity
  8
0
100
AcDbFace
 10
0.9203249999999997
 20
-0.0260020000000004
 30
1.253765999999999
 11
0.9233809999999998
 21
-0.0243640000000004
 31
1.251484999999997
 12
0.9210639999999996
 22
-0.0243640000000004
 32
1.254504999999997
 13
0.9210639999999996
 23
-0.0243640000000004
 33
1.254504999999997
  0
3DFACE
  5
500
330
2
100
AcDbEntity
  8
0
100
AcDbFace
 10
0.9203249999999997
 20
-0.0260020000000004
 30
1.253765999999999
 11
0.9210639999999996
 21
-0.0243640000000004
 31
1.254504999999997
 12
0.9175219999999995
 22
-0.0260020000000004
 32
1.255916999999999
 13
0.9175219999999995
 23
-0.0260020000000004
 33
1.255916999999999
  0
3DFACE
  5
501
330
2
100
AcDbEntity
  8
0
100
AcDbFace
 10
0.9175219999999995
 20
-0.0260020000000004
 30
1.255916999999999
 11
0.9210639999999996
 21
-0.0243640000000004
 31
1.254504999999997
 12
0.9180439999999999
 22
-0.0243640000000004
 32
1.256821999999998
 13
0.9180439999999999
 23
-0.0243640000000004
 33
1.256821999999998
  0
3DFACE
  5
502
330
2
100
AcDbEntity
  8
0
100
AcDbFace
 10
0.9175219999999995
 20
-0.0260020000000004
 30
1.255916999999999
 11
0.9180439999999999
 21
-0.0243640000000004
 31
1.256821999999998
 12
0.9141239999999999
 22
-0.0264000000000005
 32
1.256769
 13
0.9141239999999999
 23
-0.0264000000000005
 33
1.256769
  0
3DFACE
  5
503
330
2
100
AcDbEntity
  8
0
100
AcDbFace
 10
0.9141239999999999
 20
-0.0264000000000005
 30
1.256769
 11
0.9180439999999999
 21
-0.0243640000000004
 31
1.256821999999998
 12
0.9145279999999999
 22
-0.0243640000000004
 32
1.258278
 13
0.9145279999999999
 23
-0.0243640000000004
 33
1.258278
  0
3DFACE
  5
504
330
2
100
AcDbEntity
  8
0
100
AcDbFace
 10
0.9179349999999995
 20
-0.0270470000000004
 30
1.253552999999999
 11
0.9226779999999996
 21
-0.0264000000000005
 31
1.249133999999997
 12
0.9203249999999997
 22
-0.0260020000000004
 32
1.253765999999999
 13
0.9203249999999997
 23
-0.0260020000000004
 33
1.253765999999999
  0
3DFACE
  5
505
330
2
100
AcDbEntity
  8
0
100
AcDbFace
 10
0.9179349999999995
 20
-0.0270470000000004
 30
1.253552999999999
 11
0.9203249999999997
 21
-0.0260020000000004
 31
1.253765999999999
 12
0.9175219999999995
 22
-0.0260020000000004
 32
1.255916999999999
 13
0.9175219999999995
 23
-0.0260020000000004
 33
1.255916999999999
  0
3DFACE
  5
506
330
2
100
AcDbEntity
  8
0
100
AcDbFace
 10
0.9179349999999995
 20
-0.0270470000000004
 30
1.253552999999999
 11
0.9175219999999995
 21
-0.0260020000000004
 31
1.255916999999999
 12
0.9141239999999999
 22
-0.0264000000000005
 32
1.256769
 13
0.9141239999999999
 23
-0.0264000000000005
 33
1.256769
  0
3DFACE
  5
507
330
2
100
AcDbEntity
  8
0
100
AcDbFace
 10
0.9205069999999999
 20
-0.0273820000000004
 30
1.248234999999997
 11
0.9226779999999996
 21
-0.0264000000000005
 31
1.249133999999997
 12
0.9179349999999995
 22
-0.0270470000000004
 32
1.253552999999999
 13
0.9179349999999995
 23
-0.0270470000000004
 33
1.253552999999999
  0
3DFACE
  5
508
330
2
100
AcDbEntity
  8
0
100
AcDbFace
 10
0.9121319999999998
 20
-0.0273820000000004
 30
1.254013999999997
 11
0.9179349999999995
 21
-0.0270470000000004
 31
1.253552999999999
 12
0.9141239999999999
 22
-0.0264000000000005
 32
1.256769
 13
0.9141239999999999
 23
-0.0264000000000005
 33
1.256769
  0
3DFACE
  5
509
330
2
100
AcDbEntity
  8
0
100
AcDbFace
 10
0.9163989999999998
 20
-0.0273820000000004
 30
1.251551999999997
 11
0.9205069999999999
 21
-0.0273820000000004
 31
1.248234999999997
 12
0.9179349999999995
 22
-0.0270470000000004
 32
1.253552999999999
 13
0.9179349999999995
 23
-0.0270470000000004
 33
1.253552999999999
  0
3DFACE
  5
50A
330
2
100
AcDbEntity
  8
0
100
AcDbFace
 10
0.9163989999999998
 20
-0.0273820000000004
 30
1.251551999999997
 11
0.9179349999999995
 21
-0.0270470000000004
 31
1.253552999999999
 12
0.9121319999999998
 22
-0.0273820000000004
 32
1.254013999999997
 13
0.9121319999999998
 23
-0.0273820000000004
 33
1.254013999999997
  0
3DFACE
  5
50B
330
2
100
AcDbEntity
  8
0
100
AcDbFace
 10
0.9190099999999999
 20
-0.0271720000000005
 30
1.245322
 11
0.9205069999999999
 21
-0.0273820000000004
 31
1.248234999999997
 12
0.9173489999999999
 22
-0.0266240000000004
 32
1.247480999999998
 13
0.9173489999999999
 23
-0.0266240000000004
 33
1.247480999999998
  0
3DFACE
  5
50C
330
2
100
AcDbEntity
  8
0
100
AcDbFace
 10
0.9173489999999999
 20
-0.0266240000000004
 30
1.247480999999998
 11
0.9205069999999999
 21
-0.0273820000000004
 31
1.248234999999997
 12
0.9163989999999998
 22
-0.0273820000000004
 32
1.251551999999997
 13
0.9163989999999998
 23
-0.0273820000000004
 33
1.251551999999997
  0
3DFACE
  5
50D
330
2
100
AcDbEntity
  8
0
100
AcDbFace
 10
0.911803
 20
-0.0269220000000004
 30
1.251859
 11
0.9163989999999998
 21
-0.0273820000000004
 31
1.251551999999997
 12
0.9121319999999998
 22
-0.0273820000000004
 32
1.254013999999997
 13
0.9121319999999998
 23
-0.0273820000000004
 33
1.254013999999997
  0
3DFACE
  5
50E
330
2
100
AcDbEntity
  8
0
100
AcDbFace
 10
0.9149679999999998
 20
-0.0264000000000005
 30
1.249686999999997
 11
0.9173489999999999
 21
-0.0266240000000004
 31
1.247480999999998
 12
0.9163989999999998
 22
-0.0273820000000004
 32
1.251551999999997
 13
0.9163989999999998
 23
-0.0273820000000004
 33
1.251551999999997
  0
3DFACE
  5
50F
330
2
100
AcDbEntity
  8
0
100
AcDbFace
 10
0.9149679999999998
 20
-0.0264000000000005
 30
1.249686999999997
 11
0.9163989999999998
 21
-0.0273820000000004
 31
1.251551999999997
 12
0.911803
 22
-0.0269220000000004
 32
1.251859
 13
0.911803
 23
-0.0269220000000004
 33
1.251859
  0
3DFACE
  5
510
330
2
100
AcDbEntity
  8
0
100
AcDbFace
 10
0.9115909999999999
 20
-0.0257430000000004
 30
1.250350999999997
 11
0.9149679999999998
 21
-0.0264000000000005
 31
1.249686999999997
 12
0.911803
 22
-0.0269220000000004
 32
1.251859
 13
0.911803
 23
-0.0269220000000004
 33
1.251859
  0
3DFACE
  5
511
330
2
100
AcDbEntity
  8
0
100
AcDbFace
 10
0.9163889999999998
 20
-0.0247730000000005
 30
1.244545999999999
 11
0.9173489999999999
 21
-0.0266240000000004
 31
1.247480999999998
 12
0.9140069999999999
 22
-0.0234150000000004
 32
1.248153
 13
0.9140069999999999
 23
-0.0234150000000004
 33
1.248153
  0
3DFACE
  5
512
330
2
100
AcDbEntity
  8
0
100
AcDbFace
 10
0.9140069999999999
 20
-0.0234150000000004
 30
1.248153
 11
0.9173489999999999
 21
-0.0266240000000004
 31
1.247480999999998
 12
0.9149679999999998
 22
-0.0264000000000005
 32
1.249686999999997
 13
0.9149679999999998
 23
-0.0264000000000005
 33
1.249686999999997
  0
3DFACE
  5
513
330
2
100
AcDbEntity
  8
0
100
AcDbFace
 10
0.9140069999999999
 20
-0.0234150000000004
 30
1.248153
 11
0.9149679999999998
 21
-0.0264000000000005
 31
1.249686999999997
 12
0.9114289999999998
 22
-0.0231030000000005
 32
1.249274999999999
 13
0.9114289999999998
 23
-0.0231030000000005
 33
1.249274999999999
  0
3DFACE
  5
514
330
2
100
AcDbEntity
  8
0
100
AcDbFace
 10
0.9114289999999998
 20
-0.0231030000000005
 30
1.249274999999999
 11
0.9149679999999998
 21
-0.0264000000000005
 31
1.249686999999997
 12
0.9115909999999999
 22
-0.0257430000000004
 32
1.250350999999997
 13
0.9115909999999999
 23
-0.0257430000000004
 33
1.250350999999997
  0
3DFACE
  5
515
330
2
100
AcDbEntity
  8
0
100
AcDbFace
 10
0.925627
 20
-0.0227900000000004
 30
1.244194999999999
 11
0.9253809999999999
 21
-0.0237610000000005
 31
1.208279
 12
0.925627
 22
-0.0221430000000004
 32
1.208547999999999
 13
0.925627
 23
-0.0221430000000004
 33
1.208547999999999
  0
3DFACE
  5
516
330
2
100
AcDbEntity
  8
0
100
AcDbFace
 10
0.925627
 20
-0.0227900000000004
 30
1.244194999999999
 11
0.925627
 21
-0.0221430000000004
 31
1.208547999999999
 12
0.9246870000000001
 22
-0.0194490000000004
 32
1.244194999999999
 13
0.9246870000000001
 23
-0.0194490000000004
 33
1.244194999999999
  0
3DFACE
  5
517
330
2
100
AcDbEntity
  8
0
100
AcDbFace
 10
0.9246870000000001
 20
-0.0194490000000004
 30
1.244194999999999
 11
0.925627
 21
-0.0221430000000004
 31
1.208547999999999
 12
0.9246499999999999
 22
-0.0194490000000004
 32
1.208914999999997
 13
0.9246499999999999
 23
-0.0194490000000004
 33
1.208914999999997
  0
3DFACE
  5
518
330
2
100
AcDbEntity
  8
0
100
AcDbFace
 10
0.9246870000000001
 20
-0.0194490000000004
 30
1.244194999999999
 11
0.9246499999999999
 21
-0.0194490000000004
 31
1.208914999999997
 12
0.9226509999999999
 22
-0.0178870000000004
 32
1.244194999999999
 13
0.9226509999999999
 23
-0.0178870000000004
 33
1.244194999999999
  0
3DFACE
  5
519
330
2
100
AcDbEntity
  8
0
100
AcDbFace
 10
0.9226509999999999
 20
-0.0178870000000004
 30
1.244194999999999
 11
0.9246499999999999
 21
-0.0194490000000004
 31
1.208914999999997
 12
0.923529
 22
-0.0185340000000004
 32
1.208130999999998
 13
0.923529
 23
-0.0185340000000004
 33
1.208130999999998
  0
3DFACE
  5
51A
330
2
100
AcDbEntity
  8
0
100
AcDbFace
 10
0.9226509999999999
 20
-0.0178870000000004
 30
1.244194999999999
 11
0.923529
 21
-0.0185340000000004
 31
1.208130999999998
 12
0.9212399999999995
 22
-0.0175520000000004
 32
1.208870999999998
 13
0.9212399999999995
 23
-0.0175520000000004
 33
1.208870999999998
  0
3DFACE
  5
51B
330
2
100
AcDbEntity
  8
0
100
AcDbFace
 10
0.9226509999999999
 20
-0.0178870000000004
 30
1.244194999999999
 11
0.9212399999999995
 21
-0.0175520000000004
 31
1.208870999999998
 12
0.9198059999999998
 22
-0.0176770000000004
 32
1.244194999999999
 13
0.9198059999999998
 23
-0.0176770000000004
 33
1.244194999999999
  0
3DFACE
  5
51C
330
2
100
AcDbEntity
  8
0
100
AcDbFace
 10
0.9198059999999998
 20
-0.0176770000000004
 30
1.244194999999999
 11
0.9212399999999995
 21
-0.0175520000000004
 31
1.208870999999998
 12
0.9198969999999999
 22
-0.0176370000000004
 32
1.208499999999999
 13
0.9198969999999999
 23
-0.0176370000000004
 33
1.208499999999999
  0
3DFACE
  5
51D
330
2
100
AcDbEntity
  8
0
100
AcDbFace
 10
0.9198059999999998
 20
-0.0176770000000004
 30
1.244194999999999
 11
0.9198969999999999
 21
-0.0176370000000004
 31
1.208499999999999
 12
0.9177579999999995
 22
-0.0185340000000004
 32
1.209033
 13
0.9177579999999995
 23
-0.0185340000000004
 33
1.209033
  0
3DFACE
  5
51E
330
2
100
AcDbEntity
  8
0
100
AcDbFace
 10
0.9198059999999998
 20
-0.0176770000000004
 30
1.244194999999999
 11
0.9177579999999995
 21
-0.0185340000000004
 31
1.209033
 12
0.9168739999999996
 22
-0.0190910000000004
 32
1.245454999999997
 13
0.9168739999999996
 23
-0.0190910000000004
 33
1.245454999999997
  0
3DFACE
  5
51F
330
2
100
AcDbEntity
  8
0
100
AcDbFace
 10
0.9168739999999996
 20
-0.0190910000000004
 30
1.245454999999997
 11
0.9177579999999995
 21
-0.0185340000000004
 31
1.209033
 12
0.9164979999999999
 22
-0.0199670000000004
 32
1.208634999999999
 13
0.9164979999999999
 23
-0.0199670000000004
 33
1.208634999999999
  0
3DFACE
  5
520
330
2
100
AcDbEntity
  8
0
100
AcDbFace
 10
0.9168739999999996
 20
-0.0190910000000004
 30
1.245454999999997
 11
0.9164979999999999
 21
-0.0199670000000004
 31
1.208634999999999
 12
0.9158389999999997
 22
-0.0218200000000004
 32
1.244194999999999
 13
0.9158389999999997
 23
-0.0218200000000004
 33
1.244194999999999
  0
3DFACE
  5
521
330
2
100
AcDbEntity
  8
0
100
AcDbFace
 10
0.9158389999999997
 20
-0.0218200000000004
 30
1.244194999999999
 11
0.9164979999999999
 21
-0.0199670000000004
 31
1.208634999999999
 12
0.9158819999999996
 22
-0.0221430000000004
 32
1.208547999999999
 13
0.9158819999999996
 23
-0.0221430000000004
 33
1.208547999999999
  0
3DFACE
  5
522
330
2
100
AcDbEntity
  8
0
100
AcDbFace
 10
0.9158389999999997
 20
-0.0218200000000004
 30
1.244194999999999
 11
0.9158819999999996
 21
-0.0221430000000004
 31
1.208547999999999
 12
0.9163889999999998
 22
-0.0247730000000005
 32
1.244545999999999
 13
0.9163889999999998
 23
-0.0247730000000005
 33
1.244545999999999
  0
3DFACE
  5
523
330
2
100
AcDbEntity
  8
0
100
AcDbFace
 10
0.9163889999999998
 20
-0.0247730000000005
 30
1.244545999999999
 11
0.9158819999999996
 21
-0.0221430000000004
 31
1.208547999999999
 12
0.9159249999999998
 22
-0.0237610000000005
 32
1.209195
 13
0.9159249999999998
 23
-0.0237610000000005
 33
1.209195
  0
3DFACE
  5
524
330
2
100
AcDbEntity
  8
0
100
AcDbFace
 10
0.9163889999999998
 20
-0.0247730000000005
 30
1.244545999999999
 11
0.9159249999999998
 21
-0.0237610000000005
 31
1.209195
 12
0.9164979999999999
 22
-0.0249670000000005
 32
1.208634999999999
 13
0.9164979999999999
 23
-0.0249670000000005
 33
1.208634999999999
  0
3DFACE
  5
525
330
2
100
AcDbEntity
  8
0
100
AcDbFace
 10
0.9163889999999998
 20
-0.0247730000000005
 30
1.244545999999999
 11
0.9164979999999999
 21
-0.0249670000000005
 31
1.208634999999999
 12
0.9177579999999995
 22
-0.0264000000000005
 32
1.209033
 13
0.9177579999999995
 23
-0.0264000000000005
 33
1.209033
  0
3DFACE
  5
526
330
2
100
AcDbEntity
  8
0
100
AcDbFace
 10
0.9163889999999998
 20
-0.0247730000000005
 30
1.244545999999999
 11
0.9177579999999995
 21
-0.0264000000000005
 31
1.209033
 12
0.9190099999999999
 22
-0.0271720000000005
 32
1.245322
 13
0.9190099999999999
 23
-0.0271720000000005
 33
1.245322
  0
3DFACE
  5
527
330
2
100
AcDbEntity
  8
0
100
AcDbFace
 10
0.9190099999999999
 20
-0.0271720000000005
 30
1.245322
 11
0.9177579999999995
 21
-0.0264000000000005
 31
1.209033
 12
0.9198969999999999
 22
-0.0272960000000005
 32
1.208499999999999
 13
0.9198969999999999
 23
-0.0272960000000005
 33
1.208499999999999
  0
3DFACE
  5
528
330
2
100
AcDbEntity
  8
0
100
AcDbFace
 10
0.9190099999999999
 20
-0.0271720000000005
 30
1.245322
 11
0.9198969999999999
 21
-0.0272960000000005
 31
1.208499999999999
 12
0.9217030000000001
 22
-0.0272570000000004
 32
1.244194999999999
 13
0.9217030000000001
 23
-0.0272570000000004
 33
1.244194999999999
  0
3DFACE
  5
529
330
2
100
AcDbEntity
  8
0
100
AcDbFace
 10
0.9217030000000001
 20
-0.0272570000000004
 30
1.244194999999999
 11
0.9198969999999999
 21
-0.0272960000000005
 31
1.208499999999999
 12
0.9212399999999995
 22
-0.0273820000000004
 32
1.208870999999998
 13
0.9212399999999995
 23
-0.0273820000000004
 33
1.208870999999998
  0
3DFACE
  5
52A
330
2
100
AcDbEntity
  8
0
100
AcDbFace
 10
0.9217030000000001
 20
-0.0272570000000004
 30
1.244194999999999
 11
0.9212399999999995
 21
-0.0273820000000004
 31
1.208870999999998
 12
0.923529
 22
-0.0264000000000005
 32
1.208130999999998
 13
0.923529
 23
-0.0264000000000005
 33
1.208130999999998
  0
3DFACE
  5
52B
330
2
100
AcDbEntity
  8
0
100
AcDbFace
 10
0.9217030000000001
 20
-0.0272570000000004
 30
1.244194999999999
 11
0.923529
 21
-0.0264000000000005
 31
1.208130999999998
 12
0.9246870000000001
 22
-0.0254850000000005
 32
1.244194999999999
 13
0.9246870000000001
 23
-0.0254850000000005
 33
1.244194999999999
  0
3DFACE
  5
52C
330
2
100
AcDbEntity
  8
0
100
AcDbFace
 10
0.9246870000000001
 20
-0.0254850000000005
 30
1.244194999999999
 11
0.923529
 21
-0.0264000000000005
 31
1.208130999999998
 12
0.9246499999999999
 22
-0.0254850000000005
 32
1.208914999999997
 13
0.9246499999999999
 23
-0.0254850000000005
 33
1.208914999999997
  0
3DFACE
  5
52D
330
2
100
AcDbEntity
  8
0
100
AcDbFace
 10
0.9246870000000001
 20
-0.0254850000000005
 30
1.244194999999999
 11
0.9246499999999999
 21
-0.0254850000000005
 31
1.208914999999997
 12
0.925627
 22
-0.0227900000000004
 32
1.244194999999999
 13
0.925627
 23
-0.0227900000000004
 33
1.244194999999999
  0
3DFACE
  5
52E
330
2
100
AcDbEntity
  8
0
100
AcDbFace
 10
0.925627
 20
-0.0227900000000004
 30
1.244194999999999
 11
0.9246499999999999
 21
-0.0254850000000005
 31
1.208914999999997
 12
0.9253809999999999
 22
-0.0237610000000005
 32
1.208279
 13
0.9253809999999999
 23
-0.0237610000000005
 33
1.208279
  0
ENDSEC
  0
SECTION
  2
OBJECTS
  0
DICTIONARY
  5
9
330
0
100
AcDbDictionary
281
     1
  3
ACAD_COLOR
350
54F
  3
ACAD_GROUP
350
54A
  3
ACAD_LAYOUT
350
531
  3
ACAD_MATERIAL
350
B
  3
ACAD_MLEADERSTYLE
350
552
  3
ACAD_MLINESTYLE
350
54B
  3
ACAD_PLOTSETTINGS
350
54C
  3
ACAD_PLOTSTYLENAME
350
8
  3
ACAD_SCALELIST
350
550
  3
ACAD_TABLESTYLE
350
551
  3
ACAD_VISUALSTYLE
350
542
  3
ACDB_RECOMPOSE_DATA
350
585
  3
AcDbVariableDictionary
350
553
  0
DICTIONARY
  5
544
330
53F
100
AcDbDictionary
280
     1
281
     1
  0
DICTIONARY
  5
5
330
4
100
AcDbDictionary
280
     1
281
     1
  3
ADSK_XREC_LAYER_RECONCILED
360
6
  0
DICTIONARY
  5
54F
102
{ACAD_REACTORS
330
9
102
}
330
9
100
AcDbDictionary
281
     1
  0
DICTIONARY
  5
54A
102
{ACAD_REACTORS
330
9
102
}
330
9
100
AcDbDictionary
281
     1
  0
DICTIONARY
  5
531
102
{ACAD_REACTORS
330
9
102
}
330
9
100
AcDbDictionary
281
     1
  3
Layout1
350
535
  3
Model
350
530
  0
DICTIONARY
  5
B
102
{ACAD_REACTORS
330
9
102
}
330
9
100
AcDbDictionary
281
     1
  3
ByBlock
350
54E
  3
ByLayer
350
54D
  3
Global
350
A
  0
DICTIONARY
  5
552
102
{ACAD_REACTORS
330
9
102
}
330
9
100
AcDbDictionary
281
     1
  0
DICTIONARY
  5
54B
102
{ACAD_REACTORS
330
9
102
}
330
9
100
AcDbDictionary
281
     1
  3
Standard
350
55E
  0
DICTIONARY
  5
54C
102
{ACAD_REACTORS
330
9
102
}
330
9
100
AcDbDictionary
281
     1
  0
ACDBDICTIONARYWDFLT
  5
8
102
{ACAD_REACTORS
330
9
102
}
330
9
100
AcDbDictionary
281
     1
  3
Normal
350
7
100
AcDbDictionaryWithDefault
340
7
  0
DICTIONARY
  5
550
102
{ACAD_REACTORS
330
9
102
}
330
9
100
AcDbDictionary
281
     1
  3
A0
350
563
  3
A1
350
564
  3
A2
350
565
  3
A3
350
566
  3
A4
350
567
  3
A5
350
568
  3
A6
350
569
  3
A7
350
56A
  3
A8
350
56B
  3
A9
350
56C
  3
B0
350
56D
  3
B1
350
56E
  3
B2
350
56F
  3
B3
350
570
  3
B4
350
571
  3
B5
350
572
  3
B6
350
573
  3
B7
350
574
  3
B8
350
575
  3
B9
350
576
  3
C0
350
577
  3
C1
350
578
  3
C2
350
579
  3
C3
350
57A
  3
C4
350
57B
  3
C5
350
57C
  3
C6
350
57D
  3
C7
350
57E
  3
C8
350
57F
  3
C9
350
580
  3
D0
350
581
  3
D1
350
582
  3
D2
350
583
  0
DICTIONARY
  5
551
102
{ACAD_REACTORS
330
9
102
}
330
9
100
AcDbDictionary
281
     1
  3
Standard
350
55F
  0
DICTIONARY
  5
542
102
{ACAD_REACTORS
330
9
102
}
330
9
100
AcDbDictionary
281
     1
  3
2dWireframe
350
541
  3
Realistic
350
561
  3
Wireframe
350
562
  0
XRECORD
  5
585
102
{ACAD_REACTORS
330
9
102
}
330
9
100
AcDbXrecord
280
     1
 90
        1
330
55F
  0
DICTIONARY
  5
553
102
{ACAD_REACTORS
330
9
102
}
330
9
100
AcDbDictionary
281
     1
  3
CANNOSCALE
350
554
  3
CMLEADERSTYLE
350
555
  3
CTABLESTYLE
350
556
  3
CVIEWDETAILSTYLE
350
557
  3
CVIEWSECTIONSTYLE
350
558
  3
LAYEREVAL
350
559
  3
LAYERNOTIFY
350
55A
  3
LIGHTINGUNITS
350
55B
  3
MARKUPASSISTMODE
350
55C
  3
MSLTSCALE
350
55D
  0
XRECORD
  5
6
102
{ACAD_REACTORS
330
5
102
}
330
5
100
AcDbXrecord
280
     1
290
     1
  0
LAYOUT
  5
535
102
{ACAD_REACTORS
330
531
102
}
330
531
100
AcDbPlotSettings
  1

  2
none_device
  4

  6

 40
0.0
 41
0.0
 42
0.0
 43
0.0
 44
0.0
 45
0.0
 46
0.0
 47
0.0
 48
0.0
 49
0.0
140
0.0
141
0.0
142
1.0
143
1.0
 70
   688
 72
     0
 73
     0
 74
     5
  7

 75
    16
147
1.0
 76
     0
 77
     2
 78
   300
148
0.0
149
0.0
100
AcDbLayout
  1
Layout1
 70
     1
 71
     1
 10
0.0
 20
0.0
 11
12.0
 21
9.0
 12
0.0
 22
0.0
 32
0.0
 14
1.000000000000000E+20
 24
1.000000000000000E+20
 34
1.000000000000000E+20
 15
-1.000000000000000E+20
 25
-1.000000000000000E+20
 35
-1.000000000000000E+20
146
0.0
 13
0.0
 23
0.0
 33
0.0
 16
1.0
 26
0.0
 36
0.0
 17
0.0
 27
1.0
 37
0.0
 76
     0
330
532
  0
LAYOUT
  5
530
102
{ACAD_REACTORS
330
531
102
}
330
531
100
AcDbPlotSettings
  1

  2
none_device
  4
Letter_(8.50_x_11.00_Inches)
  6

 40
6.349999999999997
 41
6.349999999999997
 42
6.350005079999997
 43
6.350005079999997
 44
215.9
 45
279.4
 46
0.0
 47
0.0
 48
0.0
 49
0.0
140
0.0
141
0.0
142
1.0
143
1.0
 70
  1712
 72
     0
 73
     0
 74
     0
  7

 75
     0
147
1.0
 76
     0
 77
     2
 78
   300
148
0.0
149
0.0
100
AcDbLayout
  1
Model
 70
     1
 71
     0
 10
0.0
 20
0.0
 11
12.0
 21
9.0
 12
0.0
 22
0.0
 32
0.0
 14
1.000000000000000E+20
 24
1.000000000000000E+20
 34
1.000000000000000E+20
 15
-1.000000000000000E+20
 25
-1.000000000000000E+20
 35
-1.000000000000000E+20
146
0.0
 13
0.0
 23
0.0
 33
0.0
 16
1.0
 26
0.0
 36
0.0
 17
0.0
 27
1.0
 37
0.0
 76
     0
330
2
331
540
  0
MATERIAL
  5
54E
102
{ACAD_REACTORS
330
B
102
}
330
B
100
AcDbMaterial
  1
ByBlock
 73
     1
 78
     1
172
     1
176
     1
270
     1
274
     1
  0
MATERIAL
  5
54D
102
{ACAD_REACTORS
330
B
102
}
330
B
100
AcDbMaterial
  1
ByLayer
 73
     1
 78
     1
172
     1
176
     1
270
     1
274
     1
  0
MATERIAL
  5
A
102
{ACAD_XDICTIONARY
360
C
102
}
102
{ACAD_REACTORS
330
B
102
}
330
B
100
AcDbMaterial
  1
Global
 73
     1
 78
     1
172
     1
176
     1
270
     1
274
     1
  0
MLINESTYLE
  5
55E
102
{ACAD_REACTORS
330
54B
102
}
330
54B
100
AcDbMlineStyle
  2
STANDARD
 70
     0
  3

 62
   256
 51
90.0
 52
90.0
 71
     2
 49
0.5
 62
   256
  6
BYLAYER
 49
-0.5
 62
   256
  6
BYLAYER
  0
ACDBPLACEHOLDER
  5
7
102
{ACAD_REACTORS
330
8
102
}
330
8
  0
SCALE
  5
563
102
{ACAD_REACTORS
330
550
102
}
330
550
100
AcDbScale
 70
     0
300
1:1
140
1.0
141
1.0
290
     1
  0
SCALE
  5
564
102
{ACAD_REACTORS
330
550
102
}
330
550
100
AcDbScale
 70
     0
300
1:2
140
1.0
141
2.0
290
     0
  0
SCALE
  5
565
102
{ACAD_REACTORS
330
550
102
}
330
550
100
AcDbScale
 70
     0
300
1:4
140
1.0
141
4.0
290
     0
  0
SCALE
  5
566
102
{ACAD_REACTORS
330
550
102
}
330
550
100
AcDbScale
 70
     0
300
1:5
140
1.0
141
5.0
290
     0
  0
SCALE
  5
567
102
{ACAD_REACTORS
330
550
102
}
330
550
100
AcDbScale
 70
     0
300
1:8
140
1.0
141
8.0
290
     0
  0
SCALE
  5
568
102
{ACAD_REACTORS
330
550
102
}
330
550
100
AcDbScale
 70
     0
300
1:10
140
1.0
141
10.0
290
     0
  0
SCALE
  5
569
102
{ACAD_REACTORS
330
550
102
}
330
550
100
AcDbScale
 70
     0
300
1:16
140
1.0
141
16.0
290
     0
  0
SCALE
  5
56A
102
{ACAD_REACTORS
330
550
102
}
330
550
100
AcDbScale
 70
     0
300
1:20
140
1.0
141
20.0
290
     0
  0
SCALE
  5
56B
102
{ACAD_REACTORS
330
550
102
}
330
550
100
AcDbScale
 70
     0
300
1:30
140
1.0
141
30.0
290
     0
  0
SCALE
  5
56C
102
{ACAD_REACTORS
330
550
102
}
330
550
100
AcDbScale
 70
     0
300
1:40
140
1.0
141
40.0
290
     0
  0
SCALE
  5
56D
102
{ACAD_REACTORS
330
550
102
}
330
550
100
AcDbScale
 70
     0
300
1:50
140
1.0
141
50.0
290
     0
  0
SCALE
  5
56E
102
{ACAD_REACTORS
330
550
102
}
330
550
100
AcDbScale
 70
     0
300
1:100
140
1.0
141
100.0
290
     0
  0
SCALE
  5
56F
102
{ACAD_REACTORS
330
550
102
}
330
550
100
AcDbScale
 70
     0
300
2:1
140
2.0
141
1.0
290
     0
  0
SCALE
  5
570
102
{ACAD_REACTORS
330
550
102
}
330
550
100
AcDbScale
 70
     0
300
4:1
140
4.0
141
1.0
290
     0
  0
SCALE
  5
571
102
{ACAD_REACTORS
330
550
102
}
330
550
100
AcDbScale
 70
     0
300
8:1
140
8.0
141
1.0
290
     0
  0
SCALE
  5
572
102
{ACAD_REACTORS
330
550
102
}
330
550
100
AcDbScale
 70
     0
300
10:1
140
10.0
141
1.0
290
     0
  0
SCALE
  5
573
102
{ACAD_REACTORS
330
550
102
}
330
550
100
AcDbScale
 70
     0
300
100:1
140
100.0
141
1.0
290
     0
  0
SCALE
  5
574
102
{ACAD_REACTORS
330
550
102
}
330
550
100
AcDbScale
 70
     0
300
1/128" = 1'-0"
140
0.0078125
141
12.0
290
     0
  0
SCALE
  5
575
102
{ACAD_REACTORS
330
550
102
}
330
550
100
AcDbScale
 70
     0
300
1/64" = 1'-0"
140
0.015625
141
12.0
290
     0
  0
SCALE
  5
576
102
{ACAD_REACTORS
330
550
102
}
330
550
100
AcDbScale
 70
     0
300
1/32" = 1'-0"
140
0.03125
141
12.0
290
     0
  0
SCALE
  5
577
102
{ACAD_REACTORS
330
550
102
}
330
550
100
AcDbScale
 70
     0
300
1/16" = 1'-0"
140
0.0625
141
12.0
290
     0
  0
SCALE
  5
578
102
{ACAD_REACTORS
330
550
102
}
330
550
100
AcDbScale
 70
     0
300
3/32" = 1'-0"
140
0.09375
141
12.0
290
     0
  0
SCALE
  5
579
102
{ACAD_REACTORS
330
550
102
}
330
550
100
AcDbScale
 70
     0
300
1/8" = 1'-0"
140
0.125
141
12.0
290
     0
  0
SCALE
  5
57A
102
{ACAD_REACTORS
330
550
102
}
330
550
100
AcDbScale
 70
     0
300
3/16" = 1'-0"
140
0.1875
141
12.0
290
     0
  0
SCALE
  5
57B
102
{ACAD_REACTORS
330
550
102
}
330
550
100
AcDbScale
 70
     0
300
1/4" = 1'-0"
140
0.25
141
12.0
290
     0
  0
SCALE
  5
57C
102
{ACAD_REACTORS
330
550
102
}
330
550
100
AcDbScale
 70
     0
300
3/8" = 1'-0"
140
0.375
141
12.0
290
     0
  0
SCALE
  5
57D
102
{ACAD_REACTORS
330
550
102
}
330
550
100
AcDbScale
 70
     0
300
1/2" = 1'-0"
140
0.5
141
12.0
290
     0
  0
SCALE
  5
57E
102
{ACAD_REACTORS
330
550
102
}
330
550
100
AcDbScale
 70
     0
300
3/4" = 1'-0"
140
0.75
141
12.0
290
     0
  0
SCALE
  5
57F
102
{ACAD_REACTORS
330
550
102
}
330
550
100
AcDbScale
 70
     0
300
1" = 1'-0"
140
1.0
141
12.0
290
     0
  0
SCALE
  5
580
102
{ACAD_REACTORS
330
550
102
}
330
550
100
AcDbScale
 70
     0
300
1-1/2" = 1'-0"
140
1.5
141
12.0
290
     0
  0
SCALE
  5
581
102
{ACAD_REACTORS
330
550
102
}
330
550
100
AcDbScale
 70
     0
300
3" = 1'-0"
140
3.0
141
12.0
290
     0
  0
SCALE
  5
582
102
{ACAD_REACTORS
330
550
102
}
330
550
100
AcDbScale
 70
     0
300
6" = 1'-0"
140
6.0
141
12.0
290
     0
  0
SCALE
  5
583
102
{ACAD_REACTORS
330
550
102
}
330
550
100
AcDbScale
 70
     0
300
1'-0" = 1'-0"
140
12.0
141
12.0
290
     0
  0
TABLESTYLE
  5
55F
102
{ACAD_XDICTIONARY
360
560
102
}
102
{ACAD_REACTORS
330
551
102
}
330
551
100
AcDbTableStyle
280
     0
  3
Standard
 70
     0
 71
     0
 40
0.06
 41
0.06
280
     0
281
     0
  7
Standard
140
0.18
170
     2
 62
     0
 63
     7
283
     0
 90
        4
 91
        0
  1

274
    -2
284
     1
 64
     0
275
    -2
285
     1
 65
     0
276
    -2
286
     1
 66
     0
277
    -2
287
     1
 67
     0
278
    -2
288
     1
 68
     0
279
    -2
289
     1
 69
     0
  7
Standard
140
0.25
170
     5
 62
     0
 63
     7
283
     0
 90
        4
 91
        0
  1

274
    -2
284
     1
 64
     0
275
    -2
285
     1
 65
     0
276
    -2
286
     1
 66
     0
277
    -2
287
     1
 67
     0
278
    -2
288
     1
 68
     0
279
    -2
289
     1
 69
     0
  7
Standard
140
0.18
170
     5
 62
     0
 63
     7
283
     0
 90
        4
 91
        0
  1

274
    -2
284
     1
 64
     0
275
    -2
285
     1
 65
     0
276
    -2
286
     1
 66
     0
277
    -2
287
     1
 67
     0
278
    -2
288
     1
 68
     0
279
    -2
289
     1
 69
     0
  0
VISUALSTYLE
  5
541
102
{ACAD_REACTORS
330
542
102
}
330
542
100
AcDbVisualStyle
  2
2dWireframe
 70
     4
177
     3
291
     0
 70
    58
 90
        0
176
     1
 90
        2
176
     1
 90
        0
176
     1
 90
        0
176
     1
 40
0.6
176
     1
 40
30.0
176
     1
 62
     7
420
 16777215
176
     1
 90
        1
176
     1
 90
        4
176
     1
 62
     7
176
     1
 62
   257
176
     1
 90
        1
176
     1
 90
        1
176
     1
 40
1.0
176
     1
 90
        0
176
     1
 62
   257
176
     1
 40
1.0
176
     1
 90
        1
176
     1
 90
        6
176
     1
 90
        2
176
     1
 62
     7
176
     1
 90
        5
176
     1
 90
        0
176
     1
 90
        0
176
     1
290
     0
176
     1
 90
        1
176
     1
 40
0.0
176
     1
 90
        0
176
     1
290
     1
176
     1
290
     1
176
     1
290
     0
176
     1
290
     0
176
     1
290
     0
176
     1
290
     0
176
     1
290
     0
176
     1
290
     0
176
     1
290
     0
176
     1
 90
       50
176
     1
 40
0.0
176
     1
 40
1.0
176
     1
 90
        0
176
     1
 62
    18
176
     1
 90
       50
176
     1
 90
        3
176
     1
 62
     5
420
      255
176
     1
290
     0
176
     1
 90
       50
176
     1
 90
       50
176
     1
 90
       50
176
     1
290
     0
176
     1
 90
       50
176
     1
 62
   256
176
     0
 40
1.0
176
     0
 90
        2
176
     1
  1
strokes_ogs.tif
176
     1
290
     0
176
     1
 40
1.0
176
     1
 40
1.0
176
     1
  0
VISUALSTYLE
  5
561
102
{ACAD_REACTORS
330
542
102
}
330
542
100
AcDbVisualStyle
  2
Realistic
 70
     8
177
     3
291
     0
 70
    58
 90
        2
176
     1
 90
        3
176
     1
 90
        0
176
     1
 90
        2
176
     1
 40
0.6
176
     1
 40
30.0
176
     1
 62
     7
420
 16777215
176
     1
 90
        0
176
     1
 90
        0
176
     1
 62
     7
176
     1
 62
   257
176
     1
 90
        1
176
     1
 90
        1
176
     1
 40
1.0
176
     1
 90
        8
176
     1
 62
   257
176
     1
 40
1.0
176
     1
 90
        1
176
     1
 90
        6
176
     1
 90
        2
176
     1
 62
     7
176
     1
 90
        3
176
     1
 90
        0
176
     1
 90
        0
176
     1
290
     0
176
     1
 90
       13
176
     1
 40
0.0
176
     1
 90
        0
176
     1
290
     0
176
     1
290
     1
176
     1
290
     1
176
     1
290
     0
176
     1
290
     0
176
     1
290
     0
176
     1
290
     0
176
     1
290
     0
176
     1
290
     0
176
     1
 90
       50
176
     1
 40
0.0
176
     1
 40
1.0
176
     1
 90
        0
176
     1
 62
    18
176
     1
 90
       50
176
     1
 90
        3
176
     1
 62
     5
420
      255
176
     1
290
     0
176
     1
 90
       50
176
     1
 90
       50
176
     1
 90
       50
176
     1
290
     0
176
     1
 90
       50
176
     1
 62
   256
176
     0
 40
1.0
176
     0
 90
        2
176
     1
  1
strokes_ogs.tif
176
     1
290
     0
176
     1
 40
1.0
176
     1
 40
1.0
176
     1
  0
VISUALSTYLE
  5
562
102
{ACAD_REACTORS
330
542
102
}
330
542
100
AcDbVisualStyle
  2
Wireframe
 70
     5
177
     3
291
     0
 70
    58
 90
        0
176
     1
 90
        2
176
     1
 90
        0
176
     1
 90
        0
176
     1
 40
0.6
176
     1
 40
30.0
176
     1
 62
     7
420
 16777215
176
     1
 90
        1
176
     1
 90
        4
176
     1
 62
     7
176
     1
 62
   257
176
     1
 90
        1
176
     1
 90
        1
176
     1
 40
1.0
176
     1
 90
        0
176
     1
 62
   257
176
     1
 40
1.0
176
     1
 90
        1
176
     1
 90
        6
176
     1
 90
        2
176
     1
 62
     7
176
     1
 90
        3
176
     1
 90
        0
176
     1
 90
        0
176
     1
290
     0
176
     1
 90
        1
176
     1
 40
0.0
176
     1
 90
        0
176
     1
290
     0
176
     1
290
     1
176
     1
290
     1
176
     1
290
     0
176
     1
290
     0
176
     1
290
     0
176
     1
290
     0
176
     1
290
     0
176
     1
290
     0
176
     1
 90
       50
176
     1
 40
0.0
176
     1
 40
1.0
176
     1
 90
        0
176
     1
 62
    18
176
     1
 90
       50
176
     1
 90
        3
176
     1
 62
     5
420
      255
176
     1
290
     0
176
     1
 90
       50
176
     1
 90
       50
176
     1
 90
       50
176
     1
290
     0
176
     1
 90
       50
176
     1
 62
   256
176
     0
 40
1.0
176
     0
 90
        2
176
     1
  1
strokes_ogs.tif
176
     1
290
     0
176
     1
 40
1.0
176
     1
 40
1.0
176
     1
  0
DICTIONARYVAR
  5
554
102
{ACAD_REACTORS
330
553
102
}
330
553
100
DictionaryVariables
280
     0
  1
1:1
  0
DICTIONARYVAR
  5
555
102
{ACAD_REACTORS
330
553
102
}
330
553
100
DictionaryVariables
280
     0
  1
STANDARD
  0
DICTIONARYVAR
  5
556
102
{ACAD_REACTORS
330
553
102
}
330
553
100
DictionaryVariables
280
     0
  1
STANDARD
  0
DICTIONARYVAR
  5
557
102
{ACAD_REACTORS
330
553
102
}
330
553
100
DictionaryVariables
280
     0
  1

  0
DICTIONARYVAR
  5
558
102
{ACAD_REACTORS
330
553
102
}
330
553
100
DictionaryVariables
280
     0
  1

  0
DICTIONARYVAR
  5
559
102
{ACAD_REACTORS
330
553
102
}
330
553
100
DictionaryVariables
280
     0
  1
1
  0
DICTIONARYVAR
  5
55A
102
{ACAD_REACTORS
330
553
102
}
330
553
100
DictionaryVariables
280
     0
  1
15
  0
DICTIONARYVAR
  5
55B
102
{ACAD_REACTORS
330
553
102
}
330
553
100
DictionaryVariables
280
     0
  1
0
  0
DICTIONARYVAR
  5
55C
102
{ACAD_REACTORS
330
553
102
}
330
553
100
DictionaryVariables
280
     0
  1
0
  0
DICTIONARYVAR
  5
55D
102
{ACAD_REACTORS
330
553
102
}
330
553
100
DictionaryVariables
280
     0
  1
0
  0
DICTIONARY
  5
C
330
A
100
AcDbDictionary
280
     1
281
     1
  3
FBXASSET
360
D
  0
DICTIONARY
  5
560
330
55F
100
AcDbDictionary
280
     1
281
     1
  3
ACAD_ROUNDTRIP_2008_TABLESTYLE_CELLSTYLEMAP
360
584
  0
XRECORD
  5
D
102
{ACAD_REACTORS
330
C
102
}
330
C
100
AcDbXrecord
280
     1
 70
     1
 90
-268833076
 71
     1
  1
78CD3996-069A-41E5-907B-06883EA44C16
311
504B0304140006080800528728580F52A66B22010000A80100004F00000030463938303345452D434632362D343644352D423642362D3235344135323132363737312F4173736574446174612F446566696E6974696F6E4974657261746F7250726F706572746965732E62696E75503D4EC33014360C2006864A5462440826
311
30899DD88E912AD4240E130B4830821B4C5BC94D4B9D88B523E20C1C822371871E009E953030F4499FBFF7FF3EF91D21F4D319B8680BB082771FF8DA5466392DEFCA899969B4E333763ED2F604BC2C159C4521C55C5085E342492C09C9B12A28619C9054446C1BFA7601B979D18DADFDCA9BA92B8DB5BA32F3C6F520D1DD38
311
9AE91A6E697BE187F610F2B402A0BF82F39BC6AD222FF20DA09F179757DA39530F82B09049182985B382721CF39CE194A71C53160F1925940B41825BE3E6CDB2342E1049964752721C7239C431510CCB50A4102649A486719C111ED493C67FCD819731AAF4D40661D049785C54E3F5432B11CA6875FE79B8065DDF67C77DCF
311
4FAFA73DCF1BADDFF66FAA7F7DDCFF9BFF05504B03041400060808005287285800F6ED421C010000300200004500000030463938303345452D434632362D343644352D423642362D3235344135323132363737312F4173736574446174612F496E7374616E636550726F706572746965732E62696EEB606060F80F05402603
311
23103700495E20ED9E9A975A94991C9C9C919A9BA8021430B7707631B6B434D33530B374D435317435D5B534307702722D2C8C5D1D4D4C9C0DCDD8111A415A8C0D4D5C5C8D4C2D754D4D4C8C754DCC8C0C759DDC9C5C740DCD8D0D9CCD9C9D2D1D5D2D81CAC0F63268C6F41FFAAA71C51E483301C51A8018C607D3403E107C
311
B00749427430300838300880B810A0E20063E1A03FD84325E00C1C0A81D63000ED61064A372094C0743D801AC38390426281C2132103D383A400CA4CD9E98029882C027103480464A409B21412FB833D0B90078A393E200E2E4F2C49CED0752A4ACC4B494D01C910060696BA46860646BACE6EC66EC68E06964EE6E62EB54A
311
3A5C0A40A05450949F529A5C129F9B5A92A80400504B030414000608080052872858B5A795FFE3790000DE7900006B00000030463938303345452D434632362D343644352D423642362D3235344135323132363737312F5265736F75726365732F37384344333939362D303639412D343145352D393037422D303638383345
311
4134344331362F7468756D626E61696C2F302F67656E657269635F706E6701DE79218689504E470D0A1A0A0000000D49484452000001000000010008030000006BAC58540000000467414D410000B18F0BFC6105000000017352474200AECE1CE900000192504C5445818181B3B3B35A5A5A4848486060605C5C5C64646483
311
83835E5E5E6262624E4E4EAFAFAF4A4A4AB5B5B54C4C4CB1B1B1858585B7B7B7585858ADADAD7C7C7C464646787878ABABAB747474A7A7A7686868707070B9B9B96E6E6E6A6A6A8B8B8B666666545454565656A5A5A5505050A1A1A1BBBBBB8F8F8F9F9F9F4242425252527676764040403E3E3E9B9B9B7A7A7A8989897E7E
311
7E9393939797974444448787873C3C3C727272BDBDBD3A3A3A6C6C6CA9A9A9A3A3A32020209D9D9DBFBFBF8D8D8D9595959191912626269999992222222424241E1E1EC1C1C1282828C3C3C32C2C2C2A2A2A2E2E2E303030C5C5C53232321C1C1C363636383838343434C7C7C71A1A1A0E0E0E121212484A484C4E4C161616
311
0A0A0A4A4C4A787A781414147C7E7C9193915E605E464846838583878987B1B3B18587856668665A5C5A626462818381A7A7A5A3A3A1B1B1AFADAFAD7072705C5E5C9D9D9BABADAB7E817EB7B9B7585A58BBBDBB4C4C4A8D8F8D747674B5B5B3B7B7B59FA19F606260ABABA9A5A5A39B9B99A9A9A78F8F8D6C6C6AC7C7C545
311
1AD12700002000494441547801DCBD89771BD7B5A70B8EE04C702641712605CE034890E220088028C93245451215B713AF388E7DFD9EEDB8DDCE6ABFF4B57D97137BE50FEFEFDBA74049B6AEED74869B7E87404D2814EBB7F76F0F67A8835CEEBFA0E42B854AA5B2BB5B6BCC951A8D52A93657A914FE0BEEE39FFE2FF395B9
311
B9C6CAD2D4C4606F4B7FFF8D1B37EEDCB97587F7CD9B4343BD134BABE7DB48E3FFA7A228ECD6F6574E4786C0FC8B5FFCE2CD5FFCE297BF7CF3CD5FFC92B52FFE58BFF9E69B776E0EF5F79E55CBBBF9FC3F5D3DFFB07F5898ABAF7CDA3B74E74EC0CE20230561BF096E97E05712BFFCC59BC80539DCE83DDD6E54FE61B7747D
311
E17FB8980BBBFB2BBD4337DF487881AAE6C5ACC6AF25207877B2B527BFF1CB3B77FA47561ABBD7F7FA7FE146A5B6BD74E3164C7F51449AE95DB412200EC539418717E7F2F11B376FF62E95FEAF1442BED0581DBCA1BD2780D23F506AFA16E1A7AD974EF17876F00DD7BCB187A1A97AE51FCED5BF2BC1F2BBE5B3C19BE27B43
311
CF26DE00933658FE129B109C2FFF922CC22C4260FA01BEFB462A77DEBC35F42F600C3F5B0795D2E9E02DAD5E650B4438A92801B65C35CBAB7B1EE5041CE69D3B6F1822DFB873EBD6AD3B6FBC71EBC6C86AE967DFC2DFA4CEBFF1BF54F6276EBC114E2F43FEC60B01A0D440A868B2920E5C4BC10D60931ADCB871F3268B21D3
311
851B08E1D6AD9BFD4BF57F7577909FAB86F29B982571136AF01DF5FE32AC3BD9406CAAF2440A54CF176EDD01FBADA1FEFEFE21FE4C9858DFF4183458A9FD2B6708A5A5A137E0EE1D11A9EC0C7C58B2C73C0AD6B479BD76B7790CF899E287FA5B06FB7B07C9195B7851FA8794031EF1FC5F9406BBFB23375420286399B631E9
311
3B08022A785C4DBF9996EC3551874094D71B6F487E80F6837E50F483BDBDBD83232323AC420A18C68DA196EDDADF68A77F938F78FD972BABBDB7B87FB164AC6FC2CB760365821ACB74AED44FFAD7E7431ECD7E08AC421F391D199998989A383D9D98E8E56F84A318C58D9BFD2DAB73FF5222C8EFAEF4DE7AF30D756E510868
311
3DA471E70D0502099A7240F19E4089D3FD203E620F1B47BF43501E85031AE44B4B9F2E4D2D9D4D51D8970983FA861B3706FF950CA170DE82F6B312CC4F42C8966295F7D725ED29882415DC055F36DEA1FE96FEC141493F05FAA9A9A5A595B333DED5B3D5A533F62183323032F46EFF13EA0AAFA5FBF7C8976F8C10F7280A01
311
4832593B90004D52341980D907EAEB73411EB2F1EBC9F507F92746C40E7AE0AFAE54292BAB2BAB67CAE0746264A277B06508168C94BF772BE9765F7BF0B548FE1E07F3B5A521340A5CB5297C4B12811B89E82191ECF3E41B3259C529F135E23CF4C7F961FB13537F5A02ECCAEA76B5BA5D3D3FDF3F2FEFEFB3AA22053E5008
311
833428DC6C59FA2F770595F311F235D427F379BB8A121BD901B96076A388DC4C3C61C7933CCCD770FF375A6E0CE9F535FE2534BF5ADD3E3FAFD71BF57AA951B6D4CFEBFB8864758A26154430080B06ABFF557610ECC93726224F155D1471041E0D42F82F4891C926C1355B0831649FF365F46FF05300A7A790BD8ADEEB0D4A
311
A9569A9BDBADCCD56AA55AE377F5F3F3EA2A34983A1DE91D810543138D7F28E57FF4E2B5335A3928B76EA1CB9B00BF158C8F63A2E788826896D0B5E7C461949ECE089144F8EBEFC7FB4D8C9C4E9DAD60F7FBE572B416C2F2423ECF8B86C439E450DA970634ACFDA977629098D0B2FAF313A36B3869E37AF7853378CDA1171F
311
BEBA95DF1E44FD5144A420588641B0055A79ED91CC0DC41E27064512FB33F1F04D09D0D2DF0203A646A6CECE80DF28356A348CED8C4F1EF137B9319E1BCD29867CA556AA97F7B757567006A447FD375A26CAAFDED9CFDCFB2BB0BEEE8AA5911BC2C7F85DF88A3775389990AA72219D582409210F85A4E66F2987D875C30848
311
023088FDF77E87F96FD7CBA5B9DCCEF4F4C9FC7C676777577B7B7B67E7ECCCE4E8DEE85E81A6D55AA3BC7FBEB242589CE8ED4770E785D7DDE23FF2587EBF57F50B9E820527316488E5C32D50F979BCA58207297E2B6D658702FFCD211840FE43FC9F3A5BAD9E97E6F21B9FCF16BBBB3A3A5A175B5B1787875B5B3B86DFEFFC
311
687A72674F19D46A8DFDF3EACA59E405375ACE76FFA922C817CE86A89BDD92F400F2C55B7462F610459837D3A61ACF50C7471C8F2F2A9D38C3DA2F068007F80EFCDBFBE5DCC674B1D83EBCBEB8BCBCBC3ED0D3D333D0B3DE33BCBEB0D8DA35FBF9F8CECE68AE020BCE61C112A4C1138CD47F9AD13F7DC6AB9CF9CFCFAF9D0E
311
01FFE6CD503F5B91C5218E2899CA15098714848B04FCE5654884ABF0E554F11F6C21D73D5D5AADD64B7B9327DDAD8B0B7D7D6D6D07070763BC0F3E38E8EB4310EBEB8BC3DDB347E3E37B5842B97C4E44A0C630427E5CFDFB71E03F471E12CA9FF70E055AE141042DD81234B879EB4606361D9328149037D7D76A571A7E974F
311
A20AD0323832713AB5BA7ABE3B3E3D3FBC30307070B0B9B645D93C3CDC3CDCA41CFC6AAC2D64D0D579B4B1B397A7C1BDBEBD7D36657A3CD4B2F44F4909F2B9CA597F4245C59DEC354316F0587020D0C661742BC02869435FD12CF195C422DB3C5A3E2305C000CE6B7B27ED8B7D63079B5B5B878787C787C7C7C757C76C51B6
311
0ED60EDAFA06D67B965B3B672677080BB5329E60E9B477847AE2E9EB53E35779FD37EFCD2D0DDD68AA355B6B0D81860502B8B68C801F5C697E9AD62F4B406244CB975560BAC756AAA577675B07C6D03778C17E7C95CAF1B3ABABE3E3ADADE3CDB1B1B6B681014470343EBA979F8B90383545727C63E43549D14FD0F927E5F1
311
FDEFD7263058FE02EBCD1BDCBCA053496BD58E69BC44F9F854D4D979AE9ADB908824382AC1D4014E9756EAF9CE85B6B54DB01F02F8EA5908E0D9D5F1B3E72188C3C3AB67879B07C8A0A767B8B831FE5E7EB754DEAE5261460243FFF07858D8EF0D658BDC563A2C5EF5833C13C90B69248C4DD97842B61DFA7F210A2F6108A0
311
F96B62E2D3B3F3DD939EA47E30ABF5AB2B903F4BE5F9B36757CF65021E616DAC6F60A1FB647274B4B05B2E5341B082D43278F67D8DFDA48AFF9A13F22B34C7586C9992BA6E66CABC190E313E7C811AA57304B421A75B289B9D174CC868C24548823E230B9A5A2DCD2CAFE1F98E61C015CA7E96B083FC59F3ED06EE60F360B3
311
AD6F79787ED278D0A86FAFE00BA9220EAEFE1D5DE1F7855939C3FCC1332426B377F692406E022C010DB437EF009803F0DCFD3B7C94440571D8F2C328F115F47FD324802070BAB43FBA80EFDB92FCA1F7E7CF9FA875CBB327CF9EB08C4DE4815BC4210E2CB7CF1CEDECEDCED5B757490968286899FAF95583BF46F9393CEE6A
311
86D6F618CAAD9BFF0BE22B042412C5CFB50556815CC5BBE33E9F61ECEC26A9BCB8145FD10590078F9C9E953B513FAE1FE387FAC246E14F9E3CE7F5F8194BD6594140876B6B84C5D6799C61A16434201E5237582AFD75C07EEED9863F463284E2E13425A036BD41061259289B6BDC1ED656FC8B8592C9D00701E27CEA749F0D
311
8EF44EAD8C1F80FFF8F8F9D513191F6803384C800097F24069C407CFAE88136B7DCB3D5D4A60B711F19070D83235F77331FD35E715966889038E2E0B346EAB7936C4162043E1A1F144093695443A570144898BC4079CEF1912809A3035A1D3F361235F90FFF1E3E0FB93C7E2750719F88E7D8E68123883ADB5B18185AE99F1
311
D11C1238A792DC4BEDE8EC6FF503DF377E0445F68FAF4E08D43082D02170F30131A154206CC559A8D9CFDD762B31273E4947A581E0D9BB71E33FFA07CD02CE2A6BE1EC80167497F2A81CFA3F7EFE58D0CF5D5D170DE4F89070B0BC4040CC17BEAC6B0586C3D3FF0309BC06F44B04A1E13729929B4DF73C44070692C810B08A
311
C3012E8EE9EAE22067796288C193B2139B970B86F47FAD0F98382B1E035D9C32FD318A4FAFCB274F2E1FA772F94411B0CD42493C23393A685B5FEF3E1ACF554AF5F3552A478383374E6B2FDDFC4F6DFE38F4F4ED7A7FE838F488EA852482F412D3CB07E293D02C9F074F12E84C5AAC423271450572A385449844706475FD38
311
DC3C22486A0639E5F1E38B0CFE93CB4B25910EF309A2224BD8DAD40C682C28341AD69047E8539A6AFC14EC573F7FAD10AE0FE6EB13E87B28E093B513B5803514DE408809BC12A14876DE0A25F643009E9176D9F0C330164285A7444DC8CAF0E9FE41429EE0A2F6A6DE91C0856C501272404A8468822E24C807030B1D33D40D
311
4AFBDBABB411D093D88C86D7205E05FC57EDD1F805FA4CED5920F0CED39157E007CE21757C5DE440ECBCB46CD283E378029B43FB077B4F47E60E9F61E8D01BE017D7E843EB49F50A2028F1E442FCC90C9EE308E4C0C2C94EAE30B75FAD3A0EAFA57FE9EF960F14BE15638840EAF3BA490BB6850EDB38EECAFD21A0C746D0C4
311
234DBD035EFC7EDD121FA585FAB73DB89FE6A03CF833AB0730E5E2F1A36CE3F202A128934B44E396961121E1F2C9F32BFCC0C140CFE22C1CA8E109B182919696BFB98120234F61B59F7BF46EC30CF067B21A33B0FB3E402448EE266CCD93135A8E823DB31F85E677434E608F53F8100BC0098EA2FD6BC01770E0F2F2D1E545
311
2A711C4BB8486248FAD756D852026B6DC90A2AA5C6B69E9068B8F27AFABFFEE8AB36F1D23985D5960014FD711940800B560250D2272CC54FF1D3A660B275AC3881E349689C1616E1E9044129D032313509DE4700BC867C71F128C400159407C761022BA8A040F40A244788808C60B3AD67A17576279F6F946923191921B054
311
5FC2F12AC0EFEFBD7262B6935679FC7F80629160ABFAEC88E8430E76D82A8DE62ACE50BD4A42FBF03B387B37FD321B37E31C3F063D99703F5160E6C9E5A300CF32A91E0A085A29C0FC507F6C21012303C6104B82C1F1E156DB3229D1A855A32A8352C9077AF733A0AFE0FB3EF81FDF2F0F82C21B0EB06998866878B103305E
311
31EC17F4FD43831E570A2118D1667632D4FFFFB125782F96168A833DBE78C3F11F8383A79D49F58F1E3DBC780417AE6581381E8610604888E2913E12492881274822C221AD04CB0B1D273B8542837460898C686864FF6F801E8269F40AD0481DFAF5E6E9C1F3BE391C325004DF0746A4E4448F7B52C0D5EAD39EC46896B888
311
C4210D68E99DFA2820DF7FF850EC407EB55C3EBC5028611409BFCB8889C90F1C52355AEF98B18100094C9D0EF6F64FD47E5CBF3FF5293DDFB4B50DDD54F351446FA1F14580DC3902C085F593CB24ACC917B213BBC11B3F0A61042FD8B24F4FB9C4556D0CB9E1A880DE89934CE9607F18F81FDD950DD0E1D143F41D56110E22
311
7C250621FF098838042BC85B5B6BCBCBC31DD37B34966E9FFD9936A2FEFEA9EBA4182E5CD3E17AE35501FCE0707E5525A7DBC64DFD077825BE37CE0BBE1BBEC061410C660B6E49912665E2B3749C7C9F93834022F74CDE6CA5EB501D9CBC04B768292C5CCB84478F3CA83074092C6082169015E5800D5839DC6C1B58EFE83E
311
CA513BDE3EFB8EF1242D2D4B3FD55AFE03D42F8492AF8A3F21444FA2FA9ABBF525EAF84C09F0168527B0138A85D1EC0443C467B28BF844EAF76323BE13D7C11F72FED783837B970FEFDE7D7817E077C17EF7E2A1C2C0FE851FE4C008388C15E818958746129E1009D054B67530D6B3D8DA3D59D82D9D57CF70039FF50FFE0D
311
E94089DB269C3655A4F25B38C49D0BD48E59F1526887C18FC5272197F85CA72862A593A4843CD25F920487DDF7AA0441A2C0600D062001F103FCEEA3D8560CEC3EBACB01CAE5A51E420349F602191E5F901893142381351CE17047E764BE50DEAF9E4D8C38B6ECFFACEB141E54A6865A88A60133EE9CBB4C256930B0B168C1
311
C3AB59FE1743FB422C7166082E934AFA5EFA3E4BCE0B69362FA7041818B7FDECE1DDFB4D022007CA23E521F0700AAEB5888BBBF08023E128B4045381542FA256B0D04E28A0C3804E233A1BFB476A2F48FD135BAF9843BEDA3264EB42BA499601F16B566E72C7EA35908ABCB9176BBED43204C696AFD3D7B24B08D3AFA44BE2
311
43D88A6D9D0B6562B52F741E1610C0EFBBAF2B0829289A640EC4C8A4FF66A24430786CEBE1E1E61AF9507BFB496EAEB64F8F49B4129EBDEC065EC1F8A3F228A3CD0950883B41BEC6D1944AE06147289600A7726313AC69A3F91197F1438BCB743E76F01F6EF1D1C854071670FFFE43FF1EDED702EE5A14C85D0C42DF90B860
311
68800659AC88981855E3E774A71C0CAC2F76754EE7CC87C808D1E1E0F6CF47FD4224731337BE1E39C5010823EE997B1491BBD99FC8D8EF77482BEB5EB2CF66499A8E0F7511B19B3EFBDACB6507BC78731B1B383D02FFDD7BE8DD9256F7D0BA7B46015941097B80018F700FFA024CC08078F51806100ADBFA163ABA8A3B95B9
311
D2F92AC30BC908ED31FABE0CBEBFFF0279B675868F9AA24E9530B08C174055B7F48E4F58002F3E82F0BDFA003E8B431EB6C4A91E4D9B5FFB791265BA8827BBE5F1BCFA7F789F72F75EC800F8AE43FFAEC42F13009FB905A9A0132015D0068ED7682AC608BA6771038DEDB3B33082891FAB1ABF5614F93238079726B8339587
311
96B845B731FCB86316713C1DC581B1E19B424EE32674093F80776F7E27C6FBFAC85C536CD955B96EDA2A3FBF770FF4BE11845470EB3E42D022000E0FE07D161811020742162444668308801E133A4C163BE68F6826A5523071CA78B2FED51F28F8C70FE4190073A3E5D3259D7A288CD19BDE623F10021BAB0C6E327FD507B2
311
741627727EA00D31856492F9F009D7F152D930704E642795C1C1B336E0DEBB7F0FDCB79318543B25341F36802D64A981A690B94259607DE0B19D466BF8C1C5E1CEF9A3FC5C639FD6117B4BAEAB453F8EFBDA500A67E8BAF76C8A06566E36EE1184E8329419161F83D843D5DE7D8221163E145F56921C3EE383978072129E29
311
0A9B7166E63D26BAB1FCDBF710009E4051842390031845F20077CD079407C575F20364C4910ED2A574BC357630B0BCD8DE39335EB175646A698458F6A346F003A93002E846FFE0C459B8006E506D79BF902908A0AA05CB5E73530E33BA1D3C2EF99C712B7C8B41DF4D2A7830BE8707485FCFAEEB85A09AB6D39BBF7B4F23E0
311
0509C20DB04E240822A4B810E04D8D53D10D504C059ED86BB8697F514777717A8F8144D48A4C89077F7EDB00E2D89DC02A7B975640A282C49A4AA84B70B12BFED8EA6584860DFB7EE23FCB00C6BAF7332FF259FA3C9346508813E372F1DDE425065BB61FDF8300F7EEDDBE8D0C6EDF46F7D8823478590AE23759D60DA6B7A9
311
F125EDE8F4A5D2B37470D0B63C30DCDE3D3D59A8D1501EB1B0A5377517BDD6E301F995E3F955F0F58FAC2E81CE172A8344AC03DC6781939D2484B8FFC15E8F3ACCD3954CE19576B942D0A029188EC7013FE59AE90B71292DE774F1F63D60230180B30A2EDC65291B6211B4081128856001A680015CE000708254891851D4B3
311
BED0FA4D7166B466BFF1D2A924885AD12B387FC0FCE6819AC3AE06A7AA4B715F0927B74D119D4A668FB54B8A8C268D8B038A207D10A7B1E95E42195B695BE0240F7408B311257C23F581E987C180140C584A02B1670CB817CEC0A080F259F1360E58452013200E3EC107AC1DF4FD7B0F6D23F33347F9527D9F51E6138E31AF
311
35F1BDAAEEEBA3D71BB402E2FB47CECEE96B4DB85536772B07C82A34F3E66D0BCEC207FEB9E70643761276F7B50D5EE963CFF80C7AF4A2130F5BF8C4EBFB5F07B709840480DBD8007FB7EF3F90104908BA457D43AA2A6A02C91422285E5AAC143F3313A0CB74D9D164933B86C25587134E8D342B453FC982860D09FD13ABE7
311
2055ED020E85D3E312F74C25CB0293D978A1C4001927C80B86FD06349126EC219F0C735C8053D8F5F310817EA01F1B7851F406144C211C6362C27DD51F1E310C0102280ADB891E9B085CC528A2B1369A46BA195B9A2B351862CE43174BA73FB7CBB430A5798F4C54B7333B96C3224A9863AD02B9FBD8E63092191924E77C19
311
9D92887DA594B6DCF0112857162FD0949FE6A441F5E62E42FB2105BC405A2301A3424601DC807912CB2C39C604A27908021CDA30C4C8C2019A883B3A8BD393BB3546136EAF561980FB63E9E035FF73B96D09A905ACB2C11D79571C5159026227DDBDB81396EB03F14100BEB66DE1FA9EF82C3ECCBE318119C4269FD014E663
311
61FC8BB0B4EA9A98EF3D8848A01360430284335004C183CC25BCA82D2302EB03B8419241C64DF4F5ADAF77B533BE786334BFCBB8DA72BDBEFFC36103AFB30608A0B39B58D93F0BF42180841DD26BDC22CF0A770E90240006BAC65197D90920131C7B2EB3CFD3C71C6378A305EE8488FC1FF8D391E2BDDB0F6E3F45E7C8207C
311
419800DB410073A3173942CA8D5242642A74496FF115832A6314D9FA4257577BF7FCF8F8E8CEE8DEDE5EBE76DD3CF892BA7FB8B90F629431B5525E92A15A3A4A6FEA3FDD73136172060959206591F4C927196CF645AA285CF3014630121754261C0D31E1A7E3DA2DBDB54B04703BDE3A4209F02045C4BB0F529A14BED07098
311
A2A1CD47513DA64B512F409BC01663090796D787173B5AA141B1B39BB470EEBCF1E30F9D263ACC4D05110797CEF7B923B027F089F74D1D06F0A4D8C0CDA6604023FCA45B76C5CDE0BF3845ECBE13E0C0ED73700A8A753C1AC8AEFFF1B407FC8A20F42F0D94019121DE304077A027D4112283BB8FF0072444D68AAD111D6F59
311
1BC0061854BBC048EBBE9E81F6A33A95C21BFD13AF3C7E7DCDFFEB0DE8903F77B41DF178E99C289895B0EA8CD640549D68935BA7C5294E0A1D66DA0CC419BD398E6265789CA1241441AC94532A3C19C95340BEFC68703077EFC1D307B71F3C500859C11494838E902203A2BE90EACC5135B80B078804340C920C2300BCC06F
311
7A1C71B875DC572C9BD1D84BD5FB9363CA6BA7D03E5C40FDFC54FC23C9B4B9DDD028787D89219038523BF64E638BB37CC25335937A00DFD32869C5B390C8C32FF25C8C47A7181B4A599A224A9DADB0E0406FEFF9F183B7448F081E3C55024FB33828784AB61704482CD0160C04174F9E33BA9291D58C2F1F1B1B3B5863B0D9
311
F3E51C35C253D54A23E560E2C0CB3A6F7A81382601C2079CAE96B7B1560D20A341E85A928A4E01083256420576C2ED477E2E565FD9223BCC691CF394D3D8E281501E0EE5C1C8159E92585D255CF30CC854C75318006EA4A01028EC853F9407C6053910BE105348324002260254886C156260F9189EE0F8C9A3CBAE9D5A9921
311
84568A69D5183A7DB97DB089FDC57AEE54F858FE54F577DBA85309640290F2D220952620750C5811FB772A7876D1E4040FBFC6474D51246D8B3FB378283FB514F8AB3C20B8BF7DBE5DE541C9A5D3D38DDB30E00151E02523081BC89C2214103E0BC1B3D0199A08E002681A2613A2616CEDF0F0F9C5DDC75DA395C25C0309C0
311
3DEC8091A4AFD3FEB504AAC6633930556DAC86EE3561941E862C4A75DD6B6BB3A0C59BE153DFA73EDFCBC3CE2188D3D378FC976D0EF9A95B7C8532F527CE3CF539581E0FE501291E9139FFB65EFF5DBD8E0C18DE3077170A64E033FD278F18068028802F156C3809FDEB11B1019C208D020C9BA2870457F0F8E1FDC7EDD393
311
E3B9FC9C4308E9315704233F960E554802C14716B0B45DAB5EAB5E25AB7830EBB8D25E6CA94E4AA01794FB1EE164FE9F040FE82C940A4BCEF913075D087E85A7237D3CF29C47E4E676777779528C4781761F0BFBC1D3A77880E40C9A2E5109180D5255317890394229F0F082010354082D574F1E3FBAB7D6553C2113DACB97
311
BEB5526C7C6F69F9310A94C46CD89FF8F379AD1AA035FD00FF3F320180F01417A6F255A3A8D86319FE0C0B0E06A0DCD33F79841339C01E5BBE1911AFCFF7C1E0A540BFBDBFCF2372352686D863F83F59CB6865F43104007EE06F52406F680341102048A01BB048823082CBCB0B6AC48C313F3E7CFEF8F2D1FDC3D6F6F9F9D9
311
E98D9D7CAE5EADE2A6512FAD7AB526E17F600C85550DDE9ACFE9D97E694513103BC69F8A2813176032C890C1E9C49FC09C61670FF8705B1D7386260E7C8E7122C7F8208A55139E8C8D4763F7EBF5728DF9C34677364E3A3F9AEFDEC9CD95470788834F9FBEC512379890B38C94205B2557987C4186DF5C0837608DF0F9F3CB
311
87B7EF6E920475752A01460E556919B2B64296FB9FB70DD5F47232A0F77465BF140CD001F00ADCA175090E2665A14E6329B62660E02A1CB50C6025E3DA252A670B3F0FFAA5EAD94A509FE7036B159E0D1D9F2E76B7AE1FD5A606198D3A747AF450023CBDFD162278B9446688111009B4029B0F2180AE20A542D40610C073B4
311
7FEFE1416B2B12200F3C991C2F54EC2491027A816B0A34A9D05C6F437AC23462385DADD75642EDDA738AF1600DBE07EE8437804D2D011A94DF71C2085EDD40266A407FFA1D1C00B0C03927E60338E3B9D8C47D1F8CAED578E06F7CFAA4BB63B175FA7C301B747CB377F45192003CB8FD34B12009224543D8604494011A80C1
311
903CE0518C986208E1C5FDDB8FDA161686873BBABABAE74FA637BEA894A44078C19696F326E057D7F95D061A6B0394A9D5F2DCAAFE4C2388D8A6E9AB7695CB0BDD0A332430F1A9333DA41D1FFB97FA09AE84E738C75C407C260408F8DBD5EDED7DE1570A7BE333C54F16963B46AB0C2B71208EA3D16EF4EEDCD7005241166C
311
005A73C03164792151205C007288AE337B4D7103741BDE7B7AC913350B348B2D767515674EC6F72A0402BBCB41C81305AFCF05F2758D3ECAC8D26AB97606DB9581A4B7A8FFB068CD5C0604E6849046B70C2B60FF0CDDF93C13822B4E82FA0479A68220E66D9FD775FB3C1A9CDBDB9829B6AF2F77EC9E0678FB20ED8D1B1A1A
311
39D10F9812E20D6281F5673121AACAA9C53424000DAC173F7E18C3052EEE3E78E7F1160F5AAEAFB70E0F7775CFCE4EF384DDEEBEB9C0889D5243BDF557559FEDE5F17AB21E118C4C31A3DF6A96B56AC62180293910ECD6B721047664BCFCC6B2DD3C65CA0F0C823DFEF84083C7ECCDF05898EEF158F4FEF97EB9C123F1B9D1
311
D1A3D9F9AEC5F5CEDA84A3C96C14A55584D62893D6A54D8D2028D05C8B1F124884543F3223B29D208B04910D3FC43F5C52196AEB5B5F5E58E8E82610F08C21BD443801233C0CE8BD1E40F84A1CA86001990048031ABBAB11EF83F9283EA89F181F2A0D9A9F62D94B7F625FD727E6A93F63F200F614F7CF100D4511C07DB45F
311
C5F0CB4CA359ABE4774631FDAE85E599EA0878A3C33D5AD6430CF4C055EE5FDB80629000D7855DED3F436F3B61B3DC7FFACEFD2B1BC6FB0696312CFA477CE87A87070C7998E04FBA78AE3F915A065E819FCF35B410321D9ABB308146A11AD5196CDDD7C477A171C8AFC74B45CBC6F641AB53C8D4ADA5870C02379BC0470CF8
311
3DB55F073E29CF5CE5F7A3F8FD62EB7AEB1774C2C6780B9523F9287193FD23DDB79FBEA513B45200E2E0C1B51350163AC19043C600F2C1DBF7DEBA7BB9B5457BC0D840CF325EB0BBABBB786D301437000020004944415472B491ABCCEDAFC0591201CAC8EBFACBF367FE7B6E40E69F551BBBE7123E3C00AC560CE20C62436E
311
8C3C54CC225EE08C0D74CE26148877689EDD004FB2BFBFFFBB984035373A7954EC5EE8591FE531348654514DB1D1C56411DFA2A7C212BE5ED91278F2851A432244C6822C29C85A8B320ADCBDFDD63BF71FD32648E7D098CD018BC35D7FE89E250EF2AC75F96C15271602687965C844B8807C6E7729D93F22E81D39ABD62A08
311
20C1FE9F11CFA7208125D33E96FD69E83AF6052DD32D49FF0802CD9F9DFD39260389A950887A647CCC99BAB17132DFB5DED35138FB3A060F6295AA5E195BF0BB56495A5A4A8FA440026E46A047D40ED2520A441C302D240F201FB8F7E0EDDB0E12A04D8816215A0579E8FE1B1281E9F19C9900DE79842E2A7CCD48E9876EB0
311
1C75DBA0E0C8D44AB5512947A00BE7CF5DE9E1A6A6BE43CF1A78783DFD5A404E4477336C1ED8B18908B2A847B2AFE9839E891137A6673BBB96FBBA2A4B8E9373B001F08369BA11BE8ABC4302FD2345FD6014A127068427D007BE28B41D9B0D40FFB7EE531FA673C8870A69135B1CEEE8D009C08042A5B4EDA314920B635BF9
311
41E7487E45256439DFE9D276295F87E698389CD49FB394FE19720412DEDDC40E9CE9C6DD605E0B719FADC416CB15AB3A61F9B5B9B9426E54F81D8B03DD950946D432B40CEDAB7BB5AF11213CBA73C9BCCCDAFBCF06127C7980FE6D1DC9B4DF14832D6568FEAEEBA76FBF438300B541064ED33F3AC0B0D10505306FD370AED0
311
2859234402F6C3FED006766DDED2034D90D119057225EEE3DAF787EBF30EC51ACB4F551678BD6728E1944730C095F13E4D81A4DFFBF67C5BEE37E62A85FCCEC6CC6C7BC77A5B477E22223ECA4FCC0F87E2A5E3EB782BDB25B8CFC6736A044DE5A7CDA604526361D650484FE283B77EFBD65D52C1C73C4F48E7D0D81ACF572F
311
2E2280F98FB230508FA906B42DE240ED651B301CEC83DE1790C9FD96B6CBF986BECF3BD332C18EF627A0B6EECD5B152E02088D03D828AFFAD26B05BF671B4F9A09A8CE0CD2707F67F2A4B3BB75B9ADA331C1305BBAC182FB4A79820B7EEAF73199B8404C0B81231CDCBB871B80FC41FF5860E8E108222A1A076C29E6E03B6F
311
3FBD4F1F295DC457573C7ADED636D6B7B8C88413DDF3B327E1046AA51040B40CB50C7E3F1D2E44DAD34CFA604029BFFBE714DF0C069908027EB275F1F366C132E1A7450B04011CF82B2B647CE754F650FF6E25BF37AAF65B7BDA16CAA791F1D09F6CAB989EC5AB7809BE145FA459E8D3E4B0FB47DAEF093B946FED585B80FE
311
1A0305FD5330FEDB4FDF79FBF6BDE81D8300CF6815E5F9896552412A03F31FCDCC7CB5E32365550CD9365FDCCEC8752E943161D78047336F8AF6539840A1F2E764FDA2970999F205CD2BD1F5CF496571F76EAEFA0E1CF8FD2A55FD06391F9EEF8B9DC9994E72BEBEE1FC928E2F223EBA0FBFBFB4F2DF137BC894B8087643D6
311
4ADE6EDED67F7680FAC9060239E845FC94AE93D880F994FBF71FBCF5F66F9F32C292EA900F9C1E6F1105E81C5B5F58A067A448143842008D7275EA3BBA3D2516FDF02FF79260020D6B3C714711F3CFB61BFF56A826E627E82256F7400FB387FEF23C1C1E77FD6A21EBB1B2B35F2F95E7760BE1FA3ABB3A981423477517EEE3
311
6FF96F122B942F6FB64D9502BD1B9089162532A2FEFED255028FE653C9F46FA321E0B588B7DE79FBED07C44106CC85133CA65190543004D01D02D8181DDDA5A9C91A7110805B7875B689FC3902200FB192E7DFD936B37B57D9C338BD49E99E181F4E5FCAB2ABC1CA7AAB382CBC7D515457CFABE6FBC63D525E5CDF74B16378
311
B9AD6774A58531912D232DF01BAA913DFB7D3AAFF912984302B84D0500077800D26C60A4742101DE420C610C2E92FA93056022EFBCFD5BB6B38651470CD33BD87630C05831BA864C85997B8754B05167F0706499DC442FCD22592AEC2ABF3FF13F950039BF159FA9B36ABDB2778EFF83F70972B83BFD3F4899E64DD8346AA4
311
95CB155A7499F2CE39B0AAE755125EB84FD8CF8D8E4F4E9FB4B72E8F1DBCCB98B31BC4607C2CFF21C8145FB48EA0F2159F86A3098415609554DEFA7B27EF1301033DD06D274BAF6821D220DEF96FA4CBB60B3CA241C021D38E1AA76B4406B4767576166766A6C7F77273F5F395291BBA19F64F2E3095C14F3E60371827741C
311
B27E89543857D6D96BF9A47C6A9A26057840332EB843717AAD171880217B71FCCC0355AED3D4819911F79D0EA8AD6DA31A83E36C5DC2D470295C011302387069158F6C9966022367ECF1D00BA9BB95C389AE7B6105A1FB640689033A7FCCFFEDB762189103A61C3A4FEFE0D6A6B5A19EC5755A443AE78BC5E9235B047890A6
311
5919A0D2F96AA3C01CEE913BB3ED239C3E0CD8DDAB99E4348BF3F8B977B6C43DEBEFBD7721A839A63B94C06A10DB87FCBFA3C2932F8C26F88B6D6BB30C3C4E09AFE40FAB52EFAA1EC0316920E031A46D65A0FFE45A673432E907FBCF86717AC04F2CD0EF512D665FF53F05BFCDC43489F150890C60A8E0314E70A06F619D30
311
D841189CA15D3417F3CD50191AE4396543F0C42BCFD696C58DF163F5B46D708BD5FDDA5E5E5FDF9401BC4F7E00E8A17520833D1CBFF495B5D1CE037C664123EEE74737268B5D1D3DBFDA6AAD8C08DF2C0BC7A737E10AAB2A7B958990CEBF556CDBEE823CB09FB344143463C630CFFF585D330CF0320E921744A7918280FEEF
311
981161008E9FBC78C830217A07B7D6985E83F9A79884ABB5AB383B4D7D788F9FB3D867A2112A43F19042B33A108690CF6F472F8661CFAC971478757F6E6F2F7AEB82FEA85E5715941778B278281F28C268AB24BDB470EF3303E09C359E9DF1CF990D8A096106E6A66C8620DDE7D281DF0B2831F20439A30D68386CE13E002F
311
7EDA8D7806162B205D6A19AA1FABFD6B1B400EC2BFFDD66FDF7E8755B4883C043F43046C1326136680404F1F934EBDDFDD39CB58A98DF1BD7880E0532E671FA1435E9D6EA5E9071000BE8F262E7C4044FD95D5FD526EB40A05A634775F32205C3D779FDC168CD5E56BF982508BF572BDA4F6F57D3304BE9EB18149461B12F7
311
60D7485891CA47CFC44909136FBF4931716A2E100123FC6CCAA6A644F25EDF4AC980B14039009BECE8B798BF69A05DC5B6885CD23F8E13A46FF0C0A986D617F001C52241801E87C2974C31411DA3A5D7B6175472763D637D3E57C33B908F867F4A59CFCA7923375E5F027A983E18BD7BD4E6FDDBB2250C1529F4202EFAAF97
311
9DFFB1F2612E87EBEFEC58581EDB9AA95AD1D7C1905F7305BF8182D5BBB524D47C4E3B81CD843220DE1E6536497C0962C225F75A2D6A998303B23FC501F0B3F736EE1FF01200FC8C99F5515207C9C40081DF304C0A17D06E26CCBC5B3C47459308178301FA8057C2C0AE9D99B05F038828B08400F2E3251254DD7EB8BC4853
311
B101F99AB48E387457C96951E5DB670648BAB70A7B04FE93EEC5F5B183F9739C98952C6845C380D401B8FC86E70A20744EC720E09D35955D96A9041720196D183AC2CFE6AEA816652D0234883D788BEC8F5DF2615261DB031C2381092401B48D8D2D870FECEA9C3D99DDB036C8A051058030E32190976718C89F031DFBFF2E
311
EA3D88606A8A19BD0AE305BDFD12BA4FF46F1A0002B07137989C748936E9DB2C91F43B07E4E4D16C3779CF5A4FFE8CC981F07C29E34B7C012AF0054FAEA4A6A3D49D3A16D2B3CF220A029003366663053C89B3FB1827080DEC2780076FBFFD8E39810CB0593CC68B5D9009F2D400418028B0BC6CC74067E7C9CC0C2690FBB0
311
84AA5254A12AF63543B35EB40D17B693F7E3464D5094C00AA9E04E0E0524F5C35C5EC6BA94B21AAF2440725E2A9FF94FE7A8F0E769EB83FDEB039B631B18BF396F5C13CF89ACC02C387DA56DC3B1CD84B96CFAAA37B55FE723B611062258257D331F186AC93D8AD600B4FEF4AD777E4BF68F2168FF08C081A37AC13446C859
311
964803961928476D78F68419390D830C1935B5C2A0A22A3AB17D3D6428BF12DC373B8D464E04C0A496BB3B3B75639DCC2500E0F0B15FB6F47B5A7ED0183A87CAE8D535F2EDBD4B3B7FC762DFE65A07C30B2851DB890082ADC07131EEEFA3DB7DD5CD32C0860CA83CD4B7993A175F422A8149B1C1D94C1145059D9C78A8A572
311
A90B7C8B1E3392FF77A80C50220880FF3669004E90F101740D2B808181455A044904674E7482CC3EC85C4BCE339404C0B0BF6A5611E4F9B8157BAB6DE327EC9BFBA1B4557ECB609C1F45326499EFB90EE78F18227F09E563C9E63D847EDB3B68EB9C39E95AC4F7ADCF7D87F6752BB6912040281E4A0D8A8314E80D60470999
311
B8A51FB1488A66A9F3F81FFA61C83F4FA6969E472288FADFD61B005E0EA4284822E018911828E868614DA0C36E11F3A051070BF2F0840E35F200E2C0C80A776CC9E7E6841C0503D0EDF15ED9AFE527E798D23BEE5F0604E58DFB7099D739BF0BA5D332EF29F1535995BDBD0DE681C4F71DFE6A7AC5A13554AE6910963E9ABC
311
9A0DB5B202225545F5CFACC942B5B93C207352B6E5310BF349AF200175D7DFDF78F6D683B7C87E087FA9B35812C4F8F13452CED610A2207541E6D659A739441F3833CD0C9C3C3DC2B0712F62333C4FA9327C9CA1124904B4FDE0FE21C119776CB0C212AAFBA5CAF80EB43772ADFE77CD9FA8A4144C54C2FB2304C65F62FC36
311
78E4F6C68F30FEE1BE8383CE7DB86F58B1AE0C51F0F055E188D02F00911DDB0991832228B3172B3E623E513FF1734FF414A611A603163F401BEA790FC9FF7FC3FD3DB02DC00184145B850D01D120424DC03C00FCEB7880EEEE939399F1F18DBD4AA54C939899304D913CC2D5CFBC55E50C7FBE4C0E14AEEF53D6843DFF56BE
311
2D554637EA047D3C210E2C61077875FB5B40E19F43AB7470CAFE1C0D3ED3B3B4778D1DF6D4F837C08747180FE8394F2CA1E0A46B6DA62CE2B2DABEDE0B1924098580FC16B369730E9E90541D3730D47FDE16EE1FFAD3419CDA05ED1F2715C607F2E81893AFC5936303F40EB776F1D808BDE393A3FA401E1C706E154C892860
311
AD74A2949C409E28A8FB3349C764D13E4D1D3468952B7B1B35001BF41142CAD58D6011C8B78961EACAB66E9AFBC627673B61FFDA4167950A274145BF11EA17BA9AA60815C2C43AE1F648E3772E53C94E6364AF826019E723069A8AA353A3BF7FB5359281700061FF64C28C10B9AF0B70B0B0D30A31CD1CFD22F68C76DA1E44
311
558869257892363C091D313EFA46B57C3BEB252E9C6BF5B4799EC58F1910F469E25AA17B343799DB3E33CF410061F96C6D63FA91B1000CEBB7D2971BDD39A2A76361E000F5DBC1688D47CB812DD60F8001AF25B328D173A9E4BAC18CE9F1F628704330741B2649B92E9714447C68559C6CD2F681919367E481110075005880
311
9D0230C087A89FF3C80C23C4C60882E481F48D531764BABD5CCECA308DE2F63D3BB50373D630796126803C2D1FBAC148F7592881B395ED7D26B7DD38D7096AF98841CB37592561D9C6565317AFBE9FC4AF7371E060736C7635E0CBA1809FC80F544DBAA1F2F9393D970D44C0615A0C6930E758B9E63AE690F73045F0C8C073
311
1DE9CD80F718E94652383458799E02C06D328010011C7090D8C5E5336A83D4059953877EA1E1D66FBE994F04608C4C991917230FB61F9AEE183A40AB9108D032449FD1A7283DD25ED15360EF7EA9303EDDC0043403531EDEAB10DFF87F5E2FD56DF0F1B701A9F614DB17FA0E0EDF6FD0B1622A81FA3D1DE5A33F551930335C
311
353A87F9AB05C60455193448246944A232C5D07636D864CDD7A50D0B4440CDCC465D1C418321F50E1648D500294065D869559EF3C40C8FCC6C323E989AD0F0C73142480B200842802C061008B480A9954AF282052B3AF67350FD0DD30D1F4075AC303A5D490250F5400ACF479656861E4C77AFF327F3EBECA4B57B6B6C8FF6
311
2602BF150744656A87DABD7BC6BED50527B2120C001A0B3718C74F0C65CD34F275164D7968148DDF259AB8AD6CA81CDA4E8819509B996A7F642D987A401A2B04018C01E6C169A8700F9DE3B489DB2BC49C9B7B858A4F50D22AE15428FCA4A1EDB20C83492690CFE361CC7F8C8066FFD0D77AEE797977F468A36E0B0DFC87F9
311
0EE6348BC748F7CB73B5B9DD5C6EE7AB19ADBF6DF359F1DC2A0F9E44F213F8041F64274C0859A2AB7C37440FEDDD2F95BE44065F22067E3EA0CC3BD8C0D8194EAB291CCEE20B9CD8E02950AD806080047A279F19024C837C848816719AC4A34DF8F0706CED904E8185753A458A27E4C1E37B5F30A104932BE140E0BF4E4001
311
60F320B054A8705042FFC47B4940810173F9C9E97240C7FCC3F3813EA239B745DE9F1B1F3FC2F9330374DBD1A7B475923F9A2ED81716D18D1B577DAAB9D1A0458655AD3CA7E211867AE7C702DCACCD291E0F798013DC01BC326087775C0833E04EA3778FBCB8DA4687A0255CA0AD210C15661E4E92001A4449031D1DD27D32
311
7334BE830B64DAD90CBF537A45FBD4E94A7A88888E715B7E74FCD040E818BDC1BF5AC609CCCC015DED23877080FCDC47BD8EF3A7B783A17D33F3ADEB6D6BC7AD75EA7C7852C5B6FDADA6AFEFC2D181C03F8C40DD8A4AB5024F0B72E34B57BC1182472DC80946789AFB711DB7F1193C03C893B0345F420246114D3EA71D04FB
311
A731C0DAB0D3CD311B218F0D5A15ECC105D02F3AC32F13600084731A83220040019B03180634B5923D438300B05BAC80881F061095FED5D572A3323ABD83F1D37A2301A8C930AB3F66ADF7CBEFED30BAAD7D78A06DEB6A87F15491F5AB7E25842B6B34BEFC12C8A159F187C64B3CBD2356DE5FBAB98BBE9583F0E3280C0076
311
DA15BF34C15238145742B07080B1EFB83382F9FEF2239D003541041083C5AF9EF3C8944DC2030BC3ADEDDD9D27475800693049E05413BFB3FEB4308731512F13400D06F813368A0101D8D863EB3E75FCCADED124F532AD3F123F131AB46A93DF1ECE7F96CE9EB6C365C6D6A07EEC461FC919FE288AF7AE1A7D012D291EB073
311
735FF26BBB1C99FB706E972192819B7A34BF22424BEA1CC7958AC2E04BFC8E02DB90A4A1DD04811ACDBC181037864672C78F6C0EC3073A40CC49D5E813593B7002763BC6A909D31AC86F3F6E335C9E1C309BC58F16418642E2AF6B290A34FEDC0CFEE08FCA0F56700699CB73B9C99302AA17BD516D7F1FD755A2B32B3FBE71
311
34D3BEC813195BD355020A7DBB541539CD2C06E45F46FC0EE08293E6C0E1972176D9B678340AA1A4823404EF79B1E2347E47C35D0A2260730E0B513025DC0BD1C07E3366E9B9D17F767405FB531070700035618606F0B40C73C974CFD321B0C174A80C0F3AA54945FFEF348F5488895713E89B5C98DA501E06D8D24FF04FF0
311
CD7ECD7BAA755A854EC6A180AD13BE094E8D5D63BFD6DFA5F5D3E4DB1BA18FD8473DC6E17FFC9832B71A2A94D96E808BB53F9192955D62C82E282B05168AA0927D54AB20A20A74800B7CC9655C8B15F62377CA4C91641F9F4D0478F4FEFDCE273A002CC0A725EC165CE3A149F0333E8E9600B2C05A7D15FD831F0938DBE5D0
311
FF13E3C0F0765965A0961C3FA86DEEB0E28304747BFBA5FCDEE44C23544F7BB7BF7A132DDE34F99E44EC3FEEAE92F667A10F7E90B0E8C6442DF5A5318B0F816311DB2E6DC6F172C363FC800EE09186BB9EC82A24C0117700CD884AA42023B81EA6E0CF8B3056411110D78606EBC5AD5417B45BCC8E61EA01C4006AC233933E
311
35D860BC1B6CB9C9CCCE7840D2E0C1C1FFC11CCE54D59300F2B47D66A10F09D8E24B71B9BDDF98FB62A3B897C53EC88D16D1FFE8C649B17BB8E760EB20B784F52F992544753F2CBF642CD3C9C70D8722C197142C567E74FB431EE248A8F3FC00377F5142144A82FFC28AC2970A780C85A7EE9146FA4B2981F3C93BCB0F3FBC
311
B6DD3DE69C72B6073B99140DE28B8E919D9D9E7C2F5FA99FC1FFD07E9AC0965CDAEA0A945FADE52C791EA989E8E7A21A355FB37E44405D171B98A6E946DB26AE71DBD01FEF07FD378F5B4B518724481820890E7486E3FCE61A60E096D577701890EE07CA5D7F2B086040749FCEF3F81972E510A86359C9BB57988303588754
311
2090614E5C4461705D7CA1CF84DB564838606CF1597E8119790D021080C935A908324EDE9F60A04B7830A33F0670CB08605B8D01BF9A3D435693FAB4FD84EF6754930640C1F9D74B052A7ABBA9F502B39DA3BF6BC7514EA4BEC71D752BFDC198EDA8DFE8F32B3EF811E4576B0A2074B99B070A069F60173E7427BDF285024E
311
35A4418B7A412914F2800F1965C4F1120A2D5D2C64400563D5942044807BE7C738EBF3034C4A6F4D70C04ED1F97673C039FABC4CFF18866E08200BB66BDC9CCDCC3FFD1E43BEFC52C317F0F5E64900FBFCDA4DEE68768FFF46350E0EDADB7B34DBBEDE3776BC55599AF84E312229F931E700D04478D66A0D88D09B2276141A
311
F0F8811C5F8067DC04C0F90929F7F1AC9CCD368488AFB965C97B855A3E2E93AE5B4866502E55991B82D4388614F2C36B8484A5FA06E3EFFA984A6AF17D5C2073299D9F12FD63826F67FC460E54030981684E9FBFC22009A3006962285FDF4FC84B699FB5BEF3736C6072F6844C15EDF25883037DE6BB7AFAD6AE164B367812
311
FA8CFCA6FA25725D99AEC5C6EDEEC64ADDA2BE0056002032E1D7A20A54CF444E360D520A5B69816C0A953CE0434A8A898BF18E2B704588C01BDB2133342F5404FEE698957C200EF54E31BE6DF4E888C9C67F5F3F1B41F922777E7FA6332677C20098C59F762F5DFE4A23F9801A3BB6F8A4F66E0D40EC867E92DEFCE84C714F
311
C7CE8DD3DD3BDBF9C781B1C3B549FAD2C89D711808CAB100E09700BB85240374A7209212F320CA577222A7020E7824500179FC7096C714884BDFD9499E027ABEB3CB0226CD293CAE6E0C41A6788F396606A073E28CBE5CC67D584D36CA39D37974FE1023253E3FFB007A26F657FFC901D851130DDC2BF54884F20D5D40A0B7
311
E5C7BCC7CC87B84F2ED820192CCE1AABA1FF24ADBE1D03635B5B3B53D4A5F84120125FADC36A0E792D3AD7E255792CD5241A4C84171F1104090017DA493D0A7790A7BDE6DF326180398E4B0DEADA5C2763825E43E05C388E184678C88CE6422606C017F030366981353DF03A753DBF6370879F79889DD0BF75408724DB53C5
311
B0063AB6568D02DC47AE4627B58D7E367A6000267E7840C23A0940B992DB98ED1C4731B4FB4DCFB6D3EAFB6CAC7646F0335C5031888CD74E2103380260AD47176D703960230370FBBF28813524C17FFFBD6288BB28E4F905ADB4A788B40B4A6201C1878BED224DE9906C4C79EF32EE679B9F5D3B5DFA137327320643909A82
311
3F62106CB8F9BFE4BFEAFF0FC7A6393EC7F64A698EFF8ACE31BA05ECE6DAB6DF124118D1D13F892F3D3530602E3F3ED3D59DFB821ECFA3D9AE85B1ADAB9E328DE738BF55D5DFD039445AE76D0194180F57B15BEE5F09C07F952F9A10372BC894CF7DA12CF6507E2A8916E0DF430C519485C55D61EFE209912D8C32866214E1
311
21611E22A0B1238DB18E86636A3BFAFD5B4EE02FF1E505F902BDF424D0516907BFC95EF3A76B6B3872769D67E25B548F0DA46E2B93DFDFD5F2B9E9EEE1EE1DCC7FBE6380DFBF38A165CAC73DF912AD76A4690D2B766A3EB4AFA2D05BE543EA20B095FB17AE3F1928D84482049B659E671A4763CFA567C08824913D37F2F92F
311
841FC244085C1681225C04AD6DE1684831682CE0D6096B56101C0D4FB3A1BD3F11FC1105AECF5660BD3FEEDF162B0D9DEC6DB55AF27FC98050BDDEDFF63ED14B01336053A19DE9AEF5F5D9E9D9F9E19ECDADCD497BCC57681922F327EB41FF681E17C1921B04FBAE371AC69E53F98183E91B84897A5DB164158BD1D12FF6F6
311
BEF0E02847727BF2628F9FD48B6FB11DF6928C868B29590A0606F92140D0C08850DAA7DD8A5FE8A50389F61288AEB743E9C801BB67DBE0A7F64F63BC87770FDF57AA73FE1F5A84F8DD3AADDFC32087FBC0A7D645C327B97D65E7A8BBA76DFD9BCEE1B1CDE3F5F7CE4E6DF4013ECD7CB60BD1239E8A4E9A5722AD9C4FAC8F7F
311
F17B214AF8801950430639A08E3ABD05A0D94E253BD5951C885B0CE750309070555FF21F2EF83FF53F4E15038B8D8A244740A5C9CBC120043DA0B323FB1DA0A4EDA268C05A304619505000BE10415DE898809DB6B66896E60AE347ED3D6DC707CB7D5B5BC374A158EDC343D0EA61C217D4878CBBDC1D85686782C3CF4272E7
311
DCFB5E9EF628F5A95AC1AC0C6848F5771329EF8DF2BB79EFEDEC8DBEC72EB7F245287FD4B31008AB38EA4D52F2BF57167159E3004CD8950E217DDD6F699FC763E9D1A0AECC701F7BD4430A3E030374066938F883C01DE40E7DAFD609345E33570F4CE6BE467FBD7F793B5AF2A9D331D86DBA7BF98067918F9FCDD609A0384B
311
523F4413B574B818C6889FAEFC5E7B8F90CEFD62BC2C85B2478D54DD076635BE434FCADE68B3ECF1C8708E27863DBEC352D87BCC7A92A8E135700CDE65BC114026DE5DB68275E656D2C0D4087293D43BB4C9C14EA83C0D806783B40DD7CD4F19EE9F33801F55A3F1FD600017A6CD5DE607783D5F74E34680E7DAB98D99F6E5
311
B5ABC7F7DF19D8278322F6A97FDB2FADE1539BD945DDF868EE2B8B70D9EDAA45D1BB0A5801198CF1DA891540474745BF0317F8A3703E02510AE94B084221F887FE950272D62D4232781054A87C58D015CD45EBF9B70E60820A2056E9D4D619E8494BBFA68B61EBDD8CF52CCBA124BACD4A4077E8420A7F36FCDAF661E577B7
311
92A7E1B7E337C7CF1FDEBB3B49F501F3C7366C1730E793F51FA20A9C3D2E9F18E63DC277449054CEADA36DA0807467D45F8A744E1BDED725A033868703F1392BBE221158220588F30574A0B0893D0515B0B7C404AD0E7F40C11D504C49BD7DA39A85A19CD7357DFC966E5D92272FF06D59CA5A6A1C8AE30E52F1247C1F1D78
311
F81887F9F3E387075B170F9F5EEE4A7F5BFC69DF02FD8795FCFFAB472E7C88D563DA514861B85BD41594A75F5E866BE69471110A9F75C8609C7E6BF6C7C727431EE3E9E3773D2378C25226E82C08104A57ED273FE0921D6990E02B006BD038263BA360355E8DC446A380F0BA35FA9945A80CF60DFD54054202F91897C241C1
311
47D59F8E0FC67CD0F2BF377A3463F8BBBABCFBD6833C57E214AC3F5AE9C2FDE88852968F20337972C7E04EE5658223008AE82D93BC37D8DDD900BD6B16EF221F0D4149045D740A8A215D4FC186C658E01994B8CCD317465828704BB630DA2243B3B4ADD3EA554A97408454148C04A1A0CAAC2E04033C04073851F54380E0BF
311
2DFFA43FAD3D6B574F2E1E5EF6E5F4FEFBD1CA87C161FCBCF5C7AAE2F726F814027BAE10F79BC3D765D61D1803952210A9AA07F8C6BB2105B61145B324F96014EF223D4A9261080239F03FF6F4DD4975C183B887E081F7A467A25EAA0C94028FEB808637768B07400A8235D4EF33143253198900E079E3FACB0C59B00F827A
311
5785A6FFE2FCF0C0E6F1714F11CDE5140D931D707950631F3DE877F300002000494441540ADFB08704E252AADE1BD4E8DF55796A32B9B6F17737C67702E5C638682737286CB0E0A89B624D5BF28222432848C9AB8C07170C97B814FF492A61072407D638006F7C8400860444C01B1930A522788045633DFA9507267A3A42BA
311
05925BAD705CDD3792FA23C1075C6EE768A673919EB6C3FCFE7629B7310AA794CC9C0D14A1FB88F95C845BF22543F57996E0B26C9E4C2ADF187F979F8A55F11B47BC26594C52588518D25E6C2B1CCED231EA1B748F093E5726A21A54C91EF95789041030C20FD5AD68613432E19A4D0DA2505B6BD843516E10BB00AF9AC315
311
EE9FDB39CC1F9EA59CD88F9CD071D470C86C4647FDEDDBB1CDAB81DA94034747A779F4CED497CFF817348F69F52E55490840E48840BA72DB71F3E84F6DA2F4717AA928F153DA6E4C7E8E00363CEC9A2E1C8E65F298FC4A52F087FCDEE5CBA38A80CBE11FF7BC2AFF249203FFAB77A128A001B1987BD334AD9B901890A8C200
311
5B6B248196AD09C0025ED841325B31845032E327C531C839E66DBAB39566B631C2FF0A1DA5A3CC47E665AD8751B47CFE33899DF047C9F3C365E3B11278D49DF939298E09002F6430F9958803309827A7C791048CA070061B7E9A64C557D235F83EE24822E5EAB805F9862F20FC58F483DC0EF02181F572930205107E00E523
311
861895A2811309808F2B6C14B2AA579E893753C155D2F54302007E9FF36AC5FEDBCAD47E182D91A73920CFA5C18E01F8FFF4C3F1FF553BCAD0E58DEF85DD63B91BE38ECE1A9FFC4AD4A1FBA30D462C328C5A0340DFD393D3D3D3C0659195C96990F391EFF4175213BC74C020922D4830FE215E76940962BC0713A3B82784C0
311
CB6623DC40D6E1485BAD454F6892200B225096127FBD82D2B12006BAE2E329C771E25FEBC0DAB3B5395289D56D7A8A89081B34EE06F80F819EFE75C67DEEE95D227E283FE98A7B9F1C97D2D05B4D07A469153C3DA3048EA68FA667A6D90E291C7D7E2D063E4D044964D055F2DBF3E31BB851AE9F78A0A7314F0AD24901F581
311
D74A6929142039C65AF5830D1C809536CDC05E4BA51038F79D713DA930CF18BA3010E385351CF47F74D439BCBC793556A1F99814926AF12835E251C59BEA3C083EC2B2760FEBDF4304C9EB87B35769E1EB24B648542CFA4EBA9EF93CD42F03C08F249A2C98897D8E2225E90077823F4A52171A61219998CED6FA050992B6B0
311
A74A2220ED12123004FB977084208F8E2AFC80F456CB110BCA647A3A0F854085D84FE0052BE31FFE7F925610BAFEC06FC33F9931BF063F39DB3D1BB20EE357F594045F4226131578582CB055A59A073AE0413989D215019B6EB8A21CF154D71164E0D8F4E730C2CD382D098DA5261456A425643686BC8301710F2C50665881
311
399156AA2B4C3191BC555728384800CE10040F746A3D8A80A5F0E500A93456FEC52833BBB45203DACCA37FE1D3EE4B9BF0EC27ED47D89B8266F11EA2DB8B5A8BB93EAEDF0C06B7AD0402B9EAC6E787365535AF19F15158308A9D9785C1BC1C01377F8C6B4D07B50DAD25649764A91DC9812C7B34CA98184084F7C01055466B
311
48058CD44085AF26648520C85C41C67805462D8425680425559F4440F3ABBE1F3F81B1EC72708767DDC8FFB6465796C8FE310FEABE0C9B242A74137EC3E0427091967023299BE5D6D4D0C6D15747DC2AEA4ECC57C72856E827D33CBD319D70FF854369EB841282F84B7CA4881447ACFCB257E252E00FBB3272120A75B99119
311
840858486615636E0E0334031AAA8C08A62E080053A0AAA4158431EC727A084021D41CF5D630C94184F6FE7432E8F5F9A4FCDF3EA7CF136FC2988093F98ED622E38E4976E1BF0CF49D2889E6DF3566719FE1F9B47A2D3BF89C69155DCF24F88C609EE551160F0415900B4C48FB013D8900A9192A700748002924771A3686A0
311
A580FE4009E00ACC090253E280B90AC15048E047020483A038A60ED232831F2CC90498648690D960C48E439F18F4DDBEB0B6F5AC7B7B89F6230243B4FA160A7B9327F3AD5D937C8BFFE5FF8B3A5E64283BEF8EAB9F71159514CFED62DBC880614AA1F7994CCFAE7D8C87057F451733699B8DF87056E1F0654B5021E38097E4
311
E23221B810DE20559AD183A61C2C88A648DB096081E9801CA00BC1DA0124E08DAAC15FD2936905CA8DA1C40E42B13F1764E0C4015EAD7F8BFEC99A310B1B7C0BCC7746D3C0702759C89EAD57122092122D1F857067684A578F1DAB7EAC400841F493A468113282FFE42316CC74C756B1C880FE78795C692813CF4644480EE9
311
B02991BCA257A71861F00666D9410288487618D120D0E80D7773E2B7DD180E100EC98B221C94BFC4FF531A09B986230F1CD08378A8E4D0FDD7D9B1BC75F5C12EAD7FF83F3ED19EB018620303C217A6A35D826E72ABF2D8E2BB1B783F6E48D2E3F360806E1D192085D022103473A10375B63853EC54F500B5B064DBC20945B8
311
8160DCF7E4F83A0200BF6FAEAC88E9F54D22D898E43F378D20B51B5D6B1457000922202800DD401A9266483029C0D6D57ED80D42A0E6E08835F0F3AC73D7FAE6D56185F04FC44472B854EB7D9CBF7134DF3DDC35A9F6B38417DD6F508B37C1A718B0D054124176F7222F62DFB327F34D451799D56216880193254FF782D7DD
311
E26C271BF38C6E422E271CE4AB8823C9510F021126A7A944E00DB4031D013C88EA0746C96D4574069BD5439C4110403B40020C30B07A604F1E41D19C21A93FD9002DFC35F23B1E7B98E95E38387E3603FE7393680410D702FF9ED5A3C5E5CE68B5827D721FA78F3A9A0C08A79722D9C9B418F46C0057BB1640C70AA4A03D29
311
CECF33987596D53CFB27B32C3BE304C540E14BF8464E080918268D254838C91A01F0FFB99154FD8A9C0495EAA6534A6C464440B4A71E16100E7405088122A35F7A511DC003D002E6C8E7E15F6D1D2FD09014139EC11FDC89394621F77B9F88EB5A583C41E2FEDBC8F82334494C0BFA97FF3C3A34ADE60385B60E5A30CF036E
311
5E75370BE3B83AE73B3B7DC0BB337DA0045299ED0C66681E4AE223D01B1BC3BD4C921E2005FEB5114739040758189BA8A320067B62A3995E4720055065AC2B4A8006BF8CFCC907C0063EACE41813C5F017065AD46CFDC6FF1BFEE052932CA3478C8E5A6F25DC8503D40F61FC1B047E4DFFE8E84407C81F1AC7B5C79DA35855
311
1CD0D13785A9AEB38D6EB68A0A8087FC6543E7471082873CDCE5CBEA1EFC5CC0579469E225428E9A43D6A6000B4219DE52E8DF00A55F4BF5035960661C2DB88AC1F67C2890A93FC420193C8326409E7B595FBBBA9AE1D1511B3F6D65B09AC10A71C2317201A603E88C56CC68C91279E83F5C147787EFE6C675F00941D23EF0
311
92920330982DF38C65EDFCA89DA98E8ADDECCD77CB86D85118F3DD9884820B1128010D02F1060F582871CC8FF42024C02239273A1CC3BF71E770DFB7E96081682803188118B50310BD620234F230B12711B063E0F0490FCDA9248B580D3D3DE944A30CFCF2A1E0F6E59E8FBEA289CCCC943785BB8880ADA9C2FD70F6A13F54
311
18444E3A669273C006C4B4EEEC067827539FFBEA9CFF04D84E7F170480037005AAC8829084329899F90B5E013927F8E646514B4824B01D11F72C012CEACD163B6358A4454A4221D06E68A71062520649BF9E9127D0772D6E5EADED52FF216BC2FC513C7D3C5CC4C8AF009811826AE20203B076A2AA66D8D32E317DEE0EFC00
311
0FCE16D9E0BEB17C74AB009256C5D8AD1CBABBDA61402612C675FBD72D07E633B1A42F2421208CE01397560811204306617A5141706105C9F4984C459F2D0F6C392FA05BED808512B0B9A8A9FC6CED89640EA347D31F0DF76D3D9E61E800FE9F7601BE4C9614A1C58E6C839F13A12D0EB426DE6386B82369A9E6A7F1F9146E
311
B578A2EF4289AA109B4F6CEFEC0463E0072A05CC9DEDEDFE08407B173B8AA65399C80B2911252E6290C82CC1B8909140C11B7AE161B42B93905045D017E00CED6D27AAA15F2C2179F1E83D411A7020B9408D202381E7E5DEE5A9E7E5CDE3B186433F488AC81554BEC09BC579018ADD1DCB3D9D70F02B14BF9159A4DA376225
311
FE43DA224FED327941705DA582B2FD1BB5DC0540667B650BECDD1D5DDFB0C7F36DEE2B94F6EE2EE4E426F20A1174C31DF153321A24114C4FFF25E505475F6906D4149B21F1BD9D9DF7B059F8E0FD83323CB97991FE80EE131A9003B81C491B218B1D42C0C0D593D9D548003839DC29A740298B0C23F0CE14BB167BD61989AE
311
F0B985C8FAC8F923A73F31953989F0F6C96CA6C4D0A9A88184BEDBBBDA3BBADE77CD8E2FFEDEEF46184A86671D7DDC51417477BE9F04804F305AC82C2D018A21EA903866A0F959FBD4139916D036635EE03DDB7408BCF0627A03027AD314C09B0A27F0A79490D53839D0DAF1416995CAB24101FA63F75029D57A4CBBA9FB4D
311
120ADB17FB5A999FC9420DFE04FA670430B90FE7F589F7FE8D50A4B5F004CE5F07EB4EA007F8AEAE8E8EF7DB3BE2F81F42166C7246FA9E62D02C8209BA1024414C483498B50229FD923F2414040B2081390AAC353B5283EADA12A30B1080866D746B9ABF5BC107F33C2A015B275480759334B83AB02175EFD0DEC785DFC505
311
E0064F4EBA5A97073A74C5C9FEC97BD25D819E28AEE661FD2732B8BBFB1BF13441B3C1F45E8AC1752BBF80C113DE960E0AC7D9D02C58C80505A19BA0E84B14402601A590A4AE00A825E98C3212342302EE10FC5100681F86834A2804BC409D70270A2091DCE874B16BE0706C974EB3D26EFEDFFCA6C4579AA4DB781708469F
311
055532A7046C6BEB0CF39F3ED2EC4FBCA3D00EA91CA68FD2B87B5C191E0EB2C300F00A1C9881F263571C6CFD83D079D09F176FAD839340CF030F70458F81F09AEE1329505150CA0A00576B56C06D58070B23086F685E44232D9D53DE3FC3731044F286D19F459351863F749F1104198D6E14BBC68E17CAE70D7AFD958E350B
311
EBBC70C9C4DFBA075240DA27D40AD7DB063A097DD3F041EDB3E4B682A7A12A548F3393DB01945547175879989302521EEB1431B08759B632B174E0F700E774FCA1BB83F95029ED1A084288C8893520E49415E00DA080AE8027C34206D35491D050A4C6B080F6A20889A2FF82379AB6234F6710C05F9080ADF002B9C9F9C583
311
AB220F45D618D7E7F7547FB27CED8A8B7A7D24EDA4988B0C1C2A1AFB53FDC61BF3DE50D63C560F0120B0372F0839DDDAF13E583B868717C1CB8CC71D1D7F440CC82184803144196EFD58BBE00B7EE77DE8C015942357FB06FC906A5E2B8882CCF9FFE184B0035A5CF186A962A63F84B3AAEE3D5A2C830008807568B6A9F424
311
086D2095A3E262DBF124350082C4B5DF4704A9D2C93553DE47BD6766B69349610716999FA25854F759CA9792599D3837ACF6247CE8597B0F960FA3EC45B61715050260C5844FCCFEC9666BC71F875B17E3BCB4CB151405D7D08F846B4CB952248B4603CC402B609E90F0044A007FA800EC46D07A51232B00E5683C55D5096E
311
1374DA4FCBBDE2C25A5B8D26008227CA7758033D7D70DF12CAF7F247939F93F1CC63047D63ADA0B7CC8771B234D8095FCDB577B586D1834062035670E204B245EC093FCBE15626C10D210CB38A13F50E10A0D5C0814B0C4B30AA9858516001669002229618F100767AA3D6D2528595FE7A398C2D2300ED0013A0AE60B91644
311
A057327BD3C36BEBF48C91279B45F8BD145494674AFB211A91977CB838DF35DCB3D6D6AA2FB2784B591ED785DFD7DB77747DAC9D2F7674810EFC2895F9ED8007EC7885101679C06F21E4B1C8A6120956F80518D1DAF1717BEBFB5803E20C6F2A11B2E48AFF4AD2810A70054623E341B3D1ACD92DA91150DE631EEB2C28882D
311
092049C0DD38E262A7BD6F98549930C9D44B7C37028AEA9F8C5628A2BEF5704C0DCB2B428181B1BE766F43014498D2E57791E4C8DA6BD2ABF5003F0C40202E2E32EDFB02852D16C30B7F646B98FDF86C7891690043128B0A0DE6B4EA27F08C30CA34C9D0AA0852A5997F8D11A6EE84E040B20472020256F4AFEBBB74E6705A
311
12083B249089218E6452C8E5A69717E904A3F5EF3D5D08EC1F4D4E85086B238CFFC11AB9AE972CB775616C6D1DE04DDF073B4DE3747C41FBAE6072901CAD0237100670C5A00C2C3CE063610ED824826C1F6650700E88C00B62468903A0D71D3A390255AD7040048348C56C4647413C2C2561216E0C469203EF06A5B101AD40
311
D0E207F78B124747DB5B4BBB4E88B1C373C114E0470B345156EDDBCE1B4DBDF81DBC400746B0B54E05F693707B89A5E430982C2AC7D10DFF11D5B102B9505034B35D07E8E5F585757F088B390F2D4C85CF7218E8418BB4F25B885053D07D5A908326809F31D6CC6B77CC948413B28664484439D118DBAC27DB5AC40C1AD166
311
F25E6A2F0AE82100C0BF220405323E1FF80DFC518CACA8DE1003F3C9FAE9C7B2D60703A0004F8EAEAD2DE0F5485452D15B77B4B67F4C2403B8D8F9C533558ADE058A9E177A1698F75DC0EB4C800F74C0270178C8579C1FACD025F0560844502D2BBC01E620030CB93636C1041636A693949CD80139FD15BE107F905590A292
311
840F8860706D07E2970A2F15E5B13B87C3143CB2930374CC46A6F9B9D7A5CCCC14E11B9E879A49FBE27ADBD6DA82410FBB94FAA8487D61B51F4BE0A03FD08743C31020D6628ED20305A22C2C2FAFA7ED1E7881C438AA5B9035F20759E243C51F34D0D5F02F11403B9E204CC1686C0B6C9000470561519CBE1B0E4FBEAB37A3
311
9EE4B84C05F023858779341991F36D9D9F351E7BB3B5ADF00148D9D05784F9AD8B037D48C01BFA83D4247F03BB768BEEF973A14E610090D4B96B1EEC5C5E66928F28EBEB6CF578B067DD83086081579848E60DFC7684044D8174993C39F886043481F6A2B743B18749E52447CD4D230513032D20D20206E536E15BCF7B7D21
311
1634F98FF9986287F33F9A94615A5A0A7CACF8DF5DCC1AC6EF9AF1945EB78E0A2FED1DA2ACC00EF983F9A012260BD722EF61C9DBCDD8719703ECF839029010CA0B9F100B1D2842153E01A1A3837AB579516A31982FD2908A09100DAE591016CBCD4B011A2F4DE299E1338CE065DC4841BF9895D8C81714800CD08F5AD39601
311
BC929B55D291F6CDCEF2AB40DD5D98F4E6F107C47AEE4A09A079C05316F479DAF4C2BAB83221BCC0CE23FE3D3D4C7BC9AB673D89A3677D6020F6E182332028012FA0FBE0B2668FB85485902A8E7FA0BA2105C213E20BC2169211A4BABA7D693C3F1DA961F203694853137073AD5CD25F1C017DE0477626D7BA55B88F83B5EE
311
513C41D814639FD1BF759171F4577D3CAB0C3DFF68B2D3B1F8478C18F67BEBB2598FA76A4545E9E961BACF657E0791D2373030E0EC9FAEDD17BEA7703A738185D08236C407448A4CB504CBF01FF43859D3115488EA01B55078000DF085911805790DE1B41B6F8CB2889C3834FE02AFE07D85143C6C008438A944EA63E04702
311
3A7EF37E13B0903AFEA7BBAB9579330FAFDAACD540022980B65A75FBA17D388F1E6576405CCE7032D95BDA420E7DC0EFA320879E5F8B3B04C1D2D9C1114210C19FCC49DC6A855E12010184DB8968109ED016E4683CD552A36B3AFA13BFC2114068935A7E774CD2C7225642B73325938052D8634ABC18DC9442BF9E0402E85B
311
42F9F3273672DA8E8F1070405D1DC3248487574CD98092B8B956E6AFE1566530B78FAE05B4A0DE51FBAF85DD075C7E11939F80E015A58D1F87E400CFFD2306C4D1D3C634380A201545A92BE01F445800BE12302AB477BD6F62600D211232EB061448A0D2B877BB940D63D059C37E0569A83DE93E214F4BD86209FF6F479C64
311
0AFF8AF6D1BFD987D029A94DB7C329B4184D4BB013BF912FB88FEEF913071A8D82B651BC10DB067A7EC52FE1B421883144C00F64FA23A11CF708BF16CA59F18D4C04B8085964B2D8DA4A855187000BE440BC816FFB13374640B0EB1D0998AF38A1AEF503F14302E2811081FC12EA6CD38A63B33035125F40F170C0B0AA45E9
311
FCA38FC6D688D48563B5C4B4B7C359D3C7AE0EFB16ACD5E2FAA47EF8307044B4EBE1C71E84E742D81431FB06B90B600B9C239E277A57C94C427EE10E7826980C0136600D916A06058CBE8604DB4D314FBC014EDAACD0820F14BF75449B70339490FE5A0491221BF95F949DF1235380E969AABDBE2D32EB4403D3FDF17F42F9
311
A0A7C28ED75BE86BDB7C7EC80C76F86B8800F77B305EB88F00A4352E0F8089EF811EA02A3DF08F7DA008F803BE4B4EF5F41E56087099E920708C3D720916444440FDFA013D4E1201414123A09290F5BD7AB729298209C4306D007BB0829FD4EC3A6D7E4F00B67DF38CA0764F832F0448E58439B952CB4F70DF964AFA74CCFD
311
BABBDF273E2FF4F56D3DBFF2A78D42FFF2755DF307066497F44062AADFC0CC546F6DCCFECECFA232E14F408F05477D311B683A35BC245FCF8A5CD2AF20022C21022266905A5BCC8B20235D6FF04019CC04058AC80023662E25F342063165956320BE50370F2A657BACC817DDA3DDD3EFE04028645780A768FE38DBA88BF2EF
311
3ADADFC7FEACA952E5A77568ECF0C971DF32BF1D24F8486B22A649EC81B1B60315CBEFC026091CA45F858D7D04C1B437079431E63E38F880758842E780A9E03791C0FAAFE10012588C3C592FE35461A6047802BA18686887023A422A49599399893103942CF6DA53A8E387825FA0678B261F139F801E2B17C901D0F5217E07
311
AC2401A87D0480F753FBED44FE949C93A1D042B879FCE499B3D861AEB23F9C1F372F0C24D0B7D6E70FE1AAF60F84BAE642D82F0A9F53E22783915518494FDBC0AFAE7DA282E5050B703570E06319A015E00D693A6BEFFAE493941C3B08C13B96BD20D0115A9565701DC58568A3009DA13E965765C03091F0FF339F7309D44F
311
6E61F837F1B1FF920450EB8FC48F9B40158BE89C81A597CFB0DAF5F5755D3886DC13D4479599B583758CBF35663AA234F133F91D3BCCFCE0A794367F385C59B19431780F1C099131384056616E15A1563B50021D369C593FB292685A68A8B2A50A0A2085CF05434617E05FC24A6B077B990014421A68401AC4D65788EE25F7
311
37EB780D08A6E38F060F2ABD889E1B889C44852C2FF368C1E3E710D73B6589EA83F7417B341ADA1F639A23D15298F087AD0326410E116C3A1B325218433C71AE62C07C1480F1C045629724A076A4BB8D622D24690486727F56108D07046DAB065000678E04C4F8C342DE27F4AC102D854F2D08D59B4ED0E4F697B0FF62F113
311
646BC5B7F3131D4EA8BF8B265EA3F2026E7061B96F6DF3D993276B2180B8E57067587428579460551049049B074CF8B1066C7E14C705F0B39298C0997C17F701097023BAC31081390196801FB0C2A12380042927503D5A01CA127F9841B460310639C674BC8CDF1A320501448E0068905B07F6E5602F8C1F07786253438CEC
311
51AE61FDB25FF71B09893AC026A9EAE3F30F369F5D5EAEA5801FBAD3C98B38C13EE017B054F81A56F05259DBDA64FE270B1FC4C77200FE276FE814B916E222575ED717A62A92956504605268408CFE13FD61F84252228376060206802B9550F00B9D47E6AF1022538A752CF4FFF1F5931384A9FF8700EDD4FFA2B93FCBFABB
311
3EA6C607FF714B0B8B04EBBE83B52B246092AB018C0D0002FC490849F1E214AE6FC42009D6D86616C835B65DB9862EFC4480C14137603C3089D0A5588FA27E693DD184131BA4E88C35045ACEF1CDE1A82323C20B842F2419604821196EE8185BC834AD44F8E9B7549A32900196E9ECBBE20FFB4706861AACADBBFD9B56A23F
311
FD3AB8BFACC18B1B5AC0ECD7B6AE2E2E9CCD2BE8AF1B1BC3A813B94107E82DE67A42E7CC7D4A6116700B5B2EE3C338A09B840F07C40A64800D7C605AC42B72227C4C7020AB1F20056E26F542717F56534261DE3766AC10A6ED2D006DD03BA9DBA507AE0510A8B385C92363B9154167F1230C40D76AF6F3BE0CA08F8BA2FFBB
311
CEFB09D0986550E0F0EAE2F2780CDF850CB0F88CFC2815FE87BD83909F474F45DD47F1C821DB2107A8817FD45384F57891B65F2543D0C1E20A89B4A8DF806862AC27C60F6A054627FD344250718AC0FA21CDC4E28DBF2650D1B39D8B8A420C348A4F846E2BE824BF8C45E1DB8EEB52F576F47A75FF95F90FCE0FD3A7A08D48
311
D5B9AFBE3EA658E1676FE3372FB57F0AD8D70ED4AEBA3D4C2BE0AAF1C3AD63A6004D12900CFC481A47430C9EACB390038642C8C41B13303166614210592736B8603AD4FAB17189DBB32F3915F0C380795A089A15228460BDE8E52203527D41B5470901B088D84FF8B3FE2BA7F4FD30ACAB3DE0B7E2FF95807AB0010FFDE3A0
311
48F7360F9F3FB9380EE537F16F8673131325D3351A3F664022020811A0FE8C019CA17370725CBFF64132025DA1BE2555102212E80A907FB43ED80A991A8AAC183932C19AE17524B06590B6AD286EB99BAD18FF4BD64BAB519202F992A963648ED30E7521F909F090C0213E367A77D8836BEB6F34D92EDA624183070248351F
311
1A079E5D3E7A9EE81F2CE6678F92E299EE312B6C0572C0A7B5EEE07853612403813152C7125E2022A20C18F855DBAFA399817FC97FB6E1CDCA31D348434ACD0012F0D32A5456B4007E6E92D72B1A4E9971223A42C1042819E4049C0C5801300C0013FA48F8944FBAE71DAFC27F1826FA2304ECDF3F6C10FF47D5C7E49748DD
311
D687DE8E91C09394EE0682A4F84CFD6067EEDF43E67EA46CB2F4070160439245F00343D03BF25D7E2F26FC400A896DBF19FB8D4D0A66DA669C3D608F9CD048A0533621B25690EE19D5D15248E390F042B12C682511B02BFE3E5700E4C9A9B2107A8F45248FA48234FD23005ED1F4EFE80D1320836F04003BF42856D478D1DC
311
A3ABEEE3C68F9F30C3A16E5C238EA5DE3FF37DACC2F8B7980033F47FAC34421EF0418A045394802CE032D61C70023D788136788613887C0011A4EA316E005718AE191F8D0D841B9C679CD2FC478442D005429166F5A24403B1E6ACF3298F388B6D0BA933D92339D48969A5C11F09B4FF017A9900A4F887010C474717E10F36
311
468032FF33F4AD610517777104CD920C3CD15FC5F3B3A0C75BBCA3B00F2724863C10BCD4A0E00736C7981F2F72E4B001438B99714FCFAF713A2603BC710376A1715FC602022202E06FDEBBC680A3DF1C4C095A12C50B554FE7623B50374FB2129DDEA4C392C9188077658C87F55FF92FFA507FF03FC8DFD3F31BDAB46DD51A
311
EB03F7E1B38B8B87CFF47EA1479C3EBAD5C6B382C221C0F1B358B39D76D9D3142C4A20935F541E492E0EF081BA41B3620A8E172B584EA1485632E22A8221CEDAC6110AFA4B6D43E2B76A18AB240BB24337721C9321D2C033B2D3E2641A55A400A28403C12D1DADE39AD23FC5FC08C47A64DC3FF6DFF76B5235124022D7E6D6
311
D5F3CB870F9F31C96FE477FAFE54100068A3A87FA5908A2C08011CF31309C10025B089FEF9C510522B8DC07C30AA469841723A10C08E27F00F7FBC181C083F2809EC3B2B328E294AEAD5A071B3A95C81D2DE3F930372D022C9C793535B92FDAD5426E90490C3C81D000017C6494441544698C416520C1C40C71FC204B22448
311
FD9303782FBA67089A1A7D4CE38E89050FEF5F1E078A4DCCFADA058032C34C1CBC2E1202B1F8962B1A8024F0EB7A11F209E96FB369D4B64202FE7BA230AD24C46413536EAE955B341B726C593B5D4630C0BE822480908522B0D85430230352618DCD4F7BA6D568BF4343801480006658EA3EDCBFFA9702B4FDE9022163C43F
311
9B72B58001A23FCE6F0B3FF0E4E1DDFB9801A6FC42FD0132CC1F2224F89933107AD30B6C9131A53818AE944BE25A70810821C38F098411980E46D108F483DC63F49B91B852351604091D60546702F58A3872A1716411B642C7629C267E64E77719F46B0548FD6BFFFC86A38DBFADFCDF700228C124C8664FAA02BFB1F92B09
311
800876FCE4F2D1C3FB4FD0A44E0106A8DB8079751CBF0BD9340066C3D52BC64706467C05B5A54401BE4A1B0132A55EAC1CCCB10D378A3DFEB9812022327745EF2102886A9142C812A1A2C9708027BB55B7006357459F9C2080E0BC34489FC629510F3017B62D5073E2A2C64048A0A42580E413BA9E08274091A398EA80B5BF
311
31C87BF5ECF8F1C5DDFB4F22AAC181F070AAFDDAE5650C4000516440D8806786D874215149E69ABEC43FF0EFC820FEA112B0522003C84BE03FB76623513B6D840820358B084119B0CEC8C00AE888826339A54091F5FCA513AFE147975BB1A86FC50618D9D74502F0C7C8815AA306602FEE3A5E79E0D7DED1B221001118B731
311
82CD439A092FF801105D1AA14E1918EC282F6260869D55108065988BD67F68E5581720A708051F7C8070F582389C682BE53F2AFD85853F2A013D21564028E06E79B7A71E43212180A81541EBC88F451E02385100491AB0C4A3BC5309A95911E66D04C0B448366988ECD204C2FC930F8CEE8FA410EE4C25B58DD1B6EBAD83F6
311
196670F7DE635282C0A56A851AB035831725F0471A10FE52097089C80495804100318405F0DFC2136004B4C40705EC9154315129205EC357930035688F61AC02188250CFA9A980233925F16A117A48CA54DAB6400221976B75D863330942E20EE3B00B08FBB71AA813B0E502FD2B023DF70114E0D7DF2E2EEEDE7B78950420
311
0112075478F2FBD6897835C91F0C20782401E801A2F9142700B74805703426023A81CC0BE88B537D0003E0C5181D29EB8D83050964DD2580910A1E7A8138F76253DC01DC2F3824391AD748276C0B0CDF12366625D038603D0003E0266CB42704C8CE7FA7F11B4D59C0BF454A78F8FCF1E50513715D469607031272358F04E0
311
003C90107223A581218F10008B10247CD20D860FF0BF48801040B361808148714764028EAC137E871501EFDD97C89B52107FF1235B0928C562530082573CE137840EFEF82A0BDC602736C595912FBEC69E6A3A26903B3A300C5A098A9E3F1810CDFFBA019D97B4E7A7A075850F2E92569BD960CA7B8304995FD006FC4213BB
311
1448A6F4BFBB3A9F9FC4962D0A1369129B10073771FEDA38B1737B663A71C088D8848027FC3008DAC4E4397A6F76271DFFFCF77D6BD7F1F67DA51E0E08875A6BAFBD6BD7AE52CC04A0B4A2206F650EC412841A48258258E8662C3838FBE21E25172C2A15A4F78D82DCF68A005DCF07047C183E1CE47731BBCCB5469D9169E0
311
D588945BEB637E87802A03D88FB82486210D28FB3B858D13DC7CE75F5E6F3B03C1744D30CC58C7C7A256146853A05243060B850072A7010CA47CFBF9A1E24F414037B8781E8E9F219A774B36481CB43E48A79819D638C8760D672FAC19FB9D3FC5EA9158DBD0159C27860409682E8FF2595652FE189D2CC2D7C023E9441583
311
55806FC320087CC74116030CC376C559C098B93A041C5DDA48AF33827D2327DC761D19C17CC62780D82A170E6CE7415A5E7FE825E053048F88D2AC2A561CA4D4C60098DA28EF1A01382772484698F60C8DD24BF396EA76260542810A625978C03580A9CAB91D10249BE579B0377A3DD15749A45F24C4D81FF3D7D7996F6A16
311
90288008C0FF6CC186DA9D5FC95BB09B1301004B016E707FDFED306A1BE8FA208828F00BF342186839839F1F6FA338DC5A0200FF383DE92614C03A4508DA18F4D85F9354F7E867AA77A42FF49BBE6757A1A7454448D0BFC3C220714FE43A3D8F1547BE10F0BC5A05985AC3C28829A06FE24CD062700601F4AF12AF99099B08
311
E7071DC4626A97C920C3FF96E190C9D1FD7CB6163E800D79E5F3F10A9306C02B799E80F1AB380E0571A584C0370A220C3125000B500900D96FEA40409F980E2083E4EDF4D8D2480AE5667222E020BCDAD4EF19682120818FE18EC7FD6AAD67C03F7DF1955E697456F517AC4F24700C30171C67E9168B109A4F60AFA60F98BE
311
30941BF776DBC7C70792A2FBE98AAA97224F8BEA39B47BFD14A8CD03320DA2B676E3AA397E652E30A42CE2987B7DA1EF7F75242413800A04C0270C62A13372400B435ACD84B8B5009208F5AC73EB149FFF3508E21C2201E0338BE07E50EB47E7FF6D97724A601028C5519073E7978EC88834410450E074DD58AD13A4900103
311
A6444A9CB99103229F0EF8C0C78161EBC68137240734CDCFC349807851E0EB46CE864D2E405ED341B71A390CF2DE20CF5193189E1901E866D0230409684B193D17E2928534D04240937D3C84477494FC5E0FE0B448E35AFC19007926C1C6A6E622FDB8A12E30993C6710E070397C4B26304C0AE38218D19F01FFB15BAE1C0E
311
7E74DF75F2406E373C414E848FF8E500EFAF3C1029C9C0ADAB2313A7426CA9B2C1B9E30032C84EF31A09A88A386F136E8C2F1D582EA0459207015F10F1F001F0B1B7DF7222011EA2001F00BFD36BAEE0850928B08C077030FE3806C880EAA74BCE0863A952812E6008B3A89199C1EE918AF96AF583F1A073B0A355B9D861AF
311
1460DCFB3BFC6B7EFDC834B09700CBED3510E48DC7129041C991F06BA5006CA6B5B34EE21501374E8DFC910042036111EC9C7CFA1C05D48A7270F7F835BF04A4194DA4CF76CEC66718C84CD020D04C412AC848F03E3C61A1C8D50D0EA6838A00376054D3DF61A0E393E1F8B058A6C994093476D601A4A06F0CFD3C0A6BFA91
311
0E75CC10400A80FDA93AC9B5EA4303F6C0D188B559086091CC5910137772E14F2376D03181B5CFE74C0EA38440D0AC256D6C4D104CE05302FCC00B60B9CD4D71E08BD40C144A025E60D4C1F45FE846A2105D717EEA84808A5DD90A168E133640311CF05DD870768683F5D2F1800F485AEBE5CABD8FFA3C0BEB33702493AEB5
311
51B1EB035EF5C8E5757FA7832141F88E8578A363802B560007AF93D7D470B478C4D00B412D634C9140C4F9275C00DCE8DFE3C7F8C0AFBC5B2CE82E3C3BDF393D4375D50C43CD1C17E3777CD2C170725B7B42B41DF15BFC344DAD089C1E9118522B4A2C60B794E4E8F33081BB7C8CFCEEA0B2015E49D586429C6C78646180B7
311
710E06018A3082243C275F077FBE412C17DE80D3E6B9462C5204C5D980D1DF84A864401C483CD01B143F4A4868087A0F780F37230200A4FBF6AED325114C367C22512750A5C7C3E32D545CE20A0904183BA10015DCAD89864B3E1EE97EBAE8B204266A48E010511838E2FE413FB116E60880C2D8440AC3880DDA6DF6618C13
311
8CF1CB2A09637E18D00F80CB0DC05322E31EADB8081C29410903F06BFCDF5AB46024E4A75828056440503C707856EF0C037623DD4922A400E8A6BD75E4D2800905F18450A00CEE88860C8964C7B3F90F56528BA18F71CFBBBCD2D05797E168FC37DB26DBE0DD2EAEF39686C18440820013C1444055402A541400DD362A0A40
311
2F1FE51246404E098249FEE30708C10CA0B54601053159480C00BAA9B1223A773234FE72FD5C3BD81804D8D196FE3D5315A0C981D88D04FA01DFC185CA93F9120E1F480B08063364A0A318F08DF95056E4C91F1150D31B011200383502E079EE43CC18603AE2F88FD139C802A739F208E88D06DC78267C448C27C4113C19B0
311
F51B0E9C1C021CF8F9167C6B1F2E10E461002910105D1042792D1CA303F469714C018C23D72179E165049C40E801CB96CF334562E5807291D1E0C70FE6CAD91656715F0E5C5E70F8D7F83290549B1BAA6F781D25180EBCA93EC84E72A74081CE3020789B3790E1A9E478E658C099BECFF01E530E80EC5FE31204ACFF70AF81
311
77A03059240CD074978A002A878BF883FEEC81DD684E406CA630ACFDE87292822A11953710F000885D6F68A67ED40CD772B0828359B753F7CE23D9479AB9845771B389D6A77130F8C134EFC83947392029B10E4425440A84AF0E54825228FC1634D369874739C837A9DDC83C20D320C36042610ECDFA750303710224D01202
311
488012CA847424F8D53F78AB6BECE9B3B35A7F32396AC6B7444566327DBB4DF06FD9616744F4D3A397EB3B0A3FBA8D763702883ED742FE5CD24146D8E353ACCF811C806AE09914D8446E93840FF4D6C963FF32BFB6AB015D1D3B0C9A0968776F021F21404B6260CF84A14F35180CE20B5E85BDA2EC91FD5A7DBA7E5705F4F0
311
F97AF26CE18E3BA078138202400A62930FA6CC7882F911A92F33E547E64990B0F27323D73B6222863F86425153FA8009361C675554C25382CE148420C8DCC47A20122806CA178A0918C14CBD33440289078A00EC6070184CA9907FD0A1270478E0B325B67C2193694EDB7DD0F3C238447C8A11485562FB4902134E6AC952FD
311
5320A4F7C780882DA9684285CD81D278C0E8FF8DEC9F45D22DC3C2CA99C2728110888799575B6834BF22B0F01EDE72D7F21B672C40F0A972999E2200B7C91403F9BB3D09C01990819238CBAE5E7510D7D57450507E3DB04AAA0A3C280064E0775380C8C16EEA4834346A04BF0CE847B4B3AF760D06D24BBB267C32E2C9257D
311
E5EB748AD101AF1FD33265E2B674EED8C01A0AC901392211011AC810560F77778E85B13BAFE3E25C95B70919A4862C15928BD8989664AD8638101D009A80F00BDC41AF27602A4BDA0C077E550048E7F1011410F01405045E1C140B4D0E70E0F6E034171C3D6FD12004FCC1FA304312518910356628A4A326EC9ADF5DFFD1B2
311
C0399503F14B4F8E3E0E4E39A06ABCB56A8014687E86E462BDDE5124615ECDB412B7314F62E6E0C76ADEC0F717B360E741960104CF1706CFA18E0605004B01AE007869B095ED92144A807841EFF2811C047889A04901C809062057192688C92346F97F279449F89B113500BAD282D1DA80A55C27EFFE02C8D4F395003F285B
311
617BBF0831F49B055342DDDD414378E8888E92C16789F269A27C9A221FAA4A0DFDDB9F935B2ECC04DC51481558A69301E0460B02665AC4DD30C03D480866C3409400051811876014C0F294C542821AB045011A3E3F09001FF304E3A0BED05CC11A811B865001769507FC01ADC611F400CF68C7B093606E30F3C7E0F00C1D10
311
C31951C1E2D7252181DA00345842A19130715C736EC9ECE686A712FDB31E4D3E50AB336E5666D7B212C0113C4A4406029709B43D0228F3FBAF49921B19CA0C82A2D5BC4A2079809240F37D3E10F9637607C3983F0458508A98B8B4EFC92AC13530180CF55359500080061DF59B98BB3FEACEE881DC8127F182A885A86FB12B
311
43C590A4380504E32305E3148BBEEB2D2782029765428092545BA5C2C681FC5F8E869C0EE1034A822FF09A12C94084505AA868080303473F8161F7AA0A6610745E280BE4427FB770106F8800EADABA19F453210435BDB2348471B13B65F2FCB554827632C4C44467333E4127095D22092ED492009930413251B54083450650
311
65E415266E20279A40B3F520370BE2050C8360E6BB4601C1673B9BFE007EF5200B6483CD195400A783E6DEA0653515B0FCE8E86D1618FC1EFC15C2E727F24F2A2DAB57326D8D0877D4E298894E7A0C3C7D9CE8A0E2D17AA2020FA1097D6372F2A9F955060FDD467AD0426368C24A8340FD0D6687A76316DEF5179ED9042005
311
A2BF02A5DD810A4DEFA4A8F700EFC50FF4FB8C06410F0303C106ADF8852ACC6A2CA9046E9ED070739339857222CC009E206479886EA26227BF7A341A15C351A8404A6C10080A2140FA4B4E8D9B9A11645899332363FD69887F436A660566964250FD752E787B64BCF8E6C8190DF8EA0C854C062D8A5A1346F810414313E606
311
ECA0AC3A01D6928544029D5F42E202C0CB386F880F7842A31287061F32F3CBE09F2950783394F2F2B23D85386C6F51943E99DD10C8A0000BA9569A14805693274BD0E4F4DC3F28E331EEA91C4F33ABE057889BFB92819187840A08E57A276A8BFCB75B0342668C70C565C8059996D209C2800941A21FB82B2F520BC2E6FE6F
311
1A8827043DE17000DACC8193E78BBB8DF1467978C06F6AFE986123E3A95272CAC122046F4C65C4B88FED2F1CD1D918F7CDBF8903BF1A90057D42F4DC133AF804ACBB58446A0DB78806FC053FA1E45D0AF1112613CC0DD976C5E70AD3282F42725C0D02AC8588DE451B1C01ABF063E7748A3882F0DD484BB78D037F9812240E
311
B88B6034C0AD53E5116D4C6D920C6A89F084E6D0598AD7EB6930CC7B293E27A666E5CDFE9A3FA52FEB3C97976FDAAE9A60008FCA6B33099CF9880D35D419FC687D424378E3099441E110C5B3C6DC311E6653514A67A530D863326C4D8430E0C28024803B5B069B0E60C10EDB6DF087034171DF01F1F3404B27B1056D8C0E56
311
E7CA6056E7798147BE4C2F01CED5987E413AC6A724876DE3F599E0601CE7B9CEF3BEB3671E12DCE8AF9631B8031D3F360B6955DC2342B2A0E4632A00264C0DA002220CFEC3E10D9BADC8904D88DC51928593AA16C91DF6FFF82B3234404C7214D0F8608E0052283EFB2B0563F1D072936C4017706010BCF1B16CDE0C1FA9C7
311
77E44E1F5259B0C9BBC8794A82A6C182A3AF56B16921405351FDDC91B5BAAA617860E8D76C97C377FE701A4EB4378FA97C2C8E3CC8950886C6FD93AF70A1F5F676B7ED16CBC56AF5D09110EEB8607CC08A795882358280DDB98AFFE7087C6EB593D62F041CDB4018935238E73F1098100D0C8769818F777057F64C703C6530
311
E142FDF5C837AE1CF66C94C4887D3A3726AB990DEA248F73B5D32C8E04F6714B1E67C53FC52040252E605B322407CBF8C7F05453462A295ABF4D95592DDD76AC23512E9A2DF964715C80DD752CA8E263AC36F02C3C28A133EB22AC8D099BDEFDE28C3E8FFEE3815D5D00C17C00511058354D62443C1A546280E43572A9C661
311
A34FA5891F8E7570608C8DF21DF51DF9D2A84D4501F41B8CD4F4C9DEB2F901E810C0E4CEB6EC08DFB06341C864CF8D0EEE779A606545E1E64AAF30A4324C20FDD3BD558BD966BA994FA915CD162B1978642AD01694E533EC190368A68234657085B5F88E27A0805E04B8BB6A00A51646EE3C10A50FF007FF410F1963CA69BE
311
2002F0F902E701AEC995FD41F83A3F0C3809A3288A083003A6CC2A20E6D703EE48E3777AC07ADD51EB6101603A9FCF17B3D5928F6D742EE7E4CF38AE2B03C5FB39C81D7B2978FAFE85AF3D2710B0582C970F0FEB0E4D1103B8BE2B4D560CA10002FC8F334C891C07B44FE06B2E3ACE5E1E2D1FC32203110ABF9CA0E8381F68
311
EC3C06701328E5A38278A5FCD944CEA5283DA933DF2A2448BD23F1C5D8BE04CC2DC3B43B3EEC29F8B5FF926D11D3E97EBF7FA1BD1E5E5F5FE6D3D972F548547783146ECD84873F377C5820F7F9FCE5E07378D6CBCB7E036DF7F7104079A05B77C6942D1BA95D47424BFC3DB6411009A42E207871B7EE9B06614BBD20F22F75
311
23FB985F3F7068E37600273A3ED0C1CCC380F6EC4AF01CC1CF95E4848B7BF950AD14C44F10460221E02D21D01DAE800F323704C00035DFE97CB37F797D3D1C0E4FBF35EE1E5E9E0E879FBF3DF6F474780A01FB3DAF01FE0C0798218007C2090A3008BA7682A338F4A8804A06CBFE6A80CEC766F49853F15B2F45FCEA3F8250
311
012841315016E75E797EFEEC4ACA6C79F515CF1738F7C36E2406071051043817C9E8C5888D49D0332E800062FF54FA562BF7446CC0BFDFBF8603D1FEFCC9F7FFB5A7F000430755C2D3F72F2D02A022820897ABDD44594475BDCCA4A10AF34C06B08B4AB58BBFAE30999DC66C7CE903A83CF8EB006EEEAA063430F84B05F0EC
311
F644825F5E95073870E72A0771AB89B080022A0C5A9FAF34C89286257FB7BEA000EC65B59750C68E0815B0D9834B15606328F80709DE09018AC2A7817F83F96DB3D562C10A0A31300230CD4200B87F85808BAF64D04600254047F9C14DE93464009E7F5AABB4FDD6D55142A2C0BF1541FCE19C20C899BF4F76AB54B84CB97F
311
88F48ECC029FD253F0C70DF4816B9AC94BCBD653B1A283C4001A0337955E4AFED3FB790B6B1F5EA0B5514074103A38D84280EE0F5F9BE974EAB2D16AB1EA969684B6E4166CA28264B300474C7308D20013B204A65F82970718D05678B3315D442E1C0A327E2F56556040C005D2FAB1326A68A07507C9E46A3648555A7080F5
311
F50219A00E6222E3E0862CE95B5680930530742F1D041805E69B788161F015944D041182B861A2C17F3AF01CF5BFDF6C343F9171F5B004BF59C016719164B888EA206A02AD05E8464D06B48E4381A0E9345FD171625AC22198F57C003BEA5510F81FF78D31C9B033D0030000000049454E44AE426082504B03041400060808
311
005287285828BB58AF800100009E0500003D00000030463938303345452D434632362D343644352D423642362D3235344135323132363737312F536368656D61732F436F6D6D6F6E536368656D612E786D6CBD544D4FC23018BEFB2B96DE15493C78601010A34B880709DEDFB52FD0D8B54BD70DF6EFED3AC0B12E6442E271
311
6BFB3CEFF3D18E26FB440405EA8C2B1992E1C323095052C5B8DC842437EBFB673219DF8DA659866649B798C078B48AE6410122242F2A4994AC7F93815DF85C049C8564CA0A901499DD886B2EB9B1E02448F358701A9235880C49A0119892A20C89D1B9FD768815CAD268CB5E0355B40B1E47F3E37A2020464BED06AA57CE8F
311
CC20C3C3446D46761A2632A8C1283D07031EFF2AE7CCB1BFEEE916E406DFAC8E36FFD99A9D60A6944090EEDC3B670C7DC13DE86B6B2C5C240D6E503BB85ACD579D513F1B9F9A69DC9CC22AFA80C426D40AF0B21EA168559156B6276F0F726A6BFF04DCD513A87A62CAD41FB24FCB2858B3952E3D852084DA25B9303C156879
311
73CC8E8AAE11DF2836C38C6A9E765E8C1BA1BFB1DC29CDFE518C8B5A7655A4ED7E77291ABEB80DBD82EC866ADE1B8D05AF9E35CF09D7A061F38A986D9EC412B8F0F65E5D81534D9B231D1E5A8FE577A241F3A5FD01504B0304140006080800528728581004A04F380500005C1700003E00000030463938303345452D434632
311
362D343644352D423642362D3235344135323132363737312F536368656D61732F47656E65726963536368656D612E786D6CED585B6FDB36147EDFAF20F41EC7F69A2005E214768278069665709ABE0A3445D9DCA80B44CA89F7EB7B0E2FBAC4B2A32643D10E33505411A9C373BEF39D1B2F3F3D27926C79A144964E82D160
311
18109EB22C12E97A12943A3EB9083E5DFD7239558AEB07B6E109BDBA7C5CDC902D959360CE535E0866DF07A7579733AAB85D5AF234E2C51DD5B081CA7A87DEE56E47E2D6689E735AD0947194500A22A249308DB6F82682A3782C52A141BD80E4E54A0A3609622A150F48C16994A57237097451C2DF462738529D3AC5FCFFB5
311
B401988BC78824973CE1A9A628D91CB968BDBAC335B9A4BB379C6ABF5D2474CD7B9F773F7F78C349F055EF13FE2CF856F0A7379CE2BEBCCE6456F8E316A9E66B5E18E4AC77BF5812F5937FDEF0F5BFE3E3C785576D96659253EB54863A87AB5D98ADFEE24C3B8E38FE48BAE2C062631799EDC8BDDD833C6E88585B9287340B
311
23AEA990CA49B1A473421E81F856D06D9125E45E6F001C4F7F85D6DECA8C6A835753A250DA50DF92F743409CBC3BFA4C6EFCE2618D302A0CEDDB264D93950002937BC66489A18D0A345DD650415124BE376A745EA9F0E016108E328D14C979C1302CD6BC0A4191B2C2C49112FFC0DB51401288D6A44C26C1B87A160AB6A11E
311
5BD862514BE8B3DB750607BABFF6F781D6A74EED6EA7AC28FB3BA68C87AC94B2138A99DB41AE7147A71F56659287340123812054CAEC8965690A74E111C5BCA7260158B0963EC50C07E38FEDDFC5C5C70AB6A915F446D44E46C321E46087E23E221E2BC0DA6EB440EE6F44E80CE5AE2E2D2F31AD7AB71B8B139AF730773909
311
401FE0D8DC3FCCFCC3D438DC1176062076C3CB4A9D953ACC72CA84867CDA0361E0910F4EF3B109A07D332211C72556825745A215835F47678059E337068E3ACB0E2EA2B507175B0818FD1082EB4D26186F85BAD33464988F1420E1B9E43D522F8452A450106B04F01362BFF1B2BF5059B60F687C9F663A54396722163C7231
311
012E7480FE916910E6572B6D8F4A54CBF92C5CD324A163C8508058D3F16A399B13B348C6830FB5FD47257A1B8D2CF08253EE776B3A72D782D895363D96020B6C18D3C86359B3C6D45E728B4B9D716893D091E4D533045F495D2EFEF633FF5A660A520A5790765FE52E12F0AC82685E7FFA0398D65528850A132894DDE9F837
311
B1DE48F8A74D487795A482C7122A6DAE377BDC5DC212A465ECD8B03E7E2E208EC88DD9DA89456CFBC477FB798C74389668AB1A75C820AB7568FCBE0B5F94DC9AFF0D038D9F77E49D45B8278FC7177D0DDCE732FA0BCDDB42720FA90E87115FF76375C5696F368AF83103F6A5911FFF03561EE06AD10ABE933AA9DEC3985888
311
88137017449E09C377051FCAEED1E8BC3BFA9CB27DA2CFDBF533459F374FC0C4FDECCBF3E06CDC6874E0710421EEAA6CEDBFEE60EB913607436C3F5BBF713F6F42253B9A4A0FD64C08416FA986EB02254B1846D82E7CE2584EBE31E340E9A8247483F07D5B84AE3A5AE0D4C5B202EE585468BA84105B1F5EC00C16FADB133F
311
B7399F390FCF245CBF9027A137FD26D1D651058D44D9B331A93985CAC2046CB4ED9E0314977128A42C13DB06879A273052525D16BE833B8706BD1269FA69F2B9B109BB55D30D37679986D85848B86F026CF21E74809100180B0D280C36F6015A7DFBD06AEB6F8D503BDCD7DD6DABBBEF54E1FF5EDF0E3AD53C03509B5B816F
311
E9F51BC8026F44DAB82BA989F200C4220B24166C3037854094FD46C5648D9C42F8B07E53687D824917FED3CE56F3FBA68BE3C6853FCD64F4A00BB85831B1243346654A134805AF5CF39A9DFE22C9906A6EAFE8303A5F4AC4FBE637489CB62EA59B9D529255F326CCC28ECB77F812A7D6E63DF957504B030414000608080052
311
872858F702076DC3010000E60400004500000030463938303345452D434632362D343644352D423642362D3235344135323132363737312F536368656D61732F52656E6465724D6174657269616C536368656D612E786D6CA554CB4EC33010BCF31596EFF405481C9AA2A64851255E4A816BB438DBD4926347B15BE0EFF123
311
6982021512B925E39D9D9D59677EF3510A72C05A7325233A1D4D2841C954CE6511D1BDD99E5FD39BC5D97CA9359A0DDB61098BF9CBFA961C4044344599637D0F066B0E22C074BC98C7A0319C58A9B254B2435ED23BC2F388AECB4A6089D280B18D139496815152EDDF046711DD82D048498D902B293E236AEABD7DF74D5D83
311
9F69EE1D9F48E1F3BF448FC9E6BF144F351E38BEFF9D662D0D16587B77825FAF2195BF515C395B563BC5197A0AE68DCF363BA831CF7C7C8D7F0DA23D42898037B451BA833673DA92BC82D87F636ACFFB0CEC96F4EA30EF9A0FEAB85D91CAED89348D80E9B178DDC3ACFC71D06F2528A182138DD8672E4DC6DC57CF91467432
311
BA985E4DBE3DB399079353607C0A5CDA0B70D4E65A122FA41BAEEF6C272908D315B076451BD55EB0FF9E092E11ACF8C6B5306028F9D5F15EB95426D31532BEE5D6EC700FBA0C1E94211D7ADC8341143D429D2671564059C2EC72108B4EE3847890CC4697DDF8A708DB01FD7AD8209A41EFC2DCFD7063A504821C7869545188
311
D6C16DF801342CCE6B276363DC8EFA4AFD0E86ED0677C3B77747C7FD3FD617504B030414000608080052872858E4525AB54F000000570000004700000030463938303345452D434632362D343644352D423642362D3235344135323132363737312F4173736574446174612F41737365745461626C654F66436F6E74656E74
311
732E62696E5361606030B7707631B6B434D33530B374D435317435D5B534307702722D2C8C5D1D4D4C9C0DCD8480EA72134B528B321373120B0A52138B12F39253818260C00B24DD53F380B2C9C1C919A9B98900504B030414000608080052872858C55C663656000000680000004500000030463938303345452D43463236
311
2D343644352D423642362D3235344135323132363737312F4173736574446174612F53747265616D56657273696F6E5461626C652E696E665D8CBD0A80300C06F73E4B29FE6CDD8A2E82A083B8B7F209014925C9FBA3AEAEC7DD2555D896CB85E51C2A1BD834F6A1F56EC4494C4695278364ABB24ABD2146F88CCEBB89D532
311
1FF8F3F43D672A3B44DF3CB6A1710F504B030414000608080052872858C5BCE28738010000A20400003600000030463938303345452D434632362D343644352D423642362D3235344135323132363737312F4173736574446174612F636E782E786D6CCD943F4FC33010C5BF4A6489317652FE5595E30AC1D209242A06B6AB
311
7369AD3A76645F107C7BEC3603A888A943D7D3EFEE9E9FFC4E2E3F7B5B7C6088C6BB86D5BC62053AED5BE3B60D1BA92BE7AC582A19BCA71F182B1CF4D8B05C664A6E831F87A9D46207A3CD556BDC7E2A3EC488B4868DC5E7EED13B42479115DA428C0D8B7A873D7018C9B718F7BC05025EF380D18F41639A44A6C769920E08
311
842D53B36A7653567559CDD7F5DDE276BEB8BE7F9722934A6EBCB7136FD2B2E087AB59A58F7B99AAA4C88092633013955FC3D45F2AF9C6382912A964A4905C993AE86B481D300CD668A0649EF09A90CA0421F4521C61254576E197174FD8196772CB2A4903F2E12509C440062FD093FFD49EDF9B958B044EE3253B72AAF1FC
311
3EBC1E7ED1DB319687DC5C5E5A4E3572E3BA3364451CCE498A4EBE2EEA1B504B030414000608080052872858E5493887E7000000600100006700000030463938303345452D434632362D343644352D423642362D3235344135323132363737312F5265736F75726365732F37384344333939362D303639412D343145352D39
311
3037422D3036383833454134344331362F7468756D626E61696C2F302F636E782E786D6C4D90CD6EC4200C845F2542EA3181A47FD18AB02FD1532F1525DE142D600466D5BE7DA1E5B0A7B1C69F2CCFC8F3B777C30D52B61836364F820D100CEE361C1B2B741957369C954C887487B121680F1B6B3653F2485862B776B8E8E2
311
9AEB6CB876F38000C99A8F180E3618A773DE58365FE0F5A40BE10EF93AED9AF4344F09329664A01E20EBA11F300934C1CED42296A751CCA358DFE697D3F37A7A7C7D97BC914A7E22BACEDB4090303E2CC2601D43FD4748DE00254BB29D6A2198BA7B4EF2BA543253AAF93B443FB1423A46678DA65A134743406385407BC9FF
311
612579CB5BE5AF8CAAAD1BF50B504B030414000608080052872858A233C2345D000000800000006500000030463938303345452D434632362D343644352D423642362D3235344135323132363737312F5265736F75726365732F37384344333939362D303639412D343145352D393037422D3036383833454134344331362F
311
7468756D626E61696C2F636E782E786D6C4D8B490E80201004BF42E6EE76F3C0F216234B883063108CCF170C074F95AE5473F5C4C06E932E4F28601967600677D21E9D8092EDB002539227A2FCCB80E1168D80A6417297A89C5D6963B7129A0D1E8F2EE73AA7B62BBEB8B27DE50B504B030414000608080052872858BE8976
311
2363000000880000005B00000030463938303345452D434632362D343644352D423642362D3235344135323132363737312F5265736F75726365732F37384344333939362D303639412D343145352D393037422D3036383833454134344331362F636E782E786D6C4DCC3B0E80201004D0AB90EDFD75167CCE820A4A845D83
311
603CBE602CAC26799919AEEEE0D965E2E908050C6D0FCCE04C8BC355404EB6198129C92351FAD580A10E464065907C8D948F8F166375F655BDC3FDC3B4E530A176BE7057BDC43B2A593FE403504B030414000608080052872858A55F9D767E000000A30000003600000030463938303345452D434632362D343644352D4236
311
42362D3235344135323132363737312F5265736F75726365732F636E782E786D6C4D8C410EC2201444AF42FE1E8514292440536B0FD258DA1029182CC6E30BA60B572FF33233AAFB6C1EBD6D7AB91834D0130164C33DCE2EAC1AF2BE6001A8332AC5B8FFD5008569B31AAA06A3D614F3F350B35DA6ECABF52E3C0ED98AE1D6
311
48C931E1B2C78C8E172C497B2D518866EC191B282F8B739D14FCFE0AEBBDF902504B0304140006080800528728582EF06CF20C010000550300003400000030463938303345452D434632362D343644352D423642362D3235344135323132363737312F536368656D61732F636E782E786D6CCD933B6FC3201485FF8A85D4D1
311
18BB2F2BC264E8D0A94BDBA91B859B0405B8168FAAFDF705D74322756B876C70F4E9EA9C03976F3F9D6D3E2044837E223D65A401AF501BBF9F484EBB7624CD56F080984E30D278E96022552682EF03E6799534EC64B655B5C61F57F1019D43FFA20EE024699495314E242E572A73420DF148B54C92F63440C41C149409C938
311
5827A8003281266260C34DCBFA968DAFFDDDE676DC5CDFBFF1AE9282BF23DA95373E41C0F96A600ACBD117438C7715103C07B352350511A7EE68E9837785103CA6505A58C9F4351752CEB3354AA65256B7803F8CE05D0D7B16F9113C04A32E35F399BD7F0BFD0C5E43782A2F158CB4979AFD37977FABA05B36A07C83BA10E2
311
1B504B030414000608080052872858E3603EBE7A000000C20000002C00000030463938303345452D434632362D343644352D423642362D3235344135323132363737312F636E782E786D6C6DCD410EC2201085E1AB90D9DBEACE05D09878023D01A1D34A8419C380F1F82DA68B9AB8FDFEC93C3D7C52546FCC12980C9CBA23
311
2824CF63A0D9402DD3E10C6AB03A3397DD192872090D3406ABE7CCF5B5D18893ABB1690CF4DCF02282E5EA8A5BB96FFE536F285CB347F95BEFFE81C9ED5AFF9D5B1FB575BB00504B03041400060808005287285855C9855D7F000000A300000007000000636E782E786D6C4D8CD10E822018465F85FDF71490A06D80CBD2F7
311
70898E85D0485A8F1F342FBAFAB6B3EF1CD97E5687DE26BE6CF00AE8810032FE1E26EB1705699B7103A8D53286B0FDDD00F971350A0A062D9718D273479399C7E40A75D63F76488673434E7D8FAF0313B812378E3BD109CC7875E18C3251D7341BC7A2E4F9F5F296BCFE02504B030414000608080052872858CA1DF9C9A900
311
000073010000130000005B436F6E74656E745F54797065735D2E786D6CA590410EC2300C04BF12E5DEBA70400835E500FC800F84E0B411AD13252E2ABF27A55740421CEDDDD9B55CEFA7A117778CC979527255565220197F75D42A39B22DB652EC9BFAFC089844F65252B2630E3B80643A1C742A7D40CA8AF571D09CC7D842
311
D0E6A65B8475556DC07862242E78CE904D7D44ABC79EC569CAEBA537E3521C16DF5CA5A40EA17746733E0B6615DE7217475F386F18B9481C510F1F021CD9FF027EA0E1F5C4E609504B0304140006080800528728583DEE336E64000000790000001B0000006175746F6465736B2D64657369676E2D7061636B6167652E786D
311
6C35CBC10E83200C00D05F21DCA56CA76D41FC96062B120735B69A7DBE268BB7777961F8D5AF396893C2ADB70FE7ADA196782C2DF776D7A97B5933C430F15651E5469C55D70F80A4992A3ADC954792C525AE70A1E4D6AD9816CC044FEFDF01FE3FDE907802504B0304140006080800528728587E52ADBDF900000096010000
311
3700000030463938303345452D434632362D343644352D423642362D3235344135323132363737312F4173736574446174612F636F72652E786D6C8550CB6E833010FC15B477834D880391719498FE414FBD59E0102BC1467E54FDFCDA0995DA534FBB9A9D99DD1D76FA5A1EC5A7725E5BD303293114CA8C76D266EE21862B
311
6AA13871E6AC0DBF685018B9A81E320C9CCDCEC67583466B8232193576521B28BD57018AF1919A1EFC78538B2C650C89E1EFE52AC7BB9C5549CA178FB318F5B449F594DCF4552B07BCC3DD45888E22DCE00135B4DBA34E0C67240E545C287D23A2ED5895C59C05BDFC6C1F9D92414DC06B5C37081384DB77428FFBF6B83B7C
311
B02A3339F3C1A59FB7A5F93BE0E77CF5208364D56BFAC735AED3FFAE519BB0AB37D797C20327E9C8E780B32AA794CA33C25473A2FC1B504B03041400060808005287285834AA92E4F40000008E0100006800000030463938303345452D434632362D343644352D423642362D3235344135323132363737312F5265736F7572
311
6365732F37384344333939362D303639412D343145352D393037422D3036383833454134344331362F7468756D626E61696C2F302F636F72652E786D6C8550CB6EC32010FC156BEFD8D8718889305143FA073DF5860C715162B07854FDFC42E24AEDA9A75DCDCECCEE0E3B7D2DF7EA53FB609C1DA1AD3154DA4E4E193B8F90
311
E2150D509D38F3CEC55F34A8AC5CF4080506CE66EFD2BA4193B351DB825AA7F406CA1074846ABAE76684307DE845D632C5CC08B77A95D34DCEBA6EEB278FB3948CDAA44665377335DA03A7989E85A004E11E5F504FE81E51717941E240C49990D7560C943545CC5934CBCFF6C96B19B502DEE1AE47B84578786BC9713F1C77
311
8777D614266721FAFCF3B6B47C071CB3E689FE714BABFADF2D191B77DDE6F65404E06D3EEE31E0AC29E9E4F2882ED79224FF06504B0304140006080800528728581E9C9CBFFA000000960100006600000030463938303345452D434632362D343644352D423642362D3235344135323132363737312F5265736F7572636573
311
2F37384344333939362D303639412D343145352D393037422D3036383833454134344331362F7468756D626E61696C2F636F72652E786D6C8550CB6E833010FC15B477834D88039171D438FD839E7A73C12156C0467E54FDFCDA0995DA534FBB9A9D99DD1D76FA5AE6E25339AFADE98194180A65063B6A33F510C315B5509C
311
3873D6865F34288C5C540F1906CE2667E3BA41833541998C1A3BAA0D94DEAB00C530A7A6073FDCD4224B194362F87BB9CAE12E275592F2C9E32C463D6E523D26377DD5CA01EF707716A2A30837F8821ADAED51272E2F481CA83853FA4A44DBB12A8B390B7AF9D93E3825831A81D7B86E102608B76F841EF7ED717778675566
311
72E6834B3F6F4BF377C0C32D2E1F46EA9955CFE91FD7B88EFFBB466DC2AEDE5C9F0A0F9CA4231F03CEAA9C522A8F0853CD89F26F504B030414000608080052872858602B264B0B010000B10100005C00000030463938303345452D434632362D343644352D423642362D3235344135323132363737312F5265736F75726365
311
732F37384344333939362D303639412D343145352D393037422D3036383833454134344331362F636F72652E786D6C8590416EC3201045AF62CD1E1B620743848912921B74D51DB2498A124364A0EAF10B892BB5ABAE063EFFCF6346ECBFE67BF5699660BD1B80D4182AE3463F59771D20C50B6250EDA558BC8FBF6C50393D
311
9B018A0C525C179F1EAB347A178D2BAAF39359451D8289508DF77C18208C1F66D6B54E313BC2AD7EE8F1A6AFA626F5CB27454A765AA376CADDECC59A0524C7FCA814A70877F8843ACAB788ABD301A99EAA23A567A218174D094B11EDFC431F17A3A399406EF0A6439820CCDE08DD6DD9AEEDDF45539C5284B8E4995768990E
311
64CFD4A9E50547F90175E49C71B83FE62B63EDF9D0758A50D1BC827F80E931FD0F4CD6C576B3025F890092E4FF3F1FA468CA0273796E37D7B26CF90D504B030414000608080052872858EA0ECAE0FA000000960100003700000030463938303345452D434632362D343644352D423642362D3235344135323132363737312F
311
5265736F75726365732F636F72652E786D6C8550CB6E833010FC15B47783218440641C35A43F50F5D49B6536C44AB0911F553FBF76A0527BEA6957B333B3BBC34E5FF323FB44EB94D13D9439850CB534A3D2530FC15F490BD989336B8CFF45834C8B197B483070365913960D92467BD409D566C40D14CEA1874C3E62D38393
311
379C452E828F0C77CF1721EF62C2BCCC571E6721A87193AA31BAA9AB420BBCA3DD7918BA86D09A5E48DD747BD20D9717321C9AE1DC34AFE5D076AC4862CEBC9A7FB64B8BC2E308BCA2554D684968FB5E36C77D7BDC1D3E5891989C396FE3CFDBD2F41DF037742658898E15EBF48F6B58C6FF5D83D27E576DAEABC2012FE391
311
CF0167454A29966784B1A644F937504B030414000608080052872858F1E70E67F8000000940100003500000030463938303345452D434632362D343644352D423642362D3235344135323132363737312F536368656D61732F636F72652E786D6C8550CB6E833010FC15B477834D88039171D438FD82F6D49B050EB1126CE4
311
47D5CFAF1DA8D49E7ADAD5ECCCECEEB0D3D7FC283E95F3DA9A1E4889A15066B0A336530F315C510BC58933676DF84583C2C859F59061E06C72362E1B34581394C9A8B1A3DA40E9BD0A500C8FD4F4E0879B9A652963480C7F2F1739DCE5A44A52AE3CCE62D4E326D56372D357AD1CF00E7767213A8A70832FA8A1DD1E75E2F2
311
82C4818A33A5AF44B41DABB298B3A0E79FED835332A811788DEB06618270FB4EE871DF1E77870F566526673EB8F4F3B6347F07FCED79A767D53AFBE31997F17FCFA84DD8D59BE7AAF0C0493AF139E0ACCA19A5F20C30D59C27FF06504B030414000608080052872858B649D0C404010000D80100002D000000304639383033
311
45452D434632362D343644352D423642362D3235344135323132363737312F636F72652E786D6C9551416E833010FC0ADABBC1187068641C356DF2829E7A73F1865A0936C2A6EAF36B072AB5B7F6B4D678667767561C3EC75BF681B337CE7650E61432B4BDD3C60E1D2CE1425AC80E52CCCE851F34C8AC1AB183048314C3EC
311
9669837A6703DA845AA7710395F71820EB6FF1D181EFDF7154B95A4264F86B3EA9FEAA06CCCB7CE54911CCF82DED675401354846594D684968FB52F27DD3EEABDDAB2812538AC5D850B16D188E6FA8333785680964538962FD8EB4C5E88D64745CD25C0CCE20E9F9A1A5D5E9449ECE8C939A3F37E4C88F9CB0A67E6C58C9F8
311
6E57C626512C850F738C666B9242F8AB7C15FEB2B64CFA9FD656850799F6B97B96A24839C7723F42ACE926F20B504B03041400060808005287285847DFB29107010000B201000008000000636F72652E786D6C8D50C172832014FC15E6DD5134C66806C934A47FD0536F548861A2E00066DABF2F443BD3DE7A7ACCEEBEB7CB
311
D2D3E734A287725E5BD341911140CAF4566A3374B0842B6E009D1875D6865F3240464CAA830403A383B3CBBC41BD354199841A2BD5060AEF5500D48FF1D181EF6F6A1299584254F87B368BFE2E069515D9AA6334E8E967B5774A04258195A4AC30293069DE8AFAB86F8EBBC33BCD9392D165D172B3D232BAEBAB560E584BDA
311
33E76D8D49452EB8AADB3D6EF9E505F343CDCF75FD5AF0A6A5795A66D40717FFBC1D893903F2E2917C69BE528C7E583B6E82184A226BC62F6084E689F8137A99E53F426B1376E57670DDF0C08A18E84944E3D4601CCF7AE34C6DB36F504B01021400140006080800528728580F52A66B22010000A80100004F000000000000
311
000000000000000000000030463938303345452D434632362D343644352D423642362D3235344135323132363737312F4173736574446174612F446566696E6974696F6E4974657261746F7250726F706572746965732E62696E504B010214001400060808005287285800F6ED421C01000030020000450000000000000000
311
00000000008F01000030463938303345452D434632362D343644352D423642362D3235344135323132363737312F4173736574446174612F496E7374616E636550726F706572746965732E62696E504B0102140014000608080052872858B5A795FFE3790000DE7900006B000000000000000000000000000E030000304639
311
38303345452D434632362D343644352D423642362D3235344135323132363737312F5265736F75726365732F37384344333939362D303639412D343145352D393037422D3036383833454134344331362F7468756D626E61696C2F302F67656E657269635F706E67504B010214001400060808005287285828BB58AF800100
311
009E0500003D000000000000000000000000007A7D000030463938303345452D434632362D343644352D423642362D3235344135323132363737312F536368656D61732F436F6D6D6F6E536368656D612E786D6C504B01021400140006080800528728581004A04F380500005C1700003E0000000000000000000000000055
311
7F000030463938303345452D434632362D343644352D423642362D3235344135323132363737312F536368656D61732F47656E65726963536368656D612E786D6C504B0102140014000608080052872858F702076DC3010000E60400004500000000000000000000000000E984000030463938303345452D434632362D3436
311
44352D423642362D3235344135323132363737312F536368656D61732F52656E6465724D6174657269616C536368656D612E786D6C504B0102140014000608080052872858E4525AB54F0000005700000047000000000000000000000000000F87000030463938303345452D434632362D343644352D423642362D32353441
311
35323132363737312F4173736574446174612F41737365745461626C654F66436F6E74656E74732E62696E504B0102140014000608080052872858C55C663656000000680000004500000000000000000000000000C387000030463938303345452D434632362D343644352D423642362D3235344135323132363737312F41
311
73736574446174612F53747265616D56657273696F6E5461626C652E696E66504B0102140014000608080052872858C5BCE28738010000A204000036000000000000000000000000007C88000030463938303345452D434632362D343644352D423642362D3235344135323132363737312F4173736574446174612F636E78
311
2E786D6C504B0102140014000608080052872858E5493887E7000000600100006700000000000000000000000000088A000030463938303345452D434632362D343644352D423642362D3235344135323132363737312F5265736F75726365732F37384344333939362D303639412D343145352D393037422D303638383345
311
4134344331362F7468756D626E61696C2F302F636E782E786D6C504B0102140014000608080052872858A233C2345D000000800000006500000000000000000000000000748B000030463938303345452D434632362D343644352D423642362D3235344135323132363737312F5265736F75726365732F3738434433393936
311
2D303639412D343145352D393037422D3036383833454134344331362F7468756D626E61696C2F636E782E786D6C504B0102140014000608080052872858BE89762363000000880000005B00000000000000000000000000548C000030463938303345452D434632362D343644352D423642362D3235344135323132363737
311
312F5265736F75726365732F37384344333939362D303639412D343145352D393037422D3036383833454134344331362F636E782E786D6C504B0102140014000608080052872858A55F9D767E000000A30000003600000000000000000000000000308D000030463938303345452D434632362D343644352D423642362D32
311
35344135323132363737312F5265736F75726365732F636E782E786D6C504B01021400140006080800528728582EF06CF20C010000550300003400000000000000000000000000028E000030463938303345452D434632362D343644352D423642362D3235344135323132363737312F536368656D61732F636E782E786D6C
311
504B0102140014000608080052872858E3603EBE7A000000C20000002C00000000000000000000000000608F000030463938303345452D434632362D343644352D423642362D3235344135323132363737312F636E782E786D6C504B010214001400060808005287285855C9855D7F000000A3000000070000000000000000
311
000000000024900000636E782E786D6C504B0102140014000608080052872858CA1DF9C9A9000000730100001300000000000000000000000000C89000005B436F6E74656E745F54797065735D2E786D6C504B01021400140006080800528728583DEE336E64000000790000001B00000000000000000000000000A2910000
311
6175746F6465736B2D64657369676E2D7061636B6167652E786D6C504B01021400140006080800528728587E52ADBDF90000009601000037000000000000000000000000003F92000030463938303345452D434632362D343644352D423642362D3235344135323132363737312F4173736574446174612F636F72652E786D
311
6C504B010214001400060808005287285834AA92E4F40000008E01000068000000000000000000000000008D93000030463938303345452D434632362D343644352D423642362D3235344135323132363737312F5265736F75726365732F37384344333939362D303639412D343145352D393037422D303638383345413434
311
4331362F7468756D626E61696C2F302F636F72652E786D6C504B01021400140006080800528728581E9C9CBFFA0000009601000066000000000000000000000000000795000030463938303345452D434632362D343644352D423642362D3235344135323132363737312F5265736F75726365732F37384344333939362D30
311
3639412D343145352D393037422D3036383833454134344331362F7468756D626E61696C2F636F72652E786D6C504B0102140014000608080052872858602B264B0B010000B10100005C000000000000000000000000008596000030463938303345452D434632362D343644352D423642362D323534413532313236373731
311
2F5265736F75726365732F37384344333939362D303639412D343145352D393037422D3036383833454134344331362F636F72652E786D6C504B0102140014000608080052872858EA0ECAE0FA0000009601000037000000000000000000000000000A98000030463938303345452D434632362D343644352D423642362D32
311
35344135323132363737312F5265736F75726365732F636F72652E786D6C504B0102140014000608080052872858F1E70E67F80000009401000035000000000000000000000000005999000030463938303345452D434632362D343644352D423642362D3235344135323132363737312F536368656D61732F636F72652E78
311
6D6C504B0102140014000608080052872858B649D0C404010000D80100002D00000000000000000000000000A49A000030463938303345452D434632362D343644352D423642362D3235344135323132363737312F636F72652E786D6C504B010214001400060808005287285847DFB29107010000B2010000080000000000
311
0000000000000000F39B0000636F72652E786D6C504B0506000000001A001A00210B0000209D00000000
310
504B030414000608080052872858000000000000000000000000370000006662782F41464544353744302D394137442D343441342D384344452D4431343432373133313436382F617474726962757465732E62696E504B030414000608080052872858000000000000000000000000350000006662782F4146454435374430
310
2D394137442D343441342D384344452D4431343432373133313436382F76657274696365732E62696E504B030414000608080052872858F270F1330600000004000000360000006662782F41464544353744302D394137442D343441342D384344452D4431343432373133313436382F747269616E676C65732E62696E6366
310
60600000504B030414000608080052872858B5A795FFE3790000DE790000420000006662782F41464544353744302D394137442D343441342D384344452D4431343432373133313436382F7265736F75726365732F322F305F67656E657269632E706E6701DE79218689504E470D0A1A0A0000000D49484452000001000000
310
010008030000006BAC58540000000467414D410000B18F0BFC6105000000017352474200AECE1CE900000192504C5445818181B3B3B35A5A5A4848486060605C5C5C6464648383835E5E5E6262624E4E4EAFAFAF4A4A4AB5B5B54C4C4CB1B1B1858585B7B7B7585858ADADAD7C7C7C464646787878ABABAB747474A7A7A768
310
6868707070B9B9B96E6E6E6A6A6A8B8B8B666666545454565656A5A5A5505050A1A1A1BBBBBB8F8F8F9F9F9F4242425252527676764040403E3E3E9B9B9B7A7A7A8989897E7E7E9393939797974444448787873C3C3C727272BDBDBD3A3A3A6C6C6CA9A9A9A3A3A32020209D9D9DBFBFBF8D8D8D9595959191912626269999
310
992222222424241E1E1EC1C1C1282828C3C3C32C2C2C2A2A2A2E2E2E303030C5C5C53232321C1C1C363636383838343434C7C7C71A1A1A0E0E0E121212484A484C4E4C1616160A0A0A4A4C4A787A781414147C7E7C9193915E605E464846838583878987B1B3B18587856668665A5C5A626462818381A7A7A5A3A3A1B1B1AF
310
ADAFAD7072705C5E5C9D9D9BABADAB7E817EB7B9B7585A58BBBDBB4C4C4A8D8F8D747674B5B5B3B7B7B59FA19F606260ABABA9A5A5A39B9B99A9A9A78F8F8D6C6C6AC7C7C5451AD12700002000494441547801DCBD89771BD7B5A70B8EE04C702641712605CE034890E220088028C93245451215B713AF388E7DFD9EEDB8DD
310
CE6ABFF4B57D97137BE50FEFEFDBA74049B6AEED74869B7E87404D2814EBB7F76F0F67A8835CEEBFA0E42B854AA5B2BB5B6BCC951A8D52A93657A914FE0BEEE39FFE2FF395B9B9C6CAD2D4C4606F4B7FFF8D1B37EEDCB97587F7CD9B4343BD134BABE7DB48E3FFA7A228ECD6F6574E4786C0FC8B5FFCE2CD5FFCE297BF7CF3
310
CD5FFC92B52FFE58BFF9E69B776E0EF5F79E55CBBBF9FC3F5D3DFFB07F5898ABAF7CDA3B74E74EC0CE20230561BF096E97E05712BFFCC59BC80539DCE83DDD6E54FE61B7747DE17FB8980BBBFB2BBD4337DF487881AAE6C5ACC6AF25207877B2B527BFF1CB3B77FA47561ABBD7F7FA7FE146A5B6BD74E3164C7F51449AE95D
310
B412200EC539418717E7F2F11B376FF62E95FEAF1442BED0581DBCA1BD2780D23F506AFA16E1A7AD974EF17876F00DD7BCB187A1A97AE51FCED5BF2BC1F2BBE5B3C19BE27B43CF26DE00933658FE129B109C2FFF922CC22C4260FA01BEFB462A77DEBC35F42F600C3F5B0795D2E9E02DAD5E650B4438A92801B65C35CBAB7B
310
1EE5041CE69D3B6F1822DFB873EBD6AD3B6FBC71EBC6C86AE967DFC2DFA4CEBFF1BF54F6276EBC114E2F43FEC60B01A0D440A868B2920E5C4BC10D60931ADCB871F3268B21D3851B08E1D6AD9BFD4BF57F7577909FAB86F29B982571136AF01DF5FE32AC3BD9406CAAF2440A54CF176EDD01FBADA1FEFEFE21FE4C9858DFF4
310
183458A9FD2B6708A5A5A137E0EE1D11A9EC0C7C58B2C73C0AD6B479BD76B7790CF899E287FA5B06FB7B07C9195B7851FA8794031EF1FC5F9406BBFB23375420286399B631E93B08022A785C4DBF9996EC3551874094D71B6F487E80F6837E50F483BDBDBD83232323AC420A18C68DA196EDDADF68A77F938F78FD972BABBD
310
B7B87FB164AC6FC2CB760365821ACB74AED44FFAD7E7431ECD7E08AC421F391D199998989A383D9D98E8E56F84A318C58D9BFD2DAB73FF5222C8EFAEF4DE7AF30D756E5108683DA471E70D0502099A7240F19E4089D3FD203E620F1B47BF43501E85031AE44B4B9F2E4D2D9D4D51D8970983FA861B3706FF950CA170DE82F6
310
B312CC4F42C8966295F7D725ED29882415DC055F36DEA1FE96FEC141493F05FAA9A9A5A595B333DED5B3D5A533F62183323032F46EFF13EA0AAFA5FBF7C8976F8C10F7280A014832593B90004D52341980D907EAEB73411EB2F1EBC9F507F92746C40E7AE0AFAE54292BAB2BAB67CAE0746264A277B06508168C94BF772BE9
310
765F7BF0B548FE1E07F3B5A521340A5CB5297C4B12811B89E82191ECF3E41B3259C529F135E23CF4C7F961FB13537F5A02ECCAEA76B5BA5D3D3FDF3F2FEFEFB3AA22053E5008833428DC6C59FA2F770595F311F235D427F379BB8A121BD901B96076A388DC4C3C61C7933CCCD770FF375A6E0CE9F535FE2534BF5ADD3E3FAF
310
D71BF57AA951B6D4CFEBFB8864758A26154430080B06ABFF557610ECC93726224F155D1471041E0D42F82F4891C926C1355B0831649FF365F46FF05300A7A790BD8ADEEB0D4AA9569A9BDBADCCD56AA55AE377F5F3F3EA2A34983A1DE91D810543138D7F28E57FF4E2B5335A3928B76EA1CB9B00BF158C8F63A2E788826896
310
D0B5E7C461949ECE089144F8EBEFC7FB4D8C9C4E9DAD60F7FBE572B416C2F2423ECF8B86C439E450DA970634ACFDA977629098D0B2FAF313A36B3869E37AF7853378CDA1171FBEBA95DF1E44FD5144A420588641B0055A79ED91CC0DC41E27064512FB33F1F04D09D0D2DF0203A646A6CECE80DF28356A348CED8C4F1EF137
310
B9319E1BCD29867CA556AA97F7B757567006A447FD375A26CAAFDED9CFDCFB2BB0BEEE8AA5911BC2C7F85DF88A3775389990AA72219D582409210F85A4E66F2987D875C30848023088FDF77E87F96FD7CBA5B9DCCEF4F4C9FC7C676777577B7B7B67E7ECCCE4E8DEE85E81A6D55AA3BC7FBEB242589CE8ED4770E785D7DDE2
310
3FF2587EBF57F50B9E820527316488E5C32D50F979BCA58207297E2B6D658702FFCD211840FE43FC9F3A5BAD9E97E6F21B9FCF16BBBB3A3A5A175B5B1787875B5B3B86DFEFFC687A72674F19D46A8DFDF3EACA59E405375ACE76FFA922C817CE86A89BDD92F400F2C55B7462F610459837D3A61ACF50C7471C8F2F2A9D38C3
310
DA2F068007F80EFCDBFBE5DCC674B1D83EBCBEB8BCBCBC3ED0D3D333D0B3DE33BCBEB0D8DA35FBF9F8CECE68AE020BCE61C112A4C1138CD47F9AD13F7DC6AB9CF9CFCFAF9D0E01FFE6CD503F5B91C5218E2899CA15098714848B04FCE5654884ABF0E554F11F6C21D73D5D5AADD64B7B9327DDAD8B0B7D7D6D6D07070763BC
310
0F3E38E8EB4310EBEB8BC3DDB347E3E37B5842B97C4E44A0C630427E5CFDFB71E03F471E12CA9FF70E055AE141042DD81234B879EB4606361D9328149037D7D76A571A7E974FA20AD0323832713AB5BA7ABE3B3E3D3FBC30307070B0B9B645D93C3CDC3CDCA41CFC6AAC2D64D0D579B4B1B397A7C1BDBEBD7D36657A3CD4B2
310
F44F4909F2B9CA597F4245C59DEC354316F0587020D0C661742BC02869435FD12CF195C422DB3C5A3E2305C000CE6B7B27ED8B7D63079B5B5B878787C787C7C7C757C76C51B60ED60EDAFA06D67B965B3B672677080BB5329E60E9B477847AE2E9EB53E35779FD37EFCD2D0DDD68AA355B6B0D81860502B8B68C801F5C697E
310
9AD62F4B406244CB975560BAC756AAA577675B07C6D03778C17E7C95CAF1B3ABABE3E3ADADE3CDB1B1B6B681014470343EBA979F8B90383545727C63E43549D14FD0F927E5F1FDEFD7263058FE02EBCD1BDCBCA053496BD58E69BC44F9F854D4D979AE9ADB908824382AC1D4014E9756EAF9CE85B6B54DB01F02F8EA5908E0
310
D9D5F1B3E72188C3C3AB67879B07C8A0A767B8B831FE5E7EB754DEAE5261460243FFF07858D8EF0D658BDC563A2C5EF5833C13C90B69248C4DD97842B61DFA7F210A2F6108A0F96B62E2D3B3F3DD939EA47E30ABF5AB2B903F4BE5F9B36757CF65021E616DAC6F60A1FB647274B4B05B2E5341B082D43278F67D8DFDA48AFF
310
9A13F22B34C7586C9992BA6E66CABC190E313E7C811AA57304B421A75B289B9D174CC868C24548823E230B9A5A2DCD2CAFE1F98E61C015CA7E96B083FC59F3ED06EE60F360B3AD6F79787ED278D0A86FAFE00BA9220EAEFE1D5DE1F7855939C3FCC1332426B377F692406E022C010DB437EF009803F0DCFD3B7C94440571D8
310
F2C328F115F47FD324802070BAB43FBA80EFDB92FCA1F7E7CF9FA875CBB327CF9EB08C4DE4815BC4210E2CB7CF1CEDECEDCED5B757490968286899FAF95583BF46F9393CEE6A86D6F618CAAD9BFF0BE22B042412C5CFB50556815CC5BBE33E9F61ECEC26A9BCB8145FD10590078F9C9E953B513FAE1FE387FAC246E14F9E3C
310
E7F5F8194BD6594140876B6B84C5D6799C61A16434201E5237582AFD75C07EEED9863F463284E2E13425A036BD41061259289B6BDC1ED656FC8B8592C9D00701E27CEA749F0D8EF44EAD8C1F80FFF8F8F9D513191F6803384C800097F24069C407CFAE88136B7DCB3D5D4A60B711F19070D83235F77331FD35E71596688903
310
8E2E0B346EAB7936C4162043E1A1F144093695443A570144898BC4079CEF1912809A3035A1D3F361235F90FFF1E3E0FB93C7E2750719F88E7D8E68123883ADB5B18185AE99F1D11C1238A792DC4BEDE8EC6FF503DF377E0445F68FAF4E08D43082D02170F30131A154206CC559A8D9CFDD762B31273E4947A581E0D9BB71E3
310
3FFA07CD02CE2A6BE1EC80167497F2A81CFA3F7EFE58D0CF5D5D170DE4F89070B0BC4040CC17BEAC6B0586C3D3FF0309BC06F44B04A1E13729929B4DF73C44070692C810B08AC3012E8EE9EAE22067796288C193B2139B970B86F47FAD0F98382B1E035D9C32FD318A4FAFCB274F2E1FA772F94411B0CD42493C23393A685B
310
5FEF3E1ACF554AF5F3552A478383374E6B2FDDFC4F6DFE38F4F4ED7A7FE838F488EA852482F412D3CB07E293D02C9F074F12E84C5AAC423271450572A385449844706475FD38DC3C22486A0639E5F1E38B0CFE93CB4B25910EF309A2224BD8DAD40C682C28341AD69047E8539A6AFC14EC573F7FAD10AE0FE6EB13E87B28E0
310
93B513B5803514DE408809BC12A14876DE0A25F643009E9176D9F0C330164285A7444DC8CAF0E9FE41429EE0A2F6A6DE91C0856C501272404A8468822E24C807030B1D33D40D4AFBDBABB411D093D88C86D7205E05FC57EDD1F805FA4CED5920F0CED39157E007CE21757C5DE440ECBCB46CD283E378029B43FB077B4F47E6
310
0E9F61E8D01BE017D7E843EB49F50A2028F1E442FCC90C9EE308E4C0C2C94EAE30B75FAD3A0EAFA57FE9EF960F14BE15638840EAF3BA490BB6850EDB38EECAFD21A0C746D0C4234DBD035EFC7EDD121FA585FAB73DB89FE6A03CF833AB0730E5E2F1A36CE3F202A128934B44E396961121E1F2C9F32BFCC0C140CFE22C1CA8
310
E109B182919696BFB98120234F61B59F7BF46EC30CF067B21A33B0FB3E402448EE266CCD93135A8E823DB31F85E677434E608F53F8100BC0098EA2FD6BC01770E0F2F2D1E5452A711C4BB8486248FAD756D852026B6DC90A2AA5C6B69E9068B8F27AFABFFEE8AB36F1D23985D5960014FD711940800B560250D2272CC54FF1
310
D3A660B275AC3881E349689C1616E1E9044129D032313509DE4700BC867C71F128C400159407C761022BA8A040F40A244788808C60B3AD67A17576279F6F946923191921B0545FC2F12AC0EFEFBD7262B6935679FC7F80629160ABFAEC88E8430E76D82A8DE62ACE50BD4A42FBF03B387B37FD321B37E31C3F063D99703F51
310
60E6C9E5A300CF32A91E0A085A29C0FC507F6C21012303C6104B82C1F1E156DB3229D1A855A32A8352C9077AF733A0AFE0FB3EF81FDF2F0F82C21B0EB06998866878B103305E31EC17F4FD43831E570A2118D1667632D4FFFFB125782F96168A833DBE78C3F11F8383A79D49F58F1E3DBC780417AE6581381E8610604888E2
310
913E12492881274822C221AD04CB0B1D273B8542837460898C686864FF6F801E8269F40AD0481DFAF5E6E9C1F3BE391C325004DF0746A4E4448F7B52C0D5EAD39EC46896B888C4210D68E99DFA2820DF7FF850EC407EB55C3EBC5028611409BFCB8889C90F1C52355AEF98B18100094C9D0EF6F64FD47E5CBF3FF5293DDFB4
310
B50DDD54F351446FA1F14580DC3902C085F593CB24ACC917B213BBC11B3F0A61042FD8B24F4FB9C4556D0CB9E1A880DE89934CE9607F18F81FDD950DD0E1D143F41D56110E227C250621FF098838042BC85B5B6BCBCBC31DD37B34966E9FFD9936A2FEFEA9EBA4182E5CD3E17AE35501FCE0707E5525A7DBC64DFD077825BE
310
37CE0BBE1BBEC061410C660B6E49912665E2B3749C7C9F93834022F74CDE6CA5EB501D9CBC04B768292C5CCB84478F3CA83074092C6082169015E5800D5839DC6C1B58EFE83ECA513BDE3EFB8EF1242D2D4B3FD55AFE03D42F8492AF8A3F21444FA2FA9ABBF525EAF84C09F0168527B0138A85D1EC0443C467B28BF844EAF7
310
6323BE13D7C11F72FED783837B970FEFDE7D7817E077C17EF7E2A1C2C0FE851FE4C008388C15E818958746129E1009D054B67530D6B3D8DA3D59D82D9D57CF70039FF50FFE0DE94089DB269C3655A4F25B38C49D0BD48E59F1526887C18FC5272197F85CA72862A593A4843CD25F920487DDF7AA0441A2C0600D062001F103
310
FCEEA3D8560CEC3EBACB01CAE5A51E420349F602191E5F901893142381351CE17047E764BE50DEAF9E4D8C38B6ECFFACEB141E54A6865A88A60133EE9CBB4C256930B0B168C1C3AB59FE1743FB422C7166082E934AFA5EFA3E4BCE0B69362FA7041818B7FDECE1DDFB4D022007CA23E521F0700AAEB5888BBBF08023E128B4
310
045381542FA256B0D04E28A0C3804E233A1BFB476A2F48FD135BAF9843BEDA3264EB42BA499601F16B566E72C7EA35908ABCB9176BBED43204C696AFD3D7B24B08D3AFA44BE243D88A6D9D0B6562B52F741E1610C0EFBBAF2B0829289A640EC4C8A4FF66A24430786CEBE1E1E61AF9507BFB496EAEB64F8F49B4129EBDEC06
310
5EC1F8A3F228A3CD0950883B41BEC6D1944AE06147289600A7726313AC69A3F91197F1438BCB743E76F01F6EF1D1C854071670FFFE43FF1EDED702EE5A14C85D0C42DF90B86068800659AC88981855E3E774A71C0CAC2F76754EE7CC87C808D1E1E0F6CF47FD4224731337BE1E39C5010823EE997B1491BBD99FC8D8EF7748
310
2BEB5EB2CF66499A8E0F7511B19B3EFBDACB6507BC78731B1B383D02FFDD7BE8DD9256F7D0BA7B46015941097B80018F700FFA024CC08078F51806100ADBFA163ABA8A3B95B9D2F92AC30BC908ED31FABE0CBEBFFF0279B675868F9AA24E9530B08C174055B7F48E4F58002F3E82F0BDFA003E8B431EB6C4A91E4D9B5FFB79
310
1265BA8827BBE5F1BCFA7F789F72F75EC800F8AE43FFAEC42F13009FB905A9A0132015D0068ED7682AC608BA6771038DEDB3B33082891FAB1ABF5614F93238079726B833958796B845B731FCB86316713C1DC581B1E19B424EE32674093F80776F7E27C6FBFAC85C536CD955B96EDA2A3FBF770FF4BE11845470EB3E42D022
310
000E0FE07D161811020742162444668308801E133A4C163BE68F6826A5523071CA78B2FED51F28F8C70FE4190073A3E5D3259D7A288CD19BDE623F10021BAB0C6E327FD507B2741627727EA00D31856492F9F009D7F152D930704E642795C1C1B336E0DEBB7F0FDCB79318543B25341F36802D64A981A690B94259607DE0B1
310
9D466BF8C1C5E1CEF9A3FC5C639FD6117B4BAEAB453F8EFBDA500A67E8BAF76C8A06566E36EE1184E8329419161F83D843D5DE7D8221163E145F56921C3EE383978072129E290A9B7166E63D26BAB1FCDBF710009E4051842390031845F20077CD079407C575F20364C4910ED2A574BC357630B0BCD8DE39335EB175646A69
310
8458F6A346F003A93002E846FFE0C459B8006E506D79BF902908A0AA05CB5E73530E33BA1D3C2EF99C712B7C8B41DF4D2A7830BE8707485FCFAEEB85A09AB6D39BBF7B4F23E00509C20DB04E240822A4B810E04D8D53D10D504C059ED86BB8697F514777717A8F8144D48A4C89077F7EDB00E2D89DC02A7B975640A282C49A
310
4AA84B70B12BFED8EA6584860DFB7EE23FCB00C6BAF7332FF259FA3C9346508813E372F1DDE425065BB61FDF8300F7EEDDBE8D0C6EDF46F7D8823478590AE23759D60DA6B7A9F125EDE8F4A5D2B37470D0B63C30DCDE3D3D59A8D1501EB1B0A5377517BDD6E301F995E3F955F0F58FAC2E81CE172A8344AC03DC6781939D24
310
84B8FFC15E8F3ACCD3954CE19576B942D0A029188EC7013FE59AE90B71292DE774F1F63D60230180B30A2EDC65291B6211B4081128856001A680015CE000708254891851D4B3BED0FA4D7166B466BFF1D2A924885AD12B387FC0FCE6819AC3AE06A7AA4B715F0927B74D119D4A668FB54B8A8C268D8B038A207D10A7B1E95E
310
42195B695BE0240F7408B311257C23F581E987C180140C584A02B1670CB817CEC0A080F259F1360E58452013200E3EC107AC1DF4FD7B0F6D23F33347F9527D9F51E6138E31AF35F1BDAAEEEBA3D71BB402E2FB47CECEE96B4DB85536772B07C82A34F3E66D0BCEC207FEB9E70643761276F7B50D5EE963CFF80C7AF4A2130F
310
5BF8C4EBFB5F07B709840480DBD8007FB7EF3F90104908BA457D43AA2A6A02C91422285E5AAC143F3313A0CB74D9D164933B86C25587134E8D342B453FC982860D09FD13ABE72055ED020E85D3E312F74C25CB0293D978A1C4001927C80B86FD06349126EC219F0C735C8053D8F5F310817EA01F1B7851F406144C211C6362
310
C27DD51F1E310C0102280ADB891E9B085CC528A2B1369A46BA195B9A2B351862CE43174BA73FB7CBB430A5798F4C54B7333B96C3224A9863AD02B9FBD8E63092191924E77C199D92887DA594B6DCF0112857162FD0949FE6A441F5E62E42FB2105BC405A2301A3424601DC807912CB2C39C604A27908021CDA30C4C8C2019A
310
883B3A8BD393BB3546136EAF561980FB63E9E035FF73B96D09A905ACB2C11D79571C5159026227DDBDB81396EB03F14100BEB66DE1FA9EF82C3ECCBE318119C4269FD014E66361FC8BB0B4EA9A98EF3D8848A01360430284335004C183CC25BCA82D2302EB03B8419241C64DF4F5ADAF77B533BE786334BFCBB8DA72BDBEFF
310
C36103AFB30608A0B39B58D93F0BF42180841DD26BDC22CF0A770E90240006BAC65197D90920131C7B2EB3CFD3C71C6378A305EE8488FC1FF8D391E2BDDB0F6E3F45E7C8207C419800DB410073A3173942CA8D5242642A74496FF115832A6314D9FA4257577BF7FCF8F8E8CEE8DEDE5EBE76DD3CF892BA7FB8B90F629431B5
310
525E92A15A3A4A6FEA3FDD73136172060959206591F4C927196CF645AA285CF3014630121754261C0D31E1A7E3DA2DBDB54B04703BDE3A4209F02045C4BB0F529A14BED07098A2A1CD47513DA64B512F409BC01663090796D787173B5AA141B1B39BB470EEBCF1E30F9D263ACC4D05110797CEF7B923B027F089F74D1D06F0
310
A4D8C0CDA6604023FCA45B76C5CDE0BF3845ECBE13E0C0ED73700A8A753C1AC8AEFFF1B407FC8A20F42F0D94019121DE304077A027D4112283BB8FF0072444D68AAD111D6F591BC0061854BBC048EBBE9E81F6A33A95C21BFD13AF3C7E7DCDFFEB0DE8903F77B41DF178E99C289895B0EA8CD640549D68935BA7C5294E0A1D
310
66DA0CC419BD398E6265789CA1241441AC94532A3C19C95340BEFC68703077EFC1D307B71F3C500859C11494838E902203A2BE90EACC5135B80B078804340C920C2300BCC06F7A1C71B875DC572C9BD1D84BD5FB9363CA6BA7D03E5C40FDFC54FC23C9B4B9DDD028787D89219038523BF64E638BB37CC25335937A00DFD328
310
69C5B390C8C32FF25C8C47A7181B4A599A224A9DADB0E0406FEFF9F183B7448F081E3C55024FB33828784AB61704482CD0160C04174F9E33BA9291D58C2F1F1B1B3B5863B0D9F3E51C35C253D54A23E560E2C0CB3A6F7A81382601C2079CAE96B7B1560D20A341E85A928A4E01083256420576C2ED477E2E565FD9223BCC69
310
1CF394D3D8E281501E0EE5C1C8159E92585D255CF30CC854C75318006EA4A01028EC853F9407C6053910BE105348324002260254886C156260F9189EE0F8C9A3CBAE9D5A992184568A69D5183A7DB97DB089FDC57AEE54F858FE54F577DBA85309640290F2D220952620750C5811FB772A7876D1E4040FBFC6474D51246D8B
310
3FB378283FB514F8AB3C20B8BF7DBE5DE541C9A5D3D38DDB30E00151E02523081BC89C2214103E0BC1B3D0199A08E002681A2613A2616CEDF0F0F9C5DDC75DA395C25C0309C03DEC8091A4AFD3FEB504AAC6633930556DAC86EE3561941E862C4A75DD6B6BB3A0C59BE153DFA73EDFCBC3CE2188D3D378FC976D0EF9A95B7C
310
8532F527CE3CF539581E0FE501291E9139FFB65EFF5DBD8E0C18DE3077170A64E033FD278F18068028802F156C3809FDEB11B1019C208D020C9BA2870457F0F8E1FDC7EDD393E3B9FC9C4308E9315704233F960E554802C14716B0B45DAB5EAB5E25AB7830EBB8D25E6CA94E4AA01794FB1EE164FE9F040FE82C940A4BCEF9
310
13075D087E85A7237D3CF29C47E4E676777779528C4781761F0BFBC1D3A77880E40C9A2E5109180D5255317890394229F0F082010354082D574F1E3FBAB7D6553C2113DACB97BEB5526C7C6F69F9310A94C46CD89FF8F379AD1AA035FD00FF3F320180F01417A6F255A3A8D86319FE0C0B0E06A0DCD33F79841339C01E5BBE
310
1911AFCFF7C1E0A540BFBDBFCF2372352686D863F83F59CB6865F43104007EE06F52406F680341102048A01BB048823082CBCB0B6AC48C313F3E7CFEF8F2D1FDC3D6F6F9F9D9E98D9D7CAE5EADE2A6512FAD7AB526E17F600C85550DDE9ACFE9D97E694513103BC69F8A2813176032C890C1E9C49FC09C61670FF8705B1D73
310
86260E7C8E7122C7F8208A55139E8C8D4763F7EBF5728DF9C34677364E3A3F9AEFDEC9CD95470788834F9FBEC512379890B38C94205B2557987C4186DF5C0837608DF0F9F3CB87B7EF6E920475752A01460E556919B2B64296FB9FB70DD5F47232A0F77465BF140CD001F00ADCA175090E2665A14E6329B62660E02A1CB50C
310
6025E3DA252A670B3F0FFAA5EAD94A509FE7036B159E0D1D9F2E76B7AE1FD5A606198D3A747AF450023CBDFD162278B9446688111009B4029B0F2180AE20A542D40610C073B47FEFE1416B2B12200F3C991C2F54EC2491027A816B0A34A9D05C6F437AC23462385DADD75642EDDA738AF1600DBE07EE8437804D2D011A94DF
310
71C2085EDD40266A407FFA1D1C00B0C03927E60338E3B9D8C47D1F8CAED578E06F7CFAA4BB63B175FA7C301B747CB377F45192003CB8FD34B12009224543D8604494011A80C1903CE0518C986208E1C5FDDB8FDA161686873BBABABAE74FA637BEA894A44078C19696F326E057D7F95D061A6B0394A9D5F2DCAAFE4C2388D8
310
A6E9AB7695CB0BDD0A332430F1A9333DA41D1FFB97FA09AE84E738C75C407C260408F8DBD5EDED7DE1570A7BE333C54F16963B46AB0C2B71208EA3D16EF4EEDCD7005241166C005A73C03164792151205C007288AE337B4D7103741BDE7B7AC913350B348B2D767515674EC6F72A0402BBCB41C81305AFCF05F2758D3ECAC8
310
D26AB97606DB9581A4B7A8FFB068CD5C0604E6849046B70C2B60FF0CDDF93C13822B4E82FA0479A68220E66D9FD775FB3C1A9CDBDB9829B6AF2F77EC9E0678FB20ED8D1B1A1A39D10F9812E20D6281F5673121AACAA9C53424000DAC173F7E18C3052EEE3E78E7F1160F5AAEAFB70E0F7775CFCE4EF384DDEEBEB9C0889D52
310
43BDF557559FEDE5F17AB21E118C4C31A3DF6A96B56AC62180293910ECD6B721047664BCFCC6B2DD3C65CA0F0C823DFEF84083C7ECCDF05898EEF158F4FEF97EB9C123F1B9D1D1A3D9F9AEC5F5CEDA84A3C96C14A55584D62893D6A54D8D2028D05C8B1F124884543F3223B29D208B04910D3FC43F5C52196AEB5B5F5E58E8
310
E82610F08C21BD443801233C0CE8BD1E40F84A1CA86001990048031ABBAB11EF83F9283EA89F181F2A0D9A9F62D94B7F625FD727E6A93F63F200F614F7CF100D4511C07DB45FC5F0CB4CA359ABE4774631FDAE85E599EA0878A3C33D5AD6430CF4C055EE5FDB80629000D7855DED3F436F3B61B3DC7FFACEFD2B1BC6FB0696
310
312CFA477CE87A87070C7998E04FBA78AE3F915A065E819FCF35B410321D9ABB308146A11AD5196CDDD7C477A171C8AFC74B45CBC6F641AB53C8D4ADA5870C02379BC0470CF83DB55F073E29CF5CE5F7A3F8FD62EB7AEB1774C2C6780B9523F9287193FD23DDB79FBEA513B45200E2E0C1B51350163AC19043C600F2C1DBF7
310
DEBA7BB9B5457BC0D840CF325EB0BBABBB786D301437000020004944415472B491ABCCEDAFC0591201CAC8EBFACBF367FE7B6E40E69F551BBBE7123E3C00AC560CE20C62436E8C3C54CC225EE08C0D74CE26148877689EDD004FB2BFBFFFBB984035373A7954EC5EE8591FE531348654514DB1D1C56411DFA2A7C212BE5ED9
310
1278F2851A432244C6822C29C85A8B320ADCBDFDD63BF71FD32648E7D098CD018BC35D7FE89E250EF2AC75F96C15271602687965C844B8807C6E7729D93F22E81D39ABD62A0820C1FE9F11CFA7208125D33E96FD69E83AF6052DD32D49FF0802CD9F9DFD39260389A950887A647CCC99BAB17132DFB5DED35138FB3A060F62
310
95AA5E195BF0BB56495A5A4A8FA440026E46A047D40ED2520A441C302D240F201FB8F7E0EDDB0E12A04D8816215A0579E8FE1B1281E9F19C9900DE79842E2A7CCD48E9876EB01C75DBA0E0C8D44AB5512947A00BE7CF5DE9E1A6A6BE43CF1A78783DFD5A404E4477336C1ED8B18908B2A847B2AFE9839E891137A6673BBB96
310
FBBA2A4B8E9373B001F08369BA11BE8ABC4302FD2345FD6014A127068427D007BE28B41D9B0D40FFB7EE531FA673C8870A69135B1CEEE8D009C08042A5B4EDA314920B635BF941E7487E45256439DFE9D276295F87E698389CD49FB394FE19720412DEDDC40E9CE9C6DD605E0B719FADC416CB15AB3A61F9B5B9B9426E54F8
310
1D8B03DD950946D432B40CEDAB7BB5AF11213CBA73C9BCCCDAFBCF06127C7980FE6D1DC9B4DF14832D6568FEAEEBA76FBF438300B541064ED33F3AC0B0D10505306FD370AED02859234402F6C3FED006766DDED2034D90D119057225EEE3DAF787EBF30EC51ACB4F551678BD6728E1944730C095F13E4D81A4DFFBF67C5BEE
310
37E62A85FCCEC6CC6C7BC77A5B477E22223ECA4FCC0F87E2A5E3EB782BDB25B8CFC6736A044DE5A7CDA604526361D650484FE283B77EFBD65D52C1C73C4F48E7D0D81ACF572F2E2280F98FB230508FA906B42DE240ED651B301CEC83DE1790C9FD96B6CBF986BECF3BD332C18EF627A0B6EECD5B152E02088D03D828AFFAD2
310
6B05BF671B4F9A09A8CE0CD2707F67F2A4B3BB75B9ADA331C1305BBAC182FB4A79820B7EEAF73199B8404C0B81231CDCBB871B80FC41FF5860E8E108222A1A076C29E6E03B6F3FBD4F1F295DC457573C7ADED636D6B7B8C88413DDF3B327E1046AA51040B40CB50C7E3F1D2E44DAD34CFA604029BFFBE714DF0C069908027E
310
B275F1F366C132E1A7450B04011CF82B2B647CE754F650FF6E25BF37AAF65B7BDA16CAA791F1D09F6CAB989EC5AB7809BE145FA459E8D3E4B0FB47DAEF093B946FED585B80FE1A0305FD5330FEDB4FDF79FBF6BDE81D8300CF6815E5F9896552412A03F31FCDCC7CB5E32365550CD9365FDCCEC8752E943161D78047336F8A
310
F6539840A1F2E764FDA2970999F205CD2BD1F5CF496571F76EAEFA0E1CF8FD2A55FD06391F9EEF8B9DC9994E72BEBEE1FC928E2F223EBA0FBFBFB4F2DF137BC894B8087643D64ADE6EDED67F7680FAC9060239E845FC94AE93D880F994FBF71FBCF5F66F9F32C292EA900F9C1E6F1105E81C5B5F58A067A448143842008D72
310
75EA3BBA3D2516FDF02FF79260020D6B3C714711F3CFB61BFF56A826E627E82256F7400FB387FEF23C1C1E77FD6A21EBB1B2B35F2F95E7760BE1FA3ABB3A981423477517EEE36FF96F122B942F6FB64D9502BD1B9089162532A2FEFED255028FE653C9F46FA321E0B588B7DE79FBED07C44106CC85133CA65190543004D01D
310
02D8181DDDA5A9C91A7110805B7875B689FC3902200FB192E7DFD936B37B57D9C338BD49E99E181F4E5FCAB2ABC1CA7AAB382CBC7D515457CFABE6FBC63D525E5CDF74B16378B9AD6774A58531912D232DF01BAA913DFB7D3AAFF912984302B84D0500077800D26C60A4742101DE420C610C2E92FA93056022EFBCFD5BB6B3
310
8651470CD33BD87630C05831BA864C85997B8754B05167F0706499DC442FCD22592AEC2ABF3FF13F950039BF159FA9B36ABDB2778EFF83F70972B83BFD3F4899E64DD8346AA495CB155A7499F2CE39B0AAE755125EB84FD8CF8D8E4F4E9FB4B72E8F1DBCCB98B31BC4607C2CFF21C8145FB48EA0F2159F86A3098415609554
310
DEFA7B27EF1301033DD06D274BAF6821D220DEF96FA4CBB60B3CA241C021D38E1AA76B4406B4767576166766A6C7F77273F5F395291BBA19F64F2E3095C14F3E60371827741CB27E89543857D6D96BF9A47C6A9A26057840332EB843717AAD171880217B71FCCC0355AED3D4819911F79D0EA8AD6DA31A83E36C5DC2D47029
310
5C011302387069158F6C9966022367ECF1D00BA9BB95C389AE7B6105A1FB640689033A7FCCFFEDB762189103A61C3A4FEFE0D6A6B5A19EC5755A443AE78BC5E9235B047890A65919A0D2F96AA3C01CEE913BB3ED239C3E0CD8DDAB99E4348BF3F8B977B6C43DEBEFBD7721A839A63B94C06A10DB87FCBFA3C2932F8C26F88B
310
6D6BB30C3C4E09AFE40FAB52EFAA1EC0316920E031A46D65A0FFE45A673432E907FBCF86717AC04F2CD0EF512D665FF53F05BFCDC43489F150890C60A8E0314E70A06F619D30D841189CA15D3417F3CD50191AE4396543F0C42BCFD696C58DF163F5B46D708BD5FDDA5E5E5FDF9401BC4F7E00E8A17520833D1CBFF495B5D1
310
CE037C664123EEE74737268B5D1D3DBFDA6AAD8C08DF2C0BC7A737E10AAB2A7B958990CEBF556CDBEE823CB09FB344143463C630CFFF585D330CF0320E921744A7918280FEEF981161008E9FBC78C830217A07B7D6985E83F9A79884ABB5AB383B4D7D788F9FB3D867A2112A43F19042B33A108690CF6F472F8661CFAC9714
310
78757F6E6F2F7AEB82FEA85E5715941778B278281F28C268AB24BDB470EF3303E09C359E9DF1CF990D8A096106E6A66C8620DDE7D281DF0B2831F20439A30D68386CE13E002F7EDA8D7806162B205D6A19AA1FABFD6B1B400EC2BFFDD66FDF7E8755B4883C043F43046C1326136680404F1F934EBDDFDD39CB58A98DF1BD78
310
80E0532E671FA1435E9D6EA5E9071000BE8F262E7C4044FD95D5FD526EB40A05A634775F32205C3D779FDC168CD5E56BF982508BF572BDA4F6F57D3304BE9EB18149461B12F760D7485891CA47CFC44909136FBF4931716A2E100123FC6CCAA6A644F25EDF4AC980B14039009BECE8B798BF69A05DC5B6885CD23F8E13A46F
310
F0C0A986D617F001C52241801E87C2974C31411DA3A5D7B6175472763D637D3E57C33B908F867F4A59CFCA7923375E5F027A983E18BD7BD4E6FDDBB2250C1529F4202EFAAF979DFFB1F2612E87EBEFEC58581EDB9AA95AD1D7C1905F7305BF8182D5BBB524D47C4E3B81CD843220DE1E6536497C0962C225F75A2D6A998303
310
B23FC501F0B3F736EE1FF01200FC8C99F5515207C9C40081DF304C0A17D06E26CCBC5B3C47459308178301FA8057C2C0AE9D99B05F038828B08400F2E3251254DD7EB8BC4853B101F99AB48E387457C96951E5DB670648BAB70A7B04FE93EEC5F5B183F9739C98952C6845C380D401B8FC86E70A20744EC720E09D35955D96
310
A9041720196D183AC2CFE6AEA816652D0234883D788BEC8F5DF2615261DB031C2381092401B48D8D2D870FECEA9C3D99DDB036C8A051058030E32190976718C89F031DFBFF2EEA3D88606A8A19BD0AE305BDFD12BA4FF46F1A0002B07137989C748936E9DB2C91F43B07E4E4D16C3779CF5A4FFE8CC981F07C29E34B7C012A
310
F0054FAEA4A6A3D49D3A16D2B3CF220A029003366663053C89B3FB1827080DEC2780076FBFFD8E39810CB0593CC68B5D9009F2D400418028B0BC6CC74067E7C9CC0C2690FBB084AA5254A12AF63543B35EB40D17B693F7E3464D5094C00AA9E04E0E0524F5C35C5EC6BA94B21AAF2440725E2A9FF94FE7A8F0E769EB83FDEB
310
039B631B18BF396F5C13CF89ACC02C387DA56DC3B1CD84B96CFAAA37B55FE723B611062258257D331F186AC93D8AD600B4FEF4AD777E4BF68F2168FF08C081A37AC13446C859964803961928476D78F68419390D830C1935B5C2A0A22A3AB17D3D6428BF12DC373B8D464E04C0A496BB3B3B75639DCC2500E0F0B15FB6F47B
310
5A7ED0183A87CAE8D535F2EDBD4B3B7FC762DFE65A07C30B2851DB890082ADC07131EEEFA3DB7DD5CD32C0860CA83CD4B7993A175F422A8149B1C1D94C1145059D9C78A8A572A90B7C8B1E3392FF77A80C50220880FF3669004E90F101740D2B808181455A044904674E7482CC3EC85C4BCE339404C0B0BF6A5611E4F9B815
310
7BAB6DE327EC9BFBA1B4557ECB609C1F45326499EFB90EE78F18227F09E563C9E63D847EDB3B68EB9C39E95AC4F7ADCF7D87F6752BB6912040281E4A0D8A8314E80D60470999B8A51FB1488A66A9F3F81FFA61C83F4FA6969E472288FADFD61B005E0EA4284822E018911828E868614DA0C36E11F3A051070BF2F0840E35F2
310
00E2C0C80A776CC9E7E6841C0503D0EDF15ED9AFE527E798D23BEE5F0604E58DFB7099D739BF0BA5D332EF29F1535995BDBD0DE681C4F71DFE6A7AC5A13554AE6910963E9ABC9A0DB5B202225545F5CFACC942B5B93C207352B6E5310BF349AF200175D7DFDF78F6D683B7C87E087FA9B35812C4F8F13452CED610A2207541
310
E6D659A739441F3833CD0C9C3C3DC2B0712F62333C4FA9327C9CA1124904B4FDE0FE21C119776CB0C212AAFBA5CAF80EB43772ADFE77CD9FA8A4144C54C2FB2304C65F62FC3678E4F6C68F30FEE1BE8383CE7DB86F58B1AE0C51F0F055E188D02F00911DDB0991832228B3172B3E623E513FF1734FF414A611A603163F401B
310
EA790FC9FF7FC3FD3DB02DC00184145B850D01D120424DC03C00FCEB7880EEEE939399F1F18DBD4AA54C939899304D913CC2D5CFBC55E50C7FBE4C0E14AEEF53D6843DFF56BE2D554637EA047D3C210E2C61077875FB5B40E19F43AB7470CAFE1C0D3ED3B3B4778D1DF6D4F837C08747180FE8394F2CA1E0A46B6DA62CE2B2
310
DABEDE0B1924098580FC16B369730E9E90541D3730D47FDE16EE1FFAD3419CDA05ED1F2715C607F2E81893AFC5936303F40EB776F1D808BDE393A3FA401E1C706E154C892860AD74A2949C409E28A8FB3349C764D13E4D1D3468952B7B1B35001BF41142CAD58D6011C8B78961EACAB66E9AFBC627673B61FFDA4167950A27
310
4145BF11EA17BA9AA60815C2C43AE1F648E3772E53C94E6364AF826019E723069A8AA353A3BF7FB5359281700061FF64C28C10B9AF0B70B0B0D30A31CD1CFD22F68C76DA1E44558869257892363C091D313EFA46B57C3BEB252E9C6BF5B4799EC58F1910F469E25AA17B343799DB3E33CF410061F96C6D63FA91B1000CEBB7
310
D2971BDD39A2A76361E000F5DBC1688D47CB812DD60F8001AF25B328D173A9E4BAC18CE9F1F628704330741B2649B92E9714447C68559C6CD2F681919367E4811100750058809D0230C087A89FF3C80C23C4C60882E481F48D531764BABD5CCECA308DE2F63D3BB50373D630796126803C2D1FBAC148F7592881B395ED7D26
310
B7DD38D7096AF98841CB37592561D9C6565317AFBE9FC4AF7371E060736C7635E0CBA1809FC80F544DBAA1F2F9393D970D44C0615A0C6930E758B9E63AE690F73045F0C8C0731DE9CD80F718E94652383458799E02C06D328010011C7090D8C5E5336A83D4059953877EA1E1D66FBE994F04608C4C991917230FB61F9AEE18
310
3A40AB9108D032449FD1A7283DD25ED15360EF7EA9303EDDC0043403531EDEAB10DFF87F5E2FD56DF0F1B701A9F614DB17FA0E0EDF6FD0B1622A81FA3D1DE5A33F551930335C353A87F9AB05C60455193448246944A232C5D07636D864CDD7A50D0B4440CDCC465D1C418321F50E1648D500294065D869559EF3C40C8FCC6C
310
323E989AD0F0C73142480B200842802C061008B480A9954AF282052B3AF67350FD0DD30D1F4075AC303A5D490250F5400ACF479656861E4C77AFF327F3EBECA4B57B6B6C8FF62602BF150744656A87DABD7BC6BED50527B2120C001A0B3718C74F0C65CD34F275164D7968148DDF259AB8AD6CA81CDA4E8819509B996A7F64
310
2D987A401A2B04018C01E6C169A8700F9DE3B489DB2BC49C9B7B858A4F50D22AE15428FCA4A1EDB20C83492690CFE361CC7F8C8066FFD0D77AEE797977F468A36E0B0DFC87F90EE6348BC748F7CB73B5B9DD5C6EE7AB19ADBF6DF359F1DC2A0F9E44F213F8041F64274C0859A2AB7C37440FEDDD2F95BE44065F22067E3EA0
310
CC3BD8C0D8194EAB291CCEE20B9CD8E02950AD806080047A279F19024C837C848816719AC4A34DF8F0706CED904E8185753A458A27E4C1E37B5F30A104932BE140E0BF4E400160F320B054A8705042FFC47B4940810173F9C9E97240C7FCC3F3813EA239B745DE9F1B1F3FC2F9330374DBD1A7B475923F9A2ED81716D18D1B
310
577DAAB9D1A0458655AD3CA7E211867AE7C702DCACCD291E0F798013DC01BC326087775C0833E04EA3778FBCB8DA4687A0255CA0AD210C15661E4E92001A4449031D1DD27D327334BE830B64DAD90CBF537A45FBD4E94A7A88888E715B7E74FCD040E818BDC1BF5AC609CCCC015DED23877080FCDC47BD8EF3A7B783A17D33
310
F3ADEB6D6BC7AD75EA7C7852C5B6FDADA6AFEFC2D181C03F8C40DD8A4AB5024F0B72E34B57BC1182472DC80946789AFB711DB7F1193C03C893B0345F420246114D3EA71D04FBA731C0DAB0D3CD311B218F0D5A15ECC105D02F3AC32F13600084731A83220040019B03180634B5923D438300B05BAC80881F061095FED5D572
310
A3323ABD83F1D37A2301A8C930AB3F66ADF7CBEFED30BAAD7D78A06DEB6A87F15491F5AB7E25842B6B34BEFC12C8A159F187C64B3CBD2356DE5FBAB98BBE9583F0E3280C0076DA15BF34C15238145742B07080B1EFB83382F9FEF2239D003541041083C5AF9EF3C8944DC2030BC3ADEDDD9D27475800693049E05413BFB3FE
310
B4308731512F13400D06F813368A0101D8D863EB3E75FCCADED124F532AD3F123F131AB46A93DF1ECE7F96CE9EB6C365C6D6A07EEC461FC919FE288AF7AE1A7D012D291EB073735FF26BBB1C99FB706E972192819B7A34BF22424BEA1CC7958AC2E04BFC8E02DB90A4A1DD04811ACDBC181037864672C78F6C0EC3073A40CC
310
49D5E813593B7002763BC6A909D31AC86F3F6E335C9E1C309BC58F16418642E2AF6B290A34FEDC0CFEE08FCA0F56700699CB73B9C99302AA17BD516D7F1FD755A2B32B3FBE7134D3BEC813195BD355020A7DBB541539CD2C06E45F46FC0EE08293E6C0E1972176D9B678340AA1A4823404EF79B1E2347E47C35D0A2260730E
310
0B513025DC0BD1C07E3366E9B9D17F767405FB531070700035618606F0B40C73C974CFD321B0C174A80C0F3AA54945FFEF348F5488895713E89B5C98DA501E06D8D24FF04FF0CD7ECD7BAA755A854EC6A180AD13BE094E8D5D63BFD6DFA5F5D3E4DB1BA18FD8473DC6E17FFC9832B71A2A94D96E808BB53F9192955D62C82E
310
282B05168AA0927D54AB20A20A74800B7CC9655C8B15F62377CA4C91641F9F4D0478F4FEFDCE273A002CC0A725EC165CE3A149F0333E8E9600B2C05A7D15FD831F0938DBE5D0FF13E3C0F0765965A0961C3FA86DEEB0E28304747BFBA5FCDEE44C23544F7BB7BF7A132DDE34F99E44EC3FEEAE92F667A10F7E90B0E8C6442D
310
F5A5318B0F816311DB2E6DC6F172C363FC800EE09186BB9EC82A24C0117700CD884AA42023B81EA6E0CF8B3056411110D78606EBC5AD5417B45BCC8E61EA01C4006AC233933E35D860BC1B6CB9C9CCCE7840D2E0C1C1FFC11CCE54D59300F2B47D66A10F09D8E24B71B9BDDF98FB62A3B897C53EC88D16D1FFE8C649B17BB8
310
E760EB20B784F52F992544753F2CBF642CD3C9C70D8722C197142C567E74FB431EE248A8F3FC00377F5142144A82FFC28AC2970A780C85A7EE9146FA4B2981F3C93BCB0F3FBCB6DD3DE69C72B6073B99140DE28B8E919D9D9E7C2F5FA99FC1FFD07E9AC0965CDAEA0A945FADE52C791EA989E8E7A21A355FB37E44405D171B
310
98A6E946DB26AE71DBD01FEF07FD378F5B4B518724481820890E7486E3FCE61A60E096D577701890EE07CA5D7F2B086040749FCEF3F81972E510A86359C9BB579883035887542090614E5C4461705D7CA1CF84DB564838606CF1597E8119790D021080C935A908324EDE9F60A04B7830A33F0670CB08605B8D01BF9A3D4356
310
93FAB4FD84EF6754930640C1F9D74B052A7ABBA9F502B39DA3BF6BC7514EA4BEC71D752BFDC198EDA8DFE8F32B3EF811E4576B0A2074B99B070A069F60173E7427BDF285024E35A4418B7A412914F2800F1965C4F1120A2D5D2C64400563D5942044807BE7C738EBF3034C4A6F4D70C04ED1F97673C039FABC4CFF18866E08
310
200BB66BDC9CCDCC3FFD1E43BEFC52C317F0F5E64900FBFCDA4DEE68768FFF46350E0EDADB7B34DBBEDE3776BC55599AF84E312229F931E700D04478D66A0D88D09B2276141AF0F8811C5F8067DC04C0F90929F7F1AC9CCD368488AFB965C97B855A3E2E93AE5B4866502E55991B82D4388614F2C36B8484A5FA06E3EFFA98
310
4A6AF17D5C2073299D9F12FD63826F67FC460E54030981684E9FBFC22009A3006962285FDF4FC84B699FB5BEF3736C6072F6844C15EDF25883037DE6BB7AFAD6AE164B367812FA8CFCA6FA25725D99AEC5C6EDEEC64ADDA2BE0056002032E1D7A20A54CF444E360D520A5B69816C0A953CE0434A8A898BF18E2B704588C01B
310
DB2133342F5404FEE698957C200EF54E31BE6DF4E888C9C67F5F3F1B41F922777E7FA6332677C20098C59F762F5DFE4A23F9801A3BB6F8A4F66E0D40EC867E92DEFCE84C714FC7CE8DD3DD3BDBF9C781B1C3B549FAD2C89D711808CAB100E09700BB85240374A7209212F320CA577222A7020E7824500179FC7096C714884B
310
DFD9499E027ABEB3CB0226CD293CAE6E0C41A6788F396606A073E28CBE5CC67D584D36CA39D37974FE1023253E3FFB007A26F657FFC901D851130DDC2BF54884F20D5D40A0B7E5C7BCC7CC87B84F2ED820192CCE1AABA1FF24ADBE1D03635B5B3B53D4A5F84120125FADC36A0E792D3AD7E255792CD5241A4C84171F110409
310
0017DA493D0A7790A7BDE6DF326180398E4B0DEADA5C2763825E43E05C388E184678C88CE6422606C017F030366981353DF03A753DBF6370879F79889DD0BF75408724DB53C5B0063AB6568D02DC47AE4627B58D7E367A6000267E7840C23A0940B992DB98ED1C4731B4FB4DCFB6D3EAFB6CAC7646F0335C5031888CD74E21
310
03380260AD47176D703960230370FBBF28813524C17FFFBD6288BB28E4F905ADB4A788B40B4A6201C1878BED224DE9906C4C79EF32EE679B9F5D3B5DFA137327320643909A823F62106CB8F9BFE4BFEAFF0FC7A6393EC7F64A698EFF8ACE31BA05ECE6DAB6DF124118D1D13F892F3D3530602E3F3ED3D59DFB821ECFA3D9AE
310
85B1ADAB9E328DE738BF55D5DFD039445AE76D0194180F57B15BEE5F09C07F952F9A10372BC894CF7DA12CF6507E2A8916E0DF430C519485C55D61EFE209912D8C32866214E121611E22A0B1238DB18E86636A3BFAFD5B4EE02FF1E505F902BDF424D0516907BFC95EF3A76B6B3872769D67E25B548F0DA46E2B93DFDFD5F2
310
B9E9EEE1EE1DCC7FBE6380DFBF38A165CAC73DF912AD76A4690D2B766A3EB4AFA2D05BE543EA20B095FB17AE3F1928D84482049B659E671A4763CFA567C08824913D37F2F92F841FC244085C1681225C04AD6DE1684831682CE0D6096B56101C0D4FB3A1BD3F11FC1105AECF5660BD3FEEDF162B0D9DEC6DB55AF27FC98050
310
BDDEDFF63ED14B01336053A19DE9AEF5F5D9E9D9F9E19ECDADCD497BCC57681922F327EB41FF681E17C1921B04FBAE371AC69E53F98183E91B84897A5DB164158BD1D12FF6F6BEF0E02847727BF2628F9FD48B6FB11DF6928C868B29590A0606F92140D0C08850DAA7DD8A5FE8A50389F61288AEB743E9C801BB67DBE0A7F6
310
4F63BC87770FDF57AA73FE1F5A84F8DD3AADDFC32087FBC0A7D645C327B97D65E7A8BBA76DFD9BCEE1B1CDE3F5F7CE4E6DF4013ECD7CB60BD1239E8A4E9A5722AD9C4FAC8F7FF17B214AF8801950430639A08E3ABD05A0D94E253BD5951C885B0CE750309070555FF21F2EF83FF53F4E15038B8D8A244740A5C9CBC120043D
310
A0B323FB1DA0A4EDA268C05A304619505000BE10415DE898809DB6B66896E60AE347ED3D6DC707CB7D5B5BC374A158EDC343D0EA61C217D4878CBBDC1D85686782C3CF4272E7DCFB5E9EF628F5A95AC1AC0C6848F5771329EF8DF2BB79EFEDEC8DBEC72EB7F245287FD4B31008AB38EA4D52F2BF57167159E3004CD8950E21
310
7DDD6F699FC763E9D1A0AECC701F7BD4430A3E030374066938F883C01DE40E7DAFD609345E33570F4CE6BE467FBD7F793B5AF2A9D331D86DBA7BF98067918F9FCDD609A0384B523F4413B574B818C6889FAEFC5E7B8F90CEFD62BC2C85B2478D54DD076635BE434FCADE68B3ECF1C8708E27863DBEC352D87BCC7A92A8E135
310
700CDE65BC114026DE5DB68275E656D2C0D4087293D43BB4C9C14EA83C0D806783B40DD7CD4F19EE9F33801F55A3F1FD600017A6CD5DE607783D5F74E34680E7DAB98D99F6E5B5ABC7F7DF19D8278322F6A97FDB2FADE1539BD945DDF868EE2B8B70D9EDAA45D1BB0A5801198CF1DA891540474745BF0317F8A3703E02510A
310
E94B084221F887FE950272D62D4232781054A87C58D015CD45EBF9B70E60820A2056E9D4D619E8494BBFA68B61EBDD8CF52CCBA124BACD4A4077E8420A7F36FCDAF661E577B792A7E1B7E337C7CF1FDEBB3B49F501F3C7366C1730E793F51FA20A9C3D2E9F18E63DC277449054CEADA36DA0807467D45F8A744E1BDED725A0
310
33868703F1392BBE221158220588F30574A0B0893D0515B0B7C404AD0E7F40C11D504C49BD7DA39A85A19CD7357DFC966E5D92272FF06D59CA5A6A1C8AE30E52F1247C1F1D78F81887F9F3E387075B170F9F5EEE4A7F5BFC69DF02FD8795FCFFAB472E7C88D563DA514861B85BD41594A75F5E866BE69471110A9F75C8609C
310
7E6BF6C7C727431EE3E9E3773D2378C25226E82C08104A57ED273FE0921D6990E02B006BD038263BA360355E8DC446A380F0BA35FA9945A80CF60DFD54054202F91897C241C147D59F8E0FC67CD0F2BF377A3463F8BBBABCFBD6833C57E214AC3F5AE9C2FDE88852968F20337972C7E04EE5658223008AE82D93BC37D8DDD9
310
00BD6B16EF221F0D4149045D740A8A215D4FC186C658E01994B8CCD317465828704BB630DA2243B3B4ADD3EA554A97408454148C04A1A0CAAC2E04033C04073851F54380E0BF2DFFA43FAD3D6B574F2E1E5EF6E5F4FEFBD1CA87C161FCBCF5C7AAE2F726F814027BAE10F79BC3D765D61D1803952210A9AA07F8C6BB2105B6
310
1145B324F96014EF223D4A9261080239F03FF6F4DD4975C183B887E081F7A467A25EAA0C94028FEB808637768B07400A8235D4EF33143253198900E079E3FACB0C59B00F827A5785A6FFE2FCF0C0E6F1714F11CDE5140D931D707950631F3DE877F300002000494441540ADFB08704E252AADE1BD4E8DF55796A32B9B6F177
310
37C67702E5C638682737286CB0E0A89B624D5BF28222432848C9AB8C07170C97B814FF492A61072407D638006F7C8400860444C01B1930A522788045633DFA9507267A3A42BA05925BAD705CDD3792FA23C1075C6EE768A673919EB6C3FCFE7629B7310AA794CC9C0D14A1FB88F95C845BF22543F57996E0B26C9E4C2ADF18
310
7F979F8A55F11B47BC26594C52588518D25E6C2B1CCED231EA1B748F093E5726A21A54C91EF95789041030C20FD5AD68613432E19A4D0DA2505B6BD843516E10BB00AF9AC315EE9FDB39CC1F9EA59CD88F9CD071D470C86C4647FDEDDBB1CDAB81DA94034747A779F4CED497CFF817348F69F52E55490840E48840BA72DB71
310
F3E84F6DA2F4717AA928F153DA6E4C7E8E00363CEC9A2E1C8E65F298FC4A52F087FCDEE5CBA38A80CBE11FF7BC2AFF249203FFAB77A128A001B1987BD334AD9B901890A8C2005B6B248196AD09C0025ED841325B31845032E327C531C839E66DBAB39566B631C2FF0A1DA5A3CC47E665AD8751B47CFE33899DF047C9F3C365
310
E3B11278D49DF939298E09002F6430F9958803309827A7C791048CA070061B7E9A64C557D235F83EE24822E5EAB805F9862F20FC58F483DC0EF02181F572930205107E00E523861895A2811309808F2B6C14B2AA579E893753C155D2F54302007E9FF36AC5FEDBCAD47E182D91A73920CFA5C18E01F8FFF4C3F1FF553BCAD0
310
E58DEF85DD63B91BE38ECE1A9FFC4AD4A1FBA30D462C328C5A0340DFD393D3D3D3C0659195C96990F391EFF4175213BC74C020922D4830FE215E76940962BC0713A3B82784C0CB6623DC40D6E1485BAD454F6892200B225096127FBD82D2B12006BAE2E329C771E25FEBC0DAB3B5395289D56D7A8A89081B34EE06F80F819E
310
FE75C67DEEE95D227E283FE98A7B9F1C97D2D05B4D07A469153C3DA3048EA68FA667A6D90E291C7D7E2D063E4D044964D055F2DBF3E31BB851AE9F78A0A7314F0AD24901F581D74A6929142039C65AF5830D1C809536CDC05E4BA51038F79D713DA930CF18BA3010E385351CF47F74D439BCBC793556A1F99814926AF12835
310
E251C59BEA3C083EC2B2760FEBDF4304C9EB87B35769E1EB24B648542CFA4EBA9EF93CD42F03C08F249A2C98897D8E2225E90077823F4A52171A61219998CED6FA050992B6B0A74A2220ED12123004FB977084208F8E2AFC80F456CB110BCA647A3A0F854085D84FE0052BE31FFE7F925610BAFEC06FC33F9931BF063F39DB
310
3D1BB20EE357F594045F4226131578582CB055A59A073AE0413989D215019B6EB8A21CF154D71164E0D8F4E730C2CD382D098DA5261456A425643686BC8301710F2C50665881399156AA2B4C3191BC555728384800CE10040F746A3D8A80A5F0E500A93456FEC52833BBB45203DACCA37FE1D3EE4B9BF0EC27ED47D89B8266
310
F11EA2DB8B5A8BB93EAEDF0C06B7AD0402B9EAC6E787365535AF19F15158308A9D9785C1BC1C01377F8C6B4D07B50DAD25649764A91DC9812C7B34CA98184084F7C01055466B48058CD44085AF26648520C85C41C67805462D8425680425559F4440F3ABBE1F3F81B1EC72708767DDC8FFB6465796C8FE310FEABE0C9B242A
310
74137EC3E0427091967023299BE5D6D4D0C6D15747DC2AEA4ECC57C72856E827D33CBD319D70FF854369EB841282F84B7CA4881447ACFCB257E252E00FBB3272120A75B99119840858486615636E0E0334031AAA8C08A62E080053A0AAA4158431EC727A084021D41CF5D630C94184F6FE7432E8F5F9A4FCDF3EA7CF136FC2
310
988093F98ED622E38E4976E1BF0CF49D2889E6DF3566719FE1F9B47A2D3BF89C69155DCF24F88C609EE551160F0415900B4C48FB013D8900A9192A700748002924771A3686A0A580FE4009E00ACC090253E280B90AC15048E047020483A038A60ED232831F2CC90498648690D960C48E439F18F4DDBEB0B6F5AC7B7B89F623
310
0243B4FA160A7B9327F3AD5D937C8BFFE5FF8B3A5E64283BEF8EAB9F71159514CFED62DBC880614AA1F7994CCFAE7D8C87057F451733699B8DF87056E1F0654B5021E38097E4E23221B810DE20559AD183A61C2C88A648DB096081E9801CA00BC1DA0124E08DAAC15FD2936905CA8DA1C40E42B13F1764E0C4015EAD7F8BFE
310
C99A310B1B7C0BCC7746D3C0702759C89EAD57122092122D1F857067684A578F1DAB7EAC400841F493A468113282FFE42316CC74C756B1C880FE78795C692813CF4644480EE9B02991BCA257A71861F00666D9410288487618D120D0E80D7773E2B7DD180E100EC98B221C94BFC4FF531A09B986230F1CD08378A8E4D0FDD7
310
D9B1BC75F5C12EAD7FF83F3ED19EB018620303C217A6A35D826E72ABF2D8E2BB1B783F6E48D2E3F360806E1D192085D022103473A10375B63853EC54F500B5B064DBC20945B88160DCF7E4F83A0200BF6FAEAC88E9F54D22D898E43F378D20B51B5D6B1457000922202800DD401A9266483029C0D6D57ED80D42A0E6E08835
310
F0F3AC73D7FAE6D56185F04FC44472B854EB7D9CBF7134DF3DDC35A9F6B38417DD6F508B37C1A718B0D054124176F7222F62DFB327F34D451799D56216880193254FF782D7DDE26C271BF38C6E422E271CE4AB8823C9510F021126A7A944E00DB4031D013C88EA0746C96D4574069BD5439C4110403B40020C30B07A604F1E
310
41D19C21A93FD9002DFC35F23B1E7B98E95E38387E3603FE7393680410D702FF9ED5A3C5E5CE68B5827D721FA78F3A9A0C08A79722D9C9B418F46C0057BB1640C70AA4A03D29CECF33987596D53CFB27B32C3BE304C540E14BF8464E080918268D254838C91A01F0FFB99154FD8A9C0495EAA6534A6C464440B4A71E16100E
310
7405088122A35F7A511DC003D002E6C8E7E15F6D1D2FD09014139EC11FDC89394621F77B9F88EB5A583C41E2FEDBC8F82334494C0BFA97FF3C3A34ADE60385B60E5A30CF036E5E75370BE3B83AE73B3B7DC0BB337DA0045299ED0C66681E4AE223D01B1BC3BD4C921E2005FEB5114739040758189BA8A320067B62A3995E47
310
20055065AC2B4A8006BF8CFCC907C0063EACE41813C5F017065AD46CFDC6FF1BFEE052932CA3478C8E5A6F25DC8503D40F61FC1B047E4DFFE8E84407C81F1AC7B5C79DA358551CD0D13785A9AEB38D6EB68A0A8087FC6543E7471082873CDCE5CBEA1EFC5CC0579469E225428E9A43D6A6000B4219DE52E8DF00A55F4BF503
310
5960661C2DB88AC1F67C2890A93FC420193C8326409E7B595FBBBA9AE1D1511B3F6D65B09AC10A71C2317201A603E88C56CC68C91279E83F5C147787EFE6C675F00941D23EF092920330982DF38C65EDFCA89DA98E8ADDECCD77CB86D85118F3DD9884820B1128010D02F1060F582871CC8FF42024C02239273A1CC3BF71E7
310
70DFB7E96081682803188118B50310BD620234F230B12711B063E0F0490FCDA9248B580D3D3DE944A30CFCF2A1E0F6E59E8FBEA289CCCC943785BB8880ADA9C2FD70F6A13F5418444E3A669273C006C4B4EEEC067827539FFBEA9CFF04D84E7F170480037005AAC8829084329899F90B5E013927F8E646514B4824B01D11F7
310
2C012CEACD163B6358A4454A4221D06E68A71062520649BF9E9127D0772D6E5EADED52FF216BC2FC513C7D3C5CC4C8AF009811826AE20203B076A2AA66D8D32E317DEE0EFC000FCE16D9E0BEB17C74AB009256C5D8AD1CBABBDA61402612C675FBD72D07E633B1A42F2421208CE01397560811204306617A5141706105C9F4
310
984C459F2D0F6C392FA05BED808512B0B9A8A9FC6CED89640EA347D31F0DF76D3D9E61E800FE9F7601BE4C9614A1C58E6C839F13A12D0EB426DE6386B82369A9E6A7F1F9146EB578A2EF4289AA109B4F6CEFEC0463E0072A05CC9DEDEDFE08407B173B8AA65399C80B2911252E6290C82CC1B8909140C11B7AE161B42B9390
310
5045D017E00CED6D27AAA15F2C2179F1E83D411A7020B9408D202381E7E5DEE5A9E7E5CDE3B186433F488AC81554BEC09BC579018ADD1DCB3D9D70F02B14BF9159A4DA376225FE43DA224FED327941705DA582B2FD1BB5DC0540667B650BECDD1D5DDFB0C7F36DEE2B94F6EE2EE4E426F20A1174C31DF153321A24114C4FFF
310
25E505475F6906D4149B21F1BD9D9DF7B059F8E0FD83323CB97991FE80EE131A9003B81C491B218B1D42C0C0D593D9D548003839DC29A740298B0C23F0CE14BB167BD61989AEF0B985C8FAC8F923A73F31953989F0F6C96CA6C4D0A9A88184BEDBBBDA3BBADE77CD8E2FFEDEEF46184A86671D7DDC51417477BE9F04804F30
310
5AC82C2D018A21EA903866A0F959FBD4139916D036635EE03DDB7408BCF0627A03027AD314C09B0A27F0A79490D53839D0DAF1416995CAB24101FA63F75029D57A4CBBA9FB4D120ADB17FB5A999FC9420DFE04FA670430B90FE7F589F7FE8D50A4B5F004CE5F07EB4EA007F8AEAE8E8EF7DB3BE2F81F42166C7246FA9E62D0
310
2C8209BA1024414C483498B50229FD923F2414040B2081390AAC353B5283EADA12A30B1080866D746B9ABF5BC107F33C2A015B275480759334B83AB02175EFD0DEC785DFC505E0064F4EBA5A97073A74C5C9FEC97BD25D819E28AEE661FD2732B8BBFB1BF13441B3C1F45E8AC1752BBF80C113DE960E0AC7D9D02C58C80505
310
A19BA0E84B14402601A590A4AE00A825E98C3212342302EE10FC5100681F86834A2804BC409D70270A2091DCE874B16BE0706C974EB3D26EFEDFFCA6C4579AA4DB781708469F055532A7046C6BEB0CF39F3ED2EC4FBCA3D00EA91CA68FD2B87B5C191E0EB2C300F00A1C9881F263571C6CFD83D079D09F176FAD839340CF03
310
0F70458F81F09AEE1329505150CA0A00576B56C06D58070B23086F685E44232D9D53DE3FC3731044F286D19F459351863F749F1104198D6E14BBC68E17CAE70D7AFD958E350BEBBC70C9C4DFBA075240DA27D40AD7DB063A097DD3F041EDB3E4B682A7A12A548F3393DB01945547175879989302521EEB1431B08759B632B1
310
74E0F700E774FCA1BB83F95029ED1A084288C8893520E49415E00DA080AE8027C34206D35491D050A4C6B080F6A20889A2FF82379AB6234F6710C05F9080ADF002B9C9F9C583AB220F45D618D7E7F7547FB27CED8A8B7A7D24EDA4988B0C1C2A1AFB53FDC61BF3DE50D63C560F0120B0372F0839DDDAF13E583B868717C1CB
310
8CC71D1D7F440CC82184803144196EFD58BBE00B7EE77DE8C015942357FB06FC906A5E2B8882CCF9FFE184B0035A5CF186A962A63F84B3AAEE3D5A2C830008807568B6A9F424086D2095A3E262DBF124350082C4B5DF4704A9D2C93553DE47BD6766B69349610716999FA25854F759CA9792599D3837ACF6247CE8597B0F96
310
0FA3EC45B61715050260C5844FCCFEC9666BC71F875B17E3BCB4CB151405D7D08F846B4CB952248B4603CC402B609E90F0044A007FA800EC46D07A51232B00E5683C55D5096E1374DA4FCBBDE2C25A5B8D26008227CA7758033D7D70DF12CAF7F247939F93F1CC63047D63ADA0B7CC8771B234D8095FCDB577B586D1834062
310
035670E204B245EC093FCBE15626C10D210CB38A13F50E10A0D5C0814B0C4B30AA9858516001669002229618F100767AA3D6D2528595FE7A398C2D2300ED0013A0AE60B91644A057327BD3C36BEBF48C91279B45F8BD145494674AFB211A91977CB838DF35DCB3D6D6AA2FB2784B591ED785DFD7DB77747DAC9D2F7674810E
310
FC2895F9ED8007EC7885101679C06F21E4B1C8A6120956F80518D1DAF1717BEBFB5803E20C6F2A11B2E48AFF4AD2810A70054623E341B3D1ACD92DA91150DE631EEB2C28882D092049C0DD38E262A7BD6F98549930C9D44B7C37028AEA9F8C5628A2BEF5704C0DCB2B428181B1BE766F43014498D2E57791E4C8DA6BD2ABF5
310
003F0C40202E2E32EDFB02852D16C30B7F646B98FDF86C7891690043128B0A0DE6B4EA27F08C30CA34C9D0AA0852A5997F8D11A6EE84E040B20472020256F4AFEBBB74E6705A12083B249089218E6452C8E5A69717E904A3F5EF3D5D08EC1F4D4E85086B238CFFC11AB9AE972CB775616C6D1DE04DDF073B4DE3747C41FBAE
310
6072901CAD0237100670C5A00C2C3CE063610ED824826C1F6650700E88C00B62468903A0D71D3A390255AD7040048348C56C4647413C2C2561216E0C469203EF06A5B101AD40D0E207F78B124747DB5B4BBB4E88B1C373C114E0470B345156EDDBCE1B4DBDF81DBC400746B0B54E05F693707B89A5E430982C2AC7D10DFF11
310
D5B102B9505034B35D07E8E5F585757F088B390F2D4C85CF7218E8418BB4F25B885053D07D5A908326809F31D6CC6B77CC948413B28664484439D118DBAC27DB5AC40C1AD166F25E6A2F0AE82100C0BF220405323E1FF80DFC518CACA8DE1003F3C9FAE9C7B2D60703A0004F8EAEAD2DE0F5485452D15B77B4B67F4C2403B8
310
D8F9C533558ADE058A9E177A1698F75DC0EB4C800F74C0270178C8579C1FACD025F0560844502D2BBC01E620030CB93636C1041636A693949CD80139FD15BE107F905590A292840F8860706D07E2970A2F15E5B13B87C3143CB2930374CC46A6F9B9D7A5CCCC14E11B9E879A49FBE27ADBD6DA82410FBB94FAA8487D61B51F
310
4BE0A03FD08743C31020D6628ED20305A22C2C2FAFA7ED1E7881C438AA5B9035F20759E243C51F34D0D5F02F11403B9E204CC1686C0B6C9000470561519CBE1B0E4FBEAB37A39EE4B84C05F023858779341991F36D9D9F351E7BB3B5ADF00148D9D05784F9AD8B037D48C01BFA83D4247F03BB768BEEF973A14E610090D4B9
310
6B1EEC5C5E66928F28EBEB6CF578B067DD83086081579848E60DFC7684044D8174993C39F886043481F6A2B743B18749E52447CD4D230513032D20D20206E536E15BCF7B7D211634F98FF9986287F33F9A94615A5A0A7CACF8DF5DCC1AC6EF9AF1945EB78E0A2FED1DA2ACC00EF983F9A012260BD722EF61C9DBCDD8719703
310
ECF839029010CA0B9F100B1D2842153E01A1A3837AB579516A31982FD2908A09100DAE591016CBCD4B011A2F4DE299E1338CE065DC4841BF9895D8C81714800CD08F5AD39601BC929B55D291F6CDCEF2AB40DD5D98F4E6F107C47AEE4A09A079C05316F479DAF4C2BAB83221BCC0CE23FE3D3D4C7BC9AB673D89A3677D6020
310
F6E182332028012FA0FBE0B2668FB85485902A8E7FA0BA2105C213E20BC2169211A4BABA7D693C3F1DA961F203694853137073AD5CD25F1C017DE0477626D7BA55B88F83B5EE513C41D814639FD1BF759171F4577D3CAB0C3DFF68B2D3B1F8478C18F67BEBB2598FA76A4545E9E961BACF657E0791D2373030E0EC9FAEDD17
310
BEA7703A738185D08236C407448A4CB504CBF01FF43859D3115488EA01B55078000DF085911805790DE1B41B6F8CB2889C3834FE02AFE07D85143C6C008438A944EA63E047023A7EF37E13B0903AFEA7BBAB9579330FAFDAACD540022980B65A75FBA17D388F1E6576405CCE7032D95BDA420E7DC0EFA320879E5F8B3B04C1
310
D2D9C1114210C19FCC49DC6A855E12010184DB8968109ED016E4683CD552A36B3AFA13BFC2114068935A7E774CD2C7225642B73325938052D8634ABC18DC9442BF9E0402E85B42F9F3273672DA8E8F1070405D1DC3248487574CD98092B8B956E6AFE1566530B78FAE05B4A0DE51FBAF85DD075C7E11939F80E015A58D1F87
310
E400CFFD2306C4D1D3C634380A201545A92BE01F445800BE12302AB477BD6F62600D211232EB061448A0D2B877BB940D63D059C37E0569A83DE93E214F4BD86209FF6F479C640AFF8AF6D1BFD987D029A94DB7C329B4184D4BB013BF912FB88FEEF913071A8D82B651BC10DB067A7EC52FE1B421883144C00F64FA23A11CF7
310
08BF16CA59F18D4C04B8085964B2D8DA4A855187000BE440BC816FFB13374640B0EB1D0998AF38A1AEF503F14302E2811081FC12EA6CD38A63B33035125F40F170C0B0AA45E9FCA38FC6D688D48563B5C4B4B7C359D3C7AE0EFB16ACD5E2FAA47EF8307044B4EBE1C71E84E742D81431FB06B90B600B9C239E277A57C94C42
310
7EE10E7826980C0136600D916A06058CBE8604DB4D314FBC014EDAACD0820F14BF75449B70339490FE5A0491221BF95F949DF1235380E969AABDBE2D32EB4403D3FDF17F42F9A0A7C28ED75BE86BDB7C7EC80C76F86B8800F77B305EB88F00A4352E0F8089EF811EA02A3DF08F7DA008F803BE4B4EF5F41E56087099E92070
310
8C3D720916444440FDFA013D4E1201414123A09290F5BD7AB729298209C4306D007BB0829FD4EC3A6D7E4F00B67DF38CA0764F832F0448E58439B952CB4F70DF964AFA74CCFDBABBDF273E2FF4F56D3DBFF2A78D42FFF2755DF307066497F44062AADFC0CC546F6DCCFECECFA232E14F408F05477D311B683A35BC245FCF8A
310
5CD2AF20022C21022266905A5BCC8B20235D6FF04019CC04058AC80023662E25F342063165956320BE50370F2A657BACC817DDA3DDD3EFE04028645780A768FE38DBA88BF2EF3ADADFC7FEACA952E5A77568ECF0C971DF32BF1D24F8486B22A649EC81B1B60315CBEFC026091CA45F858D7D04C1B437079431E63E38F88075
310
8842E780A9E03791C0FAAFE10012588C3C592FE35461A6047802BA18686887023A422A49599399893103942CF6DA53A8E387825FA0678B261F139F801E2B17C901D0F5217E07AC2401A87D0480F753FBED44FE949C93A1D042B879FCE499B3D861AEB23F9C1F372F0C24D0B7D6E70FE1AAF60F84BAE642D82F0A9F53E22783
310
915518494FDBC0AFAE7DA282E5050B703570E06319A015E00D693A6BEFFAE493941C3B08C13B96BD20D0115A9565701DC58568A3009DA13E965765C03091F0FF339F7309D44F6E61F837F1B1FF920450EB8FC48F9B40158BE89C81A597CFB0DAF5F5755D3886DC13D4479599B583758CBF35663AA234F133F91D3BCCFCE0A7
310
94367F385C59B19431780F1C099131384056616E15A1563B50021D369C593FB292685A68A8B2A50A0A2085CF05434617E05FC24A6B077B990014421A68401AC4D65788EE25F737EB780D08A6E38F060F2ABD889E1B889C44852C2FF368C1E3E710D73B6589EA83F7417B341ADA1F639A23D15298F087AD0326410E116C3A1B
310
325218433C71AE62C07C1480F1C045629724A076A4BB8D622D24690486727F56108D07046DAB065000678E04C4F8C342DE27F4AC102D854F2D08D59B4ED0E4F697B0FF62F113646BC5B7F3131D4EA8BF8B265EA3F2026E7061B96F6DF3D993276B2180B8E57067587428579460551049049B074CF8B1066C7E14C705F0B392
310
98C0997C17F701097023BAC31081390196801FB0C2A12380042927503D5A01CA127F9841B460310639C674BC8CDF1A320501448E0068905B07F6E5602F8C1F07786253438CEC51AE61FDB25FF71B09893AC026A9EAE3F30F369F5D5EAEA5801FBAD3C98B38C13EE017B054F81A56F05259DBDA64FE270B1FC4C77200FE276F
310
E814B916E222575ED717A62A92956504605268408CFE13FD61F84252228376060206802B9550F00B9D47E6AF1022538A752CF4FFF1F5931384A9FF8700EDD4FFA2B93FCBFABB3EA6C607FF714B0B8B04EBBE83B52B246092AB018C0D0002FC490849F1E214AE6FC42009D6D86616C835B65DB9862EFC4480C14137603C3089
310
D0A5588FA27E693DD184131BA4E88C35045ACEF1CDE1A82323C20B842F2419604821196EE8185BC834AD44F8E9B7549A32900196E9ECBBE20FFB4706861AACADBBFD9B56A23FFD3AB8BFACC18B1B5AC0ECD7B6AE2E2E9CCD2BE8AF1B1BC3A813B94107E82DE67A42E7CC7D4A6116700B5B2EE3C338A09B840F07C40A64800D
310
7C605AC42B72227C4C7020AB1F20056E26F542717F56534261DE3766AC10A6ED2D006DD03BA9DBA507AE0510A8B385C92363B9154167F1230C40D76AF6F3BE0CA08F8BA2FFBBCEFB09D0986550E0F0EAE2F2780CDF850CB0F88CFC2815FE87BD83909F474F45DD47F1C821DB2107A8817FD45384F57891B65F2543D0C1E20A
310
89B4A8DF806862AC27C60F6A054627FD344250718AC0FA21CDC4E28DBF2650D1B39D8B8A420C348A4F846E2BE824BF8C45E1DB8EEB52F576F47A75FF95F90FCE0FD3A7A08D48D5B9AFBE3EA658E1676FE3372FB57F0AD8D70ED4AEBA3D4C2BE0AAF1C3AD63A6004D12900CFC481A47430C9EACB390038642C8C41B13303166
310
614210592736B8603AD4FAB17189DBB32F3915F0C380795A089A15228460BDE8E52203527D41B5470901B088D84FF8B3FE2BA7F4FD30ACAB3DE0B7E2FF95807AB0010FFDE3A048F7360F9F3FB9380EE537F16F8673131325D3351A3F664022020811A0FE8C019CA17370725CBFF64132025DA1BE2555102212E80A907FB43E
310
D80A991A8AAC183932C19AE17524B06590B6AD286EB99BAD18FF4BD64BAB519202F992A963648ED30E7521F909F090C0213E367A77D8836BEB6F34D92EDA624183070248351F1A079E5D3E7A9EE81F2CE6678F92E299EE312B6C0572C0A7B5EEE07853612403813152C7125E2022A20C18F855DBAFA399817FC97FB6E1CDCA
310
31D348434ACD0012F0D32A5456B4007E6E92D72B1A4E9971223A42C1042819E4049C0C5801300C0013FA48F8944FBAE71DAFC27F1826FA2304ECDF3F6C10FF47D5C7E49748DDD687DE8E91C09394EE0682A4F84CFD6067EEDF43E67EA46CB2F4070160439245F00343D03BF25D7E2F26FC400A896DBF19FB8D4D0A66DA669C
310
3D608F9CD048A0533621B25690EE19D5D15248E390F042B12C682511B02BFE3E5700E4C9A9B2107A8F45248FA48234FD23005ED1F4EFE80D1320836F04003BF42856D478D1DCA3ABEEE3C68F9F30C3A16E5C238EA5DE3FF37DACC2F8B7980033F47FAC34421EF0418A045394802CE032D61C70023D788136788613887C0011
310
A4EA316E005718AE191F8D0D841B9C679CD2FC478442D005429166F5A24403B1E6ACF3298F388B6D0BA933D92339D48969A5C11F09B4FF017A9900A4F887010C474717E10F36468032FF33F4AD610517777104CD920C3CD15FC5F3B3A0C75BBCA3B00F2724863C10BCD4A0E00736C7981F2F72E4B001438B99714FCFAF713A
310
2603BC710376A1715FC602022202E06FDEBBC680A3DF1C4C095A12C50B554FE7623B50374FB2129DDEA4C392C9188077658C87F55FF92FFA507FF03FC8DFD3F31BDAB46DD51AEB03F7E1B38B8B87CFF47EA1479C3EBAD5C6B382C221C0F1B358B39D76D9D3142C4A20935F541E492E0EF081BA41B3620A8E172B584EA14856
310
32E22A8221CEDAC6110AFA4B6D43E2B76A18AB240BB24337721C9321D2C033B2D3E2641A55A400A28403C12D1DADE39AD23FC5FC08C47A64DC3FF6DFF76B5235124022D7E6D6D5F3CB870F9F31C96FE477FAFE54100068A3A87FA5908A2C08011CF31309C10025B089FEF9C510522B8DC07C30AA469841723A10C08E27F00F
310
7FBC181C083F2809EC3B2B328E294AEAD5A071B3A95C81D2DE3F930372D022C9C793535B92FDAD5426E90490C3C81D000017C6494441544698C416520C1C40C71FC204B22448FD9303782FBA67089A1A7D4CE38E89050FEF5F1E078A4DCCFADA058032C34C1CBC2E1202B1F8962B1A8024F0EB7A11F209E96FB369D4B64202
310
FE7BA230AD24C46413536EAE955B341B726C593B5D4630C0BE822480908522B0D85430230352618DCD4F7BA6D568BF4343801480006658EA3EDCBFFA9702B4FDE9022163C43F9B72B58001A23FCE6F0B3FF0E4E1DDFB9801A6FC42FD0132CC1F2224F89933107AD30B6C9131A53818AE944BE25A70810821C38F098411980E
310
46D108F483DC63F49B91B852351604091D60546702F58A3872A1716411B642C7629C267E64E77719F46B0548FD6BFFFC86A38DBFADFCDF700228C124C8664FAA02BFB1F92B09800876FCE4F2D1C3FB4FD0A44E0106A8DB8079751CBF0BD9340066C3D52BC64706467C05B5A54401BE4A1B0132A55EAC1CCCB10D378A3DFEB9
310
812022327745EF2102886A9142C812A1A2C9708027BB55B7006357459F9C2080E0BC34489FC629510F3017B62D5073E2A2C64048A0A42580E413BA9E08274091A398EA80B5BF31C87BF5ECF8F1C5DDFB4F22AAC181F070AAFDDAE5650C4000516440D8806786D874215149E69ABEC43FF0EFC820FEA112B0522003C84BE03F
310
B76623513B6D840820358B084119B0CEC8C00AE888826339A54091F5FCA513AFE147975BB1A86FC50618D9D74502F0C7C8815AA306602FEE3A5E79E0D7DED1B221001118B73182CD439A092FF801105D1AA14E1918EC282F6260869D55108065988BD67F68E5581720A708051F7C8070F582389C682BE53F2AFD85853F2A01
310
3D21564028E06E79B7A71E43212180A81541EBC88F451E02385100491AB0C4A3BC5309A95911E66D04C0B448366988ECD204C2FC930F8CEE8FA410EE4C25B58DD1B6EBAD83F6196670F7DE635282C0A56A851AB035831725F0471A10FE52097089C80495804100318405F0DFC2136004B4C40705EC9154315129205EC35793
310
0035688F61AC02188250CFA9A980233925F16A117A48CA54DAB6400221976B75D863330942E20EE3B00B08FBB71AA813B0E502FD2B023DF70114E0D7DF2E2EEEDE7B789504200112075478F2FBD6897835C91F0C20782401E801A2F9142700B74805703426023A81CC0BE88B537D0003E0C5181D29EB8D83050964DD258091
310
0A1E7A8138F76253DC01DC2F3824391AD748276C0B0CDF12366625D038603D0003E0266CB42704C8CE7FA7F11B4D59C0BF454A78F8FCF1E50513715D469607031272358F04E0003C90107223A581218F10008B10247CD20D860FF0BF48801040B361808148714764028EAC137E871501EFDD97C89B52107FF1235B0928C562
310
530082573CE137840EFEF82A0BDC602736C595912FBEC69E6A3A26903B3A300C5A098A9E3F1810CDFFBA019D97B4E7A7A075850F2E92569BD960CA7B8304995FD006FC4213BB1448A6F4BFBB3A9F9FC4962D0A1369129B10073771FEDA38B1737B663A71C088D8848027FC3008DAC4E4397A6F76271DFFFCF77D6BD7F1F67D
310
A51E0E08875A6BAFBD6BD7AE52CC04A0B4A2206F650EC412841A48258258E8662C3838FBE21E25172C2A15A4F78D82DCF68A005DCF07047C183E1CE47731BBCCB5469D9169E0D588945BEB637E87802A03D88FB82486210D28FB3B858D13DC7CE75F5E6F3B03C1744D30CC58C7C7A256146853A05243060B850072A7010CA4
310
7CFBF9A1E24F414037B8781E8E9F219A774B36481CB43E48A79819D638C8760D672FAC19FB9D3FC5EA9158DBD0159C27860409682E8FF2595652FE189D2CC2D7C023E944158355806FC320087CC74116030CC376C559C098B93A041C5DDA48AF33827D2327DC761D19C17CC62780D82A170E6CE7415A5E7FE825E053048F88
310
D2AC2A561CA4D4C60098DA28EF1A01382772484698F60C8DD24BF396EA76260542810A625978C03580A9CAB91D10249BE579B0377A3DD15749A45F24C4D81FF3D7D7996F6A1690288008C0FF6CC186DA9D5FC95BB09B1301004B016E707FDFED306A1BE8FA208828F00BF342186839839F1F6FA338DC5A0200FF383DE92614
310
C03A4508DA18F4D85F9354F7E867AA77A42FF49BBE6757A1A7454448D0BFC3C220714FE43A3D8F1547BE10F0BC5A05985AC3C28829A06FE24CD062700601F4AF12AF99099B08E7071DC4626A97C920C3FF96E190C9D1FD7CB6163E800D79E5F3F10A9306C02B799E80F1AB380E0571A584C0370A220C3125000B500900D96F
310
EA40409F980E2083E4EDF4D8D2480AE5667222E020BCDAD4EF19682120818FE18EC7FD6AAD67C03F7DF1955E697456F517AC4F24700C30171C67E9168B109A4F60AFA60F98BE30941BF776DBC7C70792A2FBE98AAA97224F8BEA39B47BFD14A8CD03320DA2B676E3AA397E652E30A42CE2987B7DA1EF7F75242413800A04C0
310
270C62A13372400B435ACD84B8B5009208F5AC73EB149FFF3508E21C2201E0338BE07E50EB47E7FF6D97724A601028C5519073E7978EC88834410450E074DD58AD13A4900103A6444A9CB99103229F0EF8C0C78161EBC68137240734CDCFC349807851E0EB46CE864D2E405ED341B71A390CF2DE20CF5193189E1901E866D0
310
230409684B193D17E2928534D04240937D3C84477494FC5E0FE0B448E35AFC19007926C1C6A6E622FDB8A12E30993C6710E070397C4B26304C0AE38218D19F01FFB15BAE1C0E7E74DF75F2406E373C414E848FF8E500EFAF3C1029C9C0ADAB2313A7426CA9B2C1B9E30032C84EF31A09A88A386F136E8C2F1D582EA0459207
310
015F10F1F001F0B1B7DF7222011EA2001F00BFD36BAEE0850928B08C077030FE3806C880EAA74BCE0863A952812E6008B3A89199C1EE918AF96AF583F1A073B0A355B9D861AF1460DCFB3BFC6B7EFDC834B09700CBED3510E48DC7129041C991F06BA5006CA6B5B34EE21501374E8DFC910042036111EC9C7CFA1C05D48A72
310
70F7F835BF04A4194DA4CF76CEC66718C84CD020D04C412AC848F03E3C61A1C8D50D0EA6838A00376054D3DF61A0E393E1F8B058A6C994093476D601A4A06F0CFD3C0A6BFA910E75CC10400A80FDA93AC9B5EA4303F6C0D188B559086091CC5910137772E14F2376D03181B5CFE74C0EA38440D0AC256D6C4D104CE05302FC
310
C00B60B9CD4D71E08BD40C144A025E60D4C1F45FE846A2105D717EEA84808A5DD90A168E133640311CF05DD870768683F5D2F1800F485AEBE5CABD8FFA3C0BEB33702493AEB551B1EB035EF5C8E5757FA7832141F88E8578A363802B560007AF93D7D470B478C4D00B412D634C9140C4F9275C00DCE8DFE3C7F8C0AFBC5B2C
310
E82E3C3BDF393D4375D50C43CD1C17E3777CD2C170725B7B42B41DF15BFC344DAD089C1E9118522B4A2C60B794E4E8F33081BB7C8CFCEEA0B2015E49D586429C6C78646180B7710E06018A3082243C275F077FBE412C17DE80D3E6B9462C5204C5D980D1DF84A864401C483CD01B143F4A4868087A0F780F37230200A4FBF6
310
AED325114C367C22512750A5C7C3E32D545CE20A0904183BA10015DCAD89864B3E1EE97EBAE8B204266A48E010511838E2FE413FB116E60880C2D8440AC3880DDA6DF6618C138CF1CB2A09637E18D00F80CB0DC05322E31EADB8081C29410903F06BFCDF5AB46024E4A75828056440503C707856EF0C037623DD4922A400E8
310
A6BD75E4D2800905F18450A00CEE88860C8964C7B3F90F56528BA18F71CFBBBCD2D05797E168FC37DB26DBE0DD2EAEF39686C18440820013C1444055402A541400DD362A0A402F1FE51246404E098249FEE30708C10CA0B54601053159480C00BAA9B1223A773234FE72FD5C3BD81804D8D196FE3D5315A0C981D88D04FA01
310
DFC185CA93F9120E1F480B08063364A0A318F08DF95056E4C91F1150D31B011200383502E079EE43CC18603AE2F88FD139C802A739F208E88D06DC78267C448C27C4113C19B0F51B0E9C1C021CF8F9167C6B1F2E10E461002910105D1042792D1CA303F469714C018C23D72179E165049C40E801CB96CF334562E5807291D1
310
E0C70FE6CAD91656715F0E5C5E70F8D7F83290549B1BAA6F781D25180EBCA93EC84E72A74081CE3020789B3790E1A9E478E658C099BECFF01E530E80EC5FE31204ACFF70AF8177A03059240CD074978A002A878BF883FEEC81DD684E406CA630ACFDE87292822A11953710F000885D6F68A67ED40CD772B0828359B753F7CE
310
23D9479AB9845771B389D6A77130F8C134EFC83947392029B10E4425440A84AF0E54825228FC1634D369874739C837A9DDC83C20D320C36042610ECDFA750303710224D01202488012CA847424F8D53F78AB6BECE9B3B35A7F32396AC6B7444566327DBB4DF06FD9616744F4D3A397EB3B0A3FBA8D763702883ED742FE5CD2
310
4146D8E353ACCF811C806AE09914D8446E93840FF4D6C963FF32BFB6AB015D1D3B0C9A0968776F021F21404B6260CF84A14F35180CE20B5E85BDA2EC91FD5A7DBA7E5705F4F0F97AF26CE18E3BA078138202400A62930FA6CC7882F911A92F33E547E64990B0F27323D73B6222863F86425153FA8009361C675554C25382CE
310
148420C8DCC47A20122806CA178A0918C14CBD33440289078A00EC6070184CA9907FD0A1270478E0B325B67C2193694EDB7DD0F3C238447C8A11485562FB4902134E6AC952FD5320A4F7C780882DA9684285CD81D278C0E8FF8DEC9F45D22DC3C2CA99C2728110888799575B6834BF22B0F01EDE72D7F21B672C40F0A97299
310
9E2200B7C91403F9BB3D09C01990819238CBAE5E7510D7D57450507E3DB04AAA0A3C280064E0775380C8C16EEA4834346A04BF0CE847B4B3AF760D06D24BBB267C32E2C9257DE5EB748AD101AF1FD33265E2B674EED8C01A0AC901392211011AC810560F77778E85B13BAFE3E25C95B70919A4862C15928BD8989664AD8638
310
101D009A80F00BDC41AF27602A4BDA0C077E550048E7F1011410F01405045E1C140B4D0E70E0F6E034171C3D6FD12004FCC1FA304312518910356628A4A326EC9ADF5DFFD1B2C0399503F14B4F8E3E0E4E39A06ABCB56A8014687E86E462BDDE5124615ECDB412B7314F62E6E0C76ADEC0F717B360E741960104CF1706CFA1
310
8E0605004B01AE007869B095ED92144A807841EFF2811C047889A04901C809062057192688C92346F97F279449F89B113500BAD282D1DA80A55C27EFFE02C8D4F395003F285B617BBF0831F49B055342DDDD414378E8888E92C16789F269A27C9A221FAA4A0DFDDB9F935B2ECC04DC51481558A69301E0460B02665AC4DD30
310
C03D480866C3409400051811876014C0F294C542821AB045011A3E3F09001FF304E3A0BED05CC11A811B865001769507FC01ADC611F400CF68C7B093606E30F3C7E0F00C1D10C31951C1E2D7252181DA00345842A19130715C736EC9ECE686A712FDB31E4D3E50AB336E5666D7B212C0113C4A4406029709B43D0228F3FBAF
310
49921B19CA0C82A2D5BC4A2079809240F37D3E10F9637607C3983F0458508A98B8B4EFC92AC13530180CF55359500080061DF59B98BB3FEACEE881DC8127F182A885A86FB12B43C590A4380504E32305E3148BBEEB2D2782029765428092545BA5C2C681FC5F8E869C0EE1034A822FF09A12C94084505AA868080303473F81
310
61F7AA0A6610745E280BE4427FB770106F8800EADABA19F453210435BDB2348471B13B65F2FCB554827632C4C44467333E4127095D22092ED492009930413251B5408345065065E415266E20279A40B3F520370BE2050C8360E6BB4601C1673B9BFE007EF5200B6483CD195400A783E6DEA0653515B0FCE8E86D1618FC1EFC
310
15C2E727F24F2A2DAB57326D8D0877D4E298894E7A0C3C7D9CE8A0E2D17AA2020FA1097D6372F2A9F955060FDD467AD0426368C24A8340FD0D6687A76316DEF5179ED9042005A2BF02A5DD810A4DEFA4A8F700EFC50FF4FB8C06410F0303C106ADF8852ACC6A2CA9046E9ED070739339857222CC009E206479886EA26227BF
310
7A341A15C351A8404A6C10080A2140FA4B4E8D9B9A11645899332363FD69887F436A660566964250FD752E787B64BCF8E6C8190DF8EA0C854C062D8A5A1346F810414313E606ECA0AC3A01D6928544029D5F42E202C0CB386F880F7842A31287061F32F3CBE09F2950783394F2F2B23D85386C6F51943E99DD10C8A0000BA9
310
569A14805693274BD0E4F4DC3F28E331EEA91C4F33ABE057889BFB92819187840A08E57A276A8BFCB75B0342668C70C565C8059996D209C2800941A21FB82B2F520BC2E6FE6F1A8827043DE17000DACC8193E78BBB8DF1467978C06F6AFE986123E3A95272CAC122046F4C65C4B88FED2F1CD1D918F7CDBF8903BF1A90057D
310
42F4DC133AF804ACBB58446A0DB78806FC053FA1E45D0AF1112613CC0DD976C5E70AD3282F42725C0D02AC8588DE451B1C01ABF063E7748A3882F0DD484BB78D037F9812240EB88B6034C0AD53E5116D4C6D920C6A89F084E6D0598AD7EB6930CC7B293E27A666E5CDFE9A3FA52FEB3C97976FDAAE9A60008FCA6B33099CF9
310
880D35D419FC687D424378E3099441E110C5B3C6DC311E6653514A67A530D863326C4D8430E0C28024803B5B069B0E60C10EDB6DF087034171DF01F1F3404B27B1056D8C0E56E7CA6056E7798147BE4C2F01CED5987E413AC6A724876DE3F599E0601CE7B9CEF3BEB3671E12DCE8AF9631B8031D3F360B6955DC2342B2A0E4
310
632A00264C0DA002220CFEC3E10D9BADC8904D88DC51928593AA16C91DF6FFF82B3234404C7214D0F8608E0052283EFB2B0563F1D072936C4017706010BCF1B16CDE0C1FA9C777E44E1F5259B0C9BBC8794A82A6C182A3AF56B16921405351FDDC91B5BAAA617860E8D76C97C377FE701A4EB4378FA97C2C8E3CC8950886C6
310
FD93AF70A1F5F676B7ED16CBC56AF5D09110EEB8607CC08A795882358280DDB98AFFE7087C6EB593D62F041CDB4018935238E73F1098100D0C8769818F777057F64C703C6530E142FDF5C837AE1CF66C94C4887D3A3726AB990DEA248F73B5D32C8E04F6714B1E67C53FC52040252E605B322407CBF8C7F05453462A295ABF
310
4D95592DDD76AC23512E9A2DF964715C80DD752CA8E263AC36F02C3C28A133EB22AC8D099BDEFDE28C3E8FFEE3815D5D00C17C00511058354D62443C1A546280E43572A9C661A34FA5891F8E7570608C8DF21DF51DF9D2A84D4501F41B8CD4F4C9DEB2F901E810C0E4CEB6EC08DFB06341C864CF8D0EEE779A606545E1E64A
310
AF30A4324C20FDD3BD558BD966BA994FA915CD162B1978642AD01694E533EC190368A68234657085B5F88E27A0805E04B8BB6A00A51646EE3C10A50FF007FF410F1963CA69BE2002F0F902E701AEC995FD41F83A3F0C3809A3288A083003A6CC2A20E6D703EE48E3777AC07ADD51EB6101603A9FCF17B3D5928F6D742EE7E4
310
CF38AE2B03C5FB39C81D7B2978FAFE85AF3D2710B0582C970F0FEB0E4D1103B8BE2B4D560CA10002FC8F334C891C07B44FE06B2E3ACE5E1E2D1FC32203110ABF9CA0E8381F68EC3C06701328E5A38278A5FCD944CEA5283DA933DF2A2448BD23F1C5D8BE04CC2DC3B43B3EEC29F8B5FF926D11D3E97EBF7FA1BD1E5E5F5FE6
310
D3D972F548547783146ECD84873F377C5820F7F9FCE5E07378D6CBCB7E036DF7F7104079A05B77C6942D1BA95D47424BFC3DB6411009A42E207871B7EE9B06614BBD20F22F7523FB985F3F7068E37600273A3ED0C1CCC380F6EC4AF01CC1CF95E4848B7BF950AD14C44F10460221E02D21D01DAE800F323704C00035DFE97C
310
B37F797D3D1C0E4FBF35EE1E5E9E0E879FBF3DF6F474780A01FB3DAF01FE0C0798218007C2090A3008BA7682A338F4A8804A06CBFE6A80CEC766F49853F15B2F45FCEA3F8250012841315016E75E797EFEEC4ACA6C79F515CF1738F7C36E2406071051043817C9E8C5888D49D0332E800062FF54FA562BF7446CC0BFDFBF86
310
03D1FEFCC9F7FFB5A7F000430755C2D3F72F2D02A022820897ABDD44594475BDCCA4A10AF34C06B08B4AB58BBFAE30999DC66C7CE903A83CF8EB006EEEAA063430F84B05F0ECF644825F5E95073870E72A0771AB89B080022A0C5A9FAF34C89286257FB7BEA000EC65B59750C68E0815B0D9834B15606328F80709DE09018A
310
C2A7817F83F96DB3D562C10A0A31300230CD4200B87F85808BAF64D04600254047F9C14DE93464009E7F5AABB4FDD6D55142A2C0BF1541FCE19C20C899BF4F76AB54B84CB97F88F48ECC029FD253F0C70DF4816B9AC94BCBD653B1A283C4001A0337955E4AFED3FB790B6B1F5EA0B5514074103A38D84280EE0F5F9BE974EA
310
B2D16AB1EA969684B6E4166CA28264B300474C7308D20013B204A65F82970718D05678B3315D442E1C0A327E2F56556040C005D2FAB1326A68A07507C9E46A3648555A7080F5F50219A00E6222E3E0862CE95B5680930530742F1D041805E69B788161F015944D041182B861A2C17F3AF01CF5BFDF6C343F9171F5B004BF59
310
C016719164B888EA206A02AD05E8464D06B48E4381A0E9345FD171625AC22198F57C003BEA5510F81FF78D31C9B033D0030000000049454E44AE426082504B03041400060808005287285851464CB48900000043010000360000006662782F41464544353744302D394137442D343441342D384344452D4431343432373133
310
313436382F6469726563746F72792E786D6C9D8F310EC2300C45AF127987122606C71DD918B841D4B851A43646695A717C52A85029031293A5A76FBF6FACEF7DA7264E43906840EF0FA03836E242F406C6DCEE4EA06AC22492573150D1F66C60C640E8938CB705396EEDD86DE9B5042FE27813D640EA63BB001C722AF6E55C
310
B61E4863F58284D5D3F53DD715CE1C3985E63FD7F1B7EBDD617E9F1E504B030414000608080052872858A54CB6A83F070000541C0000340000006662782F41464544353744302D394137442D343441342D384344452D4431343432373133313436382F6F626A656374732E786D6CDD596D6FDB3610FE2B84F665FBA0375B76
310
EC4271E1D8496114698B1A1DF64DA0654AE1A2375052E2ECD7EF4891B2A4C8B6D2B540B104481C863ADE3D77F7DCF1E4BE3FC4117A222CA76972ADD986A52192F8E99E26E1B55616813ED3D0FB0572599A168D7D1A4A704CAE35BEAC2DDC90A5652697F624C065D45DBDBBF90BE53E498886FC08E7F9B596FB0F24C6062E8B
310
744FF247638F0B6C84C1C1B08D6A635B6CC870F6D0392AC38C2405A80AEB0948911AD8ED3FC12473E19A7C436BDB68D8B6F1996DA630BCAD284DF20227FE2BAD3A7246C3B41ADBCEFA763499EB13C719EBCE7464EB3777376BDDBE1A5BABE96A355FDECE35B47077691AD50EC848B2072FBE680BDB35F97F6AF3250A7D7AFB
310
6992105FA2D9B7614FA45C4AF22E262D606D615AC32195AD8D85F140E34F6C1B044A4BA516DACA38F5BB19BDE9EE6F00211F12A52C273CCAF38281AF25F6553E58AE59ADB6FC427314E382308A2314D11DC30C1C045B2B07B5C4F06CE1A210C74C7851C96BEA0A817D3997FAB40CCA28E2F9AB2D44A679908FA4C88566F41F
310
C28EDA374F039DC0DA9226C54C1A5BBC642062EE9A62B1FADF7824FF590189820887102D6026DF341E75F05A712ED8ACB5C5C7BBDD61CBF9A1FFF08CA51961058F3C91CC32EF94071BA105C13700940AD7B6EF8EA87C05E83F01F2B52EC805CF317A700E8EB29DE1240F521683779085740B7E58887F7CF5C935EB871708B5
310
B8F214A690B63F08D39619ADB31B902EDC2708FA948DA5715B1F4710D3F734E1790E8182A2149680EF83DD415B6C804C61119EC211580FDFAEC93F22F855C901BEE978A88F7E07384A254C37CF8EBEFA0031C3A85FBBAA65E3297C273F04DFE57AFB715BB200FBE45E26F69A0434A10514D37E855AA0B752FEDBE693C8C857
310
F6B476F9704E9872E2E8F1CB56FA0509C7802ABC0E57AE112BF714D23D8A7042D23297EB7D44E5A751CABCDD8B57E570EF597FAA20A80E83FCE611D04B6650DD7D46330E8AB690E6D54C681C71E23C280330AC9CEAEDB0FFC8E1F57C60ACEFD103A216B3AED032CE3C1CA765C2E9FB7578774D33C696F8B2EDF9C89A8F66F3
310
C944063CE82E0E50F9A3C8A1569F9F14E3ECC431AB96BF246F2820AB4C72802FFB6CF0A16B2A0B2FCDB04F8BFE68E8983150E53D0D8232075AEF05A6A3B131B6271536EAE76884AC37ACD64A9DB7562AE5D11887C40B30AF89BDFAB500AD852B27F5221946699ED384E4A2A779C5751D142D03A8A38A7425B5276C69EEC5A4
310
C0DF13B1A2487602969120F2A0FB2A78FF7B395E9582B2DE9E92C87BBD34F184FD2F5E8EE32CAAFABA4B18D8A3CE09BDB872A5F9114F109F1E2E3C6B4F449B7E497ACD240ADF41D2E7DF2DFE043C0CFF7478D411149A75A8AA973D6B1B137BCEBF664043D3893D9E5ED5AEB884963AACE07D4B5442A7E5BF78CF84860FC348
310
50B9FCEC393989028F4651197B550D29480C6D1B2E4A362863A7C026DD8324337452A27152402368AA07D3ACE85754C702878986E514CD368E01A36802F7BA4186BCB2A23788852FC41D965FD52EFBFFED52FF336336EF368FE4E53965FB5E4DDBAD87EADA5493C10953D6C4DABD42F2C26DA65F2C2E3B9771709410C970D5
310
CD424608234F940F33C4ADA9F7CE913FE3C2072ADD8ADFFA0D64C49EEC8F7D484B9C1C8D680B38544953BD6DF3760474C70B48AB59DB704A8D61428139D3DEF30FD1570CAE866E313765276456EB1B5EDA0C18C61CF53823EBF3876D470AAC0C7EFA0BC7883C7724C8D5156FFECE88FAB639F6B81D09D2A26F9B338F170F65
310
BC4B30E5B5918705DE67EFDE8BFBE7B509970B737977BB9E5CAD2D7DBEBC5AEB8EB374F4D96A7DABAF6DC7195DD970F39FCE4C46F2B4643EC9CD916979AADBCA9250054605DD905B084C222E5F17553C771DFC3FBE8544E90E9F8AC55FF51252377CBC25EBE4E2D04B482F51EFDE7663B05F11757F117B53AF5DCD1754809F
310
2F5B4046AADE0F6F2E946855E1FB756E54C43716DE93F79B9F5E635A84DE5B1F5A3BFA28BFCDC530AFEAA952EA462C78ED0A586B3C9F4F756B3A5FEA8E7D3BD1E7D6D50DFC399B8D6F978EB3B2A735E2B2160EAD2BBF04872A651BA3379820E7694461904FF6282429DC81605231805F594C7271B78106409671F51661C0D3
310
4FD51CB6C0BB483DED3F60186647B222973E0C52E1DE71ADC975F41B8C4EF9F4520CB48C47283C32DA3554327AAD41081414EA8BB183119818380AE99D1127B80D2721BF35554FD57F1F1FE3E840AC1CEDAAF70CC1455AD68A4E182764E2DD02B09D6A48BEDF74A50EC2057CDC95456DCC71E1688D0441BD44A88C8349E1A3
310
84F700C473DE2EDB107B5A900C9AE69F8D834AAA5E60168A917C03EFE5FA8BC9A7E99BCF288BCA90BBF35CBD6F49D2799F1195D5E0CA85C090666698DFC457EFCC2F2C85D75231BAA31004E8F7C36CFA87B94AE3384DAA2573295F6EA1ED03BCAADA9B6A4C088D8B351A9BA2EF91AF0260D6951303EFF3475800D732CAE7A9
310
15C4AD00A8E9A91100CA23DC17F0586BFF668D641168B4B0CDD695C323DE03204824FEFE87A74D7343636809B9005A55B3DDFA835A704D0683F3C5BF504B030414000608080052872858488105B4E2000000550100003C0000006662782F41464544353744302D394137442D343441342D384344452D443134343237313331
310
3436382F7265736F75726365732F322F636E782E786D6C4D90CD6EC32010845F0521F568C0EE9F1561F2123DF51251D850149BB5F88992B72FA454EA6957339F56B3238FB76D255788C96358E8C80425100C5A1FDC424B3E0F332547252362FE875112F4060B6D3255D2452C7B972C9C75599BBAFA70E9A238390810BD39ED
310
C15162569DD24293F9864D335D325A48176675D66C6411129668A09EC87E837EC244D0192C5593985E06310E62FE18DF0EAFF3E1F9FD53F2462AF985B876DE870C11F7A74918AC6BA88984E40D50B244DFA9F64635FEE2B11A4FF26A2B9972AC1D742CDFF78AF94D3BE00FE4D75592B727EB783450672B44FD00504B030414
310
000608080052872858FF15A4A45D000000800000003A0000006662782F41464544353744302D394137442D343441342D384344452D4431343432373133313436382F7265736F75726365732F636E782E786D6C4D8B3B0E80201005AF42B6F75B59F0390B113044D83508C6E30BC6C26AF226F3B8BA6360974DA7271430F523
310
308B2B198F9B80925DB700539227A2FCCB80A18E5640D320F996A81C9F32D6E9129A0D1EF74FCE750E6D57BC7165FBCA07504B03041400060808005287285845BA44944301000056050000300000006662782F41464544353744302D394137442D343441342D384344452D4431343432373133313436382F636E782E786D6C
310
CD944D6EC3201085AF62217569B0D3BF28C244EAA227E8A2EA0EE3894B83C182A16A6E5F489DA45515B58B48C90E0D1FD27B338FE1CB8FC114EFE08376B62135AD480156B94EDBBE211157E59C144BC1BD73F80D2385950334249789E0BD77719C4A1DAC6434B96AB45D4F4589E8751B1102299491213424A857182495115D
310
07614D3B8992D6D44370D12B48EF510F30BD571E244247C4AC9ADD94555D56F3A7FA6E713B5F5CDFBF709649C15BE7CCC46B8BE0DD7835AB944B479BE4549C6540F0E8F544650F441CB4D1565BCED2BDE021E9B5FDC4E166CCDC381AAD24A64631A710B04C10C881B32F5870961DFFF0FDF8F07CD0904E9DF6A0D0F9CDD9DA
310
501F6BC35E1A4D89F85F17B6E05FE65DFB962C9F6FEE470D4FC24E667797DC90A2FB3B09294FD2F6E6123FC05EDAE9F39F160B6A7589A677CA4EE4996D57601A7CDE88E213504B030414000608080052872858E54DEF167E000000A30000000B0000006662782F636E782E786D6C4D8CD10AC22018465F45FE7B6BD65F1AA8
310
4372BDC7686E8C9C86CDE8F1D3D845571F1CBE7364FB593C79BBF49A6350C0760D1017EE7198C3A420AF2315405A2D538CEBDF0D48E817A7A062D0724A313F3734B8B1CFBE523F87C706CDADB3276E1B7A31DC524483545C6D472D433C7076647816C5D857A5CCAF57B6E6F517504B030414000608080052872858A6D79706
310
5F0000008200000007000000636E782E786D6C4DCB3B0E80201045D1AD90E9FD7516806B51190811670C8A61F982B1B0BAC9C97B72CA7B1037C6D3332918DA1E04D2CAC69353902EDB8C20262D23F3F59B81A079470595414B17391D1F19B4730A5583A7ED43BBE4025D9592775E5ADFFA01504B0304140006080800528728
310
58ECFD112DA800000026010000130000005B436F6E74656E745F54797065735D2E786D6C7D4F4B0EC22010BD0A61DF525D18634ABB506FE00510A79458060253536F2FD89D5197F3FED3F68B9BD80362B21E25DFD40D6780DADF2C1AC9671AAA3D677DD75E9E0112CB5A4C928F44E12044D22338956A1F003333F8E814E533
310
1A1194BE2B0362DB343BA13D122055543278D79E6050F344ECBC6478EDCD76CE8EABAE5449AE4298AC56946789C28AAFBEABC53F3EAF09A84A1441B91F0101CD4780756578C173A578FFDDBD00504B0304140006080800528728583DEE336E64000000790000001B0000006175746F6465736B2D64657369676E2D7061636B
310
6167652E786D6C35CBC10E83200C00D05F21DCA56CA76D41FC96062B120735B69A7DBE268BB7777961F8D5AF396893C2ADB70FE7ADA196782C2DF776D7A97B5933C430F15651E5469C55D70F80A4992A3ADC954792C525AE70A1E4D6AD9816CC044FEFDF01FE3FDE907802504B030414000608080052872858642A0B15F200
310
00008E0100003D0000006662782F41464544353744302D394137442D343441342D384344452D4431343432373133313436382F7265736F75726365732F322F636F72652E786D6C8550CB6EC32010FC156BEFD8C6A6098A3091E3AA5FD0536F0888831283C5A3EAE71762576A4F3DED6A76667677D8F96B79549FDA07E3EC00
310
B86EA1D2563A65EC3C408A5744A13A73E69D8BBF685059B1E8010A0C9CCDDEA57587A4B351DB825AA7F40E8A1074844A3E7233409037BD885AA49819E15EAF42DEC5AC6B5C6F3CCE52326A971A95DDCCD5680FBC9D28C5FD7440A427232223A1687CBB8CE842A6F198BBE9F04A5853C49C45B3FC6C975E8BA815F0AEED086A
310
316AE93B3E9C5EE8A93F7EB0A630390BD1E79FF7A5E5BB4C67CD86FE714BABFADF2D191BFB6E77DB140138CEC73D079C35259D5C9ED1E55A92E4DF504B030414000608080052872858792B1C59F7000000960100003B0000006662782F41464544353744302D394137442D343441342D384344452D44313434323731333134
310
36382F7265736F75726365732F636F72652E786D6C8550496EC3300CFC8AC1BBBCAA8910C80A1C177D414FBD0932E3088925434BD1E7578A5DA03DF54462383324879FBF9647F189CE6B6B7A68CA1A0A34CA4EDACC3DC470250C8AB3E0CEDAF08B0685910BF69061107C7636AE3BA4AC0968326AEC843B28BDC700857AA4A6
310
07AF6EB8C852C69018FE5EAE52DDE58C65536E3CC163D4D32ED55372D3578D0E443D32D674E381D08E0E840E9491E1ED32900B1D8763EAC6C32BE555160B1EF4F2B35D39940127106DDD525237A466EFCDE1F4C24EDDF183579929B80F2EFDBC2FCDDF8170E86D740A3DAFB6E91FD7B84EFFBB466D42D7EEAE9BC28368D291
310
CF81E0554E29956784A9E644C537504B0304140006080800528728586AFAB903F2000000B1010000310000006662782F41464544353744302D394137442D343441342D384344452D4431343432373133313436382F636F72652E786D6C8D50CB6EC32010FC156BEFD8C626B11B6122AB4EBFA0A7DE10101725068B47D5CF2F
310
C4AED4DE725A343BC3CC0E3D7F2FF7E24B39AFAD1900973514CA082BB5990788E18A7A28CE8C3A6BC31F1A14862F6A800C03A3B3B371DD21614D5026A3C64AB583DC7B15A010F7F418C08B4FB5F092C79018FE56AE5CDCF8AC4A5C6E3C46835E7EA5C2291E9404D6D40D41354675FF8E8FA7437F6ABB0F5A6526A3316AB95B
310
6999DCF5552B076C7CBB4C876EAAD1CBD84D889091A0FE75BAA00913D274B8C5E4D8D32A8B19F5C1A59BF74FF275CFCA37E1BFCC71954F64D626B4CD6EB8293C309CF23C168C56B9C0341EEDA699CB663F504B0304140006080800528728581A30811452010000DD0200000C0000006662782F636F72652E786D6C8D52CB6E
310
833010FC15E4BB793741957144A8FA053DF5E618875A011B191BE5F3BBE6219A43D30A0956B3BB333B23C8E9DE77C124CC28B52A5112C628108AEB46AAB644CE5E7181821325466BFB630C058AF5A2441E4694B446BB6185B85656288F2ADD881564E3282C0A7807458946FE257A1632676162BC8503E337D68A300997394A
310
9C93CDBA2A1B609357290CA2715D1449561F709EE515CEABBCC0D5FBB9C2E7BCAE8E50D587B79C447E99122BFB4D9D1BC1AC68104DE334C77182E3E22339BCBE14AFD9F193447E9292D11AF0BC8A7A77885E2F77122DF8039F1B9ABFF99C54364B57BE6563443481F3E6062591CF073E73788F198230E467D9A5DB2CDC009A
310
04B7DAE4D069B4DB5B13EB9C00EA38981F122D5D609E097EE3499FF03CE780A0986AE13466A1BC38EBD51F6F1A84C193BD074A9B9E75FB71CB89FB7B177AB0B4AD73DD69F39FEDCDEA1666E47F4CFA0D504B030414000608080052872858DEA20BD307010000B201000008000000636F72652E786D6C8D50CB6EC32010FC15
310
C41DDBD834411126725CF50B7AEA8D1AE2A2D860F188DABF2FC4546A6F3DED6A66766776D9F9735DC05D39AFADE921AE1A089499ACD466EE610C5744213873E6AC0DBF641018B1AA1E661872363B1BB7024DD60465326AAC540514DEAB00C1B4A4A6877EFA50ABA8440C49E16FD526A69B985585AB5DC759D0EBCFE8E49408
310
4A42DE362D410D460D7DC587D3133D75C73756672567316A59ACB44CEEFAAA9583BC1929C5DD7840A423032203A16878B90CE842C6E198BAF1F04C589D8739F3C1A59BCB929433002FEED997D53BC5D9BBB54B11A4501258B37C25135667E24FE8B8C97F84D626746D59B84F78C8710AF4209271FE602A8FF7A69ABFCDBF01
310
504B01021400140006080800528728580000000000000000000000003700000000000000000000000000000000006662782F41464544353744302D394137442D343441342D384344452D4431343432373133313436382F617474726962757465732E62696E504B010214001400060808005287285800000000000000000000
310
00003500000000000000000000000000550000006662782F41464544353744302D394137442D343441342D384344452D4431343432373133313436382F76657274696365732E62696E504B0102140014000608080052872858F270F13306000000040000003600000000000000000000000000A80000006662782F41464544
310
353744302D394137442D343441342D384344452D4431343432373133313436382F747269616E676C65732E62696E504B0102140014000608080052872858B5A795FFE3790000DE7900004200000000000000000000000000020100006662782F41464544353744302D394137442D343441342D384344452D44313434323731
310
33313436382F7265736F75726365732F322F305F67656E657269632E706E67504B010214001400060808005287285851464CB489000000430100003600000000000000000000000000457B00006662782F41464544353744302D394137442D343441342D384344452D4431343432373133313436382F6469726563746F7279
310
2E786D6C504B0102140014000608080052872858A54CB6A83F070000541C00003400000000000000000000000000227C00006662782F41464544353744302D394137442D343441342D384344452D4431343432373133313436382F6F626A656374732E786D6C504B0102140014000608080052872858488105B4E200000055
310
0100003C00000000000000000000000000B38300006662782F41464544353744302D394137442D343441342D384344452D4431343432373133313436382F7265736F75726365732F322F636E782E786D6C504B0102140014000608080052872858FF15A4A45D000000800000003A00000000000000000000000000EF840000
310
6662782F41464544353744302D394137442D343441342D384344452D4431343432373133313436382F7265736F75726365732F636E782E786D6C504B010214001400060808005287285845BA449443010000560500003000000000000000000000000000A48500006662782F41464544353744302D394137442D343441342D
310
384344452D4431343432373133313436382F636E782E786D6C504B0102140014000608080052872858E54DEF167E000000A30000000B00000000000000000000000000358700006662782F636E782E786D6C504B0102140014000608080052872858A6D797065F000000820000000700000000000000000000000000DC8700
310
00636E782E786D6C504B0102140014000608080052872858ECFD112DA8000000260100001300000000000000000000000000608800005B436F6E74656E745F54797065735D2E786D6C504B01021400140006080800528728583DEE336E64000000790000001B00000000000000000000000000398900006175746F6465736B
310
2D64657369676E2D7061636B6167652E786D6C504B0102140014000608080052872858642A0B15F20000008E0100003D00000000000000000000000000D68900006662782F41464544353744302D394137442D343441342D384344452D4431343432373133313436382F7265736F75726365732F322F636F72652E786D6C50
310
4B0102140014000608080052872858792B1C59F7000000960100003B00000000000000000000000000238B00006662782F41464544353744302D394137442D343441342D384344452D4431343432373133313436382F7265736F75726365732F636F72652E786D6C504B01021400140006080800528728586AFAB903F20000
310
00B10100003100000000000000000000000000738C00006662782F41464544353744302D394137442D343441342D384344452D4431343432373133313436382F636F72652E786D6C504B01021400140006080800528728581A30811452010000DD0200000C00000000000000000000000000B48D00006662782F636F72652E
310
786D6C504B0102140014000608080052872858DEA20BD307010000B20100000800000000000000000000000000308F0000636F72652E786D6C504B050600000000120012002D0600005D9000000000
  0
CELLSTYLEMAP
  5
584
102
{ACAD_REACTORS
330
560
102
}
330
560
100
AcDbCellStyleMap
 90
        3
300
CELLSTYLE
  1
TABLEFORMAT_BEGIN
 90
        5
170
     1
 91
        0
 92
    32768
 62
   257
 93
        1
300
CONTENTFORMAT
  1
CONTENTFORMAT_BEGIN
 90
        0
 91
        0
 92
        4
 93
        0
300

 40
0.0
140
1.0
 94
        5
 62
     0
340
538
144
0.25
309
CONTENTFORMAT_END
171
     1
301
MARGIN
  1
CELLMARGIN_BEGIN
 40
0.06
 40
0.06
 40
0.06
 40
0.06
 40
0.18
 40
0.18
309
CELLMARGIN_END
 94
        6
 95
        1
302
GRIDFORMAT
  1
GRIDFORMAT_BEGIN
 90
        0
 91
        1
 62
     0
 92
       -2
340
53B
 93
        0
 40
0.045
309
GRIDFORMAT_END
 95
        2
302
GRIDFORMAT
  1
GRIDFORMAT_BEGIN
 90
        0
 91
        1
 62
     0
 92
       -2
340
53B
 93
        0
 40
0.045
309
GRIDFORMAT_END
 95
        4
302
GRIDFORMAT
  1
GRIDFORMAT_BEGIN
 90
        0
 91
        1
 62
     0
 92
       -2
340
53B
 93
        0
 40
0.045
309
GRIDFORMAT_END
 95
        8
302
GRIDFORMAT
  1
GRIDFORMAT_BEGIN
 90
        0
 91
        1
 62
     0
 92
       -2
340
53B
 93
        0
 40
0.045
309
GRIDFORMAT_END
 95
       16
302
GRIDFORMAT
  1
GRIDFORMAT_BEGIN
 90
        0
 91
        1
 62
     0
 92
       -2
340
53B
 93
        0
 40
0.045
309
GRIDFORMAT_END
 95
       32
302
GRIDFORMAT
  1
GRIDFORMAT_BEGIN
 90
        0
 91
        1
 62
     0
 92
       -2
340
53B
 93
        0
 40
0.045
309
GRIDFORMAT_END
309
TABLEFORMAT_END
  1
CELLSTYLE_BEGIN
 90
        1
 91
        1
300
_TITLE
309
CELLSTYLE_END
300
CELLSTYLE
  1
TABLEFORMAT_BEGIN
 90
        5
170
     1
 91
        0
 92
        0
 62
   257
 93
        1
300
CONTENTFORMAT
  1
CONTENTFORMAT_BEGIN
 90
        0
 91
        0
 92
        4
 93
        0
300

 40
0.0
140
1.0
 94
        5
 62
     0
340
538
144
0.18
309
CONTENTFORMAT_END
171
     1
301
MARGIN
  1
CELLMARGIN_BEGIN
 40
0.06
 40
0.06
 40
0.06
 40
0.06
 40
0.18
 40
0.18
309
CELLMARGIN_END
 94
        6
 95
        1
302
GRIDFORMAT
  1
GRIDFORMAT_BEGIN
 90
        0
 91
        1
 62
     0
 92
       -2
340
53B
 93
        0
 40
0.045
309
GRIDFORMAT_END
 95
        2
302
GRIDFORMAT
  1
GRIDFORMAT_BEGIN
 90
        0
 91
        1
 62
     0
 92
       -2
340
53B
 93
        0
 40
0.045
309
GRIDFORMAT_END
 95
        4
302
GRIDFORMAT
  1
GRIDFORMAT_BEGIN
 90
        0
 91
        1
 62
     0
 92
       -2
340
53B
 93
        0
 40
0.045
309
GRIDFORMAT_END
 95
        8
302
GRIDFORMAT
  1
GRIDFORMAT_BEGIN
 90
        0
 91
        1
 62
     0
 92
       -2
340
53B
 93
        0
 40
0.045
309
GRIDFORMAT_END
 95
       16
302
GRIDFORMAT
  1
GRIDFORMAT_BEGIN
 90
        0
 91
        1
 62
     0
 92
       -2
340
53B
 93
        0
 40
0.045
309
GRIDFORMAT_END
 95
       32
302
GRIDFORMAT
  1
GRIDFORMAT_BEGIN
 90
        0
 91
        1
 62
     0
 92
       -2
340
53B
 93
        0
 40
0.045
309
GRIDFORMAT_END
309
TABLEFORMAT_END
  1
CELLSTYLE_BEGIN
 90
        2
 91
        1
300
_HEADER
309
CELLSTYLE_END
300
CELLSTYLE
  1
TABLEFORMAT_BEGIN
 90
        5
170
     1
 91
        0
 92
        0
 62
   257
 93
        1
300
CONTENTFORMAT
  1
CONTENTFORMAT_BEGIN
 90
        0
 91
        0
 92
        4
 93
        0
300

 40
0.0
140
1.0
 94
        2
 62
     0
340
538
144
0.18
309
CONTENTFORMAT_END
171
     1
301
MARGIN
  1
CELLMARGIN_BEGIN
 40
0.06
 40
0.06
 40
0.06
 40
0.06
 40
0.18
 40
0.18
309
CELLMARGIN_END
 94
        6
 95
        1
302
GRIDFORMAT
  1
GRIDFORMAT_BEGIN
 90
        0
 91
        1
 62
     0
 92
       -2
340
53B
 93
        0
 40
0.045
309
GRIDFORMAT_END
 95
        2
302
GRIDFORMAT
  1
GRIDFORMAT_BEGIN
 90
        0
 91
        1
 62
     0
 92
       -2
340
53B
 93
        0
 40
0.045
309
GRIDFORMAT_END
 95
        4
302
GRIDFORMAT
  1
GRIDFORMAT_BEGIN
 90
        0
 91
        1
 62
     0
 92
       -2
340
53B
 93
        0
 40
0.045
309
GRIDFORMAT_END
 95
        8
302
GRIDFORMAT
  1
GRIDFORMAT_BEGIN
 90
        0
 91
        1
 62
     0
 92
       -2
340
53B
 93
        0
 40
0.045
309
GRIDFORMAT_END
 95
       16
302
GRIDFORMAT
  1
GRIDFORMAT_BEGIN
 90
        0
 91
        1
 62
     0
 92
       -2
340
53B
 93
        0
 40
0.045
309
GRIDFORMAT_END
 95
       32
302
GRIDFORMAT
  1
GRIDFORMAT_BEGIN
 90
        0
 91
        1
 62
     0
 92
       -2
340
53B
 93
        0
 40
0.045
309
GRIDFORMAT_END
309
TABLEFORMAT_END
  1
CELLSTYLE_BEGIN
 90
        3
 91
        2
300
_DATA
309
CELLSTYLE_END
  0
ENDSEC
  0
EOF
